sample_id,label,partition
training/flip/0001_000000010,flip,fit
training/flip/0001_000000011,flip,fit
training/flip/0001_000000012,flip,fit
training/flip/0001_000000013,flip,fit
training/flip/0001_000000014,flip,fit
training/flip/0001_000000015,flip,fit
training/flip/0001_000000016,flip,fit
training/flip/0001_000000017,flip,fit
training/flip/0001_000000018,flip,fit
training/flip/0001_000000019,flip,validation
training/flip/0001_000000021,flip,fit
training/flip/0001_000000022,flip,fit
training/flip/0001_000000023,flip,fit
training/flip/0001_000000024,flip,fit
training/flip/0001_000000025,flip,fit
training/flip/0002_000000009,flip,fit
training/flip/0002_000000010,flip,fit
training/flip/0002_000000011,flip,fit
training/flip/0002_000000014,flip,fit
training/flip/0002_000000016,flip,fit
training/flip/0002_000000018,flip,fit
training/flip/0002_000000019,flip,validation
training/flip/0002_000000020,flip,fit
training/flip/0002_000000021,flip,fit
training/flip/0003_000000001,flip,fit
training/flip/0003_000000002,flip,fit
training/flip/0003_000000003,flip,fit
training/flip/0003_000000004,flip,fit
training/flip/0003_000000006,flip,fit
training/flip/0003_000000007,flip,fit
training/flip/0003_000000009,flip,validation
training/flip/0003_000000010,flip,fit
training/flip/0003_000000011,flip,validation
training/flip/0003_000000012,flip,fit
training/flip/0003_000000013,flip,fit
training/flip/0003_000000014,flip,fit
training/flip/0003_000000015,flip,fit
training/flip/0003_000000016,flip,fit
training/flip/0003_000000017,flip,validation
training/flip/0003_000000018,flip,fit
training/flip/0003_000000019,flip,fit
training/flip/0003_000000020,flip,fit
training/flip/0003_000000021,flip,fit
training/flip/0003_000000023,flip,validation
training/flip/0003_000000024,flip,fit
training/flip/0003_000000026,flip,fit
training/flip/0004_000000005,flip,fit
training/flip/0004_000000007,flip,fit
training/flip/0004_000000008,flip,fit
training/flip/0004_000000009,flip,fit
training/flip/0004_000000010,flip,fit
training/flip/0004_000000011,flip,fit
training/flip/0004_000000012,flip,fit
training/flip/0004_000000015,flip,fit
training/flip/0004_000000016,flip,fit
training/flip/0004_000000017,flip,fit
training/flip/0004_000000018,flip,fit
training/flip/0004_000000019,flip,fit
training/flip/0004_000000020,flip,validation
training/flip/0004_000000021,flip,fit
training/flip/0004_000000022,flip,fit
training/flip/0004_000000023,flip,fit
training/flip/0004_000000024,flip,fit
training/flip/0004_000000025,flip,fit
training/flip/0004_000000026,flip,fit
training/flip/0004_000000028,flip,fit
training/flip/0005_000000001,flip,fit
training/flip/0005_000000002,flip,fit
training/flip/0005_000000004,flip,fit
training/flip/0005_000000005,flip,fit
training/flip/0005_000000006,flip,fit
training/flip/0005_000000007,flip,fit
training/flip/0005_000000009,flip,fit
training/flip/0005_000000010,flip,fit
training/flip/0005_000000011,flip,validation
training/flip/0005_000000012,flip,fit
training/flip/0005_000000013,flip,fit
training/flip/0005_000000014,flip,fit
training/flip/0005_000000015,flip,fit
training/flip/0005_000000016,flip,fit
training/flip/0005_000000017,flip,fit
training/flip/0005_000000019,flip,validation
training/flip/0005_000000020,flip,fit
training/flip/0005_000000021,flip,fit
training/flip/0005_000000022,flip,fit
training/flip/0005_000000024,flip,fit
training/flip/0005_000000025,flip,fit
training/flip/0005_000000026,flip,fit
training/flip/0005_000000027,flip,fit
training/flip/0005_000000029,flip,fit
training/flip/0005_000000030,flip,fit
training/flip/0006_000000002,flip,fit
training/flip/0006_000000003,flip,fit
training/flip/0006_000000004,flip,fit
training/flip/0006_000000005,flip,fit
training/flip/0006_000000007,flip,fit
training/flip/0006_000000009,flip,fit
training/flip/0006_000000010,flip,fit
training/flip/0006_000000011,flip,fit
training/flip/0006_000000013,flip,fit
training/flip/0006_000000014,flip,fit
training/flip/0006_000000015,flip,validation
training/flip/0006_000000016,flip,fit
training/flip/0006_000000017,flip,fit
training/flip/0006_000000018,flip,fit
training/flip/0006_000000019,flip,fit
training/flip/0006_000000020,flip,fit
training/flip/0006_000000023,flip,fit
training/flip/0006_000000026,flip,fit
training/flip/0006_000000027,flip,fit
training/flip/0006_000000028,flip,fit
training/flip/0006_000000029,flip,fit
training/flip/0007_000000005,flip,fit
training/flip/0007_000000006,flip,fit
training/flip/0007_000000007,flip,fit
training/flip/0007_000000009,flip,fit
training/flip/0007_000000010,flip,fit
training/flip/0007_000000011,flip,fit
training/flip/0007_000000012,flip,validation
training/flip/0007_000000013,flip,fit
training/flip/0007_000000014,flip,fit
training/flip/0007_000000015,flip,fit
training/flip/0007_000000016,flip,fit
training/flip/0007_000000017,flip,fit
training/flip/0007_000000019,flip,fit
training/flip/0007_000000020,flip,fit
training/flip/0007_000000021,flip,validation
training/flip/0007_000000022,flip,fit
training/flip/0007_000000023,flip,validation
training/flip/0007_000000025,flip,fit
training/flip/0007_000000026,flip,fit
training/flip/0007_000000027,flip,fit
training/flip/0007_000000028,flip,fit
training/flip/0007_000000029,flip,fit
training/flip/0007_000000030,flip,fit
training/flip/0008_000000001,flip,fit
training/flip/0008_000000002,flip,fit
training/flip/0008_000000003,flip,validation
training/flip/0008_000000004,flip,fit
training/flip/0008_000000006,flip,fit
training/flip/0008_000000008,flip,fit
training/flip/0008_000000009,flip,validation
training/flip/0008_000000010,flip,fit
training/flip/0008_000000011,flip,fit
training/flip/0008_000000012,flip,fit
training/flip/0008_000000013,flip,fit
training/flip/0008_000000014,flip,fit
training/flip/0008_000000015,flip,fit
training/flip/0008_000000016,flip,fit
training/flip/0008_000000017,flip,fit
training/flip/0008_000000018,flip,fit
training/flip/0008_000000019,flip,validation
training/flip/0008_000000020,flip,fit
training/flip/0008_000000021,flip,fit
training/flip/0008_000000022,flip,fit
training/flip/0008_000000024,flip,fit
training/flip/0008_000000025,flip,validation
training/flip/0008_000000027,flip,fit
training/flip/0008_000000028,flip,fit
training/flip/0009_000000001,flip,fit
training/flip/0009_000000002,flip,fit
training/flip/0009_000000003,flip,validation
training/flip/0009_000000004,flip,fit
training/flip/0009_000000005,flip,fit
training/flip/0009_000000006,flip,fit
training/flip/0009_000000008,flip,fit
training/flip/0009_000000009,flip,fit
training/flip/0009_000000010,flip,fit
training/flip/0009_000000011,flip,fit
training/flip/0009_000000012,flip,fit
training/flip/0009_000000013,flip,fit
training/flip/0009_000000014,flip,fit
training/flip/0009_000000015,flip,fit
training/flip/0009_000000017,flip,fit
training/flip/0009_000000018,flip,fit
training/flip/0009_000000021,flip,fit
training/flip/0009_000000022,flip,fit
training/flip/0009_000000024,flip,fit
training/flip/0009_000000027,flip,fit
training/flip/0009_000000028,flip,fit
training/flip/0010_000000005,flip,fit
training/flip/0010_000000006,flip,fit
training/flip/0010_000000007,flip,fit
training/flip/0010_000000010,flip,fit
training/flip/0010_000000011,flip,fit
training/flip/0010_000000014,flip,fit
training/flip/0010_000000015,flip,fit
training/flip/0010_000000016,flip,validation
training/flip/0010_000000017,flip,fit
training/flip/0010_000000018,flip,fit
training/flip/0010_000000019,flip,fit
training/flip/0010_000000020,flip,fit
training/flip/0010_000000022,flip,fit
training/flip/0010_000000023,flip,fit
training/flip/0010_000000024,flip,fit
training/flip/0010_000000025,flip,fit
training/flip/0010_000000026,flip,fit
training/flip/0010_000000027,flip,fit
training/flip/0010_000000028,flip,fit
training/flip/0010_000000029,flip,fit
training/flip/0010_000000030,flip,fit
training/flip/0011_000000005,flip,fit
training/flip/0011_000000007,flip,fit
training/flip/0011_000000008,flip,fit
training/flip/0011_000000009,flip,fit
training/flip/0011_000000010,flip,fit
training/flip/0011_000000011,flip,fit
training/flip/0011_000000012,flip,fit
training/flip/0011_000000013,flip,fit
training/flip/0011_000000015,flip,fit
training/flip/0011_000000016,flip,fit
training/flip/0011_000000017,flip,fit
training/flip/0011_000000018,flip,fit
training/flip/0011_000000019,flip,fit
training/flip/0011_000000020,flip,fit
training/flip/0011_000000021,flip,fit
training/flip/0011_000000022,flip,fit
training/flip/0011_000000024,flip,fit
training/flip/0011_000000025,flip,validation
training/flip/0011_000000028,flip,fit
training/flip/0011_000000029,flip,fit
training/flip/0011_000000030,flip,fit
training/flip/0012_000000009,flip,fit
training/flip/0012_000000010,flip,validation
training/flip/0012_000000011,flip,fit
training/flip/0012_000000012,flip,fit
training/flip/0012_000000013,flip,fit
training/flip/0012_000000014,flip,validation
training/flip/0012_000000015,flip,fit
training/flip/0012_000000017,flip,fit
training/flip/0012_000000018,flip,validation
training/flip/0012_000000019,flip,fit
training/flip/0012_000000020,flip,fit
training/flip/0012_000000021,flip,fit
training/flip/0012_000000023,flip,fit
training/flip/0012_000000024,flip,fit
training/flip/0012_000000026,flip,fit
training/flip/0012_000000027,flip,fit
training/flip/0012_000000028,flip,fit
training/flip/0013_000000004,flip,fit
training/flip/0013_000000005,flip,fit
training/flip/0013_000000006,flip,fit
training/flip/0013_000000007,flip,fit
training/flip/0013_000000009,flip,fit
training/flip/0013_000000010,flip,fit
training/flip/0013_000000012,flip,validation
training/flip/0013_000000014,flip,fit
training/flip/0013_000000016,flip,fit
training/flip/0013_000000017,flip,fit
training/flip/0013_000000018,flip,fit
training/flip/0013_000000019,flip,fit
training/flip/0013_000000020,flip,fit
training/flip/0013_000000021,flip,fit
training/flip/0013_000000023,flip,fit
training/flip/0013_000000024,flip,fit
training/flip/0013_000000025,flip,fit
training/flip/0013_000000026,flip,fit
training/flip/0013_000000027,flip,fit
training/flip/0013_000000028,flip,fit
training/flip/0013_000000029,flip,validation
training/flip/0013_000000030,flip,fit
training/flip/0014_000000001,flip,fit
training/flip/0014_000000002,flip,fit
training/flip/0014_000000005,flip,fit
training/flip/0014_000000007,flip,fit
training/flip/0014_000000008,flip,fit
training/flip/0014_000000011,flip,fit
training/flip/0014_000000015,flip,fit
training/flip/0014_000000017,flip,fit
training/flip/0014_000000018,flip,fit
training/flip/0014_000000021,flip,fit
training/flip/0014_000000022,flip,fit
training/flip/0014_000000023,flip,fit
training/flip/0015_000000001,flip,fit
training/flip/0015_000000002,flip,validation
training/flip/0015_000000003,flip,fit
training/flip/0015_000000004,flip,fit
training/flip/0015_000000005,flip,fit
training/flip/0015_000000006,flip,fit
training/flip/0015_000000007,flip,fit
training/flip/0015_000000008,flip,fit
training/flip/0015_000000009,flip,validation
training/flip/0015_000000010,flip,fit
training/flip/0015_000000012,flip,fit
training/flip/0015_000000013,flip,validation
training/flip/0015_000000014,flip,fit
training/flip/0015_000000015,flip,fit
training/flip/0015_000000016,flip,fit
training/flip/0015_000000017,flip,fit
training/flip/0015_000000018,flip,fit
training/flip/0015_000000020,flip,fit
training/flip/0015_000000022,flip,fit
training/flip/0015_000000024,flip,fit
training/flip/0015_000000025,flip,fit
training/flip/0015_000000026,flip,fit
training/flip/0015_000000027,flip,fit
training/flip/0015_000000028,flip,fit
training/flip/0015_000000030,flip,validation
training/flip/0016_000000002,flip,validation
training/flip/0016_000000003,flip,fit
training/flip/0016_000000005,flip,fit
training/flip/0016_000000007,flip,validation
training/flip/0016_000000009,flip,fit
training/flip/0016_000000010,flip,fit
training/flip/0016_000000011,flip,fit
training/flip/0016_000000012,flip,fit
training/flip/0016_000000014,flip,fit
training/flip/0016_000000015,flip,fit
training/flip/0016_000000016,flip,validation
training/flip/0016_000000017,flip,fit
training/flip/0016_000000018,flip,fit
training/flip/0016_000000019,flip,fit
training/flip/0016_000000020,flip,validation
training/flip/0016_000000021,flip,fit
training/flip/0016_000000022,flip,fit
training/flip/0016_000000023,flip,fit
training/flip/0016_000000024,flip,validation
training/flip/0016_000000025,flip,fit
training/flip/0016_000000027,flip,fit
training/flip/0016_000000028,flip,fit
training/flip/0016_000000029,flip,fit
training/flip/0016_000000030,flip,fit
training/flip/0017_000000004,flip,fit
training/flip/0017_000000005,flip,fit
training/flip/0017_000000006,flip,fit
training/flip/0017_000000007,flip,fit
training/flip/0017_000000008,flip,fit
training/flip/0017_000000009,flip,fit
training/flip/0017_000000010,flip,fit
training/flip/0017_000000011,flip,validation
training/flip/0017_000000012,flip,validation
training/flip/0017_000000013,flip,fit
training/flip/0017_000000014,flip,fit
training/flip/0017_000000016,flip,fit
training/flip/0017_000000018,flip,fit
training/flip/0017_000000019,flip,fit
training/flip/0017_000000020,flip,fit
training/flip/0017_000000021,flip,fit
training/flip/0017_000000022,flip,fit
training/flip/0018_000000001,flip,fit
training/flip/0018_000000002,flip,fit
training/flip/0018_000000005,flip,fit
training/flip/0018_000000006,flip,validation
training/flip/0018_000000007,flip,validation
training/flip/0018_000000008,flip,fit
training/flip/0018_000000009,flip,fit
training/flip/0018_000000010,flip,fit
training/flip/0018_000000011,flip,fit
training/flip/0018_000000013,flip,fit
training/flip/0018_000000014,flip,fit
training/flip/0018_000000015,flip,fit
training/flip/0018_000000016,flip,fit
training/flip/0018_000000017,flip,validation
training/flip/0018_000000018,flip,fit
training/flip/0018_000000021,flip,fit
training/flip/0018_000000022,flip,fit
training/flip/0018_000000023,flip,fit
training/flip/0018_000000024,flip,validation
training/flip/0018_000000025,flip,fit
training/flip/0018_000000026,flip,fit
training/flip/0019_000000012,flip,fit
training/flip/0019_000000013,flip,fit
training/flip/0019_000000015,flip,validation
training/flip/0019_000000016,flip,fit
training/flip/0019_000000017,flip,fit
training/flip/0019_000000018,flip,fit
training/flip/0019_000000019,flip,validation
training/flip/0019_000000020,flip,fit
training/flip/0019_000000021,flip,fit
training/flip/0019_000000022,flip,fit
training/flip/0019_000000023,flip,fit
training/flip/0019_000000024,flip,fit
training/flip/0019_000000026,flip,fit
training/flip/0019_000000027,flip,fit
training/flip/0019_000000028,flip,validation
training/flip/0019_000000029,flip,fit
training/flip/0019_000000030,flip,fit
training/flip/0020_000000004,flip,fit
training/flip/0020_000000005,flip,fit
training/flip/0020_000000006,flip,fit
training/flip/0020_000000007,flip,fit
training/flip/0020_000000008,flip,fit
training/flip/0020_000000009,flip,fit
training/flip/0020_000000011,flip,fit
training/flip/0020_000000013,flip,fit
training/flip/0020_000000014,flip,fit
training/flip/0020_000000016,flip,fit
training/flip/0020_000000017,flip,fit
training/flip/0020_000000018,flip,fit
training/flip/0020_000000021,flip,fit
training/flip/0020_000000022,flip,fit
training/flip/0021_000000010,flip,fit
training/flip/0021_000000012,flip,fit
training/flip/0021_000000013,flip,fit
training/flip/0021_000000016,flip,fit
training/flip/0021_000000017,flip,fit
training/flip/0021_000000018,flip,validation
training/flip/0021_000000019,flip,validation
training/flip/0021_000000020,flip,fit
training/flip/0021_000000021,flip,fit
training/flip/0021_000000022,flip,validation
training/flip/0021_000000023,flip,fit
training/flip/0021_000000024,flip,fit
training/flip/0021_000000025,flip,fit
training/flip/0021_000000026,flip,fit
training/flip/0021_000000028,flip,validation
training/flip/0021_000000029,flip,fit
training/flip/0021_000000030,flip,fit
training/flip/0022_000000007,flip,fit
training/flip/0022_000000008,flip,fit
training/flip/0022_000000009,flip,fit
training/flip/0022_000000011,flip,fit
training/flip/0022_000000012,flip,fit
training/flip/0022_000000013,flip,fit
training/flip/0022_000000014,flip,fit
training/flip/0022_000000015,flip,fit
training/flip/0022_000000016,flip,fit
training/flip/0022_000000017,flip,fit
training/flip/0022_000000018,flip,fit
training/flip/0022_000000019,flip,fit
training/flip/0022_000000021,flip,validation
training/flip/0022_000000022,flip,fit
training/flip/0022_000000023,flip,fit
training/flip/0022_000000024,flip,fit
training/flip/0023_000000003,flip,validation
training/flip/0023_000000004,flip,validation
training/flip/0023_000000005,flip,fit
training/flip/0023_000000006,flip,fit
training/flip/0023_000000016,flip,fit
training/flip/0023_000000017,flip,validation
training/flip/0023_000000018,flip,fit
training/flip/0023_000000019,flip,fit
training/flip/0023_000000020,flip,fit
training/flip/0023_000000021,flip,fit
training/flip/0023_000000022,flip,fit
training/flip/0023_000000023,flip,fit
training/flip/0023_000000024,flip,fit
training/flip/0023_000000025,flip,fit
training/flip/0024_000000016,flip,fit
training/flip/0024_000000018,flip,fit
training/flip/0024_000000020,flip,fit
training/flip/0024_000000022,flip,fit
training/flip/0024_000000023,flip,fit
training/flip/0024_000000024,flip,fit
training/flip/0024_000000025,flip,fit
training/flip/0024_000000026,flip,fit
training/flip/0024_000000027,flip,fit
training/flip/0025_000000004,flip,fit
training/flip/0025_000000005,flip,fit
training/flip/0025_000000006,flip,fit
training/flip/0025_000000007,flip,fit
training/flip/0025_000000008,flip,fit
training/flip/0025_000000009,flip,fit
training/flip/0025_000000010,flip,fit
training/flip/0025_000000011,flip,fit
training/flip/0025_000000012,flip,fit
training/flip/0025_000000013,flip,validation
training/flip/0025_000000014,flip,fit
training/flip/0026_000000008,flip,fit
training/flip/0026_000000009,flip,fit
training/flip/0026_000000011,flip,fit
training/flip/0026_000000012,flip,fit
training/flip/0026_000000013,flip,fit
training/flip/0026_000000014,flip,fit
training/flip/0026_000000015,flip,fit
training/flip/0026_000000017,flip,fit
training/flip/0026_000000019,flip,fit
training/flip/0026_000000020,flip,validation
training/flip/0026_000000021,flip,validation
training/flip/0026_000000022,flip,fit
training/flip/0027_000000011,flip,fit
training/flip/0027_000000012,flip,fit
training/flip/0027_000000013,flip,fit
training/flip/0027_000000014,flip,fit
training/flip/0027_000000015,flip,validation
training/flip/0027_000000017,flip,fit
training/flip/0027_000000020,flip,fit
training/flip/0028_000000001,flip,fit
training/flip/0028_000000002,flip,fit
training/flip/0028_000000003,flip,fit
training/flip/0028_000000004,flip,fit
training/flip/0028_000000005,flip,fit
training/flip/0028_000000006,flip,fit
training/flip/0028_000000007,flip,fit
training/flip/0028_000000008,flip,fit
training/flip/0028_000000009,flip,fit
training/flip/0028_000000010,flip,fit
training/flip/0028_000000011,flip,validation
training/flip/0028_000000012,flip,fit
training/flip/0028_000000013,flip,fit
training/flip/0028_000000014,flip,fit
training/flip/0028_000000016,flip,fit
training/flip/0028_000000017,flip,fit
training/flip/0028_000000018,flip,fit
training/flip/0028_000000020,flip,fit
training/flip/0028_000000021,flip,fit
training/flip/0028_000000022,flip,fit
training/flip/0028_000000023,flip,fit
training/flip/0028_000000025,flip,fit
training/flip/0028_000000026,flip,fit
training/flip/0028_000000027,flip,fit
training/flip/0028_000000028,flip,fit
training/flip/0029_000000001,flip,fit
training/flip/0029_000000002,flip,fit
training/flip/0029_000000003,flip,fit
training/flip/0029_000000004,flip,validation
training/flip/0029_000000005,flip,fit
training/flip/0029_000000006,flip,fit
training/flip/0029_000000007,flip,fit
training/flip/0029_000000008,flip,fit
training/flip/0029_000000009,flip,fit
training/flip/0029_000000018,flip,fit
training/flip/0029_000000019,flip,fit
training/flip/0029_000000020,flip,fit
training/flip/0029_000000022,flip,fit
training/flip/0029_000000023,flip,fit
training/flip/0029_000000026,flip,fit
training/flip/0029_000000028,flip,fit
training/flip/0030_000000001,flip,fit
training/flip/0030_000000002,flip,fit
training/flip/0030_000000004,flip,fit
training/flip/0030_000000005,flip,fit
training/flip/0030_000000007,flip,fit
training/flip/0030_000000008,flip,fit
training/flip/0030_000000010,flip,fit
training/flip/0030_000000011,flip,fit
training/flip/0030_000000013,flip,fit
training/flip/0030_000000014,flip,fit
training/flip/0030_000000015,flip,validation
training/flip/0030_000000016,flip,validation
training/flip/0030_000000017,flip,fit
training/flip/0030_000000018,flip,fit
training/flip/0030_000000020,flip,fit
training/flip/0030_000000021,flip,fit
training/flip/0030_000000022,flip,fit
training/flip/0030_000000023,flip,validation
training/flip/0030_000000024,flip,fit
training/flip/0030_000000025,flip,fit
training/flip/0030_000000026,flip,fit
training/flip/0030_000000028,flip,fit
training/flip/0030_000000029,flip,fit
training/flip/0030_000000030,flip,fit
training/flip/0030_000000032,flip,fit
training/flip/0030_000000033,flip,fit
training/flip/0030_000000034,flip,validation
training/flip/0030_000000035,flip,fit
training/flip/0030_000000036,flip,validation
training/flip/0030_000000037,flip,fit
training/flip/0031_000000014,flip,fit
training/flip/0031_000000015,flip,fit
training/flip/0031_000000016,flip,fit
training/flip/0031_000000017,flip,fit
training/flip/0031_000000019,flip,validation
training/flip/0031_000000021,flip,validation
training/flip/0031_000000022,flip,fit
training/flip/0031_000000023,flip,validation
training/flip/0031_000000024,flip,fit
training/flip/0031_000000025,flip,fit
training/flip/0031_000000026,flip,fit
training/flip/0031_000000027,flip,fit
training/flip/0032_000000011,flip,fit
training/flip/0032_000000012,flip,fit
training/flip/0032_000000013,flip,fit
training/flip/0032_000000014,flip,fit
training/flip/0032_000000015,flip,fit
training/flip/0032_000000016,flip,fit
training/flip/0032_000000017,flip,fit
training/flip/0032_000000018,flip,fit
training/flip/0033_000000017,flip,validation
training/flip/0033_000000018,flip,fit
training/flip/0033_000000019,flip,fit
training/flip/0033_000000020,flip,fit
training/flip/0033_000000022,flip,fit
training/flip/0033_000000023,flip,fit
training/flip/0033_000000024,flip,fit
training/flip/0033_000000025,flip,fit
training/flip/0033_000000026,flip,fit
training/flip/0034_000000017,flip,fit
training/flip/0034_000000018,flip,fit
training/flip/0034_000000021,flip,fit
training/flip/0034_000000023,flip,validation
training/flip/0034_000000024,flip,fit
training/flip/0034_000000025,flip,fit
training/flip/0034_000000026,flip,fit
training/flip/0034_000000027,flip,fit
training/flip/0035_000000008,flip,fit
training/flip/0035_000000009,flip,fit
training/flip/0035_000000011,flip,fit
training/flip/0035_000000012,flip,fit
training/flip/0035_000000013,flip,fit
training/flip/0035_000000014,flip,fit
training/flip/0035_000000015,flip,validation
training/flip/0035_000000017,flip,fit
training/flip/0035_000000018,flip,fit
training/flip/0035_000000019,flip,validation
training/flip/0035_000000020,flip,fit
training/flip/0035_000000021,flip,fit
training/flip/0035_000000022,flip,fit
training/flip/0036_000000010,flip,fit
training/flip/0036_000000012,flip,fit
training/flip/0036_000000013,flip,fit
training/flip/0036_000000016,flip,fit
training/flip/0036_000000017,flip,fit
training/flip/0036_000000018,flip,fit
training/flip/0036_000000019,flip,fit
training/flip/0036_000000020,flip,fit
training/flip/0036_000000021,flip,fit
training/flip/0036_000000022,flip,fit
training/flip/0036_000000023,flip,fit
training/flip/0036_000000025,flip,fit
training/flip/0036_000000026,flip,fit
training/flip/0036_000000027,flip,fit
training/flip/0037_000000002,flip,fit
training/flip/0037_000000003,flip,fit
training/flip/0037_000000004,flip,fit
training/flip/0037_000000005,flip,validation
training/flip/0037_000000007,flip,fit
training/flip/0037_000000009,flip,fit
training/flip/0037_000000010,flip,fit
training/flip/0037_000000012,flip,fit
training/flip/0037_000000014,flip,fit
training/flip/0037_000000015,flip,fit
training/flip/0037_000000018,flip,fit
training/flip/0037_000000019,flip,fit
training/flip/0037_000000021,flip,fit
training/flip/0037_000000022,flip,fit
training/flip/0037_000000023,flip,validation
training/flip/0037_000000025,flip,fit
training/flip/0037_000000026,flip,validation
training/flip/0037_000000027,flip,fit
training/flip/0038_000000004,flip,fit
training/flip/0038_000000005,flip,fit
training/flip/0038_000000006,flip,fit
training/flip/0038_000000008,flip,fit
training/flip/0038_000000009,flip,validation
training/flip/0038_000000011,flip,fit
training/flip/0038_000000012,flip,validation
training/flip/0038_000000014,flip,fit
training/flip/0038_000000017,flip,fit
training/flip/0038_000000018,flip,fit
training/flip/0038_000000019,flip,fit
training/flip/0038_000000021,flip,fit
training/flip/0038_000000022,flip,fit
training/flip/0038_000000023,flip,fit
training/flip/0038_000000024,flip,fit
training/flip/0038_000000025,flip,fit
training/flip/0038_000000027,flip,fit
training/flip/0038_000000028,flip,fit
training/flip/0038_000000029,flip,fit
training/flip/0038_000000030,flip,fit
training/flip/0038_000000031,flip,fit
training/flip/0038_000000033,flip,fit
training/flip/0038_000000034,flip,fit
training/flip/0038_000000035,flip,fit
training/flip/0038_000000036,flip,fit
training/flip/0038_000000037,flip,fit
training/flip/0038_000000038,flip,fit
training/flip/0038_000000039,flip,fit
training/flip/0038_000000040,flip,fit
training/flip/0038_000000041,flip,fit
training/flip/0038_000000042,flip,fit
training/flip/0038_000000045,flip,fit
training/flip/0038_000000046,flip,fit
training/flip/0038_000000049,flip,fit
training/flip/0039_000000008,flip,fit
training/flip/0039_000000010,flip,fit
training/flip/0039_000000011,flip,fit
training/flip/0039_000000012,flip,fit
training/flip/0039_000000013,flip,fit
training/flip/0039_000000014,flip,fit
training/flip/0039_000000015,flip,fit
training/flip/0039_000000016,flip,fit
training/flip/0039_000000017,flip,fit
training/flip/0039_000000018,flip,validation
training/flip/0039_000000019,flip,fit
training/flip/0039_000000020,flip,fit
training/flip/0039_000000021,flip,fit
training/flip/0039_000000022,flip,fit
training/flip/0039_000000023,flip,fit
training/flip/0039_000000024,flip,fit
training/flip/0039_000000025,flip,fit
training/flip/0039_000000026,flip,fit
training/flip/0039_000000027,flip,fit
training/flip/0039_000000028,flip,fit
training/flip/0040_000000006,flip,fit
training/flip/0040_000000008,flip,fit
training/flip/0040_000000009,flip,fit
training/flip/0040_000000010,flip,fit
training/flip/0040_000000011,flip,fit
training/flip/0040_000000012,flip,fit
training/flip/0040_000000013,flip,fit
training/flip/0040_000000014,flip,fit
training/flip/0040_000000015,flip,fit
training/flip/0040_000000016,flip,validation
training/flip/0040_000000017,flip,fit
training/flip/0040_000000018,flip,fit
training/flip/0040_000000019,flip,fit
training/flip/0040_000000020,flip,fit
training/flip/0040_000000021,flip,fit
training/flip/0040_000000022,flip,fit
training/flip/0040_000000023,flip,fit
training/flip/0040_000000026,flip,fit
training/flip/0040_000000027,flip,fit
training/flip/0040_000000029,flip,fit
training/flip/0040_000000030,flip,fit
training/flip/0041_000000011,flip,fit
training/flip/0041_000000012,flip,fit
training/flip/0041_000000013,flip,fit
training/flip/0041_000000014,flip,fit
training/flip/0041_000000016,flip,fit
training/flip/0041_000000017,flip,fit
training/flip/0041_000000020,flip,fit
training/flip/0041_000000023,flip,fit
training/flip/0041_000000024,flip,fit
training/flip/0041_000000025,flip,fit
training/flip/0041_000000026,flip,fit
training/flip/0041_000000028,flip,fit
training/flip/0041_000000029,flip,fit
training/flip/0042_000000001,flip,fit
training/flip/0042_000000003,flip,fit
training/flip/0042_000000005,flip,fit
training/flip/0042_000000007,flip,fit
training/flip/0042_000000008,flip,fit
training/flip/0042_000000009,flip,fit
training/flip/0042_000000010,flip,fit
training/flip/0042_000000013,flip,fit
training/flip/0042_000000014,flip,fit
training/flip/0042_000000015,flip,fit
training/flip/0042_000000016,flip,validation
training/flip/0042_000000017,flip,fit
training/flip/0042_000000018,flip,fit
training/flip/0042_000000019,flip,fit
training/flip/0042_000000020,flip,fit
training/flip/0042_000000021,flip,fit
training/flip/0042_000000022,flip,fit
training/flip/0042_000000023,flip,fit
training/flip/0042_000000024,flip,fit
training/flip/0042_000000025,flip,fit
training/flip/0042_000000026,flip,fit
training/flip/0042_000000028,flip,fit
training/flip/0042_000000029,flip,validation
training/flip/0042_000000030,flip,fit
training/flip/0043_000000016,flip,fit
training/flip/0043_000000017,flip,fit
training/flip/0043_000000018,flip,fit
training/flip/0043_000000019,flip,fit
training/flip/0043_000000020,flip,fit
training/flip/0043_000000021,flip,fit
training/flip/0043_000000022,flip,fit
training/flip/0043_000000024,flip,fit
training/flip/0044_000000004,flip,fit
training/flip/0044_000000005,flip,fit
training/flip/0044_000000006,flip,fit
training/flip/0044_000000008,flip,fit
training/flip/0044_000000009,flip,fit
training/flip/0044_000000010,flip,fit
training/flip/0044_000000011,flip,validation
training/flip/0044_000000012,flip,fit
training/flip/0044_000000013,flip,fit
training/flip/0044_000000014,flip,fit
training/flip/0044_000000016,flip,fit
training/flip/0044_000000017,flip,fit
training/flip/0044_000000018,flip,fit
training/flip/0044_000000019,flip,fit
training/flip/0044_000000020,flip,validation
training/flip/0044_000000021,flip,fit
training/flip/0044_000000022,flip,fit
training/flip/0044_000000023,flip,fit
training/flip/0044_000000026,flip,fit
training/flip/0044_000000027,flip,fit
training/flip/0044_000000028,flip,fit
training/flip/0044_000000029,flip,fit
training/flip/0045_000000007,flip,fit
training/flip/0045_000000008,flip,fit
training/flip/0045_000000009,flip,fit
training/flip/0045_000000010,flip,validation
training/flip/0045_000000011,flip,fit
training/flip/0045_000000012,flip,fit
training/flip/0045_000000013,flip,fit
training/flip/0045_000000014,flip,validation
training/flip/0045_000000015,flip,fit
training/flip/0045_000000016,flip,fit
training/flip/0045_000000017,flip,fit
training/flip/0045_000000018,flip,fit
training/flip/0045_000000019,flip,fit
training/flip/0045_000000020,flip,fit
training/flip/0045_000000021,flip,validation
training/flip/0045_000000022,flip,fit
training/flip/0045_000000023,flip,fit
training/flip/0045_000000024,flip,fit
training/flip/0045_000000025,flip,fit
training/flip/0045_000000026,flip,fit
training/flip/0045_000000028,flip,validation
training/flip/0045_000000029,flip,fit
training/flip/0045_000000030,flip,fit
training/flip/0046_000000007,flip,fit
training/flip/0046_000000008,flip,fit
training/flip/0046_000000009,flip,fit
training/flip/0046_000000011,flip,fit
training/flip/0046_000000014,flip,fit
training/flip/0046_000000015,flip,fit
training/flip/0046_000000017,flip,fit
training/flip/0046_000000020,flip,fit
training/flip/0046_000000021,flip,fit
training/flip/0046_000000022,flip,fit
training/flip/0046_000000024,flip,fit
training/flip/0046_000000026,flip,fit
training/flip/0046_000000027,flip,fit
training/flip/0047_000000006,flip,fit
training/flip/0047_000000007,flip,fit
training/flip/0047_000000008,flip,validation
training/flip/0047_000000009,flip,validation
training/flip/0047_000000011,flip,fit
training/flip/0047_000000012,flip,fit
training/flip/0047_000000013,flip,fit
training/flip/0047_000000014,flip,fit
training/flip/0047_000000016,flip,fit
training/flip/0047_000000017,flip,fit
training/flip/0047_000000018,flip,fit
training/flip/0047_000000019,flip,fit
training/flip/0047_000000020,flip,fit
training/flip/0047_000000022,flip,fit
training/flip/0047_000000023,flip,fit
training/flip/0047_000000024,flip,fit
training/flip/0047_000000025,flip,validation
training/flip/0047_000000027,flip,fit
training/flip/0047_000000028,flip,fit
training/flip/0047_000000029,flip,fit
training/flip/0047_000000030,flip,fit
training/flip/0048_000000009,flip,fit
training/flip/0048_000000012,flip,fit
training/flip/0048_000000013,flip,fit
training/flip/0048_000000014,flip,fit
training/flip/0048_000000015,flip,fit
training/flip/0048_000000016,flip,fit
training/flip/0048_000000017,flip,fit
training/flip/0048_000000018,flip,fit
training/flip/0048_000000019,flip,fit
training/flip/0048_000000020,flip,fit
training/flip/0048_000000021,flip,fit
training/flip/0048_000000022,flip,fit
training/flip/0048_000000023,flip,fit
training/flip/0048_000000024,flip,fit
training/flip/0048_000000025,flip,fit
training/flip/0048_000000026,flip,fit
training/flip/0048_000000027,flip,fit
training/flip/0048_000000028,flip,fit
training/flip/0048_000000029,flip,fit
training/flip/0048_000000030,flip,fit
training/flip/0049_000000018,flip,fit
training/flip/0049_000000020,flip,fit
training/flip/0049_000000021,flip,fit
training/flip/0049_000000022,flip,fit
training/flip/0049_000000024,flip,fit
training/flip/0049_000000026,flip,fit
training/flip/0049_000000028,flip,fit
training/flip/0049_000000029,flip,fit
training/flip/0049_000000030,flip,fit
training/flip/0050_000000017,flip,fit
training/flip/0050_000000018,flip,fit
training/flip/0050_000000019,flip,fit
training/flip/0050_000000020,flip,validation
training/flip/0050_000000021,flip,fit
training/flip/0050_000000022,flip,fit
training/flip/0050_000000025,flip,fit
training/flip/0050_000000026,flip,fit
training/flip/0050_000000027,flip,validation
training/flip/0050_000000028,flip,fit
training/flip/0050_000000029,flip,fit
training/flip/0050_000000030,flip,fit
training/flip/0051_000000012,flip,fit
training/flip/0051_000000013,flip,fit
training/flip/0051_000000014,flip,fit
training/flip/0051_000000015,flip,fit
training/flip/0051_000000016,flip,fit
training/flip/0051_000000017,flip,fit
training/flip/0051_000000018,flip,fit
training/flip/0051_000000019,flip,validation
training/flip/0051_000000020,flip,fit
training/flip/0051_000000023,flip,fit
training/flip/0051_000000024,flip,fit
training/flip/0051_000000025,flip,fit
training/flip/0051_000000026,flip,fit
training/flip/0051_000000027,flip,fit
training/flip/0052_000000013,flip,validation
training/flip/0052_000000014,flip,fit
training/flip/0052_000000015,flip,fit
training/flip/0052_000000016,flip,fit
training/flip/0052_000000019,flip,fit
training/flip/0052_000000020,flip,fit
training/flip/0052_000000022,flip,validation
training/flip/0052_000000023,flip,fit
training/flip/0052_000000024,flip,fit
training/flip/0052_000000025,flip,fit
training/flip/0052_000000026,flip,fit
training/flip/0052_000000027,flip,validation
training/flip/0052_000000028,flip,fit
training/flip/0052_000000029,flip,fit
training/flip/0053_000000001,flip,validation
training/flip/0053_000000002,flip,fit
training/flip/0053_000000003,flip,fit
training/flip/0053_000000004,flip,fit
training/flip/0053_000000005,flip,fit
training/flip/0053_000000006,flip,fit
training/flip/0053_000000007,flip,fit
training/flip/0053_000000009,flip,fit
training/flip/0053_000000010,flip,fit
training/flip/0053_000000011,flip,fit
training/flip/0053_000000013,flip,fit
training/flip/0053_000000014,flip,fit
training/flip/0053_000000016,flip,fit
training/flip/0053_000000017,flip,fit
training/flip/0053_000000019,flip,validation
training/flip/0053_000000020,flip,fit
training/flip/0053_000000021,flip,fit
training/flip/0053_000000022,flip,fit
training/flip/0053_000000023,flip,fit
training/flip/0053_000000024,flip,fit
training/flip/0053_000000025,flip,fit
training/flip/0053_000000026,flip,fit
training/flip/0053_000000027,flip,fit
training/flip/0053_000000028,flip,validation
training/flip/0053_000000029,flip,fit
training/flip/0053_000000030,flip,fit
training/flip/0054_000000008,flip,fit
training/flip/0054_000000009,flip,fit
training/flip/0054_000000012,flip,validation
training/flip/0054_000000013,flip,fit
training/flip/0054_000000014,flip,fit
training/flip/0054_000000016,flip,fit
training/flip/0054_000000017,flip,fit
training/flip/0054_000000018,flip,fit
training/flip/0054_000000020,flip,fit
training/flip/0054_000000021,flip,validation
training/flip/0054_000000022,flip,fit
training/flip/0054_000000023,flip,fit
training/flip/0054_000000025,flip,fit
training/flip/0054_000000026,flip,fit
training/flip/0054_000000028,flip,fit
training/flip/0054_000000029,flip,fit
training/flip/0055_000000011,flip,fit
training/flip/0055_000000012,flip,fit
training/flip/0055_000000013,flip,fit
training/flip/0055_000000014,flip,validation
training/flip/0055_000000016,flip,fit
training/flip/0055_000000017,flip,fit
training/flip/0055_000000018,flip,fit
training/flip/0055_000000019,flip,fit
training/flip/0055_000000020,flip,fit
training/flip/0055_000000021,flip,fit
training/flip/0055_000000022,flip,validation
training/flip/0055_000000023,flip,fit
training/flip/0055_000000025,flip,fit
training/flip/0055_000000026,flip,validation
training/flip/0055_000000029,flip,validation
training/flip/0055_000000030,flip,fit
training/flip/0056_000000014,flip,fit
training/flip/0056_000000015,flip,fit
training/flip/0056_000000017,flip,fit
training/flip/0056_000000018,flip,fit
training/flip/0056_000000019,flip,fit
training/flip/0056_000000020,flip,fit
training/flip/0056_000000021,flip,fit
training/flip/0056_000000022,flip,fit
training/flip/0056_000000023,flip,fit
training/flip/0056_000000024,flip,fit
training/flip/0056_000000025,flip,fit
training/flip/0056_000000026,flip,fit
training/flip/0056_000000027,flip,fit
training/flip/0056_000000028,flip,fit
training/flip/0056_000000029,flip,fit
training/flip/0057_000000011,flip,fit
training/flip/0057_000000012,flip,fit
training/flip/0057_000000013,flip,fit
training/flip/0057_000000014,flip,fit
training/flip/0057_000000015,flip,fit
training/flip/0057_000000016,flip,fit
training/flip/0057_000000017,flip,fit
training/flip/0057_000000018,flip,fit
training/flip/0057_000000020,flip,fit
training/flip/0057_000000021,flip,fit
training/flip/0057_000000022,flip,fit
training/flip/0057_000000023,flip,fit
training/flip/0057_000000024,flip,fit
training/flip/0057_000000025,flip,fit
training/flip/0057_000000026,flip,fit
training/flip/0057_000000027,flip,fit
training/flip/0057_000000028,flip,fit
training/flip/0057_000000029,flip,fit
training/flip/0058_000000001,flip,fit
training/flip/0058_000000002,flip,fit
training/flip/0058_000000005,flip,fit
training/flip/0058_000000007,flip,fit
training/flip/0058_000000008,flip,fit
training/flip/0058_000000009,flip,fit
training/flip/0058_000000010,flip,fit
training/flip/0058_000000011,flip,fit
training/flip/0058_000000012,flip,fit
training/flip/0058_000000013,flip,fit
training/flip/0058_000000014,flip,fit
training/flip/0058_000000015,flip,fit
training/flip/0058_000000016,flip,fit
training/flip/0058_000000017,flip,fit
training/flip/0058_000000018,flip,fit
training/flip/0058_000000020,flip,fit
training/flip/0058_000000022,flip,fit
training/flip/0058_000000023,flip,fit
training/flip/0058_000000024,flip,fit
training/flip/0058_000000025,flip,fit
training/flip/0058_000000026,flip,fit
training/flip/0058_000000028,flip,fit
training/flip/0058_000000029,flip,fit
training/flip/0059_000000001,flip,fit
training/flip/0059_000000002,flip,fit
training/flip/0059_000000003,flip,fit
training/flip/0059_000000004,flip,fit
training/flip/0059_000000005,flip,fit
training/flip/0059_000000006,flip,validation
training/flip/0059_000000007,flip,fit
training/flip/0059_000000008,flip,fit
training/flip/0059_000000009,flip,fit
training/flip/0059_000000010,flip,fit
training/flip/0059_000000011,flip,fit
training/flip/0059_000000012,flip,fit
training/flip/0059_000000013,flip,fit
training/flip/0059_000000014,flip,fit
training/flip/0059_000000018,flip,fit
training/flip/0059_000000019,flip,fit
training/flip/0059_000000021,flip,fit
training/flip/0059_000000022,flip,fit
training/flip/0059_000000023,flip,fit
training/flip/0059_000000024,flip,fit
training/flip/0059_000000025,flip,fit
training/flip/0059_000000026,flip,fit
training/flip/0059_000000027,flip,fit
training/flip/0059_000000029,flip,fit
training/flip/0059_000000030,flip,fit
training/flip/0060_000000001,flip,fit
training/flip/0060_000000002,flip,fit
training/flip/0060_000000003,flip,fit
training/flip/0060_000000005,flip,fit
training/flip/0060_000000007,flip,fit
training/flip/0060_000000009,flip,fit
training/flip/0060_000000010,flip,fit
training/flip/0060_000000011,flip,fit
training/flip/0060_000000012,flip,fit
training/flip/0060_000000014,flip,fit
training/flip/0060_000000015,flip,fit
training/flip/0060_000000016,flip,fit
training/flip/0060_000000017,flip,validation
training/flip/0060_000000018,flip,fit
training/flip/0060_000000019,flip,fit
training/flip/0060_000000020,flip,fit
training/flip/0060_000000021,flip,fit
training/flip/0060_000000022,flip,validation
training/flip/0060_000000023,flip,fit
training/flip/0060_000000024,flip,fit
training/flip/0060_000000025,flip,fit
training/flip/0060_000000026,flip,fit
training/flip/0060_000000027,flip,fit
training/flip/0060_000000028,flip,fit
training/flip/0060_000000029,flip,fit
training/flip/0060_000000030,flip,fit
training/flip/0060_000000031,flip,fit
training/flip/0060_000000033,flip,fit
training/flip/0060_000000034,flip,fit
training/flip/0060_000000035,flip,fit
training/flip/0060_000000036,flip,fit
training/flip/0060_000000039,flip,fit
training/flip/0060_000000040,flip,fit
training/flip/0060_000000041,flip,fit
training/flip/0060_000000042,flip,fit
training/flip/0060_000000045,flip,fit
training/flip/0060_000000046,flip,validation
training/flip/0060_000000047,flip,fit
training/flip/0060_000000048,flip,fit
training/flip/0060_000000049,flip,fit
training/flip/0060_000000050,flip,fit
training/flip/0060_000000051,flip,fit
training/flip/0060_000000054,flip,validation
training/flip/0061_000000009,flip,fit
training/flip/0061_000000012,flip,fit
training/flip/0061_000000013,flip,fit
training/flip/0061_000000014,flip,validation
training/flip/0061_000000015,flip,fit
training/flip/0061_000000016,flip,validation
training/flip/0061_000000017,flip,fit
training/flip/0061_000000019,flip,validation
training/flip/0061_000000020,flip,fit
training/flip/0061_000000021,flip,fit
training/flip/0061_000000022,flip,fit
training/flip/0061_000000023,flip,validation
training/flip/0061_000000024,flip,fit
training/flip/0061_000000025,flip,validation
training/flip/0061_000000028,flip,fit
training/flip/0061_000000030,flip,fit
training/flip/0062_000000001,flip,fit
training/flip/0062_000000002,flip,fit
training/flip/0062_000000004,flip,fit
training/flip/0062_000000005,flip,validation
training/flip/0062_000000007,flip,fit
training/flip/0062_000000008,flip,fit
training/flip/0062_000000010,flip,fit
training/flip/0062_000000014,flip,fit
training/flip/0062_000000015,flip,fit
training/flip/0062_000000016,flip,fit
training/flip/0062_000000017,flip,fit
training/flip/0062_000000019,flip,fit
training/flip/0062_000000021,flip,fit
training/flip/0062_000000022,flip,fit
training/flip/0062_000000023,flip,fit
training/flip/0062_000000024,flip,fit
training/flip/0062_000000025,flip,fit
training/flip/0062_000000026,flip,fit
training/flip/0062_000000027,flip,fit
training/flip/0062_000000028,flip,fit
training/flip/0062_000000029,flip,fit
training/flip/0062_000000030,flip,fit
training/flip/0063_000000010,flip,fit
training/flip/0063_000000012,flip,fit
training/flip/0063_000000013,flip,fit
training/flip/0063_000000015,flip,fit
training/flip/0063_000000016,flip,fit
training/flip/0063_000000017,flip,fit
training/flip/0063_000000018,flip,fit
training/flip/0063_000000019,flip,fit
training/flip/0063_000000020,flip,fit
training/flip/0063_000000021,flip,fit
training/flip/0063_000000022,flip,fit
training/flip/0064_000000019,flip,fit
training/flip/0064_000000020,flip,fit
training/flip/0064_000000021,flip,validation
training/flip/0064_000000022,flip,fit
training/flip/0064_000000023,flip,fit
training/flip/0064_000000024,flip,fit
training/flip/0064_000000025,flip,fit
training/flip/0064_000000026,flip,fit
training/flip/0064_000000028,flip,validation
training/flip/0064_000000029,flip,fit
training/flip/0065_000000002,flip,fit
training/flip/0065_000000003,flip,fit
training/flip/0065_000000004,flip,fit
training/flip/0065_000000006,flip,fit
training/flip/0065_000000007,flip,fit
training/flip/0065_000000008,flip,fit
training/flip/0065_000000009,flip,fit
training/flip/0065_000000010,flip,fit
training/flip/0065_000000011,flip,fit
training/flip/0065_000000012,flip,fit
training/flip/0065_000000013,flip,fit
training/flip/0065_000000014,flip,fit
training/flip/0065_000000015,flip,validation
training/flip/0065_000000017,flip,fit
training/flip/0065_000000018,flip,fit
training/flip/0065_000000019,flip,fit
training/flip/0065_000000020,flip,fit
training/flip/0065_000000021,flip,fit
training/flip/0065_000000022,flip,fit
training/flip/0065_000000024,flip,fit
training/flip/0065_000000027,flip,fit
training/flip/0065_000000028,flip,fit
training/flip/0065_000000029,flip,validation
training/notflip/0001_000000001,notflip,validation
training/notflip/0001_000000003,notflip,fit
training/notflip/0001_000000005,notflip,fit
training/notflip/0001_000000006,notflip,fit
training/notflip/0001_000000007,notflip,fit
training/notflip/0001_000000008,notflip,fit
training/notflip/0001_000000010,notflip,fit
training/notflip/0001_000000011,notflip,fit
training/notflip/0001_000000012,notflip,fit
training/notflip/0001_000000013,notflip,fit
training/notflip/0001_000000015,notflip,fit
training/notflip/0001_000000016,notflip,fit
training/notflip/0001_000000017,notflip,fit
training/notflip/0001_000000018,notflip,fit
training/notflip/0001_000000019,notflip,fit
training/notflip/0001_000000020,notflip,validation
training/notflip/0001_000000021,notflip,fit
training/notflip/0001_000000022,notflip,fit
training/notflip/0001_000000023,notflip,validation
training/notflip/0001_000000025,notflip,fit
training/notflip/0001_000000026,notflip,fit
training/notflip/0001_000000027,notflip,fit
training/notflip/0001_000000028,notflip,fit
training/notflip/0001_000000029,notflip,fit
training/notflip/0001_000000030,notflip,fit
training/notflip/0002_000000001,notflip,fit
training/notflip/0002_000000002,notflip,fit
training/notflip/0002_000000004,notflip,fit
training/notflip/0002_000000005,notflip,fit
training/notflip/0002_000000007,notflip,fit
training/notflip/0002_000000009,notflip,fit
training/notflip/0002_000000010,notflip,fit
training/notflip/0002_000000011,notflip,fit
training/notflip/0002_000000013,notflip,fit
training/notflip/0002_000000014,notflip,fit
training/notflip/0002_000000016,notflip,fit
training/notflip/0002_000000017,notflip,fit
training/notflip/0002_000000018,notflip,fit
training/notflip/0002_000000019,notflip,fit
training/notflip/0002_000000020,notflip,fit
training/notflip/0002_000000021,notflip,fit
training/notflip/0002_000000022,notflip,fit
training/notflip/0002_000000023,notflip,fit
training/notflip/0002_000000024,notflip,fit
training/notflip/0002_000000025,notflip,fit
training/notflip/0002_000000029,notflip,fit
training/notflip/0002_000000030,notflip,validation
training/notflip/0003_000000001,notflip,validation
training/notflip/0003_000000002,notflip,fit
training/notflip/0003_000000003,notflip,fit
training/notflip/0003_000000005,notflip,fit
training/notflip/0003_000000006,notflip,fit
training/notflip/0003_000000007,notflip,fit
training/notflip/0003_000000008,notflip,fit
training/notflip/0003_000000009,notflip,fit
training/notflip/0003_000000010,notflip,fit
training/notflip/0003_000000011,notflip,fit
training/notflip/0003_000000012,notflip,fit
training/notflip/0003_000000013,notflip,fit
training/notflip/0003_000000014,notflip,fit
training/notflip/0003_000000015,notflip,fit
training/notflip/0003_000000016,notflip,fit
training/notflip/0003_000000017,notflip,fit
training/notflip/0003_000000019,notflip,fit
training/notflip/0003_000000020,notflip,fit
training/notflip/0003_000000021,notflip,fit
training/notflip/0003_000000022,notflip,fit
training/notflip/0003_000000023,notflip,fit
training/notflip/0003_000000024,notflip,fit
training/notflip/0003_000000026,notflip,fit
training/notflip/0003_000000027,notflip,fit
training/notflip/0003_000000028,notflip,fit
training/notflip/0003_000000029,notflip,fit
training/notflip/0004_000000001,notflip,fit
training/notflip/0004_000000003,notflip,fit
training/notflip/0004_000000005,notflip,fit
training/notflip/0004_000000006,notflip,fit
training/notflip/0004_000000007,notflip,fit
training/notflip/0004_000000008,notflip,fit
training/notflip/0004_000000009,notflip,fit
training/notflip/0004_000000011,notflip,fit
training/notflip/0004_000000013,notflip,fit
training/notflip/0004_000000014,notflip,fit
training/notflip/0004_000000017,notflip,fit
training/notflip/0004_000000018,notflip,fit
training/notflip/0004_000000019,notflip,fit
training/notflip/0004_000000021,notflip,fit
training/notflip/0004_000000022,notflip,fit
training/notflip/0004_000000024,notflip,fit
training/notflip/0004_000000025,notflip,fit
training/notflip/0004_000000026,notflip,fit
training/notflip/0004_000000027,notflip,fit
training/notflip/0004_000000028,notflip,fit
training/notflip/0004_000000030,notflip,validation
training/notflip/0004_000000031,notflip,fit
training/notflip/0004_000000032,notflip,fit
training/notflip/0004_000000033,notflip,fit
training/notflip/0004_000000034,notflip,fit
training/notflip/0004_000000035,notflip,fit
training/notflip/0005_000000001,notflip,fit
training/notflip/0005_000000002,notflip,validation
training/notflip/0005_000000003,notflip,fit
training/notflip/0005_000000004,notflip,fit
training/notflip/0005_000000006,notflip,fit
training/notflip/0005_000000007,notflip,fit
training/notflip/0005_000000008,notflip,validation
training/notflip/0005_000000010,notflip,fit
training/notflip/0005_000000011,notflip,fit
training/notflip/0005_000000013,notflip,fit
training/notflip/0005_000000014,notflip,fit
training/notflip/0005_000000015,notflip,fit
training/notflip/0005_000000016,notflip,fit
training/notflip/0005_000000017,notflip,fit
training/notflip/0005_000000019,notflip,fit
training/notflip/0005_000000020,notflip,fit
training/notflip/0005_000000021,notflip,validation
training/notflip/0005_000000023,notflip,fit
training/notflip/0005_000000024,notflip,fit
training/notflip/0005_000000025,notflip,validation
training/notflip/0005_000000026,notflip,fit
training/notflip/0005_000000027,notflip,fit
training/notflip/0005_000000028,notflip,fit
training/notflip/0005_000000029,notflip,fit
training/notflip/0005_000000030,notflip,fit
training/notflip/0006_000000001,notflip,fit
training/notflip/0006_000000002,notflip,fit
training/notflip/0006_000000003,notflip,fit
training/notflip/0006_000000004,notflip,fit
training/notflip/0006_000000005,notflip,fit
training/notflip/0006_000000006,notflip,fit
training/notflip/0006_000000007,notflip,validation
training/notflip/0006_000000008,notflip,fit
training/notflip/0006_000000010,notflip,fit
training/notflip/0006_000000011,notflip,fit
training/notflip/0006_000000012,notflip,fit
training/notflip/0006_000000013,notflip,fit
training/notflip/0006_000000014,notflip,fit
training/notflip/0006_000000017,notflip,fit
training/notflip/0006_000000018,notflip,validation
training/notflip/0006_000000020,notflip,validation
training/notflip/0006_000000022,notflip,fit
training/notflip/0006_000000024,notflip,fit
training/notflip/0006_000000026,notflip,fit
training/notflip/0006_000000030,notflip,fit
training/notflip/0007_000000001,notflip,validation
training/notflip/0007_000000002,notflip,fit
training/notflip/0007_000000003,notflip,fit
training/notflip/0007_000000004,notflip,fit
training/notflip/0007_000000005,notflip,validation
training/notflip/0007_000000006,notflip,fit
training/notflip/0007_000000007,notflip,fit
training/notflip/0007_000000008,notflip,fit
training/notflip/0007_000000009,notflip,validation
training/notflip/0007_000000011,notflip,fit
training/notflip/0007_000000012,notflip,fit
training/notflip/0007_000000013,notflip,fit
training/notflip/0007_000000014,notflip,fit
training/notflip/0007_000000015,notflip,fit
training/notflip/0007_000000016,notflip,fit
training/notflip/0007_000000017,notflip,fit
training/notflip/0007_000000018,notflip,fit
training/notflip/0007_000000019,notflip,validation
training/notflip/0007_000000020,notflip,fit
training/notflip/0007_000000021,notflip,validation
training/notflip/0007_000000022,notflip,fit
training/notflip/0007_000000023,notflip,validation
training/notflip/0007_000000024,notflip,fit
training/notflip/0007_000000026,notflip,fit
training/notflip/0007_000000027,notflip,fit
training/notflip/0007_000000028,notflip,fit
training/notflip/0007_000000029,notflip,fit
training/notflip/0007_000000030,notflip,fit
training/notflip/0008_000000001,notflip,fit
training/notflip/0008_000000002,notflip,fit
training/notflip/0008_000000003,notflip,fit
training/notflip/0008_000000004,notflip,fit
training/notflip/0008_000000005,notflip,fit
training/notflip/0008_000000006,notflip,fit
training/notflip/0008_000000007,notflip,fit
training/notflip/0008_000000010,notflip,fit
training/notflip/0008_000000011,notflip,fit
training/notflip/0008_000000014,notflip,fit
training/notflip/0008_000000015,notflip,fit
training/notflip/0008_000000016,notflip,validation
training/notflip/0008_000000017,notflip,fit
training/notflip/0008_000000018,notflip,fit
training/notflip/0008_000000019,notflip,validation
training/notflip/0008_000000021,notflip,fit
training/notflip/0008_000000022,notflip,fit
training/notflip/0008_000000024,notflip,fit
training/notflip/0008_000000025,notflip,fit
training/notflip/0008_000000026,notflip,fit
training/notflip/0008_000000027,notflip,fit
training/notflip/0008_000000028,notflip,fit
training/notflip/0008_000000029,notflip,fit
training/notflip/0008_000000030,notflip,validation
training/notflip/0009_000000001,notflip,fit
training/notflip/0009_000000006,notflip,fit
training/notflip/0009_000000007,notflip,fit
training/notflip/0009_000000008,notflip,fit
training/notflip/0009_000000009,notflip,fit
training/notflip/0009_000000010,notflip,fit
training/notflip/0009_000000011,notflip,fit
training/notflip/0009_000000013,notflip,validation
training/notflip/0009_000000014,notflip,fit
training/notflip/0009_000000016,notflip,fit
training/notflip/0009_000000018,notflip,validation
training/notflip/0009_000000019,notflip,fit
training/notflip/0009_000000020,notflip,fit
training/notflip/0009_000000021,notflip,fit
training/notflip/0009_000000022,notflip,fit
training/notflip/0009_000000023,notflip,validation
training/notflip/0009_000000024,notflip,fit
training/notflip/0009_000000025,notflip,fit
training/notflip/0009_000000026,notflip,fit
training/notflip/0009_000000028,notflip,fit
training/notflip/0009_000000029,notflip,fit
training/notflip/0009_000000030,notflip,fit
training/notflip/0010_000000001,notflip,fit
training/notflip/0010_000000002,notflip,fit
training/notflip/0010_000000003,notflip,fit
training/notflip/0010_000000004,notflip,fit
training/notflip/0010_000000005,notflip,fit
training/notflip/0010_000000006,notflip,fit
training/notflip/0010_000000008,notflip,validation
training/notflip/0010_000000010,notflip,fit
training/notflip/0010_000000011,notflip,fit
training/notflip/0010_000000012,notflip,fit
training/notflip/0010_000000013,notflip,fit
training/notflip/0010_000000014,notflip,fit
training/notflip/0010_000000015,notflip,fit
training/notflip/0010_000000016,notflip,fit
training/notflip/0010_000000017,notflip,fit
training/notflip/0010_000000018,notflip,validation
training/notflip/0010_000000019,notflip,fit
training/notflip/0010_000000020,notflip,fit
training/notflip/0010_000000021,notflip,fit
training/notflip/0010_000000022,notflip,fit
training/notflip/0010_000000023,notflip,fit
training/notflip/0010_000000024,notflip,fit
training/notflip/0010_000000025,notflip,validation
training/notflip/0010_000000027,notflip,fit
training/notflip/0010_000000028,notflip,fit
training/notflip/0010_000000029,notflip,fit
training/notflip/0010_000000030,notflip,fit
training/notflip/0011_000000001,notflip,fit
training/notflip/0011_000000002,notflip,validation
training/notflip/0011_000000003,notflip,fit
training/notflip/0011_000000004,notflip,fit
training/notflip/0011_000000005,notflip,fit
training/notflip/0011_000000006,notflip,fit
training/notflip/0011_000000007,notflip,fit
training/notflip/0011_000000008,notflip,validation
training/notflip/0011_000000009,notflip,fit
training/notflip/0011_000000010,notflip,fit
training/notflip/0011_000000011,notflip,fit
training/notflip/0011_000000012,notflip,fit
training/notflip/0011_000000013,notflip,fit
training/notflip/0011_000000014,notflip,fit
training/notflip/0011_000000015,notflip,fit
training/notflip/0011_000000016,notflip,fit
training/notflip/0011_000000019,notflip,fit
training/notflip/0011_000000020,notflip,fit
training/notflip/0011_000000021,notflip,fit
training/notflip/0011_000000022,notflip,fit
training/notflip/0011_000000023,notflip,fit
training/notflip/0011_000000024,notflip,fit
training/notflip/0011_000000025,notflip,validation
training/notflip/0011_000000026,notflip,fit
training/notflip/0011_000000028,notflip,fit
training/notflip/0011_000000029,notflip,fit
training/notflip/0011_000000030,notflip,fit
training/notflip/0015_000000001,notflip,fit
training/notflip/0015_000000006,notflip,fit
training/notflip/0015_000000007,notflip,validation
training/notflip/0015_000000008,notflip,fit
training/notflip/0015_000000009,notflip,fit
training/notflip/0015_000000010,notflip,fit
training/notflip/0015_000000011,notflip,fit
training/notflip/0015_000000012,notflip,fit
training/notflip/0015_000000013,notflip,validation
training/notflip/0015_000000014,notflip,fit
training/notflip/0015_000000015,notflip,fit
training/notflip/0015_000000016,notflip,fit
training/notflip/0015_000000017,notflip,fit
training/notflip/0015_000000019,notflip,validation
training/notflip/0015_000000020,notflip,fit
training/notflip/0015_000000022,notflip,fit
training/notflip/0015_000000023,notflip,fit
training/notflip/0015_000000024,notflip,validation
training/notflip/0015_000000025,notflip,fit
training/notflip/0015_000000026,notflip,fit
training/notflip/0015_000000027,notflip,fit
training/notflip/0015_000000028,notflip,fit
training/notflip/0015_000000029,notflip,fit
training/notflip/0015_000000030,notflip,fit
training/notflip/0016_000000002,notflip,fit
training/notflip/0016_000000003,notflip,fit
training/notflip/0016_000000004,notflip,fit
training/notflip/0016_000000005,notflip,fit
training/notflip/0016_000000006,notflip,fit
training/notflip/0016_000000007,notflip,fit
training/notflip/0016_000000008,notflip,fit
training/notflip/0016_000000009,notflip,fit
training/notflip/0016_000000010,notflip,fit
training/notflip/0016_000000011,notflip,fit
training/notflip/0016_000000012,notflip,fit
training/notflip/0016_000000013,notflip,fit
training/notflip/0016_000000015,notflip,fit
training/notflip/0016_000000016,notflip,fit
training/notflip/0016_000000017,notflip,fit
training/notflip/0016_000000018,notflip,fit
training/notflip/0016_000000019,notflip,fit
training/notflip/0016_000000021,notflip,fit
training/notflip/0016_000000022,notflip,fit
training/notflip/0016_000000024,notflip,fit
training/notflip/0019_000000001,notflip,fit
training/notflip/0019_000000003,notflip,fit
training/notflip/0019_000000005,notflip,fit
training/notflip/0019_000000006,notflip,fit
training/notflip/0019_000000007,notflip,fit
training/notflip/0019_000000008,notflip,fit
training/notflip/0019_000000009,notflip,fit
training/notflip/0019_000000010,notflip,fit
training/notflip/0019_000000011,notflip,fit
training/notflip/0019_000000013,notflip,fit
training/notflip/0019_000000014,notflip,fit
training/notflip/0019_000000016,notflip,fit
training/notflip/0019_000000017,notflip,fit
training/notflip/0019_000000018,notflip,fit
training/notflip/0019_000000019,notflip,fit
training/notflip/0019_000000020,notflip,fit
training/notflip/0019_000000021,notflip,validation
training/notflip/0019_000000022,notflip,fit
training/notflip/0019_000000023,notflip,fit
training/notflip/0019_000000026,notflip,validation
training/notflip/0019_000000028,notflip,fit
training/notflip/0019_000000029,notflip,validation
training/notflip/0019_000000030,notflip,fit
training/notflip/0020_000000001,notflip,fit
training/notflip/0020_000000002,notflip,fit
training/notflip/0020_000000003,notflip,fit
training/notflip/0020_000000005,notflip,fit
training/notflip/0020_000000006,notflip,fit
training/notflip/0020_000000007,notflip,fit
training/notflip/0020_000000008,notflip,validation
training/notflip/0020_000000009,notflip,fit
training/notflip/0020_000000011,notflip,fit
training/notflip/0020_000000012,notflip,fit
training/notflip/0020_000000013,notflip,fit
training/notflip/0020_000000014,notflip,fit
training/notflip/0020_000000015,notflip,fit
training/notflip/0020_000000017,notflip,fit
training/notflip/0020_000000018,notflip,fit
training/notflip/0020_000000020,notflip,fit
training/notflip/0020_000000021,notflip,fit
training/notflip/0021_000000007,notflip,fit
training/notflip/0021_000000008,notflip,fit
training/notflip/0021_000000022,notflip,fit
training/notflip/0021_000000023,notflip,fit
training/notflip/0021_000000025,notflip,fit
training/notflip/0021_000000027,notflip,fit
training/notflip/0023_000000001,notflip,fit
training/notflip/0023_000000002,notflip,fit
training/notflip/0023_000000003,notflip,fit
training/notflip/0023_000000004,notflip,fit
training/notflip/0023_000000005,notflip,fit
training/notflip/0023_000000006,notflip,fit
training/notflip/0023_000000007,notflip,fit
training/notflip/0023_000000008,notflip,fit
training/notflip/0023_000000009,notflip,fit
training/notflip/0023_000000010,notflip,fit
training/notflip/0023_000000011,notflip,fit
training/notflip/0023_000000012,notflip,fit
training/notflip/0023_000000013,notflip,fit
training/notflip/0023_000000015,notflip,fit
training/notflip/0023_000000016,notflip,fit
training/notflip/0023_000000017,notflip,fit
training/notflip/0023_000000018,notflip,validation
training/notflip/0023_000000019,notflip,fit
training/notflip/0023_000000021,notflip,fit
training/notflip/0023_000000022,notflip,fit
training/notflip/0023_000000023,notflip,fit
training/notflip/0023_000000025,notflip,fit
training/notflip/0023_000000026,notflip,fit
training/notflip/0023_000000027,notflip,fit
training/notflip/0023_000000028,notflip,validation
training/notflip/0024_000000001,notflip,fit
training/notflip/0024_000000003,notflip,fit
training/notflip/0024_000000005,notflip,fit
training/notflip/0024_000000008,notflip,fit
training/notflip/0024_000000009,notflip,fit
training/notflip/0024_000000010,notflip,fit
training/notflip/0024_000000011,notflip,fit
training/notflip/0024_000000012,notflip,fit
training/notflip/0024_000000013,notflip,fit
training/notflip/0024_000000014,notflip,fit
training/notflip/0024_000000015,notflip,fit
training/notflip/0024_000000016,notflip,fit
training/notflip/0024_000000017,notflip,fit
training/notflip/0024_000000018,notflip,fit
training/notflip/0024_000000021,notflip,fit
training/notflip/0024_000000023,notflip,fit
training/notflip/0024_000000026,notflip,fit
training/notflip/0024_000000027,notflip,fit
training/notflip/0024_000000028,notflip,validation
training/notflip/0024_000000029,notflip,fit
training/notflip/0024_000000030,notflip,fit
training/notflip/0025_000000001,notflip,validation
training/notflip/0025_000000002,notflip,fit
training/notflip/0025_000000003,notflip,fit
training/notflip/0025_000000004,notflip,fit
training/notflip/0025_000000005,notflip,fit
training/notflip/0025_000000006,notflip,fit
training/notflip/0025_000000007,notflip,fit
training/notflip/0025_000000008,notflip,fit
training/notflip/0025_000000009,notflip,fit
training/notflip/0025_000000012,notflip,fit
training/notflip/0025_000000014,notflip,validation
training/notflip/0025_000000015,notflip,fit
training/notflip/0025_000000016,notflip,validation
training/notflip/0025_000000017,notflip,fit
training/notflip/0025_000000019,notflip,fit
training/notflip/0025_000000020,notflip,fit
training/notflip/0025_000000023,notflip,fit
training/notflip/0025_000000024,notflip,fit
training/notflip/0025_000000026,notflip,fit
training/notflip/0025_000000027,notflip,fit
training/notflip/0025_000000028,notflip,fit
training/notflip/0025_000000029,notflip,fit
training/notflip/0025_000000030,notflip,fit
training/notflip/0026_000000001,notflip,fit
training/notflip/0026_000000002,notflip,fit
training/notflip/0026_000000003,notflip,validation
training/notflip/0026_000000006,notflip,fit
training/notflip/0026_000000007,notflip,fit
training/notflip/0026_000000008,notflip,fit
training/notflip/0026_000000009,notflip,fit
training/notflip/0026_000000011,notflip,fit
training/notflip/0026_000000012,notflip,fit
training/notflip/0026_000000013,notflip,fit
training/notflip/0026_000000015,notflip,fit
training/notflip/0026_000000016,notflip,fit
training/notflip/0026_000000017,notflip,fit
training/notflip/0026_000000018,notflip,fit
training/notflip/0026_000000019,notflip,fit
training/notflip/0026_000000020,notflip,fit
training/notflip/0026_000000021,notflip,fit
training/notflip/0026_000000022,notflip,fit
training/notflip/0026_000000023,notflip,fit
training/notflip/0026_000000025,notflip,fit
training/notflip/0026_000000026,notflip,fit
training/notflip/0026_000000027,notflip,fit
training/notflip/0026_000000028,notflip,fit
training/notflip/0026_000000030,notflip,fit
training/notflip/0027_000000002,notflip,fit
training/notflip/0027_000000003,notflip,fit
training/notflip/0027_000000005,notflip,fit
training/notflip/0027_000000006,notflip,fit
training/notflip/0027_000000007,notflip,fit
training/notflip/0027_000000008,notflip,fit
training/notflip/0027_000000009,notflip,fit
training/notflip/0027_000000011,notflip,fit
training/notflip/0027_000000012,notflip,fit
training/notflip/0027_000000014,notflip,fit
training/notflip/0027_000000015,notflip,fit
training/notflip/0027_000000016,notflip,fit
training/notflip/0027_000000018,notflip,fit
training/notflip/0027_000000019,notflip,fit
training/notflip/0027_000000020,notflip,fit
training/notflip/0027_000000021,notflip,validation
training/notflip/0027_000000024,notflip,fit
training/notflip/0027_000000025,notflip,fit
training/notflip/0027_000000026,notflip,fit
training/notflip/0027_000000027,notflip,fit
training/notflip/0027_000000028,notflip,fit
training/notflip/0027_000000029,notflip,fit
training/notflip/0027_000000030,notflip,validation
training/notflip/0028_000000001,notflip,fit
training/notflip/0028_000000002,notflip,fit
training/notflip/0028_000000003,notflip,fit
training/notflip/0028_000000005,notflip,fit
training/notflip/0028_000000006,notflip,fit
training/notflip/0028_000000007,notflip,fit
training/notflip/0028_000000008,notflip,fit
training/notflip/0028_000000009,notflip,fit
training/notflip/0028_000000010,notflip,fit
training/notflip/0028_000000011,notflip,fit
training/notflip/0028_000000012,notflip,fit
training/notflip/0028_000000013,notflip,fit
training/notflip/0028_000000014,notflip,fit
training/notflip/0028_000000015,notflip,fit
training/notflip/0028_000000016,notflip,fit
training/notflip/0028_000000017,notflip,fit
training/notflip/0028_000000018,notflip,fit
training/notflip/0028_000000019,notflip,fit
training/notflip/0028_000000020,notflip,fit
training/notflip/0028_000000021,notflip,fit
training/notflip/0028_000000022,notflip,fit
training/notflip/0028_000000023,notflip,fit
training/notflip/0028_000000025,notflip,validation
training/notflip/0028_000000026,notflip,fit
training/notflip/0028_000000027,notflip,fit
training/notflip/0028_000000028,notflip,fit
training/notflip/0028_000000029,notflip,fit
training/notflip/0028_000000030,notflip,fit
training/notflip/0029_000000002,notflip,fit
training/notflip/0029_000000006,notflip,fit
training/notflip/0029_000000007,notflip,fit
training/notflip/0029_000000008,notflip,fit
training/notflip/0029_000000009,notflip,validation
training/notflip/0029_000000010,notflip,fit
training/notflip/0029_000000011,notflip,fit
training/notflip/0029_000000012,notflip,fit
training/notflip/0029_000000014,notflip,fit
training/notflip/0029_000000015,notflip,fit
training/notflip/0029_000000016,notflip,fit
training/notflip/0029_000000020,notflip,fit
training/notflip/0029_000000021,notflip,fit
training/notflip/0029_000000022,notflip,fit
training/notflip/0029_000000023,notflip,fit
training/notflip/0029_000000024,notflip,fit
training/notflip/0029_000000026,notflip,fit
training/notflip/0029_000000027,notflip,fit
training/notflip/0029_000000028,notflip,fit
training/notflip/0029_000000029,notflip,fit
training/notflip/0029_000000030,notflip,fit
training/notflip/0030_000000002,notflip,fit
training/notflip/0030_000000003,notflip,fit
training/notflip/0030_000000005,notflip,validation
training/notflip/0030_000000006,notflip,fit
training/notflip/0030_000000008,notflip,fit
training/notflip/0030_000000009,notflip,fit
training/notflip/0030_000000010,notflip,validation
training/notflip/0030_000000011,notflip,validation
training/notflip/0030_000000012,notflip,fit
training/notflip/0030_000000013,notflip,fit
training/notflip/0030_000000014,notflip,fit
training/notflip/0030_000000015,notflip,fit
training/notflip/0030_000000016,notflip,fit
training/notflip/0030_000000017,notflip,fit
training/notflip/0030_000000019,notflip,fit
training/notflip/0030_000000020,notflip,fit
training/notflip/0030_000000021,notflip,fit
training/notflip/0030_000000025,notflip,fit
training/notflip/0030_000000026,notflip,fit
training/notflip/0030_000000027,notflip,fit
training/notflip/0030_000000029,notflip,fit
training/notflip/0030_000000030,notflip,fit
training/notflip/0031_000000001,notflip,fit
training/notflip/0031_000000002,notflip,fit
training/notflip/0031_000000003,notflip,fit
training/notflip/0031_000000005,notflip,fit
training/notflip/0031_000000006,notflip,fit
training/notflip/0031_000000007,notflip,fit
training/notflip/0031_000000009,notflip,fit
training/notflip/0031_000000011,notflip,fit
training/notflip/0031_000000012,notflip,fit
training/notflip/0031_000000013,notflip,fit
training/notflip/0031_000000014,notflip,validation
training/notflip/0031_000000018,notflip,fit
training/notflip/0031_000000021,notflip,fit
training/notflip/0031_000000022,notflip,fit
training/notflip/0031_000000023,notflip,fit
training/notflip/0031_000000024,notflip,fit
training/notflip/0031_000000025,notflip,fit
training/notflip/0031_000000026,notflip,fit
training/notflip/0031_000000027,notflip,fit
training/notflip/0031_000000028,notflip,fit
training/notflip/0031_000000029,notflip,fit
training/notflip/0031_000000030,notflip,validation
training/notflip/0032_000000001,notflip,validation
training/notflip/0032_000000002,notflip,fit
training/notflip/0032_000000004,notflip,fit
training/notflip/0032_000000005,notflip,fit
training/notflip/0032_000000006,notflip,fit
training/notflip/0032_000000009,notflip,fit
training/notflip/0032_000000011,notflip,fit
training/notflip/0032_000000012,notflip,fit
training/notflip/0032_000000013,notflip,fit
training/notflip/0032_000000014,notflip,fit
training/notflip/0032_000000016,notflip,fit
training/notflip/0032_000000017,notflip,fit
training/notflip/0032_000000018,notflip,fit
training/notflip/0032_000000019,notflip,fit
training/notflip/0032_000000020,notflip,fit
training/notflip/0032_000000021,notflip,fit
training/notflip/0032_000000022,notflip,fit
training/notflip/0032_000000023,notflip,fit
training/notflip/0032_000000024,notflip,fit
training/notflip/0032_000000025,notflip,fit
training/notflip/0032_000000026,notflip,fit
training/notflip/0032_000000027,notflip,fit
training/notflip/0032_000000028,notflip,fit
training/notflip/0032_000000030,notflip,fit
training/notflip/0033_000000001,notflip,fit
training/notflip/0033_000000003,notflip,fit
training/notflip/0033_000000004,notflip,fit
training/notflip/0033_000000007,notflip,validation
training/notflip/0033_000000009,notflip,fit
training/notflip/0033_000000010,notflip,fit
training/notflip/0033_000000011,notflip,fit
training/notflip/0033_000000012,notflip,validation
training/notflip/0033_000000013,notflip,fit
training/notflip/0033_000000014,notflip,fit
training/notflip/0033_000000016,notflip,fit
training/notflip/0033_000000017,notflip,fit
training/notflip/0033_000000018,notflip,fit
training/notflip/0033_000000020,notflip,fit
training/notflip/0033_000000021,notflip,fit
training/notflip/0033_000000022,notflip,fit
training/notflip/0033_000000023,notflip,fit
training/notflip/0033_000000024,notflip,fit
training/notflip/0033_000000026,notflip,fit
training/notflip/0033_000000028,notflip,fit
training/notflip/0033_000000029,notflip,validation
training/notflip/0033_000000030,notflip,validation
training/notflip/0034_000000001,notflip,validation
training/notflip/0034_000000002,notflip,fit
training/notflip/0034_000000003,notflip,fit
training/notflip/0034_000000004,notflip,fit
training/notflip/0034_000000005,notflip,fit
training/notflip/0034_000000006,notflip,fit
training/notflip/0034_000000007,notflip,fit
training/notflip/0034_000000009,notflip,fit
training/notflip/0034_000000010,notflip,fit
training/notflip/0034_000000011,notflip,fit
training/notflip/0034_000000012,notflip,fit
training/notflip/0034_000000013,notflip,fit
training/notflip/0034_000000014,notflip,fit
training/notflip/0034_000000015,notflip,fit
training/notflip/0034_000000016,notflip,fit
training/notflip/0034_000000018,notflip,fit
training/notflip/0034_000000019,notflip,fit
training/notflip/0034_000000020,notflip,fit
training/notflip/0034_000000021,notflip,fit
training/notflip/0034_000000022,notflip,fit
training/notflip/0034_000000023,notflip,validation
training/notflip/0034_000000024,notflip,fit
training/notflip/0034_000000026,notflip,validation
training/notflip/0034_000000027,notflip,fit
training/notflip/0034_000000028,notflip,fit
training/notflip/0034_000000029,notflip,fit
training/notflip/0035_000000001,notflip,fit
training/notflip/0035_000000002,notflip,fit
training/notflip/0035_000000003,notflip,fit
training/notflip/0035_000000004,notflip,fit
training/notflip/0035_000000005,notflip,fit
training/notflip/0035_000000006,notflip,fit
training/notflip/0035_000000007,notflip,fit
training/notflip/0035_000000008,notflip,fit
training/notflip/0035_000000010,notflip,fit
training/notflip/0035_000000012,notflip,fit
training/notflip/0035_000000013,notflip,validation
training/notflip/0035_000000014,notflip,fit
training/notflip/0035_000000017,notflip,fit
training/notflip/0035_000000018,notflip,fit
training/notflip/0035_000000019,notflip,fit
training/notflip/0035_000000020,notflip,fit
training/notflip/0035_000000021,notflip,fit
training/notflip/0035_000000022,notflip,fit
training/notflip/0035_000000023,notflip,validation
training/notflip/0035_000000024,notflip,fit
training/notflip/0035_000000025,notflip,fit
training/notflip/0035_000000027,notflip,fit
training/notflip/0035_000000028,notflip,validation
training/notflip/0035_000000029,notflip,fit
training/notflip/0035_000000030,notflip,validation
training/notflip/0035_000000031,notflip,fit
training/notflip/0035_000000032,notflip,fit
training/notflip/0036_000000002,notflip,fit
training/notflip/0036_000000003,notflip,fit
training/notflip/0036_000000006,notflip,fit
training/notflip/0036_000000007,notflip,fit
training/notflip/0036_000000008,notflip,fit
training/notflip/0036_000000009,notflip,fit
training/notflip/0036_000000010,notflip,fit
training/notflip/0036_000000011,notflip,fit
training/notflip/0036_000000012,notflip,fit
training/notflip/0036_000000013,notflip,fit
training/notflip/0036_000000015,notflip,fit
training/notflip/0036_000000016,notflip,fit
training/notflip/0036_000000017,notflip,fit
training/notflip/0036_000000018,notflip,fit
training/notflip/0036_000000019,notflip,fit
training/notflip/0036_000000021,notflip,fit
training/notflip/0036_000000022,notflip,validation
training/notflip/0036_000000023,notflip,fit
training/notflip/0036_000000024,notflip,fit
training/notflip/0036_000000026,notflip,fit
training/notflip/0036_000000027,notflip,fit
training/notflip/0036_000000029,notflip,fit
training/notflip/0037_000000001,notflip,fit
training/notflip/0037_000000003,notflip,fit
training/notflip/0037_000000005,notflip,fit
training/notflip/0037_000000006,notflip,fit
training/notflip/0037_000000009,notflip,validation
training/notflip/0037_000000011,notflip,fit
training/notflip/0037_000000012,notflip,fit
training/notflip/0037_000000013,notflip,fit
training/notflip/0037_000000016,notflip,fit
training/notflip/0037_000000017,notflip,fit
training/notflip/0037_000000020,notflip,fit
training/notflip/0037_000000021,notflip,fit
training/notflip/0037_000000022,notflip,validation
training/notflip/0037_000000023,notflip,fit
training/notflip/0037_000000024,notflip,fit
training/notflip/0037_000000026,notflip,validation
training/notflip/0037_000000027,notflip,fit
training/notflip/0037_000000029,notflip,fit
training/notflip/0037_000000030,notflip,fit
training/notflip/0038_000000001,notflip,fit
training/notflip/0038_000000002,notflip,fit
training/notflip/0038_000000003,notflip,validation
training/notflip/0038_000000004,notflip,fit
training/notflip/0038_000000006,notflip,fit
training/notflip/0038_000000007,notflip,fit
training/notflip/0038_000000012,notflip,fit
training/notflip/0038_000000013,notflip,fit
training/notflip/0038_000000014,notflip,fit
training/notflip/0038_000000015,notflip,fit
training/notflip/0038_000000016,notflip,fit
training/notflip/0038_000000017,notflip,fit
training/notflip/0038_000000018,notflip,fit
training/notflip/0038_000000019,notflip,fit
training/notflip/0038_000000021,notflip,fit
training/notflip/0038_000000024,notflip,fit
training/notflip/0038_000000025,notflip,fit
training/notflip/0038_000000026,notflip,fit
training/notflip/0038_000000027,notflip,fit
training/notflip/0038_000000028,notflip,fit
training/notflip/0038_000000029,notflip,validation
training/notflip/0038_000000030,notflip,fit
training/notflip/0039_000000001,notflip,fit
training/notflip/0039_000000002,notflip,fit
training/notflip/0039_000000004,notflip,fit
training/notflip/0039_000000005,notflip,fit
training/notflip/0039_000000006,notflip,fit
training/notflip/0039_000000007,notflip,fit
training/notflip/0039_000000008,notflip,fit
training/notflip/0039_000000009,notflip,fit
training/notflip/0039_000000010,notflip,fit
training/notflip/0039_000000011,notflip,fit
training/notflip/0039_000000012,notflip,fit
training/notflip/0039_000000013,notflip,fit
training/notflip/0039_000000014,notflip,fit
training/notflip/0039_000000015,notflip,fit
training/notflip/0039_000000016,notflip,fit
training/notflip/0039_000000017,notflip,fit
training/notflip/0039_000000018,notflip,fit
training/notflip/0039_000000019,notflip,fit
training/notflip/0039_000000020,notflip,fit
training/notflip/0039_000000021,notflip,fit
training/notflip/0039_000000023,notflip,validation
training/notflip/0039_000000024,notflip,fit
training/notflip/0039_000000025,notflip,fit
training/notflip/0039_000000027,notflip,fit
training/notflip/0039_000000028,notflip,fit
training/notflip/0039_000000029,notflip,fit
training/notflip/0039_000000030,notflip,fit
training/notflip/0040_000000001,notflip,fit
training/notflip/0040_000000002,notflip,fit
training/notflip/0040_000000003,notflip,fit
training/notflip/0040_000000008,notflip,fit
training/notflip/0040_000000009,notflip,fit
training/notflip/0040_000000010,notflip,fit
training/notflip/0040_000000013,notflip,fit
training/notflip/0040_000000015,notflip,fit
training/notflip/0040_000000019,notflip,validation
training/notflip/0040_000000020,notflip,fit
training/notflip/0040_000000021,notflip,fit
training/notflip/0040_000000022,notflip,fit
training/notflip/0040_000000023,notflip,fit
training/notflip/0040_000000024,notflip,fit
training/notflip/0040_000000025,notflip,fit
training/notflip/0040_000000026,notflip,fit
training/notflip/0040_000000027,notflip,fit
training/notflip/0040_000000028,notflip,fit
training/notflip/0040_000000029,notflip,fit
training/notflip/0040_000000030,notflip,validation
training/notflip/0041_000000002,notflip,fit
training/notflip/0041_000000004,notflip,fit
training/notflip/0041_000000005,notflip,fit
training/notflip/0041_000000007,notflip,fit
training/notflip/0041_000000008,notflip,fit
training/notflip/0041_000000009,notflip,fit
training/notflip/0041_000000010,notflip,validation
training/notflip/0041_000000012,notflip,fit
training/notflip/0041_000000013,notflip,fit
training/notflip/0041_000000016,notflip,fit
training/notflip/0041_000000017,notflip,fit
training/notflip/0041_000000018,notflip,fit
training/notflip/0041_000000019,notflip,fit
training/notflip/0041_000000020,notflip,fit
training/notflip/0041_000000023,notflip,fit
training/notflip/0041_000000024,notflip,validation
training/notflip/0041_000000025,notflip,validation
training/notflip/0041_000000026,notflip,fit
training/notflip/0041_000000027,notflip,fit
training/notflip/0041_000000029,notflip,fit
training/notflip/0041_000000030,notflip,fit
training/notflip/0041_000000031,notflip,fit
training/notflip/0041_000000032,notflip,fit
training/notflip/0041_000000033,notflip,fit
training/notflip/0041_000000035,notflip,fit
training/notflip/0041_000000037,notflip,validation
training/notflip/0042_000000002,notflip,fit
training/notflip/0042_000000003,notflip,fit
training/notflip/0042_000000004,notflip,fit
training/notflip/0042_000000005,notflip,fit
training/notflip/0042_000000008,notflip,fit
training/notflip/0042_000000009,notflip,fit
training/notflip/0042_000000010,notflip,fit
training/notflip/0042_000000011,notflip,fit
training/notflip/0042_000000012,notflip,fit
training/notflip/0042_000000014,notflip,fit
training/notflip/0042_000000015,notflip,fit
training/notflip/0042_000000016,notflip,fit
training/notflip/0042_000000017,notflip,fit
training/notflip/0042_000000018,notflip,fit
training/notflip/0042_000000019,notflip,fit
training/notflip/0042_000000020,notflip,fit
training/notflip/0042_000000022,notflip,fit
training/notflip/0042_000000023,notflip,fit
training/notflip/0042_000000025,notflip,fit
training/notflip/0042_000000026,notflip,fit
training/notflip/0042_000000028,notflip,fit
training/notflip/0042_000000029,notflip,fit
training/notflip/0043_000000001,notflip,fit
training/notflip/0043_000000002,notflip,fit
training/notflip/0043_000000003,notflip,fit
training/notflip/0043_000000004,notflip,validation
training/notflip/0043_000000005,notflip,fit
training/notflip/0043_000000006,notflip,fit
training/notflip/0043_000000007,notflip,fit
training/notflip/0043_000000008,notflip,fit
training/notflip/0043_000000009,notflip,fit
training/notflip/0043_000000010,notflip,fit
training/notflip/0043_000000011,notflip,fit
training/notflip/0043_000000012,notflip,fit
training/notflip/0043_000000013,notflip,fit
training/notflip/0043_000000014,notflip,fit
training/notflip/0043_000000015,notflip,fit
training/notflip/0043_000000016,notflip,fit
training/notflip/0043_000000017,notflip,fit
training/notflip/0043_000000018,notflip,fit
training/notflip/0043_000000019,notflip,validation
training/notflip/0043_000000020,notflip,fit
training/notflip/0043_000000021,notflip,fit
training/notflip/0043_000000022,notflip,fit
training/notflip/0043_000000025,notflip,fit
training/notflip/0043_000000027,notflip,fit
training/notflip/0043_000000028,notflip,fit
training/notflip/0043_000000029,notflip,fit
training/notflip/0043_000000030,notflip,fit
training/notflip/0044_000000001,notflip,fit
training/notflip/0044_000000002,notflip,fit
training/notflip/0044_000000003,notflip,fit
training/notflip/0044_000000004,notflip,fit
training/notflip/0044_000000005,notflip,fit
training/notflip/0044_000000007,notflip,fit
training/notflip/0044_000000008,notflip,validation
training/notflip/0044_000000009,notflip,fit
training/notflip/0044_000000010,notflip,fit
training/notflip/0044_000000011,notflip,fit
training/notflip/0044_000000012,notflip,fit
training/notflip/0044_000000013,notflip,fit
training/notflip/0044_000000015,notflip,fit
training/notflip/0044_000000016,notflip,validation
training/notflip/0044_000000017,notflip,fit
training/notflip/0044_000000018,notflip,fit
training/notflip/0044_000000019,notflip,validation
training/notflip/0044_000000020,notflip,fit
training/notflip/0044_000000021,notflip,fit
training/notflip/0044_000000022,notflip,fit
training/notflip/0044_000000023,notflip,validation
training/notflip/0044_000000024,notflip,fit
training/notflip/0044_000000025,notflip,fit
training/notflip/0044_000000026,notflip,fit
training/notflip/0044_000000028,notflip,validation
training/notflip/0044_000000029,notflip,fit
training/notflip/0044_000000030,notflip,fit
training/notflip/0045_000000001,notflip,validation
training/notflip/0045_000000002,notflip,validation
training/notflip/0045_000000003,notflip,fit
training/notflip/0045_000000004,notflip,fit
training/notflip/0045_000000006,notflip,validation
training/notflip/0045_000000007,notflip,fit
training/notflip/0045_000000008,notflip,fit
training/notflip/0045_000000009,notflip,fit
training/notflip/0045_000000010,notflip,fit
training/notflip/0045_000000011,notflip,fit
training/notflip/0045_000000014,notflip,fit
training/notflip/0045_000000015,notflip,validation
training/notflip/0045_000000017,notflip,fit
training/notflip/0045_000000019,notflip,fit
training/notflip/0045_000000020,notflip,fit
training/notflip/0045_000000021,notflip,fit
training/notflip/0045_000000023,notflip,fit
training/notflip/0045_000000024,notflip,fit
training/notflip/0045_000000025,notflip,validation
training/notflip/0045_000000027,notflip,fit
training/notflip/0045_000000029,notflip,fit
training/notflip/0046_000000001,notflip,fit
training/notflip/0046_000000002,notflip,fit
training/notflip/0046_000000004,notflip,fit
training/notflip/0046_000000005,notflip,fit
training/notflip/0046_000000006,notflip,fit
training/notflip/0046_000000007,notflip,fit
training/notflip/0046_000000008,notflip,fit
training/notflip/0046_000000009,notflip,fit
training/notflip/0046_000000010,notflip,fit
training/notflip/0046_000000013,notflip,fit
training/notflip/0046_000000014,notflip,fit
training/notflip/0046_000000015,notflip,fit
training/notflip/0046_000000016,notflip,validation
training/notflip/0046_000000017,notflip,fit
training/notflip/0046_000000018,notflip,fit
training/notflip/0046_000000019,notflip,fit
training/notflip/0046_000000020,notflip,fit
training/notflip/0046_000000021,notflip,fit
training/notflip/0046_000000022,notflip,fit
training/notflip/0046_000000023,notflip,fit
training/notflip/0046_000000024,notflip,fit
training/notflip/0046_000000025,notflip,fit
training/notflip/0046_000000026,notflip,fit
training/notflip/0046_000000029,notflip,fit
training/notflip/0046_000000030,notflip,fit
training/notflip/0047_000000001,notflip,fit
training/notflip/0047_000000002,notflip,fit
training/notflip/0047_000000003,notflip,fit
training/notflip/0047_000000004,notflip,fit
training/notflip/0047_000000005,notflip,fit
training/notflip/0047_000000007,notflip,fit
training/notflip/0047_000000008,notflip,fit
training/notflip/0047_000000010,notflip,fit
training/notflip/0047_000000011,notflip,fit
training/notflip/0047_000000012,notflip,fit
training/notflip/0047_000000013,notflip,fit
training/notflip/0047_000000014,notflip,fit
training/notflip/0047_000000015,notflip,fit
training/notflip/0047_000000016,notflip,fit
training/notflip/0047_000000017,notflip,fit
training/notflip/0047_000000018,notflip,fit
training/notflip/0047_000000019,notflip,fit
training/notflip/0047_000000020,notflip,fit
training/notflip/0047_000000021,notflip,validation
training/notflip/0047_000000022,notflip,validation
training/notflip/0047_000000023,notflip,validation
training/notflip/0047_000000026,notflip,fit
training/notflip/0047_000000027,notflip,fit
training/notflip/0047_000000028,notflip,fit
training/notflip/0047_000000030,notflip,fit
training/notflip/0048_000000001,notflip,fit
training/notflip/0048_000000002,notflip,fit
training/notflip/0048_000000003,notflip,fit
training/notflip/0048_000000004,notflip,fit
training/notflip/0048_000000005,notflip,fit
training/notflip/0048_000000006,notflip,fit
training/notflip/0048_000000007,notflip,fit
training/notflip/0048_000000008,notflip,fit
training/notflip/0048_000000009,notflip,fit
training/notflip/0048_000000010,notflip,validation
training/notflip/0048_000000011,notflip,fit
training/notflip/0048_000000012,notflip,fit
training/notflip/0048_000000013,notflip,fit
training/notflip/0048_000000014,notflip,fit
training/notflip/0048_000000016,notflip,fit
training/notflip/0048_000000017,notflip,fit
training/notflip/0048_000000018,notflip,fit
training/notflip/0048_000000019,notflip,fit
training/notflip/0048_000000020,notflip,fit
training/notflip/0048_000000021,notflip,validation
training/notflip/0048_000000022,notflip,validation
training/notflip/0048_000000023,notflip,fit
training/notflip/0048_000000024,notflip,fit
training/notflip/0048_000000027,notflip,fit
training/notflip/0048_000000028,notflip,fit
training/notflip/0048_000000029,notflip,fit
training/notflip/0049_000000001,notflip,fit
training/notflip/0049_000000002,notflip,fit
training/notflip/0049_000000003,notflip,fit
training/notflip/0049_000000004,notflip,validation
training/notflip/0049_000000005,notflip,fit
training/notflip/0049_000000007,notflip,fit
training/notflip/0049_000000008,notflip,fit
training/notflip/0049_000000009,notflip,fit
training/notflip/0049_000000010,notflip,fit
training/notflip/0049_000000013,notflip,fit
training/notflip/0049_000000014,notflip,fit
training/notflip/0049_000000015,notflip,fit
training/notflip/0049_000000016,notflip,fit
training/notflip/0049_000000017,notflip,fit
training/notflip/0049_000000019,notflip,fit
training/notflip/0049_000000020,notflip,validation
training/notflip/0049_000000021,notflip,fit
training/notflip/0049_000000023,notflip,fit
training/notflip/0049_000000024,notflip,fit
training/notflip/0049_000000025,notflip,fit
training/notflip/0049_000000027,notflip,fit
training/notflip/0049_000000029,notflip,fit
training/notflip/0049_000000030,notflip,fit
training/notflip/0050_000000001,notflip,fit
training/notflip/0050_000000002,notflip,fit
training/notflip/0050_000000003,notflip,fit
training/notflip/0050_000000004,notflip,fit
training/notflip/0050_000000005,notflip,fit
training/notflip/0050_000000006,notflip,fit
training/notflip/0050_000000007,notflip,fit
training/notflip/0050_000000008,notflip,fit
training/notflip/0050_000000009,notflip,validation
training/notflip/0050_000000010,notflip,fit
training/notflip/0050_000000012,notflip,fit
training/notflip/0050_000000014,notflip,fit
training/notflip/0050_000000015,notflip,fit
training/notflip/0050_000000016,notflip,validation
training/notflip/0050_000000017,notflip,fit
training/notflip/0050_000000018,notflip,fit
training/notflip/0050_000000019,notflip,fit
training/notflip/0050_000000020,notflip,fit
training/notflip/0050_000000021,notflip,fit
training/notflip/0050_000000022,notflip,fit
training/notflip/0050_000000023,notflip,fit
training/notflip/0050_000000024,notflip,fit
training/notflip/0050_000000025,notflip,fit
training/notflip/0050_000000026,notflip,fit
training/notflip/0050_000000027,notflip,fit
training/notflip/0050_000000028,notflip,fit
training/notflip/0050_000000029,notflip,fit
training/notflip/0051_000000001,notflip,fit
training/notflip/0051_000000003,notflip,validation
training/notflip/0051_000000004,notflip,fit
training/notflip/0051_000000005,notflip,fit
training/notflip/0051_000000006,notflip,fit
training/notflip/0051_000000007,notflip,fit
training/notflip/0051_000000008,notflip,validation
training/notflip/0051_000000009,notflip,fit
training/notflip/0051_000000010,notflip,fit
training/notflip/0051_000000011,notflip,fit
training/notflip/0051_000000013,notflip,validation
training/notflip/0051_000000014,notflip,fit
training/notflip/0051_000000015,notflip,fit
training/notflip/0051_000000016,notflip,fit
training/notflip/0051_000000017,notflip,fit
training/notflip/0051_000000018,notflip,fit
training/notflip/0051_000000019,notflip,fit
training/notflip/0051_000000020,notflip,fit
training/notflip/0051_000000021,notflip,fit
training/notflip/0051_000000022,notflip,fit
training/notflip/0051_000000023,notflip,fit
training/notflip/0051_000000024,notflip,fit
training/notflip/0051_000000026,notflip,fit
training/notflip/0051_000000027,notflip,fit
training/notflip/0051_000000028,notflip,fit
training/notflip/0051_000000029,notflip,fit
training/notflip/0051_000000030,notflip,fit
training/notflip/0052_000000001,notflip,validation
training/notflip/0052_000000002,notflip,fit
training/notflip/0052_000000003,notflip,fit
training/notflip/0052_000000004,notflip,fit
training/notflip/0052_000000005,notflip,fit
training/notflip/0052_000000007,notflip,validation
training/notflip/0052_000000008,notflip,fit
training/notflip/0052_000000009,notflip,fit
training/notflip/0052_000000010,notflip,fit
training/notflip/0052_000000011,notflip,fit
training/notflip/0052_000000012,notflip,fit
training/notflip/0052_000000013,notflip,fit
training/notflip/0052_000000015,notflip,fit
training/notflip/0052_000000016,notflip,fit
training/notflip/0052_000000017,notflip,fit
training/notflip/0052_000000018,notflip,fit
training/notflip/0052_000000019,notflip,fit
training/notflip/0052_000000020,notflip,fit
training/notflip/0052_000000021,notflip,validation
training/notflip/0052_000000023,notflip,fit
training/notflip/0052_000000024,notflip,validation
training/notflip/0052_000000025,notflip,fit
training/notflip/0052_000000026,notflip,fit
training/notflip/0052_000000027,notflip,fit
training/notflip/0052_000000028,notflip,validation
training/notflip/0052_000000030,notflip,fit
training/notflip/0053_000000002,notflip,fit
training/notflip/0053_000000003,notflip,validation
training/notflip/0053_000000004,notflip,fit
training/notflip/0053_000000005,notflip,fit
training/notflip/0053_000000006,notflip,fit
training/notflip/0053_000000007,notflip,fit
training/notflip/0053_000000009,notflip,fit
training/notflip/0053_000000010,notflip,fit
training/notflip/0053_000000012,notflip,fit
training/notflip/0053_000000013,notflip,fit
training/notflip/0053_000000014,notflip,fit
training/notflip/0053_000000015,notflip,fit
training/notflip/0053_000000018,notflip,validation
training/notflip/0053_000000019,notflip,fit
training/notflip/0053_000000020,notflip,fit
training/notflip/0053_000000021,notflip,fit
training/notflip/0053_000000022,notflip,fit
training/notflip/0053_000000023,notflip,fit
training/notflip/0053_000000024,notflip,fit
training/notflip/0053_000000026,notflip,fit
training/notflip/0053_000000027,notflip,fit
training/notflip/0053_000000028,notflip,fit
training/notflip/0053_000000029,notflip,validation
training/notflip/0053_000000030,notflip,fit
training/notflip/0054_000000001,notflip,validation
training/notflip/0054_000000002,notflip,fit
training/notflip/0054_000000003,notflip,fit
training/notflip/0054_000000004,notflip,fit
training/notflip/0054_000000005,notflip,fit
training/notflip/0054_000000006,notflip,fit
training/notflip/0054_000000007,notflip,fit
training/notflip/0054_000000008,notflip,fit
training/notflip/0054_000000009,notflip,fit
training/notflip/0054_000000011,notflip,fit
training/notflip/0054_000000012,notflip,fit
training/notflip/0054_000000013,notflip,fit
training/notflip/0054_000000014,notflip,fit
training/notflip/0054_000000015,notflip,fit
training/notflip/0054_000000016,notflip,fit
training/notflip/0054_000000017,notflip,fit
training/notflip/0054_000000018,notflip,validation
training/notflip/0054_000000019,notflip,fit
training/notflip/0054_000000021,notflip,fit
training/notflip/0054_000000022,notflip,fit
training/notflip/0054_000000024,notflip,fit
training/notflip/0054_000000025,notflip,validation
training/notflip/0054_000000026,notflip,fit
training/notflip/0054_000000028,notflip,fit
training/notflip/0054_000000029,notflip,validation
training/notflip/0054_000000030,notflip,fit
training/notflip/0055_000000001,notflip,fit
training/notflip/0055_000000002,notflip,fit
training/notflip/0055_000000003,notflip,fit
training/notflip/0055_000000004,notflip,fit
training/notflip/0055_000000005,notflip,fit
training/notflip/0055_000000006,notflip,fit
training/notflip/0055_000000007,notflip,fit
training/notflip/0055_000000008,notflip,fit
training/notflip/0055_000000009,notflip,fit
training/notflip/0055_000000010,notflip,fit
training/notflip/0055_000000011,notflip,fit
training/notflip/0055_000000014,notflip,fit
training/notflip/0055_000000015,notflip,fit
training/notflip/0055_000000017,notflip,fit
training/notflip/0055_000000018,notflip,fit
training/notflip/0055_000000019,notflip,fit
training/notflip/0055_000000020,notflip,fit
training/notflip/0055_000000021,notflip,fit
training/notflip/0055_000000022,notflip,fit
training/notflip/0055_000000023,notflip,validation
training/notflip/0055_000000024,notflip,fit
training/notflip/0055_000000025,notflip,fit
training/notflip/0055_000000026,notflip,fit
training/notflip/0055_000000027,notflip,fit
training/notflip/0055_000000028,notflip,fit
training/notflip/0055_000000029,notflip,fit
training/notflip/0055_000000030,notflip,fit
training/notflip/0056_000000001,notflip,fit
training/notflip/0056_000000002,notflip,fit
training/notflip/0056_000000003,notflip,fit
training/notflip/0056_000000005,notflip,fit
training/notflip/0056_000000006,notflip,fit
training/notflip/0056_000000008,notflip,fit
training/notflip/0056_000000009,notflip,fit
training/notflip/0056_000000010,notflip,fit
training/notflip/0056_000000012,notflip,fit
training/notflip/0056_000000014,notflip,validation
training/notflip/0056_000000015,notflip,fit
training/notflip/0056_000000016,notflip,fit
training/notflip/0056_000000017,notflip,fit
training/notflip/0056_000000018,notflip,fit
training/notflip/0056_000000019,notflip,fit
training/notflip/0056_000000020,notflip,fit
training/notflip/0056_000000021,notflip,fit
training/notflip/0056_000000023,notflip,fit
training/notflip/0056_000000025,notflip,fit
training/notflip/0056_000000026,notflip,fit
training/notflip/0056_000000028,notflip,fit
training/notflip/0056_000000029,notflip,fit
training/notflip/0056_000000030,notflip,validation
training/notflip/0057_000000001,notflip,fit
training/notflip/0057_000000002,notflip,fit
training/notflip/0057_000000004,notflip,fit
training/notflip/0057_000000005,notflip,fit
training/notflip/0057_000000006,notflip,fit
training/notflip/0057_000000008,notflip,fit
training/notflip/0057_000000009,notflip,fit
training/notflip/0057_000000010,notflip,fit
training/notflip/0057_000000011,notflip,fit
training/notflip/0057_000000013,notflip,fit
training/notflip/0057_000000014,notflip,fit
training/notflip/0057_000000015,notflip,fit
training/notflip/0057_000000016,notflip,fit
training/notflip/0057_000000017,notflip,fit
training/notflip/0057_000000018,notflip,fit
training/notflip/0057_000000019,notflip,fit
training/notflip/0057_000000020,notflip,fit
training/notflip/0057_000000021,notflip,fit
training/notflip/0057_000000022,notflip,fit
training/notflip/0057_000000024,notflip,fit
training/notflip/0057_000000025,notflip,fit
training/notflip/0057_000000026,notflip,fit
training/notflip/0057_000000028,notflip,fit
training/notflip/0057_000000029,notflip,validation
training/notflip/0057_000000030,notflip,fit
training/notflip/0058_000000001,notflip,fit
training/notflip/0058_000000003,notflip,fit
training/notflip/0058_000000005,notflip,fit
training/notflip/0058_000000006,notflip,fit
training/notflip/0058_000000007,notflip,fit
training/notflip/0058_000000008,notflip,fit
training/notflip/0058_000000009,notflip,fit
training/notflip/0058_000000010,notflip,fit
training/notflip/0058_000000011,notflip,fit
training/notflip/0058_000000012,notflip,fit
training/notflip/0058_000000014,notflip,fit
training/notflip/0058_000000015,notflip,fit
training/notflip/0058_000000016,notflip,fit
training/notflip/0058_000000017,notflip,fit
training/notflip/0058_000000019,notflip,fit
training/notflip/0058_000000022,notflip,validation
training/notflip/0058_000000023,notflip,fit
training/notflip/0058_000000024,notflip,fit
training/notflip/0058_000000026,notflip,fit
training/notflip/0058_000000027,notflip,fit
training/notflip/0058_000000028,notflip,fit
training/notflip/0058_000000029,notflip,fit
training/notflip/0058_000000030,notflip,fit
