dataset,path,label,split,video_id,frame_num,width,height,channels,brightness_mean,contrast_std,saturation_mean,sharpness_laplacian_var,edge_density,entropy_bits,jpeg_bytes
original,testing/flip/0001_000000020.jpg,flip,testing,0001,20,1080,1920,3,0.4652371323529412,0.23428502938149864,0.2396419601791334,597.8551993131764,0.07874228395061729,7.270855051724052,360695
original,testing/flip/0002_000000012.jpg,flip,testing,0002,12,1080,1920,3,0.5492801909343985,0.25434295884654234,0.17177062719377875,434.4130039008916,0.055401234567901234,7.3626613626205994,299655
original,testing/flip/0002_000000013.jpg,flip,testing,0002,13,1080,1920,3,0.5381004958696443,0.24690497029245262,0.1770460031620673,458.3575307032083,0.05887345679012346,7.342984898898185,307808
original,testing/flip/0002_000000015.jpg,flip,testing,0002,15,1080,1920,3,0.49241425918361176,0.23299244570630553,0.19589464566690876,450.06584319058646,0.05619598765432099,7.310909260141868,299937
original,testing/flip/0002_000000017.jpg,flip,testing,0002,17,1080,1920,3,0.47446106610082306,0.22433252501322268,0.21283846601912368,453.2667846316658,0.05816358024691358,7.233671998674507,307731
original,testing/flip/0003_000000005.jpg,flip,testing,0003,5,1080,1920,3,0.547814614348826,0.2590484477238038,0.18671163723977247,783.017358070178,0.096875,7.307283340494507,394555
original,testing/flip/0003_000000008.jpg,flip,testing,0003,8,1080,1920,3,0.5468405349794239,0.259903933535295,0.18702177892762045,795.7040416085582,0.09672067901234568,7.321631310541148,396788
original,testing/flip/0003_000000022.jpg,flip,testing,0003,22,1080,1920,3,0.4835840444202372,0.23305212471961007,0.22869890954066813,512.9975953167867,0.07825617283950617,7.165894017928677,347271
original,testing/flip/0003_000000025.jpg,flip,testing,0003,25,1080,1920,3,0.495390025493222,0.22997143078131846,0.23204145674473492,289.8057507427888,0.04594907407407407,7.034215316860613,274031
original,testing/flip/0004_000000006.jpg,flip,testing,0004,6,1080,1920,3,0.5433719230361898,0.2531276760587194,0.1829982487593803,469.4148070939429,0.07797839506172839,7.241017237792326,332756
original,testing/flip/0004_000000013.jpg,flip,testing,0004,13,1080,1920,3,0.5425679239288308,0.2653890168229936,0.18030575602154442,365.6394252362445,0.06598765432098766,7.3458100436247316,309282
original,testing/flip/0004_000000014.jpg,flip,testing,0004,14,1080,1920,3,0.5394560733629872,0.26387535411034513,0.18111399706487533,332.5028163565363,0.06422067901234568,7.347656547384453,300529
original,testing/flip/0004_000000027.jpg,flip,testing,0004,27,1080,1920,3,0.4467398878146938,0.22064968847153432,0.25026925419087387,303.1982674554184,0.062183641975308644,7.143242638269621,300314
original,testing/flip/0005_000000003.jpg,flip,testing,0005,3,1080,1920,3,0.5604640125726217,0.25392862658837884,0.169074722751755,480.55467428531284,0.08530864197530864,7.17185837509705,340970
original,testing/flip/0005_000000008.jpg,flip,testing,0005,8,1080,1920,3,0.5539249765492618,0.2520085113831463,0.17025815291394336,664.3303223534427,0.09540123456790124,7.167160157792696,391868
original,testing/flip/0005_000000018.jpg,flip,testing,0005,18,1080,1920,3,0.5232558986171628,0.2553695148109001,0.18997428740014524,448.52657119246305,0.058479938271604935,7.36730176835298,308646
original,testing/flip/0005_000000023.jpg,flip,testing,0005,23,1080,1920,3,0.46851341420055675,0.2386259084452784,0.21873710398511256,486.0209182069592,0.06838734567901235,7.286563870381609,330245
original,testing/flip/0005_000000028.jpg,flip,testing,0005,28,1080,1920,3,0.43472216926894214,0.23916147671187316,0.24014447735112562,410.70121048948096,0.054421296296296294,7.161591597641077,285560
original,testing/flip/0006_000000001.jpg,flip,testing,0006,1,1080,1920,3,0.521104977986565,0.2745155054342625,0.17039841291454855,553.1822833311901,0.059459876543209875,7.262738566324331,291943
original,testing/flip/0006_000000006.jpg,flip,testing,0006,6,1080,1920,3,0.5229403727154442,0.2740032524159621,0.17110849181493584,533.3664341478052,0.056442901234567903,7.263543253402325,299163
original,testing/flip/0006_000000008.jpg,flip,testing,0006,8,1080,1920,3,0.522892716654563,0.2741212144849633,0.17313443135741952,540.1439581260836,0.05767746913580247,7.294977990819772,303318
original,testing/flip/0006_000000012.jpg,flip,testing,0006,12,1080,1920,3,0.521286668255265,0.27184865725934504,0.17975788814754295,466.45925152600364,0.055030864197530865,7.296250484520245,297542
original,testing/flip/0006_000000021.jpg,flip,testing,0006,21,1080,1920,3,0.5014418289306464,0.27149346626453363,0.19691368615347374,405.11143225094304,0.05635030864197531,7.435295761014431,296033
original,testing/flip/0006_000000022.jpg,flip,testing,0006,22,1080,1920,3,0.49888541477547804,0.26916457736745975,0.20040807877935127,403.8566342783112,0.057777777777777775,7.429986162664491,303494
original,testing/flip/0006_000000024.jpg,flip,testing,0006,24,1080,1920,3,0.49311535682946017,0.2656166067851412,0.20801860740438152,409.585692384688,0.0636111111111111,7.390674730986005,318268
original,testing/flip/0006_000000025.jpg,flip,testing,0006,25,1080,1920,3,0.49237839468349065,0.26389229711998086,0.21170599582425562,411.8098643246433,0.06460648148148149,7.360123948702251,325771
original,testing/flip/0006_000000030.jpg,flip,testing,0006,30,1080,1920,3,0.5223199777596224,0.23972101298496057,0.21234418875574923,391.3406396985382,0.08058641975308642,7.068827965017725,331852
original,testing/flip/0007_000000008.jpg,flip,testing,0007,8,1080,1920,3,0.5576123366013072,0.2564221543918027,0.18097818892217382,50.138888888888886,0.02084104938271605,7.316683597231654,224327
original,testing/flip/0007_000000018.jpg,flip,testing,0007,18,1080,1920,3,0.5261349949316146,0.2567772489856771,0.19359180018458,200.83585648856644,0.04952932098765432,7.374024966518493,258520
original,testing/flip/0007_000000024.jpg,flip,testing,0007,24,1080,1920,3,0.4637544613138465,0.23530473180326988,0.23468824323710966,423.0957483662337,0.06412037037037037,7.2706592395259,308434
original,testing/flip/0008_000000005.jpg,flip,testing,0008,5,1080,1920,3,0.5543223795691116,0.26209004294612204,0.1756775769335512,767.3685934918458,0.08626543209876543,7.294939030017302,370051
original,testing/flip/0008_000000007.jpg,flip,testing,0008,7,1080,1920,3,0.5551607264433551,0.26444944164246625,0.1766370544359719,789.7789581660926,0.08652006172839506,7.317949356169576,373446
original,testing/flip/0008_000000023.jpg,flip,testing,0008,23,1080,1920,3,0.47317019751573464,0.23021245579916308,0.22796778171145002,677.6605347029321,0.08832561728395062,7.209824030746515,384376
original,testing/flip/0008_000000026.jpg,flip,testing,0008,26,1080,1920,3,0.46445222857661583,0.23483145320644455,0.23197755726519,481.6514829984353,0.07106481481481482,7.222932165863059,329842
original,testing/flip/0008_000000029.jpg,flip,testing,0008,29,1080,1920,3,0.46864324240498667,0.23887214978367843,0.23654085345557976,408.2329699216369,0.06207561728395062,7.194111178588398,314723
original,testing/flip/0009_000000007.jpg,flip,testing,0009,7,1080,1920,3,0.5520158897664004,0.276726531354147,0.1722709978667393,659.6807453665599,0.0679783950617284,7.360672293889941,343905
original,testing/flip/0009_000000016.jpg,flip,testing,0009,16,1080,1920,3,0.5036518208363592,0.2624415652948611,0.19635579687121762,482.4894113768266,0.056157407407407406,7.3966388398977205,297366
original,testing/flip/0009_000000019.jpg,flip,testing,0009,19,1080,1920,3,0.47790647694262894,0.2518877443050927,0.21040410539215687,486.647251314348,0.06032407407407407,7.3650445705511505,305602
original,testing/flip/0009_000000020.jpg,flip,testing,0009,20,1080,1920,3,0.462070720996732,0.24105210267892044,0.22208175608206246,526.9015476417825,0.06864197530864198,7.266341448445997,321938
original,testing/flip/0009_000000023.jpg,flip,testing,0009,23,1080,1920,3,0.4459431168300654,0.23301501549284945,0.2354068570715323,497.77478278838737,0.06682870370370371,7.209208715058628,325291
original,testing/flip/0009_000000025.jpg,flip,testing,0009,25,1080,1920,3,0.46010811357722103,0.23628119737214245,0.234176667271847,383.64704010767935,0.05567901234567901,7.185339797657976,291198
original,testing/flip/0009_000000026.jpg,flip,testing,0009,26,1080,1920,3,0.46411965550108936,0.23545156028920483,0.23824628003207454,365.8948328760264,0.05459104938271605,7.184215920845291,282037
original,testing/flip/0010_000000004.jpg,flip,testing,0010,4,1080,1920,3,0.5504354007806826,0.277165625862678,0.16802353395061728,563.7895260416071,0.06049382716049383,7.4251651931408436,320635
original,testing/flip/0010_000000008.jpg,flip,testing,0010,8,1080,1920,3,0.5370638994795449,0.27438993287172775,0.17036527739954005,438.96991549205296,0.05624228395061728,7.40322706245769,281506
original,testing/flip/0010_000000009.jpg,flip,testing,0010,9,1080,1920,3,0.5332164181644881,0.2710648048133483,0.17177372306947472,432.0687349963325,0.0551929012345679,7.406225272578714,286436
original,testing/flip/0010_000000012.jpg,flip,testing,0010,12,1080,1920,3,0.4911145001210361,0.25317200184280364,0.1904362177741467,440.6643382485044,0.05599537037037037,7.401683224372498,295819
original,testing/flip/0010_000000013.jpg,flip,testing,0010,13,1080,1920,3,0.4826004466987412,0.24915930020293983,0.1969468897512709,436.9603730037699,0.05810185185185185,7.369476641995898,298636
original,testing/flip/0010_000000021.jpg,flip,testing,0010,21,1080,1920,3,0.45222666273299444,0.2320966870097538,0.23320063430464777,428.5488036774477,0.058410493827160494,7.256790421327052,305868
original,testing/flip/0011_000000006.jpg,flip,testing,0011,6,1080,1920,3,0.5661236591473009,0.20357004473588694,0.1890726727033406,1111.533823112902,0.10287037037037038,6.881715929391669,423169
original,testing/flip/0011_000000014.jpg,flip,testing,0011,14,1080,1920,3,0.5409047124636892,0.21534389467677323,0.22271520023904623,790.4420964484739,0.0878317901234568,7.028291950742949,374146
original,testing/flip/0011_000000023.jpg,flip,testing,0011,23,1080,1920,3,0.5367850040093197,0.2218497967339014,0.2447008101851852,295.9146741252763,0.05450617283950617,7.0080991378319855,262844
original,testing/flip/0011_000000026.jpg,flip,testing,0011,26,1080,1920,3,0.5376026764100702,0.22503105788060473,0.2424261396302348,570.9840316224066,0.06177469135802469,6.980984080089703,315652
original,testing/flip/0011_000000027.jpg,flip,testing,0011,27,1080,1920,3,0.5391653352699104,0.22511565900285016,0.24060152467622853,568.4588098707682,0.06236882716049383,6.976828522953737,318809
original,testing/flip/0012_000000007.jpg,flip,testing,0012,7,1080,1920,3,0.5846391139403293,0.20967339360015005,0.1839631520818204,959.6155596419659,0.08083333333333333,6.678167895953589,363090
original,testing/flip/0012_000000008.jpg,flip,testing,0012,8,1080,1920,3,0.5829559485445412,0.21007454556784305,0.18544825329823286,935.6005979745371,0.08057098765432098,6.7042416657781665,358495
original,testing/flip/0012_000000016.jpg,flip,testing,0012,16,1080,1920,3,0.5693272437061244,0.2045528714796319,0.20503661719317356,679.9272137487974,0.08362654320987654,6.903887270422602,353889
original,testing/flip/0012_000000022.jpg,flip,testing,0012,22,1080,1920,3,0.5588224155016944,0.21031301415088338,0.22792895182764464,645.6677815955552,0.06623456790123457,6.881374431723341,334438
original,testing/flip/0012_000000025.jpg,flip,testing,0012,25,1080,1920,3,0.5628195995219075,0.21053707069494873,0.22436694731905107,712.0989251109181,0.07199074074074074,6.85560411407128,344453
original,testing/flip/0012_000000029.jpg,flip,testing,0012,29,1080,1920,3,0.562451699043815,0.2111785097420285,0.2237786401597676,934.8118176152168,0.07155092592592592,6.891747476742527,364135
original,testing/flip/0012_000000030.jpg,flip,testing,0012,30,1080,1920,3,0.561143094892278,0.21243100520987093,0.22624708567840718,1008.6891160836167,0.07157407407407407,6.908205654684329,375278
original,testing/flip/0013_000000008.jpg,flip,testing,0013,8,1080,1920,3,0.5864258105634229,0.20513155939134375,0.1829559107207698,914.8140373397252,0.07848765432098766,6.98003676222683,353641
original,testing/flip/0013_000000011.jpg,flip,testing,0013,11,1080,1920,3,0.571784589839022,0.2023159959692058,0.19018798036189785,964.2843170760459,0.08196759259259259,6.966267382261293,370570
original,testing/flip/0013_000000013.jpg,flip,testing,0013,13,1080,1920,3,0.5634139112049141,0.20647971273008642,0.20215965035705638,970.9806084432989,0.07695987654320988,6.961220549304047,373662
original,testing/flip/0013_000000015.jpg,flip,testing,0013,15,1080,1920,3,0.5586873543784798,0.20743430969322302,0.20776084407528442,968.805214734737,0.07281635802469136,6.955913674953674,371445
original,testing/flip/0013_000000022.jpg,flip,testing,0013,22,1080,1920,3,0.5592353773299443,0.20569307343343946,0.222763191040305,605.4442724479285,0.06445216049382715,6.875797674893535,317182
original,testing/flip/0014_000000003.jpg,flip,testing,0014,3,1080,1920,3,0.5892796387073348,0.19620853803684152,0.1755348640613653,1073.8005216534614,0.08438271604938272,6.886716722460399,388290
original,testing/flip/0014_000000004.jpg,flip,testing,0014,4,1080,1920,3,0.5897358425623336,0.1963875501790337,0.17525444996671508,1091.8171362425103,0.0844675925925926,6.883946726384997,389498
original,testing/flip/0014_000000006.jpg,flip,testing,0014,6,1080,1920,3,0.5896767618312757,0.1960967085208653,0.17561157256112322,1084.3971608295587,0.08304012345679013,6.89338432610745,390291
original,testing/flip/0014_000000009.jpg,flip,testing,0014,9,1080,1920,3,0.5884466382231905,0.19771484382191806,0.17842151378298232,984.7172765143938,0.08152006172839506,6.947179617554774,378304
original,testing/flip/0014_000000010.jpg,flip,testing,0014,10,1080,1920,3,0.5881779022179859,0.19748688546262563,0.17950483576918422,941.4227278877433,0.0819212962962963,6.960511332972977,374134
original,testing/flip/0014_000000012.jpg,flip,testing,0014,12,1080,1920,3,0.5850814440359478,0.19918632422461327,0.18434914556100218,863.652886073007,0.07834876543209876,6.9923153952229375,364506
original,testing/flip/0014_000000013.jpg,flip,testing,0014,13,1080,1920,3,0.5832145515613653,0.19983376024708216,0.18754593507927864,822.6263808369889,0.07619598765432099,6.998346123483096,362832
original,testing/flip/0014_000000014.jpg,flip,testing,0014,14,1080,1920,3,0.5799151404774873,0.2001398592977093,0.1916137417544178,768.6350845416453,0.0730787037037037,6.999060764026227,353336
original,testing/flip/0014_000000016.jpg,flip,testing,0014,16,1080,1920,3,0.563500803755144,0.2009728815891222,0.2046067216624304,746.0574832127701,0.07251543209876543,6.973657130647239,348270
original,testing/flip/0014_000000019.jpg,flip,testing,0014,19,1080,1920,3,0.5462056270424838,0.20520312327297952,0.22421715194565478,729.3340993634259,0.07442901234567902,6.989789644766965,356777
original,testing/flip/0014_000000020.jpg,flip,testing,0014,20,1080,1920,3,0.5467822107237956,0.20205928304979123,0.2280548633805374,688.4202958604229,0.06881944444444445,6.98297890852366,342647
original,testing/flip/0015_000000011.jpg,flip,testing,0015,11,1080,1920,3,0.5541081911159526,0.24072312704728804,0.21255728410191238,732.1687377566658,0.06978395061728396,7.165629765825127,322209
original,testing/flip/0015_000000019.jpg,flip,testing,0015,19,1080,1920,3,0.5456060559640522,0.23192042217339773,0.23592264660493828,748.9415119453495,0.07550154320987654,7.172925156530322,347264
original,testing/flip/0015_000000021.jpg,flip,testing,0015,21,1080,1920,3,0.5496282982328734,0.22389950354305999,0.2416160073983297,788.3155620879415,0.06806327160493827,7.151344440724134,347482
original,testing/flip/0015_000000023.jpg,flip,testing,0015,23,1080,1920,3,0.5681805650114984,0.22030618377858216,0.23247188937303315,604.4644342749175,0.050354938271604935,7.006293847616991,294838
original,testing/flip/0015_000000029.jpg,flip,testing,0015,29,1080,1920,3,0.5672044942205278,0.22220503628688418,0.23659598916727184,525.9513706790124,0.04587962962962963,6.943039664885513,274995
original,testing/flip/0016_000000004.jpg,flip,testing,0016,4,1080,1920,3,0.5611150485657226,0.21989026634986306,0.2140822950708061,899.7158664475094,0.06415895061728395,6.96340875259757,346910
original,testing/flip/0016_000000006.jpg,flip,testing,0016,6,1080,1920,3,0.5616526132443719,0.2199956361371856,0.21167201305676592,878.5725517946363,0.0636111111111111,6.953133747610402,345792
original,testing/flip/0016_000000008.jpg,flip,testing,0016,8,1080,1920,3,0.5593492155349794,0.21818401555248854,0.2120474310094408,778.91342550583,0.06435185185185185,6.947780381617683,324434
original,testing/flip/0016_000000013.jpg,flip,testing,0016,13,1080,1920,3,0.5479890821683612,0.2160709462138344,0.22501948680706851,327.258183820528,0.055949074074074075,7.0521774002467215,272056
original,testing/flip/0016_000000026.jpg,flip,testing,0016,26,1080,1920,3,0.5308749262436456,0.21817728089743438,0.25195245930162186,367.7759015941144,0.06577160493827161,7.087709054025068,295369
original,testing/flip/0017_000000015.jpg,flip,testing,0017,15,1080,1920,3,0.5491452149146695,0.22042424748633302,0.2143211900114984,827.0408672124463,0.09659722222222222,7.0916403323309565,368764
original,testing/flip/0017_000000017.jpg,flip,testing,0017,17,1080,1920,3,0.5395567848281289,0.21826822227465215,0.2263723542271847,721.6963820063635,0.0854783950617284,7.056534775598754,345162
original,testing/flip/0018_000000003.jpg,flip,testing,0018,3,1080,1920,3,0.5656460262345678,0.21719853908333805,0.20513985528625028,733.8805675582992,0.09968364197530864,6.980354309125188,361824
original,testing/flip/0018_000000004.jpg,flip,testing,0018,4,1080,1920,3,0.5645629425381263,0.2202248532515062,0.2041955110748003,883.3370653254077,0.0984645061728395,6.9896934135617945,382520
original,testing/flip/0018_000000012.jpg,flip,testing,0018,12,1080,1920,3,0.5631766332304526,0.2231457734057899,0.1985862098311547,729.6396200617284,0.08920524691358024,7.081521296089316,342757
original,testing/flip/0018_000000019.jpg,flip,testing,0018,19,1080,1920,3,0.5479949864590898,0.22402493524941128,0.21494734552771727,886.6609227763965,0.0898070987654321,7.093911949227548,372095
original,testing/flip/0018_000000020.jpg,flip,testing,0018,20,1080,1920,3,0.5443798887224642,0.22421478377379325,0.2206885193506415,815.5770084947394,0.0844753086419753,7.08048767090126,356400
original,testing/flip/0019_000000014.jpg,flip,testing,0019,14,1080,1920,3,0.5626089702856452,0.21907852284337326,0.19382931455761315,1050.540253391251,0.09472993827160493,6.955932224867537,397370
original,testing/flip/0019_000000025.jpg,flip,testing,0019,25,1080,1920,3,0.5227952618161462,0.22230565194228122,0.24121891642459453,860.4061387152778,0.07830246913580247,7.139437941632178,355971
original,testing/flip/0020_000000010.jpg,flip,testing,0020,10,1080,1920,3,0.5678005647089083,0.20585799000495006,0.197814565177923,530.718731831502,0.09329475308641975,7.003639060136308,317242
original,testing/flip/0020_000000012.jpg,flip,testing,0020,12,1080,1920,3,0.5633497185911401,0.20760595814953273,0.20503309390885985,377.28104411430945,0.08814043209876543,7.07487565755018,296504
original,testing/flip/0020_000000015.jpg,flip,testing,0020,15,1080,1920,3,0.5523512636922052,0.20860866651779844,0.2130570760711692,713.8880922839506,0.09046296296296297,7.0988372322108875,345509
original,testing/flip/0020_000000019.jpg,flip,testing,0020,19,1080,1920,3,0.5340784691963205,0.21593858958937295,0.23496901665758896,844.7825812747677,0.07840277777777778,7.116172403760185,364176
original,testing/flip/0020_000000020.jpg,flip,testing,0020,20,1080,1920,3,0.527504574785161,0.21836084313233595,0.24392468341503268,855.9152495879415,0.07643518518518519,7.13412413256804,369548
original,testing/flip/0020_000000023.jpg,flip,testing,0020,23,1080,1920,3,0.5372911976519003,0.20787167829737407,0.25094447470346165,458.4005952100957,0.05432098765432099,7.0292342203916025,290434
original,testing/flip/0021_000000011.jpg,flip,testing,0021,11,1080,1920,3,0.5604410951494796,0.21163313731911557,0.19228614250484144,1007.7185680035793,0.0885108024691358,6.99263879983838,400631
original,testing/flip/0021_000000014.jpg,flip,testing,0021,14,1080,1920,3,0.5546087414518277,0.21427771394249512,0.2010358323499153,943.7575869826794,0.08695216049382716,7.067298449125904,392182
original,testing/flip/0021_000000015.jpg,flip,testing,0021,15,1080,1920,3,0.5542170063241346,0.21328191190795484,0.2027455424685306,773.8019245425145,0.08420524691358025,7.091524842115578,363764
original,testing/flip/0021_000000027.jpg,flip,testing,0021,27,1080,1920,3,0.531265190026628,0.2115077223753914,0.24543594355180345,592.1413810298902,0.07108796296296296,7.014567529781835,325315
original,testing/flip/0022_000000010.jpg,flip,testing,0022,10,1080,1920,3,0.575713997443113,0.2034568371440869,0.1933269014009925,460.499489550945,0.08332561728395062,6.927761415850789,298448
original,testing/flip/0022_000000020.jpg,flip,testing,0022,20,1080,1920,3,0.5526511797234326,0.212873284125162,0.22960679730997338,622.9536446110898,0.06851080246913581,6.9573456752762155,320603
original,testing/flip/0024_000000017.jpg,flip,testing,0024,17,1080,1920,3,0.5950662142943597,0.18948739177560747,0.13820896499031712,724.3781430326338,0.07299382716049382,6.808909435371159,335577
original,testing/flip/0024_000000019.jpg,flip,testing,0024,19,1080,1920,3,0.564340703295207,0.1928671386433359,0.16812739802711207,785.7265704330036,0.0729783950617284,6.835589022045816,357505
original,testing/flip/0024_000000021.jpg,flip,testing,0024,21,1080,1920,3,0.5500319781076011,0.19421684566448066,0.18886419942205276,819.387882937469,0.07623456790123456,6.809258860833794,364455
original,testing/flip/0026_000000010.jpg,flip,testing,0026,10,1080,1920,3,0.5718841930676591,0.21052993230968273,0.15608419004175744,903.0506569929673,0.0915817901234568,7.138002928709196,380840
original,testing/flip/0026_000000016.jpg,flip,testing,0026,16,1080,1920,3,0.5393488543179618,0.20476188243946153,0.18959390885984023,957.3995200316622,0.08167438271604938,6.98713621655921,387661
original,testing/flip/0026_000000018.jpg,flip,testing,0026,18,1080,1920,3,0.5434581026083273,0.1981828054616289,0.1872004206003389,780.1686053155008,0.07891203703703703,6.872096286732351,358150
original,testing/flip/0027_000000016.jpg,flip,testing,0027,16,1080,1920,3,0.5369356636558945,0.20814153746845337,0.19614692644032922,696.3376341542353,0.07598765432098765,6.938489084381314,350785
original,testing/flip/0027_000000018.jpg,flip,testing,0027,18,1080,1920,3,0.5324154941297506,0.20768119621081393,0.20914436955337692,684.380086988395,0.0665432098765432,6.902407602466694,343499
original,testing/flip/0027_000000019.jpg,flip,testing,0027,19,1080,1920,3,0.5347947417392883,0.20756751471768706,0.20900678180222707,519.3480245196521,0.06430555555555556,6.80768804776401,318197
original,testing/flip/0028_000000015.jpg,flip,testing,0028,15,1080,1920,3,0.5881553592501816,0.20918282624137124,0.15566010802469135,815.4913285300926,0.07487654320987654,7.056119067660726,348082
original,testing/flip/0028_000000019.jpg,flip,testing,0028,19,1080,1920,3,0.5567943729575163,0.20581349363656606,0.18000567356572258,846.0671183979553,0.07443672839506173,6.954796020254845,360168
original,testing/flip/0028_000000024.jpg,flip,testing,0028,24,1080,1920,3,0.5508916197651901,0.20578256484022817,0.19404022179859598,590.7018045381205,0.06295524691358025,6.8423593130804825,303772
original,testing/flip/0029_000000021.jpg,flip,testing,0029,21,1080,1920,3,0.5691344653988138,0.2035479897786542,0.1669132039003873,764.1987274174573,0.06996913580246913,7.005009234776461,344207
original,testing/flip/0029_000000024.jpg,flip,testing,0029,24,1080,1920,3,0.5506536987866134,0.19943556293941278,0.18515849862321473,892.1947569129492,0.0770679012345679,6.944847970779639,373918
original,testing/flip/0029_000000025.jpg,flip,testing,0029,25,1080,1920,3,0.5524248744250786,0.19831265233905773,0.1863040482782619,832.2687485510975,0.0730246913580247,6.8759485141573045,362539
original,testing/flip/0029_000000027.jpg,flip,testing,0029,27,1080,1920,3,0.5522585311516582,0.19711082305363453,0.19080244076797387,463.6039021990145,0.06604166666666667,6.789710891576316,304285
original,testing/flip/0030_000000003.jpg,flip,testing,0030,3,1080,1920,3,0.5482207849189058,0.20620875353313986,0.21380831858206245,680.6154181905863,0.07380401234567902,7.0552517843729845,349007
original,testing/flip/0030_000000006.jpg,flip,testing,0030,6,1080,1920,3,0.5496882886256355,0.20531868041081,0.21124343757564754,671.5212998065629,0.07463734567901234,7.037511429067088,350265
original,testing/flip/0030_000000009.jpg,flip,testing,0030,9,1080,1920,3,0.5518542309670782,0.20460849837597017,0.21016857865831517,605.0269617338724,0.07547839506172839,7.010505634095319,332483
original,testing/flip/0030_000000012.jpg,flip,testing,0030,12,1080,1920,3,0.5520036991648511,0.2039077635687318,0.2099038689935851,585.9944069099128,0.07462962962962963,7.001286286984552,330822
original,testing/flip/0030_000000019.jpg,flip,testing,0030,19,1080,1920,3,0.5508266933702494,0.20010503285392536,0.20815527982026144,509.0509594612102,0.06892746913580247,6.9288880748293895,311805
original,testing/flip/0030_000000027.jpg,flip,testing,0030,27,1080,1920,3,0.5501495192598644,0.20146536617003172,0.20608431296901475,598.0030758053626,0.06767746913580247,6.861066000768369,333203
original,testing/flip/0030_000000031.jpg,flip,testing,0030,31,1080,1920,3,0.5619142062303317,0.2012075145394856,0.19288012133865892,479.56067849579904,0.06506172839506173,6.884213815090156,304349
original,testing/flip/0030_000000038.jpg,flip,testing,0030,38,1080,1920,3,0.5982244727366255,0.20512729649943934,0.14795308906741708,596.5873164606671,0.06792438271604938,6.87559617633611,324725
original,testing/flip/0031_000000018.jpg,flip,testing,0031,18,1080,1920,3,0.6071524449285888,0.19696194281663712,0.1287309235808521,841.304324893309,0.08405864197530864,6.888720865766032,362585
original,testing/flip/0031_000000020.jpg,flip,testing,0031,20,1080,1920,3,0.591403180600944,0.19420917668259097,0.1397512670963447,807.4520623990245,0.07878858024691358,6.944935741673627,342261
original,testing/flip/0031_000000028.jpg,flip,testing,0031,28,1080,1920,3,0.5565911307038247,0.19711890733942952,0.1842641650024207,426.73768983333093,0.06498456790123457,6.817392301686553,297907
original,testing/flip/0032_000000010.jpg,flip,testing,0032,10,1080,1920,3,0.597312588885863,0.1961635871068945,0.13796246747155655,784.2842722619932,0.0862037037037037,6.926666384129021,347376
original,testing/flip/0033_000000016.jpg,flip,testing,0033,16,1080,1920,3,0.6058036700405471,0.18616019305160564,0.1265804984416606,734.4803658335596,0.0800462962962963,6.749937016608809,347847
original,testing/flip/0033_000000021.jpg,flip,testing,0033,21,1080,1920,3,0.5564332296961995,0.1938742392521528,0.18178093795388528,811.9528805340626,0.07672839506172839,6.707144641229862,364569
original,testing/flip/0034_000000015.jpg,flip,testing,0034,15,1080,1920,3,0.5679100153564512,0.20165085999733673,0.18325217864923748,289.28431062093955,0.04054783950617284,6.778392436807584,231599
original,testing/flip/0034_000000016.jpg,flip,testing,0034,16,1080,1920,3,0.5685382398329702,0.20283857584491652,0.17799086934156377,227.9999611682075,0.03319444444444444,6.810036651943355,217094
original,testing/flip/0034_000000019.jpg,flip,testing,0034,19,1080,1920,3,0.5797594653988138,0.20584974883363732,0.16194590633321232,247.04502866941013,0.03252314814814815,6.7314107458051975,208952
original,testing/flip/0034_000000020.jpg,flip,testing,0034,20,1080,1920,3,0.5857287392580489,0.20328677512980572,0.15515176599189057,170.02246141493055,0.027276234567901233,6.681202085379054,194568
original,testing/flip/0034_000000022.jpg,flip,testing,0034,22,1080,1920,3,0.5984345270515613,0.19900830326487193,0.13992731405833939,179.2009564278978,0.02652006172839506,6.527880086446325,186628
original,testing/flip/0035_000000007.jpg,flip,testing,0035,7,1080,1920,3,0.6324169144123699,0.18161153413780068,0.11714888003812636,648.834023736616,0.10685185185185185,6.667015036829278,382785
original,testing/flip/0035_000000010.jpg,flip,testing,0035,10,1080,1920,3,0.6174025735294117,0.18514942089546796,0.1316261139100702,730.6529130255964,0.1112962962962963,6.789283276120748,415801
original,testing/flip/0035_000000016.jpg,flip,testing,0035,16,1080,1920,3,0.5741024816176471,0.19197932103050255,0.17488461291152263,826.2063218920873,0.11380401234567901,6.774128771958744,429003
original,testing/flip/0036_000000007.jpg,flip,testing,0036,7,1080,1920,3,0.6171479590292908,0.18497091033690957,0.12046349438695232,1082.5473487296501,0.12405864197530864,6.637087324343349,459924
original,testing/flip/0036_000000008.jpg,flip,testing,0036,8,1080,1920,3,0.6193481980755265,0.1829111673525978,0.11794918943657709,1035.9767560204236,0.12352623456790124,6.610122675087644,452627
original,testing/flip/0036_000000009.jpg,flip,testing,0036,9,1080,1920,3,0.6207258892368676,0.18380241822913376,0.11688862034011135,1028.7092858147935,0.1221141975308642,6.613140910826732,452573
original,testing/flip/0036_000000011.jpg,flip,testing,0036,11,1080,1920,3,0.6226141710542242,0.1838285457368653,0.11671347736625513,920.3453040165728,0.11739197530864197,6.6379875691000425,440861
original,testing/flip/0036_000000014.jpg,flip,testing,0036,14,1080,1920,3,0.6265731663035584,0.18060737136777583,0.11795925812454612,688.5766590449247,0.10516975308641975,6.7260843349797295,383860
original,testing/flip/0036_000000015.jpg,flip,testing,0036,15,1080,1920,3,0.6268601087811667,0.1806212905092769,0.11800719975490197,681.6188273510136,0.10604166666666667,6.736456286670519,381871
original,testing/flip/0036_000000024.jpg,flip,testing,0036,24,1080,1920,3,0.5789677174110385,0.18628162771031867,0.15993935147361413,776.3873680362655,0.09047067901234568,6.618020402731245,387065
original,testing/flip/0037_000000006.jpg,flip,testing,0037,6,1080,1920,3,0.6019380484446865,0.18106924977865632,0.1262618785554345,627.7150145852387,0.09297839506172839,6.5616723670103365,343174
original,testing/flip/0037_000000008.jpg,flip,testing,0037,8,1080,1920,3,0.6064550086238198,0.17585227512999335,0.12306291417029774,460.5884585038485,0.0878317901234568,6.645805323762213,299076
original,testing/flip/0037_000000011.jpg,flip,testing,0037,11,1080,1920,3,0.5997804897421931,0.18601783310376938,0.13287594181190995,530.2194255713212,0.09194444444444444,6.742793106246116,330115
original,testing/flip/0037_000000013.jpg,flip,testing,0037,13,1080,1920,3,0.5872665762678528,0.18591734316240846,0.14499884448378117,575.7344807325009,0.0897067901234568,6.665920909287808,339907
original,testing/flip/0037_000000016.jpg,flip,testing,0037,16,1080,1920,3,0.5744910792634956,0.19071479155413618,0.16504007050351005,622.9785158512422,0.086875,6.648799274673066,349989
original,testing/flip/0037_000000017.jpg,flip,testing,0037,17,1080,1920,3,0.5799653780107722,0.18655677612918758,0.16445046788005324,598.062831468562,0.08532407407407408,6.605192873284677,344549
original,testing/flip/0037_000000020.jpg,flip,testing,0037,20,1080,1920,3,0.5890065227093924,0.18508526266426958,0.16264353932159284,508.97860059346897,0.0835570987654321,6.610763532700296,331230
original,testing/flip/0037_000000024.jpg,flip,testing,0037,24,1080,1920,3,0.5903958314421448,0.18862012312870308,0.1611939205852094,579.4751069492075,0.09067129629629629,6.61516034242307,355087
original,testing/flip/0038_000000007.jpg,flip,testing,0038,7,1080,1920,3,0.6148144176652142,0.18173854089745917,0.12796360218470104,830.9208680831808,0.10501543209876543,6.727127548552253,398112
original,testing/flip/0038_000000010.jpg,flip,testing,0038,10,1080,1920,3,0.6061372738138465,0.1868703836319613,0.1336925929708303,891.5150287722909,0.10075617283950618,6.80741334026534,407652
original,testing/flip/0038_000000013.jpg,flip,testing,0038,13,1080,1920,3,0.60370508805374,0.1886048720040083,0.13660116345921083,991.7848708559575,0.10350308641975309,6.829122328734009,423227
original,testing/flip/0038_000000015.jpg,flip,testing,0038,15,1080,1920,3,0.6016357665365529,0.18896565136714238,0.13847081517792303,1053.6039991760022,0.1024537037037037,6.781963298898926,417292
original,testing/flip/0038_000000016.jpg,flip,testing,0038,16,1080,1920,3,0.6013269316600096,0.1891101965332863,0.1392078964687727,1019.078783942044,0.10304783950617284,6.786847995416412,414635
original,testing/flip/0038_000000020.jpg,flip,testing,0038,20,1080,1920,3,0.5928706483750907,0.19195311272489923,0.14630311403110627,934.8113685832952,0.100625,6.831107269441663,404424
original,testing/flip/0038_000000026.jpg,flip,testing,0038,26,1080,1920,3,0.5866276968349068,0.19358608379554615,0.1498159892429194,976.1836737423316,0.10429012345679012,6.7978463175546615,421331
original,testing/flip/0038_000000032.jpg,flip,testing,0038,32,1080,1920,3,0.5833931308248609,0.19459036926351195,0.15354856761377392,934.8746616309918,0.0992283950617284,6.7576078979600736,411837
original,testing/flip/0038_000000043.jpg,flip,testing,0038,43,1080,1920,3,0.5779092796840959,0.1913968420875745,0.16814504659888646,264.2535562297573,0.08255401234567901,6.633971976526681,283015
original,testing/flip/0038_000000044.jpg,flip,testing,0038,44,1080,1920,3,0.5767139217955701,0.19350419437384062,0.16920278836843378,311.65293199010966,0.0803858024691358,6.614320342245751,283899
original,testing/flip/0038_000000047.jpg,flip,testing,0038,47,1080,1920,3,0.5819204244583636,0.19650503406801978,0.1644670346919632,368.1849092992088,0.07159722222222223,6.492925403584437,279796
original,testing/flip/0038_000000048.jpg,flip,testing,0038,48,1080,1920,3,0.5839536299473493,0.19678721022941828,0.16385295819716775,331.53885549071936,0.06425925925925927,6.518855568884758,272532
original,testing/flip/0039_000000009.jpg,flip,testing,0039,9,1080,1920,3,0.6086941456366498,0.19130677124160334,0.12127079740075042,599.2457192000434,0.10634259259259259,6.762869156474912,371343
original,testing/flip/0040_000000007.jpg,flip,testing,0040,7,1080,1920,3,0.6237640118161463,0.17619986391159537,0.11348577637073348,389.9699153804203,0.07604938271604939,6.628281119738862,283345
original,testing/flip/0040_000000024.jpg,flip,testing,0040,24,1080,1920,3,0.5604144615407892,0.19714789734290347,0.1628501705852094,432.3663847493117,0.07030864197530864,6.654816929491468,299020
original,testing/flip/0040_000000025.jpg,flip,testing,0040,25,1080,1920,3,0.5603547302408618,0.201963016879397,0.16360750272331154,415.6034187157065,0.06624228395061728,6.635897194823446,292800
original,testing/flip/0040_000000028.jpg,flip,testing,0040,28,1080,1920,3,0.5483844105543452,0.21483498990196814,0.17539533405954974,459.66306195606614,0.06866512345679013,6.763863359415309,301735
original,testing/flip/0041_000000010.jpg,flip,testing,0041,10,1080,1920,3,0.5921215637103606,0.19842134124049463,0.1410953764221738,57.64961043946949,0.011535493827160494,6.169726295424404,151909
original,testing/flip/0041_000000015.jpg,flip,testing,0041,15,1080,1920,3,0.5935427351882111,0.19962007543764382,0.13650465610626966,89.38369016340638,0.016080246913580246,6.337525769785369,159988
original,testing/flip/0041_000000018.jpg,flip,testing,0041,18,1080,1920,3,0.5878620945291696,0.1975296206420544,0.13935013654381506,114.12299069733795,0.016658950617283952,6.2516923307385035,167528
original,testing/flip/0041_000000019.jpg,flip,testing,0041,19,1080,1920,3,0.5817634406771969,0.19646108459570175,0.14688942031287824,113.08806732872276,0.015925925925925927,6.244899483374985,171744
original,testing/flip/0041_000000021.jpg,flip,testing,0041,21,1080,1920,3,0.5722291061486323,0.19568471619220304,0.1619681996641249,126.94036367931716,0.017839506172839505,6.310553346402154,180363
original,testing/flip/0041_000000022.jpg,flip,testing,0041,22,1080,1920,3,0.5659153655289276,0.1961465097837255,0.17107059428709753,125.93356722244846,0.01695216049382716,6.349473402260962,183829
original,testing/flip/0041_000000027.jpg,flip,testing,0041,27,1080,1920,3,0.5651968746217623,0.20497695477837644,0.1887766392822561,135.77794492455422,0.01902777777777778,6.361727920464975,193569
original,testing/flip/0042_000000002.jpg,flip,testing,0042,2,1080,1920,3,0.5958943733357541,0.1939200856185821,0.14755698718530622,130.20677360628858,0.01734567901234568,6.314815950140762,167746
original,testing/flip/0042_000000004.jpg,flip,testing,0042,4,1080,1920,3,0.6000066777868556,0.19417870231212894,0.1421070734235052,132.74720047915713,0.016589506172839507,6.3629787916850375,168514
original,testing/flip/0042_000000006.jpg,flip,testing,0042,6,1080,1920,3,0.6017072648117888,0.19416916612890148,0.14010332508775114,126.00498683264507,0.016280864197530866,6.41603928556864,168853
original,testing/flip/0042_000000011.jpg,flip,testing,0042,11,1080,1920,3,0.6052953563755749,0.1968628006336711,0.1387987586238199,126.49157136625276,0.016689814814814814,6.480412888682918,172478
original,testing/flip/0042_000000012.jpg,flip,testing,0042,12,1080,1920,3,0.6057566815692327,0.19717650873280507,0.13927516982873397,126.54183607586494,0.016350308641975307,6.493870096941019,171098
original,testing/flip/0042_000000027.jpg,flip,testing,0042,27,1080,1920,3,0.557928514963084,0.1980825924355792,0.19016000779169692,255.24645972359156,0.03342592592592593,6.471397332257073,221130
original,testing/flip/0043_000000015.jpg,flip,testing,0043,15,1080,1920,3,0.6130178830791576,0.1755978084522822,0.11450739832970225,370.1100392932075,0.033796296296296297,6.23442196210885,217505
original,testing/flip/0043_000000023.jpg,flip,testing,0043,23,1080,1920,3,0.5668131165274751,0.1896091806957024,0.1776597146574679,441.60974099788285,0.05030092592592592,6.451696480561804,278727
original,testing/flip/0044_000000003.jpg,flip,testing,0044,3,1080,1920,3,0.6088485365982813,0.18606717866314262,0.12324371558036795,137.5324717715835,0.03690586419753086,6.42344837107102,187598
original,testing/flip/0044_000000007.jpg,flip,testing,0044,7,1080,1920,3,0.6087711642913338,0.18566821874751469,0.12338528428346647,135.13716589291838,0.03602623456790124,6.43914129738223,189758
original,testing/flip/0044_000000015.jpg,flip,testing,0044,15,1080,1920,3,0.6128268957274268,0.18882571940391815,0.12343312000726217,114.58531928577722,0.034714506172839506,6.5948677137952165,193065
original,testing/flip/0044_000000024.jpg,flip,testing,0044,24,1080,1920,3,0.5661940889009925,0.18462376726553537,0.16940025871459694,104.54807810064919,0.03,6.481885318876206,196762
original,testing/flip/0044_000000025.jpg,flip,testing,0044,25,1080,1920,3,0.5710125329066812,0.18604958740943034,0.1626394959604212,106.67456309799384,0.031574074074074074,6.459407034794084,195815
original,testing/flip/0045_000000027.jpg,flip,testing,0045,27,1080,1920,3,0.5744107812878237,0.17233672984849663,0.17241656832486082,340.0390332418243,0.04596450617283951,6.4260177362706585,261807
original,testing/flip/0046_000000006.jpg,flip,testing,0046,6,1080,1920,3,0.6147287184549746,0.17928163772477035,0.11952353205942871,486.2267952589163,0.05875,6.346071133011732,287753
original,testing/flip/0046_000000010.jpg,flip,testing,0046,10,1080,1920,3,0.6169738448620189,0.17963620237001907,0.12298168762103606,341.7585037684804,0.04953703703703704,6.392239018744274,252185
original,testing/flip/0046_000000012.jpg,flip,testing,0046,12,1080,1920,3,0.6087107786401598,0.1774143468661301,0.12973578015311063,296.02618328379816,0.04895833333333333,6.493692546246454,247451
original,testing/flip/0046_000000013.jpg,flip,testing,0046,13,1080,1920,3,0.6015229325526507,0.17707824637520844,0.1361818869523118,338.72372617645937,0.051867283950617286,6.54747542185561,261063
original,testing/flip/0046_000000016.jpg,flip,testing,0046,16,1080,1920,3,0.5814911946259986,0.1792807921256005,0.15716222426470586,421.1899966275625,0.0520679012345679,6.56098581034378,282241
original,testing/flip/0046_000000018.jpg,flip,testing,0046,18,1080,1920,3,0.5728892917120552,0.18216698923933775,0.16519640749818446,387.7227993996247,0.0512962962962963,6.437190950968951,274584
original,testing/flip/0046_000000019.jpg,flip,testing,0046,19,1080,1920,3,0.571998587282135,0.18259174131226708,0.16569881876361656,375.8719191984359,0.05676697530864198,6.382772128289039,279133
original,testing/flip/0046_000000023.jpg,flip,testing,0046,23,1080,1920,3,0.5696505972373517,0.1909520958802539,0.1702932401355604,382.0240673525377,0.06708333333333333,6.5403948043169065,295831
original,testing/flip/0046_000000025.jpg,flip,testing,0046,25,1080,1920,3,0.5694064580307432,0.19389191031599096,0.1719430184882595,500.43294963557145,0.07335648148148148,6.624788801787797,335239
original,testing/flip/0047_000000010.jpg,flip,testing,0047,10,1080,1920,3,0.6042876081759864,0.18101680479535912,0.12409125930464779,749.1405564771352,0.08494598765432099,6.46727369462818,366453
original,testing/flip/0047_000000015.jpg,flip,testing,0047,15,1080,1920,3,0.589741587993222,0.19295271034079026,0.14075882617707577,602.9356400605258,0.08253858024691359,6.65663189999283,342427
original,testing/flip/0047_000000021.jpg,flip,testing,0047,21,1080,1920,3,0.5590175199709514,0.2025132109118317,0.18007195972524812,558.8267494207605,0.06969135802469135,6.705244116984638,326893
original,testing/flip/0047_000000026.jpg,flip,testing,0047,26,1080,1920,3,0.550361235929557,0.2119288928377102,0.19416940132534496,428.6936076645496,0.06228395061728395,6.810906575097889,298807
original,testing/flip/0048_000000010.jpg,flip,testing,0048,10,1080,1920,3,0.5897302635560397,0.21931156827082707,0.15548378684035344,679.9696097927146,0.08165123456790123,6.931100133067326,360211
original,testing/flip/0048_000000011.jpg,flip,testing,0048,11,1080,1920,3,0.5898384660191237,0.21992170006734152,0.15554460746489954,674.7338442500547,0.08214506172839506,6.956426736126347,364029
original,testing/flip/0049_000000017.jpg,flip,testing,0049,17,1080,1920,3,0.4948903696895425,0.256347152758385,0.15879228319414185,442.7433936370575,0.05333333333333334,6.998477387836541,281829
original,testing/flip/0049_000000019.jpg,flip,testing,0049,19,1080,1920,3,0.480991499107359,0.24937439534258699,0.16943124583938513,416.665538793629,0.054675925925925926,6.9827373983692995,285529
original,testing/flip/0049_000000023.jpg,flip,testing,0049,23,1080,1920,3,0.46212180767368677,0.23534988215073524,0.18497102320866618,431.60739725627764,0.05525462962962963,6.985747576691368,293559
original,testing/flip/0049_000000025.jpg,flip,testing,0049,25,1080,1920,3,0.4434219846889373,0.2233538944503037,0.20516887179254417,453.7320756167481,0.05660493827160494,6.939331272962229,306315
original,testing/flip/0049_000000027.jpg,flip,testing,0049,27,1080,1920,3,0.4402255696259985,0.22188082960141886,0.21534702932098765,490.887712819835,0.05934413580246914,6.8574304221694025,303015
original,testing/flip/0050_000000023.jpg,flip,testing,0050,23,1080,1920,3,0.4770866618252239,0.24675832555184285,0.17732507262164124,393.2610857909784,0.04521604938271605,7.098549973182475,269778
original,testing/flip/0050_000000024.jpg,flip,testing,0050,24,1080,1920,3,0.4668088764826918,0.24284150426312018,0.18572129553982086,473.302065714068,0.05138888888888889,7.119342776487722,288748
original,testing/flip/0051_000000021.jpg,flip,testing,0051,21,1080,1920,3,0.4707981004901961,0.232802765922767,0.18498863584785766,299.5037574797454,0.04108024691358025,6.970124371180374,247895
original,testing/flip/0051_000000022.jpg,flip,testing,0051,22,1080,1920,3,0.4628021760015735,0.22999947110696975,0.19324823741224884,330.90522329383623,0.04170524691358025,6.978376056209527,253640
original,testing/flip/0052_000000017.jpg,flip,testing,0052,17,1080,1920,3,0.46783513374485597,0.24122986087448672,0.1826790274751876,606.9013460642789,0.06491512345679012,7.044197044427106,310872
original,testing/flip/0052_000000018.jpg,flip,testing,0052,18,1080,1920,3,0.46391376558339387,0.23520124749810448,0.18652543459513435,623.6659849179216,0.06557098765432098,7.0071640275379465,319845
original,testing/flip/0052_000000021.jpg,flip,testing,0052,21,1080,1920,3,0.4590453488108206,0.22957503628749548,0.19101315510772213,678.6762808239504,0.07074074074074074,7.004660291232884,341446
original,testing/flip/0053_000000008.jpg,flip,testing,0053,8,1080,1920,3,0.5135285304708304,0.2585696591389026,0.16201224166364075,853.4208949128849,0.0791820987654321,7.034260019787551,358055
original,testing/flip/0053_000000012.jpg,flip,testing,0053,12,1080,1920,3,0.5072631116103848,0.260103564609967,0.16808224779109174,777.7549911291628,0.07434413580246914,7.004881295447004,349077
original,testing/flip/0053_000000015.jpg,flip,testing,0053,15,1080,1920,3,0.4946275928195352,0.2544659400351203,0.17569762164124908,669.3348842458633,0.06702932098765432,6.928694552940538,332106
original,testing/flip/0053_000000018.jpg,flip,testing,0053,18,1080,1920,3,0.46664525841200677,0.23483756251436244,0.18844763298838052,580.1802382372518,0.06111111111111111,6.806637755325376,307656
original,testing/flip/0054_000000010.jpg,flip,testing,0054,10,1080,1920,3,0.5136340474461389,0.25719934605304623,0.15080730112260954,668.4494754986259,0.0739429012345679,7.104703772764397,338709
original,testing/flip/0054_000000011.jpg,flip,testing,0054,11,1080,1920,3,0.5135973413671024,0.25720190445674873,0.15080382511801016,668.6642821178174,0.07395833333333333,7.10465301179976,338918
original,testing/flip/0054_000000015.jpg,flip,testing,0054,15,1080,1920,3,0.4967008423353909,0.25082221322644116,0.16005290978274025,575.4577278785151,0.07048611111111111,7.05805491402737,315858
original,testing/flip/0054_000000019.jpg,flip,testing,0054,19,1080,1920,3,0.476278829278625,0.23785466302761754,0.17639950223916726,548.2827108967764,0.06922067901234567,7.02507252618997,320286
original,testing/flip/0054_000000024.jpg,flip,testing,0054,24,1080,1920,3,0.44984281575284435,0.22233036590349517,0.2034838170993706,645.2546892741555,0.06924382716049382,7.038355860258137,343860
original,testing/flip/0054_000000027.jpg,flip,testing,0054,27,1080,1920,3,0.4761414835996127,0.23051939549889164,0.19866619008714598,547.1149089313272,0.060632716049382716,6.77090860498431,304240
original,testing/flip/0055_000000015.jpg,flip,testing,0055,15,1080,1920,3,0.5154434250938029,0.2571582012091412,0.15683581646393124,496.45876275624903,0.051118827160493825,7.059796986886336,267467
original,testing/flip/0055_000000024.jpg,flip,testing,0055,24,1080,1920,3,0.4678337607419511,0.23931455189316828,0.19668296114742195,444.86089368617587,0.043479938271604936,6.993648914490073,263498
original,testing/flip/0055_000000027.jpg,flip,testing,0055,27,1080,1920,3,0.4660329842199225,0.23559279345055584,0.20409877677923022,366.9217730704519,0.045378086419753084,6.8840083254094075,255825
original,testing/flip/0055_000000028.jpg,flip,testing,0055,28,1080,1920,3,0.4676523163277657,0.23315236041689977,0.20621842282437666,298.2225156204752,0.045864197530864195,6.851772112021195,249086
original,testing/flip/0056_000000016.jpg,flip,testing,0056,16,1080,1920,3,0.5077532887769306,0.2554090246842166,0.15690558430162188,537.4821295143653,0.056165123456790124,7.093103239540001,284203
original,testing/flip/0056_000000030.jpg,flip,testing,0056,30,1080,1920,3,0.48655416742314206,0.24194947714349038,0.19687273057371096,641.8529594130445,0.05901234567901235,6.67863533693358,292179
original,testing/flip/0057_000000019.jpg,flip,testing,0057,19,1080,1920,3,0.4750370200163399,0.2408952765393958,0.172504499137618,431.77788214871737,0.053719135802469134,6.961956782551293,277979
original,testing/flip/0057_000000030.jpg,flip,testing,0057,30,1080,1920,3,0.48024616088719435,0.2374085046829634,0.19590105112260955,426.04367598730903,0.0570216049382716,6.657349936908531,271223
original,testing/flip/0058_000000003.jpg,flip,testing,0058,3,1080,1920,3,0.4955250374455338,0.2522147886862624,0.16377847373517307,676.4506423110402,0.07275462962962963,7.029761258634166,308465
original,testing/flip/0058_000000004.jpg,flip,testing,0058,4,1080,1920,3,0.49657690518336967,0.25286365067116795,0.1630222139009925,732.4334257887517,0.07419753086419753,7.021440836550564,323060
original,testing/flip/0058_000000006.jpg,flip,testing,0058,6,1080,1920,3,0.4985855668270395,0.2530542865751207,0.1601036749576374,839.2969401905556,0.07323302469135802,6.99661746579814,338354
original,testing/flip/0058_000000019.jpg,flip,testing,0058,19,1080,1920,3,0.46743612699709514,0.24480215558221355,0.17676233622306947,580.2418542023296,0.05653549382716049,7.039729104868912,296223
original,testing/flip/0058_000000021.jpg,flip,testing,0058,21,1080,1920,3,0.4489097297869765,0.23733792005662185,0.1915242223432583,521.9046502885778,0.05625,6.9667674477586,293392
original,testing/flip/0058_000000027.jpg,flip,testing,0058,27,1080,1920,3,0.4468266044843863,0.23650702999364157,0.21732954717380779,406.357846936383,0.050131172839506175,6.911999013650772,269892
original,testing/flip/0059_000000015.jpg,flip,testing,0059,15,1080,1920,3,0.48421346034555796,0.24716802949973873,0.19276189935850885,437.0429376071078,0.05184413580246913,6.944071496104408,292554
original,testing/flip/0059_000000016.jpg,flip,testing,0059,16,1080,1920,3,0.48285795849975793,0.24784341913955119,0.19362954263495522,461.74775837042506,0.054189814814814816,6.906855345782346,296564
original,testing/flip/0059_000000017.jpg,flip,testing,0059,17,1080,1920,3,0.4795363505355846,0.24635813868387307,0.19482714914669572,480.6133803783127,0.055609567901234565,6.894802480901062,299593
original,testing/flip/0059_000000020.jpg,flip,testing,0059,20,1080,1920,3,0.4724658924140644,0.24551604702748858,0.1963207663852578,501.34617407193076,0.059251543209876543,6.965899935305468,309609
original,testing/flip/0059_000000028.jpg,flip,testing,0059,28,1080,1920,3,0.4495922181372549,0.23931843808554149,0.21974595474763978,396.8714131513393,0.06125,6.7951667009738745,301941
original,testing/flip/0060_000000004.jpg,flip,testing,0060,4,1080,1920,3,0.49591228667392884,0.26289981764795234,0.16618299708000486,621.7273664549517,0.07958333333333334,7.050353486793993,333915
original,testing/flip/0060_000000006.jpg,flip,testing,0060,6,1080,1920,3,0.49884567522996853,0.26558584890739495,0.16878407921810698,588.6047170352629,0.07625771604938271,7.069192892429952,327110
original,testing/flip/0060_000000008.jpg,flip,testing,0060,8,1080,1920,3,0.4996788043149359,0.26831047875136227,0.17068023216230938,579.0084505884678,0.07500771604938272,7.099636305170087,327895
original,testing/flip/0060_000000013.jpg,flip,testing,0060,13,1080,1920,3,0.49603546735052045,0.27052654941016824,0.17359872571713872,511.4801201340663,0.07079475308641975,7.076698957619534,314370
original,testing/flip/0060_000000032.jpg,flip,testing,0060,32,1080,1920,3,0.47002198695836356,0.2384673137859767,0.19125854249878962,443.9858649905097,0.05557098765432099,6.816448943481686,289366
original,testing/flip/0060_000000037.jpg,flip,testing,0060,37,1080,1920,3,0.4827380287763253,0.23916140152827345,0.1881380151597676,493.37038541184415,0.06236111111111111,6.699186089518024,294995
original,testing/flip/0060_000000038.jpg,flip,testing,0060,38,1080,1920,3,0.48268298384168484,0.24052629134991757,0.18803735853909465,544.1373858701038,0.06354938271604939,6.713424197314385,303170
original,testing/flip/0060_000000043.jpg,flip,testing,0060,43,1080,1920,3,0.4932998120158557,0.24615587270947137,0.18567369432340836,567.5660087046087,0.06592592592592593,6.818670733608338,308903
original,testing/flip/0060_000000044.jpg,flip,testing,0060,44,1080,1920,3,0.49321533640462356,0.24654029752473888,0.18596835852396515,559.887296249619,0.06915895061728396,6.851341036642154,310461
original,testing/flip/0060_000000052.jpg,flip,testing,0060,52,1080,1920,3,0.4991177151416122,0.251157068166265,0.20191827985052044,427.60174509977276,0.052368827160493826,6.801292624469285,272296
original,testing/flip/0060_000000053.jpg,flip,testing,0060,53,1080,1920,3,0.5024764093137255,0.24968620542469497,0.20279250257201645,354.8350008678174,0.042770061728395065,6.783725064545286,253956
original,testing/flip/0060_000000055.jpg,flip,testing,0060,55,1080,1920,3,0.508545511453038,0.2534113614987222,0.20595591639433553,365.0158780087234,0.04041666666666666,6.730196824030276,251567
original,testing/flip/0061_000000010.jpg,flip,testing,0061,10,1080,1920,3,0.5342687927408618,0.2627849148765692,0.1446280542695473,288.8287656033284,0.05374228395061728,7.031222581664956,244264
original,testing/flip/0061_000000011.jpg,flip,testing,0061,11,1080,1920,3,0.5330339222494553,0.26340669868654926,0.145319521983176,215.03418323896653,0.05010802469135803,7.054476542488698,234009
original,testing/flip/0061_000000018.jpg,flip,testing,0061,18,1080,1920,3,0.4796298282044299,0.24646671123554625,0.18230905803679495,276.7406603757049,0.05136574074074074,7.050514559457859,249041
original,testing/flip/0061_000000026.jpg,flip,testing,0061,26,1080,1920,3,0.4690372166999516,0.2367588493430232,0.2029987102093924,511.5439501007373,0.05728395061728395,6.830851742458321,296093
original,testing/flip/0061_000000027.jpg,flip,testing,0061,27,1080,1920,3,0.4741797328885258,0.23981946788817443,0.20314298142096343,487.0802966734658,0.05478395061728395,6.828395004045417,287707
original,testing/flip/0061_000000029.jpg,flip,testing,0061,29,1080,1920,3,0.49028084339445654,0.2475020964302699,0.19535774668663763,456.626325011193,0.056149691358024695,6.850878304731029,284432
original,testing/flip/0062_000000003.jpg,flip,testing,0062,3,1080,1920,3,0.5102640231632777,0.261326068964951,0.16463019698620188,407.9291660993346,0.06274691358024691,7.063358046981443,264637
original,testing/flip/0062_000000006.jpg,flip,testing,0062,6,1080,1920,3,0.5132082841624304,0.2646948639907962,0.16321056682703947,395.8555852189429,0.061558641975308644,7.093163988310997,262613
original,testing/flip/0062_000000009.jpg,flip,testing,0062,9,1080,1920,3,0.5157139085572501,0.2704978867528317,0.1639104200708061,352.2203135668511,0.060578703703703704,7.115264664960406,264715
original,testing/flip/0062_000000011.jpg,flip,testing,0062,11,1080,1920,3,0.5124609280440571,0.270749004146773,0.16558355649358508,317.9604765432098,0.0580787037037037,7.125697362832415,261133
original,testing/flip/0062_000000012.jpg,flip,testing,0062,12,1080,1920,3,0.5105206801470589,0.27044777488037325,0.16614034888646814,319.4811039085124,0.05986111111111111,7.123770662112119,262339
original,testing/flip/0062_000000013.jpg,flip,testing,0062,13,1080,1920,3,0.5036944936153473,0.2673709322511347,0.16836919972464295,318.2826695235101,0.05793981481481481,7.107254397484992,263199
original,testing/flip/0062_000000018.jpg,flip,testing,0062,18,1080,1920,3,0.45606536136831277,0.2401553425200037,0.19729484953703705,297.3495098572531,0.058549382716049383,7.044990237664403,268945
original,testing/flip/0062_000000020.jpg,flip,testing,0062,20,1080,1920,3,0.4619221189633261,0.2392755622970857,0.19980358115468408,299.6584005401234,0.05594135802469136,6.968036441727992,265450
original,testing/flip/0063_000000011.jpg,flip,testing,0063,11,1080,1920,3,0.4870269759138223,0.25061320636991935,0.1566443638798112,485.52615534765084,0.05887345679012346,7.060538119128253,295577
original,testing/flip/0063_000000014.jpg,flip,testing,0063,14,1080,1920,3,0.4547154252904866,0.2382458864110222,0.17921091669692568,425.48254064833867,0.05216820987654321,7.04609491082342,280505
original,testing/flip/0063_000000023.jpg,flip,testing,0063,23,1080,1920,3,0.48905422037642216,0.23437633340885392,0.19004288648329704,380.06807978246223,0.0625,6.825045903244767,294382
original,testing/flip/0064_000000027.jpg,flip,testing,0064,27,1080,1920,3,0.4487958821259985,0.2339884487267413,0.209558000862382,462.8813780711782,0.06757716049382716,6.839317424473227,308735
original,testing/flip/0065_000000001.jpg,flip,testing,0065,1,1080,1920,3,0.5186270632867345,0.2641021248652467,0.15430602457032197,649.5694200673845,0.07263888888888889,7.028192925544018,312806
original,testing/flip/0065_000000005.jpg,flip,testing,0065,5,1080,1920,3,0.5200287611958364,0.2662826208581493,0.15410338938816268,606.6299129620104,0.07214506172839506,7.0060190389292645,318792
original,testing/flip/0065_000000016.jpg,flip,testing,0065,16,1080,1920,3,0.5109333564058339,0.2739259080558222,0.16539276393427743,506.42529759367625,0.06214506172839506,7.04862034037008,301472
original,testing/flip/0065_000000023.jpg,flip,testing,0065,23,1080,1920,3,0.4547374406166788,0.24155642322628618,0.20185910645122246,393.312352444785,0.054760802469135804,6.949909095873451,284840
original,testing/flip/0065_000000025.jpg,flip,testing,0065,25,1080,1920,3,0.4646489708151779,0.2418708927144496,0.2024176765613653,348.56128977569864,0.05050154320987654,6.930274168433308,274248
original,testing/flip/0065_000000026.jpg,flip,testing,0065,26,1080,1920,3,0.4677348477971436,0.24048082471080118,0.2034505529835391,338.504998708038,0.05121913580246914,6.896189639413825,271584
original,testing/notflip/0001_000000002.jpg,notflip,testing,0001,2,1080,1920,3,0.5421289223251029,0.24561758103891998,0.19352844536734445,835.8882095326551,0.08671296296296296,7.170245472389003,357497
original,testing/notflip/0001_000000004.jpg,notflip,testing,0001,4,1080,1920,3,0.5421289185427257,0.24561771460608844,0.1935002988077947,835.882499673973,0.08670524691358025,7.1702691767027735,357398
original,testing/notflip/0001_000000009.jpg,notflip,testing,0001,9,1080,1920,3,0.5442982574588477,0.2431949200291698,0.19073025220890827,788.0407132201051,0.0862037037037037,7.176440755202601,374314
original,testing/notflip/0001_000000014.jpg,notflip,testing,0001,14,1080,1920,3,0.5425195340867829,0.24383363402710143,0.1902581340020576,801.6454704427083,0.08637345679012345,7.182997698339328,383378
original,testing/notflip/0001_000000024.jpg,notflip,testing,0001,24,1080,1920,3,0.5393265723341806,0.24534152989572977,0.18942870975550713,791.8016979118441,0.08623456790123457,7.221230758332945,385515
original,testing/notflip/0002_000000003.jpg,notflip,testing,0002,3,1080,1920,3,0.5687443756051803,0.24424756173195386,0.17014446978637135,547.4460586414394,0.07359567901234568,7.173284679534191,335533
original,testing/notflip/0002_000000006.jpg,notflip,testing,0002,6,1080,1920,3,0.566434977154442,0.24386743500973884,0.1698127193778746,459.67169195601855,0.07212962962962963,7.176408601764012,320528
original,testing/notflip/0002_000000008.jpg,notflip,testing,0002,8,1080,1920,3,0.5645150500786735,0.24355430312806486,0.17030456835511984,383.7909540580109,0.06631944444444444,7.187914725387685,299140
original,testing/notflip/0002_000000012.jpg,notflip,testing,0002,12,1080,1920,3,0.5601270746338659,0.24434007999564245,0.1725214668815057,534.3754162760417,0.07554012345679012,7.224837386915245,335377
original,testing/notflip/0002_000000015.jpg,notflip,testing,0002,15,1080,1920,3,0.5562925895666908,0.24369504225663757,0.17332528065238442,574.0083651519751,0.0748070987654321,7.223903869851089,347215
original,testing/notflip/0002_000000026.jpg,notflip,testing,0002,26,1080,1920,3,0.5507849018851367,0.24215278661067088,0.1756019804526749,542.2795291275506,0.07496913580246914,7.213551879065189,351886
original,testing/notflip/0002_000000027.jpg,notflip,testing,0002,27,1080,1920,3,0.5505486867586541,0.2419908790792681,0.17555753373880417,552.8604552206576,0.07444444444444444,7.216260536636123,354031
original,testing/notflip/0002_000000028.jpg,notflip,testing,0002,28,1080,1920,3,0.550707904033527,0.2418589227736362,0.1754511543815057,560.7842512916643,0.0754320987654321,7.215343815869739,353519
original,testing/notflip/0003_000000004.jpg,notflip,testing,0003,4,1080,1920,3,0.5636926591624304,0.23395076039543658,0.19405186962902443,546.6874531871571,0.07588734567901234,7.092783695843166,366683
original,testing/notflip/0003_000000018.jpg,notflip,testing,0003,18,1080,1920,3,0.5697862238259501,0.23142822901764096,0.17250858599612684,545.1504145204023,0.07406635802469136,7.092109261594816,367192
original,testing/notflip/0003_000000025.jpg,notflip,testing,0003,25,1080,1920,3,0.559910660251755,0.22874631112591717,0.17439103917029775,567.8363472784256,0.07716049382716049,7.114602541344913,355851
original,testing/notflip/0003_000000030.jpg,notflip,testing,0003,30,1080,1920,3,0.5568498131505688,0.2246441370162435,0.17752681327160494,399.04767632577926,0.07036265432098765,7.1199972416198545,324491
original,testing/notflip/0004_000000002.jpg,notflip,testing,0004,2,1080,1920,3,0.5351659158648028,0.25536091370530534,0.20635745166122005,803.3715246384293,0.10362654320987655,7.287119510230939,413995
original,testing/notflip/0004_000000004.jpg,notflip,testing,0004,4,1080,1920,3,0.5362507961903897,0.2555982021739376,0.20535509334906804,843.3076151572145,0.10286265432098765,7.292336169230142,414373
original,testing/notflip/0004_000000010.jpg,notflip,testing,0004,10,1080,1920,3,0.5421262935729847,0.24955894427420416,0.2013995741043331,797.7942823425713,0.10020061728395062,7.227429967534795,394309
original,testing/notflip/0004_000000012.jpg,notflip,testing,0004,12,1080,1920,3,0.5405500786734447,0.25046831807399494,0.20305252019789397,767.877870078637,0.0911496913580247,7.211193944803945,379989
original,testing/notflip/0004_000000015.jpg,notflip,testing,0004,15,1080,1920,3,0.5490941925381263,0.2491220763442202,0.19033892179557008,697.4770677145251,0.09037037037037036,7.1475572812616885,375478
original,testing/notflip/0004_000000016.jpg,notflip,testing,0004,16,1080,1920,3,0.5520924431886952,0.2491804406312101,0.18797282740256596,720.9659258971097,0.08895061728395062,7.1349662980462725,379327
original,testing/notflip/0004_000000020.jpg,notflip,testing,0004,20,1080,1920,3,0.552043330912612,0.2490517291615998,0.1869505529835391,724.9222829132373,0.09471450617283951,7.192534960587504,397665
original,testing/notflip/0004_000000023.jpg,notflip,testing,0004,23,1080,1920,3,0.547676116935972,0.2522751038476334,0.18726716820987654,746.9972519525893,0.09484567901234568,7.254652834146514,406099
original,testing/notflip/0004_000000029.jpg,notflip,testing,0004,29,1080,1920,3,0.5460406132746308,0.25273593657802046,0.18387574512829824,740.3654224772804,0.09760802469135803,7.2565048433714825,404794
original,testing/notflip/0005_000000005.jpg,notflip,testing,0005,5,1080,1920,3,0.5412585160221496,0.24288507125417338,0.22161016362563543,407.77487276234564,0.07527777777777778,7.080852826309833,332361
original,testing/notflip/0005_000000009.jpg,notflip,testing,0005,9,1080,1920,3,0.5476408784192689,0.24394072672892517,0.21441111413701283,429.4758604166667,0.06652006172839506,7.0792604369988394,338157
original,testing/notflip/0005_000000012.jpg,notflip,testing,0005,12,1080,1920,3,0.55356735468107,0.2486957880400298,0.2090046088265553,457.67986941562833,0.06685185185185186,7.103838140811978,346534
original,testing/notflip/0005_000000018.jpg,notflip,testing,0005,18,1080,1920,3,0.5564533822016461,0.25085838861911586,0.1926367991255144,508.52121506195465,0.08099537037037037,7.147575836064391,372752
original,testing/notflip/0005_000000022.jpg,notflip,testing,0005,22,1080,1920,3,0.5537511819928589,0.25006498967186647,0.18921684557310578,328.5923452786828,0.06911265432098765,7.130848689711523,303732
original,testing/notflip/0006_000000009.jpg,notflip,testing,0006,9,1080,1920,3,0.5328479976095376,0.24271752800537316,0.22596187174715565,656.5867243081752,0.09371141975308642,7.084595605071064,396169
original,testing/notflip/0006_000000015.jpg,notflip,testing,0006,15,1080,1920,3,0.5368745498971192,0.2447059498721552,0.21835878494916486,655.7133640365417,0.09221450617283951,7.089502260652426,397194
original,testing/notflip/0006_000000016.jpg,notflip,testing,0006,16,1080,1920,3,0.5383170974794239,0.2452636884131827,0.2171137947076979,659.9521064742775,0.09253858024691358,7.089114305694436,397395
original,testing/notflip/0006_000000019.jpg,notflip,testing,0006,19,1080,1920,3,0.5428022497579279,0.24694268484193557,0.21180941168905834,644.160918205054,0.09170524691358024,7.092798758899534,378293
original,testing/notflip/0006_000000021.jpg,notflip,testing,0006,21,1080,1920,3,0.5440484295570079,0.2470114581035549,0.21024247874304042,635.2738811356286,0.08868055555555555,7.091752412379917,377855
original,testing/notflip/0006_000000023.jpg,notflip,testing,0006,23,1080,1920,3,0.5498787937242798,0.24708722055739785,0.20071987336601307,622.1944363377701,0.08804012345679012,7.0730998369639755,376523
original,testing/notflip/0006_000000025.jpg,notflip,testing,0006,25,1080,1920,3,0.5510678501724764,0.24832808048700708,0.19743840398813847,657.0656240992583,0.08906635802469136,7.0643615908359845,383186
original,testing/notflip/0006_000000027.jpg,notflip,testing,0006,27,1080,1920,3,0.5524323086873638,0.24825133335448535,0.19543690994916485,646.1546450379135,0.09017746913580246,7.062046923363109,382440
original,testing/notflip/0006_000000028.jpg,notflip,testing,0006,28,1080,1920,3,0.5538246811456065,0.24761990766513806,0.19285002118131203,612.8133023431546,0.08920524691358024,7.066528181399308,380663
original,testing/notflip/0006_000000029.jpg,notflip,testing,0006,29,1080,1920,3,0.5537996418088841,0.24762215090206507,0.19266078128782377,612.7649380979938,0.08925925925925926,7.066589258828506,381012
original,testing/notflip/0007_000000010.jpg,notflip,testing,0007,10,1080,1920,3,0.5144088806433067,0.2670972124763438,0.20890645992193174,74.54327922090526,0.030740740740740742,7.26192690006391,234012
original,testing/notflip/0007_000000025.jpg,notflip,testing,0007,25,1080,1920,3,0.5187644203128783,0.2724921594446147,0.19159033640462358,494.78278203583443,0.057152777777777775,7.256928788540437,304169
original,testing/notflip/0008_000000008.jpg,notflip,testing,0008,8,1080,1920,3,0.5488524589233842,0.24486282164957357,0.2186179250635439,116.9664863939734,0.04455246913580247,7.168556061520139,270239
original,testing/notflip/0008_000000009.jpg,notflip,testing,0008,9,1080,1920,3,0.5483690559943113,0.24438979137018152,0.21910671788005326,89.41602305759173,0.03672067901234568,7.165922466265554,265673
original,testing/notflip/0008_000000012.jpg,notflip,testing,0008,12,1080,1920,3,0.5496273167060034,0.2429185729645622,0.21672460890220285,64.71291357167352,0.028016975308641976,7.1272537978123545,252498
original,testing/notflip/0008_000000013.jpg,notflip,testing,0008,13,1080,1920,3,0.5512670415002421,0.24272288748544002,0.21331084520999757,55.029199488394966,0.02511574074074074,7.101489212743026,246595
original,testing/notflip/0008_000000020.jpg,notflip,testing,0008,20,1080,1920,3,0.5666005015432098,0.24388684995019144,0.1920550014373033,38.044127850115736,0.01753858024691358,7.062837912886361,225853
original,testing/notflip/0008_000000023.jpg,notflip,testing,0008,23,1080,1920,3,0.5635218905077464,0.2454034460872211,0.18652432257625273,60.37039435204237,0.02119598765432099,7.096192971195262,233879
original,testing/notflip/0009_000000002.jpg,notflip,testing,0009,2,1080,1920,3,0.5365866542604696,0.24193774839293455,0.22085420259924957,75.40867877366018,0.03292438271604938,7.110602924635931,246720
original,testing/notflip/0009_000000003.jpg,notflip,testing,0009,3,1080,1920,3,0.537003135590656,0.24202297388555652,0.21966538444081338,70.8160411064791,0.0325,7.118651528024364,245949
original,testing/notflip/0009_000000004.jpg,notflip,testing,0009,4,1080,1920,3,0.5376102090141612,0.24221702335086706,0.21844634508896152,67.6410560770438,0.03166666666666667,7.125160108731345,244935
original,testing/notflip/0009_000000005.jpg,notflip,testing,0009,5,1080,1920,3,0.5396528231663036,0.24199175651214372,0.21604056788610507,60.06071644227014,0.030493827160493828,7.1214554869096816,243641
original,testing/notflip/0009_000000012.jpg,notflip,testing,0009,12,1080,1920,3,0.5497510212418301,0.24068221134689927,0.20217136248789638,42.39538991674287,0.02771604938271605,7.072642945689985,233751
original,testing/notflip/0009_000000015.jpg,notflip,testing,0009,15,1080,1920,3,0.5531070393821108,0.2420873877472478,0.19461211154986685,67.38594024914028,0.030123456790123456,7.073013642425388,238383
original,testing/notflip/0009_000000017.jpg,notflip,testing,0009,17,1080,1920,3,0.5544093780259017,0.24247633172642222,0.1908942088023481,72.37139060356652,0.029552469135802468,7.080029287443224,240732
original,testing/notflip/0009_000000027.jpg,notflip,testing,0009,27,1080,1920,3,0.5559179243070685,0.24901144556120006,0.17952454762769304,476.25873279315033,0.07040123456790123,7.108430273618906,310761
original,testing/notflip/0010_000000007.jpg,notflip,testing,0010,7,1080,1920,3,0.5450877757352941,0.26081369281977845,0.1834368853637134,365.57040106286195,0.061766975308641975,7.203986888563337,294072
original,testing/notflip/0010_000000009.jpg,notflip,testing,0010,9,1080,1920,3,0.5486078677227063,0.2617036685991676,0.17836037354756717,348.2950722869989,0.059799382716049385,7.209615010124493,286182
original,testing/notflip/0010_000000026.jpg,notflip,testing,0010,26,1080,1920,3,0.5380738622609538,0.259851801767927,0.18174948937908497,355.761922567956,0.06606481481481481,7.257667421513847,284660
original,testing/notflip/0011_000000017.jpg,notflip,testing,0011,17,1080,1920,3,0.5447293633502784,0.26645617090504414,0.19154781681190997,599.2732918950522,0.060833333333333336,7.303254014482598,332057
original,testing/notflip/0011_000000018.jpg,notflip,testing,0011,18,1080,1920,3,0.5459384607237957,0.26724986469613055,0.1900925188362382,594.5439024300197,0.05939814814814815,7.287657785214813,329927
original,testing/notflip/0011_000000027.jpg,notflip,testing,0011,27,1080,1920,3,0.5426630015432099,0.26932312466734804,0.18050691040305009,651.7508563885436,0.07206018518518519,7.32809936954832,348758
original,testing/notflip/0015_000000002.jpg,notflip,testing,0015,2,1080,1920,3,0.5531425369916485,0.22307990769123595,0.23630431304466232,547.8220160300926,0.0839891975308642,6.980854911480633,333406
original,testing/notflip/0015_000000003.jpg,notflip,testing,0015,3,1080,1920,3,0.5537795119977004,0.2218665586892452,0.23740191350459935,436.4993428140122,0.08300154320987654,6.985991400883814,320235
original,testing/notflip/0015_000000004.jpg,notflip,testing,0015,4,1080,1920,3,0.553990477865529,0.22182567260259484,0.23737531015492616,418.0651595835596,0.08270833333333333,6.9828638247750945,317903
original,testing/notflip/0015_000000005.jpg,notflip,testing,0015,5,1080,1920,3,0.5549498948499153,0.22143138403767773,0.2373662419057129,367.6405270847027,0.08165123456790123,6.981234520099019,308634
original,testing/notflip/0015_000000018.jpg,notflip,testing,0015,18,1080,1920,3,0.5678517459452916,0.21520297132522256,0.22867526400992494,454.8228619207605,0.07572530864197531,6.908941208440637,297679
original,testing/notflip/0015_000000021.jpg,notflip,testing,0015,21,1080,1920,3,0.5694115812605907,0.21873873716477485,0.22104293754538853,554.714960904814,0.0881712962962963,6.993531636344111,324570
original,testing/notflip/0016_000000001.jpg,notflip,testing,0016,1,1080,1920,3,0.5842409847040667,0.19778159188374805,0.14833282838598402,910.9662273399991,0.09828703703703703,6.899745244777388,367326
original,testing/notflip/0016_000000014.jpg,notflip,testing,0016,14,1080,1920,3,0.580253566781651,0.19702783036711302,0.15048832758412006,956.8492017889209,0.09891203703703703,6.922932310945901,409312
original,testing/notflip/0016_000000020.jpg,notflip,testing,0016,20,1080,1920,3,0.5784841726428226,0.20130360219776822,0.15208984847797144,1147.8729189714197,0.09925154320987654,6.931036241315294,430350
original,testing/notflip/0016_000000023.jpg,notflip,testing,0016,23,1080,1920,3,0.5789722808490679,0.20081586568137755,0.15163289571229727,1135.8654716735255,0.09849537037037037,6.925334025888379,431399
original,testing/notflip/0016_000000025.jpg,notflip,testing,0016,25,1080,1920,3,0.5776663886619463,0.20242547058037907,0.15210222819837813,1110.4551330187376,0.09838734567901235,6.927225232689682,429768
original,testing/notflip/0019_000000002.jpg,notflip,testing,0019,2,1080,1920,3,0.5847873339536431,0.20378906707127076,0.14718720497458243,1240.4616765965554,0.09810185185185186,6.774966893516451,425725
original,testing/notflip/0019_000000004.jpg,notflip,testing,0019,4,1080,1920,3,0.5856330942870975,0.20512383374327353,0.14730201335935608,1270.3671678511637,0.09820216049382716,6.788263356178044,431948
original,testing/notflip/0019_000000012.jpg,notflip,testing,0019,12,1080,1920,3,0.5849020402142339,0.20622569956001718,0.14917190904139432,1316.7936976451165,0.09941358024691357,6.8344888272448125,440656
original,testing/notflip/0019_000000015.jpg,notflip,testing,0019,15,1080,1920,3,0.5833693434549745,0.20844643317192674,0.15050427030380054,1376.6844306124735,0.09954475308641976,6.846101635489569,448282
original,testing/notflip/0019_000000024.jpg,notflip,testing,0019,24,1080,1920,3,0.5826877118131203,0.20623605182517293,0.14845419730392156,1349.7134550277563,0.10075617283950618,6.869898818556302,449466
original,testing/notflip/0019_000000025.jpg,notflip,testing,0019,25,1080,1920,3,0.5827006853667394,0.20699662758898096,0.14885499122488502,1380.4043187442248,0.10119598765432099,6.87687094054556,452330
original,testing/notflip/0019_000000027.jpg,notflip,testing,0019,27,1080,1920,3,0.5822349064239893,0.2073352866032094,0.14946819966412492,1410.539282662466,0.10184413580246914,6.88225964566171,455941
original,testing/notflip/0020_000000004.jpg,notflip,testing,0020,4,1080,1920,3,0.5897854427650691,0.20453486710320926,0.14069467138707334,1043.4704120569822,0.09067129629629629,6.657977910683365,387801
original,testing/notflip/0020_000000010.jpg,notflip,testing,0020,10,1080,1920,3,0.5898339063634713,0.2040493609997746,0.13982481731118374,1069.0871266927086,0.09023148148148148,6.657619070647735,400582
original,testing/notflip/0020_000000016.jpg,notflip,testing,0020,16,1080,1920,3,0.5875452882927862,0.20412374924948107,0.14254867541152264,1059.2916727623456,0.0904320987654321,6.687774716632264,401605
original,testing/notflip/0020_000000019.jpg,notflip,testing,0020,19,1080,1920,3,0.5855457232661584,0.20476607059238355,0.14446981473916728,1048.7519768898965,0.09102623456790124,6.696294673337698,400350
original,testing/notflip/0021_000000024.jpg,notflip,testing,0021,24,1080,1920,3,0.5946949758684338,0.18957005088195306,0.15355894834785766,128.286741990967,0.07800154320987654,6.6302055212252435,258115
original,testing/notflip/0021_000000026.jpg,notflip,testing,0021,26,1080,1920,3,0.5935537381233358,0.189126964244,0.1555216276325345,115.42894436728396,0.07056327160493828,6.615339865764159,241977
original,testing/notflip/0023_000000014.jpg,notflip,testing,0023,14,1080,1920,3,0.5783895300018156,0.19683803271815567,0.1686960822137497,676.2780957552202,0.07610339506172839,6.697683695666207,333495
original,testing/notflip/0023_000000020.jpg,notflip,testing,0023,20,1080,1920,3,0.5905756172839506,0.1957912525113377,0.14575978690087144,1022.1920238852214,0.09243827160493827,6.764181447990637,413478
original,testing/notflip/0023_000000024.jpg,notflip,testing,0023,24,1080,1920,3,0.5936148480997337,0.19157030645097556,0.14058337683067054,821.5824587331866,0.09479166666666666,6.7240472066012185,389663
original,testing/notflip/0023_000000029.jpg,notflip,testing,0023,29,1080,1920,3,0.5927986924322197,0.18949448735595265,0.14327925857843138,568.8252872647081,0.094429012345679,6.724797255153625,336161
original,testing/notflip/0023_000000030.jpg,notflip,testing,0023,30,1080,1920,3,0.5920543830186396,0.19163937650640983,0.14390861398571775,730.8850947701735,0.09527006172839506,6.738885294934244,367295
original,testing/notflip/0024_000000002.jpg,notflip,testing,0024,2,1080,1920,3,0.6030945045842412,0.1914100546006694,0.13419342698499154,1138.221888695452,0.08955246913580248,6.532217076748393,393450
original,testing/notflip/0024_000000004.jpg,notflip,testing,0024,4,1080,1920,3,0.6066032721344711,0.1911320630483955,0.1301162740559187,1141.8150581784764,0.09071759259259259,6.548062971976166,399344
original,testing/notflip/0024_000000006.jpg,notflip,testing,0024,6,1080,1920,3,0.6056742238562091,0.19058028752942713,0.12941254198438634,1173.343228129227,0.09079475308641975,6.520311304201593,401796
original,testing/notflip/0024_000000007.jpg,notflip,testing,0024,7,1080,1920,3,0.6056098459059549,0.19087483021553198,0.12954076646090534,1167.6142096191033,0.0910570987654321,6.523399441446147,402228
original,testing/notflip/0024_000000019.jpg,notflip,testing,0024,19,1080,1920,3,0.5987331041212781,0.19295204563783155,0.13462709165456307,1177.15715059722,0.09067901234567902,6.595084775392795,408082
original,testing/notflip/0024_000000020.jpg,notflip,testing,0024,20,1080,1920,3,0.5982022569444444,0.19350779394105758,0.13561731042725733,1179.6761152489617,0.09051697530864197,6.595293653918272,407557
original,testing/notflip/0024_000000022.jpg,notflip,testing,0024,22,1080,1920,3,0.5977074539306463,0.19321604481575935,0.13698506717501815,1121.4066673332475,0.09077932098765432,6.596294483864611,402569
original,testing/notflip/0024_000000024.jpg,notflip,testing,0024,24,1080,1920,3,0.5976504988955459,0.19130370218101922,0.1365560964354878,1096.0200364535106,0.09077932098765432,6.593325158399236,396648
original,testing/notflip/0024_000000025.jpg,notflip,testing,0024,25,1080,1920,3,0.5976527210421205,0.19079340265218708,0.13649148965141614,1064.3760574378903,0.08988425925925926,6.589415049558413,397479
original,testing/notflip/0025_000000010.jpg,notflip,testing,0025,10,1080,1920,3,0.5906657778080368,0.18068788507808575,0.15989404994250786,368.3139133487059,0.07727623456790124,6.584441565708738,292741
original,testing/notflip/0025_000000011.jpg,notflip,testing,0025,11,1080,1920,3,0.594530130416364,0.17720848922741417,0.15499157664609053,269.42259034916316,0.07664351851851851,6.535487335177933,271704
original,testing/notflip/0025_000000013.jpg,notflip,testing,0025,13,1080,1920,3,0.6006919877904866,0.17334265790973355,0.14398862828310335,271.9959024310318,0.07994598765432098,6.458383572117583,272359
original,testing/notflip/0025_000000018.jpg,notflip,testing,0025,18,1080,1920,3,0.6070256464082547,0.18054465864075395,0.1273559008865892,905.529979415295,0.08664351851851852,6.428199299873491,375733
original,testing/notflip/0025_000000021.jpg,notflip,testing,0025,21,1080,1920,3,0.6056268666031228,0.18465881006813828,0.12860550184580002,1065.118384057725,0.08706018518518518,6.474169522484517,401231
original,testing/notflip/0025_000000022.jpg,notflip,testing,0025,22,1080,1920,3,0.6050932582909707,0.1850192571647748,0.12918294412672476,1069.0110055153082,0.08743827160493828,6.484127155152697,401694
original,testing/notflip/0025_000000025.jpg,notflip,testing,0025,25,1080,1920,3,0.603456962221617,0.18633115943680528,0.13131386543815057,1100.6805425739574,0.08837962962962963,6.510400337436131,405290
original,testing/notflip/0026_000000004.jpg,notflip,testing,0026,4,1080,1920,3,0.5817783905228758,0.1912111279784449,0.17112861973493101,456.12672256462196,0.07777006172839507,6.609348684230292,303057
original,testing/notflip/0026_000000005.jpg,notflip,testing,0026,5,1080,1920,3,0.5832544764433552,0.18879156141681308,0.1710185998396272,347.6884461671596,0.07683641975308642,6.579716481993515,286810
original,testing/notflip/0026_000000010.jpg,notflip,testing,0026,10,1080,1920,3,0.5850394880174292,0.18397267986385735,0.16785588008351487,316.7057482204861,0.07041666666666667,6.573257304610522,271237
original,testing/notflip/0026_000000014.jpg,notflip,testing,0026,14,1080,1920,3,0.5925627382897604,0.18616358436258315,0.1520229552469136,727.5209317772037,0.0711033950617284,6.567148337194203,332107
original,testing/notflip/0026_000000024.jpg,notflip,testing,0026,24,1080,1920,3,0.60365428694626,0.1812195847501358,0.1310618475399419,616.8641746625419,0.08100308641975308,6.555439256899935,334825
original,testing/notflip/0026_000000029.jpg,notflip,testing,0026,29,1080,1920,3,0.6043474642943597,0.18301665440184647,0.13238574195110145,687.0008900853527,0.08194444444444444,6.565292585750061,340157
original,testing/notflip/0027_000000001.jpg,notflip,testing,0027,1,1080,1920,3,0.5833098807038248,0.19880616303500873,0.16646361542302104,27.927630516439475,0.010787037037037038,6.281911090293385,143466
original,testing/notflip/0027_000000004.jpg,notflip,testing,0027,4,1080,1920,3,0.5815654597101185,0.20150234515968976,0.1669066679526749,51.97967655553413,0.012453703703703703,6.295722430771008,155542
original,testing/notflip/0027_000000010.jpg,notflip,testing,0027,10,1080,1920,3,0.5817516112926653,0.2053762782030564,0.16404341790728638,115.01135000851384,0.015478395061728396,6.36010258477611,172075
original,testing/notflip/0027_000000013.jpg,notflip,testing,0027,13,1080,1920,3,0.5804165475217865,0.20570364982877865,0.16484735838779957,120.54312462842697,0.015486111111111112,6.394152207163052,174284
original,testing/notflip/0027_000000017.jpg,notflip,testing,0027,17,1080,1920,3,0.5736509906045751,0.20446519424833326,0.17370944535221497,112.37394992283947,0.01466820987654321,6.530534289253598,176940
original,testing/notflip/0027_000000022.jpg,notflip,testing,0027,22,1080,1920,3,0.5755233202463084,0.2035720223884506,0.17111134183611715,114.96703679317176,0.014891975308641975,6.208987856210289,177701
original,testing/notflip/0027_000000023.jpg,notflip,testing,0027,23,1080,1920,3,0.5756552060639071,0.2040507302101321,0.17138393019244735,117.08328646523967,0.018310185185185186,6.179968899168448,181859
original,testing/notflip/0028_000000004.jpg,notflip,testing,0028,4,1080,1920,3,0.5903784003570564,0.20080703532698171,0.1664303305041152,895.2473057769752,0.10863425925925926,6.639220731186537,437572
original,testing/notflip/0028_000000024.jpg,notflip,testing,0028,24,1080,1920,3,0.6182035448438634,0.19203001175038276,0.126384176046962,1004.5761450259463,0.12140432098765432,6.557585571366403,468491
original,testing/notflip/0029_000000001.jpg,notflip,testing,0029,1,1080,1920,3,0.5809933827311788,0.19816598345559674,0.1681149010530138,720.943803131192,0.09400462962962963,6.579054053744544,368886
original,testing/notflip/0029_000000003.jpg,notflip,testing,0029,3,1080,1920,3,0.5837005529835391,0.19754816924410548,0.16515987351730818,711.6715320987654,0.0878317901234568,6.560081101114885,373179
original,testing/notflip/0029_000000004.jpg,notflip,testing,0029,4,1080,1920,3,0.5865061179950375,0.19510504224849567,0.16227443037400147,700.6805580587467,0.08557098765432099,6.537545934531245,364371
original,testing/notflip/0029_000000005.jpg,notflip,testing,0029,5,1080,1920,3,0.5888997064875332,0.193804661444323,0.1594430771151053,686.5508216377433,0.08418981481481481,6.526512002894122,362109
original,testing/notflip/0029_000000013.jpg,notflip,testing,0029,13,1080,1920,3,0.6060486281318083,0.18855969726564037,0.13450609530077462,701.8245379109868,0.08604938271604938,6.442669765159362,365295
original,testing/notflip/0029_000000017.jpg,notflip,testing,0029,17,1080,1920,3,0.608784994553377,0.18311169149266576,0.1332955625151295,336.77102944905266,0.0827391975308642,6.303974479533708,270212
original,testing/notflip/0029_000000018.jpg,notflip,testing,0029,18,1080,1920,3,0.6085414359416607,0.18353975439986475,0.13353408110929557,340.8962539056546,0.08319444444444445,6.319865099015567,276996
original,testing/notflip/0029_000000019.jpg,notflip,testing,0029,19,1080,1920,3,0.6084201180858145,0.183911403091425,0.1339883029986686,346.07339701925923,0.08399691358024691,6.338043517060779,278763
original,testing/notflip/0029_000000025.jpg,notflip,testing,0029,25,1080,1920,3,0.6064759497549019,0.18775247204106715,0.1353710058097313,536.5394842201432,0.08791666666666667,6.371694367585954,326796
original,testing/notflip/0030_000000001.jpg,notflip,testing,0030,1,1080,1920,3,0.5911945957395304,0.1947908497086794,0.1598309977154442,727.8786068100685,0.09563271604938271,6.621072030652358,369411
original,testing/notflip/0030_000000004.jpg,notflip,testing,0030,4,1080,1920,3,0.5925021616285403,0.1917593157711362,0.15997389781529897,574.1941962389022,0.09624228395061728,6.605645163794559,353133
original,testing/notflip/0030_000000007.jpg,notflip,testing,0030,7,1080,1920,3,0.5993303093228032,0.18143279917176114,0.15738444459573955,279.616463957476,0.0879783950617284,6.507491304699245,286563
original,testing/notflip/0030_000000018.jpg,notflip,testing,0030,18,1080,1920,3,0.6068939969892277,0.1903650930202956,0.1360896971828855,989.0574480621761,0.10385030864197531,6.617929742771539,430483
original,testing/notflip/0030_000000022.jpg,notflip,testing,0030,22,1080,1920,3,0.6074432321925683,0.19193834248485173,0.1345773420479303,1022.3457903711326,0.1039429012345679,6.62663684845238,433121
original,testing/notflip/0030_000000023.jpg,notflip,testing,0030,23,1080,1920,3,0.6074379803618979,0.1919695291021113,0.1347215565238441,1023.3367171008135,0.10393518518518519,6.627259914283734,433629
original,testing/notflip/0030_000000024.jpg,notflip,testing,0030,24,1080,1920,3,0.6075513060548293,0.19183359940058292,0.13455688884350037,1051.7681183089467,0.10483796296296297,6.633199806380852,434321
original,testing/notflip/0030_000000028.jpg,notflip,testing,0030,28,1080,1920,3,0.6074746675290487,0.19181235424736212,0.1344472169268942,1058.9941380648909,0.10579475308641975,6.656993211089597,434711
original,testing/notflip/0031_000000004.jpg,notflip,testing,0031,4,1080,1920,3,0.5839972218439845,0.20167258370859453,0.16711290963144515,463.7343491268837,0.08391975308641976,6.716497199700341,307734
original,testing/notflip/0031_000000008.jpg,notflip,testing,0031,8,1080,1920,3,0.5917615854212055,0.2012100653691742,0.1569648428044057,515.1559881172244,0.09069444444444444,6.687358285783908,335156
original,testing/notflip/0031_000000010.jpg,notflip,testing,0031,10,1080,1920,3,0.5957382651748971,0.20017791876578409,0.15118651658194143,565.5170935871057,0.09514660493827161,6.659234496514418,341786
original,testing/notflip/0031_000000015.jpg,notflip,testing,0031,15,1080,1920,3,0.6008332274267731,0.19832585017682156,0.14412407520878723,615.0995392227152,0.09726851851851852,6.632651958720492,348859
original,testing/notflip/0031_000000016.jpg,notflip,testing,0031,16,1080,1920,3,0.6009578227124183,0.19846353405796252,0.14387826419147906,622.8087347584209,0.09672067901234568,6.6328874242490405,351259
original,testing/notflip/0031_000000017.jpg,notflip,testing,0031,17,1080,1920,3,0.6010222271393125,0.19851658904565553,0.14360412506051803,642.8662662760416,0.09742283950617284,6.633567478956395,353647
original,testing/notflip/0031_000000019.jpg,notflip,testing,0031,19,1080,1920,3,0.6008640329974583,0.1987655813445135,0.14320501429738564,648.4102829503291,0.09810185185185186,6.638934695038832,355705
original,testing/notflip/0031_000000020.jpg,notflip,testing,0031,20,1080,1920,3,0.6012852631021544,0.1981224902517407,0.14250897558097314,640.8765044560184,0.09787037037037037,6.641600490293342,354155
original,testing/notflip/0032_000000003.jpg,notflip,testing,0032,3,1080,1920,3,0.5979394611625515,0.190891983408559,0.15350046145001212,471.23965778600586,0.08218364197530864,6.5875379579294275,305647
original,testing/notflip/0032_000000007.jpg,notflip,testing,0032,7,1080,1920,3,0.6004774967471557,0.18822843784329382,0.15207424238985717,438.2799679735725,0.08189814814814815,6.57207497338071,302764
original,testing/notflip/0032_000000008.jpg,notflip,testing,0032,8,1080,1920,3,0.6007615381414911,0.18818964884977496,0.15148275614258047,411.31118801386754,0.07958333333333334,6.566674044557973,293503
original,testing/notflip/0032_000000010.jpg,notflip,testing,0032,10,1080,1920,3,0.6015775103637134,0.18790214303537492,0.15082846541394335,426.56544339128703,0.07361111111111111,6.553673293262682,290779
original,testing/notflip/0032_000000015.jpg,notflip,testing,0032,15,1080,1920,3,0.6118998445442992,0.18187373981116667,0.14186353561486323,333.4234150948193,0.06395833333333334,6.459336341849506,259668
original,testing/notflip/0032_000000029.jpg,notflip,testing,0032,29,1080,1920,3,0.6278699675472041,0.1754866897277296,0.11370934322803194,516.524916162742,0.08578703703703704,6.376684471908002,316853
original,testing/notflip/0033_000000002.jpg,notflip,testing,0033,2,1080,1920,3,0.6048907687303317,0.1983170983641772,0.1543253260409102,105.11076877357682,0.01857253086419753,5.838096176737985,163523
original,testing/notflip/0033_000000005.jpg,notflip,testing,0033,5,1080,1920,3,0.6116578877693052,0.193867960258188,0.14323659336419753,65.86149559893451,0.015084876543209877,5.770071385966302,155238
original,testing/notflip/0033_000000006.jpg,notflip,testing,0033,6,1080,1920,3,0.6131268041938999,0.19324850856375372,0.14033374183006533,62.41273575811377,0.01513888888888889,5.778173397193138,153186
original,testing/notflip/0033_000000008.jpg,notflip,testing,0033,8,1080,1920,3,0.6134605989772453,0.19277339197070284,0.13720598636831277,67.61295914488788,0.012013888888888888,5.845790445637219,148832
original,testing/notflip/0033_000000015.jpg,notflip,testing,0033,15,1080,1920,3,0.6081084142762043,0.1965560230219889,0.13827205693234085,125.49583435999656,0.015601851851851851,6.04841381414276,163018
original,testing/notflip/0033_000000019.jpg,notflip,testing,0033,19,1080,1920,3,0.6022013359356088,0.19884179778448127,0.1438116187061244,127.59238249879735,0.015871913580246914,6.152871440938738,169302
original,testing/notflip/0033_000000025.jpg,notflip,testing,0033,25,1080,1920,3,0.5978862601367707,0.19854289224948402,0.14758789109779716,125.73804612476899,0.016450617283950617,6.2407583824954145,173981
original,testing/notflip/0033_000000027.jpg,notflip,testing,0033,27,1080,1920,3,0.5970746622337206,0.19829903435314752,0.1479002246732026,127.79741585642195,0.015825617283950617,6.2563302107733305,175643
original,testing/notflip/0034_000000008.jpg,notflip,testing,0034,8,1080,1920,3,0.6170166122004358,0.1884657011610217,0.1388395345406681,320.21486556832036,0.03417438271604938,6.20589556263448,216185
original,testing/notflip/0034_000000017.jpg,notflip,testing,0034,17,1080,1920,3,0.6169138601428226,0.19024115467589456,0.13099332032195593,322.78813167860983,0.03567901234567901,6.2577598390877816,215621
original,testing/notflip/0034_000000025.jpg,notflip,testing,0034,25,1080,1920,3,0.606692038852578,0.19575325256233916,0.1359797718470104,111.35766316580693,0.02904320987654321,6.374141134486234,189644
original,testing/notflip/0034_000000030.jpg,notflip,testing,0034,30,1080,1920,3,0.6060328499455337,0.19395941326017935,0.13464160841805858,53.402814321785456,0.021342592592592594,6.424665028824452,183505
original,testing/notflip/0035_000000009.jpg,notflip,testing,0035,9,1080,1920,3,0.6007290323922779,0.18923397577763337,0.15193369492858871,217.15299189814814,0.02529320987654321,6.285435469154133,199806
original,testing/notflip/0035_000000011.jpg,notflip,testing,0035,11,1080,1920,3,0.6045810374304043,0.18920043437071332,0.14617939247458242,226.52229612268516,0.024907407407407406,6.304677255387438,200499
original,testing/notflip/0035_000000015.jpg,notflip,testing,0035,15,1080,1920,3,0.6120007942992012,0.1871015301086246,0.1310243528352699,321.7749470664128,0.03746141975308642,6.327886761278036,230391
original,testing/notflip/0035_000000016.jpg,notflip,testing,0035,16,1080,1920,3,0.6138529373940934,0.18684244874211084,0.12844735309247154,332.46417331961595,0.03826388888888889,6.316702055637705,234446
original,testing/notflip/0035_000000026.jpg,notflip,testing,0035,26,1080,1920,3,0.6115760673868313,0.19027957382067648,0.1243398579339143,139.9658831846684,0.03623456790123457,6.324620479040531,198828
original,testing/notflip/0036_000000001.jpg,notflip,testing,0036,1,1080,1920,3,0.5731076521272089,0.19582322161343535,0.16906304655349794,153.24983131566975,0.04063271604938272,6.32799084325017,195106
original,testing/notflip/0036_000000004.jpg,notflip,testing,0036,4,1080,1920,3,0.5767645734991528,0.19468061090063166,0.1650069387708787,158.6327880524477,0.03594907407407407,6.3692783881152435,201898
original,testing/notflip/0036_000000005.jpg,notflip,testing,0036,5,1080,1920,3,0.5783038099885016,0.1940570513295966,0.1643477744492859,175.1356093315972,0.03325617283950617,6.358875898817251,202771
original,testing/notflip/0036_000000014.jpg,notflip,testing,0036,14,1080,1920,3,0.5932214109023238,0.18346386933796194,0.1463004077402566,222.25447625975224,0.04218364197530864,6.221936788452401,225977
original,testing/notflip/0036_000000020.jpg,notflip,testing,0036,20,1080,1920,3,0.5919139773965141,0.18122569218717952,0.148379588023481,123.55766908626732,0.03719907407407407,6.11853516676425,209760
original,testing/notflip/0036_000000025.jpg,notflip,testing,0036,25,1080,1920,3,0.5903328699921326,0.18104257111081556,0.1482059390885984,178.85228948610876,0.03943672839506173,6.097766749772177,213530
original,testing/notflip/0036_000000028.jpg,notflip,testing,0036,28,1080,1920,3,0.5900471170721375,0.1815229428428466,0.14779336873638343,235.08362787202552,0.040625,6.095636817090993,231935
original,testing/notflip/0036_000000030.jpg,notflip,testing,0036,30,1080,1920,3,0.590446356436093,0.1807388013640147,0.14716561705700798,235.85182325007625,0.04183641975308642,6.091759876511338,233425
original,testing/notflip/0037_000000002.jpg,notflip,testing,0037,2,1080,1920,3,0.5948977358690389,0.17957508185612672,0.16606509092834665,59.51884606427898,0.017770061728395063,6.285791099977221,181063
original,testing/notflip/0037_000000004.jpg,notflip,testing,0037,4,1080,1920,3,0.6010710443899783,0.17418025350301483,0.15845194868070686,52.8066497551226,0.018055555555555554,6.253608041847876,173116
original,testing/notflip/0037_000000007.jpg,notflip,testing,0037,7,1080,1920,3,0.6070321804647786,0.1701864446246617,0.14628854053195353,40.942425007620784,0.01099537037037037,6.289531405174004,184036
original,testing/notflip/0037_000000008.jpg,notflip,testing,0037,8,1080,1920,3,0.6101850414548535,0.1683413615793869,0.14304203923081577,34.96311234704837,0.010972222222222222,6.256421003259572,183223
original,testing/notflip/0037_000000010.jpg,notflip,testing,0037,10,1080,1920,3,0.6144383396877269,0.16611656806024508,0.1363900973583878,34.08328971955495,0.011257716049382716,6.210021539546799,184293
original,testing/notflip/0037_000000014.jpg,notflip,testing,0037,14,1080,1920,3,0.6155037445533769,0.17045056798700708,0.13225836472706368,50.585711609737,0.012777777777777779,6.133123653516694,186064
original,testing/notflip/0037_000000015.jpg,notflip,testing,0037,15,1080,1920,3,0.6149903171145,0.17162577443662266,0.13188209952190755,61.612623327653466,0.015270061728395061,6.1342411234357845,189101
original,testing/notflip/0037_000000018.jpg,notflip,testing,0037,18,1080,1920,3,0.6153309239590897,0.17281729355010603,0.12965534412067295,78.90972754820149,0.020547839506172838,6.124290870402264,194028
original,testing/notflip/0037_000000019.jpg,notflip,testing,0037,19,1080,1920,3,0.6152364628721859,0.1734410730936171,0.12910539215686276,97.98796535493828,0.03237654320987654,6.12335948257542,198227
original,testing/notflip/0037_000000025.jpg,notflip,testing,0037,25,1080,1920,3,0.6125749742798353,0.1755378178925875,0.1274441475278383,225.1623226163599,0.0601929012345679,6.164382764808414,232400
original,testing/notflip/0037_000000028.jpg,notflip,testing,0037,28,1080,1920,3,0.6105844888495522,0.178309589704953,0.12649567296054226,386.7994850191949,0.06513117283950617,6.196396761650903,278285
original,testing/notflip/0038_000000005.jpg,notflip,testing,0038,5,1080,1920,3,0.5814161333514888,0.19478825068239858,0.1678393548777536,496.57154612191124,0.07917438271604939,6.514728816276979,335518
original,testing/notflip/0038_000000008.jpg,notflip,testing,0038,8,1080,1920,3,0.5884030463265554,0.19024554181964107,0.16123739711934157,459.58061368098424,0.07381944444444444,6.5006197845833285,325594
original,testing/notflip/0038_000000009.jpg,notflip,testing,0038,9,1080,1920,3,0.5909392777172597,0.18880698607124738,0.1587893329399661,426.6693854594741,0.07029320987654321,6.479691344632597,314470
original,testing/notflip/0038_000000010.jpg,notflip,testing,0038,10,1080,1920,3,0.5941407687303317,0.18729481829934147,0.15476440140099249,428.51566133949666,0.06993055555555555,6.4441692085222115,308540
original,testing/notflip/0038_000000011.jpg,notflip,testing,0038,11,1080,1920,3,0.5970325227699105,0.18627685373287226,0.15068406749273786,409.54401677377444,0.07084104938271604,6.395239079437459,305693
original,testing/notflip/0038_000000020.jpg,notflip,testing,0038,20,1080,1920,3,0.6094809916636408,0.17692148075321557,0.1348540021332607,290.91782327293856,0.07943672839506173,6.15746006481862,265411
original,testing/notflip/0038_000000022.jpg,notflip,testing,0038,22,1080,1920,3,0.6084486182976276,0.18060617718682664,0.13373467002541758,447.99256944390856,0.08138888888888889,6.198046322917202,310799
original,testing/notflip/0038_000000023.jpg,notflip,testing,0038,23,1080,1920,3,0.608318939497095,0.18135174523906641,0.13341353674957637,479.73463715224193,0.0801929012345679,6.202224903302151,316910
original,testing/notflip/0039_000000003.jpg,notflip,testing,0039,3,1080,1920,3,0.5549424378933673,0.21869257298636788,0.19726345769789397,585.1139347241274,0.0719675925925926,6.7409052957486875,327747
original,testing/notflip/0039_000000022.jpg,notflip,testing,0039,22,1080,1920,3,0.5850747681402808,0.21619459353863182,0.16411332380174293,483.2988500413785,0.080625,6.7460288542903015,329773
original,testing/notflip/0039_000000026.jpg,notflip,testing,0039,26,1080,1920,3,0.5838287472010409,0.22050820401730117,0.1631333117737836,619.2649594259045,0.08576388888888889,6.813759752113274,366986
original,testing/notflip/0040_000000004.jpg,notflip,testing,0040,4,1080,1920,3,0.6083137670963448,0.19059212259803185,0.15476934307673687,686.9449247679827,0.10947530864197531,6.513956452717409,399170
original,testing/notflip/0040_000000005.jpg,notflip,testing,0040,5,1080,1920,3,0.6105030637254902,0.18795523234511796,0.1524120483841685,619.0551610867603,0.105625,6.4872566750052485,385054
original,testing/notflip/0040_000000006.jpg,notflip,testing,0040,6,1080,1920,3,0.612058804617526,0.18920274135143536,0.15043259425683855,660.4715026232186,0.10436728395061728,6.499863218438586,392326
original,testing/notflip/0040_000000007.jpg,notflip,testing,0040,7,1080,1920,3,0.6136877874606633,0.18979851308946294,0.14865624621762283,673.9715365983058,0.10371141975308643,6.500727619632652,396083
original,testing/notflip/0040_000000011.jpg,notflip,testing,0040,11,1080,1920,3,0.6177844404351246,0.18897253946377243,0.14082993108508834,690.1519784974065,0.1063888888888889,6.466762927935296,406142
original,testing/notflip/0040_000000012.jpg,notflip,testing,0040,12,1080,1920,3,0.6174537226155894,0.18898535857151014,0.1407503668905834,701.7330931579004,0.10752314814814815,6.4749813145165245,408807
original,testing/notflip/0040_000000014.jpg,notflip,testing,0040,14,1080,1920,3,0.6165803263435004,0.18791027247759468,0.14169258351488745,701.1664825502376,0.10872685185185185,6.489041962540697,415426
original,testing/notflip/0040_000000016.jpg,notflip,testing,0040,16,1080,1920,3,0.6156328295206972,0.1887161792443958,0.14291045032982327,740.9853995196521,0.11113425925925927,6.500408449214097,420327
original,testing/notflip/0040_000000017.jpg,notflip,testing,0040,17,1080,1920,3,0.6147970811395546,0.18949020371834838,0.14371033231965627,737.7070118824779,0.11263888888888889,6.5045377350257025,423745
original,testing/notflip/0040_000000018.jpg,notflip,testing,0040,18,1080,1920,3,0.6139965523632293,0.1906577151509508,0.14429381316569836,771.0446513867456,0.11241512345679013,6.513347722811565,429625
original,testing/notflip/0041_000000001.jpg,notflip,testing,0041,1,1080,1920,3,0.4996361599037763,0.245476113970259,0.1722950708061002,524.8473068624614,0.0574537037037037,6.915979218277172,267464
original,testing/notflip/0041_000000003.jpg,notflip,testing,0041,3,1080,1920,3,0.4996373929587267,0.2454785898465901,0.17228822470346164,524.9964134644466,0.05737654320987654,6.9160302613359805,267487
original,testing/notflip/0041_000000006.jpg,notflip,testing,0041,6,1080,1920,3,0.4996385371278141,0.24573612853244656,0.1716942193930041,518.3833971402391,0.05607253086419753,6.90878091706656,281659
original,testing/notflip/0041_000000011.jpg,notflip,testing,0041,11,1080,1920,3,0.49670631732631326,0.24555318056279718,0.17205631203098523,504.12903165003195,0.05691358024691358,6.876091033466668,291135
original,testing/notflip/0041_000000014.jpg,notflip,testing,0041,14,1080,1920,3,0.4907283893881627,0.24586331056800112,0.18005283224400873,536.5234908262364,0.058881172839506175,6.8865800492521805,305702
original,testing/notflip/0041_000000015.jpg,notflip,testing,0041,15,1080,1920,3,0.48830140628782376,0.24571786065134155,0.1836489727063665,545.3645934855942,0.06097222222222222,6.88802531796352,308409
original,testing/notflip/0041_000000021.jpg,notflip,testing,0041,21,1080,1920,3,0.4820091041817962,0.2439377578377906,0.19022649630839988,556.4115042937791,0.06622685185185186,6.888447307708322,318662
original,testing/notflip/0041_000000022.jpg,notflip,testing,0041,22,1080,1920,3,0.48246450995521667,0.24380268039240632,0.18961752413156618,567.8554088576793,0.06664351851851852,6.889855829173651,321193
original,testing/notflip/0041_000000028.jpg,notflip,testing,0041,28,1080,1920,3,0.48406821706305975,0.24441383049792018,0.18643527407104818,582.135687234225,0.06662808641975308,6.8907949539853846,322823
original,testing/notflip/0041_000000034.jpg,notflip,testing,0041,34,1080,1920,3,0.48672577387436455,0.24400455737979215,0.18162528556947471,576.4638968616041,0.06550925925925925,6.872537819327246,317763
original,testing/notflip/0041_000000036.jpg,notflip,testing,0041,36,1080,1920,3,0.4866138306402808,0.24448030207487265,0.18085934095860567,568.5402770880963,0.06444444444444444,6.868796508140555,319577
original,testing/notflip/0042_000000001.jpg,notflip,testing,0042,1,1080,1920,3,0.5135873313059792,0.24672713141269775,0.18417734620854515,327.90380978598677,0.04905092592592593,6.735898213361336,239895
original,testing/notflip/0042_000000006.jpg,notflip,testing,0042,6,1080,1920,3,0.5282156484507383,0.2583881551209331,0.17234127632534496,386.49518639683123,0.04544753086419753,6.870662328495819,254447
original,testing/notflip/0042_000000007.jpg,notflip,testing,0042,7,1080,1920,3,0.5293242537369887,0.25791759303151873,0.16765573559670782,400.29294575611334,0.047762345679012344,6.878730851724958,259330
original,testing/notflip/0042_000000013.jpg,notflip,testing,0042,13,1080,1920,3,0.5355718840777052,0.25328580563133873,0.15057889849612685,326.5547318929445,0.04883487654320988,6.844338030418162,250499
original,testing/notflip/0042_000000021.jpg,notflip,testing,0042,21,1080,1920,3,0.5255669840081094,0.24945186128126268,0.15305117934519488,408.3266292009007,0.05149691358024691,6.895451837141113,274958
original,testing/notflip/0042_000000024.jpg,notflip,testing,0042,24,1080,1920,3,0.5236751505386106,0.2467890101796357,0.15431963545449046,290.34969065691206,0.049714506172839505,6.890721143430326,254174
original,testing/notflip/0042_000000027.jpg,notflip,testing,0042,27,1080,1920,3,0.5232846560306221,0.24755205607574096,0.1519694005688695,378.5836093363602,0.05022376543209876,6.857843212002317,265153
original,testing/notflip/0042_000000030.jpg,notflip,testing,0042,30,1080,1920,3,0.5275254553982086,0.2543464344768799,0.15123782831033647,440.24552473416543,0.050416666666666665,6.906901452015376,272988
original,testing/notflip/0043_000000023.jpg,notflip,testing,0043,23,1080,1920,3,0.5272153288398693,0.2574349372311821,0.16322788633200194,725.4413189938057,0.07097222222222223,6.847861295079002,320877
original,testing/notflip/0043_000000024.jpg,notflip,testing,0043,24,1080,1920,3,0.5268631933097313,0.2562813183551432,0.1617005151597676,743.0077085038484,0.07102623456790123,6.842797822298124,315017
original,testing/notflip/0043_000000026.jpg,notflip,testing,0043,26,1080,1920,3,0.5268213148299443,0.2564130946677275,0.1611789480452675,749.4122063290656,0.07255401234567901,6.848849133055605,323099
original,testing/notflip/0044_000000006.jpg,notflip,testing,0044,6,1080,1920,3,0.5187224264705882,0.2508660893116935,0.16972165864802713,757.11015912917,0.0698533950617284,6.776699994982613,331780
original,testing/notflip/0044_000000014.jpg,notflip,testing,0044,14,1080,1920,3,0.5357690348129993,0.2575734205909008,0.15064055313483418,821.1766940441149,0.06925154320987655,6.852862578012265,327490
original,testing/notflip/0044_000000027.jpg,notflip,testing,0044,27,1080,1920,3,0.5238027187726942,0.25483839167110317,0.15381885250242072,841.5153287015604,0.071875,6.951360610212781,341544
original,testing/notflip/0045_000000005.jpg,notflip,testing,0045,5,1080,1920,3,0.508469873366013,0.24532697702803005,0.18598227956305977,653.6096908319521,0.08358024691358025,6.806307823919277,337092
original,testing/notflip/0045_000000012.jpg,notflip,testing,0045,12,1080,1920,3,0.5318830810487776,0.2583866704550866,0.16543189829944324,793.975269988795,0.0760108024691358,6.923598839190052,352018
original,testing/notflip/0045_000000013.jpg,notflip,testing,0045,13,1080,1920,3,0.5337900780682643,0.2585109568508942,0.16025347978697652,847.1008487537628,0.08060185185185186,6.935306161058913,364666
original,testing/notflip/0045_000000016.jpg,notflip,testing,0045,16,1080,1920,3,0.539121505083515,0.2574523805879726,0.14995226640038734,857.8777701472243,0.08300925925925925,6.932487876758247,366885
original,testing/notflip/0045_000000018.jpg,notflip,testing,0045,18,1080,1920,3,0.5390691683309126,0.25698999139985157,0.14808090882958122,896.4322000099428,0.08374228395061728,6.9352623332919325,373029
original,testing/notflip/0045_000000022.jpg,notflip,testing,0045,22,1080,1920,3,0.5343578941993464,0.2565153043024825,0.1510529192386831,929.4830822873204,0.0844212962962963,6.9655428857390564,375246
original,testing/notflip/0045_000000026.jpg,notflip,testing,0045,26,1080,1920,3,0.5290414567447349,0.25513659104147995,0.1532158167665214,947.8747517982682,0.08415895061728396,7.007536240998641,375902
original,testing/notflip/0045_000000028.jpg,notflip,testing,0045,28,1080,1920,3,0.5243530262799564,0.2531857132284184,0.15479989333696442,929.956536091047,0.08228395061728395,6.993960576621143,360928
original,testing/notflip/0045_000000030.jpg,notflip,testing,0045,30,1080,1920,3,0.5236734106451223,0.2538555433686039,0.1551578612926652,951.4113257735102,0.08287037037037037,6.998610968411049,368419
original,testing/notflip/0046_000000003.jpg,notflip,testing,0046,3,1080,1920,3,0.5283157963416848,0.2539887939413775,0.1665159086782861,561.1444709876544,0.07849537037037037,6.882197869338702,304032
original,testing/notflip/0046_000000011.jpg,notflip,testing,0046,11,1080,1920,3,0.5244926016702978,0.2526908500549455,0.16140619704671993,589.4470289742418,0.07857253086419753,6.915511472877668,317390
original,testing/notflip/0046_000000012.jpg,notflip,testing,0046,12,1080,1920,3,0.5245064659737352,0.2524978049486834,0.16063246641249093,590.970065753065,0.07931327160493827,6.919030815879099,319435
original,testing/notflip/0046_000000027.jpg,notflip,testing,0046,27,1080,1920,3,0.5206137228425322,0.24802929967852735,0.15657039382110868,572.4638500492971,0.08156635802469135,6.93189074864477,332806
original,testing/notflip/0046_000000028.jpg,notflip,testing,0046,28,1080,1920,3,0.5202723822167756,0.24923424745556944,0.1557453401113532,657.6511255257749,0.08205246913580247,6.931915287156826,348873
original,testing/notflip/0047_000000006.jpg,notflip,testing,0047,6,1080,1920,3,0.5008310374304042,0.24619994616478075,0.18376965512285162,644.1342394868827,0.06003086419753086,6.71153453446494,302488
original,testing/notflip/0047_000000009.jpg,notflip,testing,0047,9,1080,1920,3,0.5201428433641976,0.2529595504826224,0.1712257776567417,597.0444829387194,0.0525,6.782259737589971,292473
original,testing/notflip/0047_000000024.jpg,notflip,testing,0047,24,1080,1920,3,0.5296459619341564,0.2545512472486347,0.15020583318203823,729.1081215706447,0.06199845679012346,6.872767570928218,316342
original,testing/notflip/0047_000000025.jpg,notflip,testing,0047,25,1080,1920,3,0.5294636116406439,0.25451416781704833,0.1506435204097071,736.5941466154168,0.06207561728395062,6.876666171525713,316372
original,testing/notflip/0047_000000029.jpg,notflip,testing,0047,29,1080,1920,3,0.5280675400175503,0.25457817459094045,0.1504810937878238,742.6491453758479,0.06239969135802469,6.8864019452222,321205
original,testing/notflip/0048_000000015.jpg,notflip,testing,0048,15,1080,1920,3,0.5328026544722827,0.2567815654522341,0.15414842615286853,650.9867571099584,0.06257716049382717,6.903129466827186,305483
original,testing/notflip/0048_000000025.jpg,notflip,testing,0048,25,1080,1920,3,0.529053946154079,0.25629822154075543,0.15464445276567418,682.6087551153955,0.06358796296296296,6.926283203807506,315422
original,testing/notflip/0048_000000026.jpg,notflip,testing,0048,26,1080,1920,3,0.5292888109719196,0.2557721683038939,0.1543696063301864,659.8097808556241,0.06405864197530864,6.92675776959059,313233
original,testing/notflip/0048_000000030.jpg,notflip,testing,0048,30,1080,1920,3,0.5291544930858146,0.25567710031696506,0.15254168936092957,653.130887851509,0.06348765432098766,6.919398599121831,311662
original,testing/notflip/0049_000000006.jpg,notflip,testing,0049,6,1080,1920,3,0.5377487726186153,0.25544488672160387,0.1520755529835391,774.1820940709662,0.06306327160493827,6.887184661628369,305717
original,testing/notflip/0049_000000011.jpg,notflip,testing,0049,11,1080,1920,3,0.5356718201555314,0.2546549138476685,0.14672499092229485,809.3091410650411,0.06554783950617284,6.905495732542622,312574
original,testing/notflip/0049_000000012.jpg,notflip,testing,0049,12,1080,1920,3,0.5354353289155168,0.2539945269085947,0.14676423875877512,791.9625730736074,0.06513117283950617,6.911039746331051,311475
original,testing/notflip/0049_000000018.jpg,notflip,testing,0049,18,1080,1920,3,0.527140931372549,0.25346044105011156,0.151358011453038,837.0555841806104,0.06452160493827161,6.946465450768017,318756
original,testing/notflip/0049_000000022.jpg,notflip,testing,0049,22,1080,1920,3,0.5218319489832971,0.2520609887393596,0.15383413897966594,831.0576278672625,0.0654783950617284,6.925013833428623,312177
original,testing/notflip/0049_000000026.jpg,notflip,testing,0049,26,1080,1920,3,0.5198365105301379,0.2511256752369931,0.15467352789881386,811.2553796972643,0.06439043209876544,6.932574922314459,315198
original,testing/notflip/0049_000000028.jpg,notflip,testing,0049,28,1080,1920,3,0.518762502647664,0.25100434156167534,0.15495007262164123,805.5645631129378,0.0645679012345679,6.931028293553089,315413
original,testing/notflip/0050_000000011.jpg,notflip,testing,0050,11,1080,1920,3,0.5128515265674172,0.2472761273050331,0.1769467479121278,752.6239088048101,0.06675925925925925,6.807385334905268,325062
original,testing/notflip/0050_000000013.jpg,notflip,testing,0050,13,1080,1920,3,0.5201217906529896,0.2495082415078544,0.17032952637073348,743.1123599105986,0.06787808641975308,6.828448560747281,325821
original,testing/notflip/0051_000000002.jpg,notflip,testing,0051,2,1080,1920,3,0.526609921553498,0.2639388185954833,0.15839120748608085,865.0892019232372,0.07373456790123457,7.0121160240231575,337759
original,testing/notflip/0051_000000012.jpg,notflip,testing,0051,12,1080,1920,3,0.5188544711480271,0.25944327470119266,0.1572869311304769,833.0432695853694,0.0744675925925926,7.060536326608461,341574
original,testing/notflip/0051_000000025.jpg,notflip,testing,0051,25,1080,1920,3,0.5040220361292665,0.2561784378077017,0.16414998070987655,834.0558063009045,0.07344135802469136,7.082249334061613,338583
original,testing/notflip/0052_000000006.jpg,notflip,testing,0052,6,1080,1920,3,0.5227411322167755,0.2606221612802284,0.1746700348735173,597.2816871779621,0.06564814814814815,6.797248207085315,311774
original,testing/notflip/0052_000000014.jpg,notflip,testing,0052,14,1080,1920,3,0.523125764040184,0.26091260331063626,0.1694170524691358,548.2568764858157,0.06833333333333333,6.84449618911053,298199
original,testing/notflip/0052_000000022.jpg,notflip,testing,0052,22,1080,1920,3,0.5173077455519245,0.25762935870369746,0.16705084838719436,372.2064727294215,0.06543981481481481,6.861918098127363,278805
original,testing/notflip/0052_000000029.jpg,notflip,testing,0052,29,1080,1920,3,0.5174794635832728,0.2602328681803307,0.1635332868100944,634.5180519773568,0.06699845679012345,6.849427745927809,317816
original,testing/notflip/0053_000000001.jpg,notflip,testing,0053,1,1080,1920,3,0.48965153526688454,0.25689208174146,0.20993022081517793,568.9233793152126,0.08396604938271605,6.825296121853724,330774
original,testing/notflip/0053_000000008.jpg,notflip,testing,0053,8,1080,1920,3,0.5196052673384168,0.2747829360782761,0.1903447107237957,573.5553487461419,0.07039351851851852,7.033716818684052,328518
original,testing/notflip/0053_000000011.jpg,notflip,testing,0053,11,1080,1920,3,0.5223867083484628,0.27561686941908364,0.1824002681705398,572.3733883172702,0.07234567901234568,7.063678696073069,339018
original,testing/notflip/0053_000000016.jpg,notflip,testing,0053,16,1080,1920,3,0.5204474911492375,0.272225865424584,0.17216084180585814,636.0935567155825,0.08083333333333333,7.08471678187771,355846
original,testing/notflip/0053_000000017.jpg,notflip,testing,0053,17,1080,1920,3,0.5204713106693295,0.27197466814151805,0.1711281015492617,630.1835034459663,0.0795679012345679,7.083062388143839,354055
original,testing/notflip/0053_000000025.jpg,notflip,testing,0053,25,1080,1920,3,0.5081047680646333,0.2670488701155894,0.1734075832879448,596.6571353164055,0.08077160493827161,7.119845532085039,345328
original,testing/notflip/0054_000000010.jpg,notflip,testing,0054,10,1080,1920,3,0.5275970955125877,0.25551937043496864,0.1778038534858388,568.3307554649991,0.06060185185185185,6.735695349160602,298303
original,testing/notflip/0054_000000020.jpg,notflip,testing,0054,20,1080,1920,3,0.5365542184852337,0.26210982544844813,0.1656967838447107,711.7633886182913,0.06772376543209876,6.88475093328438,323748
original,testing/notflip/0054_000000023.jpg,notflip,testing,0054,23,1080,1920,3,0.5316580125877511,0.2601650097253763,0.1665915656771968,690.8530379843369,0.06736111111111111,6.864798122392228,317297
original,testing/notflip/0054_000000027.jpg,notflip,testing,0054,27,1080,1920,3,0.5301368634259259,0.25969442112046104,0.16570837872185912,701.8448612510836,0.06695987654320988,6.871024815746537,320668
original,testing/notflip/0055_000000012.jpg,notflip,testing,0055,12,1080,1920,3,0.5214729200708061,0.2658229726949946,0.16213669889251997,400.31968571381793,0.058410493827160494,7.036161437641157,274088
original,testing/notflip/0055_000000013.jpg,notflip,testing,0055,13,1080,1920,3,0.5224735592925441,0.2655985654885925,0.16047387701222462,398.7488568348956,0.05922067901234568,7.040765426275861,273878
original,testing/notflip/0055_000000016.jpg,notflip,testing,0055,16,1080,1920,3,0.520564778882232,0.264330412925215,0.16036870234204792,406.4599429483286,0.06119598765432099,7.068258300341597,276778
original,testing/notflip/0056_000000004.jpg,notflip,testing,0056,4,1080,1920,3,0.5278558800835148,0.25428971396802785,0.178090041379206,497.6842942657726,0.07050925925925926,6.795372548909027,301260
original,testing/notflip/0056_000000007.jpg,notflip,testing,0056,7,1080,1920,3,0.5345366171931736,0.2576520149026413,0.17028408867404987,605.7128455717855,0.07369598765432099,6.835655546515746,324977
original,testing/notflip/0056_000000011.jpg,notflip,testing,0056,11,1080,1920,3,0.5368347271393125,0.25764103199494204,0.16430386105059308,577.9769265731572,0.07253858024691358,6.84979937793942,320608
original,testing/notflip/0056_000000013.jpg,notflip,testing,0056,13,1080,1920,3,0.5345777864772453,0.25462409037756034,0.16388393397482448,417.1881441800387,0.07006944444444445,6.859940243977253,298763
original,testing/notflip/0056_000000022.jpg,notflip,testing,0056,22,1080,1920,3,0.5262601102941177,0.25655484228362246,0.16387413950919874,720.0431026689434,0.07628858024691358,6.907682681103869,348542
original,testing/notflip/0056_000000024.jpg,notflip,testing,0056,24,1080,1920,3,0.5229217445079883,0.25586262096197704,0.16399208726700557,703.710236482565,0.07548611111111111,6.923759949921806,349029
original,testing/notflip/0056_000000027.jpg,notflip,testing,0056,27,1080,1920,3,0.5206487949346404,0.25485455551660413,0.16291734371217623,721.655789719555,0.07488425925925926,6.905198905272283,339334
original,testing/notflip/0057_000000003.jpg,notflip,testing,0057,3,1080,1920,3,0.5227120854514645,0.2516580756268797,0.16236470247821352,360.86404584565764,0.060655864197530864,6.846197160570788,270307
original,testing/notflip/0057_000000007.jpg,notflip,testing,0057,7,1080,1920,3,0.5249731526870007,0.253011655410514,0.156254103879206,376.3534679460067,0.06270833333333334,6.857385438880186,277620
original,testing/notflip/0057_000000012.jpg,notflip,testing,0057,12,1080,1920,3,0.519406058989954,0.25199853096290736,0.16018232192568385,547.4206041737516,0.07392746913580248,6.892848849004313,327925
original,testing/notflip/0057_000000023.jpg,notflip,testing,0057,23,1080,1920,3,0.5162362699709514,0.24812853595597023,0.16258378721859115,472.4699765645838,0.07476851851851851,6.886397103056543,312181
original,testing/notflip/0057_000000027.jpg,notflip,testing,0057,27,1080,1920,3,0.5137772671568627,0.2508227306932678,0.1633020719862019,657.1045518175582,0.07930555555555556,6.89544675862296,350941
original,testing/notflip/0058_000000002.jpg,notflip,testing,0058,2,1080,1920,3,0.48471300835148873,0.25242966908848147,0.19903189867768095,545.9365468297515,0.07357253086419753,6.837936174709675,315335
original,testing/notflip/0058_000000004.jpg,notflip,testing,0058,4,1080,1920,3,0.4806414249727669,0.25139075847071995,0.19940302174110386,567.635123027585,0.07116512345679013,6.882970847281778,320621
original,testing/notflip/0058_000000013.jpg,notflip,testing,0058,13,1080,1920,3,0.5138707637375939,0.2666365266814842,0.1678084528564512,616.1615723591583,0.06823302469135803,7.039742535059387,322739
original,testing/notflip/0058_000000018.jpg,notflip,testing,0058,18,1080,1920,3,0.5190661367556282,0.26690570937423386,0.15862582644940693,638.3639849965111,0.07199074074074074,7.021692575405828,328212
original,testing/notflip/0058_000000020.jpg,notflip,testing,0058,20,1080,1920,3,0.5187586748819898,0.2666796369521785,0.15893254508593563,641.1799424377358,0.0723996913580247,7.031500516525877,327778
original,testing/notflip/0058_000000021.jpg,notflip,testing,0058,21,1080,1920,3,0.5188270129811183,0.26638977078238874,0.15878499266218835,633.0633397917143,0.07233796296296297,7.036291583455135,327243
original,testing/notflip/0058_000000025.jpg,notflip,testing,0058,25,1080,1920,3,0.5188444629780924,0.2660263137311507,0.15860446925683852,640.3151008649596,0.07442901234567902,7.042602443988751,330711
original,training/flip/0001_000000010.jpg,flip,training,0001,10,1080,1920,3,0.5287665100762527,0.25455305383657323,0.1934771052711208,526.1003857557919,0.07793981481481481,7.346430959715087,329826
original,training/flip/0001_000000011.jpg,flip,training,0001,11,1080,1920,3,0.5287062095285645,0.2545510228506438,0.19372485097434036,526.0728546629706,0.07828703703703704,7.346421883794161,329911
original,training/flip/0001_000000012.jpg,flip,training,0001,12,1080,1920,3,0.5243429500272331,0.2509052022127101,0.1961896105664488,543.6666588600609,0.07780864197530864,7.313103538682958,333787
original,training/flip/0001_000000013.jpg,flip,training,0001,13,1080,1920,3,0.5215620196381022,0.24869052119098414,0.19887014721011861,558.9291173324735,0.0770138888888889,7.293868674935611,339713
original,training/flip/0001_000000014.jpg,flip,training,0001,14,1080,1920,3,0.5133744212962963,0.24589098372142348,0.20459403367828613,544.1484341301226,0.07273148148148148,7.303195212173711,336382
original,training/flip/0001_000000015.jpg,flip,training,0001,15,1080,1920,3,0.5079836015038731,0.24416866717469718,0.20935329861111113,496.87435263679316,0.06761574074074074,7.30882061070385,333163
original,training/flip/0001_000000016.jpg,flip,training,0001,16,1080,1920,3,0.5024674488622609,0.2435164768856126,0.2137906662279109,508.9970745541839,0.0701929012345679,7.313426823327802,337582
original,training/flip/0001_000000017.jpg,flip,training,0001,17,1080,1920,3,0.4951139535675381,0.242591733582404,0.2188685586117163,538.6099973743999,0.06908179012345679,7.305280145342102,339043
original,training/flip/0001_000000018.jpg,flip,training,0001,18,1080,1920,3,0.489249413731542,0.24195420141082907,0.22358451343500366,550.7644500785299,0.07034722222222223,7.289412269445437,344347
original,training/flip/0001_000000019.jpg,flip,training,0001,19,1080,1920,3,0.48063250801863955,0.23949660522473826,0.22984553339082545,569.852684841297,0.07219135802469136,7.285296931222848,351265
original,training/flip/0001_000000021.jpg,flip,training,0001,21,1080,1920,3,0.45407293179617525,0.22809520609001546,0.24942543232570807,636.1275449567044,0.08300154320987654,7.216548156430122,370947
original,training/flip/0001_000000022.jpg,flip,training,0001,22,1080,1920,3,0.4515754584241104,0.22492815734997287,0.25382069073771485,602.4634736496319,0.08695987654320987,7.152862799522211,361412
original,training/flip/0001_000000023.jpg,flip,training,0001,23,1080,1920,3,0.4616119810578552,0.2263728612247519,0.2525115494886226,529.4056002785757,0.07862654320987654,7.10616199175537,341888
original,training/flip/0001_000000024.jpg,flip,training,0001,24,1080,1920,3,0.46775154510106515,0.22544586799135327,0.2569833556493585,442.629867282998,0.07372685185185185,7.039556223517723,322961
original,training/flip/0001_000000025.jpg,flip,training,0001,25,1080,1920,3,0.4763243728818688,0.22739994722588983,0.2548887375938029,459.03741424230304,0.07591820987654321,6.97473854340727,317487
original,training/flip/0002_000000009.jpg,flip,training,0002,9,1080,1920,3,0.5651978258896151,0.2594192418772758,0.16392185041454851,473.92457681273584,0.05798611111111111,7.374053119115146,316005
original,training/flip/0002_000000010.jpg,flip,training,0002,10,1080,1920,3,0.5637756312787461,0.2597710289696321,0.1650617681100218,450.27722056178317,0.05421296296296296,7.348911041022577,302359
original,training/flip/0002_000000011.jpg,flip,training,0002,11,1080,1920,3,0.5566412282891552,0.2578965067200523,0.1685532936940208,434.11683718129626,0.05281635802469136,7.357841644020056,296282
original,training/flip/0002_000000014.jpg,flip,training,0002,14,1080,1920,3,0.5072146631414912,0.2369212684414771,0.18903848757867345,454.14048247879276,0.05702932098765432,7.305453059459056,297737
original,training/flip/0002_000000016.jpg,flip,training,0002,16,1080,1920,3,0.47828010961328976,0.22724254601006458,0.20550529343681917,443.1610527091311,0.05694444444444444,7.263012805676006,304642
original,training/flip/0002_000000018.jpg,flip,training,0002,18,1080,1920,3,0.47885449951585574,0.22296420439388448,0.21528259085269913,393.41680426234325,0.05106481481481481,7.172370281089738,290275
original,training/flip/0002_000000019.jpg,flip,training,0002,19,1080,1920,3,0.48753434965807313,0.22258093971592302,0.21537727320866618,287.68361622650656,0.04483796296296296,7.1455871595337745,264367
original,training/flip/0002_000000020.jpg,flip,training,0002,20,1080,1920,3,0.49548897437061246,0.22124467417119462,0.2220897123123941,260.14452931949927,0.04239197530864198,7.134701661051057,261218
original,training/flip/0002_000000021.jpg,flip,training,0002,21,1080,1920,3,0.49999663557552654,0.2207294429970373,0.21957557189542484,324.0819751714678,0.05702932098765432,7.099382058285111,286380
original,training/flip/0003_000000001.jpg,flip,training,0003,1,1080,1920,3,0.5429797850853304,0.2547730031402505,0.18935438226216414,813.2253375771605,0.09802469135802469,7.256181376403875,385336
original,training/flip/0003_000000002.jpg,flip,training,0003,2,1080,1920,3,0.5446024248819898,0.25623409668960734,0.18862244689542482,796.5113438642521,0.09755401234567901,7.271717180873092,390851
original,training/flip/0003_000000003.jpg,flip,training,0003,3,1080,1920,3,0.5445965886740498,0.2562441709438802,0.18900853493403533,796.8947706960996,0.09818672839506173,7.272530697474016,391125
original,training/flip/0003_000000004.jpg,flip,training,0003,4,1080,1920,3,0.5468161027142339,0.25834053089385167,0.18697471291757445,801.3111535055632,0.09749228395061728,7.299272284424374,396801
original,training/flip/0003_000000006.jpg,flip,training,0003,6,1080,1920,3,0.5478027736171629,0.2590560570224185,0.18637613282195595,783.2833755427431,0.0970679012345679,7.307000160018992,394758
original,training/flip/0003_000000007.jpg,flip,training,0003,7,1080,1920,3,0.5468731976972888,0.2599057277245546,0.18742858493706124,795.4706161170172,0.09675925925925925,7.32215807231908,396564
original,training/flip/0003_000000009.jpg,flip,training,0003,9,1080,1920,3,0.5467681156953522,0.26032582666537984,0.18806931773480998,784.5636647133035,0.09689043209876544,7.326883972314018,394174
original,training/flip/0003_000000010.jpg,flip,training,0003,10,1080,1920,3,0.5464450893397482,0.2610489511905251,0.1886213273117889,764.0979312697665,0.09324074074074074,7.330616530045977,390506
original,training/flip/0003_000000011.jpg,flip,training,0003,11,1080,1920,3,0.5423027868554829,0.2606362665568481,0.1905057832546599,739.4016385458939,0.09301697530864197,7.332689349453997,392926
original,training/flip/0003_000000012.jpg,flip,training,0003,12,1080,1920,3,0.5391367404986686,0.2603388996140467,0.19348823869825707,713.596779811576,0.09279320987654321,7.338146241461344,391412
original,training/flip/0003_000000013.jpg,flip,training,0003,13,1080,1920,3,0.5366015114379085,0.2587919810594665,0.1964213927469136,669.0687099379263,0.09091820987654321,7.332105340566551,383427
original,training/flip/0003_000000014.jpg,flip,training,0003,14,1080,1920,3,0.5293532494402082,0.2554706784891602,0.19993425472040666,635.2210561684932,0.08787037037037038,7.313817792356115,378212
original,training/flip/0003_000000015.jpg,flip,training,0003,15,1080,1920,3,0.5224176046961995,0.253138070314967,0.20373453385984022,601.1673375123243,0.0865354938271605,7.30116238794879,373504
original,training/flip/0003_000000016.jpg,flip,training,0003,16,1080,1920,3,0.5192727207395305,0.25269041442853785,0.2059097089839022,564.9306928819444,0.08450617283950618,7.301840098852677,361988
original,training/flip/0003_000000017.jpg,flip,training,0003,17,1080,1920,3,0.5151125900205762,0.25368607709834484,0.20836478379932222,504.1170678609872,0.08041666666666666,7.311489416634464,345530
original,training/flip/0003_000000018.jpg,flip,training,0003,18,1080,1920,3,0.5130124742798354,0.2507983357881719,0.20468564285282015,549.841884904883,0.08242283950617284,7.290143568239443,348661
original,training/flip/0003_000000019.jpg,flip,training,0003,19,1080,1920,3,0.4963104688634713,0.24008330152003068,0.2128426947167756,534.1926194937414,0.08665123456790123,7.274277339479822,362726
original,training/flip/0003_000000020.jpg,flip,training,0003,20,1080,1920,3,0.48849696085996125,0.23647693203500603,0.22069965277777776,545.5834698811514,0.08804783950617284,7.246473840805326,364015
original,training/flip/0003_000000021.jpg,flip,training,0003,21,1080,1920,3,0.48245084800895666,0.2347848160990858,0.2254516517641007,550.1475567914929,0.08694444444444445,7.234732651636782,365414
original,training/flip/0003_000000023.jpg,flip,training,0003,23,1080,1920,3,0.48731819815117405,0.23165511404629097,0.22901937144456547,454.4545169952537,0.07012345679012345,7.128537329417654,323529
original,training/flip/0003_000000024.jpg,flip,training,0003,24,1080,1920,3,0.49413094022331155,0.23143758290614644,0.2260478054647785,361.35832464539516,0.05890432098765432,7.088699341901153,297015
original,training/flip/0003_000000026.jpg,flip,training,0003,26,1080,1920,3,0.5030718500363108,0.23084795531376595,0.23558310639070443,271.0885539435204,0.04101851851851852,6.943912588015514,263127
original,training/flip/0004_000000005.jpg,flip,training,0004,5,1080,1920,3,0.5441631868796902,0.2529069164329171,0.18154207894577584,474.2921599899025,0.08027777777777778,7.236563774077963,338477
original,training/flip/0004_000000007.jpg,flip,training,0004,7,1080,1920,3,0.5438511653503993,0.2547830240671163,0.1831954713598402,451.8016013936519,0.07520833333333334,7.26054700238971,327461
original,training/flip/0004_000000008.jpg,flip,training,0004,8,1080,1920,3,0.5463108792513919,0.25798268508722894,0.1817453836086904,426.64981776257184,0.07171296296296296,7.290725163016127,322097
original,training/flip/0004_000000009.jpg,flip,training,0004,9,1080,1920,3,0.5474821679829339,0.2605018817908142,0.18036594498910674,423.4837490845527,0.07415123456790124,7.300774632556821,326104
original,training/flip/0004_000000010.jpg,flip,training,0004,10,1080,1920,3,0.5468447466563786,0.26266893110224737,0.1802111512043089,409.16436678002594,0.0699074074074074,7.311416149283198,326678
original,training/flip/0004_000000011.jpg,flip,training,0004,11,1080,1920,3,0.5462550419087389,0.26468230125316355,0.1798113482661583,407.26304402857556,0.07051697530864197,7.319999115383757,329141
original,training/flip/0004_000000012.jpg,flip,training,0004,12,1080,1920,3,0.5475292169722827,0.26636286783579277,0.1790727010711692,364.5173304368975,0.06638117283950618,7.336785295465965,313060
original,training/flip/0004_000000015.jpg,flip,training,0004,15,1080,1920,3,0.5354629327039458,0.26092856624709837,0.18169972464294362,333.6712267870156,0.06456018518518518,7.341912741384634,302189
original,training/flip/0004_000000016.jpg,flip,training,0004,16,1080,1920,3,0.5064817349007504,0.2516260022972861,0.19179100096828855,337.8662497561347,0.06765432098765432,7.3433033207397695,294888
original,training/flip/0004_000000017.jpg,flip,training,0004,17,1080,1920,3,0.5012182620733479,0.24776780149543312,0.19363822886407647,323.6909490725857,0.06396604938271605,7.334854183508266,298856
original,training/flip/0004_000000018.jpg,flip,training,0004,18,1080,1920,3,0.4954600826827645,0.24530407844280366,0.19755285872064876,339.75264642483756,0.06291666666666666,7.32862757279916,308235
original,training/flip/0004_000000019.jpg,flip,training,0004,19,1080,1920,3,0.4853852029623578,0.24156136827598526,0.2025211605089567,353.7784212581924,0.06455246913580247,7.314708281877775,312927
original,training/flip/0004_000000020.jpg,flip,training,0004,20,1080,1920,3,0.4778626051500847,0.24003666665174436,0.20783802158980877,361.96962375947834,0.063804012345679,7.306060903534324,321792
original,training/flip/0004_000000021.jpg,flip,training,0004,21,1080,1920,3,0.4726809943113048,0.23866226591419393,0.21405897104212054,360.217972067663,0.0648533950617284,7.31836675324036,323582
original,training/flip/0004_000000022.jpg,flip,training,0004,22,1080,1920,3,0.4639993040426047,0.23553725609684442,0.22049598311546842,370.3109785986797,0.06546296296296296,7.303173150297072,329905
original,training/flip/0004_000000023.jpg,flip,training,0004,23,1080,1920,3,0.45697562068809,0.23253432518353565,0.22768534971859114,384.2572998470484,0.07076388888888889,7.2890231852601035,338114
original,training/flip/0004_000000024.jpg,flip,training,0004,24,1080,1920,3,0.4430773269184217,0.22635516222297072,0.24039945874183005,407.8821418571864,0.07425154320987655,7.245816236060492,349348
original,training/flip/0004_000000025.jpg,flip,training,0004,25,1080,1920,3,0.43966062621036067,0.22335244322269704,0.24655995446017914,413.2229398014189,0.07599537037037037,7.232131813202905,345316
original,training/flip/0004_000000026.jpg,flip,training,0004,26,1080,1920,3,0.4420789306463326,0.22222519700444376,0.24619750060518034,354.27250708441693,0.06720679012345679,7.186715746395433,321880
original,training/flip/0004_000000028.jpg,flip,training,0004,28,1080,1920,3,0.4618785724552167,0.2217580451076801,0.2510794412672476,303.50896249946413,0.0637037037037037,7.069959508143732,289648
original,training/flip/0005_000000001.jpg,flip,training,0005,1,1080,1920,3,0.557024330141007,0.2521021576149337,0.17223833136649722,436.13009021109593,0.08405864197530864,7.13576054089245,315704
original,training/flip/0005_000000002.jpg,flip,training,0005,2,1080,1920,3,0.5600865483539095,0.2530205359389492,0.1701192318748487,424.8619514002606,0.08344907407407408,7.149326840899624,320666
original,training/flip/0005_000000004.jpg,flip,training,0005,4,1080,1920,3,0.5616046999818446,0.25599950082057743,0.1685102956305979,561.7454315500686,0.08813271604938272,7.1850734104557175,367490
original,training/flip/0005_000000005.jpg,flip,training,0005,5,1080,1920,3,0.5626145890068991,0.2569457874707298,0.1679106110808521,608.4857744850609,0.09195216049382716,7.202334708284111,380588
original,training/flip/0005_000000006.jpg,flip,training,0005,6,1080,1920,3,0.560955256369523,0.2566688913956356,0.16834631823408377,635.1867352103695,0.09099537037037037,7.205531593647445,395809
original,training/flip/0005_000000007.jpg,flip,training,0005,7,1080,1920,3,0.5575396449860809,0.2542530444900436,0.16887227668845317,651.4525685727572,0.09567901234567901,7.181452233630767,392702
original,training/flip/0005_000000009.jpg,flip,training,0005,9,1080,1920,3,0.5489584808460422,0.2521645549738324,0.1730587327523602,671.2191293971955,0.09516203703703703,7.208917855469134,397908
original,training/flip/0005_000000010.jpg,flip,training,0005,10,1080,1920,3,0.5495042249152747,0.2530649873144896,0.174583503540305,631.5282092075807,0.09041666666666667,7.219296604471983,392126
original,training/flip/0005_000000011.jpg,flip,training,0005,11,1080,1920,3,0.5515798062666424,0.2548283400868973,0.17490193809005083,598.817870126505,0.08724537037037038,7.23137948520377,384931
original,training/flip/0005_000000012.jpg,flip,training,0005,12,1080,1920,3,0.5549935737412249,0.2563419949691305,0.17458278867102398,545.1758636714583,0.0775462962962963,7.252946435826594,361579
original,training/flip/0005_000000013.jpg,flip,training,0005,13,1080,1920,3,0.5577752379115226,0.25915451534123546,0.17346228213507625,504.20761980303826,0.07070987654320987,7.29060475835203,345754
original,training/flip/0005_000000014.jpg,flip,training,0005,14,1080,1920,3,0.5623909162430404,0.26413105702218187,0.17084680237835875,519.0603233796296,0.0763888888888889,7.339836548051355,349937
original,training/flip/0005_000000015.jpg,flip,training,0005,15,1080,1920,3,0.5579651245915033,0.26542707906861585,0.17151335557371095,561.557838271605,0.07786265432098766,7.361694286223308,370456
original,training/flip/0005_000000016.jpg,flip,training,0005,16,1080,1920,3,0.5547035561909949,0.26482368845345633,0.17313438596889372,570.4466354938272,0.07972993827160493,7.364915292425216,373302
original,training/flip/0005_000000017.jpg,flip,training,0005,17,1080,1920,3,0.5480359609507383,0.2610633228039911,0.17793309163943355,501.78665804987565,0.06875771604938272,7.3624105463446465,342335
original,training/flip/0005_000000019.jpg,flip,training,0005,19,1080,1920,3,0.5147097687454611,0.2531265671238363,0.19417459452916971,487.19722942333243,0.06503858024691359,7.378966507911243,324505
original,training/flip/0005_000000020.jpg,flip,training,0005,20,1080,1920,3,0.5081508695685064,0.2515552141171218,0.1953626656681191,507.34354131366933,0.07328703703703704,7.3743115740692415,339798
original,training/flip/0005_000000021.jpg,flip,training,0005,21,1080,1920,3,0.4999575314693779,0.24791122054934647,0.2006037335844832,492.7108948023834,0.07031635802469136,7.339621538319008,335858
original,training/flip/0005_000000022.jpg,flip,training,0005,22,1080,1920,3,0.48581399593016217,0.24325578218224453,0.20852945715323168,486.9899763369127,0.06929783950617284,7.317024443202351,334052
original,training/flip/0005_000000024.jpg,flip,training,0005,24,1080,1920,3,0.4497670263707335,0.23675549913195926,0.2297014021272089,501.00161998933083,0.06873456790123457,7.250892748818796,331306
original,training/flip/0005_000000025.jpg,flip,training,0005,25,1080,1920,3,0.44127605112260954,0.23603104252417983,0.23504875862381988,529.7199526975213,0.07027777777777777,7.236337658661093,334066
original,training/flip/0005_000000026.jpg,flip,training,0005,26,1080,1920,3,0.4336962505295328,0.23493222269733338,0.2414973239681675,527.4694274881878,0.06945987654320987,7.212722634655115,330151
original,training/flip/0005_000000027.jpg,flip,training,0005,27,1080,1920,3,0.4364529737049141,0.2368369765113401,0.2411956869553377,491.2630999228395,0.0636111111111111,7.187105057074168,311254
original,training/flip/0005_000000029.jpg,flip,training,0005,29,1080,1920,3,0.4344430676591624,0.2415527655727522,0.2460578382201646,351.80128063533573,0.04797839506172839,7.16980852815186,265557
original,training/flip/0005_000000030.jpg,flip,training,0005,30,1080,1920,3,0.4422458431675139,0.2479726550288613,0.24535204286189785,353.34568593750004,0.04596450617283951,7.191126010105183,265701
original,training/flip/0006_000000002.jpg,flip,training,0006,2,1080,1920,3,0.5227189504659888,0.2745727090392958,0.1687122783526991,549.5278133439429,0.05827932098765432,7.2507317145347105,296704
original,training/flip/0006_000000003.jpg,flip,training,0006,3,1080,1920,3,0.5230153791454853,0.27456430775793034,0.16851143601730817,539.3619514002606,0.05814043209876543,7.2467955395954995,295198
original,training/flip/0006_000000004.jpg,flip,training,0006,4,1080,1920,3,0.5228910618645606,0.2744794533635388,0.16894181947470346,533.9694126647996,0.057700617283950616,7.249931957519021,295800
original,training/flip/0006_000000005.jpg,flip,training,0006,5,1080,1920,3,0.5228932291666667,0.2742195025423555,0.1692385885681433,546.026510011574,0.05814814814814815,7.254187164898594,298334
original,training/flip/0006_000000007.jpg,flip,training,0006,7,1080,1920,3,0.5229857688059791,0.2739342751378267,0.17215056886952312,526.2877858329523,0.057006172839506174,7.280753856773417,299051
original,training/flip/0006_000000009.jpg,flip,training,0006,9,1080,1920,3,0.5224912872942387,0.2739156905159512,0.17409705579762771,526.005684127741,0.0583641975308642,7.3064148643491595,304577
original,training/flip/0006_000000010.jpg,flip,training,0006,10,1080,1920,3,0.5218922211631567,0.27351048101626113,0.1753123165547083,521.7383099779354,0.05880401234567901,7.314776165067865,304846
original,training/flip/0006_000000011.jpg,flip,training,0006,11,1080,1920,3,0.5217600913822319,0.2731126319712851,0.17737164881384654,501.8806910720069,0.056149691358024695,7.309007025560762,302395
original,training/flip/0006_000000013.jpg,flip,training,0006,13,1080,1920,3,0.5205835791878479,0.2727333791900969,0.18040467274872912,442.97409322839263,0.053858024691358024,7.308516096832039,294737
original,training/flip/0006_000000014.jpg,flip,training,0006,14,1080,1920,3,0.5219395954369402,0.27622066710643434,0.17775860679920116,390.8977637730886,0.04857253086419753,7.366970800702471,279911
original,training/flip/0006_000000015.jpg,flip,training,0006,15,1080,1920,3,0.5227125828340595,0.2803614545290765,0.1756729227184701,416.3973696606844,0.050771604938271604,7.442717212685412,284829
original,training/flip/0006_000000016.jpg,flip,training,0006,16,1080,1920,3,0.5245757156257564,0.2848895612707875,0.17854142270334059,427.9465043123547,0.050709876543209874,7.450046076137072,284303
original,training/flip/0006_000000017.jpg,flip,training,0006,17,1080,1920,3,0.5256949664124909,0.28591134230540544,0.17817252367768094,434.07357248746143,0.051188271604938274,7.425422501214873,285440
original,training/flip/0006_000000018.jpg,flip,training,0006,18,1080,1920,3,0.522069650583999,0.2839668076865455,0.18062973931856693,438.5804394975399,0.0514429012345679,7.435902731912307,286679
original,training/flip/0006_000000019.jpg,flip,training,0006,19,1080,1920,3,0.5155935949225369,0.2803297344997652,0.18523927506959575,444.21834638393534,0.05373456790123457,7.431647219871996,290698
original,training/flip/0006_000000020.jpg,flip,training,0006,20,1080,1920,3,0.5117883287188332,0.2771540361397229,0.18954765606088114,416.79841316818846,0.05352623456790123,7.423983860593417,292824
original,training/flip/0006_000000023.jpg,flip,training,0006,23,1080,1920,3,0.4972227309519487,0.2673283813530384,0.2038207512557492,413.00111990145365,0.06171296296296296,7.415720117315102,313215
original,training/flip/0006_000000026.jpg,flip,training,0006,26,1080,1920,3,0.4892099200405471,0.25914172200909097,0.21729824043815055,420.54170228617727,0.06633487654320988,7.314943546638019,332864
original,training/flip/0006_000000027.jpg,flip,training,0006,27,1080,1920,3,0.4901130722736625,0.255167631683839,0.22209117987472768,431.64653358618875,0.07192901234567901,7.287694482119703,336297
original,training/flip/0006_000000028.jpg,flip,training,0006,28,1080,1920,3,0.4962813369946744,0.25016579085405555,0.2207522051258775,407.4416960067063,0.07531635802469136,7.211447456956451,333977
original,training/flip/0006_000000029.jpg,flip,training,0006,29,1080,1920,3,0.509199469332486,0.2449345867930236,0.21541940510772212,383.9732368388965,0.07516203703703704,7.142748229857049,328790
original,training/flip/0007_000000005.jpg,flip,training,0007,5,1080,1920,3,0.554413947137497,0.24975476248208442,0.18318344529169692,31.50068970979081,0.017878086419753088,7.266889285955487,214547
original,training/flip/0007_000000006.jpg,flip,training,0007,6,1080,1920,3,0.5567017141733237,0.25255482172502713,0.18215542355059305,36.83107289946035,0.01808641975308642,7.293044231543792,217738
original,training/flip/0007_000000007.jpg,flip,training,0007,7,1080,1920,3,0.5571923641370129,0.2545029815969692,0.1822854938271605,42.88785658144481,0.019035493827160493,7.305842539113328,220521
original,training/flip/0007_000000009.jpg,flip,training,0007,9,1080,1920,3,0.553514390053861,0.25617522834247,0.1824859219922537,53.52553856095678,0.021558641975308643,7.326698943368335,226306
original,training/flip/0007_000000010.jpg,flip,training,0007,10,1080,1920,3,0.5524651851095376,0.2570973973557471,0.1821734371217623,56.663592237987736,0.022137345679012346,7.335234445012446,228396
original,training/flip/0007_000000011.jpg,flip,training,0007,11,1080,1920,3,0.5532189258805374,0.25917241629011256,0.18134101534132172,64.94560329122848,0.023549382716049384,7.344098773815663,230067
original,training/flip/0007_000000012.jpg,flip,training,0007,12,1080,1920,3,0.5511718390674171,0.26113969838125256,0.18150183634410555,79.99861472241274,0.025138888888888888,7.358020232479114,232167
original,training/flip/0007_000000013.jpg,flip,training,0007,13,1080,1920,3,0.5498407449013556,0.2625624465306299,0.1820581389191479,98.76270303920657,0.03066358024691358,7.360371922507448,235068
original,training/flip/0007_000000014.jpg,flip,training,0007,14,1080,1920,3,0.5477838560578553,0.2619055213030029,0.18188026506899055,124.93756393818587,0.04017746913580247,7.3519111052131585,242073
original,training/flip/0007_000000015.jpg,flip,training,0007,15,1080,1920,3,0.5394168841533528,0.25525977256903004,0.1842817908799322,134.6768987668015,0.043263888888888886,7.310984898909681,246768
original,training/flip/0007_000000016.jpg,flip,training,0007,16,1080,1920,3,0.5328255283980876,0.25110755016937536,0.18614627587145968,133.84656913097993,0.04261574074074074,7.298030725816191,252842
original,training/flip/0007_000000017.jpg,flip,training,0007,17,1080,1920,3,0.531725913822319,0.25422743449963775,0.19019417211328976,157.3394257601142,0.045864197530864195,7.33947199076061,252851
original,training/flip/0007_000000019.jpg,flip,training,0007,19,1080,1920,3,0.5218862885045993,0.2574949586663541,0.19545472494553376,241.02302694133658,0.05564814814814815,7.379358141087569,270115
original,training/flip/0007_000000020.jpg,flip,training,0007,20,1080,1920,3,0.5162366595557977,0.2560353559592512,0.19919929912551443,301.7087714877091,0.06030864197530864,7.385959017327654,283310
original,training/flip/0007_000000021.jpg,flip,training,0007,21,1080,1920,3,0.5048533685850883,0.2499525073229165,0.20659666621278142,313.6979802782898,0.06185956790123457,7.369252356610491,285528
original,training/flip/0007_000000022.jpg,flip,training,0007,22,1080,1920,3,0.48970982737230695,0.24346132392538575,0.21572603107601065,324.08086757330244,0.061412037037037036,7.338123833610326,286965
original,training/flip/0007_000000023.jpg,flip,training,0007,23,1080,1920,3,0.4761980812000726,0.23856967681692626,0.22598004228697652,368.1742971831061,0.06013117283950617,7.2938854658022585,294404
original,training/flip/0007_000000025.jpg,flip,training,0007,25,1080,1920,3,0.45958276408557247,0.2335908463934679,0.23905201335935608,462.8083256100799,0.06624228395061728,7.234563260234052,320060
original,training/flip/0007_000000026.jpg,flip,training,0007,26,1080,1920,3,0.4569474627814089,0.2315550027782984,0.24193516438211088,449.0704398099923,0.06107253086419753,7.18996153073736,315909
original,training/flip/0007_000000027.jpg,flip,training,0007,27,1080,1920,3,0.46343619507988376,0.23154806104476933,0.23845509183611716,407.96249179092126,0.058117283950617285,7.139040300372946,298369
original,training/flip/0007_000000028.jpg,flip,training,0007,28,1080,1920,3,0.46336806312030987,0.23053201192934686,0.23895931296901476,335.08888115134647,0.05768518518518519,7.160078374727661,285658
original,training/flip/0007_000000029.jpg,flip,training,0007,29,1080,1920,3,0.46773986890280805,0.2297243123329065,0.24091949777596225,300.47037036941776,0.055246913580246915,7.161451002903679,273894
original,training/flip/0007_000000030.jpg,flip,training,0007,30,1080,1920,3,0.47683762633139676,0.23217642960984392,0.23836149880476884,286.1390805035794,0.05260030864197531,7.1599865588214096,273376
original,training/flip/0008_000000001.jpg,flip,training,0008,1,1080,1920,3,0.5644693873305495,0.2659095079575062,0.17095292831638828,806.188698833781,0.08743055555555555,7.319154433574711,366963
original,training/flip/0008_000000002.jpg,flip,training,0008,2,1080,1920,3,0.5592054946592835,0.26387460333910384,0.1726922355361898,820.7177360205546,0.08726851851851852,7.318201965909632,377502
original,training/flip/0008_000000003.jpg,flip,training,0008,3,1080,1920,3,0.5554087085451465,0.2623385292884965,0.17378965822440087,820.2581957942174,0.08810185185185185,7.301326196832117,369600
original,training/flip/0008_000000004.jpg,flip,training,0008,4,1080,1920,3,0.5562962527989591,0.2627481556267368,0.17443898458303075,801.7423126200274,0.08736882716049382,7.306843079450445,371091
original,training/flip/0008_000000006.jpg,flip,training,0008,6,1080,1920,3,0.5550140950284435,0.26344049734505975,0.17643567689421447,770.3959866481385,0.08525462962962962,7.312574057780511,369248
original,training/flip/0008_000000008.jpg,flip,training,0008,8,1080,1920,3,0.5518650164155169,0.26393419046177563,0.17847230543451947,776.2297158169487,0.08521604938271606,7.3322987001128865,373895
original,training/flip/0008_000000009.jpg,flip,training,0008,9,1080,1920,3,0.55160840671145,0.2643196010228264,0.17840919268942146,793.1929741188462,0.0853858024691358,7.347785262433468,374769
original,training/flip/0008_000000010.jpg,flip,training,0008,10,1080,1920,3,0.5521039643094892,0.2642239901010761,0.17897820026930525,754.6714357323937,0.08310185185185186,7.35120551752609,370719
original,training/flip/0008_000000011.jpg,flip,training,0008,11,1080,1920,3,0.5499012610445413,0.2638975171548372,0.17987986413701285,723.4384725308643,0.08222993827160494,7.360508487480455,369344
original,training/flip/0008_000000012.jpg,flip,training,0008,12,1080,1920,3,0.547818135741951,0.26332980527442423,0.1808351318536674,743.9477176925559,0.08286265432098766,7.368004275989825,371323
original,training/flip/0008_000000013.jpg,flip,training,0008,13,1080,1920,3,0.5468804447319051,0.26308887587536484,0.18165785372791093,741.7019187599427,0.08190586419753086,7.373782650583653,367984
original,training/flip/0008_000000014.jpg,flip,training,0008,14,1080,1920,3,0.5404408341654563,0.2611929500887294,0.18578852351125635,658.7213960256987,0.07719135802469136,7.378986030862687,349617
original,training/flip/0008_000000015.jpg,flip,training,0008,15,1080,1920,3,0.5354223837297265,0.26073849688972556,0.18918833590534978,645.3681087105623,0.0737037037037037,7.395266710273484,345744
original,training/flip/0008_000000016.jpg,flip,training,0008,16,1080,1920,3,0.5350741932189542,0.2618612641810167,0.19001916341382233,652.0371785922497,0.07406635802469136,7.4017655820767745,347123
original,training/flip/0008_000000017.jpg,flip,training,0008,17,1080,1920,3,0.5235387353243767,0.258377165001534,0.1949003589475914,682.097239845298,0.07841049382716049,7.411628169384515,346990
original,training/flip/0008_000000018.jpg,flip,training,0008,18,1080,1920,3,0.5177504255174291,0.25318706728196966,0.19909681561667877,668.6549369834534,0.07838734567901234,7.376788387149579,353218
original,training/flip/0008_000000019.jpg,flip,training,0008,19,1080,1920,3,0.5122498619432342,0.24910580069977786,0.2029715130265069,641.7507613496775,0.07587191358024692,7.349654104272737,353913
original,training/flip/0008_000000020.jpg,flip,training,0008,20,1080,1920,3,0.5007874663368433,0.24399617913724628,0.21019982865831519,628.8514387002148,0.07624228395061729,7.33619726831293,354307
original,training/flip/0008_000000021.jpg,flip,training,0008,21,1080,1920,3,0.49260844831759865,0.24012321408684556,0.2149787751906318,667.7243646069102,0.08315586419753086,7.310652759354181,371575
original,training/flip/0008_000000022.jpg,flip,training,0008,22,1080,1920,3,0.4830650966019124,0.23346073505361492,0.2220769089657468,680.7648332561728,0.08825617283950617,7.240828490271927,382205
original,training/flip/0008_000000024.jpg,flip,training,0008,24,1080,1920,3,0.46722817946623096,0.23019552806447166,0.23085581389191479,648.3781592715834,0.08709104938271604,7.1938576491347375,376285
original,training/flip/0008_000000025.jpg,flip,training,0008,25,1080,1920,3,0.4612511536250303,0.23094042486538477,0.2318278526688453,565.1791847278782,0.0810108024691358,7.199512906431874,356054
original,training/flip/0008_000000027.jpg,flip,training,0008,27,1080,1920,3,0.4621981190238441,0.23540215617799154,0.23739279797567175,420.5908130979938,0.06535493827160493,7.224166676938413,316207
original,training/flip/0008_000000028.jpg,flip,training,0008,28,1080,1920,3,0.46395710216957153,0.236506375837438,0.23839068173565722,394.6063160102666,0.06081018518518518,7.212386725768692,310685
original,training/flip/0009_000000001.jpg,flip,training,0009,1,1080,1920,3,0.5482930699285886,0.26900156981940165,0.17552635749515855,685.5565733995746,0.07621141975308642,7.285665717547836,332539
original,training/flip/0009_000000002.jpg,flip,training,0009,2,1080,1920,3,0.5506293781015492,0.27023687793334045,0.1730097396211571,653.9517069601028,0.07376543209876543,7.289960660199252,342136
original,training/flip/0009_000000003.jpg,flip,training,0009,3,1080,1920,3,0.5506949588477367,0.2714179598267112,0.17215577531166787,654.7620061465835,0.07234567901234568,7.302543393435031,345478
original,training/flip/0009_000000004.jpg,flip,training,0009,4,1080,1920,3,0.55070797968107,0.2720698778782886,0.17221960670842412,640.0374968364198,0.06744598765432099,7.318413150758799,342557
original,training/flip/0009_000000005.jpg,flip,training,0009,5,1080,1920,3,0.5521606281015492,0.273640528822827,0.17202857018579035,639.8869276396509,0.06738425925925925,7.342010184888264,343772
original,training/flip/0009_000000006.jpg,flip,training,0009,6,1080,1920,3,0.5510508427136287,0.2749229675090343,0.17228422673081578,658.5360251152049,0.07021604938271606,7.351507094098732,349463
original,training/flip/0009_000000008.jpg,flip,training,0009,8,1080,1920,3,0.5529612400901719,0.27776093808051744,0.17216692575950132,614.8946316529492,0.06304783950617283,7.367786966669842,333932
original,training/flip/0009_000000009.jpg,flip,training,0009,9,1080,1920,3,0.5505009134440813,0.2793362094467988,0.1732803554678044,590.8689408649954,0.06365740740740741,7.402089566324538,330492
original,training/flip/0009_000000010.jpg,flip,training,0009,10,1080,1920,3,0.5506521744886226,0.28165965909141283,0.17237673232873396,614.1521165408642,0.06469907407407408,7.4301362971519485,333287
original,training/flip/0009_000000011.jpg,flip,training,0009,11,1080,1920,3,0.5497118187938755,0.2834163964465878,0.1739591560003631,635.2639349708505,0.0699074074074074,7.425112390434313,335352
original,training/flip/0009_000000012.jpg,flip,training,0009,12,1080,1920,3,0.5484675434216896,0.2828087370503562,0.17425586835814572,644.6745774917601,0.07261574074074074,7.426370610135341,343187
original,training/flip/0009_000000013.jpg,flip,training,0009,13,1080,1920,3,0.5456049685306221,0.28145227324340205,0.17545655183369643,624.3347006029355,0.0710570987654321,7.430258356252038,341894
original,training/flip/0009_000000014.jpg,flip,training,0009,14,1080,1920,3,0.5422052828461632,0.27831003399907667,0.17723112593802953,558.7426462953437,0.06797067901234567,7.414912942644532,332153
original,training/flip/0009_000000015.jpg,flip,training,0009,15,1080,1920,3,0.5155783046629145,0.26893317750520757,0.1885632337811668,525.3649778225499,0.0593287037037037,7.426370983640451,300774
original,training/flip/0009_000000017.jpg,flip,training,0009,17,1080,1920,3,0.4963979495733479,0.26082369264075844,0.20189547968106997,461.50854243612827,0.053912037037037036,7.40867050173093,292146
original,training/flip/0009_000000018.jpg,flip,training,0009,18,1080,1920,3,0.4880951324588478,0.2593058480604893,0.20622771990740743,474.2055496241403,0.05690586419753087,7.41547966911263,294272
original,training/flip/0009_000000021.jpg,flip,training,0009,21,1080,1920,3,0.45264737843439845,0.23747380169906906,0.22911394222040668,528.8420687690519,0.06919753086419753,7.2375920291171845,325495
original,training/flip/0009_000000022.jpg,flip,training,0009,22,1080,1920,3,0.44824408625332846,0.23462414989805488,0.23169292203764222,509.6831258739498,0.06698302469135803,7.237234741338638,326700
original,training/flip/0009_000000024.jpg,flip,training,0009,24,1080,1920,3,0.4566371792544178,0.2358268078925903,0.23307341594045025,456.34437798139584,0.06243827160493827,7.178860158777327,311260
original,training/flip/0009_000000027.jpg,flip,training,0009,27,1080,1920,3,0.47536269592713626,0.24089562259361505,0.23555825239046235,377.7785843177845,0.05379629629629629,7.2123922614638,279711
original,training/flip/0009_000000028.jpg,flip,training,0009,28,1080,1920,3,0.47703134077705156,0.24508613405724405,0.23690116270273542,374.4631050296615,0.051751543209876544,7.22167912519065,283662
original,training/flip/0010_000000005.jpg,flip,training,0010,5,1080,1920,3,0.5485443275689906,0.2775063366387861,0.16826738569656255,530.3660197587425,0.059020061728395065,7.428045621363077,315754
original,training/flip/0010_000000006.jpg,flip,training,0010,6,1080,1920,3,0.5477996437000726,0.27790924798653505,0.1678265061425805,477.07930082852266,0.05612654320987654,7.429468235455779,300899
original,training/flip/0010_000000007.jpg,flip,training,0010,7,1080,1920,3,0.5478364537944808,0.27775034911967406,0.16723921644274994,459.7255771519204,0.056219135802469136,7.426120475437786,296490
original,training/flip/0010_000000010.jpg,flip,training,0010,10,1080,1920,3,0.5281848409888648,0.2674862057296785,0.174624413731542,460.1695821711034,0.05683641975308642,7.407353134617859,290765
original,training/flip/0010_000000011.jpg,flip,training,0010,11,1080,1920,3,0.5044458779653838,0.2585974792183419,0.1846426977426773,453.02050030483156,0.055740740740740743,7.410564836794746,286772
original,training/flip/0010_000000014.jpg,flip,training,0010,14,1080,1920,3,0.4752076751997095,0.24555193667386038,0.20413692961752603,435.408462504763,0.0589429012345679,7.3444248793174065,302468
original,training/flip/0010_000000015.jpg,flip,training,0010,15,1080,1920,3,0.46945217562333574,0.242693040021492,0.20893090164306463,417.2295321001348,0.057492283950617284,7.349332219745034,295435
original,training/flip/0010_000000016.jpg,flip,training,0010,16,1080,1920,3,0.46472924420539824,0.24134189274051776,0.21338583461934157,428.7473273653025,0.058834876543209874,7.353703428006,302602
original,training/flip/0010_000000017.jpg,flip,training,0010,17,1080,1920,3,0.46176669919511015,0.23845329291258857,0.21729214324618737,398.03923846879286,0.05767746913580247,7.338613534061832,294042
original,training/flip/0010_000000018.jpg,flip,training,0010,18,1080,1920,3,0.4565039147603486,0.2365124823901566,0.22191055434519485,418.58486982167346,0.05996141975308642,7.3255214379284475,302492
original,training/flip/0010_000000019.jpg,flip,training,0010,19,1080,1920,3,0.4534256403564512,0.23414504889360221,0.22704099907709996,420.51355469339416,0.05955246913580247,7.30429191405087,304751
original,training/flip/0010_000000020.jpg,flip,training,0010,20,1080,1920,3,0.45191890961631564,0.23230430350247258,0.2313527199074074,434.67868735615764,0.059598765432098764,7.284953537242817,306486
original,training/flip/0010_000000022.jpg,flip,training,0010,22,1080,1920,3,0.4524797491527475,0.2293209786036351,0.23438291840656014,393.56295443190595,0.056095679012345676,7.209485586693895,299187
original,training/flip/0010_000000023.jpg,flip,training,0010,23,1080,1920,3,0.4650380790819414,0.2305282305300866,0.2310632186516582,375.9505310856172,0.05294753086419753,7.169432652597805,286930
original,training/flip/0010_000000024.jpg,flip,training,0010,24,1080,1920,3,0.46727833567840715,0.22877494306531296,0.23111865127995643,319.9683092844436,0.04820987654320988,7.145322593755372,275950
original,training/flip/0010_000000025.jpg,flip,training,0010,25,1080,1920,3,0.47070605634229,0.22554986666532253,0.2330153999485597,280.2050212405097,0.04526234567901235,7.136570095265274,268863
original,training/flip/0010_000000026.jpg,flip,training,0010,26,1080,1920,3,0.4797394414941903,0.2225011291420557,0.2353597910614863,263.8164122920954,0.043132716049382715,7.1077425641715415,260815
original,training/flip/0010_000000027.jpg,flip,training,0010,27,1080,1920,3,0.48081740196078426,0.2228112109921794,0.2374642735566449,272.6997101336853,0.04456018518518518,7.085968256689352,267654
original,training/flip/0010_000000028.jpg,flip,training,0010,28,1080,1920,3,0.47975676289034136,0.22264409524773845,0.2380192012375938,302.30434642180114,0.05505401234567901,7.088538976712175,280169
original,training/flip/0010_000000029.jpg,flip,training,0010,29,1080,1920,3,0.4903652547052772,0.22706834521788938,0.23061672415879933,397.3517054174287,0.06599537037037037,7.11744537737308,305731
original,training/flip/0010_000000030.jpg,flip,training,0010,30,1080,1920,3,0.4902312961450012,0.22608854982124732,0.23161410297143548,376.8676697958938,0.0676466049382716,7.117306504389332,306203
original,training/flip/0011_000000005.jpg,flip,training,0011,5,1080,1920,3,0.5660294628267974,0.20416695583032368,0.18963030100157346,1123.831087616217,0.10222222222222223,6.874240388976434,425199
original,training/flip/0011_000000007.jpg,flip,training,0011,7,1080,1920,3,0.5652828896604938,0.20412334814250394,0.19047642633442266,1092.4981234558375,0.10157407407407408,6.89015928555857,424455
original,training/flip/0011_000000008.jpg,flip,training,0011,8,1080,1920,3,0.563374120597313,0.20487218001165008,0.19302689270152507,1054.5421378500205,0.09981481481481481,6.9068696189539835,418607
original,training/flip/0011_000000009.jpg,flip,training,0011,9,1080,1920,3,0.5611240203643186,0.20492778247516433,0.1964027550835149,890.9015088391633,0.09882716049382716,6.928114240856679,390633
original,training/flip/0011_000000010.jpg,flip,training,0011,10,1080,1920,3,0.5591555313483418,0.20416559095542652,0.2005759123093682,696.550112321864,0.09423611111111112,6.950714998426233,351970
original,training/flip/0011_000000011.jpg,flip,training,0011,11,1080,1920,3,0.5546473746520214,0.2074011825435409,0.20436328408678286,729.2299198664457,0.09058641975308641,6.967456878480615,359547
original,training/flip/0011_000000012.jpg,flip,training,0011,12,1080,1920,3,0.5466028258139676,0.21057152510062635,0.21349727479726457,739.1956963867931,0.09103395061728395,6.988639737975519,361590
original,training/flip/0011_000000013.jpg,flip,training,0011,13,1080,1920,3,0.5421786151960784,0.21393007317675145,0.2197697931796175,775.4851172810334,0.08922067901234568,7.021768599090234,370505
original,training/flip/0011_000000015.jpg,flip,training,0011,15,1080,1920,3,0.539303923459816,0.21578709462595902,0.2242061527929073,763.0678975808161,0.08638117283950618,7.026071739515519,372921
original,training/flip/0011_000000016.jpg,flip,training,0011,16,1080,1920,3,0.5376838651355604,0.2144242330255046,0.22767786628540304,661.1599073538237,0.08549382716049382,7.026971863534777,352529
original,training/flip/0011_000000017.jpg,flip,training,0011,17,1080,1920,3,0.5311403072803195,0.21710772797436548,0.23608285675381263,677.8099922496571,0.08226080246913581,7.054540359939898,353941
original,training/flip/0011_000000018.jpg,flip,training,0011,18,1080,1920,3,0.5281500298807794,0.21817572652544315,0.2404701059822077,629.4668699583119,0.08078703703703703,7.061427762268151,348051
original,training/flip/0011_000000019.jpg,flip,training,0011,19,1080,1920,3,0.5231400595346164,0.22160385534368074,0.2466531427771726,612.5947731952422,0.07398919753086419,7.0753636301350085,341083
original,training/flip/0011_000000020.jpg,flip,training,0011,20,1080,1920,3,0.5178827671114742,0.2279625197548161,0.2534181153171145,608.6752697030155,0.06804783950617284,7.1280432106936455,333901
original,training/flip/0011_000000021.jpg,flip,training,0011,21,1080,1920,3,0.5210837739802712,0.22611999652274883,0.2561996225187606,518.7571889107986,0.060570987654320986,7.10495518204901,300608
original,training/flip/0011_000000022.jpg,flip,training,0011,22,1080,1920,3,0.5293308312908497,0.22157032472423244,0.250080558959695,353.22888538237305,0.05425925925925926,7.070643761875729,270638
original,training/flip/0011_000000024.jpg,flip,training,0011,24,1080,1920,3,0.5379751459997579,0.2251719956640386,0.24146907150205763,577.2310464457947,0.06046296296296296,6.9906354447806835,309616
original,training/flip/0011_000000025.jpg,flip,training,0011,25,1080,1920,3,0.5376015851942629,0.22433309375079805,0.24276399479544902,497.4478574414628,0.060023148148148145,6.9949275195784795,303280
original,training/flip/0011_000000028.jpg,flip,training,0011,28,1080,1920,3,0.5394523098977245,0.22455641740021895,0.2398179976851852,523.6358884992761,0.06140432098765432,6.986339454430877,313325
original,training/flip/0011_000000029.jpg,flip,training,0011,29,1080,1920,3,0.5404723451494795,0.22583099211239832,0.23874502617404988,587.164966848613,0.0628780864197531,6.976857728926392,326216
original,training/flip/0011_000000030.jpg,flip,training,0011,30,1080,1920,3,0.5399390053861051,0.22626338532925197,0.23883947402263375,603.051787782386,0.06297839506172839,6.984697779646562,330782
original,training/flip/0012_000000009.jpg,flip,training,0012,9,1080,1920,3,0.581338180449649,0.21022830146604393,0.188159678724885,915.942770793086,0.08112654320987654,6.748758369438805,356456
original,training/flip/0012_000000010.jpg,flip,training,0012,10,1080,1920,3,0.5805091684822077,0.20866969080679043,0.18932914624183006,867.2425090705851,0.08172067901234568,6.791035940956166,355144
original,training/flip/0012_000000011.jpg,flip,training,0012,11,1080,1920,3,0.5792457296961995,0.2032040684764072,0.19021773254054708,652.1285377969726,0.07974537037037037,6.84953725864349,329352
original,training/flip/0012_000000012.jpg,flip,training,0012,12,1080,1920,3,0.5827164124909223,0.2013025502557603,0.1889543183399903,575.9947759771281,0.08082561728395062,6.870593507943913,317561
original,training/flip/0012_000000013.jpg,flip,training,0012,13,1080,1920,3,0.5815325927438877,0.2043207411224477,0.190633487654321,625.885162703618,0.08149691358024691,6.903800801450265,335583
original,training/flip/0012_000000014.jpg,flip,training,0012,14,1080,1920,3,0.5790567810457516,0.20426187251779196,0.19258711949285887,703.2967680797872,0.08089506172839506,6.893691362600546,345265
original,training/flip/0012_000000015.jpg,flip,training,0012,15,1080,1920,3,0.5736313789790608,0.2023946895959957,0.19913158322742677,661.9186440498304,0.08417438271604938,6.90441657337942,345758
original,training/flip/0012_000000017.jpg,flip,training,0012,17,1080,1920,3,0.5640989961571048,0.20722752004439363,0.21258552332970224,713.2822812185045,0.07733796296296297,6.9132472631728135,350325
original,training/flip/0012_000000018.jpg,flip,training,0012,18,1080,1920,3,0.5596316418542726,0.20966851539787126,0.21862824906197048,687.2763644413365,0.07506944444444444,6.908024169793208,344268
original,training/flip/0012_000000019.jpg,flip,training,0012,19,1080,1920,3,0.5567841529744615,0.2107595088819836,0.22431655470830308,622.3112665008549,0.06609567901234568,6.903376565824651,325944
original,training/flip/0012_000000020.jpg,flip,training,0012,20,1080,1920,3,0.5527854408738805,0.21302861672054346,0.22995757874909223,703.3866106180817,0.06810956790123457,6.893354619774151,342416
original,training/flip/0012_000000021.jpg,flip,training,0012,21,1080,1920,3,0.5567965761922052,0.21086762889801355,0.22908128517610749,683.0940296695793,0.06655092592592593,6.889490893630261,337743
original,training/flip/0012_000000023.jpg,flip,training,0012,23,1080,1920,3,0.5599316127299685,0.20961267543098047,0.22847164162732994,627.4962479080932,0.06824845679012345,6.882390973163703,330485
original,training/flip/0012_000000024.jpg,flip,training,0012,24,1080,1920,3,0.5626623055858145,0.21004554158846805,0.22480142330852093,667.9168693394205,0.07099537037037038,6.853427158542563,334936
original,training/flip/0012_000000026.jpg,flip,training,0012,26,1080,1920,3,0.5635201033345437,0.20991263178295075,0.2243289817084241,703.0267814571307,0.06966820987654321,6.86048785760509,339377
original,training/flip/0012_000000027.jpg,flip,training,0012,27,1080,1920,3,0.5638897796387073,0.21020905756732933,0.22469054481360445,742.3433856952422,0.07166666666666667,6.868084129477608,343386
original,training/flip/0012_000000028.jpg,flip,training,0012,28,1080,1920,3,0.5640765723341806,0.21013511410960078,0.2226046905259017,845.0148164722771,0.07180555555555555,6.876811093472475,349919
original,training/flip/0013_000000004.jpg,flip,training,0013,4,1080,1920,3,0.5838496732026144,0.20810584850152183,0.18319204830852093,1151.511817489176,0.07983796296296296,6.857294429600787,374533
original,training/flip/0013_000000005.jpg,flip,training,0013,5,1080,1920,3,0.584087060866013,0.2068834252342357,0.18307966631868797,1127.669622849449,0.07949845679012346,6.877496956087308,370446
original,training/flip/0013_000000006.jpg,flip,training,0013,6,1080,1920,3,0.5858802518306705,0.20449946509992223,0.18281860853909465,868.2960167800258,0.07763888888888888,6.924702567922466,336830
original,training/flip/0013_000000007.jpg,flip,training,0013,7,1080,1920,3,0.5888358731995885,0.2048811465608527,0.1810014562152021,803.474303116367,0.08050154320987654,6.985192860978115,343115
original,training/flip/0013_000000009.jpg,flip,training,0013,9,1080,1920,3,0.5834008468742435,0.20500406376142544,0.18372858796296296,1013.6310243697964,0.08114969135802469,6.969948473977881,376034
original,training/flip/0013_000000010.jpg,flip,training,0013,10,1080,1920,3,0.5772078000181554,0.2026612877339429,0.18594877337509078,1011.8762611111111,0.08201388888888889,6.948866592286561,376644
original,training/flip/0013_000000012.jpg,flip,training,0013,12,1080,1920,3,0.566059875030259,0.20452393099253383,0.1971295653292181,963.2639757506478,0.07968364197530864,6.973437448331186,372347
original,training/flip/0013_000000014.jpg,flip,training,0013,14,1080,1920,3,0.5591984008109416,0.20712154951202186,0.20694375605180346,971.2389625509045,0.07317901234567901,6.9523364030804515,372343
original,training/flip/0013_000000016.jpg,flip,training,0013,16,1080,1920,3,0.5538355535887195,0.20813631369554964,0.21630229703764223,863.6293626585481,0.06408179012345679,6.960083048092153,348147
original,training/flip/0013_000000017.jpg,flip,training,0013,17,1080,1920,3,0.5496505707607117,0.2101722079639944,0.22238879622064875,896.4742719821674,0.06627314814814815,6.9520024718943425,358763
original,training/flip/0013_000000018.jpg,flip,training,0013,18,1080,1920,3,0.5500102823922779,0.2097470255626401,0.22432904222645847,881.9400613210996,0.06674382716049383,6.95269621479769,361755
original,training/flip/0013_000000019.jpg,flip,training,0013,19,1080,1920,3,0.5524147603485839,0.20843941073022643,0.2233668868010167,859.4546906501844,0.06556327160493827,6.937413926196975,361132
original,training/flip/0013_000000020.jpg,flip,training,0013,20,1080,1920,3,0.5526654109174534,0.2072148573214384,0.22568065011498425,806.3455441015088,0.0625462962962963,6.935969994032169,352038
original,training/flip/0013_000000021.jpg,flip,training,0013,21,1080,1920,3,0.5557095758442265,0.20473852562112382,0.22538923119402082,655.2727314278978,0.0596141975308642,6.915938877371915,332832
original,training/flip/0013_000000023.jpg,flip,training,0013,23,1080,1920,3,0.5612249133835633,0.20337883380636093,0.22161840731663038,492.46935251843274,0.06049382716049383,6.866885852119694,299799
original,training/flip/0013_000000024.jpg,flip,training,0013,24,1080,1920,3,0.5642108505053256,0.203360029739691,0.21634880892943598,469.66479423010975,0.06468364197530864,6.821606649312382,297780
original,training/flip/0013_000000025.jpg,flip,training,0013,25,1080,1920,3,0.5632045093500363,0.20608101653942287,0.21618802196804646,664.1186194937414,0.06635802469135803,6.8300838972040845,330315
original,training/flip/0013_000000026.jpg,flip,training,0013,26,1080,1920,3,0.5626361220800048,0.2062592688266834,0.21652267156862745,679.9837891365645,0.06756172839506173,6.84239843274708,334494
original,training/flip/0013_000000027.jpg,flip,training,0013,27,1080,1920,3,0.562045102956306,0.20509935453432607,0.21745364129448078,631.9386739766708,0.06758487654320988,6.859011578506947,328217
original,training/flip/0013_000000028.jpg,flip,training,0013,28,1080,1920,3,0.5609004043361171,0.20531255700602002,0.2201776809489228,640.467658138765,0.06783179012345679,6.87826403261191,334034
original,training/flip/0013_000000029.jpg,flip,training,0013,29,1080,1920,3,0.5603999409949165,0.20581486245218447,0.2216903878449528,690.8609304097484,0.06829475308641976,6.889258488450613,340993
original,training/flip/0013_000000030.jpg,flip,training,0013,30,1080,1920,3,0.5601953919299201,0.20612202670200327,0.22213636982570806,686.2299104166667,0.06890432098765432,6.894822541800936,345368
original,training/flip/0014_000000001.jpg,flip,training,0014,1,1080,1920,3,0.5888754009319778,0.19676231429738314,0.17632811554405714,1087.5243520399308,0.08445216049382716,6.889495594893704,382100
original,training/flip/0014_000000002.jpg,flip,training,0014,2,1080,1920,3,0.5888720856784072,0.19676353250510484,0.176200882050351,1087.6231535472393,0.08445987654320988,6.889663017172738,382276
original,training/flip/0014_000000005.jpg,flip,training,0014,5,1080,1920,3,0.5899468462539337,0.19580879272584173,0.17496773632292423,1079.086060493827,0.08378086419753086,6.8849905638250535,390330
original,training/flip/0014_000000007.jpg,flip,training,0014,7,1080,1920,3,0.5880269418724279,0.1959546873109027,0.1764452898057371,1051.2858493840856,0.08183641975308642,6.894667898676877,381542
original,training/flip/0014_000000008.jpg,flip,training,0014,8,1080,1920,3,0.5881619897573226,0.19641181116329462,0.17740118917937547,1008.2337262726123,0.08138888888888889,6.915598258056196,378582
original,training/flip/0014_000000011.jpg,flip,training,0014,11,1080,1920,3,0.5870568812787461,0.19793034876468474,0.18174109817538125,895.3928553621184,0.07924382716049383,6.976846504573352,368550
original,training/flip/0014_000000015.jpg,flip,training,0014,15,1080,1920,3,0.5702078283859839,0.20029215383729457,0.19916629410251754,750.3970130657841,0.07381172839506173,6.9872974241918,349419
original,training/flip/0014_000000017.jpg,flip,training,0014,17,1080,1920,3,0.5545006486776809,0.20442768646950693,0.21262002050048412,774.8490870589469,0.07584876543209877,7.001027927259965,359427
original,training/flip/0014_000000018.jpg,flip,training,0014,18,1080,1920,3,0.5486126864711934,0.20679551305255497,0.22011850187605905,759.8936035231267,0.07641975308641975,6.993137507367599,363530
original,training/flip/0014_000000021.jpg,flip,training,0014,21,1080,1920,3,0.5504411254084968,0.19938441982530047,0.22836745415758897,573.6323844516246,0.06260030864197531,6.966712424765276,320559
original,training/flip/0014_000000022.jpg,flip,training,0014,22,1080,1920,3,0.5529972842532074,0.19991593052242962,0.2249334415093198,670.3861690814448,0.0715895061728395,6.926286815157313,340978
original,training/flip/0014_000000023.jpg,flip,training,0014,23,1080,1920,3,0.5520157554920117,0.20177946901977745,0.22694410213931251,817.3923711131591,0.07392746913580248,6.916797394256794,365384
original,training/flip/0015_000000001.jpg,flip,training,0015,1,1080,1920,3,0.5555565767973856,0.2398338969648376,0.20973566857298473,933.4318585147438,0.07381172839506173,7.110688514359438,330475
original,training/flip/0015_000000002.jpg,flip,training,0015,2,1080,1920,3,0.5551956472403776,0.23981893395321807,0.20979815722585332,941.0160240625834,0.07227623456790123,7.116012771064884,334939
original,training/flip/0015_000000003.jpg,flip,training,0015,3,1080,1920,3,0.5550687598341806,0.2398692340279283,0.2101025137678528,940.4101752514265,0.07299382716049382,7.121409276791299,334441
original,training/flip/0015_000000004.jpg,flip,training,0015,4,1080,1920,3,0.5548828181735657,0.24001132929006264,0.21006914941902688,931.6703337846269,0.07266203703703704,7.122585502687099,334142
original,training/flip/0015_000000005.jpg,flip,training,0015,5,1080,1920,3,0.5551783126059066,0.24019302871284967,0.20926176697530866,903.9535703360767,0.07425925925925926,7.118421625699501,337633
original,training/flip/0015_000000006.jpg,flip,training,0015,6,1080,1920,3,0.5554683490680223,0.240369787337799,0.20855776446381022,909.3055298067535,0.07347993827160494,7.116330859275736,338285
original,training/flip/0015_000000007.jpg,flip,training,0015,7,1080,1920,3,0.5550319327190754,0.24025812150830453,0.208931548429557,898.6426099822222,0.07304012345679012,7.123295045475051,336711
original,training/flip/0015_000000008.jpg,flip,training,0015,8,1080,1920,3,0.5548673860748002,0.2401289754123092,0.20975476957758413,890.0296469449564,0.07222993827160494,7.13163756739869,334471
original,training/flip/0015_000000009.jpg,flip,training,0015,9,1080,1920,3,0.5544913270091988,0.24051077253206532,0.21063262148995401,892.4390327417101,0.07207561728395062,7.1381364716476785,334970
original,training/flip/0015_000000010.jpg,flip,training,0015,10,1080,1920,3,0.5546098232116922,0.24072278097904956,0.21058118305192447,869.5074827653464,0.07149691358024692,7.13804035938854,333972
original,training/flip/0015_000000012.jpg,flip,training,0015,12,1080,1920,3,0.553736094090414,0.23964865545793554,0.2148152252027354,599.9335556169386,0.06587962962962964,7.194506842398376,310083
original,training/flip/0015_000000013.jpg,flip,training,0015,13,1080,1920,3,0.5523902997155653,0.23784300523049126,0.21822206525357057,547.3592426933299,0.06588734567901235,7.1929659383643525,304664
original,training/flip/0015_000000014.jpg,flip,training,0015,14,1080,1920,3,0.5505029842955701,0.23677579089241274,0.22196925305616072,611.871442617777,0.0683641975308642,7.184413631284464,316922
original,training/flip/0015_000000015.jpg,flip,training,0015,15,1080,1920,3,0.5482361167846768,0.23657281622665155,0.22610355959513434,671.7347292309075,0.06874228395061728,7.195889946123927,327833
original,training/flip/0015_000000016.jpg,flip,training,0015,16,1080,1920,3,0.5473581249243524,0.23678780189637377,0.22783660698075525,739.8696526105372,0.07121913580246914,7.208489699089268,337426
original,training/flip/0015_000000017.jpg,flip,training,0015,17,1080,1920,3,0.5457646869704672,0.23545269326918397,0.23080444164548533,690.3173841591768,0.07085648148148148,7.208173078543458,336913
original,training/flip/0015_000000018.jpg,flip,training,0015,18,1080,1920,3,0.5453752950254176,0.2339960762028207,0.2336237329036553,695.8165040923043,0.07301697530864197,7.2068943788477275,342416
original,training/flip/0015_000000020.jpg,flip,training,0015,20,1080,1920,3,0.5458029759743404,0.22947371787296053,0.2400432117677318,795.4331703360173,0.07765432098765432,7.168149017764137,355481
original,training/flip/0015_000000022.jpg,flip,training,0015,22,1080,1920,3,0.5635283110929558,0.21954236972660224,0.23621979582728153,644.6247423562886,0.053580246913580244,7.079552488756433,310474
original,training/flip/0015_000000024.jpg,flip,training,0015,24,1080,1920,3,0.5664816535796418,0.2206395648305426,0.23475048792665215,572.334019008571,0.05201388888888889,7.014049090713862,294524
original,training/flip/0015_000000025.jpg,flip,training,0015,25,1080,1920,3,0.5664982203915517,0.2206601772890068,0.23452982593500363,551.992426183068,0.05136574074074074,6.998482499902878,291987
original,training/flip/0015_000000026.jpg,flip,training,0015,26,1080,1920,3,0.5673826366194626,0.2220154472567525,0.23464120937726943,597.0427159884165,0.04933641975308642,6.97341862057624,294683
original,training/flip/0015_000000027.jpg,flip,training,0015,27,1080,1920,3,0.5671698589929799,0.2224645492476099,0.23547907210723795,602.8218864382693,0.04979938271604938,6.964536131200389,297630
original,training/flip/0015_000000028.jpg,flip,training,0015,28,1080,1920,3,0.5670314693778745,0.22225287735217542,0.23572041235475671,595.8376878595465,0.04758487654320988,6.960743363148051,297800
original,training/flip/0015_000000030.jpg,flip,training,0015,30,1080,1920,3,0.5658043281741709,0.22143048779617905,0.23850427408617766,504.62068043975523,0.045648148148148146,6.96362662671158,275451
original,training/flip/0016_000000002.jpg,flip,training,0016,2,1080,1920,3,0.5623365748305494,0.22077676048276512,0.21478322629206004,915.5811523310091,0.064375,6.962809940904032,343705
original,training/flip/0016_000000003.jpg,flip,training,0016,3,1080,1920,3,0.561444815117405,0.22047774079486074,0.21452228198378118,915.3633025119432,0.0648070987654321,6.96075627267706,346517
original,training/flip/0016_000000005.jpg,flip,training,0016,5,1080,1920,3,0.5609502806523844,0.21945004429547937,0.21309562795025416,864.1610015239198,0.06444444444444444,6.966733801718754,346118
original,training/flip/0016_000000007.jpg,flip,training,0016,7,1080,1920,3,0.5593864284525538,0.2193164535621259,0.21203838545449044,863.5147681924916,0.06303240740740741,6.943265322347677,327838
original,training/flip/0016_000000009.jpg,flip,training,0016,9,1080,1920,3,0.559327081063907,0.21818721019276896,0.21207455254478336,778.4103543428973,0.06401234567901234,6.947998848756603,324503
original,training/flip/0016_000000010.jpg,flip,training,0016,10,1080,1920,3,0.5573937057461874,0.21556303104870184,0.21477678868615346,503.48151972683036,0.06048611111111111,6.987038967124605,287031
original,training/flip/0016_000000011.jpg,flip,training,0016,11,1080,1920,3,0.5564507629054709,0.2153997919541655,0.21763040690813362,274.8769904147138,0.05670524691358025,7.029066577176424,257270
original,training/flip/0016_000000012.jpg,flip,training,0016,12,1080,1920,3,0.5564409760045994,0.21541018697998865,0.21766023851670296,274.94011545728307,0.056666666666666664,7.029291870342889,257279
original,training/flip/0016_000000014.jpg,flip,training,0016,14,1080,1920,3,0.5433568767398935,0.21680306903894114,0.23003658126059065,420.0486958561362,0.057067901234567904,7.079071951131941,289555
original,training/flip/0016_000000015.jpg,flip,training,0016,15,1080,1920,3,0.543324620627572,0.21681659033700965,0.23007017444323408,420.3485955637479,0.05743827160493827,7.0795196855892115,290018
original,training/flip/0016_000000016.jpg,flip,training,0016,16,1080,1920,3,0.5364796489197531,0.21674812489311843,0.23984348712478817,246.795169566377,0.05127314814814815,7.100490651445265,260182
original,training/flip/0016_000000017.jpg,flip,training,0016,17,1080,1920,3,0.5364629308127572,0.21675352931970557,0.23987634652626483,246.82963721416087,0.05094135802469136,7.100183306099457,260390
original,training/flip/0016_000000018.jpg,flip,training,0016,18,1080,1920,3,0.5278977888223191,0.21740639120635608,0.24689899729181794,281.54479912337104,0.05045524691358025,7.115326360055466,270757
original,training/flip/0016_000000019.jpg,flip,training,0016,19,1080,1920,3,0.5174318888435003,0.21944022091113974,0.25847063173263135,407.4690506743803,0.04892746913580247,7.1301189120162025,288430
original,training/flip/0016_000000020.jpg,flip,training,0016,20,1080,1920,3,0.5174147924987896,0.2194489023250473,0.25847138253449525,408.2455785102666,0.04883487654320988,7.130352491955737,288838
original,training/flip/0016_000000021.jpg,flip,training,0016,21,1080,1920,3,0.5189129731753813,0.2182691117482749,0.2581674401627935,392.4894426002134,0.04844135802469136,7.134782323285489,290924
original,training/flip/0016_000000022.jpg,flip,training,0016,22,1080,1920,3,0.5205303062969014,0.21813736381777185,0.25862995680525297,387.124612962963,0.050910493827160494,7.136234510542645,291677
original,training/flip/0016_000000023.jpg,flip,training,0016,23,1080,1920,3,0.5230065737714839,0.21860795376036185,0.26013810215444205,393.0997752742889,0.0501929012345679,7.147813692014674,289841
original,training/flip/0016_000000024.jpg,flip,training,0016,24,1080,1920,3,0.5277439916938998,0.21718093361329024,0.25464586170116194,387.4266956444807,0.06076388888888889,7.112659894234483,296961
original,training/flip/0016_000000025.jpg,flip,training,0016,25,1080,1920,3,0.5303773602033406,0.21823835025152788,0.25262044412672474,402.6106249827937,0.06516975308641976,7.092396817380617,299932
original,training/flip/0016_000000027.jpg,flip,training,0016,27,1080,1920,3,0.5313229166666666,0.21851637814008382,0.25068189829944326,355.03816293629023,0.06679783950617284,7.081840209743085,295369
original,training/flip/0016_000000028.jpg,flip,training,0016,28,1080,1920,3,0.5351757330246913,0.22153397679926035,0.24873797771423384,489.25010592040087,0.06969135802469135,7.087647707033224,319729
original,training/flip/0016_000000029.jpg,flip,training,0016,29,1080,1920,3,0.5352168134229,0.2226496986477875,0.24930335421205518,553.4591633506706,0.06929783950617284,7.0782445406336105,333840
original,training/flip/0016_000000030.jpg,flip,training,0016,30,1080,1920,3,0.5348321210814573,0.2223411390214764,0.2493994852184701,594.9046912891995,0.06991512345679013,7.066051715121953,338651
original,training/flip/0017_000000004.jpg,flip,training,0017,4,1080,1920,3,0.5626180479908013,0.22126685360918433,0.19921890318627453,955.7691576988432,0.10369598765432099,7.019743959095084,399045
original,training/flip/0017_000000005.jpg,flip,training,0017,5,1080,1920,3,0.5629384304647785,0.21987939585288893,0.19861480082001937,908.8765418343239,0.10361111111111111,7.019913543620389,395103
original,training/flip/0017_000000006.jpg,flip,training,0017,6,1080,1920,3,0.5630146680585815,0.2191373253969479,0.1976122250211813,916.4093117283356,0.10381944444444445,7.015294838939187,391419
original,training/flip/0017_000000007.jpg,flip,training,0017,7,1080,1920,3,0.5633303660584604,0.21940305278734057,0.1973143155410312,961.1827112473327,0.10412037037037038,7.014690487434683,396069
original,training/flip/0017_000000008.jpg,flip,training,0017,8,1080,1920,3,0.5626630677348099,0.21938787167143498,0.19797073763919146,912.1050691771811,0.10157407407407408,7.017439143735563,390917
original,training/flip/0017_000000009.jpg,flip,training,0017,9,1080,1920,3,0.5604376853364802,0.22079475074542332,0.20068160327402568,997.1369717056755,0.09991512345679013,7.032612632480033,395558
original,training/flip/0017_000000010.jpg,flip,training,0017,10,1080,1920,3,0.5579791704490438,0.22207587018849884,0.20347553180222705,1004.9095095164014,0.09918981481481481,7.057105039021284,397129
original,training/flip/0017_000000011.jpg,flip,training,0017,11,1080,1920,3,0.5574159726004599,0.22248942937643798,0.20434000922900025,1052.267883485511,0.0980324074074074,7.068878685270324,402022
original,training/flip/0017_000000012.jpg,flip,training,0017,12,1080,1920,3,0.5582606455004842,0.22107456564601585,0.20304177068203827,964.6170264655135,0.09922067901234567,7.082018518838705,394948
original,training/flip/0017_000000013.jpg,flip,training,0017,13,1080,1920,3,0.5556516165879932,0.2194736916056326,0.2076552306493585,750.8968970143177,0.09842592592592593,7.091461068811558,354911
original,training/flip/0017_000000014.jpg,flip,training,0017,14,1080,1920,3,0.5523914703612927,0.22040923882823465,0.21047452758109417,813.4792768689392,0.09377314814814815,7.093261411972897,364365
original,training/flip/0017_000000016.jpg,flip,training,0017,16,1080,1920,3,0.544405943627451,0.21954926396695648,0.22114853773299442,751.4487576988431,0.09158950617283951,7.07485537776347,355770
original,training/flip/0017_000000018.jpg,flip,training,0017,18,1080,1920,3,0.534687806372549,0.21901079473627025,0.23156918156923265,781.6510547086953,0.08859567901234568,7.067296996246837,357031
original,training/flip/0017_000000019.jpg,flip,training,0017,19,1080,1920,3,0.5308117435245703,0.22105846065559254,0.23802075957697894,792.9510030861817,0.0878858024691358,7.076992013630314,361635
original,training/flip/0017_000000020.jpg,flip,training,0017,20,1080,1920,3,0.5268561108085209,0.22147492477723682,0.2435789741436698,787.9996368526497,0.08299382716049383,7.097048760280597,360030
original,training/flip/0017_000000021.jpg,flip,training,0017,21,1080,1920,3,0.5326737813180829,0.21719354271555447,0.24190876149842655,560.9540505729287,0.07574845679012346,7.109369462919094,327807
original,training/flip/0017_000000022.jpg,flip,training,0017,22,1080,1920,3,0.5406584551258775,0.21734482995273416,0.23579854491951102,475.60578243574724,0.07148148148148148,7.048642683759564,310190
original,training/flip/0018_000000001.jpg,flip,training,0018,1,1080,1920,3,0.5673967789276204,0.212618041876044,0.20462456502662793,466.68593526139307,0.09864969135802469,6.97994468382989,309728
original,training/flip/0018_000000002.jpg,flip,training,0018,2,1080,1920,3,0.5667029226428226,0.21428507164834315,0.20516461661825225,584.9756977880063,0.09969907407407408,6.974373853151903,335986
original,training/flip/0018_000000005.jpg,flip,training,0018,5,1080,1920,3,0.5628902505446622,0.22443802405559946,0.2036720130567659,1161.0903284459662,0.09743055555555556,7.008721459894781,405410
original,training/flip/0018_000000006.jpg,flip,training,0018,6,1080,1920,3,0.5647631361958364,0.2234530541940706,0.19978004909525537,1084.0281160493828,0.0996682098765432,7.001718334086034,404707
original,training/flip/0018_000000007.jpg,flip,training,0018,7,1080,1920,3,0.5648932915758896,0.2239703120076221,0.1982689742949649,1136.0763315885895,0.1001003086419753,7.00303127203868,408082
original,training/flip/0018_000000008.jpg,flip,training,0018,8,1080,1920,3,0.5648469234144274,0.22622666956962403,0.1975303479030501,1237.593739830473,0.09829475308641976,7.02016541387262,420464
original,training/flip/0018_000000009.jpg,flip,training,0018,9,1080,1920,3,0.5644237037793512,0.22703716124563128,0.197923926939603,1243.1544348636232,0.09707561728395062,7.035718594250566,419015
original,training/flip/0018_000000010.jpg,flip,training,0018,10,1080,1920,3,0.5641632057915759,0.22635144320886436,0.1966901987260954,1142.7724806562928,0.09532407407407407,7.05124091566843,407045
original,training/flip/0018_000000011.jpg,flip,training,0018,11,1080,1920,3,0.5641985256293875,0.22445056847105707,0.1962748729121278,886.1113021604938,0.09172067901234568,7.065151977258661,370412
original,training/flip/0018_000000013.jpg,flip,training,0018,13,1080,1920,3,0.5624990203643186,0.22271271942185963,0.19861614545509562,748.5599757272495,0.08645061728395062,7.086439638829171,347676
original,training/flip/0018_000000014.jpg,flip,training,0018,14,1080,1920,3,0.5568989916182523,0.22370522828172787,0.20385702425260227,937.8331538608229,0.08959876543209877,7.101826210690401,377564
original,training/flip/0018_000000015.jpg,flip,training,0018,15,1080,1920,3,0.5539252167302107,0.22393481054209124,0.2072733731995885,994.2942632667825,0.09276234567901234,7.109669609536175,390472
original,training/flip/0018_000000016.jpg,flip,training,0018,16,1080,1920,3,0.5514016771060275,0.22497154571283434,0.2099645364318567,1080.831370252248,0.0925462962962963,7.127684153383898,405309
original,training/flip/0018_000000017.jpg,flip,training,0018,17,1080,1920,3,0.549901905939845,0.22447515824215694,0.21188964914669572,1049.2569090449247,0.09158950617283951,7.125390654929982,401863
original,training/flip/0018_000000018.jpg,flip,training,0018,18,1080,1920,3,0.5495459483175986,0.22438482971948914,0.2122919579097071,1009.8003266788954,0.09017746913580246,7.118988370102185,396544
original,training/flip/0018_000000021.jpg,flip,training,0018,21,1080,1920,3,0.5362705742404986,0.22390945423356876,0.23022604809670782,794.1063978373627,0.07886574074074074,7.0786077509501,354429
original,training/flip/0018_000000022.jpg,flip,training,0018,22,1080,1920,3,0.5267232831790124,0.22595306399614745,0.24249016960179134,851.3876475191948,0.08003858024691358,7.104959812055571,371460
original,training/flip/0018_000000023.jpg,flip,training,0018,23,1080,1920,3,0.5253675335875091,0.22419213717244835,0.24737003941236987,793.9744889783736,0.07534722222222222,7.1241881537061165,363435
original,training/flip/0018_000000024.jpg,flip,training,0018,24,1080,1920,3,0.5283683770576131,0.22031718681734266,0.24888772013435004,647.1095587524767,0.06934413580246913,7.127592411059137,335201
original,training/flip/0018_000000025.jpg,flip,training,0018,25,1080,1920,3,0.5342014739923747,0.2179608044994685,0.24608493895243283,465.86441790123456,0.06532407407407408,7.071563933065541,307860
original,training/flip/0018_000000026.jpg,flip,training,0018,26,1080,1920,3,0.5361928823226823,0.21870860397818456,0.24477670358266762,442.86405013503094,0.06915123456790123,7.027681866149165,307186
original,training/flip/0019_000000012.jpg,flip,training,0019,12,1080,1920,3,0.5614294265159768,0.22008186292396575,0.1945500257201646,1068.9371802025582,0.09699074074074074,6.957956617498689,410696
original,training/flip/0019_000000013.jpg,flip,training,0019,13,1080,1920,3,0.5622576460754055,0.2196006546073512,0.19387696305374003,1043.1964809382619,0.09647376543209876,6.950369939325931,403525
original,training/flip/0019_000000015.jpg,flip,training,0019,15,1080,1920,3,0.562888826479666,0.21726376955244514,0.19440273428044055,896.0906039222656,0.09522376543209876,6.963120006455459,381666
original,training/flip/0019_000000016.jpg,flip,training,0019,16,1080,1920,3,0.5624162543875575,0.21558356135196158,0.19607680305918662,720.0664042674041,0.095,6.977830229731091,359700
original,training/flip/0019_000000017.jpg,flip,training,0019,17,1080,1920,3,0.5632355021483902,0.21471329714342802,0.1974618471617042,525.9848861996433,0.09352623456790124,6.987747384151286,324537
original,training/flip/0019_000000018.jpg,flip,training,0019,18,1080,1920,3,0.5643317144759138,0.21469183857956453,0.19937976579520697,361.87198611533825,0.08558641975308642,7.019973776635874,293588
original,training/flip/0019_000000019.jpg,flip,training,0019,19,1080,1920,3,0.5616346923414427,0.21481500420536778,0.20322281794662309,292.67025743003165,0.07918981481481481,7.064303535861511,279026
original,training/flip/0019_000000020.jpg,flip,training,0019,20,1080,1920,3,0.5571562424352456,0.214390988697047,0.20609364598462843,295.2803432993613,0.0796141975308642,7.0684791938790585,279418
original,training/flip/0019_000000021.jpg,flip,training,0019,21,1080,1920,3,0.549836319520092,0.2143608519994969,0.21222601783769066,393.6729907764037,0.08705246913580247,7.088235270827241,296429
original,training/flip/0019_000000022.jpg,flip,training,0019,22,1080,1920,3,0.5428784400720165,0.21607023378990833,0.21834350414548537,537.6845815871604,0.0866820987654321,7.118554855937232,314923
original,training/flip/0019_000000023.jpg,flip,training,0019,23,1080,1920,3,0.5395452674897119,0.2179032267803829,0.22174615710481724,651.8483624227799,0.08688271604938272,7.128983638122946,336638
original,training/flip/0019_000000024.jpg,flip,training,0019,24,1080,1920,3,0.53209470505023,0.21959151201285682,0.2307748823680707,686.5356708146982,0.07988425925925927,7.135316728436484,339154
original,training/flip/0019_000000026.jpg,flip,training,0019,26,1080,1920,3,0.5154137466715081,0.2256448913708399,0.25170745960421204,988.6965481223685,0.07766203703703704,7.163447861344579,373332
original,training/flip/0019_000000027.jpg,flip,training,0019,27,1080,1920,3,0.5164963159646574,0.22189600167037007,0.25400925547688213,915.4770395013503,0.07256944444444445,7.169957039614898,363468
original,training/flip/0019_000000028.jpg,flip,training,0019,28,1080,1920,3,0.5210152732389253,0.21758661562808812,0.25353361965928345,720.1161658757716,0.0647608024691358,7.159423352201788,330252
original,training/flip/0019_000000029.jpg,flip,training,0019,29,1080,1920,3,0.530707331003389,0.21718411261221063,0.2472342369432341,636.7305443238812,0.062106481481481485,7.084036671893811,309265
original,training/flip/0019_000000030.jpg,flip,training,0019,30,1080,1920,3,0.5331622923474946,0.22040424574173512,0.244533008805374,871.3814615140603,0.07457561728395062,7.021140397583716,344421
original,training/flip/0020_000000004.jpg,flip,training,0020,4,1080,1920,3,0.56957421213084,0.21172506664217974,0.19546506785584605,1445.389375588468,0.09756944444444444,6.962884350050482,418591
original,training/flip/0020_000000005.jpg,flip,training,0020,5,1080,1920,3,0.5689684001301137,0.21023292400279917,0.19466875453885257,1332.9150880910279,0.09692901234567901,6.970889796954049,406513
original,training/flip/0020_000000006.jpg,flip,training,0020,6,1080,1920,3,0.5683645057946017,0.2115304919810054,0.19485145091987413,1327.2697303068678,0.09535493827160493,6.9754442121217535,407096
original,training/flip/0020_000000007.jpg,flip,training,0020,7,1080,1920,3,0.5690502224037763,0.20977534157143607,0.1932726394184217,1190.5307510964412,0.09576388888888888,6.972319567006499,390285
original,training/flip/0020_000000008.jpg,flip,training,0020,8,1080,1920,3,0.5688277108297023,0.2064727288690305,0.19438505923202615,853.0717975801613,0.09481481481481481,6.984236959914826,353391
original,training/flip/0020_000000009.jpg,flip,training,0020,9,1080,1920,3,0.5680265012254901,0.20623085882356165,0.19604306614621156,683.8502943238811,0.095,6.990401933180495,333352
original,training/flip/0020_000000011.jpg,flip,training,0020,11,1080,1920,3,0.564822977184701,0.20669395362615883,0.2007651994825708,465.0642755941834,0.09293981481481481,7.046081776943751,311361
original,training/flip/0020_000000013.jpg,flip,training,0020,13,1080,1920,3,0.5608357597282739,0.20704439791676515,0.20751926364681675,362.12707718883365,0.08456790123456791,7.080686989967295,291837
original,training/flip/0020_000000014.jpg,flip,training,0020,14,1080,1920,3,0.5573209838719438,0.20786232630944232,0.2098281476942629,516.5541918143196,0.08777006172839506,7.090164228814425,314923
original,training/flip/0020_000000016.jpg,flip,training,0020,16,1080,1920,3,0.5501834074679255,0.2103516847485379,0.21527550646030016,843.6646095878463,0.09023148148148148,7.115351693382623,366711
original,training/flip/0020_000000017.jpg,flip,training,0020,17,1080,1920,3,0.5473928263435004,0.21208763101089873,0.21927046455156138,843.7335262002745,0.08789351851851852,7.131826915515908,371333
original,training/flip/0020_000000018.jpg,flip,training,0020,18,1080,1920,3,0.5420225183823529,0.21403086343595523,0.22661901627935124,854.5505573416185,0.08380401234567901,7.129232500221655,367853
original,training/flip/0020_000000021.jpg,flip,training,0020,21,1080,1920,3,0.5245687465958606,0.2196295900207211,0.25310276151355604,831.0048122770323,0.07421296296296297,7.134300872302349,354856
original,training/flip/0020_000000022.jpg,flip,training,0020,22,1080,1920,3,0.5282099124757929,0.21371356141741502,0.2552660259319777,715.0403723127191,0.06540123456790123,7.117556138278063,334800
original,training/flip/0021_000000010.jpg,flip,training,0021,10,1080,1920,3,0.5605893208363593,0.2124974622975573,0.1924923425774631,1088.4649352985443,0.08826388888888889,6.989829176224917,405834
original,training/flip/0021_000000012.jpg,flip,training,0021,12,1080,1920,3,0.5586734711631567,0.21338331565672825,0.19500077538731542,1039.0422487709097,0.08828703703703704,7.011426213816735,403687
original,training/flip/0021_000000013.jpg,flip,training,0021,13,1080,1920,3,0.5562534722222222,0.21358036102942332,0.1985577285312273,1002.8875594892523,0.08762345679012346,7.0411122949873315,398324
original,training/flip/0021_000000016.jpg,flip,training,0021,16,1080,1920,3,0.552056726201283,0.21354883131054583,0.2056392765825466,729.6145801287913,0.08109567901234568,7.1057792583830395,359795
original,training/flip/0021_000000017.jpg,flip,training,0021,17,1080,1920,3,0.5499317432219801,0.21390830794757074,0.20904865271725973,742.7780448787698,0.081875,7.126468315684889,363029
original,training/flip/0021_000000018.jpg,flip,training,0021,18,1080,1920,3,0.5478615612139918,0.2142860608833061,0.2128166719619947,735.3412494282027,0.07960648148148149,7.132667422041348,356781
original,training/flip/0021_000000019.jpg,flip,training,0021,19,1080,1920,3,0.5423155032074558,0.21556221854826638,0.22085246270576134,693.4267345292615,0.07203703703703704,7.14374050100866,346919
original,training/flip/0021_000000020.jpg,flip,training,0021,20,1080,1920,3,0.5327665989621158,0.21791465890248468,0.23139422014947955,664.7997206980643,0.07166666666666667,7.118583323006294,341143
original,training/flip/0021_000000021.jpg,flip,training,0021,21,1080,1920,3,0.5259286624757927,0.21577790019702542,0.23844426099915275,648.1226847448464,0.06366512345679012,7.0472364477641785,319847
original,training/flip/0021_000000022.jpg,flip,training,0021,22,1080,1920,3,0.5184799987896394,0.21742465407394593,0.24645449422052773,816.2288864111797,0.07261574074074074,7.0802136475046655,345850
original,training/flip/0021_000000023.jpg,flip,training,0021,23,1080,1920,3,0.5209416435941661,0.21563419485804156,0.2466213121822803,745.7087154147139,0.07466820987654321,7.077605136619973,343627
original,training/flip/0021_000000024.jpg,flip,training,0021,24,1080,1920,3,0.5233416375423626,0.21465330207782501,0.24745549844166062,740.3948109736988,0.0692283950617284,7.1199820818576445,340302
original,training/flip/0021_000000025.jpg,flip,training,0021,25,1080,1920,3,0.5274653515341321,0.21172914284507172,0.2477183471768337,621.2992572435603,0.06674382716049383,7.10482246051029,322981
original,training/flip/0021_000000026.jpg,flip,training,0021,26,1080,1920,3,0.5296758408224401,0.21082144980998271,0.24577342047930284,556.5815427488187,0.06729938271604938,7.043742559799968,316055
original,training/flip/0021_000000028.jpg,flip,training,0021,28,1080,1920,3,0.5328621607207699,0.21064477397779605,0.24538100641491165,544.4738887838649,0.0696141975308642,7.020084585391983,318914
original,training/flip/0021_000000029.jpg,flip,training,0021,29,1080,1920,3,0.5347795989923747,0.21154553611012242,0.24446215731663037,558.058177743246,0.06518518518518518,7.007154688906342,320294
original,training/flip/0021_000000030.jpg,flip,training,0021,30,1080,1920,3,0.539588371459695,0.21151341759348843,0.2406359859144275,607.4252854932913,0.06729166666666667,6.969319984521961,324426
original,training/flip/0022_000000007.jpg,flip,training,0022,7,1080,1920,3,0.5815247840262648,0.20908508369327994,0.18576126013677077,623.9946532540771,0.08348765432098765,6.78111828754311,310189
original,training/flip/0022_000000008.jpg,flip,training,0022,8,1080,1920,3,0.578945849597555,0.20798112746001174,0.18944048051319293,526.4997466429827,0.08166666666666667,6.844328494450422,299201
original,training/flip/0022_000000009.jpg,flip,training,0022,9,1080,1920,3,0.5750074077856452,0.2043823168122022,0.19474937779895907,395.08702345679006,0.0738966049382716,6.90674423138221,280344
original,training/flip/0022_000000011.jpg,flip,training,0022,11,1080,1920,3,0.575652488425926,0.2040603105416542,0.1906695601851852,521.0653941850994,0.08512345679012345,6.911529924260089,309556
original,training/flip/0022_000000012.jpg,flip,training,0022,12,1080,1920,3,0.5711507901385863,0.2023709415366093,0.19559094158496731,556.3866131586625,0.08685956790123457,6.909576177617154,317410
original,training/flip/0022_000000013.jpg,flip,training,0022,13,1080,1920,3,0.5656540524388768,0.20255940742254058,0.2034138922930283,563.5452512973798,0.08775462962962963,6.93686042696835,325114
original,training/flip/0022_000000014.jpg,flip,training,0022,14,1080,1920,3,0.5588199872155653,0.20676706221112517,0.21352850399419027,595.0747684098627,0.08701388888888889,6.946330974897755,328390
original,training/flip/0022_000000015.jpg,flip,training,0022,15,1080,1920,3,0.5570716722645849,0.2094416803991888,0.21755875733781166,623.6456020399306,0.08189043209876543,6.93833511226876,327057
original,training/flip/0022_000000016.jpg,flip,training,0022,16,1080,1920,3,0.5570626059065602,0.21077141317405546,0.21917261067235536,589.5099938914013,0.07797839506172839,6.914156441852567,320274
original,training/flip/0022_000000017.jpg,flip,training,0022,17,1080,1920,3,0.557836448120915,0.20969301479326274,0.2186529612230695,546.1218549296982,0.07556327160493827,6.896373206095772,306404
original,training/flip/0022_000000018.jpg,flip,training,0022,18,1080,1920,3,0.5530586684519486,0.21224808187889257,0.2247514278473735,575.5000962770062,0.07099537037037038,6.9127025904585,308541
original,training/flip/0022_000000019.jpg,flip,training,0022,19,1080,1920,3,0.5494058566327765,0.21491977480238614,0.23056470323468894,624.6412319937414,0.07213734567901235,6.932930483705161,320706
original,training/flip/0022_000000021.jpg,flip,training,0022,21,1080,1920,3,0.5536378960148874,0.21214649942949795,0.23047068846828855,594.2963774348423,0.06677469135802469,6.962365239205737,317089
original,training/flip/0022_000000022.jpg,flip,training,0022,22,1080,1920,3,0.5569248744250787,0.21095436750745775,0.2301204289972162,523.74557231647,0.06318672839506173,6.945587062142302,299286
original,training/flip/0022_000000023.jpg,flip,training,0022,23,1080,1920,3,0.5613750680827887,0.2113997090853761,0.2252317575950133,543.4879948473937,0.07064043209876543,6.890219286805277,306322
original,training/flip/0022_000000024.jpg,flip,training,0022,24,1080,1920,3,0.561373379251392,0.21235058151195793,0.22484886944747035,617.9751156549473,0.07484567901234568,6.883674281124409,322152
original,training/flip/0023_000000003.jpg,flip,training,0023,3,1080,1920,3,0.5705537154290728,0.2107812903235576,0.1624360059610264,1103.0733857247728,0.09367283950617283,6.828651756150752,409263
original,training/flip/0023_000000004.jpg,flip,training,0023,4,1080,1920,3,0.5736115082607117,0.20961754770384444,0.15835846155591868,1038.492623295801,0.09574074074074074,6.815484340175022,407161
original,training/flip/0023_000000005.jpg,flip,training,0023,5,1080,1920,3,0.5773675411522633,0.2102989268583116,0.15522959974885014,1074.4087713382105,0.09532407407407407,6.8206562905002315,407338
original,training/flip/0023_000000006.jpg,flip,training,0023,6,1080,1920,3,0.5814053497942386,0.21087898782835746,0.15187197031590413,1060.3673966027948,0.09604938271604939,6.825324608899056,399910
original,training/flip/0023_000000016.jpg,flip,training,0023,16,1080,1920,3,0.5812426621883322,0.20571176314607706,0.14863991202190752,770.6538652691448,0.08508487654320987,7.023189339574589,356717
original,training/flip/0023_000000017.jpg,flip,training,0023,17,1080,1920,3,0.5756454324013556,0.2050061881484567,0.1576017743131203,703.1213201967593,0.0775462962962963,7.037236504309451,332044
original,training/flip/0023_000000018.jpg,flip,training,0023,18,1080,1920,3,0.5675766574376664,0.20567904562013412,0.16584988123335753,732.4879489582738,0.08035493827160493,7.015758855016652,343947
original,training/flip/0023_000000019.jpg,flip,training,0023,19,1080,1920,3,0.5495799821471798,0.20489264356293976,0.18415995672960545,801.7254733879648,0.07891975308641976,6.975995276351225,360598
original,training/flip/0023_000000020.jpg,flip,training,0023,20,1080,1920,3,0.5383723599007505,0.20480802917879212,0.19590678331517794,785.7511191662857,0.08088734567901235,6.973416422091676,366619
original,training/flip/0023_000000021.jpg,flip,training,0023,21,1080,1920,3,0.5324233747125394,0.20582860161602598,0.2050906957304527,826.128826303155,0.08108796296296296,7.0089221309470275,372707
original,training/flip/0023_000000022.jpg,flip,training,0023,22,1080,1920,3,0.5312998403836844,0.20691214441612965,0.21021156537460664,860.9160778654169,0.07743055555555556,7.005506278683464,384357
original,training/flip/0023_000000023.jpg,flip,training,0023,23,1080,1920,3,0.5327150205761316,0.2040355889660994,0.21027725202735414,700.8492426602271,0.07125,6.924889791825186,355943
original,training/flip/0023_000000024.jpg,flip,training,0023,24,1080,1920,3,0.5379926886649722,0.20264829946344937,0.20661031492072138,538.6548987005959,0.06951388888888889,6.853388928095332,331288
original,training/flip/0023_000000025.jpg,flip,training,0023,25,1080,1920,3,0.5423178199134592,0.2037447742971696,0.20509419821169209,510.3013960899991,0.07472222222222222,6.906416022352096,327941
original,training/flip/0024_000000016.jpg,flip,training,0024,16,1080,1920,3,0.6008722123880417,0.18816414315985924,0.13334683263737596,687.8391316184176,0.0692824074074074,6.816559736634073,324421
original,training/flip/0024_000000018.jpg,flip,training,0024,18,1080,1920,3,0.5786289185427258,0.188166232737655,0.15173989727063666,714.825017784958,0.07554783950617285,6.824280707980277,340086
original,training/flip/0024_000000020.jpg,flip,training,0024,20,1080,1920,3,0.5568672215413942,0.19384099081587847,0.1757610653443476,839.6116968230239,0.07378858024691358,6.798132469668193,367734
original,training/flip/0024_000000022.jpg,flip,training,0024,22,1080,1920,3,0.5538252598493101,0.19185653101457228,0.1883067753721859,628.0776753076893,0.0665432098765432,6.7235627669675875,329392
original,training/flip/0024_000000023.jpg,flip,training,0024,23,1080,1920,3,0.5582616553951827,0.1906604368481464,0.18748825004538852,463.8131702100956,0.06270061728395061,6.668833200488758,303456
original,training/flip/0024_000000024.jpg,flip,training,0024,24,1080,1920,3,0.5612535913671024,0.1930676088437057,0.18299159934035342,607.0550524681831,0.07128858024691358,6.709748502444698,336484
original,training/flip/0024_000000025.jpg,flip,training,0024,25,1080,1920,3,0.5630325322258534,0.19432093019497476,0.18250923089143065,690.6883109110058,0.07314814814814814,6.71091542798578,353276
original,training/flip/0024_000000026.jpg,flip,training,0024,26,1080,1920,3,0.5644951491013072,0.19326020091758883,0.18211471193415638,645.4942245322144,0.07466049382716049,6.692520807776487,344828
original,training/flip/0024_000000027.jpg,flip,training,0024,27,1080,1920,3,0.564130263177802,0.1938296577002398,0.18245370748608086,639.1753006665808,0.07532407407407407,6.694185261006156,346844
original,training/flip/0025_000000004.jpg,flip,training,0025,4,1080,1920,3,0.6159986988622609,0.18523763171871044,0.12498074959150327,789.2111656373243,0.07425154320987655,6.84510302808333,334767
original,training/flip/0025_000000005.jpg,flip,training,0025,5,1080,1920,3,0.6115651344256838,0.18577075624611786,0.12979919927075767,729.0621721078509,0.07174382716049382,6.884353768359297,324434
original,training/flip/0025_000000006.jpg,flip,training,0025,6,1080,1920,3,0.6001339604514646,0.18663825953448177,0.1383143174322198,743.8328519544943,0.07055555555555555,6.883457493417421,330743
original,training/flip/0025_000000007.jpg,flip,training,0025,7,1080,1920,3,0.5857433486897846,0.18695797784572193,0.14838729272573226,800.171905778404,0.07361882716049382,6.829921244536601,346922
original,training/flip/0025_000000008.jpg,flip,training,0025,8,1080,1920,3,0.5767794552620431,0.18907951386863445,0.1561814898027112,798.6620209038258,0.07551697530864197,6.8019236682379995,348659
original,training/flip/0025_000000009.jpg,flip,training,0025,9,1080,1920,3,0.5713793932310579,0.19151882275060697,0.16207996134410554,804.252604113083,0.07400462962962963,6.81336016440841,353394
original,training/flip/0025_000000010.jpg,flip,training,0025,10,1080,1920,3,0.5613542252935124,0.19319401878240097,0.17248649691358023,791.5820780404568,0.07246913580246914,6.791097002417124,336105
original,training/flip/0025_000000011.jpg,flip,training,0025,11,1080,1920,3,0.5571393427741467,0.1938511882323732,0.17939111860021786,808.0160877036179,0.07161265432098765,6.798661365709554,337177
original,training/flip/0025_000000012.jpg,flip,training,0025,12,1080,1920,3,0.5572587694414186,0.19218697216047198,0.18248909162430405,640.4958434970256,0.06767746913580247,6.729317640155705,314643
original,training/flip/0025_000000013.jpg,flip,training,0025,13,1080,1920,3,0.5584060608811425,0.19167327131495432,0.18460337047627692,507.00236565494725,0.06518518518518518,6.69908378243798,298084
original,training/flip/0025_000000014.jpg,flip,training,0025,14,1080,1920,3,0.5589922688211086,0.19169458149518598,0.1859994591200678,438.9591447139704,0.06482253086419754,6.724573102787021,291562
original,training/flip/0026_000000008.jpg,flip,training,0026,8,1080,1920,3,0.5768622590625757,0.2088627455065329,0.1496570291696926,947.5822781892408,0.095625,7.102322591864263,385895
original,training/flip/0026_000000009.jpg,flip,training,0026,9,1080,1920,3,0.5742264565934398,0.20994699752111562,0.15221849279835392,916.2228575673844,0.09272376543209876,7.126918698079171,377472
original,training/flip/0026_000000011.jpg,flip,training,0026,11,1080,1920,3,0.565868577523602,0.209127056202996,0.16126548316085693,928.4896838124905,0.08954475308641975,7.13607544910526,384289
original,training/flip/0026_000000012.jpg,flip,training,0026,12,1080,1920,3,0.5589380352063664,0.20761597921704675,0.16718221980150086,975.7078596935846,0.08959876543209877,7.126394582663142,390169
original,training/flip/0026_000000013.jpg,flip,training,0026,13,1080,1920,3,0.5524176633230452,0.20591391030074593,0.1751739988047688,962.70857557918,0.08844135802469136,7.106984552664715,381116
original,training/flip/0026_000000014.jpg,flip,training,0026,14,1080,1920,3,0.5480491122760833,0.20499219043256858,0.1799461105815783,927.1203873837234,0.08151234567901235,7.067011302923916,368461
original,training/flip/0026_000000015.jpg,flip,training,0026,15,1080,1920,3,0.5442821823559671,0.20501614961220024,0.18425931788610506,936.1175328217283,0.08027006172839506,7.020970299415394,378279
original,training/flip/0026_000000017.jpg,flip,training,0026,17,1080,1920,3,0.5389694043512466,0.2015326520229403,0.18991580239348824,923.6950780344437,0.08327932098765432,6.964508361265406,389209
original,training/flip/0026_000000019.jpg,flip,training,0026,19,1080,1920,3,0.5434243146332607,0.19916966113777543,0.190060727956306,678.1447126007373,0.07731481481481481,6.868602417503789,338994
original,training/flip/0026_000000020.jpg,flip,training,0026,20,1080,1920,3,0.5441654373940935,0.200767326274387,0.19345457554163642,574.9438571673526,0.07262345679012346,6.854953828407563,322829
original,training/flip/0026_000000021.jpg,flip,training,0026,21,1080,1920,3,0.542420138888889,0.20143402050092585,0.1977578333030743,461.15447478256937,0.06824845679012345,6.844425491542274,305483
original,training/flip/0026_000000022.jpg,flip,training,0026,22,1080,1920,3,0.5436185018760591,0.20236987133762957,0.19745137943294602,464.1189881124614,0.06707561728395062,6.84676244781203,310812
original,training/flip/0027_000000011.jpg,flip,training,0027,11,1080,1920,3,0.5857642387587751,0.20554614945072314,0.1447442980664488,688.6077731586267,0.08445216049382716,6.977962150301741,340654
original,training/flip/0027_000000012.jpg,flip,training,0027,12,1080,1920,3,0.575045102956306,0.2026841111208049,0.15719078121217625,269.968757543629,0.07818672839506173,6.974707978782623,264640
original,training/flip/0027_000000013.jpg,flip,training,0027,13,1080,1920,3,0.5644129429163641,0.20382212500179164,0.16743892028261922,296.15221165069875,0.0773070987654321,6.9807390155795686,274730
original,training/flip/0027_000000014.jpg,flip,training,0027,14,1080,1920,3,0.5534532517096344,0.20453964637180522,0.1783574611171629,401.9539767468278,0.07464506172839507,6.967766952124668,294785
original,training/flip/0027_000000015.jpg,flip,training,0027,15,1080,1920,3,0.543467462100581,0.20530152345728933,0.18735467161401598,535.5714153482701,0.07449845679012346,6.926908100670393,319126
original,training/flip/0027_000000017.jpg,flip,training,0027,17,1080,1920,3,0.5300469411916001,0.21051417335596156,0.20754165910191238,842.2055223502871,0.07564043209876543,6.955715652877761,370608
original,training/flip/0027_000000020.jpg,flip,training,0027,20,1080,1920,3,0.5361314394970952,0.2089591496079022,0.2095163285221496,466.5987394144853,0.06496141975308642,6.794282319682234,309838
original,training/flip/0028_000000001.jpg,flip,training,0028,1,1080,1920,3,0.5904595153261922,0.2086972162204782,0.14343094324921327,1245.2197047062543,0.09384259259259259,6.865860694879695,412148
original,training/flip/0028_000000002.jpg,flip,training,0028,2,1080,1920,3,0.5907737892610748,0.20903241818749754,0.1429056429284677,1237.634039780521,0.09310185185185185,6.876250394946384,418534
original,training/flip/0028_000000003.jpg,flip,training,0028,3,1080,1920,3,0.5918660849370613,0.20859481108737643,0.14211209074679254,1224.709660669522,0.09276234567901234,6.88185263891481,415801
original,training/flip/0028_000000004.jpg,flip,training,0028,4,1080,1920,3,0.5926627424503752,0.20844052229539167,0.14192707198620189,1181.0155277620004,0.09324845679012346,6.898874024158086,415011
original,training/flip/0028_000000005.jpg,flip,training,0028,5,1080,1920,3,0.5933702096193415,0.2088595657905877,0.14251390780077464,1168.93569614906,0.09124228395061729,6.920593293545862,413256
original,training/flip/0028_000000006.jpg,flip,training,0028,6,1080,1920,3,0.5933491209755507,0.21008829008610727,0.14314413693718228,1210.621615418703,0.0926929012345679,6.9471130470264635,421496
original,training/flip/0028_000000007.jpg,flip,training,0028,7,1080,1920,3,0.5932418206094167,0.21037860813496734,0.14349723129992736,1210.7760754586168,0.0926929012345679,6.955759918726155,423421
original,training/flip/0028_000000008.jpg,flip,training,0028,8,1080,1920,3,0.5931262198166304,0.21031074728332694,0.14371988660433307,1180.2873921652924,0.09260030864197531,6.962071068044205,424607
original,training/flip/0028_000000009.jpg,flip,training,0028,9,1080,1920,3,0.5931885042211329,0.21041059553737101,0.14412892988985718,1164.1953219821673,0.09208333333333334,6.973487423504368,425369
original,training/flip/0028_000000010.jpg,flip,training,0028,10,1080,1920,3,0.5925534071653352,0.21089092417527902,0.1455349964445655,1158.1010433813444,0.09003858024691358,6.983474397677194,420756
original,training/flip/0028_000000011.jpg,flip,training,0028,11,1080,1920,3,0.5918414994855967,0.21144746607368073,0.14708115090171872,1148.0239687319008,0.09016975308641975,6.9943654767051155,416687
original,training/flip/0028_000000012.jpg,flip,training,0028,12,1080,1920,3,0.5905604575163399,0.21129564957655653,0.14839687537823773,1118.2648912856273,0.09032407407407407,6.996832914132007,411425
original,training/flip/0028_000000013.jpg,flip,training,0028,13,1080,1920,3,0.589733726322319,0.2121514231173718,0.15074588477366255,1067.755796610416,0.08689814814814815,7.009852277218307,407668
original,training/flip/0028_000000014.jpg,flip,training,0028,14,1080,1920,3,0.5891383725944082,0.21206555880848502,0.15292880809731302,1004.2684928974242,0.08441358024691357,7.035996948315115,393852
original,training/flip/0028_000000016.jpg,flip,training,0028,16,1080,1920,3,0.5885210640583394,0.2081516182589136,0.15481655659949164,777.898589102271,0.07506172839506173,7.048990926357658,339695
original,training/flip/0028_000000017.jpg,flip,training,0028,17,1080,1920,3,0.5751869818143307,0.20468086127466592,0.15999443234083757,815.3209455758936,0.08066358024691359,7.017346505663404,353502
original,training/flip/0028_000000018.jpg,flip,training,0028,18,1080,1920,3,0.5624121448347857,0.20498727392985872,0.1724976322319051,873.9440537037036,0.07868827160493827,6.987932783052144,367006
original,training/flip/0028_000000020.jpg,flip,training,0028,20,1080,1920,3,0.5528015746036069,0.20783924560247288,0.18509095482328733,864.1891311347355,0.07596450617283951,6.940895670691868,366899
original,training/flip/0028_000000021.jpg,flip,training,0028,21,1080,1920,3,0.5495916829308884,0.2084267632514043,0.18888617314209633,834.941300201951,0.07382716049382716,6.926123984506859,365064
original,training/flip/0028_000000022.jpg,flip,training,0028,22,1080,1920,3,0.5499954176500848,0.20660572594840335,0.18982790940450253,785.3142601332091,0.07214506172839506,6.8709538803498,354805
original,training/flip/0028_000000023.jpg,flip,training,0028,23,1080,1920,3,0.5488062628600823,0.205993401229574,0.1946741330791576,680.7711155392067,0.06750771604938272,6.868454951434934,321298
original,training/flip/0028_000000025.jpg,flip,training,0028,25,1080,1920,3,0.5527872526325345,0.2050108341240438,0.19333833552711208,503.01011862943676,0.06181327160493827,6.800465231154671,292475
original,training/flip/0028_000000026.jpg,flip,training,0028,26,1080,1920,3,0.5555209694989106,0.20399990171906515,0.19153265893548777,418.02249540371133,0.06091820987654321,6.754792210990502,280550
original,training/flip/0028_000000027.jpg,flip,training,0028,27,1080,1920,3,0.5569224631596466,0.20295585617022743,0.19137305396695714,383.0379320451817,0.060146604938271606,6.763354843133888,277056
original,training/flip/0028_000000028.jpg,flip,training,0028,28,1080,1920,3,0.5583047196502058,0.20286665542384472,0.1903402910160978,374.0550085648148,0.06158179012345679,6.793022917711966,285387
original,training/flip/0029_000000001.jpg,flip,training,0029,1,1080,1920,3,0.5920178301258775,0.19866798126336807,0.1435856368010167,1028.561870423716,0.08158179012345679,6.748368631545226,370891
original,training/flip/0029_000000002.jpg,flip,training,0029,2,1080,1920,3,0.592040284207819,0.1994742960522882,0.1440395012557492,1040.3501445553627,0.08123456790123457,6.748532270328698,378303
original,training/flip/0029_000000003.jpg,flip,training,0029,3,1080,1920,3,0.5923215928346647,0.19955832369186044,0.1437439179375454,1045.1458160102666,0.08113425925925925,6.742446093015118,377622
original,training/flip/0029_000000004.jpg,flip,training,0029,4,1080,1920,3,0.5928550555252965,0.19968740870175306,0.14271834339445655,1058.5170694181884,0.08096450617283951,6.72911332978164,380282
original,training/flip/0029_000000005.jpg,flip,training,0029,5,1080,1920,3,0.5927657536008231,0.19887538847418437,0.14140755113773903,1048.5080684022419,0.08290123456790123,6.717004073739648,384699
original,training/flip/0029_000000006.jpg,flip,training,0029,6,1080,1920,3,0.5929708473281288,0.20001121937838565,0.1410369878661341,1044.4557632599356,0.08158179012345679,6.724758525193595,390165
original,training/flip/0029_000000007.jpg,flip,training,0029,7,1080,1920,3,0.5939122507413459,0.20063559016105303,0.14008814829944322,1040.3685140517239,0.08165895061728395,6.736339980176468,390671
original,training/flip/0029_000000008.jpg,flip,training,0029,8,1080,1920,3,0.5951331529139433,0.2010377538914498,0.13914602056100217,1035.218982600785,0.08118055555555556,6.751028102787609,390999
original,training/flip/0029_000000009.jpg,flip,training,0029,9,1080,1920,3,0.5975708514887437,0.20169247847437133,0.13759371028503994,1006.292036876048,0.08201388888888889,6.781054799278068,387862
original,training/flip/0029_000000018.jpg,flip,training,0029,18,1080,1920,3,0.5898803823226821,0.20286244864727557,0.14464716662127813,761.9882703008307,0.0753858024691358,6.955512734295885,342411
original,training/flip/0029_000000019.jpg,flip,training,0029,19,1080,1920,3,0.5842725372942387,0.20274345453216822,0.15112378963931253,734.2669841561404,0.07344135802469136,6.989795703398667,335851
original,training/flip/0029_000000020.jpg,flip,training,0029,20,1080,1920,3,0.577606954278625,0.2028956208058763,0.15801543777233118,705.2805358147934,0.07094907407407407,7.016295886996778,332472
original,training/flip/0029_000000022.jpg,flip,training,0029,22,1080,1920,3,0.5591743070685063,0.2015782208677968,0.17508488599915276,803.1752741840397,0.07344135802469136,6.951471478721206,358894
original,training/flip/0029_000000023.jpg,flip,training,0029,23,1080,1920,3,0.5532390235415154,0.20099379487382138,0.18182541681796177,848.2975592634864,0.0789891975308642,6.963077232204467,371626
original,training/flip/0029_000000026.jpg,flip,training,0029,26,1080,1920,3,0.5517117715141612,0.19736917993110006,0.18935278988138465,634.081920115967,0.06927469135802469,6.795029536960869,330407
original,training/flip/0029_000000028.jpg,flip,training,0029,28,1080,1920,3,0.5503503426833697,0.2003512007329335,0.19308068188695232,467.9871724849013,0.0681712962962963,6.832894164393881,312921
original,training/flip/0030_000000001.jpg,flip,training,0030,1,1080,1920,3,0.550395222479424,0.2083895341028066,0.20924795184277414,784.4346020918471,0.07678240740740741,7.04494425073991,360130
original,training/flip/0030_000000002.jpg,flip,training,0030,2,1080,1920,3,0.5499782910463569,0.2077121080744675,0.21046996225187606,743.2546116464121,0.07463734567901234,7.053551063461607,357858
original,training/flip/0030_000000004.jpg,flip,training,0030,4,1080,1920,3,0.5475741137890342,0.20609748190178367,0.2139233633654079,676.2671199071693,0.07311728395061728,7.055752896006125,348638
original,training/flip/0030_000000005.jpg,flip,training,0030,5,1080,1920,3,0.5474553603848947,0.2070922490260604,0.21387797862200433,723.116803873683,0.07505401234567902,7.056294792583198,357102
original,training/flip/0030_000000007.jpg,flip,training,0030,7,1080,1920,3,0.5511248335754055,0.20505717811128507,0.20961558755446624,713.8235562297573,0.07585648148148148,7.027055939578116,355159
original,training/flip/0030_000000008.jpg,flip,training,0030,8,1080,1920,3,0.55107133374183,0.20534379171359213,0.20970839952493345,712.4775437451775,0.07662037037037037,7.03022643911493,357701
original,training/flip/0030_000000010.jpg,flip,training,0030,10,1080,1920,3,0.5524535221496005,0.204142946925806,0.20988813808702492,596.9630318043529,0.0747608024691358,7.003835296826789,331139
original,training/flip/0030_000000011.jpg,flip,training,0030,11,1080,1920,3,0.5523863055252966,0.2041912180491009,0.20973746520213024,609.7639641069745,0.07486882716049383,7.005110611714972,333322
original,training/flip/0030_000000013.jpg,flip,training,0030,13,1080,1920,3,0.5515433744099492,0.2041649420027988,0.21034838530319536,625.327434387324,0.07561728395061729,6.995417117382641,334088
original,training/flip/0030_000000014.jpg,flip,training,0030,14,1080,1920,3,0.5515311422022513,0.20392815565518232,0.20980388374485595,641.1271457689734,0.07323302469135802,6.991089309987254,337814
original,training/flip/0030_000000015.jpg,flip,training,0030,15,1080,1920,3,0.5510034457455821,0.2039640569232842,0.21021082402868554,648.0093459442515,0.07319444444444445,6.98844144763311,338294
original,training/flip/0030_000000016.jpg,flip,training,0030,16,1080,1920,3,0.550509291409465,0.20412603404595825,0.20987272490014525,677.096488682175,0.07204475308641975,6.9792854883564655,342674
original,training/flip/0030_000000017.jpg,flip,training,0030,17,1080,1920,3,0.5504794106299927,0.20344188080710743,0.20888597456729605,655.2585601203489,0.07247685185185185,6.972210523199595,340237
original,training/flip/0030_000000018.jpg,flip,training,0030,18,1080,1920,3,0.5508600406983781,0.20164423823937,0.20874130242374728,574.4043184134945,0.07017746913580247,6.951491926210109,323090
original,training/flip/0030_000000020.jpg,flip,training,0030,20,1080,1920,3,0.5501353410191236,0.19887775649670214,0.20770543603243768,451.5921735672916,0.0682175925925926,6.900864749285317,304871
original,training/flip/0030_000000021.jpg,flip,training,0030,21,1080,1920,3,0.5481784204036553,0.19935715062905426,0.20914993721253933,456.9537436384864,0.06436728395061729,6.896246548260374,300817
original,training/flip/0030_000000022.jpg,flip,training,0030,22,1080,1920,3,0.5462666386770758,0.2004492953067569,0.21021014130961027,501.2952546829752,0.06397376543209876,6.88035112754409,310168
original,training/flip/0030_000000023.jpg,flip,training,0030,23,1080,1920,3,0.5460008415789155,0.20104836519714595,0.2102129024449286,552.6118640603567,0.06600308641975308,6.884981725610699,320544
original,training/flip/0030_000000024.jpg,flip,training,0030,24,1080,1920,3,0.5467388382050351,0.20148717994938325,0.2098218216684822,580.6510081008992,0.0664429012345679,6.882671786975493,327560
original,training/flip/0030_000000025.jpg,flip,training,0030,25,1080,1920,3,0.5482157203159042,0.20133245485663967,0.20801955299866862,577.6078306083652,0.06570987654320988,6.882619539830916,328405
original,training/flip/0030_000000026.jpg,flip,training,0030,26,1080,1920,3,0.5498273420479303,0.20126405135040254,0.20671454021423386,574.959299074074,0.06594907407407408,6.874733386695382,330294
original,training/flip/0030_000000028.jpg,flip,training,0030,28,1080,1920,3,0.5512564640825466,0.20172561222680357,0.2039549878207456,587.5538424208866,0.06733796296296296,6.8576750833388935,330511
original,training/flip/0030_000000029.jpg,flip,training,0030,29,1080,1920,3,0.5543010828945776,0.2012597094415937,0.20034278171145,558.7459411645876,0.06801697530864198,6.859263360791149,320668
original,training/flip/0030_000000030.jpg,flip,training,0030,30,1080,1920,3,0.5587259384077705,0.20103003808006228,0.19527787611958364,520.4020921781525,0.06717592592592593,6.882749671990012,311966
original,training/flip/0030_000000032.jpg,flip,training,0030,32,1080,1920,3,0.5652052525871459,0.2007187632000763,0.18958451343500363,477.6535705244532,0.06763888888888889,6.881507247044464,305136
original,training/flip/0030_000000033.jpg,flip,training,0030,33,1080,1920,3,0.5666482029926168,0.20067233048757724,0.18731794851428227,469.84019264349706,0.06919753086419753,6.870674124416134,310136
original,training/flip/0030_000000034.jpg,flip,training,0030,34,1080,1920,3,0.5680746849279835,0.20015435564672232,0.18354105203038004,418.36416615011996,0.06998456790123457,6.865120181294927,302673
original,training/flip/0030_000000035.jpg,flip,training,0030,35,1080,1920,3,0.5711300040849674,0.1999756926682814,0.1778895905198499,460.6929530663556,0.07050154320987655,6.842135434485876,316189
original,training/flip/0030_000000036.jpg,flip,training,0030,36,1080,1920,3,0.5799421334120067,0.20107181446228733,0.16777103379932218,446.27155655006857,0.06847222222222223,6.864327992807155,306926
original,training/flip/0030_000000037.jpg,flip,training,0030,37,1080,1920,3,0.5892003789941902,0.2021427893800399,0.15807468871036068,499.61325185732926,0.06777777777777778,6.858519861018828,313645
original,training/flip/0031_000000014.jpg,flip,training,0031,14,1080,1920,3,0.6093682711510531,0.1974533201059502,0.12688665539518276,1090.0088910777226,0.09149691358024692,6.798783317408759,412039
original,training/flip/0031_000000015.jpg,flip,training,0031,15,1080,1920,3,0.6097862257171387,0.19878478252661544,0.1286503267973856,1055.6519823957383,0.08822530864197531,6.828093976569961,403460
original,training/flip/0031_000000016.jpg,flip,training,0031,16,1080,1920,3,0.6080630579006294,0.19922955452635516,0.1300907581396756,989.4141029958635,0.08463734567901235,6.8636636455535776,394294
original,training/flip/0031_000000017.jpg,flip,training,0031,17,1080,1920,3,0.608734832667635,0.19811703851951168,0.13036357911220042,799.8137119240946,0.07868827160493827,6.889145613166534,352574
original,training/flip/0031_000000019.jpg,flip,training,0031,19,1080,1920,3,0.5986058838658921,0.19230917248315266,0.1316252420721375,864.2229839163238,0.08386574074074074,6.860014118730259,364924
original,training/flip/0031_000000021.jpg,flip,training,0031,21,1080,1920,3,0.5880354427650689,0.1965231989945003,0.1440826184640523,799.3747072544558,0.07881944444444444,6.981115932697277,337453
original,training/flip/0031_000000022.jpg,flip,training,0031,22,1080,1920,3,0.5790342721193416,0.19755139024879892,0.15231328862563542,747.7511337362826,0.07516203703703704,6.994829814932836,333527
original,training/flip/0031_000000023.jpg,flip,training,0031,23,1080,1920,3,0.5696124198136044,0.1985083712034871,0.1599906840050835,790.9673170950979,0.07508487654320987,6.965083700199314,343877
original,training/flip/0031_000000024.jpg,flip,training,0031,24,1080,1920,3,0.5581908190359477,0.2005749351238861,0.17250259092834663,835.1295385416071,0.07590277777777778,6.916461502099849,353574
original,training/flip/0031_000000025.jpg,flip,training,0031,25,1080,1920,3,0.5506830802923022,0.19931441028485383,0.1838968470104091,832.9026260616117,0.07310185185185185,6.886385134146361,356570
original,training/flip/0031_000000026.jpg,flip,training,0031,26,1080,1920,3,0.5530398303225612,0.19635217098981192,0.18455275281408862,596.3302999480239,0.0659182098765432,6.77264396268478,317276
original,training/flip/0031_000000027.jpg,flip,training,0031,27,1080,1920,3,0.5546037581699347,0.19565676003525168,0.18586907490619703,441.3231752912571,0.06464506172839506,6.771652823525313,296067
original,training/flip/0032_000000011.jpg,flip,training,0032,11,1080,1920,3,0.5844472906832486,0.1961560427897744,0.14879180661462113,765.9601227099528,0.08026234567901235,6.9399102263603485,344512
original,training/flip/0032_000000012.jpg,flip,training,0032,12,1080,1920,3,0.5717863789034132,0.19534582035449755,0.16031127072742676,808.5241939862445,0.08270833333333333,6.904771514995721,362459
original,training/flip/0032_000000013.jpg,flip,training,0032,13,1080,1920,3,0.5555986406136528,0.19773039609782705,0.1774171035312273,881.3038889316963,0.08250771604938271,6.822091709474309,379196
original,training/flip/0032_000000014.jpg,flip,training,0032,14,1080,1920,3,0.5456952595467199,0.20047302225595245,0.18802113970588236,942.0489806524827,0.08584104938271606,6.825919129418456,392897
original,training/flip/0032_000000015.jpg,flip,training,0032,15,1080,1920,3,0.5434332353697652,0.20029298222313618,0.19331786908436213,889.524761308299,0.08260802469135803,6.832236792401963,386834
original,training/flip/0032_000000016.jpg,flip,training,0032,16,1080,1920,3,0.5452046871217623,0.1992901195362029,0.1968528144668361,785.9284280940406,0.0757638888888889,6.823211646024994,362865
original,training/flip/0032_000000017.jpg,flip,training,0032,17,1080,1920,3,0.5504700643760592,0.19806723965955392,0.19584805623638346,614.687652271412,0.07190586419753087,6.727277595838706,331580
original,training/flip/0032_000000018.jpg,flip,training,0032,18,1080,1920,3,0.5545120601095377,0.19769156094621385,0.19560325889615104,510.4138826388889,0.07006172839506172,6.710174926908665,310969
original,training/flip/0033_000000017.jpg,flip,training,0033,17,1080,1920,3,0.5972510042211329,0.18649135156525132,0.13778303717320262,637.9768255134508,0.06844135802469135,6.784094503345407,315285
original,training/flip/0033_000000018.jpg,flip,training,0033,18,1080,1920,3,0.5840067836934156,0.18879410237839023,0.15116580995824255,666.3708552525696,0.06873456790123457,6.755389183923787,324166
original,training/flip/0033_000000019.jpg,flip,training,0033,19,1080,1920,3,0.567006169057129,0.19157403014570806,0.16780448703401113,754.2636771161385,0.07452932098765432,6.734644245450018,350727
original,training/flip/0033_000000020.jpg,flip,training,0033,20,1080,1920,3,0.5599211563483418,0.19318835458178354,0.17761233281893005,824.0691251998076,0.0751388888888889,6.718734885554888,366374
original,training/flip/0033_000000022.jpg,flip,training,0033,22,1080,1920,3,0.554768618751513,0.19332331550172435,0.18510383570866618,751.2869824197317,0.07849537037037037,6.7482735566158265,362034
original,training/flip/0033_000000023.jpg,flip,training,0033,23,1080,1920,3,0.5562514997125394,0.19359492642220372,0.18712358728213507,774.7327335518953,0.07726851851851851,6.73625067615531,361395
original,training/flip/0033_000000024.jpg,flip,training,0033,24,1080,1920,3,0.5575090739227789,0.1929935839047535,0.18829999546114742,646.1263983196158,0.07344907407407407,6.711554829566847,342382
original,training/flip/0033_000000025.jpg,flip,training,0033,25,1080,1920,3,0.5603577882927863,0.19273909760910415,0.18850883941539578,534.688948688212,0.0704320987654321,6.675145144936884,322195
original,training/flip/0033_000000026.jpg,flip,training,0033,26,1080,1920,3,0.563771069731905,0.19512941904449596,0.18618392565359476,542.9425896195321,0.0737037037037037,6.70106626606646,327130
original,training/flip/0034_000000017.jpg,flip,training,0034,17,1080,1920,3,0.5732609159404503,0.20541728781650803,0.17046005620612442,260.1604447014079,0.03275462962962963,6.770525510730154,212665
original,training/flip/0034_000000018.jpg,flip,training,0034,18,1080,1920,3,0.5760696921901477,0.2067924181518743,0.16638657029169693,318.5053472216864,0.0358179012345679,6.746231707637744,215024
original,training/flip/0034_000000021.jpg,flip,training,0034,21,1080,1920,3,0.593337389932825,0.2011891551934221,0.14605890485052045,176.5679526462596,0.028256172839506172,6.579661665377214,189405
original,training/flip/0034_000000023.jpg,flip,training,0034,23,1080,1920,3,0.6030089642338418,0.19722003270076932,0.1353500741345921,127.96158916228471,0.022515432098765432,6.483989505180202,179819
original,training/flip/0034_000000024.jpg,flip,training,0034,24,1080,1920,3,0.6060699645213024,0.19653437710831995,0.1325820983871944,130.6061639397934,0.021489197530864198,6.454654182898679,178493
original,training/flip/0034_000000025.jpg,flip,training,0034,25,1080,1920,3,0.6080428921568628,0.19537201444374447,0.130915617057008,134.74296928530094,0.02122685185185185,6.442918281251963,179048
original,training/flip/0034_000000026.jpg,flip,training,0034,26,1080,1920,3,0.6127720720618495,0.19291041124856045,0.1279682961147422,115.04013109990619,0.01960648148148148,6.397007431508671,174247
original,training/flip/0034_000000027.jpg,flip,training,0034,27,1080,1920,3,0.6172093337720891,0.19275798048952467,0.12641167014645363,118.49405053530094,0.018410493827160493,6.341569334123018,169397
original,training/flip/0035_000000008.jpg,flip,training,0035,8,1080,1920,3,0.6335464816327766,0.18245201746603926,0.11687361186758653,630.7783127333868,0.10604938271604938,6.700544742861387,381428
original,training/flip/0035_000000009.jpg,flip,training,0035,9,1080,1920,3,0.6284843541969257,0.1829457202330524,0.12281703885257807,646.9109080289185,0.10846450617283951,6.736615984776169,389924
original,training/flip/0035_000000011.jpg,flip,training,0035,11,1080,1920,3,0.6111088114258049,0.1870140966860239,0.13712079021423385,750.7110767403979,0.11291666666666667,6.791591056331185,422490
original,training/flip/0035_000000012.jpg,flip,training,0035,12,1080,1920,3,0.6049386403867102,0.18737188460590112,0.14162020772815298,788.2858764801002,0.11289351851851852,6.765606935634243,424148
original,training/flip/0035_000000013.jpg,flip,training,0035,13,1080,1920,3,0.5984842880053256,0.18526705531299906,0.14571562386528686,764.8094603049743,0.11368055555555556,6.745617842351949,418783
original,training/flip/0035_000000014.jpg,flip,training,0035,14,1080,1920,3,0.5875843772694263,0.1861280324322209,0.1550901661976519,792.5519751795052,0.1082638888888889,6.716215023803702,418644
original,training/flip/0035_000000015.jpg,flip,training,0035,15,1080,1920,3,0.5817604790758896,0.188971020712902,0.16439019759138224,763.8340879328965,0.10491512345679012,6.761885522721098,405330
original,training/flip/0035_000000017.jpg,flip,training,0035,17,1080,1920,3,0.5740417442053982,0.1908459078642901,0.17899169200859355,756.4917051325423,0.1070216049382716,6.737331685714558,409237
original,training/flip/0035_000000018.jpg,flip,training,0035,18,1080,1920,3,0.5803236977275478,0.190530620808044,0.17599076154381504,683.2408597391308,0.09728395061728395,6.626281568398727,385770
original,training/flip/0035_000000019.jpg,flip,training,0035,19,1080,1920,3,0.585076787929678,0.18805767540162718,0.17314753162067295,633.6439994167715,0.09145061728395061,6.583961799153244,371390
original,training/flip/0035_000000020.jpg,flip,training,0035,20,1080,1920,3,0.5862524263949407,0.1873806312422815,0.17415829059247157,586.0279149042996,0.09388888888888888,6.591199978742653,360560
original,training/flip/0035_000000021.jpg,flip,training,0035,21,1080,1920,3,0.5869057639645364,0.1876598241764085,0.17537954830852093,549.6656593676173,0.09320987654320988,6.60854509439452,350715
original,training/flip/0035_000000022.jpg,flip,training,0035,22,1080,1920,3,0.5883744402081821,0.1909506460527511,0.1729884202523602,599.1475652000814,0.09490740740740741,6.6031691233754515,366326
original,training/flip/0036_000000010.jpg,flip,training,0036,10,1080,1920,3,0.6218294110082305,0.18339196787553655,0.116520608281893,956.9728606180817,0.11838734567901235,6.620644550817454,441416
original,training/flip/0036_000000012.jpg,flip,training,0036,12,1080,1920,3,0.6235185752541758,0.1842183232944857,0.11671385560396998,916.202631138546,0.11737654320987655,6.675290293230307,440589
original,training/flip/0036_000000013.jpg,flip,training,0036,13,1080,1920,3,0.6253467645545873,0.1832549666051016,0.11673867745400629,854.6031673980244,0.11307098765432098,6.705009320369683,430599
original,training/flip/0036_000000016.jpg,flip,training,0036,16,1080,1920,3,0.6238167627390462,0.18273263680266683,0.11789576146816752,805.3768131858116,0.1078858024691358,6.751500129319436,402641
original,training/flip/0036_000000017.jpg,flip,training,0036,17,1080,1920,3,0.6184066830821835,0.1812721532552975,0.12158418247700316,781.3300836188748,0.10859567901234568,6.780307249469843,396576
original,training/flip/0036_000000018.jpg,flip,training,0036,18,1080,1920,3,0.6115633567084241,0.1792747079699717,0.1279943207607117,695.856328453587,0.1013966049382716,6.824083530445833,379027
original,training/flip/0036_000000019.jpg,flip,training,0036,19,1080,1920,3,0.6069763015159767,0.17840031904057793,0.13182288262527234,697.0264667314434,0.10044753086419753,6.8227691969005235,382258
original,training/flip/0036_000000020.jpg,flip,training,0036,20,1080,1920,3,0.6009758835633019,0.17855621248051085,0.13760805873275236,757.5350990702636,0.09838734567901235,6.785728777059093,391077
original,training/flip/0036_000000021.jpg,flip,training,0036,21,1080,1920,3,0.5913870638919148,0.18129683694459628,0.14681136906923264,849.840391898148,0.1004783950617284,6.7012206876382265,408898
original,training/flip/0036_000000022.jpg,flip,training,0036,22,1080,1920,3,0.5865040112109658,0.18321294038404287,0.15208919223553619,846.3544803952809,0.09866512345679013,6.675385052760027,404209
original,training/flip/0036_000000023.jpg,flip,training,0036,23,1080,1920,3,0.5820245684307673,0.18547921472149156,0.1557042616043331,863.2548638840664,0.0939429012345679,6.671553806127452,402415
original,training/flip/0036_000000025.jpg,flip,training,0036,25,1080,1920,3,0.5805249844922538,0.18538251609214204,0.16103636188271606,649.9888781335138,0.08374228395061728,6.5362688856770745,356873
original,training/flip/0036_000000026.jpg,flip,training,0036,26,1080,1920,3,0.5835395258412006,0.18575112159669963,0.16072214846586783,557.477182384307,0.08156635802469135,6.5047205456026465,338012
original,training/flip/0036_000000027.jpg,flip,training,0036,27,1080,1920,3,0.5807125355543452,0.188778149614134,0.1653082731935367,499.4882648831638,0.07729938271604939,6.533595936035914,327443
original,training/flip/0037_000000002.jpg,flip,training,0037,2,1080,1920,3,0.6193935147361413,0.17608344101540946,0.11066950912309369,608.9577284921673,0.0990432098765432,6.472909082404332,347154
original,training/flip/0037_000000003.jpg,flip,training,0037,3,1080,1920,3,0.6168314591654563,0.17437951096953136,0.10901432953582668,673.964656095143,0.0990354938271605,6.445633301696133,359959
original,training/flip/0037_000000004.jpg,flip,training,0037,4,1080,1920,3,0.6080654521453642,0.1755150036950048,0.11595798913701283,662.8156073287585,0.1000925925925926,6.4996908724620654,355987
original,training/flip/0037_000000005.jpg,flip,training,0037,5,1080,1920,3,0.6058683959694989,0.17850301475565938,0.12037312772331155,620.5795156319064,0.09073302469135802,6.521444594207118,337549
original,training/flip/0037_000000007.jpg,flip,training,0037,7,1080,1920,3,0.6002118244674413,0.1792793703969172,0.12765886173142096,556.0336962696236,0.08998456790123457,6.5905441697877265,325564
original,training/flip/0037_000000009.jpg,flip,training,0037,9,1080,1920,3,0.6089908353001695,0.18114373976966033,0.12501921825829096,474.0728574567043,0.08975308641975309,6.732423194783305,310729
original,training/flip/0037_000000010.jpg,flip,training,0037,10,1080,1920,3,0.6074174742041879,0.185419696368,0.1281110033133624,493.6040427454251,0.09111882716049383,6.755820204943736,318105
original,training/flip/0037_000000012.jpg,flip,training,0037,12,1080,1920,3,0.5924922215413944,0.18554291317775473,0.13950910985536188,529.7644314342683,0.09157407407407407,6.700081948738596,328998
original,training/flip/0037_000000014.jpg,flip,training,0037,14,1080,1920,3,0.581443118721254,0.18610609208478612,0.15337319202372307,570.0797793766551,0.08351080246913581,6.675374901361106,336369
original,training/flip/0037_000000015.jpg,flip,training,0037,15,1080,1920,3,0.574188050335875,0.19024080892662684,0.16327076903292181,619.0828090348627,0.08925154320987655,6.671915027896432,349772
original,training/flip/0037_000000018.jpg,flip,training,0037,18,1080,1920,3,0.5829048978001695,0.1839377157947177,0.16569995347676109,548.0440824986188,0.08195987654320988,6.6025044890735956,335995
original,training/flip/0037_000000019.jpg,flip,training,0037,19,1080,1920,3,0.5869913383563302,0.1838559358089828,0.1636929314935851,530.3723787365088,0.08233796296296296,6.601580962269265,332280
original,training/flip/0037_000000021.jpg,flip,training,0037,21,1080,1920,3,0.5899517009350037,0.18582447470820523,0.16319439149116438,528.6161010987631,0.08559413580246913,6.613612256221327,336911
original,training/flip/0037_000000022.jpg,flip,training,0037,22,1080,1920,3,0.5904176046961994,0.18632802349194566,0.16336018064633262,524.2048172224485,0.08454475308641975,6.613835100139063,338682
original,training/flip/0037_000000023.jpg,flip,training,0037,23,1080,1920,3,0.5912410055071411,0.18667616973559018,0.1619639047748729,519.5824384382502,0.08380401234567901,6.606942244798399,337423
original,training/flip/0037_000000025.jpg,flip,training,0037,25,1080,1920,3,0.5893204959452917,0.19094734861876816,0.16099543088840476,671.3650812613715,0.09351851851851851,6.61391814595958,373408
original,training/flip/0037_000000026.jpg,flip,training,0037,26,1080,1920,3,0.5884157645697167,0.19040182983141846,0.16301480611534738,613.7816824344968,0.09069444444444444,6.615910357385069,359208
original,training/flip/0037_000000027.jpg,flip,training,0037,27,1080,1920,3,0.5877684390885983,0.19082089676818006,0.16331777452493343,600.8926161679217,0.0908179012345679,6.645860923347655,358582
original,training/flip/0038_000000004.jpg,flip,training,0038,4,1080,1920,3,0.6127288489469861,0.18502888457114322,0.12669601791333818,1079.639859948881,0.10600308641975309,6.710387587050848,424091
original,training/flip/0038_000000005.jpg,flip,training,0038,5,1080,1920,3,0.6133124716321714,0.18280716858577792,0.12774596420358267,1017.8543280918972,0.10587191358024692,6.714434947749906,413197
original,training/flip/0038_000000006.jpg,flip,training,0038,6,1080,1920,3,0.6147511819928588,0.18116420190175178,0.12835589521302349,874.5373738340191,0.10558641975308641,6.717770949571387,401041
original,training/flip/0038_000000008.jpg,flip,training,0038,8,1080,1920,3,0.6123358845467199,0.18289497580123976,0.12923671818264343,829.8614516422801,0.10268518518518518,6.753166904143165,394475
original,training/flip/0038_000000009.jpg,flip,training,0038,9,1080,1920,3,0.6085232729665941,0.18620319023961351,0.1318598156469378,862.5152192212983,0.1015354938271605,6.790695237005016,404696
original,training/flip/0038_000000011.jpg,flip,training,0038,11,1080,1920,3,0.6041239144577584,0.18826883268503922,0.13530851904805133,993.4163614535108,0.10356481481481482,6.822059567195258,422205
original,training/flip/0038_000000012.jpg,flip,training,0038,12,1080,1920,3,0.6035653500211813,0.18865991477251473,0.13642455481420965,1026.238267866941,0.10400462962962963,6.833430903216257,424959
original,training/flip/0038_000000014.jpg,flip,training,0038,14,1080,1920,3,0.603869430449649,0.18827887081424885,0.13658488032558702,982.5340045509807,0.10293981481481482,6.80798640561359,423398
original,training/flip/0038_000000017.jpg,flip,training,0038,17,1080,1920,3,0.600163271983176,0.18765799832073943,0.14011730097131445,922.5986173524781,0.10155092592592592,6.787497005537412,397491
original,training/flip/0038_000000018.jpg,flip,training,0038,18,1080,1920,3,0.5974391623547567,0.1899402240898434,0.14261964226276932,892.0508634066358,0.10016975308641975,6.811830066401033,399054
original,training/flip/0038_000000019.jpg,flip,training,0038,19,1080,1920,3,0.5952294087388043,0.19092364742898058,0.1441365646181312,915.8929151213134,0.10082561728395062,6.822159945645325,402695
original,training/flip/0038_000000021.jpg,flip,training,0038,21,1080,1920,3,0.5910150311667877,0.19263089886458862,0.14724706298414428,946.6704422379877,0.10087191358024691,6.8315443328069545,409216
original,training/flip/0038_000000022.jpg,flip,training,0038,22,1080,1920,3,0.589840219150932,0.1922953919107689,0.14785141309610264,960.6898259259259,0.10200617283950618,6.822016128042769,413243
original,training/flip/0038_000000023.jpg,flip,training,0038,23,1080,1920,3,0.5887615589445654,0.19234108092986107,0.14835276340474463,962.6274114149305,0.10289351851851852,6.8067427008066135,416341
original,training/flip/0038_000000024.jpg,flip,training,0038,24,1080,1920,3,0.5880908564814814,0.1922416932960473,0.1485448438634713,972.1101799167785,0.1037962962962963,6.7987728902097855,419955
original,training/flip/0038_000000025.jpg,flip,training,0038,25,1080,1920,3,0.587452360959816,0.19290730591856775,0.14909837206487533,990.7242421543971,0.10362654320987655,6.8009476328723535,423394
original,training/flip/0038_000000027.jpg,flip,training,0038,27,1080,1920,3,0.5857526060578553,0.19372555992769644,0.15027388760288066,939.2215476203489,0.10315586419753087,6.78067119360924,415407
original,training/flip/0038_000000028.jpg,flip,training,0038,28,1080,1920,3,0.5850307299231421,0.19434103188648932,0.1512048686758654,932.7637596564335,0.10255401234567901,6.77820409967441,414340
original,training/flip/0038_000000029.jpg,flip,training,0038,29,1080,1920,3,0.5850102748275235,0.1937460960730899,0.15121494303740016,896.3651965475441,0.10091820987654321,6.771385242803424,407983
original,training/flip/0038_000000030.jpg,flip,training,0038,30,1080,1920,3,0.5846090175653594,0.19360947206976886,0.15167575761014282,878.1985184992284,0.10068672839506172,6.765675498701647,403747
original,training/flip/0038_000000031.jpg,flip,training,0038,31,1080,1920,3,0.5841737888828371,0.19416065039961986,0.15241081911159526,896.8418469206653,0.1,6.764517856397614,406819
original,training/flip/0038_000000033.jpg,flip,training,0038,33,1080,1920,3,0.5820563555283225,0.194043181293687,0.1546837989439603,881.8907373282941,0.09924382716049383,6.747716192595992,404195
original,training/flip/0038_000000034.jpg,flip,training,0038,34,1080,1920,3,0.5803298856965625,0.19303537387753503,0.15642633253146937,758.6517953701322,0.09720679012345679,6.741315151058739,384814
original,training/flip/0038_000000035.jpg,flip,training,0038,35,1080,1920,3,0.5791702523602034,0.19368614218986088,0.1577014172567175,721.183317426781,0.09614197530864198,6.7340522278390935,381484
original,training/flip/0038_000000036.jpg,flip,training,0038,36,1080,1920,3,0.5781871690419995,0.19419604630516882,0.15896861383442268,716.1132022138394,0.09565586419753086,6.722875392781688,377910
original,training/flip/0038_000000037.jpg,flip,training,0038,37,1080,1920,3,0.577732043164488,0.19182542258618732,0.15947068657709998,622.9667728003901,0.09616512345679012,6.698404756253322,360453
original,training/flip/0038_000000038.jpg,flip,training,0038,38,1080,1920,3,0.5790532464143064,0.19007824933699793,0.1598263075677802,531.7256373584796,0.09439043209876544,6.679385163432335,345252
original,training/flip/0038_000000039.jpg,flip,training,0038,39,1080,1920,3,0.5804448302469135,0.18835228990362726,0.16059565820927138,393.80938404486506,0.09237654320987654,6.669988397349076,324590
original,training/flip/0038_000000040.jpg,flip,training,0038,40,1080,1920,3,0.5800189988804163,0.18774992493291803,0.16250693498850158,328.8576872085048,0.09059413580246914,6.66220703280372,306973
original,training/flip/0038_000000041.jpg,flip,training,0038,41,1080,1920,3,0.5791078185518034,0.1883445628177264,0.1643578355725006,299.9707948671601,0.08699074074074074,6.654320644045864,297467
original,training/flip/0038_000000042.jpg,flip,training,0038,42,1080,1920,3,0.5790435483992981,0.18976818929660266,0.16564155357358995,285.07403349045256,0.08631172839506172,6.650697409788229,289676
original,training/flip/0038_000000045.jpg,flip,training,0038,45,1080,1920,3,0.578849701570443,0.19518950837994728,0.167361209452917,356.3700578510803,0.07817901234567902,6.535056646830798,275112
original,training/flip/0038_000000046.jpg,flip,training,0038,46,1080,1920,3,0.5803867102396514,0.19558007975017422,0.16553134834180586,374.64272385973936,0.07596450617283951,6.506647756114885,279087
original,training/flip/0038_000000049.jpg,flip,training,0038,49,1080,1920,3,0.5837460663277657,0.1977166787540083,0.16429749720104092,324.1727958809633,0.06715277777777778,6.554278296552338,273621
original,training/flip/0039_000000008.jpg,flip,training,0039,8,1080,1920,3,0.6119446751694505,0.19189373479469635,0.12012827932098766,597.6267702331367,0.10371913580246914,6.76200544639276,368900
original,training/flip/0039_000000010.jpg,flip,training,0039,10,1080,1920,3,0.607280943627451,0.19169637139792617,0.12293067091805858,606.4097724665041,0.10594135802469136,6.786010844380973,380939
original,training/flip/0039_000000011.jpg,flip,training,0039,11,1080,1920,3,0.6043837959180586,0.19141218280909827,0.1253154975338901,655.0774575302331,0.10887345679012346,6.790346294077508,389826
original,training/flip/0039_000000012.jpg,flip,training,0039,12,1080,1920,3,0.6009677230846042,0.19174070138475002,0.12948895924110385,627.8377571772953,0.10919753086419753,6.801033584815487,390274
original,training/flip/0039_000000013.jpg,flip,training,0039,13,1080,1920,3,0.5974089676379811,0.19249685478381062,0.13344547514221738,634.17630409802,0.10865740740740741,6.793660743053028,388325
original,training/flip/0039_000000014.jpg,flip,training,0039,14,1080,1920,3,0.5941884229000243,0.1908033446364486,0.1369060079278625,576.9170235334147,0.10106481481481482,6.763658326277415,370557
original,training/flip/0039_000000015.jpg,flip,training,0039,15,1080,1920,3,0.5927432465656015,0.1900888983663198,0.14039748812333575,537.6383333732829,0.09883487654320988,6.768534921203692,363969
original,training/flip/0039_000000016.jpg,flip,training,0039,16,1080,1920,3,0.5902785474915274,0.18813894592564245,0.14456740763435003,544.2379327174186,0.09820987654320988,6.755865397723971,364184
original,training/flip/0039_000000017.jpg,flip,training,0039,17,1080,1920,3,0.589115735067175,0.1846639939086479,0.14792081593439846,607.0519260971556,0.10316358024691358,6.698827180501758,379185
original,training/flip/0039_000000018.jpg,flip,training,0039,18,1080,1920,3,0.5906651688453158,0.1800843383343505,0.14941010802469135,624.5667434412986,0.10511574074074075,6.639359949350046,382804
original,training/flip/0039_000000019.jpg,flip,training,0039,19,1080,1920,3,0.5895846117768095,0.17772516811347006,0.15245238365407893,630.6108030406356,0.09809413580246913,6.587877404085182,374510
original,training/flip/0039_000000020.jpg,flip,training,0039,20,1080,1920,3,0.5914728841382232,0.1775645185780184,0.15526952463083998,594.4728713953665,0.08935185185185185,6.5405140482281885,357867
original,training/flip/0039_000000021.jpg,flip,training,0039,21,1080,1920,3,0.5970766271786492,0.17778240130370843,0.15465744144880175,525.5854437513693,0.08000771604938271,6.512196406374238,332355
original,training/flip/0039_000000022.jpg,flip,training,0039,22,1080,1920,3,0.6001500166424595,0.17913928984078065,0.1545153904926168,467.8793030906469,0.07331018518518519,6.530790390195218,311245
original,training/flip/0039_000000023.jpg,flip,training,0039,23,1080,1920,3,0.6003319414185427,0.18205226173226002,0.15613114447167756,454.04856438019164,0.0682253086419753,6.54622426704948,303434
original,training/flip/0039_000000024.jpg,flip,training,0039,24,1080,1920,3,0.59920411976519,0.18406484550963711,0.15726907831033649,481.3963556048525,0.06876543209876543,6.5611841791008665,312340
original,training/flip/0039_000000025.jpg,flip,training,0039,25,1080,1920,3,0.5991827587902445,0.18528391103964797,0.15769881876361655,485.02800535783183,0.0697608024691358,6.565289232306477,316127
original,training/flip/0039_000000026.jpg,flip,training,0039,26,1080,1920,3,0.599665887496974,0.1866603067239323,0.15734062386528685,495.40910833333334,0.07162808641975309,6.534571402805826,302921
original,training/flip/0039_000000027.jpg,flip,training,0039,27,1080,1920,3,0.5991920501997096,0.18794510622410227,0.15561845270515615,521.4451659735915,0.07665123456790124,6.532978436601885,318516
original,training/flip/0039_000000028.jpg,flip,training,0039,28,1080,1920,3,0.5978664272421932,0.18923891652960775,0.1566004939784556,604.3855002855415,0.0792361111111111,6.547675984169997,335487
original,training/flip/0040_000000006.jpg,flip,training,0040,6,1080,1920,3,0.6242727528897362,0.17606731952339386,0.1115458859083757,457.68339154610334,0.07926697530864198,6.600307857878577,306146
original,training/flip/0040_000000008.jpg,flip,training,0040,8,1080,1920,3,0.6227947360657226,0.177673349316679,0.11433092017671266,402.39341735253777,0.07618055555555556,6.649880973341539,285306
original,training/flip/0040_000000009.jpg,flip,training,0040,9,1080,1920,3,0.6209467365649964,0.17837872029361704,0.11491283322742676,405.241148726316,0.0753317901234568,6.670185381995308,287365
original,training/flip/0040_000000010.jpg,flip,training,0040,10,1080,1920,3,0.6155283980876302,0.17866384626335965,0.11787783867404987,439.22629385996566,0.07868827160493827,6.723810840849078,293463
original,training/flip/0040_000000011.jpg,flip,training,0040,11,1080,1920,3,0.6134675188362382,0.17901197408888192,0.11961619462599854,421.369870455866,0.07818672839506173,6.737447912601841,297535
original,training/flip/0040_000000012.jpg,flip,training,0040,12,1080,1920,3,0.6126058611716292,0.17873552277777705,0.12086576154381505,405.0644537007864,0.07883487654320988,6.73284602042715,298132
original,training/flip/0040_000000013.jpg,flip,training,0040,13,1080,1920,3,0.60821284760046,0.17830230451288362,0.1236505405016945,413.16128800844956,0.08063271604938271,6.734542471493285,296164
original,training/flip/0040_000000014.jpg,flip,training,0040,14,1080,1920,3,0.6055563574195111,0.17905999419906235,0.12649564837509078,409.343434515925,0.07926697530864198,6.740371684118594,296477
original,training/flip/0040_000000015.jpg,flip,training,0040,15,1080,1920,3,0.6006018253752118,0.18096703617017992,0.13000396204006295,381.5431013943663,0.07616512345679012,6.749289618387323,292417
original,training/flip/0040_000000016.jpg,flip,training,0040,16,1080,1920,3,0.5932986508260712,0.18299358464782386,0.1347913262527233,376.1233013069059,0.0748996913580247,6.767751053888095,284684
original,training/flip/0040_000000017.jpg,flip,training,0040,17,1080,1920,3,0.5859321555010893,0.18489942381399396,0.13982259516460904,406.7115494850608,0.07442901234567902,6.766623719699857,282210
original,training/flip/0040_000000018.jpg,flip,training,0040,18,1080,1920,3,0.5783880340716533,0.18656589471312968,0.14256381815843622,428.08594410127074,0.07726851851851851,6.750318783207085,291116
original,training/flip/0040_000000019.jpg,flip,training,0040,19,1080,1920,3,0.57032122783527,0.18774927569546512,0.14820392686395548,403.1399446956923,0.07617283950617285,6.73412060337934,289764
original,training/flip/0040_000000020.jpg,flip,training,0040,20,1080,1920,3,0.5645912990196078,0.18996603624698297,0.15296627065177923,413.4774674554183,0.07335648148148148,6.729480819069874,290402
original,training/flip/0040_000000021.jpg,flip,training,0040,21,1080,1920,3,0.5636530217411039,0.1898632701228573,0.1556600815480513,372.3465207283093,0.07130401234567901,6.7444920604367455,286938
original,training/flip/0040_000000022.jpg,flip,training,0040,22,1080,1920,3,0.5633829259713145,0.18972313858038886,0.1576902705912612,453.937236623371,0.07445216049382716,6.741359805326019,303148
original,training/flip/0040_000000023.jpg,flip,training,0040,23,1080,1920,3,0.5643604964748244,0.19232566136734452,0.15910853909465023,440.1830748340097,0.07419753086419753,6.689034597945351,300037
original,training/flip/0040_000000026.jpg,flip,training,0040,26,1080,1920,3,0.5558887338114258,0.2063244290837508,0.16868450813967562,390.5798805203094,0.06146604938271605,6.675851197703075,289712
original,training/flip/0040_000000027.jpg,flip,training,0040,27,1080,1920,3,0.5519677873850157,0.21083269357131698,0.17228688006838538,413.400621013315,0.06016975308641975,6.718674320331123,291129
original,training/flip/0040_000000029.jpg,flip,training,0040,29,1080,1920,3,0.5464789813301864,0.21510736317496332,0.17851119016279351,517.2868157900377,0.06998456790123457,6.777608414233003,311711
original,training/flip/0040_000000030.jpg,flip,training,0040,30,1080,1920,3,0.544626096889373,0.21550569321911964,0.1818237639191479,488.750885339268,0.06892746913580247,6.794796256894481,315643
original,training/flip/0041_000000011.jpg,flip,training,0041,11,1080,1920,3,0.5972538447863713,0.19745939685173494,0.13481445170660858,58.18555598398682,0.013726851851851851,6.2366667664086215,151201
original,training/flip/0041_000000012.jpg,flip,training,0041,12,1080,1920,3,0.6001829252148391,0.19747221444669477,0.1314396767580489,63.1941546103395,0.014012345679012345,6.2507909485882855,150392
original,training/flip/0041_000000013.jpg,flip,training,0041,13,1080,1920,3,0.5995598409888646,0.19786522508404894,0.1316399593016219,66.70984375,0.01408179012345679,6.2939803896650215,152875
original,training/flip/0041_000000014.jpg,flip,training,0041,14,1080,1920,3,0.5971185605029049,0.19947812304665313,0.1349001376785282,79.35079530940405,0.014753086419753087,6.332835435945269,156356
original,training/flip/0041_000000016.jpg,flip,training,0041,16,1080,1920,3,0.59170601662733,0.1984399136599014,0.13645117518458003,107.26190292042943,0.01720679012345679,6.292755295631519,161953
original,training/flip/0041_000000017.jpg,flip,training,0041,17,1080,1920,3,0.5909338727003146,0.1980047467935946,0.13594587040062941,112.21740911202322,0.017037037037037038,6.260666070986746,163753
original,training/flip/0041_000000020.jpg,flip,training,0041,20,1080,1920,3,0.5756906771968047,0.19559805191068635,0.15661450768579036,116.64551736676715,0.01739969135802469,6.2519162595755855,177335
original,training/flip/0041_000000023.jpg,flip,training,0041,23,1080,1920,3,0.5581686826736867,0.19715085360396134,0.1826636748063423,130.84539423147913,0.0176929012345679,6.430398703900716,186505
original,training/flip/0041_000000024.jpg,flip,training,0041,24,1080,1920,3,0.5526155743161463,0.19837315945143413,0.19342504463205035,132.94506641422802,0.01757716049382716,6.530324919145031,187021
original,training/flip/0041_000000025.jpg,flip,training,0041,25,1080,1920,3,0.55809185313786,0.19917504077621712,0.19003024010530137,131.79644906687005,0.018287037037037036,6.429273614107177,187426
original,training/flip/0041_000000026.jpg,flip,training,0041,26,1080,1920,3,0.5619194750816994,0.20153105811416247,0.1894511884229,130.73348519655684,0.018024691358024692,6.3995310207824865,187702
original,training/flip/0041_000000028.jpg,flip,training,0041,28,1080,1920,3,0.5650355940601549,0.20794883789943014,0.18964857366557736,153.56354676491532,0.019390432098765432,6.3183890744156805,196377
original,training/flip/0041_000000029.jpg,flip,training,0041,29,1080,1920,3,0.5647346000514404,0.20923375646208453,0.18980495226640037,156.5449673637307,0.023040123456790122,6.2631055573584655,198928
original,training/flip/0042_000000001.jpg,flip,training,0042,1,1080,1920,3,0.5941707175925925,0.19457948227857627,0.15033475361595255,129.07216317634507,0.017322530864197532,6.348134173393641,165346
original,training/flip/0042_000000003.jpg,flip,training,0042,3,1080,1920,3,0.598366001724764,0.19405740325898382,0.1441111186758654,127.43628494513031,0.01724537037037037,6.321998405926427,166937
original,training/flip/0042_000000005.jpg,flip,training,0042,5,1080,1920,3,0.6012465277777779,0.1939479667107448,0.1405898295660857,133.9289012702308,0.01617283950617284,6.392018258574558,169039
original,training/flip/0042_000000007.jpg,flip,training,0042,7,1080,1920,3,0.602323803634108,0.1947011950232505,0.13962983576918422,124.95231500479873,0.01593364197530864,6.437361432622307,169876
original,training/flip/0042_000000008.jpg,flip,training,0042,8,1080,1920,3,0.6027488009864439,0.19536035947557112,0.13914201313241345,125.55625647767108,0.01572530864197531,6.458586214327559,171411
original,training/flip/0042_000000009.jpg,flip,training,0042,9,1080,1920,3,0.6037576820079884,0.19579392903204684,0.13871232752360202,126.8486953551288,0.016489197530864197,6.462595911846641,171484
original,training/flip/0042_000000010.jpg,flip,training,0042,10,1080,1920,3,0.604181446305374,0.1963204519336221,0.13886453038005325,126.92319529582953,0.017106481481481483,6.468480530878153,171893
original,training/flip/0042_000000013.jpg,flip,training,0042,13,1080,1920,3,0.6061515787642217,0.19646123721309383,0.13803911734446866,120.86650548601587,0.016442901234567903,6.496265935826971,171692
original,training/flip/0042_000000014.jpg,flip,training,0042,14,1080,1920,3,0.6023767020697167,0.1946909047646285,0.1391197897754781,124.8098829598551,0.01628858024691358,6.519804490215846,172807
original,training/flip/0042_000000015.jpg,flip,training,0042,15,1080,1920,3,0.6008474075587025,0.19323923931054054,0.13935069255325588,118.96189967206791,0.01492283950617284,6.512630731038446,172053
original,training/flip/0042_000000016.jpg,flip,training,0042,16,1080,1920,3,0.5962190639373033,0.19063530457581437,0.14305874977305735,117.16071120535884,0.015200617283950618,6.514005639039038,172198
original,training/flip/0042_000000017.jpg,flip,training,0042,17,1080,1920,3,0.5852281473160252,0.18822090208895975,0.15142931115347372,124.15191886121589,0.015555555555555555,6.529983356534671,177060
original,training/flip/0042_000000018.jpg,flip,training,0042,18,1080,1920,3,0.5807988115771,0.18819083455818475,0.15607412891854272,128.2003969190577,0.015910493827160494,6.479555441382919,181689
original,training/flip/0042_000000019.jpg,flip,training,0042,19,1080,1920,3,0.5778071649570321,0.18952355282793212,0.16056734522512708,135.56566789528085,0.016936728395061728,6.506285100432922,187045
original,training/flip/0042_000000020.jpg,flip,training,0042,20,1080,1920,3,0.573881413020455,0.1911738582605706,0.16639052665819412,151.18668163431403,0.018132716049382717,6.515793541292606,191884
original,training/flip/0042_000000021.jpg,flip,training,0042,21,1080,1920,3,0.5678924348674655,0.1920469013945703,0.17380431682703945,174.09238270884535,0.019382716049382714,6.498545934668634,194397
original,training/flip/0042_000000022.jpg,flip,training,0042,22,1080,1920,3,0.5619645458877995,0.19239680727108924,0.1833924934943113,192.57519499689218,0.019776234567901233,6.481671409205684,199072
original,training/flip/0042_000000023.jpg,flip,training,0042,23,1080,1920,3,0.5564234333393852,0.19319836958748832,0.18932278617465506,201.9758510368441,0.021041666666666667,6.476736308496902,199743
original,training/flip/0042_000000024.jpg,flip,training,0042,24,1080,1920,3,0.5547834154109175,0.1944552496485017,0.19202874606632778,200.90134528600584,0.023726851851851853,6.4293972487959214,206305
original,training/flip/0042_000000025.jpg,flip,training,0042,25,1080,1920,3,0.557895315147664,0.19592708438043063,0.19067868706124425,216.7048218792867,0.02861111111111111,6.44388254269904,210126
original,training/flip/0042_000000026.jpg,flip,training,0042,26,1080,1920,3,0.5590174083908255,0.19688916047342037,0.18952673951525054,235.22700474102416,0.031774691358024694,6.457627717956228,216223
original,training/flip/0042_000000028.jpg,flip,training,0042,28,1080,1920,3,0.5588899309337932,0.2002729584612753,0.18874726723251029,252.35053431260476,0.03397376543209876,6.442846399762488,221273
original,training/flip/0042_000000029.jpg,flip,training,0042,29,1080,1920,3,0.5573388726246671,0.2025171858955486,0.18853512315419996,289.02256342378263,0.03445987654320987,6.436731611544202,225741
original,training/flip/0042_000000030.jpg,flip,training,0042,30,1080,1920,3,0.5569366792241588,0.20385993669718452,0.1878469461086904,296.4666807598285,0.034915123456790126,6.406784321560407,229115
original,training/flip/0043_000000016.jpg,flip,training,0043,16,1080,1920,3,0.610604365241467,0.17507275474699596,0.11809233728213507,330.3372750912113,0.035339506172839506,6.2917506653377755,221900
original,training/flip/0043_000000017.jpg,flip,training,0043,17,1080,1920,3,0.6024733210027838,0.17827393990238297,0.1313000351761075,333.1024994046258,0.03783179012345679,6.406402889568738,231465
original,training/flip/0043_000000018.jpg,flip,training,0043,18,1080,1920,3,0.5910367098614137,0.17863232081267838,0.1442530939845074,345.835954252341,0.03640432098765432,6.411819249066685,233977
original,training/flip/0043_000000019.jpg,flip,training,0043,19,1080,1920,3,0.5805777618917938,0.17963634998549888,0.15870121868191722,383.2986456975285,0.04027777777777778,6.432017021798817,250300
original,training/flip/0043_000000020.jpg,flip,training,0043,20,1080,1920,3,0.5744015220285644,0.1807520667623114,0.1676999969740983,401.45940096016,0.04346450617283951,6.485088813858266,262492
original,training/flip/0043_000000021.jpg,flip,training,0043,21,1080,1920,3,0.5725875109688937,0.1835123316222568,0.17085205231784073,432.07623158055173,0.04727623456790123,6.518750725438128,275658
original,training/flip/0043_000000022.jpg,flip,training,0043,22,1080,1920,3,0.5725747738138465,0.18777962396962328,0.16965554269547325,457.0549189983902,0.05249228395061729,6.511019857573638,283838
original,training/flip/0043_000000024.jpg,flip,training,0043,24,1080,1920,3,0.5742387020394577,0.18956546071873687,0.17005024320685064,317.22481213896515,0.04125771604938271,6.362124948692776,250705
original,training/flip/0044_000000004.jpg,flip,training,0044,4,1080,1920,3,0.6088950825314694,0.1858911028171279,0.12309273064935851,138.53252448410825,0.036828703703703704,6.4246276737023535,187537
original,training/flip/0044_000000005.jpg,flip,training,0044,5,1080,1920,3,0.6093183343167514,0.1853694237700555,0.1228227010711692,135.49972357872275,0.03593364197530864,6.427197358706011,189562
original,training/flip/0044_000000006.jpg,flip,training,0044,6,1080,1920,3,0.6094672162460663,0.18519145869958156,0.12274993759077704,136.41474641608556,0.03551697530864197,6.4264792390386045,189661
original,training/flip/0044_000000008.jpg,flip,training,0044,8,1080,1920,3,0.6094973788126362,0.18688198247031348,0.12380207387739045,133.6016363147291,0.03537037037037037,6.474427410305239,189872
original,training/flip/0044_000000009.jpg,flip,training,0044,9,1080,1920,3,0.6093887810911401,0.18760080607628413,0.1242836385711692,135.4657417609739,0.03470679012345679,6.490043253102724,191170
original,training/flip/0044_000000010.jpg,flip,training,0044,10,1080,1920,3,0.6092181277989591,0.18821396697067788,0.12430009380295329,137.91383303231214,0.03404320987654321,6.500693600208379,192035
original,training/flip/0044_000000011.jpg,flip,training,0044,11,1080,1920,3,0.6094742968560881,0.18853465371163877,0.12472299571834908,132.44719635910826,0.03376543209876543,6.49977914979689,191717
original,training/flip/0044_000000012.jpg,flip,training,0044,12,1080,1920,3,0.610691847842532,0.18865627323784306,0.12378618789336722,130.80926132967298,0.033796296296296297,6.520597008810654,192979
original,training/flip/0044_000000013.jpg,flip,training,0044,13,1080,1920,3,0.6117248547567175,0.188543367961475,0.1235255121338659,126.63474000718021,0.03425154320987654,6.556721528984574,194197
original,training/flip/0044_000000014.jpg,flip,training,0044,14,1080,1920,3,0.6124654555495038,0.18852470650843436,0.12322901537158074,120.9611395280826,0.033587962962962965,6.588928436650054,193946
original,training/flip/0044_000000016.jpg,flip,training,0044,16,1080,1920,3,0.6125478584180586,0.18887160204700165,0.12432183490680222,110.23375524310319,0.03510030864197531,6.603532675721254,192892
original,training/flip/0044_000000017.jpg,flip,training,0044,17,1080,1920,3,0.6057743849854756,0.1870878094420849,0.1276961332758412,106.26266577449844,0.0344212962962963,6.647963482997732,193386
original,training/flip/0044_000000018.jpg,flip,training,0044,18,1080,1920,3,0.6002215187000726,0.18655155142370475,0.13441629410251754,99.85254075193379,0.03460648148148148,6.663635284184206,190790
original,training/flip/0044_000000019.jpg,flip,training,0044,19,1080,1920,3,0.5910170074588478,0.18466383324902352,0.14336965550108932,101.70170342024605,0.032885802469135805,6.675245693459808,195148
original,training/flip/0044_000000020.jpg,flip,training,0044,20,1080,1920,3,0.5765018855150085,0.18530243282503772,0.16019419669874121,104.32296633510279,0.031226851851851853,6.657318062988963,196466
original,training/flip/0044_000000021.jpg,flip,training,0044,21,1080,1920,3,0.5668788296568628,0.18717082049638614,0.17105463454671993,109.89221510339269,0.032970679012345676,6.684984455446655,204710
original,training/flip/0044_000000022.jpg,flip,training,0044,22,1080,1920,3,0.5605623657256112,0.18768252161884083,0.1788687212539337,115.02293154143567,0.034089506172839505,6.692125758838071,205115
original,training/flip/0044_000000023.jpg,flip,training,0044,23,1080,1920,3,0.5613613361625515,0.18690444682339774,0.1778293618373275,109.3287354894809,0.03145833333333333,6.600611413528019,200935
original,training/flip/0044_000000026.jpg,flip,training,0044,26,1080,1920,3,0.5697587013586299,0.18928443641886503,0.16257744606330188,114.98365549244589,0.032183641975308645,6.484583407386357,198910
original,training/flip/0044_000000027.jpg,flip,training,0044,27,1080,1920,3,0.5686788648329703,0.19002992205489863,0.16385229817235536,118.58551611796985,0.033040123456790124,6.4907220363437315,201026
original,training/flip/0044_000000028.jpg,flip,training,0044,28,1080,1920,3,0.5677085224521907,0.1904760790662345,0.1654280667513919,120.12546199125276,0.032476851851851854,6.49650882586974,203444
original,training/flip/0044_000000029.jpg,flip,training,0044,29,1080,1920,3,0.5683525667211329,0.19076684669388394,0.16524290047809248,119.66859411651235,0.03285493827160494,6.4710881119319374,203798
original,training/flip/0045_000000007.jpg,flip,training,0045,7,1080,1920,3,0.5997605358115469,0.17391140527275592,0.13035603705216656,249.86572465224197,0.0470679012345679,6.077504544364624,234400
original,training/flip/0045_000000008.jpg,flip,training,0045,8,1080,1920,3,0.5995633907498183,0.1734248834070932,0.129717386453038,256.9749658945259,0.047060185185185184,6.094959720365556,235714
original,training/flip/0045_000000009.jpg,flip,training,0045,9,1080,1920,3,0.6006295218318809,0.1714966280406902,0.12697152815601548,263.25959805759175,0.04983024691358025,6.092787556351119,237664
original,training/flip/0045_000000010.jpg,flip,training,0045,10,1080,1920,3,0.6029220811395546,0.16959673337057576,0.12392054549443234,250.04224354370285,0.04820987654320988,6.122260495415308,233152
original,training/flip/0045_000000011.jpg,flip,training,0045,11,1080,1920,3,0.6060192731027596,0.1681122790850346,0.12097302597736626,241.52456437179686,0.04709876543209877,6.1585616957415725,229802
original,training/flip/0045_000000012.jpg,flip,training,0045,12,1080,1920,3,0.6090290505476882,0.16807014851742372,0.11958515833030743,233.19439052640604,0.04510802469135802,6.2201091353534785,229687
original,training/flip/0045_000000013.jpg,flip,training,0045,13,1080,1920,3,0.608828418134229,0.16955618717952303,0.12049361156499637,224.1967569720698,0.04343364197530864,6.26015460181111,230515
original,training/flip/0045_000000014.jpg,flip,training,0045,14,1080,1920,3,0.6047752700617284,0.17032707424521568,0.12445279971556525,264.2609564983901,0.04630401234567901,6.273921552959724,240668
original,training/flip/0045_000000015.jpg,flip,training,0045,15,1080,1920,3,0.60237009236565,0.17094361917061382,0.1273822697288792,260.3006621682575,0.04839506172839506,6.289220886351572,240603
original,training/flip/0045_000000016.jpg,flip,training,0045,16,1080,1920,3,0.5968009107964173,0.17192369026345286,0.13221849468954247,255.22604634178285,0.0470679012345679,6.315929150941759,239154
original,training/flip/0045_000000017.jpg,flip,training,0045,17,1080,1920,3,0.5890759368948197,0.1718837344165385,0.13853377473674652,263.6218381243689,0.05060185185185185,6.27961176467211,242477
original,training/flip/0045_000000018.jpg,flip,training,0045,18,1080,1920,3,0.5840082607116921,0.17181893830680497,0.1450098871338659,260.1111526860902,0.05073302469135803,6.277196097759607,243646
original,training/flip/0045_000000019.jpg,flip,training,0045,19,1080,1920,3,0.5814163281439119,0.1737021634032388,0.1498567954187848,254.90912517950534,0.04861111111111111,6.305871876797748,244446
original,training/flip/0045_000000020.jpg,flip,training,0045,20,1080,1920,3,0.5789884107964174,0.17326357597520312,0.1539824195110143,243.5255676439734,0.046828703703703706,6.326728423055422,242489
original,training/flip/0045_000000021.jpg,flip,training,0045,21,1080,1920,3,0.577096934761559,0.17319427173620086,0.15860720013313967,237.01477606214755,0.04412037037037037,6.356283970633854,239342
original,training/flip/0045_000000022.jpg,flip,training,0045,22,1080,1920,3,0.5759551239863229,0.17066370251614985,0.16285343666787702,224.21057561514058,0.04349537037037037,6.361879403141813,235712
original,training/flip/0045_000000023.jpg,flip,training,0045,23,1080,1920,3,0.5735387164124909,0.16921325874949777,0.16879147565662067,237.06633085562413,0.04435956790123457,6.370847326500186,237939
original,training/flip/0045_000000024.jpg,flip,training,0045,24,1080,1920,3,0.5714760688997822,0.16887934565207366,0.1727099711026386,244.70805301777312,0.03984567901234568,6.374352441710038,238283
original,training/flip/0045_000000025.jpg,flip,training,0045,25,1080,1920,3,0.5714772735869039,0.16927848472464252,0.173969807174413,282.37869753032834,0.04274691358024691,6.402206834937223,249626
original,training/flip/0045_000000026.jpg,flip,training,0045,26,1080,1920,3,0.5727132201646091,0.17039060700772563,0.17388033315177923,326.1015486337354,0.04574074074074074,6.4368651944136115,258672
original,training/flip/0045_000000028.jpg,flip,training,0045,28,1080,1920,3,0.5753003320927137,0.17637140262115758,0.17084079974582425,388.9689792943149,0.04753858024691358,6.425549997355201,272515
original,training/flip/0045_000000029.jpg,flip,training,0045,29,1080,1920,3,0.5743976469831761,0.17934492645398523,0.17137013586298716,402.5172514136564,0.05074074074074074,6.411485184439675,280285
original,training/flip/0045_000000030.jpg,flip,training,0045,30,1080,1920,3,0.5759461351670299,0.18154909008007566,0.16954773738198983,402.5340055438862,0.053989197530864196,6.386203988992509,284262
original,training/flip/0046_000000007.jpg,flip,training,0046,7,1080,1920,3,0.6153866156802227,0.18077222994679396,0.12112334331880902,470.43350423900466,0.05675925925925926,6.372642118034626,286940
original,training/flip/0046_000000008.jpg,flip,training,0046,8,1080,1920,3,0.6159231572258533,0.1811958445725794,0.12262485626966836,450.6573948254244,0.05487654320987655,6.39003761893223,282311
original,training/flip/0046_000000009.jpg,flip,training,0046,9,1080,1920,3,0.6174760405319535,0.179358781743678,0.12267995983115468,347.35358126714675,0.05212191358024691,6.386532847292841,258019
original,training/flip/0046_000000011.jpg,flip,training,0046,11,1080,1920,3,0.6141360350853304,0.17844763344884337,0.12505559148813847,311.66510878623444,0.049166666666666664,6.42430684269273,247473
original,training/flip/0046_000000014.jpg,flip,training,0046,14,1080,1920,3,0.5928221393881627,0.17691949981978697,0.14388683884047446,392.6647380353009,0.05263888888888889,6.584420725265961,276747
original,training/flip/0046_000000015.jpg,flip,training,0046,15,1080,1920,3,0.5854118214415396,0.17817123449754865,0.15186052862503024,438.295061534958,0.054483024691358024,6.576600204222719,287713
original,training/flip/0046_000000017.jpg,flip,training,0046,17,1080,1920,3,0.5774012780652383,0.18087577280574577,0.16066038035584604,404.7814774076337,0.048109567901234565,6.517827238177045,278209
original,training/flip/0046_000000020.jpg,flip,training,0046,20,1080,1920,3,0.5754576146816751,0.18497818634157148,0.1645667513919148,357.1971731993503,0.060223765432098765,6.404411922722751,270391
original,training/flip/0046_000000021.jpg,flip,training,0046,21,1080,1920,3,0.5728750624092229,0.18784499821912934,0.16609778957879448,348.48228648542283,0.06257716049382717,6.459274769710659,272056
original,training/flip/0046_000000022.jpg,flip,training,0046,22,1080,1920,3,0.5703175248880417,0.19023188147436132,0.16794917808944565,359.84810046576126,0.06576388888888889,6.4973280772082225,280225
original,training/flip/0046_000000024.jpg,flip,training,0046,24,1080,1920,3,0.570784283466473,0.1920873370534065,0.17057007421023965,437.55769405483164,0.07150462962962963,6.574292178723031,315116
original,training/flip/0046_000000026.jpg,flip,training,0046,26,1080,1920,3,0.5692219461086904,0.19531578129640778,0.17230958378721858,551.7858609374999,0.07513117283950617,6.650638958612087,347709
original,training/flip/0046_000000027.jpg,flip,training,0046,27,1080,1920,3,0.5687451264070442,0.19509772939997563,0.17321274547627694,523.1296970802255,0.07608024691358024,6.648977502006845,345003
original,training/flip/0047_000000006.jpg,flip,training,0047,6,1080,1920,3,0.6080000813211087,0.18534269312864762,0.12353314875332849,615.0866743778935,0.07986882716049383,6.392715050978767,338793
original,training/flip/0047_000000007.jpg,flip,training,0047,7,1080,1920,3,0.604844043134229,0.18325960117348267,0.12339498040728637,687.6488120370369,0.0826003086419753,6.405425605656264,353649
original,training/flip/0047_000000008.jpg,flip,training,0047,8,1080,1920,3,0.6055667362624062,0.1810450433274054,0.12171410145848462,710.5923057436343,0.08747685185185185,6.424845871124763,361659
original,training/flip/0047_000000009.jpg,flip,training,0047,9,1080,1920,3,0.6054303040274751,0.18002473917775555,0.1221050574164851,726.9288724907955,0.08537808641975309,6.449818584602955,364740
original,training/flip/0047_000000011.jpg,flip,training,0047,11,1080,1920,3,0.6004122791091745,0.1828762580509092,0.127309684020213,699.7641500226241,0.08445216049382716,6.516833621521988,357243
original,training/flip/0047_000000012.jpg,flip,training,0047,12,1080,1920,3,0.5979690715020577,0.18564860249718476,0.12775400553740013,657.2283135857244,0.0853395061728395,6.541535167711077,348618
original,training/flip/0047_000000013.jpg,flip,training,0047,13,1080,1920,3,0.6013287680041153,0.18212521852960817,0.12688801326857901,594.4979012343298,0.08215277777777778,6.542638371077684,335602
original,training/flip/0047_000000014.jpg,flip,training,0047,14,1080,1920,3,0.5975416458635924,0.18701398953197546,0.13130102048535464,596.2650023528594,0.08210648148148147,6.614610443124361,339081
original,training/flip/0047_000000016.jpg,flip,training,0047,16,1080,1920,3,0.5834163640764948,0.192896247062374,0.1493591026688453,643.1157251333639,0.08290123456790123,6.629776059622027,350943
original,training/flip/0047_000000017.jpg,flip,training,0047,17,1080,1920,3,0.5752585595194868,0.1965247171713341,0.15909957296961996,679.5992474163141,0.08134259259259259,6.641552544151792,355648
original,training/flip/0047_000000018.jpg,flip,training,0047,18,1080,1920,3,0.5703483058732752,0.198517217641778,0.1649587021151053,640.8374320982296,0.0759567901234568,6.655420158509887,344972
original,training/flip/0047_000000019.jpg,flip,training,0047,19,1080,1920,3,0.5695850883563301,0.19628318278418547,0.16867758260711693,542.2366445127934,0.07425154320987655,6.65711249276683,331929
original,training/flip/0047_000000020.jpg,flip,training,0047,20,1080,1920,3,0.5659439205852094,0.1972783257959781,0.17389220603364802,550.4517868846212,0.07268518518518519,6.696024348645918,332293
original,training/flip/0047_000000022.jpg,flip,training,0047,22,1080,1920,3,0.5537486742768095,0.20654046674651216,0.1851639074225369,525.290244984568,0.06682870370370371,6.735145628031205,319450
original,training/flip/0047_000000023.jpg,flip,training,0047,23,1080,1920,3,0.5538936509017187,0.20788255655421292,0.1871036655016945,472.1738750569177,0.060717592592592594,6.730778681732978,301921
original,training/flip/0047_000000024.jpg,flip,training,0047,24,1080,1920,3,0.5532514202826192,0.20905119988768286,0.19093486557431613,440.3891171315348,0.06131944444444445,6.789881725670336,292979
original,training/flip/0047_000000025.jpg,flip,training,0047,25,1080,1920,3,0.5526783107147181,0.20949082976050024,0.19307455821834907,400.56297964868156,0.05763888888888889,6.805289770286812,285616
original,training/flip/0047_000000027.jpg,flip,training,0047,27,1080,1920,3,0.5489047597434036,0.21470255700461474,0.19482131293875576,565.9162478128333,0.0664429012345679,6.824120153861102,322659
original,training/flip/0047_000000028.jpg,flip,training,0047,28,1080,1920,3,0.5483518934580005,0.21431920053147172,0.1968776022754781,520.8217259558731,0.06780092592592593,6.82112608987415,318639
original,training/flip/0047_000000029.jpg,flip,training,0047,29,1080,1920,3,0.5474697107237957,0.21386362391261526,0.19842455292302105,471.26719782712235,0.06670524691358025,6.8090407272327536,309286
original,training/flip/0047_000000030.jpg,flip,training,0047,30,1080,1920,3,0.5466260987805616,0.21468604257270657,0.19740081850641492,453.2345587547987,0.06275462962962963,6.846643843344891,305304
original,training/flip/0048_000000009.jpg,flip,training,0048,9,1080,1920,3,0.5894475762527233,0.21904400731144563,0.15599278700677804,668.5144112930575,0.0802391975308642,6.914500280810998,349427
original,training/flip/0048_000000012.jpg,flip,training,0048,12,1080,1920,3,0.5899690185487775,0.2209502621159036,0.1560869417211329,669.7225045257965,0.08094907407407408,6.982722482248775,363354
original,training/flip/0048_000000013.jpg,flip,training,0048,13,1080,1920,3,0.5909229397391672,0.2222809428532991,0.15651265394274994,640.5032175925926,0.07755401234567902,7.000533900913613,355096
original,training/flip/0048_000000014.jpg,flip,training,0048,14,1080,1920,3,0.5912118358145727,0.22328962658371543,0.15580017890643913,627.4778387152778,0.07743827160493827,7.013142165395322,354796
original,training/flip/0048_000000015.jpg,flip,training,0048,15,1080,1920,3,0.5910082399086177,0.22358579374978954,0.15510613350278382,598.2844624904741,0.07379629629629629,7.00033123261049,346346
original,training/flip/0048_000000016.jpg,flip,training,0048,16,1080,1920,3,0.5901691857298474,0.2228986705830813,0.15502306682703948,563.6278020046843,0.07155864197530865,7.012739996328681,341915
original,training/flip/0048_000000017.jpg,flip,training,0048,17,1080,1920,3,0.5888174151991044,0.22006471962637042,0.15755983342411037,516.1934703645953,0.06983024691358025,7.0310651309340955,323931
original,training/flip/0048_000000018.jpg,flip,training,0048,18,1080,1920,3,0.5847242874001453,0.21952134005329246,0.16091601231542,508.12146154781806,0.07036265432098765,7.054407825205622,306876
original,training/flip/0048_000000019.jpg,flip,training,0048,19,1080,1920,3,0.5812159302378359,0.22027748423950455,0.16116232449770032,523.0982226327923,0.07243055555555555,7.071139911324131,311427
original,training/flip/0048_000000020.jpg,flip,training,0048,20,1080,1920,3,0.5765128033466473,0.21703970093760458,0.16298941501755024,504.29870778743475,0.07441358024691358,7.039823368510737,313431
original,training/flip/0048_000000021.jpg,flip,training,0048,21,1080,1920,3,0.5759422336450012,0.21195010284278865,0.1649004308127572,488.66460330450525,0.07195987654320987,6.976319006038325,314221
original,training/flip/0048_000000022.jpg,flip,training,0048,22,1080,1920,3,0.5745293985263858,0.21145779489540087,0.16689862094529168,505.9074635316049,0.07266975308641975,6.973127260809094,320845
original,training/flip/0048_000000023.jpg,flip,training,0048,23,1080,1920,3,0.57525001323832,0.20844574612054867,0.16923208477063664,527.9408836076818,0.07337191358024692,6.899421754607474,331215
original,training/flip/0048_000000024.jpg,flip,training,0048,24,1080,1920,3,0.5741717482903654,0.20812622625883878,0.1719827693809005,564.5716709876543,0.0751466049382716,6.838252585058646,340058
original,training/flip/0048_000000025.jpg,flip,training,0048,25,1080,1920,3,0.5748805374001452,0.20568920876468008,0.17281031945957395,587.8528370669843,0.07534722222222222,6.773494618807866,342146
original,training/flip/0048_000000026.jpg,flip,training,0048,26,1080,1920,3,0.5817842796840959,0.19994105166693774,0.17137125922900023,536.6005979642966,0.07466049382716049,6.732412452499444,335080
original,training/flip/0048_000000027.jpg,flip,training,0048,27,1080,1920,3,0.5945847157921811,0.19295538748230817,0.1631300286704188,480.0303134511103,0.07719135802469136,6.594219229288561,319389
original,training/flip/0048_000000028.jpg,flip,training,0048,28,1080,1920,3,0.6048914722524813,0.1869978674919093,0.15774062916061485,426.1410400162299,0.07866512345679012,6.531037311325007,316233
original,training/flip/0048_000000029.jpg,flip,training,0048,29,1080,1920,3,0.609875612745098,0.18364970299454172,0.15682894388465263,418.67136054312414,0.07877314814814815,6.523062769636916,320873
original,training/flip/0048_000000030.jpg,flip,training,0048,30,1080,1920,3,0.6092430139494068,0.18598620353411802,0.1569250332849189,417.6882305517451,0.0796141975308642,6.519334872015182,329943
original,training/flip/0049_000000018.jpg,flip,training,0049,18,1080,1920,3,0.4881080454944323,0.25418662135078696,0.16458611338053739,429.95104390378515,0.05369598765432099,6.980691124398175,282939
original,training/flip/0049_000000020.jpg,flip,training,0049,20,1080,1920,3,0.4749297101942629,0.24556753961848632,0.17504391907225852,432.26270861530253,0.05583333333333333,6.98996729062987,289631
original,training/flip/0049_000000021.jpg,flip,training,0049,21,1080,1920,3,0.4750835489288308,0.24399244978010906,0.17514715149176954,452.40495177731094,0.05491512345679012,6.979760107156348,292982
original,training/flip/0049_000000022.jpg,flip,training,0049,22,1080,1920,3,0.47190921160130717,0.24160120589524736,0.17762053490377633,442.7416473036099,0.053564814814814815,6.995208469480233,289179
original,training/flip/0049_000000024.jpg,flip,training,0049,24,1080,1920,3,0.452745971768337,0.22853564982872013,0.19624979953401112,412.91076233710567,0.05417438271604938,6.959468313229406,294576
original,training/flip/0049_000000026.jpg,flip,training,0049,26,1080,1920,3,0.434149685684459,0.22102456465177375,0.21533046250907772,512.0600724017276,0.061905864197530865,6.925811410878263,313558
original,training/flip/0049_000000028.jpg,flip,training,0049,28,1080,1920,3,0.44671927385923504,0.22382002393813397,0.2180289124909223,459.1895051418896,0.059452160493827164,6.7808247720103,292198
original,training/flip/0049_000000029.jpg,flip,training,0049,29,1080,1920,3,0.4577012716351973,0.2285383419484015,0.21548297930283225,432.7367870727,0.05884259259259259,6.727365872888544,278302
original,training/flip/0049_000000030.jpg,flip,training,0049,30,1080,1920,3,0.4733042884592108,0.23571272073895225,0.20864240271725976,479.7225859910242,0.061628086419753085,6.70058675863948,276081
original,training/flip/0050_000000017.jpg,flip,training,0050,17,1080,1920,3,0.5098909956729605,0.25111550812574684,0.15442068733357542,333.3702924361283,0.044799382716049385,6.970425377828761,250320
original,training/flip/0050_000000018.jpg,flip,training,0050,18,1080,1920,3,0.5088068396725974,0.25092235020098597,0.15462682310578552,316.3872675733025,0.042067901234567905,7.005518601805632,245227
original,training/flip/0050_000000019.jpg,flip,training,0050,19,1080,1920,3,0.5030474007504236,0.2487354008490087,0.1562926538671024,306.19190368363957,0.04068672839506173,7.009118514093734,241315
original,training/flip/0050_000000020.jpg,flip,training,0050,20,1080,1920,3,0.49880629501028806,0.2483614400783477,0.16012095663882836,301.4613501942706,0.039976851851851854,7.021419885984161,244626
original,training/flip/0050_000000021.jpg,flip,training,0050,21,1080,1920,3,0.49603869939179374,0.2506829416933464,0.1645098493100944,302.7835544981115,0.03965277777777778,7.063298836921117,246660
original,training/flip/0050_000000022.jpg,flip,training,0050,22,1080,1920,3,0.48688141680283226,0.2496641621152137,0.1707927276234568,308.55807098170055,0.03921296296296296,7.082878580132546,247867
original,training/flip/0050_000000025.jpg,flip,training,0050,25,1080,1920,3,0.4547742185608812,0.23686888646135812,0.19344787695170662,528.3820790465796,0.05717592592592593,7.079775785123197,301517
original,training/flip/0050_000000026.jpg,flip,training,0050,26,1080,1920,3,0.4479560204097071,0.22919246863538148,0.19649608713084,542.0907116849922,0.05821759259259259,6.958287832326175,297225
original,training/flip/0050_000000027.jpg,flip,training,0050,27,1080,1920,3,0.4496473557401356,0.2290232717583389,0.197275120657831,497.88329220196755,0.053410493827160496,6.908958652186639,282108
original,training/flip/0050_000000028.jpg,flip,training,0050,28,1080,1920,3,0.45784406771968045,0.23267470206868057,0.19862606473916727,473.7641368369317,0.051527777777777777,6.862122193881232,273292
original,training/flip/0050_000000029.jpg,flip,training,0050,29,1080,1920,3,0.46200205383079157,0.23687464840873299,0.20119578529714355,505.52148741563553,0.05414351851851852,6.839840188915315,278447
original,training/flip/0050_000000030.jpg,flip,training,0050,30,1080,1920,3,0.4635798951525055,0.23931687952818806,0.20296828476761075,528.0868864997119,0.056859567901234566,6.779477117320141,282046
original,training/flip/0051_000000012.jpg,flip,training,0051,12,1080,1920,3,0.5185654464717986,0.26161129976907227,0.14686024872912126,550.5228689976757,0.059591049382716046,7.030922721607302,287138
original,training/flip/0051_000000013.jpg,flip,training,0051,13,1080,1920,3,0.5161590149176954,0.2605039807404711,0.14814496906015492,526.2395289679904,0.057777777777777775,7.040195215519694,285776
original,training/flip/0051_000000014.jpg,flip,training,0051,14,1080,1920,3,0.5110454112200435,0.2581224131626413,0.1499841234719196,528.1829235396067,0.05662808641975309,7.042987659967157,282662
original,training/flip/0051_000000015.jpg,flip,training,0051,15,1080,1920,3,0.5077867760530138,0.25696108115558747,0.15166566244553376,542.3253712919501,0.05809413580246914,7.037610831270532,290865
original,training/flip/0051_000000016.jpg,flip,training,0051,16,1080,1920,3,0.5025495453582668,0.2543257906745181,0.15433651431251513,434.40060798605157,0.056018518518518516,7.021100306099309,266515
original,training/flip/0051_000000017.jpg,flip,training,0051,17,1080,1920,3,0.4867108467229484,0.24707340640860073,0.16592773768458,319.48987180855625,0.04742283950617284,7.020393556252119,248976
original,training/flip/0051_000000018.jpg,flip,training,0051,18,1080,1920,3,0.4746687677771726,0.24092251680268675,0.17753900387315422,341.5125466772762,0.04799382716049383,7.005090495879089,255062
original,training/flip/0051_000000019.jpg,flip,training,0051,19,1080,1920,3,0.4719881063150569,0.23734091252873324,0.181411526416122,337.7354385282707,0.04760030864197531,6.99694958820799,256426
original,training/flip/0051_000000020.jpg,flip,training,0051,20,1080,1920,3,0.4714855551016703,0.2338873255970518,0.18268915479000242,297.6990501656926,0.043271604938271604,6.972157290426079,247980
original,training/flip/0051_000000023.jpg,flip,training,0051,23,1080,1920,3,0.4603043697803195,0.22884259058453332,0.19967440919268942,435.75358759139,0.04917438271604938,6.942002105591872,271970
original,training/flip/0051_000000024.jpg,flip,training,0051,24,1080,1920,3,0.46306986617949647,0.22783583964478302,0.19922794306765917,451.21746913484986,0.05085648148148148,6.864883212043414,273868
original,training/flip/0051_000000025.jpg,flip,training,0051,25,1080,1920,3,0.47254857896090535,0.23008480003089868,0.19792283572379568,437.92195945644715,0.05164351851851852,6.788573663894905,271954
original,training/flip/0051_000000026.jpg,flip,training,0051,26,1080,1920,3,0.49236983705519244,0.23902711579208233,0.19156668898269183,448.3604165406855,0.05157407407407407,6.749398874870899,268686
original,training/flip/0051_000000027.jpg,flip,training,0051,27,1080,1920,3,0.5020316225641491,0.24308778760770153,0.18815348319111594,437.97243744260595,0.05781635802469136,6.7169888334797925,274708
original,training/flip/0052_000000013.jpg,flip,training,0052,13,1080,1920,3,0.5073291424594528,0.2574405713798735,0.15627549133079158,642.4492951529397,0.06347993827160493,7.085085054183192,303659
original,training/flip/0052_000000014.jpg,flip,training,0052,14,1080,1920,3,0.50354198060397,0.25630402774744254,0.1589283390825466,627.9290555362655,0.06326388888888888,7.080433406985111,303171
original,training/flip/0052_000000015.jpg,flip,training,0052,15,1080,1920,3,0.4947824698166303,0.25301558926357215,0.16207302446441538,573.1256993741428,0.06166666666666667,7.03456839127557,294833
original,training/flip/0052_000000016.jpg,flip,training,0052,16,1080,1920,3,0.4791610592925442,0.24759029226243554,0.1727046133654079,566.7039890874462,0.06383487654320988,7.0583757615109235,299036
original,training/flip/0052_000000019.jpg,flip,training,0052,19,1080,1920,3,0.462618639932825,0.233452515838315,0.18765797476397966,617.0117013314948,0.06542438271604939,6.9993504933452995,324684
original,training/flip/0052_000000020.jpg,flip,training,0052,20,1080,1920,3,0.4632192549473493,0.23171894881889188,0.1870543225006052,614.0527798824851,0.06902777777777777,6.992180320214775,325790
original,training/flip/0052_000000022.jpg,flip,training,0052,22,1080,1920,3,0.4547827534949165,0.22900991297997744,0.19573198453764223,772.4280941343142,0.0751929012345679,7.02956444266922,360505
original,training/flip/0052_000000023.jpg,flip,training,0052,23,1080,1920,3,0.44994001149842655,0.22736076214285342,0.20016417597131447,856.3324179012345,0.08253858024691359,7.023687477530105,377335
original,training/flip/0052_000000024.jpg,flip,training,0052,24,1080,1920,3,0.4521198635318325,0.22681715678933828,0.1991552174110385,836.9893039542371,0.08502314814814815,6.976743014401437,376236
original,training/flip/0052_000000025.jpg,flip,training,0052,25,1080,1920,3,0.4624888533345437,0.2293919698397653,0.19852813143004114,768.7026153691677,0.08267746913580247,6.8483200173493,361176
original,training/flip/0052_000000026.jpg,flip,training,0052,26,1080,1920,3,0.4716052427529654,0.23277168771079768,0.19840834732812876,713.0502614302317,0.07590277777777778,6.774247568936911,348974
original,training/flip/0052_000000027.jpg,flip,training,0052,27,1080,1920,3,0.47924402762648266,0.2351322066664338,0.19760301493282498,632.4370749608839,0.07226851851851852,6.729018760481012,330537
original,training/flip/0052_000000028.jpg,flip,training,0052,28,1080,1920,3,0.49245556841563787,0.23993404737506,0.19213451456971678,646.4028607890732,0.07493827160493827,6.768907335740881,328733
original,training/flip/0052_000000029.jpg,flip,training,0052,29,1080,1920,3,0.4985899978818688,0.24230161904514197,0.19023231738683127,641.9375690914471,0.07851851851851852,6.7310466962377635,335806
original,training/flip/0053_000000001.jpg,flip,training,0053,1,1080,1920,3,0.5213426625665699,0.2560535994166921,0.15333094287097554,909.354785222277,0.08273148148148148,7.009656416363255,354441
original,training/flip/0053_000000002.jpg,flip,training,0053,2,1080,1920,3,0.5213404385288065,0.25604939937509885,0.15318111912975066,909.4894694384907,0.08271604938271605,7.009351929717509,354506
original,training/flip/0053_000000003.jpg,flip,training,0053,3,1080,1920,3,0.5212318162218592,0.25691719125168355,0.15406438740619705,887.954645053155,0.08267746913580247,7.0101210569162555,361432
original,training/flip/0053_000000004.jpg,flip,training,0053,4,1080,1920,3,0.5186812590777051,0.2582709685972135,0.15687741315662068,896.7857146847257,0.08189814814814815,7.032577822431988,366575
original,training/flip/0053_000000005.jpg,flip,training,0053,5,1080,1920,3,0.5186536136831276,0.25827748294065683,0.15677194535221495,897.2189784941319,0.08201388888888889,7.032794989640209,366939
original,training/flip/0053_000000006.jpg,flip,training,0053,6,1080,1920,3,0.5173924878207457,0.2586009624421915,0.15852842267308156,896.1286094307269,0.08160493827160493,7.037269053517869,366446
original,training/flip/0053_000000007.jpg,flip,training,0053,7,1080,1920,3,0.5146283190359477,0.25780878742028085,0.16026661976519002,863.2536419693548,0.078804012345679,7.03756960835258,358788
original,training/flip/0053_000000009.jpg,flip,training,0053,9,1080,1920,3,0.5123823094438392,0.25902145007766003,0.1637373725338901,822.3035110575274,0.07887345679012346,7.0237606004919275,357341
original,training/flip/0053_000000010.jpg,flip,training,0053,10,1080,1920,3,0.5094661968954248,0.2592617363581613,0.16551769774267733,806.5902964234086,0.07782407407407407,7.0313844015584035,356161
original,training/flip/0053_000000011.jpg,flip,training,0053,11,1080,1920,3,0.5080685177620431,0.25968533349168166,0.16687377829218106,792.5708473534427,0.07581018518518519,7.0232244226154705,352535
original,training/flip/0053_000000013.jpg,flip,training,0053,13,1080,1920,3,0.503268072198015,0.2590455846760424,0.17007094037460663,755.1570936890337,0.07217592592592592,6.977880057323494,345014
original,training/flip/0053_000000014.jpg,flip,training,0053,14,1080,1920,3,0.49951368085814574,0.2575726753607941,0.17297775016642458,720.7979243512207,0.07054783950617284,6.949389303195698,338759
original,training/flip/0053_000000016.jpg,flip,training,0053,16,1080,1920,3,0.4834262436456064,0.2482084968005623,0.17943087327523602,614.8003391155479,0.06304783950617283,6.889552887535833,308250
original,training/flip/0053_000000017.jpg,flip,training,0053,17,1080,1920,3,0.47520294344589686,0.24108001958341208,0.18355725384289517,594.0946271030998,0.06114969135802469,6.830749777969134,306368
original,training/flip/0053_000000019.jpg,flip,training,0053,19,1080,1920,3,0.46100371618554825,0.23502681382552473,0.19188088916122004,621.1367484753063,0.06444444444444444,6.833049159291536,322222
original,training/flip/0053_000000020.jpg,flip,training,0053,20,1080,1920,3,0.45386033572379564,0.23310627739293566,0.1940022940117405,672.2006535064562,0.0720679012345679,6.944685654527099,334960
original,training/flip/0053_000000021.jpg,flip,training,0053,21,1080,1920,3,0.45339553263435,0.23169161240670486,0.196752433959695,598.382303407386,0.06581018518518518,6.916614932960069,323643
original,training/flip/0053_000000022.jpg,flip,training,0053,22,1080,1920,3,0.4609176444111595,0.23458334888828233,0.198576543966352,561.9240086838896,0.06612654320987654,6.9707775077982115,318295
original,training/flip/0053_000000023.jpg,flip,training,0053,23,1080,1920,3,0.46270356564693776,0.2355271263856788,0.2025675778413217,533.8939985710424,0.06900462962962962,7.020864752325668,316048
original,training/flip/0053_000000024.jpg,flip,training,0053,24,1080,1920,3,0.46290137829823286,0.23558067880556716,0.2044131112321472,502.05718202160494,0.06932098765432099,7.015066366540346,316457
original,training/flip/0053_000000025.jpg,flip,training,0053,25,1080,1920,3,0.47098993887678525,0.2381461959390707,0.20351339907104818,508.7718550123362,0.06936728395061728,6.96103561848096,313506
original,training/flip/0053_000000026.jpg,flip,training,0053,26,1080,1920,3,0.4733078457849189,0.23780129750892995,0.20358242178044056,494.73924576950924,0.069375,6.923936196620171,314891
original,training/flip/0053_000000027.jpg,flip,training,0053,27,1080,1920,3,0.47749231610082304,0.23848565485270626,0.202514847721496,487.4669190041057,0.0698533950617284,6.884752342979003,311531
original,training/flip/0053_000000028.jpg,flip,training,0053,28,1080,1920,3,0.48858470066267246,0.24138515148178524,0.19872198015008471,455.1451027562848,0.0654320987654321,6.842794246021475,305332
original,training/flip/0053_000000029.jpg,flip,training,0053,29,1080,1920,3,0.49374777974461387,0.24297161836764475,0.19706147497579277,467.3046518432785,0.06535493827160493,6.797045482260738,309298
original,training/flip/0053_000000030.jpg,flip,training,0053,30,1080,1920,3,0.4973752363985718,0.24403373513903578,0.19528583613229242,472.5451634649825,0.06713734567901235,6.766433238198174,312279
original,training/flip/0054_000000008.jpg,flip,training,0054,8,1080,1920,3,0.5190394369553376,0.25937753868885755,0.14914650848765432,696.7836510458939,0.0749537037037037,7.108071469487193,341134
original,training/flip/0054_000000009.jpg,flip,training,0054,9,1080,1920,3,0.519003988516703,0.25937480649597905,0.14916570594287099,697.1518506620562,0.07486882716049383,7.108216352461801,341238
original,training/flip/0054_000000012.jpg,flip,training,0054,12,1080,1920,3,0.5085786015795207,0.2564016653674589,0.15351743108508834,672.7479082218198,0.07266975308641975,7.086417550314954,339124
original,training/flip/0054_000000013.jpg,flip,training,0054,13,1080,1920,3,0.504929367889131,0.2549992045320984,0.1554481587388042,683.9749608595655,0.07231481481481482,7.073100754782654,340377
original,training/flip/0054_000000014.jpg,flip,training,0054,14,1080,1920,3,0.5020333359809973,0.25352207047184216,0.1577343031348342,691.2740158173654,0.07304783950617284,7.059311800803201,342082
original,training/flip/0054_000000016.jpg,flip,training,0054,16,1080,1920,3,0.48533517156862743,0.24523315618344613,0.16816728508533044,551.6548436294368,0.0698996913580247,7.059743548014913,315050
original,training/flip/0054_000000017.jpg,flip,training,0054,17,1080,1920,3,0.4796821952160494,0.24229075778249895,0.17343401643064635,564.6627815142866,0.0682175925925926,7.055931394390879,317141
original,training/flip/0054_000000018.jpg,flip,training,0054,18,1080,1920,3,0.47807335731360445,0.24040906791212616,0.17477572205579764,589.8478392484353,0.07065586419753087,7.033443919799777,324023
original,training/flip/0054_000000020.jpg,flip,training,0054,20,1080,1920,3,0.4735888612775357,0.23364108910669001,0.17941352351125636,526.9484291146906,0.06756172839506173,7.002611507485594,318380
original,training/flip/0054_000000021.jpg,flip,training,0054,21,1080,1920,3,0.4697561198862261,0.2300330033306672,0.1827662566569838,520.4836774819363,0.06725308641975308,6.996619058935238,315769
original,training/flip/0054_000000022.jpg,flip,training,0054,22,1080,1920,3,0.4647396873487049,0.2265580997576888,0.18747566985899297,549.9394759907026,0.06431327160493827,6.9920735022393945,319686
original,training/flip/0054_000000023.jpg,flip,training,0054,23,1080,1920,3,0.4543975505325587,0.2238050443346334,0.19701018405047202,573.3359656106516,0.06378858024691358,7.0189589173208216,329792
original,training/flip/0054_000000025.jpg,flip,training,0054,25,1080,1920,3,0.45605505817296055,0.22478644823276275,0.20329115982812876,697.5943373708633,0.07229166666666667,6.989093059684016,340663
original,training/flip/0054_000000026.jpg,flip,training,0054,26,1080,1920,3,0.46449579588779955,0.22622560478760045,0.20083242556281772,640.9456072096837,0.0688966049382716,6.868675803010093,326732
original,training/flip/0054_000000028.jpg,flip,training,0054,28,1080,1920,3,0.4943476534132171,0.2375729685249579,0.1922374009017187,522.4545705370157,0.05736111111111111,6.688427288399969,289772
original,training/flip/0054_000000029.jpg,flip,training,0054,29,1080,1920,3,0.503341777490317,0.24085295294600637,0.18900955239348824,506.9635459416914,0.059035493827160494,6.587970196605229,291384
original,training/flip/0055_000000011.jpg,flip,training,0055,11,1080,1920,3,0.5275228171901477,0.25920589631587954,0.1508813165698378,628.2473528348742,0.056026234567901234,6.978550007891488,298403
original,training/flip/0055_000000012.jpg,flip,training,0055,12,1080,1920,3,0.5271418920963448,0.2599264994545735,0.15189301546235778,560.2263524498458,0.05513888888888889,6.9948777175827495,284566
original,training/flip/0055_000000013.jpg,flip,training,0055,13,1080,1920,3,0.5255312140674171,0.2602771727317274,0.15224415811849432,528.6827622768539,0.05382716049382716,7.020085142313784,281099
original,training/flip/0055_000000014.jpg,flip,training,0055,14,1080,1920,3,0.5214350906257564,0.25967153689121075,0.1544039786825224,510.82072486830316,0.050979938271604935,7.052482963341143,275187
original,training/flip/0055_000000016.jpg,flip,training,0055,16,1080,1920,3,0.5093219256838538,0.2534079737120814,0.160076761453038,483.75301498145996,0.0500462962962963,7.020940602619756,256217
original,training/flip/0055_000000017.jpg,flip,training,0055,17,1080,1920,3,0.49899245415758897,0.24897544368458616,0.1631320579157589,470.39813826011425,0.047808641975308645,7.0060829956903135,256842
original,training/flip/0055_000000018.jpg,flip,training,0055,18,1080,1920,3,0.4927339097676107,0.2464838830666312,0.16751927310275963,470.1138717361587,0.046280864197530865,7.00036115272002,259849
original,training/flip/0055_000000019.jpg,flip,training,0055,19,1080,1920,3,0.48733244069232634,0.24102460998766345,0.1713311887254902,454.89874835938684,0.044529320987654324,6.9499200404867345,259502
original,training/flip/0055_000000020.jpg,flip,training,0055,20,1080,1920,3,0.48056764025054466,0.23761273532624536,0.17534474287400145,438.4184797019676,0.04184413580246914,6.939768480080209,256864
original,training/flip/0055_000000021.jpg,flip,training,0055,21,1080,1920,3,0.4776034877299685,0.23811534917236174,0.1794615899600581,429.2693515765509,0.04168981481481481,6.949753149011128,259090
original,training/flip/0055_000000022.jpg,flip,training,0055,22,1080,1920,3,0.4741020674473493,0.23889165887172287,0.18460996315964656,440.52086727912814,0.042283950617283954,6.958196183180283,260497
original,training/flip/0055_000000023.jpg,flip,training,0055,23,1080,1920,3,0.47198766755930766,0.23924893367977978,0.18958365294420237,449.6118171465383,0.04392746913580247,6.977497734835656,261805
original,training/flip/0055_000000025.jpg,flip,training,0055,25,1080,1920,3,0.46475014940389736,0.23696830481488962,0.20178093228031954,425.31684731652956,0.04469135802469136,6.9472111235387555,259814
original,training/flip/0055_000000026.jpg,flip,training,0055,26,1080,1920,3,0.46525973583878,0.2364423637543258,0.20388698635318325,385.57845233172344,0.0424537037037037,6.90377614049158,254089
original,training/flip/0055_000000029.jpg,flip,training,0055,29,1080,1920,3,0.4801476885893246,0.23705388598306454,0.20249449285887194,295.0392586919272,0.04882716049382716,6.770826734320723,244269
original,training/flip/0055_000000030.jpg,flip,training,0055,30,1080,1920,3,0.48014998638344225,0.23705698708816011,0.2026077561425805,295.25868553520564,0.04868827160493827,6.770775281628339,244516
original,training/flip/0056_000000014.jpg,flip,training,0056,14,1080,1920,3,0.5118283330307432,0.256851427256299,0.15358805752239166,511.25852281569115,0.056304012345679014,7.094062660052225,278812
original,training/flip/0056_000000015.jpg,flip,training,0056,15,1080,1920,3,0.5084437257927862,0.25555282740943625,0.15591796591321713,528.3576000413786,0.056875,7.090242804510268,285009
original,training/flip/0056_000000017.jpg,flip,training,0056,17,1080,1920,3,0.5010143768155411,0.25325831293317796,0.15931084520999755,518.8427618846213,0.05667438271604938,7.062411081715987,282772
original,training/flip/0056_000000018.jpg,flip,training,0056,18,1080,1920,3,0.49211683573892523,0.25171254523886505,0.16525000189118857,551.9185029254305,0.058618827160493825,7.0805416613008685,290509
original,training/flip/0056_000000019.jpg,flip,training,0056,19,1080,1920,3,0.4821230464022029,0.2465649142371929,0.17236005961026385,578.8513340048559,0.06016975308641975,7.083469204017847,297970
original,training/flip/0056_000000020.jpg,flip,training,0056,20,1080,1920,3,0.46784145031469376,0.23868680968242123,0.18091050706548054,584.6334259237826,0.0600462962962963,7.07127538501571,300518
original,training/flip/0056_000000021.jpg,flip,training,0056,21,1080,1920,3,0.4609565953310336,0.234484624713726,0.18617020697167755,627.312684841297,0.06235339506172839,7.066557828640691,311780
original,training/flip/0056_000000022.jpg,flip,training,0056,22,1080,1920,3,0.45438199550653596,0.23139704390808297,0.1916008930192447,672.8270358701036,0.06494598765432098,7.055578120916996,318666
original,training/flip/0056_000000023.jpg,flip,training,0056,23,1080,1920,3,0.452071560684459,0.23008904566671082,0.19371771362866133,691.8866974537036,0.06599537037037037,7.044315762800068,324230
original,training/flip/0056_000000024.jpg,flip,training,0056,24,1080,1920,3,0.44686007095739533,0.22876540720921087,0.198765433989954,713.6351619998262,0.06736882716049383,7.036169720071128,327786
original,training/flip/0056_000000025.jpg,flip,training,0056,25,1080,1920,3,0.4484198608841685,0.23001121971496663,0.2006612919087388,742.4557009430131,0.0699074074074074,7.047016631090864,327603
original,training/flip/0056_000000026.jpg,flip,training,0056,26,1080,1920,3,0.4437645791727185,0.22832629891745201,0.20574745446017914,809.8371728880292,0.07435185185185185,7.025522323938976,340653
original,training/flip/0056_000000027.jpg,flip,training,0056,27,1080,1920,3,0.44667869084362144,0.22806664313515923,0.20523041106874848,765.5047564205153,0.07362654320987655,6.948046693060953,337113
original,training/flip/0056_000000028.jpg,flip,training,0056,28,1080,1920,3,0.45963828370854515,0.23208019383372744,0.2046050649812394,726.5850680534121,0.06943672839506172,6.856324572839249,321019
original,training/flip/0056_000000029.jpg,flip,training,0056,29,1080,1920,3,0.4775722301652142,0.23814432756517634,0.19941820609416605,664.9699756970641,0.06221450617283951,6.748998519624864,300322
original,training/flip/0057_000000011.jpg,flip,training,0057,11,1080,1920,3,0.5093346741860324,0.25672579235444265,0.15325487926652143,426.8273648519066,0.055316358024691356,7.03286498216042,259688
original,training/flip/0057_000000012.jpg,flip,training,0057,12,1080,1920,3,0.504381169057129,0.2551480970208106,0.15529145674473493,436.8610130267275,0.05465277777777778,7.0227971781471625,264467
original,training/flip/0057_000000013.jpg,flip,training,0057,13,1080,1920,3,0.49809806380113775,0.2521807325041163,0.15775791273299444,473.95081794404194,0.056728395061728394,7.03607334419576,273131
original,training/flip/0057_000000014.jpg,flip,training,0057,14,1080,1920,3,0.48905885757080614,0.2471965270616359,0.16097752511498428,471.2733377569635,0.056157407407407406,7.014256808812986,275599
original,training/flip/0057_000000015.jpg,flip,training,0057,15,1080,1920,3,0.4831073816872428,0.2443585304703172,0.16371966344408134,460.04413463648837,0.05625,7.006104750302819,276859
original,training/flip/0057_000000016.jpg,flip,training,0057,16,1080,1920,3,0.4818333371157105,0.24386087033903972,0.16499304042604696,459.3453184992284,0.05656635802469136,6.994912644842369,276961
original,training/flip/0057_000000017.jpg,flip,training,0057,17,1080,1920,3,0.4793570053407165,0.24310799413855771,0.1663868936849431,435.2230942638675,0.05521604938271605,6.990652324673154,276374
original,training/flip/0057_000000018.jpg,flip,training,0057,18,1080,1920,3,0.4781521007322682,0.24214715528296912,0.16877937961450012,427.9043833456576,0.054907407407407405,6.975949040179957,275854
original,training/flip/0057_000000020.jpg,flip,training,0057,20,1080,1920,3,0.4703555264312515,0.2396282101122619,0.177047550154321,425.08730909326897,0.05193672839506173,6.964440919296478,276774
original,training/flip/0057_000000021.jpg,flip,training,0057,21,1080,1920,3,0.46659055200012106,0.23876513559623316,0.1811588598402324,385.7656297791281,0.05267746913580247,6.996903578602835,267535
original,training/flip/0057_000000022.jpg,flip,training,0057,22,1080,1920,3,0.46182445798535465,0.23902660084256827,0.1877888147542968,409.40403349241734,0.04979938271604938,7.0268200891524835,270136
original,training/flip/0057_000000023.jpg,flip,training,0057,23,1080,1920,3,0.457470064376059,0.23768898776226774,0.19341311879690148,390.82330719783573,0.04917438271604938,7.039210645017338,272919
original,training/flip/0057_000000024.jpg,flip,training,0057,24,1080,1920,3,0.4509693116830066,0.23205921404626506,0.19626284873517308,418.891624171001,0.04962191358024692,6.987782518819849,281318
original,training/flip/0057_000000025.jpg,flip,training,0057,25,1080,1920,3,0.44086457009501334,0.2271823648674885,0.20326979128842895,426.4086337362825,0.05449845679012345,6.9714808253290546,288077
original,training/flip/0057_000000026.jpg,flip,training,0057,26,1080,1920,3,0.44060192560820627,0.22499631928724462,0.20428576237593804,446.6281462905211,0.05488425925925926,6.93943726083684,289289
original,training/flip/0057_000000027.jpg,flip,training,0057,27,1080,1920,3,0.44696861572561125,0.22571633530439858,0.20454519373335756,468.9969108438476,0.05828703703703704,6.913353091307991,290391
original,training/flip/0057_000000028.jpg,flip,training,0057,28,1080,1920,3,0.4550784691963205,0.2281563193206101,0.20438332879448073,465.91784335080166,0.06007716049382716,6.830632842110746,293619
original,training/flip/0057_000000029.jpg,flip,training,0057,29,1080,1920,3,0.4631078317901235,0.23076145882306512,0.20294344022331157,421.54890393036266,0.05725308641975309,6.774326312625419,281502
original,training/flip/0058_000000001.jpg,flip,training,0058,1,1080,1920,3,0.49379171016400386,0.25161523450126255,0.1658057654774873,599.9559453351243,0.07165895061728395,7.0208775333838425,285077
original,training/flip/0058_000000002.jpg,flip,training,0058,2,1080,1920,3,0.49468266801319294,0.2518214322449265,0.16528044057129024,597.2372928990912,0.07290895061728395,7.028141284102493,292629
original,training/flip/0058_000000005.jpg,flip,training,0058,5,1080,1920,3,0.49734918716715076,0.2529148204368842,0.16136391574376663,805.4839587605142,0.073125,6.998640749872278,329922
original,training/flip/0058_000000007.jpg,flip,training,0058,7,1080,1920,3,0.50000882050351,0.2541972049562495,0.1598795142671266,833.9707166275506,0.07282407407407407,6.9940440415666725,338448
original,training/flip/0058_000000008.jpg,flip,training,0058,8,1080,1920,3,0.5018597759319777,0.2562130338865537,0.15981918156923264,824.8063099050617,0.0726929012345679,7.020390960807117,337599
original,training/flip/0058_000000009.jpg,flip,training,0058,9,1080,1920,3,0.5044219033678287,0.2582308102513985,0.15948563831396756,804.5272759335469,0.07249228395061728,7.032749722729721,335401
original,training/flip/0058_000000010.jpg,flip,training,0058,10,1080,1920,3,0.5061562273057371,0.2586301440009147,0.15878592880053255,711.1173776253619,0.07282407407407407,7.035333039967693,325684
original,training/flip/0058_000000011.jpg,flip,training,0058,11,1080,1920,3,0.5077772860687485,0.25875822386576414,0.15805371732026144,605.690170175802,0.07352623456790124,7.032977862144928,310796
original,training/flip/0058_000000012.jpg,flip,training,0058,12,1080,1920,3,0.5086052616648511,0.258851064753202,0.15781978864076496,497.45480107542437,0.07247685185185185,7.04473301492331,296097
original,training/flip/0058_000000013.jpg,flip,training,0058,13,1080,1920,3,0.5090984609507383,0.2603455312531271,0.1584691395848463,460.30776527110964,0.07135802469135802,7.052913162335061,287401
original,training/flip/0058_000000014.jpg,flip,training,0058,14,1080,1920,3,0.5091939773208667,0.2618623229010686,0.15900306939905592,428.5175324025849,0.06960648148148148,7.0549955769482136,278324
original,training/flip/0058_000000015.jpg,flip,training,0058,15,1080,1920,3,0.5051507371853062,0.26246554207734596,0.15979782248547567,457.3368025832094,0.06838734567901235,7.080708640960319,278799
original,training/flip/0058_000000016.jpg,flip,training,0058,16,1080,1920,3,0.5007061509017187,0.2618377873032249,0.16155715360990075,492.12874969272747,0.06384259259259259,7.113147167558693,283614
original,training/flip/0058_000000017.jpg,flip,training,0058,17,1080,1920,3,0.49260989696804647,0.25827804333510757,0.16488868842290003,549.4189163237311,0.06024691358024691,7.099173866669419,292808
original,training/flip/0058_000000018.jpg,flip,training,0058,18,1080,1920,3,0.4760626588598402,0.24987708964467562,0.1716457406650932,603.7388419490526,0.058665123456790126,7.072414528739972,296614
original,training/flip/0058_000000020.jpg,flip,training,0058,20,1080,1920,3,0.45980043421689665,0.23968455044201478,0.1811786757141128,520.2382654128087,0.056026234567901234,6.9802470960102445,291270
original,training/flip/0058_000000022.jpg,flip,training,0058,22,1080,1920,3,0.44408352434337933,0.23849904428453722,0.2006442976882111,595.5047309098627,0.06130401234567901,6.989730781885429,311151
original,training/flip/0058_000000023.jpg,flip,training,0058,23,1080,1920,3,0.43988847093621397,0.23881601902382257,0.2057572035372791,628.6864111787455,0.06321759259259259,7.00508434048429,318539
original,training/flip/0058_000000024.jpg,flip,training,0058,24,1080,1920,3,0.44062256982268216,0.24002231278694783,0.20965159767610747,634.0139446442519,0.06354166666666666,7.013652622995069,318150
original,training/flip/0058_000000025.jpg,flip,training,0058,25,1080,1920,3,0.4389280610778262,0.23986785470811492,0.21404851844287098,606.4583675087639,0.06412808641975308,6.973264853272573,315838
original,training/flip/0058_000000026.jpg,flip,training,0058,26,1080,1920,3,0.4392880866466957,0.23702331733568402,0.21573180676591625,482.2720496755806,0.05590277777777778,6.94986373012208,290287
original,training/flip/0058_000000028.jpg,flip,training,0058,28,1080,1920,3,0.4557952674897119,0.23799713400879532,0.21692387776870006,361.4666123447264,0.047484567901234565,6.836206573129239,260347
original,training/flip/0058_000000029.jpg,flip,training,0058,29,1080,1920,3,0.4663975618796901,0.24028145953746624,0.2134124341866376,321.65545270770224,0.04314814814814815,6.7593904056958225,251315
original,training/flip/0059_000000001.jpg,flip,training,0059,1,1080,1920,3,0.523172132201646,0.2612450327981652,0.1529249822228274,562.2170091820989,0.060578703703703704,6.926178409861291,278077
original,training/flip/0059_000000002.jpg,flip,training,0059,2,1080,1920,3,0.5237738913852578,0.2619122868733714,0.15236370771302346,580.7710133482296,0.060787037037037035,6.937628804067133,284103
original,training/flip/0059_000000003.jpg,flip,training,0059,3,1080,1920,3,0.521193576388889,0.2616722397047416,0.1534080693234084,589.0636763626329,0.060501543209876545,6.94521243617177,292529
original,training/flip/0059_000000004.jpg,flip,training,0059,4,1080,1920,3,0.5206428755144032,0.2626296269424015,0.15385643798414428,601.7132247198764,0.061064814814814815,6.946056709726241,299069
original,training/flip/0059_000000005.jpg,flip,training,0059,5,1080,1920,3,0.5204161995430888,0.2622394883684329,0.1536408311395546,548.5503620539456,0.05952932098765432,6.948325681825354,293775
original,training/flip/0059_000000006.jpg,flip,training,0059,6,1080,1920,3,0.5157184076948681,0.2604552018959949,0.1547355191690874,500.89778491631427,0.05867283950617284,6.99041568413174,284256
original,training/flip/0059_000000007.jpg,flip,training,0059,7,1080,1920,3,0.5152026087055193,0.26075581604470466,0.1551984253963931,499.03302808641973,0.05771604938271605,7.003239430933247,285251
original,training/flip/0059_000000008.jpg,flip,training,0059,8,1080,1920,3,0.5111484828885258,0.2575034661502809,0.15881810548293393,452.3365094819292,0.05867283950617284,6.983928354057355,273820
original,training/flip/0059_000000009.jpg,flip,training,0059,9,1080,1920,3,0.5066571331850641,0.2538765097290823,0.16428858402929075,431.7194356923844,0.05536265432098766,6.9402553857714135,275027
original,training/flip/0059_000000010.jpg,flip,training,0059,10,1080,1920,3,0.5017440200617284,0.25213061974835704,0.1724675850278383,436.99085905135456,0.054328703703703705,6.957442007676994,279069
original,training/flip/0059_000000011.jpg,flip,training,0059,11,1080,1920,3,0.4967151680888405,0.25135228001604293,0.17910208257685792,425.55926671804747,0.055532407407407405,6.986396457635368,282726
original,training/flip/0059_000000012.jpg,flip,training,0059,12,1080,1920,3,0.49340645235717745,0.25096024013244883,0.1833735191993464,437.39888701697294,0.052237654320987655,6.961182817875652,281478
original,training/flip/0059_000000013.jpg,flip,training,0059,13,1080,1920,3,0.49136949285887194,0.24973263193983083,0.1866790709725248,426.95102592497335,0.05320216049382716,6.961233564713922,284147
original,training/flip/0059_000000014.jpg,flip,training,0059,14,1080,1920,3,0.4880301550018155,0.2485032441232794,0.18995588802650692,439.671822273603,0.05239197530864197,6.947589199461011,288260
original,training/flip/0059_000000018.jpg,flip,training,0059,18,1080,1920,3,0.47670551167998065,0.24485883335314676,0.1956380737866134,485.27319715643347,0.05733024691358025,6.888008677161882,304777
original,training/flip/0059_000000019.jpg,flip,training,0059,19,1080,1920,3,0.4739106829460179,0.24587630074989927,0.19653501346526267,498.72491522609926,0.058611111111111114,6.96149755879246,306686
original,training/flip/0059_000000021.jpg,flip,training,0059,21,1080,1920,3,0.4716247011922053,0.24369112116463118,0.19582478516097798,483.07148575650626,0.05935956790123457,6.9637843763786185,310558
original,training/flip/0059_000000022.jpg,flip,training,0059,22,1080,1920,3,0.4646669106299927,0.2396056163098083,0.1992702035675381,505.76014674187445,0.06554783950617284,6.983249135109916,326531
original,training/flip/0059_000000023.jpg,flip,training,0059,23,1080,1920,3,0.45349897875816997,0.23331730253938637,0.2050390341321714,523.7190162507978,0.06685185185185186,6.96221236668352,331702
original,training/flip/0059_000000024.jpg,flip,training,0059,24,1080,1920,3,0.44497885083817473,0.23225517936484757,0.2079762844952796,549.5405687183261,0.07176697530864197,6.937555105233722,343485
original,training/flip/0059_000000025.jpg,flip,training,0059,25,1080,1920,3,0.44231164707395304,0.2318166859964735,0.20900067893669813,544.1033067405884,0.07390432098765432,6.936302918796822,341924
original,training/flip/0059_000000026.jpg,flip,training,0059,26,1080,1920,3,0.44878806584362135,0.2357327335582367,0.2098579376966836,512.5252248794367,0.07173611111111111,6.864071339457122,328668
original,training/flip/0059_000000027.jpg,flip,training,0059,27,1080,1920,3,0.4488303736232147,0.2374966074931446,0.21545673338779955,460.2894843577937,0.06533179012345679,6.830153934969518,312560
original,training/flip/0059_000000029.jpg,flip,training,0059,29,1080,1920,3,0.4642842097101186,0.24720521262652362,0.21643357578370856,381.518838375855,0.06026234567901235,6.728918042844712,291752
original,training/flip/0059_000000030.jpg,flip,training,0059,30,1080,1920,3,0.46618625938029534,0.25027787590788714,0.21732317197712417,415.51745406086866,0.0653858024691358,6.668134468044045,303758
original,training/flip/0060_000000001.jpg,flip,training,0060,1,1080,1920,3,0.49780761695110143,0.2621960247041691,0.16381044427801986,639.6908699550374,0.0789429012345679,7.0316256601700005,327574
original,training/flip/0060_000000002.jpg,flip,training,0060,2,1080,1920,3,0.497891771060276,0.26236027479626095,0.1637219442175018,632.7926396488244,0.07849537037037037,7.0289301717505985,330447
original,training/flip/0060_000000003.jpg,flip,training,0060,3,1080,1920,3,0.4962051258775115,0.26247868836289484,0.16550326986504477,636.6058234953108,0.07945216049382715,7.050667041458084,332097
original,training/flip/0060_000000005.jpg,flip,training,0060,5,1080,1920,3,0.4970820076101428,0.2641775677457578,0.16826572712418303,593.329564492777,0.07858796296296296,7.0384063054888815,330762
original,training/flip/0060_000000007.jpg,flip,training,0060,7,1080,1920,3,0.49972236406136533,0.2671062784630257,0.16989015409404504,582.1607964639536,0.0755246913580247,7.085732806898491,329076
original,training/flip/0060_000000009.jpg,flip,training,0060,9,1080,1920,3,0.4989083473281288,0.2695730022956309,0.17238186312333575,582.566885917674,0.07593364197530864,7.098771265729947,332180
original,training/flip/0060_000000010.jpg,flip,training,0060,10,1080,1920,3,0.49889394025357053,0.2699756310539802,0.17260123721556525,580.9831245710924,0.07419753086419753,7.110282623556471,329799
original,training/flip/0060_000000011.jpg,flip,training,0060,11,1080,1920,3,0.49939444330973126,0.27021556772841504,0.17257424617223432,557.0905845898109,0.07274691358024692,7.103935873580964,326422
original,training/flip/0060_000000012.jpg,flip,training,0060,12,1080,1920,3,0.49606648284313726,0.2692796789799838,0.17290050646030017,525.1990956117946,0.0714891975308642,7.090943089812248,318030
original,training/flip/0060_000000014.jpg,flip,training,0060,14,1080,1920,3,0.4954527959331881,0.27117539238428134,0.1738488146030017,504.02080853695134,0.0693287037037037,7.069673722782788,309956
original,training/flip/0060_000000015.jpg,flip,training,0060,15,1080,1920,3,0.4921469207667635,0.2706647387987242,0.1751791163610506,485.7903490197164,0.06814043209876543,7.07415103470469,300165
original,training/flip/0060_000000016.jpg,flip,training,0060,16,1080,1920,3,0.4881936274509804,0.2693496375297948,0.17685696940813364,494.68159993564007,0.06811728395061728,7.068072691848837,301266
original,training/flip/0060_000000017.jpg,flip,training,0060,17,1080,1920,3,0.48295736693597197,0.26638951763122226,0.17974106035160978,482.5491617054731,0.06783179012345679,7.061938303878986,299831
original,training/flip/0060_000000018.jpg,flip,training,0060,18,1080,1920,3,0.4721325496247882,0.25991944112939297,0.18376910856935366,481.9116718390394,0.0671682098765432,7.033535358475042,300416
original,training/flip/0060_000000019.jpg,flip,training,0060,19,1080,1920,3,0.4631306792392883,0.2532296243040667,0.18795662180767367,490.69888963757194,0.06241512345679012,7.0153626086297045,298153
original,training/flip/0060_000000020.jpg,flip,training,0060,20,1080,1920,3,0.45413601049987895,0.24551647760879777,0.19244094385439361,490.2839011044787,0.06311728395061729,6.99801870424836,298671
original,training/flip/0060_000000021.jpg,flip,training,0060,21,1080,1920,3,0.44326889108266765,0.24067301956370926,0.197802418073711,515.6550027762893,0.06436728395061729,6.965661827352274,299512
original,training/flip/0060_000000022.jpg,flip,training,0060,22,1080,1920,3,0.4394162562787461,0.23809342283023732,0.19898036378903414,533.3783295252606,0.06700617283950618,6.9614074239509085,306470
original,training/flip/0060_000000023.jpg,flip,training,0060,23,1080,1920,3,0.438387924382716,0.23765526768636117,0.2000085462811668,569.3018416275506,0.06828703703703703,6.952139895869471,313391
original,training/flip/0060_000000024.jpg,flip,training,0060,24,1080,1920,3,0.444276866224885,0.23963062701984658,0.19757812689118856,597.3396862396525,0.06953703703703704,6.9155300739757175,315145
original,training/flip/0060_000000025.jpg,flip,training,0060,25,1080,1920,3,0.44681150712599854,0.23987981694609634,0.19782551137739046,613.3358220306903,0.07000771604938272,6.856993544882625,321460
original,training/flip/0060_000000026.jpg,flip,training,0060,26,1080,1920,3,0.4491541753661341,0.24010100502487175,0.19828221450617284,611.4765472908093,0.06888888888888889,6.8023791435357,320042
original,training/flip/0060_000000027.jpg,flip,training,0060,27,1080,1920,3,0.4551668595679012,0.2413801291774509,0.196477441902687,617.699157770288,0.06901234567901235,6.817187115261251,322127
original,training/flip/0060_000000028.jpg,flip,training,0060,28,1080,1920,3,0.45727236519607845,0.24106495745920722,0.19475360460542243,584.6751925796731,0.06825617283950618,6.82258123267993,317856
original,training/flip/0060_000000029.jpg,flip,training,0060,29,1080,1920,3,0.45818770235717743,0.2393824027386768,0.19508033201706607,536.890431612702,0.06561728395061728,6.82510601116367,309568
original,training/flip/0060_000000030.jpg,flip,training,0060,30,1080,1920,3,0.4659943945170661,0.24127468545867062,0.19148866043330912,515.2696374313533,0.06631172839506173,6.83197521750726,303640
original,training/flip/0060_000000031.jpg,flip,training,0060,31,1080,1920,3,0.4669340485808521,0.24032167071067628,0.1915669272724522,507.81295035144933,0.06346450617283951,6.8357720055938085,301311
original,training/flip/0060_000000033.jpg,flip,training,0060,33,1080,1920,3,0.4765623146635197,0.23820717696769678,0.18998314761861534,437.76491387650515,0.0560570987654321,6.7876799940474015,285480
original,training/flip/0060_000000034.jpg,flip,training,0060,34,1080,1920,3,0.479538565117405,0.23802731373809255,0.18885835564935852,475.94945083870357,0.05821759259259259,6.727419197512226,292150
original,training/flip/0060_000000035.jpg,flip,training,0060,35,1080,1920,3,0.4796350043875575,0.2375514928501286,0.18835418179617527,473.8638094849656,0.05878858024691358,6.661168955012132,288427
original,training/flip/0060_000000036.jpg,flip,training,0060,36,1080,1920,3,0.4827819970194868,0.23881957128611864,0.18745265787642218,486.31872583013023,0.06193672839506173,6.673126530547382,291473
original,training/flip/0060_000000039.jpg,flip,training,0060,39,1080,1920,3,0.48513527671871215,0.24269998843561252,0.18817138896453642,567.7658683398467,0.06386574074074074,6.7468904741765945,305708
original,training/flip/0060_000000040.jpg,flip,training,0060,40,1080,1920,3,0.4880078919299201,0.24456114160845124,0.18786535872064875,571.1594122761393,0.06424382716049383,6.777991291098855,305929
original,training/flip/0060_000000041.jpg,flip,training,0060,41,1080,1920,3,0.48887549549140646,0.2452754894802719,0.18741351594650207,571.7611507656512,0.06554783950617284,6.792451968754798,311846
original,training/flip/0060_000000042.jpg,flip,training,0060,42,1080,1920,3,0.4928320435427257,0.24627063528375268,0.18579070216049384,555.1155461245904,0.06567901234567901,6.804844961482315,306133
original,training/flip/0060_000000045.jpg,flip,training,0060,45,1080,1920,3,0.4975559545963447,0.24979800304710625,0.1846932151718712,589.5510826545471,0.07168209876543209,6.928516192866365,317474
original,training/flip/0060_000000046.jpg,flip,training,0060,46,1080,1920,3,0.5010637973553619,0.2522645282580656,0.18347479234749456,545.6982415022838,0.06831790123456791,6.9547660387421555,315447
original,training/flip/0060_000000047.jpg,flip,training,0060,47,1080,1920,3,0.5008009769880174,0.25319475664924923,0.1846397096647301,535.8881053345526,0.06819444444444445,6.987803995488203,316284
original,training/flip/0060_000000048.jpg,flip,training,0060,48,1080,1920,3,0.5002832187273057,0.2538187243657413,0.186219029895909,546.6388390631548,0.06518518518518518,6.983575132754598,314097
original,training/flip/0060_000000049.jpg,flip,training,0060,49,1080,1920,3,0.4959180529078916,0.2530138655997077,0.19124022444626,570.4485165761101,0.06902777777777777,6.950407811681611,319245
original,training/flip/0060_000000050.jpg,flip,training,0060,50,1080,1920,3,0.4941167563090051,0.2512165887933782,0.19318816948075526,538.17300287917,0.06694444444444445,6.865409647968295,307993
original,training/flip/0060_000000051.jpg,flip,training,0060,51,1080,1920,3,0.49550154320987655,0.251423823658041,0.20043156166787704,493.6337922551345,0.06226851851851852,6.824698783616643,289068
original,training/flip/0060_000000054.jpg,flip,training,0060,54,1080,1920,3,0.5072925271574679,0.25158574484657015,0.20428793156923264,352.76256114963184,0.03921296296296296,6.74673009214444,248433
original,training/flip/0061_000000009.jpg,flip,training,0061,9,1080,1920,3,0.5357565491860324,0.26311843594878326,0.1445508918845316,389.7744612053588,0.056219135802469136,7.038907136044697,260527
original,training/flip/0061_000000012.jpg,flip,training,0061,12,1080,1920,3,0.5259401854877753,0.2632613430396487,0.14791966609174534,160.80434505005908,0.04486882716049383,7.117660107727966,221324
original,training/flip/0061_000000013.jpg,flip,training,0061,13,1080,1920,3,0.5252957043542726,0.2643720314536897,0.1486564485748003,141.9969773641118,0.041373456790123456,7.105942549895026,216763
original,training/flip/0061_000000014.jpg,flip,training,0061,14,1080,1920,3,0.518961207939966,0.26277728974392955,0.15384547287279107,141.9690121846898,0.04165895061728395,7.10007256290983,218523
original,training/flip/0061_000000015.jpg,flip,training,0061,15,1080,1920,3,0.5040635023299443,0.25841001090225735,0.16354041469983055,145.46772374393908,0.04334104938271605,7.106368227215484,213926
original,training/flip/0061_000000016.jpg,flip,training,0061,16,1080,1920,3,0.4912524831305979,0.25299441315461,0.1722431936123215,168.12503003519853,0.045794753086419754,7.094103979770285,223019
original,training/flip/0061_000000017.jpg,flip,training,0061,17,1080,1920,3,0.48285156439118854,0.2488545152618327,0.1800017058520939,210.82170520970269,0.049305555555555554,7.0708309930143525,235979
original,training/flip/0061_000000019.jpg,flip,training,0061,19,1080,1920,3,0.47433714786068754,0.2427084931045286,0.18578360831215202,340.8159006057932,0.05279320987654321,7.039729695470169,263010
original,training/flip/0061_000000020.jpg,flip,training,0061,20,1080,1920,3,0.4693615820170661,0.2390418725409617,0.19110608811425805,354.7780599836511,0.0510570987654321,7.02768574518238,267330
original,training/flip/0061_000000021.jpg,flip,training,0061,21,1080,1920,3,0.4640708212297265,0.23573528902651672,0.19646950458424112,394.4589769799168,0.05591049382716049,7.01469622156803,278852
original,training/flip/0061_000000022.jpg,flip,training,0061,22,1080,1920,3,0.46128955042665215,0.2323326699305579,0.19920818582062455,475.03667414641205,0.0593287037037037,6.956574554777534,293256
original,training/flip/0061_000000023.jpg,flip,training,0061,23,1080,1920,3,0.4622109772149601,0.23244800260614185,0.2007462611201888,536.072000227671,0.05845679012345679,6.899988643043051,304116
original,training/flip/0061_000000024.jpg,flip,training,0061,24,1080,1920,3,0.4634834615559187,0.2338699159613967,0.20174275674776085,543.8847626597984,0.058834876543209874,6.8611404055974425,307744
original,training/flip/0061_000000025.jpg,flip,training,0061,25,1080,1920,3,0.46229976473614137,0.23433129353223206,0.20361099953098524,526.372479624807,0.057762345679012346,6.85874221567569,306631
original,training/flip/0061_000000028.jpg,flip,training,0061,28,1080,1920,3,0.48133224022633747,0.2433212320759436,0.20005793845315903,504.73361879566517,0.05655864197530864,6.833114987299716,287373
original,training/flip/0061_000000030.jpg,flip,training,0061,30,1080,1920,3,0.4964792858115468,0.2493956313940072,0.19291042574437184,384.4568281663785,0.051751543209876544,6.840308990275544,276242
original,training/flip/0062_000000001.jpg,flip,training,0062,1,1080,1920,3,0.5087299174685307,0.2601039896396243,0.16416939943415637,404.1617216732872,0.0635108024691358,7.075851488996225,264927
original,training/flip/0062_000000002.jpg,flip,training,0062,2,1080,1920,3,0.5092241190843622,0.26059268541368297,0.1641540883714597,405.2154214758015,0.06390432098765432,7.073776951069389,265372
original,training/flip/0062_000000004.jpg,flip,training,0062,4,1080,1920,3,0.5109657373366012,0.2619366891155188,0.16411038867707575,404.4326986882716,0.06273148148148149,7.072959054931275,264326
original,training/flip/0062_000000005.jpg,flip,training,0062,5,1080,1920,3,0.5110903817931494,0.2625411062752927,0.16307416485112564,394.76029191791457,0.06285493827160493,7.0818032796380015,262022
original,training/flip/0062_000000007.jpg,flip,training,0062,7,1080,1920,3,0.5148107166091744,0.26690146297367084,0.16296000892641008,382.9711167293,0.06031635802469136,7.098414080726517,264824
original,training/flip/0062_000000008.jpg,flip,training,0062,8,1080,1920,3,0.5154416643972404,0.268928817155899,0.16336115082607117,366.3420758739498,0.060771604938271606,7.0971952396429225,265917
original,training/flip/0062_000000010.jpg,flip,training,0062,10,1080,1920,3,0.5132681762133866,0.2702680982764731,0.16539988993282498,326.4422481879191,0.05853395061728395,7.124988026313652,261256
original,training/flip/0062_000000014.jpg,flip,training,0062,14,1080,1920,3,0.49643282687303314,0.262110083312663,0.17156060502904866,310.8373458689962,0.05753858024691358,7.0823215369398955,266688
original,training/flip/0062_000000015.jpg,flip,training,0062,15,1080,1920,3,0.48550224673202613,0.25505463978498727,0.17800024774570322,303.3531637707666,0.056157407407407406,7.075962014958331,268830
original,training/flip/0062_000000016.jpg,flip,training,0062,16,1080,1920,3,0.47012054246853063,0.24824267441570685,0.1868501705852094,305.22061975094306,0.059814814814814814,7.095664155826688,270590
original,training/flip/0062_000000017.jpg,flip,training,0062,17,1080,1920,3,0.4612728190813362,0.24357389100268023,0.1914941354242314,312.97624566561643,0.06089506172839506,7.091343757012926,272037
original,training/flip/0062_000000019.jpg,flip,training,0062,19,1080,1920,3,0.4578100736050593,0.23920844105386618,0.19959441191600097,315.4023363147291,0.05801697530864198,6.99075361707796,271415
original,training/flip/0062_000000021.jpg,flip,training,0062,21,1080,1920,3,0.46211263919147905,0.23802798405269102,0.2019516366345921,292.2460000356629,0.05535493827160494,6.950700682439905,267627
original,training/flip/0062_000000022.jpg,flip,training,0062,22,1080,1920,3,0.46455651627935124,0.23733342533567436,0.2031965852699104,332.95593021262005,0.059382716049382715,6.906081433771544,278791
original,training/flip/0062_000000023.jpg,flip,training,0062,23,1080,1920,3,0.47476137739046237,0.24048178786503288,0.20031945200919873,345.6469520361202,0.05835648148148148,6.890410021469368,277226
original,training/flip/0062_000000024.jpg,flip,training,0062,24,1080,1920,3,0.47908854544904383,0.24048697678991546,0.19890090550108933,326.5275796109944,0.058179012345679015,6.841731977133911,274680
original,training/flip/0062_000000025.jpg,flip,training,0062,25,1080,1920,3,0.48096521536855485,0.2401349424720416,0.19935446169208423,310.2567314471879,0.058132716049382714,6.7930154550855715,274605
original,training/flip/0062_000000026.jpg,flip,training,0062,26,1080,1920,3,0.4885633056463326,0.24223033563439034,0.19774523042241587,295.4472354151782,0.058186728395061726,6.768000698639138,272024
original,training/flip/0062_000000027.jpg,flip,training,0062,27,1080,1920,3,0.4960810960572501,0.2432097296223496,0.19526434466533527,287.3908101508916,0.05864197530864197,6.745284898131796,272224
original,training/flip/0062_000000028.jpg,flip,training,0062,28,1080,1920,3,0.5025002761135318,0.24368706956369232,0.19361843568445897,286.1535736596341,0.058479938271604935,6.704374887396248,273902
original,training/flip/0062_000000029.jpg,flip,training,0062,29,1080,1920,3,0.5107503423051319,0.24550374584241175,0.19051348228334541,276.6447336067292,0.05739197530864198,6.690709349084737,272308
original,training/flip/0062_000000030.jpg,flip,training,0062,30,1080,1920,3,0.5167676523541516,0.24692638724075758,0.1881649702705156,279.8446941920058,0.055594135802469136,6.676303590565552,271323
original,training/flip/0063_000000010.jpg,flip,training,0063,10,1080,1920,3,0.4870575961480271,0.25061334642162514,0.15656218795388527,485.8535552335176,0.0591820987654321,7.060339637934647,295321
original,training/flip/0063_000000012.jpg,flip,training,0063,12,1080,1920,3,0.48082189920721374,0.2484967052956443,0.16035398511256355,475.7971061227686,0.05992283950617284,7.059912024542189,295241
original,training/flip/0063_000000013.jpg,flip,training,0063,13,1080,1920,3,0.4547363815510772,0.23824686922229965,0.17913195390038733,425.78949145227244,0.05228395061728395,7.046324693260456,280420
original,training/flip/0063_000000015.jpg,flip,training,0063,15,1080,1920,3,0.44354962100580975,0.22947638953879515,0.1887333726700557,425.2691418981482,0.05462962962962963,7.026466903449657,291369
original,training/flip/0063_000000016.jpg,flip,training,0063,16,1080,1920,3,0.43673000446320503,0.22274582791664965,0.19260491746853062,455.98204661041575,0.057762345679012346,6.955104795538761,307803
original,training/flip/0063_000000017.jpg,flip,training,0063,17,1080,1920,3,0.43414908617768094,0.21997359538555383,0.20009508707032198,487.5317300859243,0.06429012345679012,6.94639150001572,325643
original,training/flip/0063_000000018.jpg,flip,training,0063,18,1080,1920,3,0.4380597161704188,0.2181279382802557,0.2026075878267974,484.9656215658222,0.06817901234567901,6.876195082956554,329564
original,training/flip/0063_000000019.jpg,flip,training,0063,19,1080,1920,3,0.44085480399721616,0.21665911842706218,0.20259713333635923,435.68187334956326,0.06361882716049383,6.807368194814195,317628
original,training/flip/0063_000000020.jpg,flip,training,0063,20,1080,1920,3,0.45678335300169454,0.22092646247236022,0.1986663924443234,380.16819926215277,0.059459876543209875,6.784675520439249,299770
original,training/flip/0063_000000021.jpg,flip,training,0063,21,1080,1920,3,0.4638781147875817,0.22410064627666473,0.19869284639009926,375.4987308155555,0.05583333333333333,6.768598311288252,295077
original,training/flip/0063_000000022.jpg,flip,training,0063,22,1080,1920,3,0.47375534260772206,0.22880777824803325,0.19379322878842895,382.31372250794226,0.057415123456790125,6.8403273044459425,293733
original,training/flip/0064_000000019.jpg,flip,training,0064,19,1080,1920,3,0.5136042687908497,0.2617060956599575,0.15288750264766401,538.6143059794024,0.06659722222222222,7.124345665785906,311627
original,training/flip/0064_000000020.jpg,flip,training,0064,20,1080,1920,3,0.5027204104635682,0.2580598593023422,0.15875002458545145,541.5961615452579,0.06518518518518518,7.1416438957538695,308435
original,training/flip/0064_000000021.jpg,flip,training,0064,21,1080,1920,3,0.4862214600732268,0.2513457630447262,0.1677238051470588,490.044301303155,0.05767746913580247,7.131215856831358,291727
original,training/flip/0064_000000022.jpg,flip,training,0064,22,1080,1920,3,0.46780106398269183,0.24482087218922943,0.18248432772028567,485.0438505653078,0.05558641975308642,7.101907055647411,291575
original,training/flip/0064_000000023.jpg,flip,training,0064,23,1080,1920,3,0.46057396438513676,0.23904768756608702,0.1932155330882353,534.3500097012651,0.06140432098765432,7.046858069005039,309236
original,training/flip/0064_000000024.jpg,flip,training,0064,24,1080,1920,3,0.44294803959392404,0.23060796368877898,0.20544987593802952,549.7043651920438,0.06747685185185186,7.015073633205246,322798
original,training/flip/0064_000000025.jpg,flip,training,0064,25,1080,1920,3,0.4404787638435004,0.2291015861151117,0.20744154336117163,559.0758940514379,0.0730246913580247,6.974880606328968,334885
original,training/flip/0064_000000026.jpg,flip,training,0064,26,1080,1920,3,0.44329381127450984,0.23146979470670526,0.20877805010893247,539.7589438955094,0.07250771604938272,6.9244015857929515,326246
original,training/flip/0064_000000028.jpg,flip,training,0064,28,1080,1920,3,0.4545159767610748,0.23743721160389503,0.20990193619886224,384.9847448881173,0.0598533950617284,6.805818172730687,288670
original,training/flip/0064_000000029.jpg,flip,training,0064,29,1080,1920,3,0.46848238168724277,0.24506571564826993,0.2044091151506899,425.53058436190173,0.06044753086419753,6.814543054853624,287904
original,training/flip/0065_000000002.jpg,flip,training,0065,2,1080,1920,3,0.5189277112079399,0.2642461072382188,0.15368228599310094,629.7477212770062,0.07238425925925926,7.020802364104466,320341
original,training/flip/0065_000000003.jpg,flip,training,0065,3,1080,1920,3,0.5190443616103849,0.26501168497999306,0.15368319754599372,646.1345650603471,0.07289351851851852,7.016862767315521,323821
original,training/flip/0065_000000004.jpg,flip,training,0065,4,1080,1920,3,0.519260295630598,0.2655212781539192,0.15379155130416367,646.495837630506,0.07270833333333333,7.013558464237595,324292
original,training/flip/0065_000000006.jpg,flip,training,0065,6,1080,1920,3,0.519970877587146,0.2669286365262066,0.1559424038519729,575.4976063642523,0.06495370370370371,7.013456662184294,308062
original,training/flip/0065_000000007.jpg,flip,training,0065,7,1080,1920,3,0.519962910009683,0.26870717032145897,0.15665952932098767,628.1880461247691,0.07037037037037037,7.020441992535187,318719
original,training/flip/0065_000000008.jpg,flip,training,0065,8,1080,1920,3,0.5215713904774872,0.2698886972976825,0.15664119992132655,606.6445366506988,0.0699537037037037,7.0365464025148405,316226
original,training/flip/0065_000000009.jpg,flip,training,0065,9,1080,1920,3,0.5232339097676107,0.27205277762802227,0.1569032959634471,615.0647971702462,0.0701929012345679,7.049425115169538,318652
original,training/flip/0065_000000010.jpg,flip,training,0065,10,1080,1920,3,0.5243166473765432,0.27392634034908697,0.1574829622821351,604.1617716406012,0.06899691358024691,7.0522111325823555,317555
original,training/flip/0065_000000011.jpg,flip,training,0065,11,1080,1920,3,0.5242481768942145,0.274861252629455,0.15787757012527234,598.5212306369432,0.07111111111111111,7.070822983210852,318813
original,training/flip/0065_000000012.jpg,flip,training,0065,12,1080,1920,3,0.5225041852003147,0.2744945294129075,0.15854346329581215,572.3824744167715,0.06907407407407408,7.084498713704888,316360
original,training/flip/0065_000000013.jpg,flip,training,0065,13,1080,1920,3,0.5199774986383443,0.27471733155803285,0.15995053974521908,556.0678668457552,0.06809413580246913,7.08947478175827,313288
original,training/flip/0065_000000014.jpg,flip,training,0065,14,1080,1920,3,0.5187720985384894,0.27565868530624316,0.1615506933097313,569.1480147947507,0.06690586419753086,7.089232899315208,315828
original,training/flip/0065_000000015.jpg,flip,training,0065,15,1080,1920,3,0.5137730138737594,0.274311276484326,0.16362885045993705,534.2775297038728,0.06445216049382715,7.068920485718131,308326
original,training/flip/0065_000000017.jpg,flip,training,0065,17,1080,1920,3,0.5054401722494554,0.27172170650471467,0.16789790418482206,491.9055312256492,0.05951388888888889,7.027549513911222,300206
original,training/flip/0065_000000018.jpg,flip,training,0065,18,1080,1920,3,0.4936842225702009,0.2660924946870684,0.17435196532316632,468.2705250333409,0.05739197530864198,7.030017820179658,298190
original,training/flip/0065_000000019.jpg,flip,training,0065,19,1080,1920,3,0.48182305850580975,0.25954752198876513,0.18138021022452191,444.8275346016589,0.055385802469135804,7.010834751539506,294332
original,training/flip/0065_000000020.jpg,flip,training,0065,20,1080,1920,3,0.47143461593742436,0.25473351651983617,0.1870187397875817,443.6401636478815,0.056805555555555554,7.013502841871328,297068
original,training/flip/0065_000000021.jpg,flip,training,0065,21,1080,1920,3,0.46153623517308157,0.2503551351050125,0.19192268631989834,440.93318909316173,0.05709104938271605,7.014170498559206,295408
original,training/flip/0065_000000022.jpg,flip,training,0065,22,1080,1920,3,0.45231281204611473,0.24453965778147532,0.19944504206003388,419.0549111448688,0.05550154320987654,6.988584074535554,290579
original,training/flip/0065_000000024.jpg,flip,training,0065,24,1080,1920,3,0.4614268147845558,0.24258598545683258,0.20118688725490194,370.12391303131193,0.05388117283950617,6.969807821256162,276258
original,training/flip/0065_000000027.jpg,flip,training,0065,27,1080,1920,3,0.4830717422385621,0.24300721235997103,0.19957126187666424,294.3964722391309,0.04806327160493827,6.821884370353546,257613
original,training/flip/0065_000000028.jpg,flip,training,0065,28,1080,1920,3,0.49199543088840475,0.24313942762611265,0.19914612457637376,282.22128189866015,0.048449074074074075,6.779813348701807,249623
original,training/flip/0065_000000029.jpg,flip,training,0065,29,1080,1920,3,0.5037577349612684,0.24581773376909946,0.1946790577342048,309.165987263696,0.047623456790123454,6.691321882652464,251703
original,training/notflip/0001_000000001.jpg,notflip,training,0001,1,1080,1920,3,0.5421308702493343,0.2456170546663094,0.1935203454066812,835.7843666149881,0.08682098765432099,7.170327364701198,357396
original,training/notflip/0001_000000003.jpg,notflip,training,0001,3,1080,1920,3,0.5421288826101428,0.245617867516956,0.19349904305858145,835.8822296033736,0.08670524691358025,7.170245129056662,357375
original,training/notflip/0001_000000005.jpg,notflip,training,0001,5,1080,1920,3,0.5424841348190511,0.24528256373412308,0.19318939307976277,818.2522287546082,0.08590277777777777,7.174619238271161,363804
original,training/notflip/0001_000000006.jpg,notflip,training,0001,6,1080,1920,3,0.5432990574316147,0.24446038776661436,0.19207174791212783,769.4621059665424,0.0862962962962963,7.173655964366929,366989
original,training/notflip/0001_000000007.jpg,notflip,training,0001,7,1080,1920,3,0.5438385170812152,0.24367104466119138,0.19128711079339142,782.7205856993504,0.08584104938271606,7.17574411375181,369981
original,training/notflip/0001_000000008.jpg,notflip,training,0001,8,1080,1920,3,0.5443060340262649,0.2436446372253924,0.19111906923263133,778.7096936080032,0.08657407407407407,7.174495757656318,375401
original,training/notflip/0001_000000010.jpg,notflip,training,0001,10,1080,1920,3,0.5431272467320261,0.24361198293357167,0.19096122874304045,778.7256326624657,0.0851466049382716,7.177679429536261,376751
original,training/notflip/0001_000000011.jpg,notflip,training,0001,11,1080,1920,3,0.5422502969166062,0.2442736120817221,0.19139679973069476,798.7914163237313,0.08709876543209877,7.183731428379735,377412
original,training/notflip/0001_000000012.jpg,notflip,training,0001,12,1080,1920,3,0.5420400988713386,0.24457625467334204,0.19138240400326798,810.2685050439505,0.08540123456790123,7.1833648879207885,379632
original,training/notflip/0001_000000013.jpg,notflip,training,0001,13,1080,1920,3,0.5426626214143064,0.2441336934198188,0.19038654570624547,796.3687884130062,0.08707561728395062,7.1810411895212765,381988
original,training/notflip/0001_000000015.jpg,notflip,training,0001,15,1080,1920,3,0.5424849007504237,0.24269833935888527,0.18969264403292183,802.8505009830224,0.0856712962962963,7.181793829943757,378358
original,training/notflip/0001_000000016.jpg,notflip,training,0001,16,1080,1920,3,0.5419354991224885,0.24297373719463664,0.19004867352033408,766.9561959061476,0.08521604938271606,7.182406140306247,378211
original,training/notflip/0001_000000017.jpg,notflip,training,0001,17,1080,1920,3,0.5412041651537158,0.24429829458254926,0.19057460549806343,809.7056352344822,0.08616512345679013,7.189188672654865,387125
original,training/notflip/0001_000000018.jpg,notflip,training,0001,18,1080,1920,3,0.5414330954218107,0.24408642865155017,0.18978925729242316,798.1839290978414,0.08701388888888889,7.193081991156047,384686
original,training/notflip/0001_000000019.jpg,notflip,training,0001,19,1080,1920,3,0.5413809023995401,0.24367304440294515,0.1895890655259017,803.9484782878349,0.0861574074074074,7.194574254942075,384672
original,training/notflip/0001_000000020.jpg,notflip,training,0001,20,1080,1920,3,0.5413421330337691,0.2435538435772546,0.18925926493282497,815.2035426025353,0.08689814814814815,7.200312491145569,386213
original,training/notflip/0001_000000021.jpg,notflip,training,0001,21,1080,1920,3,0.5411179231723553,0.24391856915671353,0.18922045206971677,825.5258427982943,0.0863503086419753,7.205390919599372,388441
original,training/notflip/0001_000000022.jpg,notflip,training,0001,22,1080,1920,3,0.5409207800018155,0.2443062436415735,0.18888263661946258,817.653944973077,0.08608796296296296,7.211976194409887,389068
original,training/notflip/0001_000000023.jpg,notflip,training,0001,23,1080,1920,3,0.5406515277021302,0.24299523102047,0.18837951237593803,713.328589368046,0.08592592592592592,7.213358051574614,370531
original,training/notflip/0001_000000025.jpg,notflip,training,0001,25,1080,1920,3,0.539436469302227,0.24540047576647103,0.18954028609900753,810.7745463639308,0.08548611111111111,7.2234515527686565,386399
original,training/notflip/0001_000000026.jpg,notflip,training,0001,26,1080,1920,3,0.539255022996853,0.24545799831462847,0.1896625684610264,814.3854941691434,0.08852623456790124,7.228073165891943,387609
original,training/notflip/0001_000000027.jpg,notflip,training,0001,27,1080,1920,3,0.5381799636135319,0.2454060007388247,0.1904672105725006,760.099134447338,0.0873996913580247,7.224757181082383,379838
original,training/notflip/0001_000000028.jpg,notflip,training,0001,28,1080,1920,3,0.5363878033466474,0.2465934810081119,0.19172477910917451,798.6205530215835,0.08674382716049382,7.22303241599575,385823
original,training/notflip/0001_000000029.jpg,notflip,training,0001,29,1080,1920,3,0.5356639244432341,0.24688821582959944,0.19271546311425805,825.23724679778,0.0872608024691358,7.218979712741046,389847
original,training/notflip/0001_000000030.jpg,notflip,training,0001,30,1080,1920,3,0.5355370427106028,0.24616618431072376,0.1926302196804648,806.2774532964083,0.08668981481481482,7.211795854080746,387099
original,training/notflip/0002_000000001.jpg,notflip,training,0002,1,1080,1920,3,0.5689555513949407,0.24397198642553458,0.17065889009924956,543.1423244164738,0.07260030864197531,7.16819929287307,325105
original,training/notflip/0002_000000002.jpg,notflip,training,0002,2,1080,1920,3,0.5687665913973614,0.24443753968677798,0.1703655970104091,548.7674152515218,0.07386574074074075,7.171849986875062,335067
original,training/notflip/0002_000000004.jpg,notflip,training,0002,4,1080,1920,3,0.5683875442538127,0.24420781595605748,0.17022086434882597,530.8765224849013,0.07201388888888889,7.173054394399074,335047
original,training/notflip/0002_000000005.jpg,notflip,training,0002,5,1080,1920,3,0.5667537313150569,0.2440353114199237,0.17030519055616075,505.93745784601964,0.07314043209876543,7.1808392541837796,330349
original,training/notflip/0002_000000007.jpg,notflip,training,0002,7,1080,1920,3,0.5647275024207213,0.24346150681529102,0.17029544526143792,397.436980589611,0.06876543209876543,7.188667807522142,304961
original,training/notflip/0002_000000009.jpg,notflip,training,0002,9,1080,1920,3,0.5638175759501332,0.2436144782628415,0.17073234008109417,379.85534045728315,0.06580246913580247,7.192970061689499,296939
original,training/notflip/0002_000000010.jpg,notflip,training,0002,10,1080,1920,3,0.5614938271604938,0.24375838145734371,0.1720403295963447,423.0195148247576,0.0671682098765432,7.208414847783041,304145
original,training/notflip/0002_000000011.jpg,notflip,training,0002,11,1080,1920,3,0.5606023605815783,0.24407221525124415,0.17226063982691842,484.83909821649706,0.07186728395061728,7.217000587947389,319219
original,training/notflip/0002_000000013.jpg,notflip,training,0002,13,1080,1920,3,0.5585182821199467,0.24431642010863264,0.17293335451464537,563.5351955408856,0.07572530864197531,7.23212893733233,344399
original,training/notflip/0002_000000014.jpg,notflip,training,0002,14,1080,1920,3,0.5567889641581941,0.24394169878472455,0.17335672355361897,568.0699931982073,0.07698302469135802,7.23035041364375,347339
original,training/notflip/0002_000000016.jpg,notflip,training,0002,16,1080,1920,3,0.5558977812575647,0.24367102130052065,0.17372385620915032,571.2024659862731,0.07567901234567902,7.225088641559365,349484
original,training/notflip/0002_000000017.jpg,notflip,training,0002,17,1080,1920,3,0.5545733686607358,0.24360111808439838,0.1740876660463568,572.3634305740717,0.07652006172839507,7.225306200232332,350663
original,training/notflip/0002_000000018.jpg,notflip,training,0002,18,1080,1920,3,0.554370998244977,0.2432534995667198,0.17410951116557732,548.2737414122632,0.07550925925925926,7.220482884984401,346830
original,training/notflip/0002_000000019.jpg,notflip,training,0002,19,1080,1920,3,0.5540102672627694,0.24332230533101076,0.17444647936335025,562.6215198401896,0.07567129629629629,7.2210772862294155,349687
original,training/notflip/0002_000000020.jpg,notflip,training,0002,20,1080,1920,3,0.5536118392187122,0.2433668866392581,0.17483076509924958,556.4487419309532,0.07570216049382716,7.221109002418122,349706
original,training/notflip/0002_000000021.jpg,notflip,training,0002,21,1080,1920,3,0.55305858713084,0.24350016252189313,0.1753172847070927,553.7075535821878,0.07511574074074075,7.220492505815223,350407
original,training/notflip/0002_000000022.jpg,notflip,training,0002,22,1080,1920,3,0.5524531533678286,0.2430105078021113,0.17556736602820142,551.7691427035107,0.07359567901234568,7.217148511838192,348015
original,training/notflip/0002_000000023.jpg,notflip,training,0002,23,1080,1920,3,0.5519697031590414,0.2428048133795326,0.17580817106935367,566.2827070467894,0.07454475308641975,7.217120616459358,352548
original,training/notflip/0002_000000024.jpg,notflip,training,0002,24,1080,1920,3,0.5516531333212297,0.24281032425095841,0.1759563419117647,568.411780977021,0.0738425925925926,7.215301722139074,352722
original,training/notflip/0002_000000025.jpg,notflip,training,0002,25,1080,1920,3,0.5515857275780682,0.2426105098713909,0.17573529411764705,544.982052373876,0.07440586419753087,7.212147828834594,350107
original,training/notflip/0002_000000029.jpg,notflip,training,0002,29,1080,1920,3,0.5508546470285645,0.24155416605692964,0.17511943234083757,562.7609643746547,0.07547839506172839,7.213980204692798,354391
original,training/notflip/0002_000000030.jpg,notflip,training,0002,30,1080,1920,3,0.5489660115589445,0.24025056513924878,0.17720076101428225,543.6266743655096,0.07459876543209877,7.19202212738876,338286
original,training/notflip/0003_000000001.jpg,notflip,training,0003,1,1080,1920,3,0.5598317163671025,0.23437081865039297,0.20216965663580247,530.4605359838797,0.0766358024691358,7.120539502677547,353303
original,training/notflip/0003_000000002.jpg,notflip,training,0003,2,1080,1920,3,0.5610635117858871,0.2340920529102661,0.19996691176470588,521.0308190898395,0.07696759259259259,7.113201357782209,360415
original,training/notflip/0003_000000003.jpg,notflip,training,0003,3,1080,1920,3,0.562833618902808,0.23399615424093273,0.19698549458363593,545.1577608443836,0.0758179012345679,7.101297869615165,364613
original,training/notflip/0003_000000005.jpg,notflip,training,0003,5,1080,1920,3,0.566337811667877,0.2343204995521359,0.19001580844529167,539.0221993596155,0.07439814814814814,7.079495145240995,364810
original,training/notflip/0003_000000006.jpg,notflip,training,0003,6,1080,1920,3,0.5679530455700799,0.23438921919225575,0.18566724915274754,524.0366812399382,0.07409722222222222,7.070532128834626,367523
original,training/notflip/0003_000000007.jpg,notflip,training,0003,7,1080,1920,3,0.5695920082153232,0.23448655313055944,0.1825807575344953,524.886383167343,0.07253858024691358,7.074107219378198,366622
original,training/notflip/0003_000000008.jpg,notflip,training,0003,8,1080,1920,3,0.5701673399297992,0.23502598700415214,0.1807882492889131,536.4038243310376,0.07257716049382716,7.076911620560669,371526
original,training/notflip/0003_000000009.jpg,notflip,training,0003,9,1080,1920,3,0.571691204838417,0.23481674542836867,0.17833124546114743,541.6559548180061,0.07280092592592592,7.0752417885259185,372633
original,training/notflip/0003_000000010.jpg,notflip,training,0003,10,1080,1920,3,0.569977353016824,0.2341370612265687,0.17794897384107966,558.4588194372403,0.07409722222222222,7.101332223175827,373551
original,training/notflip/0003_000000011.jpg,notflip,training,0003,11,1080,1920,3,0.5702770080640281,0.2340808823090354,0.17666692386831276,566.6285411293413,0.07366512345679012,7.101753941153214,373847
original,training/notflip/0003_000000012.jpg,notflip,training,0003,12,1080,1920,3,0.5703486462872186,0.2335614785641899,0.1762378358750908,548.3393407916452,0.0733179012345679,7.096851845049646,369621
original,training/notflip/0003_000000013.jpg,notflip,training,0003,13,1080,1920,3,0.5700784597403776,0.23271287008304098,0.17553034033829581,523.6255239969136,0.07486882716049383,7.09598591363182,367261
original,training/notflip/0003_000000014.jpg,notflip,training,0003,14,1080,1920,3,0.5688461423535464,0.23244367204746444,0.17610626588598402,547.0990661364859,0.07541666666666667,7.108581788998153,370546
original,training/notflip/0003_000000015.jpg,notflip,training,0003,15,1080,1920,3,0.5692149695140402,0.23247350275285497,0.1752114575768579,551.8978693949093,0.0751388888888889,7.100636715186616,370528
original,training/notflip/0003_000000016.jpg,notflip,training,0003,16,1080,1920,3,0.5687827951010651,0.2320535788481875,0.17445179360324378,546.4710811208632,0.07594907407407407,7.098404657702572,368113
original,training/notflip/0003_000000017.jpg,notflip,training,0003,17,1080,1920,3,0.5693061834301623,0.2319232585324365,0.17311892928467684,551.0517872870348,0.07604166666666666,7.094846226544531,369377
original,training/notflip/0003_000000019.jpg,notflip,training,0003,19,1080,1920,3,0.567805375892641,0.23088916991981345,0.1726849487866134,549.4489398619089,0.07504629629629629,7.094267169008159,367735
original,training/notflip/0003_000000020.jpg,notflip,training,0003,20,1080,1920,3,0.5674991659858388,0.23069419626504087,0.17241284079218108,543.1279335838668,0.07688271604938271,7.090914547164726,366596
original,training/notflip/0003_000000021.jpg,notflip,training,0003,21,1080,1920,3,0.5673459021725975,0.23056922600727336,0.17196567114500122,539.418587726659,0.07627314814814815,7.087164457487956,369006
original,training/notflip/0003_000000022.jpg,notflip,training,0003,22,1080,1920,3,0.5661577137799564,0.23036135532614888,0.17269325488683127,553.0819289036899,0.07795524691358025,7.090608379954698,371358
original,training/notflip/0003_000000023.jpg,notflip,training,0003,23,1080,1920,3,0.5654244129750665,0.23018650385827605,0.172861018442871,545.6747675010837,0.0759567901234568,7.091750506890559,370584
original,training/notflip/0003_000000024.jpg,notflip,training,0003,24,1080,1920,3,0.5647505503358751,0.2302404006279126,0.17406000930464777,550.9422361748758,0.07756944444444444,7.096301781261421,371167
original,training/notflip/0003_000000026.jpg,notflip,training,0003,26,1080,1920,3,0.559467475338901,0.22871198835044815,0.1749930442084241,565.3025259211034,0.07703703703703704,7.1197175592866975,357904
original,training/notflip/0003_000000027.jpg,notflip,training,0003,27,1080,1920,3,0.559153229771847,0.2286058343385566,0.17512148617162915,545.9515232424554,0.07727623456790124,7.12283813524372,356663
original,training/notflip/0003_000000028.jpg,notflip,training,0003,28,1080,1920,3,0.558253744553377,0.2255888534415196,0.176341684822077,388.7288461076222,0.07057098765432099,7.104745030652281,319629
original,training/notflip/0003_000000029.jpg,notflip,training,0003,29,1080,1920,3,0.5575242847524812,0.22557950797887547,0.17693961245763737,463.60426427373875,0.07272376543209877,7.1165757317198235,338718
original,training/notflip/0004_000000001.jpg,notflip,training,0004,1,1080,1920,3,0.534116996489954,0.2564467626281497,0.20744355558581457,850.6986880427431,0.10246141975308642,7.290076874196746,407817
original,training/notflip/0004_000000003.jpg,notflip,training,0004,3,1080,1920,3,0.535883474416001,0.2553553673780769,0.20610042589566693,836.0683377569635,0.10354166666666667,7.28948525557504,413856
original,training/notflip/0004_000000005.jpg,notflip,training,0004,5,1080,1920,3,0.5367153590988865,0.25559042458630427,0.20477272830428467,848.4966971305346,0.10411265432098765,7.290589108264879,413914
original,training/notflip/0004_000000006.jpg,notflip,training,0004,6,1080,1920,3,0.5373764808006536,0.25502601069525893,0.20375375590050834,827.7955323940115,0.10378086419753087,7.286632339241734,413733
original,training/notflip/0004_000000007.jpg,notflip,training,0004,7,1080,1920,3,0.538216391687848,0.2541761949609979,0.20256599113410798,811.0008555807398,0.1037962962962963,7.2847759196580775,408764
original,training/notflip/0004_000000008.jpg,notflip,training,0004,8,1080,1920,3,0.539285403050109,0.2526940274521898,0.20180907505749213,794.334405130637,0.10456018518518519,7.276680141952237,403118
original,training/notflip/0004_000000009.jpg,notflip,training,0004,9,1080,1920,3,0.5405842902747519,0.25085704577469115,0.20178714672597434,775.1414028346954,0.10226851851851852,7.252557474947443,399282
original,training/notflip/0004_000000011.jpg,notflip,training,0004,11,1080,1920,3,0.5422394849915275,0.24913508354295455,0.20243525326797385,790.7786187699451,0.09797067901234568,7.206286762737172,388071
original,training/notflip/0004_000000013.jpg,notflip,training,0004,13,1080,1920,3,0.5419265197591382,0.25120086675319014,0.2009233841684822,740.8707559289742,0.08938271604938272,7.2020290607035236,375378
original,training/notflip/0004_000000014.jpg,notflip,training,0004,14,1080,1920,3,0.5445262024176954,0.2493638489227902,0.19489910698075527,710.3428309751157,0.08941358024691358,7.160639931379359,369201
original,training/notflip/0004_000000017.jpg,notflip,training,0004,17,1080,1920,3,0.5543423751059066,0.24778674268792727,0.1870127882171387,671.6098910598613,0.08779320987654321,7.1305427506398065,379283
original,training/notflip/0004_000000018.jpg,notflip,training,0004,18,1080,1920,3,0.5550390416969256,0.24734645276706843,0.1866941702221012,675.6106614759565,0.08993055555555556,7.140501299083118,390116
original,training/notflip/0004_000000019.jpg,notflip,training,0004,19,1080,1920,3,0.5524994912702735,0.2484649868972395,0.18702538542423144,708.4089499978567,0.09327160493827161,7.1703829388735265,395943
original,training/notflip/0004_000000021.jpg,notflip,training,0004,21,1080,1920,3,0.5511248884198742,0.2497088399960445,0.18690163549987895,745.1616245707947,0.09688271604938271,7.208896450452954,397346
original,training/notflip/0004_000000022.jpg,notflip,training,0004,22,1080,1920,3,0.5497850248123941,0.2508863191387615,0.18575447644335513,739.9168357253086,0.09584104938271605,7.227927269360349,404040
original,training/notflip/0004_000000024.jpg,notflip,training,0004,24,1080,1920,3,0.5479739280743162,0.25278902602276654,0.18661648776022755,753.179351489626,0.09713734567901235,7.259794724466053,404678
original,training/notflip/0004_000000025.jpg,notflip,training,0004,25,1080,1920,3,0.5476185113320019,0.2525167844822221,0.1856059311456064,724.5712534716863,0.09621141975308642,7.2548315612511285,402581
original,training/notflip/0004_000000026.jpg,notflip,training,0004,26,1080,1920,3,0.547228334543694,0.2534550840858206,0.18439416530501088,783.1884590704067,0.09660493827160493,7.252518624646223,408463
original,training/notflip/0004_000000027.jpg,notflip,training,0004,27,1080,1920,3,0.5473110645878722,0.25334754397262643,0.18418403534253208,784.7567492912071,0.09850308641975308,7.252741708986629,408555
original,training/notflip/0004_000000028.jpg,notflip,training,0004,28,1080,1920,3,0.5469338783738804,0.2529695137288729,0.18427299874425077,767.7389444439085,0.09824845679012345,7.255212843943435,408019
original,training/notflip/0004_000000030.jpg,notflip,training,0004,30,1080,1920,3,0.5453180752239167,0.2534745116780123,0.1837956797688211,763.639799166893,0.0985570987654321,7.260491344092694,408656
original,training/notflip/0004_000000031.jpg,notflip,training,0004,31,1080,1920,3,0.5446449501482692,0.2532062952075637,0.1842976598432583,766.6685674287457,0.10087191358024691,7.265363314712301,408319
original,training/notflip/0004_000000032.jpg,notflip,training,0004,32,1080,1920,3,0.5435436202644638,0.2531870442561304,0.1845967116013072,784.7505365735382,0.09895061728395062,7.269535378228486,412349
original,training/notflip/0004_000000033.jpg,notflip,training,0004,33,1080,1920,3,0.5432485135257807,0.2530406655142805,0.18448195238743645,788.7744522459896,0.09976080246913581,7.271416308883776,413236
original,training/notflip/0004_000000034.jpg,notflip,training,0004,34,1080,1920,3,0.5422556338507626,0.2526731748991547,0.18497509115528926,793.11128517941,0.09974537037037037,7.276968692864439,412442
original,training/notflip/0004_000000035.jpg,notflip,training,0004,35,1080,1920,3,0.5414946006566207,0.2521216513657615,0.18473588416848222,747.4961546296296,0.09982253086419753,7.2720802611502595,406547
original,training/notflip/0005_000000001.jpg,notflip,training,0005,1,1080,1920,3,0.5367371134410555,0.24346537308771862,0.2260586514312515,470.29812977912815,0.07779320987654322,7.086507024348934,330666
original,training/notflip/0005_000000002.jpg,notflip,training,0005,2,1080,1920,3,0.5383035981753813,0.24383920378803858,0.22482066993464053,487.48924290069874,0.07669753086419753,7.084012470282287,345406
original,training/notflip/0005_000000003.jpg,notflip,training,0005,3,1080,1920,3,0.539227965761922,0.2439659654634513,0.22400533315177923,494.7028142355753,0.0771141975308642,7.080812424490434,349216
original,training/notflip/0005_000000004.jpg,notflip,training,0005,4,1080,1920,3,0.5399511089929798,0.24316743838837884,0.22303360642096345,432.66152514092505,0.076875,7.086081340157854,336204
original,training/notflip/0005_000000006.jpg,notflip,training,0005,6,1080,1920,3,0.5421836533224401,0.24289710897406358,0.220292095966473,420.92913558664605,0.07317901234567901,7.072737074919204,336217
original,training/notflip/0005_000000007.jpg,notflip,training,0005,7,1080,1920,3,0.5431647527838296,0.24245247596433933,0.21855925850278385,417.44646122202926,0.07059413580246914,7.069468951237642,337053
original,training/notflip/0005_000000008.jpg,notflip,training,0005,8,1080,1920,3,0.5452828783133624,0.2432783816582944,0.21637321471798596,434.72767870156036,0.07108796296296296,7.072664929465888,343185
original,training/notflip/0005_000000010.jpg,notflip,training,0005,10,1080,1920,3,0.5500695087448559,0.2455757908152455,0.2126582357480029,451.49058413256364,0.06611882716049383,7.093086768738516,341511
original,training/notflip/0005_000000011.jpg,notflip,training,0005,11,1080,1920,3,0.5519387046871218,0.24716033404222723,0.21103026279956424,463.99753047357257,0.06545524691358025,7.100865184025654,344236
original,training/notflip/0005_000000013.jpg,notflip,training,0005,13,1080,1920,3,0.5542008555737109,0.2496481954574023,0.20703343243161462,457.2052268137479,0.06790895061728396,7.130747393244672,349876
original,training/notflip/0005_000000014.jpg,notflip,training,0005,14,1080,1920,3,0.5555337539336722,0.2503664179972942,0.20389446789518276,452.81309334490743,0.07081018518518518,7.135599824043355,352481
original,training/notflip/0005_000000015.jpg,notflip,training,0005,15,1080,1920,3,0.5560064111292665,0.2509125816669496,0.20047340421508109,485.55213881172835,0.07599537037037037,7.141460290751586,357384
original,training/notflip/0005_000000016.jpg,notflip,training,0005,16,1080,1920,3,0.5556368747730573,0.25127948273734607,0.19778271756233357,490.752059750562,0.07578703703703704,7.144366799732671,365304
original,training/notflip/0005_000000017.jpg,notflip,training,0005,17,1080,1920,3,0.5554228357237957,0.25085269110741604,0.19536471193415636,493.091886091821,0.07905864197530864,7.142606071797729,368140
original,training/notflip/0005_000000019.jpg,notflip,training,0005,19,1080,1920,3,0.5556338091563786,0.2501047097461812,0.19115674549140643,476.13390769675925,0.07954475308641976,7.148013120529768,364383
original,training/notflip/0005_000000020.jpg,notflip,training,0005,20,1080,1920,3,0.5560458159343984,0.24968964834613075,0.18962993411099008,323.7100491764188,0.06582561728395062,7.120332124874019,304360
original,training/notflip/0005_000000021.jpg,notflip,training,0005,21,1080,1920,3,0.5560895250847253,0.24999060935008507,0.18884842123577825,326.91523028096896,0.06663580246913581,7.120671680707703,306538
original,training/notflip/0005_000000023.jpg,notflip,training,0005,23,1080,1920,3,0.5532532887769306,0.25006587193762836,0.18924149721617042,328.3141505906112,0.06948302469135803,7.12822010038661,302673
original,training/notflip/0005_000000024.jpg,notflip,training,0005,24,1080,1920,3,0.552863337040063,0.2499166920344435,0.18924087312394094,370.7899458775696,0.07449074074074075,7.132288483281351,316853
original,training/notflip/0005_000000025.jpg,notflip,training,0005,25,1080,1920,3,0.5517772444625999,0.24957900182280138,0.189558498244977,386.3056167121532,0.07626543209876543,7.136815365402051,322293
original,training/notflip/0005_000000026.jpg,notflip,training,0005,26,1080,1920,3,0.5503447504387557,0.2490842280268146,0.18973397785039942,395.6470608558147,0.07699074074074073,7.143945474649033,325777
original,training/notflip/0005_000000027.jpg,notflip,training,0005,27,1080,1920,3,0.549693198151174,0.2487655782065925,0.1897915531953522,442.7616495669844,0.08193672839506173,7.1506910722723624,342376
original,training/notflip/0005_000000028.jpg,notflip,training,0005,28,1080,1920,3,0.5500198669359719,0.24828540255905096,0.18936658042846768,454.97816216825754,0.08046296296296296,7.148593956033672,348725
original,training/notflip/0005_000000029.jpg,notflip,training,0005,29,1080,1920,3,0.5497253805071411,0.24779866005314466,0.18919743252239168,471.68318672547775,0.08194444444444444,7.14905683313145,351683
original,training/notflip/0005_000000030.jpg,notflip,training,0005,30,1080,1920,3,0.548301294707698,0.24692100049057095,0.18951414987291212,478.307931717726,0.08138888888888889,7.134784163900587,343623
original,training/notflip/0006_000000001.jpg,notflip,training,0006,1,1080,1920,3,0.5193654381505689,0.2356232180487905,0.23490825465988865,575.6436998625877,0.0939891975308642,7.011966026927917,367073
original,training/notflip/0006_000000002.jpg,notflip,training,0006,2,1080,1920,3,0.5220027516793754,0.23637824619487183,0.23419854075889615,569.4613576624657,0.09256944444444444,7.026187115156969,373645
original,training/notflip/0006_000000003.jpg,notflip,training,0006,3,1080,1920,3,0.524172309973372,0.23735164269590314,0.2339468292332365,590.5629828231572,0.09322530864197531,7.044524047849959,374942
original,training/notflip/0006_000000004.jpg,notflip,training,0006,4,1080,1920,3,0.5294573820654805,0.23937674378185222,0.23094591957153232,616.9302944815362,0.09410493827160493,7.054272965369069,383581
original,training/notflip/0006_000000005.jpg,notflip,training,0006,5,1080,1920,3,0.5305378483569354,0.24012555355216153,0.22994085307734205,638.6530900176588,0.09225308641975309,7.062672813074251,388219
original,training/notflip/0006_000000006.jpg,notflip,training,0006,6,1080,1920,3,0.5309941940510773,0.24084217243046652,0.22915033625332848,655.885235909577,0.09323302469135802,7.0705667508459875,391955
original,training/notflip/0006_000000007.jpg,notflip,training,0006,7,1080,1920,3,0.5323420441479061,0.24157952507170852,0.22778947667029775,640.7503618669385,0.09104938271604938,7.072688058472412,388820
original,training/notflip/0006_000000008.jpg,notflip,training,0006,8,1080,1920,3,0.5325913992526022,0.24221060865431676,0.22697718280985235,655.8162770833334,0.0933641975308642,7.074821000194266,391232
original,training/notflip/0006_000000010.jpg,notflip,training,0006,10,1080,1920,3,0.5340559886377391,0.24307990570839924,0.22470527717259742,664.1647027032369,0.09388888888888888,7.087591654563508,397859
original,training/notflip/0006_000000011.jpg,notflip,training,0006,11,1080,1920,3,0.5345165743766642,0.24343095665198872,0.22400319232631324,672.9378416108801,0.09277777777777778,7.0907200750137935,399881
original,training/notflip/0006_000000012.jpg,notflip,training,0006,12,1080,1920,3,0.534805860036916,0.24382050771540748,0.22305397073953037,680.4373674696478,0.09248456790123456,7.092422123354695,401350
original,training/notflip/0006_000000013.jpg,notflip,training,0006,13,1080,1920,3,0.5356399536280562,0.2441015151778079,0.22095726670297747,668.6196140715497,0.09281635802469136,7.090831608235691,400053
original,training/notflip/0006_000000014.jpg,notflip,training,0006,14,1080,1920,3,0.5361960406076011,0.24445836833981832,0.21950743426228514,669.7609876200274,0.09204475308641975,7.089582907140638,398855
original,training/notflip/0006_000000017.jpg,notflip,training,0006,17,1080,1920,3,0.5394596325798838,0.2455321778108092,0.21494224499213266,655.1111188242431,0.09067129629629629,7.084542701041835,393628
original,training/notflip/0006_000000018.jpg,notflip,training,0006,18,1080,1920,3,0.5420569323408376,0.24637851654686688,0.21318541401900265,647.1185570815591,0.09141975308641975,7.088412971198492,375847
original,training/notflip/0006_000000020.jpg,notflip,training,0006,20,1080,1920,3,0.5440705545721375,0.2470107224013458,0.21043461404623579,634.8111727344822,0.08862654320987655,7.091714763775977,377720
original,training/notflip/0006_000000022.jpg,notflip,training,0006,22,1080,1920,3,0.5482748634561849,0.24710034020194238,0.20391782596526264,622.974929995368,0.08893518518518519,7.080786551582167,376965
original,training/notflip/0006_000000024.jpg,notflip,training,0006,24,1080,1920,3,0.5498549023390221,0.24709318784461548,0.20090899978818688,622.2963655606401,0.08794753086419753,7.073047937119002,376920
original,training/notflip/0006_000000026.jpg,notflip,training,0006,26,1080,1920,3,0.5510381849885015,0.24833759664124444,0.1976393560124667,657.6628155149153,0.08899691358024692,7.064441960600439,383558
original,training/notflip/0006_000000030.jpg,notflip,training,0006,30,1080,1920,3,0.5543541401900266,0.24769204964320854,0.19152721231239409,621.831161208038,0.09064043209876543,7.0714077125959705,383637
original,training/notflip/0007_000000001.jpg,notflip,training,0007,1,1080,1920,3,0.5069804318718228,0.2645476927621961,0.22422936713265554,42.18988919753087,0.028796296296296296,7.303075894680703,214483
original,training/notflip/0007_000000002.jpg,notflip,training,0007,2,1080,1920,3,0.5066010518790849,0.2644392695646813,0.22360621104151537,37.27320786084439,0.02736111111111111,7.305115784734092,225847
original,training/notflip/0007_000000003.jpg,notflip,training,0007,3,1080,1920,3,0.5066457009501332,0.26441022604568754,0.22284983206245462,35.60106364788142,0.02630401234567901,7.301419897319239,227013
original,training/notflip/0007_000000004.jpg,notflip,training,0007,4,1080,1920,3,0.5073316312636166,0.2641547049565124,0.2214216915547083,35.389151097393686,0.026643518518518518,7.298048806004418,226852
original,training/notflip/0007_000000005.jpg,notflip,training,0007,5,1080,1920,3,0.5088612453854999,0.26438783564466645,0.22004928248305494,39.43403542089382,0.02724537037037037,7.28488554280234,228010
original,training/notflip/0007_000000006.jpg,notflip,training,0007,6,1080,1920,3,0.5101674760953764,0.265007633330139,0.21767588999334303,45.61248119546372,0.028603395061728393,7.277882817231417,229485
original,training/notflip/0007_000000007.jpg,notflip,training,0007,7,1080,1920,3,0.5116168641067538,0.2658966872462894,0.21535142066085694,52.90335648142195,0.028896604938271606,7.271490151465478,229835
original,training/notflip/0007_000000008.jpg,notflip,training,0007,8,1080,1920,3,0.5130186263162673,0.2664062745433586,0.21223225308641974,61.58818647684947,0.029938271604938272,7.268103785876568,231480
original,training/notflip/0007_000000009.jpg,notflip,training,0007,9,1080,1920,3,0.5140459785766158,0.26691047949525537,0.2112303373123941,69.2795753338263,0.030779320987654322,7.263326663553341,232841
original,training/notflip/0007_000000011.jpg,notflip,training,0007,11,1080,1920,3,0.5151069391491164,0.2674019996290096,0.2061125938029533,77.37581001794457,0.031087962962962963,7.260804235931561,231461
original,training/notflip/0007_000000012.jpg,notflip,training,0007,12,1080,1920,3,0.5149798815359476,0.2674780971936662,0.2055448003661341,77.86814043156294,0.031574074074074074,7.261080443461517,232691
original,training/notflip/0007_000000013.jpg,notflip,training,0007,13,1080,1920,3,0.5152073782831034,0.2674788789396096,0.20497472615589446,78.5477083261293,0.03159722222222222,7.2625467816307285,232981
original,training/notflip/0007_000000014.jpg,notflip,training,0007,14,1080,1920,3,0.515580700798838,0.2672865972779782,0.20313444837811667,77.25477619116513,0.031766975308641976,7.271270833360982,233146
original,training/notflip/0007_000000015.jpg,notflip,training,0007,15,1080,1920,3,0.516468101322319,0.26995738354577603,0.20125043308218352,254.04832168489702,0.048371913580246916,7.250377177124351,248375
original,training/notflip/0007_000000016.jpg,notflip,training,0007,16,1080,1920,3,0.5163977528897361,0.2701038080809785,0.20033421084483174,261.7964711147667,0.04886574074074074,7.25152391865033,251904
original,training/notflip/0007_000000017.jpg,notflip,training,0007,17,1080,1920,3,0.5165617700012103,0.27009832779318965,0.20000601208847738,263.6972584447278,0.04903549382716049,7.255468795412509,254062
original,training/notflip/0007_000000018.jpg,notflip,training,0007,18,1080,1920,3,0.516454857328734,0.27004305710173304,0.19907375446320505,256.3644501666452,0.04983024691358025,7.25748250674697,254923
original,training/notflip/0007_000000019.jpg,notflip,training,0007,19,1080,1920,3,0.5162554995763737,0.27191664102894997,0.19807486080852094,418.62638350902824,0.05443672839506173,7.257114317670286,284153
original,training/notflip/0007_000000020.jpg,notflip,training,0007,20,1080,1920,3,0.5166931697833455,0.2721502616305948,0.19741654184822077,437.9585723584438,0.05626543209876543,7.256750943988356,290660
original,training/notflip/0007_000000021.jpg,notflip,training,0007,21,1080,1920,3,0.517509087161099,0.2721915922651539,0.19600442916364078,444.1272341675716,0.0554320987654321,7.256968518912596,292395
original,training/notflip/0007_000000022.jpg,notflip,training,0007,22,1080,1920,3,0.5182387152777779,0.27207755270826156,0.1947116845194868,445.81943526085723,0.05497685185185185,7.2595064166660075,292655
original,training/notflip/0007_000000023.jpg,notflip,training,0007,23,1080,1920,3,0.5188930627420721,0.2720012036985693,0.19340214990317114,439.16334023437497,0.05603395061728395,7.261452700204236,292948
original,training/notflip/0007_000000024.jpg,notflip,training,0007,24,1080,1920,3,0.5187719018548778,0.2721933584527748,0.19210691078128783,466.8650374627891,0.05571759259259259,7.2600220260684,297539
original,training/notflip/0007_000000026.jpg,notflip,training,0007,26,1080,1920,3,0.5179767421629146,0.2725597998844088,0.1916014017489712,469.86206892146777,0.056087962962962964,7.2565407922715455,302386
original,training/notflip/0007_000000027.jpg,notflip,training,0007,27,1080,1920,3,0.5158918032104817,0.272939168491806,0.19169747034616316,493.4069692120103,0.05781635802469136,7.261365895387435,306119
original,training/notflip/0007_000000028.jpg,notflip,training,0007,28,1080,1920,3,0.5153083866648511,0.27295599789922015,0.19216648322137497,498.15751521627556,0.05736111111111111,7.263059035234454,307572
original,training/notflip/0007_000000029.jpg,notflip,training,0007,29,1080,1920,3,0.5151945843923988,0.27289648924615373,0.19249306122912127,503.4115659234015,0.056875,7.2641669833750555,308889
original,training/notflip/0007_000000030.jpg,notflip,training,0007,30,1080,1920,3,0.5149521680585815,0.27295427417664403,0.1925731209150327,527.864764493789,0.057291666666666664,7.267277781014447,311665
original,training/notflip/0008_000000001.jpg,notflip,training,0008,1,1080,1920,3,0.5512042351276931,0.24797292851749683,0.21853033466473007,378.5592455180232,0.07685956790123456,7.1281650808326456,300978
original,training/notflip/0008_000000002.jpg,notflip,training,0008,2,1080,1920,3,0.5519011891793755,0.24704277484900786,0.21794063369946745,309.65906372861417,0.07157407407407407,7.13183417012758,299141
original,training/notflip/0008_000000003.jpg,notflip,training,0008,3,1080,1920,3,0.5516654714354877,0.2463614590299681,0.21883590534979422,246.54754345540886,0.06676697530864198,7.138396682280812,289972
original,training/notflip/0008_000000004.jpg,notflip,training,0008,4,1080,1920,3,0.5510943438332122,0.24585098660594598,0.21882636997700314,199.91634491449233,0.0570216049382716,7.148080995730532,283285
original,training/notflip/0008_000000005.jpg,notflip,training,0008,5,1080,1920,3,0.5506923754841443,0.24585531742515968,0.21890345671447592,184.46027966100584,0.056574074074074075,7.157513630165466,279004
original,training/notflip/0008_000000006.jpg,notflip,training,0008,6,1080,1920,3,0.5501699459876543,0.24575850618925765,0.21867613017429194,176.37521808073987,0.054189814814814816,7.164391033956331,276578
original,training/notflip/0008_000000007.jpg,notflip,training,0008,7,1080,1920,3,0.5495731436092957,0.2453346554853671,0.21864393268881627,148.9930476670858,0.05016203703703704,7.167515509636131,273670
original,training/notflip/0008_000000010.jpg,notflip,training,0008,10,1080,1920,3,0.5486946146514161,0.24348003048246386,0.2188013230755265,75.45098356743446,0.03376543209876543,7.1584612887582235,260551
original,training/notflip/0008_000000011.jpg,notflip,training,0008,11,1080,1920,3,0.5487405856632777,0.24308877665739204,0.217967284328855,71.25055159250685,0.03128858024691358,7.148501310697496,257801
original,training/notflip/0008_000000014.jpg,notflip,training,0008,14,1080,1920,3,0.5535943703098523,0.24237908053184443,0.21066536363773905,44.61158849999047,0.0214429012345679,7.0959080396521355,239254
original,training/notflip/0008_000000015.jpg,notflip,training,0008,15,1080,1920,3,0.5564329857328734,0.2424506755037523,0.20683754690147663,37.48765392065805,0.019212962962962963,7.092974445642364,233071
original,training/notflip/0008_000000016.jpg,notflip,training,0008,16,1080,1920,3,0.5606945749364561,0.2422500664266772,0.20223451873033163,32.17715204421725,0.017237654320987655,7.071921470101541,227891
original,training/notflip/0008_000000017.jpg,notflip,training,0008,17,1080,1920,3,0.5634912267762042,0.2425894995261838,0.19941511967441297,30.585007059649353,0.01726851851851852,7.059390537428718,225238
original,training/notflip/0008_000000018.jpg,notflip,training,0008,18,1080,1920,3,0.5656580958000484,0.24304956601090247,0.1966142996550472,30.303464496111012,0.016689814814814814,7.05600517612532,223455
original,training/notflip/0008_000000019.jpg,notflip,training,0008,19,1080,1920,3,0.5664961949285887,0.24375359893419696,0.19413800381263618,32.604027775634435,0.016828703703703703,7.04202572905368,223565
original,training/notflip/0008_000000021.jpg,notflip,training,0008,21,1080,1920,3,0.565721730513193,0.243973409179154,0.18972224491648512,44.79779953221451,0.018950617283950616,7.078838363350439,228968
original,training/notflip/0008_000000022.jpg,notflip,training,0008,22,1080,1920,3,0.5656989681675139,0.24500622584799542,0.18714290955579763,52.84276466757878,0.019537037037037037,7.085822382422096,232091
original,training/notflip/0008_000000024.jpg,notflip,training,0008,24,1080,1920,3,0.5635598542271847,0.24549218698803935,0.18575268737896394,63.74015426002134,0.023055555555555555,7.099500353880179,233302
original,training/notflip/0008_000000025.jpg,notflip,training,0008,25,1080,1920,3,0.5634880231027596,0.2456950158870752,0.18541171175260227,65.26003080323122,0.02445216049382716,7.101810911983258,233762
original,training/notflip/0008_000000026.jpg,notflip,training,0008,26,1080,1920,3,0.5628687969014766,0.2457554034814483,0.18572341745340112,66.2069272917143,0.02479938271604938,7.107967184457472,235011
original,training/notflip/0008_000000027.jpg,notflip,training,0008,27,1080,1920,3,0.5614256100974341,0.24538704454480056,0.18513937303316388,67.29814042489473,0.02455246913580247,7.112879654832621,235429
original,training/notflip/0008_000000028.jpg,notflip,training,0008,28,1080,1920,3,0.5613322685941661,0.2453846506549026,0.18529759743403534,67.08878055555556,0.02404320987654321,7.111871636084622,235877
original,training/notflip/0008_000000029.jpg,notflip,training,0008,29,1080,1920,3,0.5597421856088114,0.24514955622491022,0.18545986519607843,68.11671252262423,0.023742283950617282,7.120693485853037,237755
original,training/notflip/0008_000000030.jpg,notflip,training,0008,30,1080,1920,3,0.5596426164215687,0.245009083472317,0.18591863350278384,68.85991463042744,0.023742283950617282,7.123487633282186,238320
original,training/notflip/0009_000000001.jpg,notflip,training,0009,1,1080,1920,3,0.5347458791000967,0.24235555319061827,0.2215860755567659,88.1247035300926,0.032669753086419756,7.11025425653389,239170
original,training/notflip/0009_000000006.jpg,notflip,training,0009,6,1080,1920,3,0.5403829619038973,0.24162796476742368,0.21633732563241348,51.31629440991274,0.030185185185185186,7.115803960135186,238202
original,training/notflip/0009_000000007.jpg,notflip,training,0009,7,1080,1920,3,0.5410115154472283,0.24125438118631168,0.21495586911462114,43.975027434842254,0.028587962962962964,7.113788091184206,238706
original,training/notflip/0009_000000008.jpg,notflip,training,0009,8,1080,1920,3,0.5431328881475429,0.24064275279946776,0.21277946282679738,39.56095318715706,0.027407407407407408,7.108390982799735,237363
original,training/notflip/0009_000000009.jpg,notflip,training,0009,9,1080,1920,3,0.5444679122034616,0.24053041465087277,0.21061744281045752,38.85552054183813,0.026890432098765432,7.104620112813301,236518
original,training/notflip/0009_000000010.jpg,notflip,training,0009,10,1080,1920,3,0.5458865286855483,0.24040828301513686,0.20847346473311548,38.2978218333238,0.02771604938271605,7.097914869365889,236130
original,training/notflip/0009_000000011.jpg,notflip,training,0009,11,1080,1920,3,0.5482259686667877,0.24024892926691055,0.2048445859053498,38.27693414113702,0.027345679012345678,7.083751886746798,234351
original,training/notflip/0009_000000013.jpg,notflip,training,0009,13,1080,1920,3,0.5509277584876543,0.24108270405902113,0.19929546606451223,48.588246551354594,0.028148148148148148,7.067386249812074,234423
original,training/notflip/0009_000000014.jpg,notflip,training,0009,14,1080,1920,3,0.552169490211208,0.24158689490969204,0.19712423028625028,57.17277078754906,0.028256172839506172,7.068487721275319,236358
original,training/notflip/0009_000000016.jpg,notflip,training,0009,16,1080,1920,3,0.5539332561728395,0.2422921497044105,0.19277083333333334,69.93284234015394,0.02966820987654321,7.075771258803765,239720
original,training/notflip/0009_000000018.jpg,notflip,training,0009,18,1080,1920,3,0.5552161439421448,0.2427015950045063,0.18908990710481724,87.06947621146738,0.030601851851851852,7.083369158013136,242216
original,training/notflip/0009_000000019.jpg,notflip,training,0009,19,1080,1920,3,0.5555140780077463,0.24321488337576622,0.18836119810578553,109.17720769294888,0.03236882716049383,7.08550148326286,245628
original,training/notflip/0009_000000020.jpg,notflip,training,0009,20,1080,1920,3,0.5561178966957153,0.24383605447976828,0.1867122632231905,134.33046867760248,0.034729938271604935,7.086586572081624,249869
original,training/notflip/0009_000000021.jpg,notflip,training,0009,21,1080,1920,3,0.556328520258412,0.2444085826844028,0.18552994318869523,169.25761906286914,0.03810956790123457,7.08811932801365,255559
original,training/notflip/0009_000000022.jpg,notflip,training,0009,22,1080,1920,3,0.5568448431069959,0.24483625157519667,0.18385520303800534,178.45724621431327,0.04,7.086879719152581,258604
original,training/notflip/0009_000000023.jpg,notflip,training,0009,23,1080,1920,3,0.5567076789820867,0.2454132389818402,0.18284005839990317,185.3131186535494,0.04274691358024691,7.093909744337566,261230
original,training/notflip/0009_000000024.jpg,notflip,training,0009,24,1080,1920,3,0.5563438351034858,0.24630682315917998,0.1818850913822319,223.06321698763287,0.04560956790123457,7.09576270646636,266170
original,training/notflip/0009_000000025.jpg,notflip,training,0009,25,1080,1920,3,0.55603024199649,0.24717329490189474,0.18114822190450253,284.7960866078318,0.05435185185185185,7.102695363108036,275394
original,training/notflip/0009_000000026.jpg,notflip,training,0009,26,1080,1920,3,0.5561802132504237,0.24791126241551972,0.18053020984628418,395.6473985365702,0.06395061728395061,7.104456310657421,292388
original,training/notflip/0009_000000028.jpg,notflip,training,0009,28,1080,1920,3,0.5560679485142822,0.24939648121836866,0.17863612208000484,494.5307264488431,0.07372685185185185,7.110309566195608,318351
original,training/notflip/0009_000000029.jpg,notflip,training,0009,29,1080,1920,3,0.5563465092441298,0.2493931673445344,0.17782842948136043,507.6566756665809,0.0758641975308642,7.114657895003918,323272
original,training/notflip/0009_000000030.jpg,notflip,training,0009,30,1080,1920,3,0.556141761604333,0.25032993019659644,0.17722514032619222,614.111961834074,0.08191358024691359,7.119151319711138,341502
original,training/notflip/0010_000000001.jpg,notflip,training,0010,1,1080,1920,3,0.5296940056886953,0.26216769311902355,0.20558379856572256,699.2287117278591,0.08529320987654321,7.29127409048324,353333
original,training/notflip/0010_000000002.jpg,notflip,training,0010,2,1080,1920,3,0.5311116784676834,0.26190834855151574,0.20343079573650447,645.7502376457476,0.08066358024691359,7.281561021179199,351813
original,training/notflip/0010_000000003.jpg,notflip,training,0010,3,1080,1920,3,0.533040949906197,0.26149051208235763,0.20010545078370856,560.4958692805975,0.07878086419753086,7.266192176576314,336069
original,training/notflip/0010_000000004.jpg,notflip,training,0010,4,1080,1920,3,0.5358939932068506,0.2610034945991369,0.19602553861050592,478.66191509720073,0.07212962962962963,7.246411095948371,318890
original,training/notflip/0010_000000005.jpg,notflip,training,0010,5,1080,1920,3,0.5391035425744372,0.26058097701728505,0.19204245340111353,417.7320388888889,0.06774691358024691,7.226081161403698,305802
original,training/notflip/0010_000000006.jpg,notflip,training,0010,6,1080,1920,3,0.5425320234961268,0.26053398376925974,0.18736656151658196,382.18533153238604,0.063804012345679,7.210147749790987,298829
original,training/notflip/0010_000000008.jpg,notflip,training,0010,8,1080,1920,3,0.5473637890341322,0.26132466751008226,0.1800038920660857,354.651167229593,0.0604783950617284,7.2022888283014135,290279
original,training/notflip/0010_000000010.jpg,notflip,training,0010,10,1080,1920,3,0.5497796595104092,0.2619706481093964,0.1788466094771242,348.35796227328154,0.05733024691358025,7.196234222678616,273294
original,training/notflip/0010_000000011.jpg,notflip,training,0010,11,1080,1920,3,0.5508318355119826,0.2622712770399977,0.17770542846768336,347.1948714276954,0.05710648148148148,7.197836633649123,273749
original,training/notflip/0010_000000012.jpg,notflip,training,0010,12,1080,1920,3,0.5515141631112321,0.26249921653789227,0.17651297544480757,345.9943462419386,0.058472222222222224,7.197708199664587,275377
original,training/notflip/0010_000000013.jpg,notflip,training,0010,13,1080,1920,3,0.5510680279442024,0.2625543933878728,0.17608027339022028,349.06905609085646,0.0575,7.194404304118178,277504
original,training/notflip/0010_000000014.jpg,notflip,training,0010,14,1080,1920,3,0.5500326778473735,0.2624870122530704,0.17556975838174776,346.468332625493,0.061203703703703705,7.19808372783892,278067
original,training/notflip/0010_000000015.jpg,notflip,training,0010,15,1080,1920,3,0.5490325057492133,0.2625867686841459,0.17601167241587995,347.0946558684247,0.06018518518518518,7.204570569139813,278402
original,training/notflip/0010_000000016.jpg,notflip,training,0010,16,1080,1920,3,0.5492008272058824,0.26271974809990883,0.1753940612896393,346.839666383209,0.06030864197530864,7.207951794586074,278438
original,training/notflip/0010_000000017.jpg,notflip,training,0010,17,1080,1920,3,0.5478330080488987,0.26253150617355175,0.17595999001452434,349.9321760925711,0.06385030864197531,7.218646175865657,278069
original,training/notflip/0010_000000018.jpg,notflip,training,0010,18,1080,1920,3,0.5474959415093198,0.26260686262721034,0.17564329914064392,361.2350717158565,0.06382716049382715,7.219843924916999,278671
original,training/notflip/0010_000000019.jpg,notflip,training,0010,19,1080,1920,3,0.5470390038731542,0.2624996041608158,0.17543023216230938,358.6735734667328,0.06298611111111112,7.2228049797881955,278219
original,training/notflip/0010_000000020.jpg,notflip,training,0010,20,1080,1920,3,0.545843354741588,0.2622242050825822,0.1755874844922537,352.8275934365355,0.062260802469135804,7.223991601928675,278625
original,training/notflip/0010_000000021.jpg,notflip,training,0010,21,1080,1920,3,0.5451146570896878,0.2619166852720254,0.1757399804829339,349.98859158283796,0.063804012345679,7.224782545752844,279007
original,training/notflip/0010_000000022.jpg,notflip,training,0010,22,1080,1920,3,0.5446423648934883,0.2614585368077235,0.17631943120612442,342.6735569251543,0.06263117283950617,7.228986977335888,279090
original,training/notflip/0010_000000023.jpg,notflip,training,0010,23,1080,1920,3,0.5422814069686516,0.2608045084490352,0.17792358652565965,346.59376097387735,0.06364969135802469,7.237910419959216,279955
original,training/notflip/0010_000000024.jpg,notflip,training,0010,24,1080,1920,3,0.540193962191358,0.2601975859465215,0.17917171614015978,349.4518731879191,0.06473765432098766,7.247739589323221,281663
original,training/notflip/0010_000000025.jpg,notflip,training,0010,25,1080,1920,3,0.5393403742283951,0.2598356336195008,0.18048072878842897,348.69797275752313,0.06584876543209876,7.254599290288905,284018
original,training/notflip/0010_000000027.jpg,notflip,training,0010,27,1080,1920,3,0.5369708132867345,0.260079738323267,0.18332470005749213,359.37616258710324,0.06535493827160493,7.257018917917959,287235
original,training/notflip/0010_000000028.jpg,notflip,training,0010,28,1080,1920,3,0.5364993834725248,0.26003862197101146,0.18320587478818687,357.68448401896626,0.06612654320987654,7.255807209453503,286974
original,training/notflip/0010_000000029.jpg,notflip,training,0010,29,1080,1920,3,0.5353603319414185,0.25972299705038626,0.1840681943687969,348.2671820978128,0.06655092592592593,7.259182920284245,286124
original,training/notflip/0010_000000030.jpg,notflip,training,0010,30,1080,1920,3,0.5348451456971678,0.25967201678011526,0.18519049186032438,353.45406155686777,0.06573302469135803,7.257883652219807,285867
original,training/notflip/0011_000000001.jpg,notflip,training,0011,1,1080,1920,3,0.5184762618010167,0.2610108288546805,0.2155554855815783,651.3250765383874,0.07728395061728395,7.3263338745070525,346682
original,training/notflip/0011_000000002.jpg,notflip,training,0011,2,1080,1920,3,0.519843865362503,0.261640281473974,0.21444519335511983,649.2601939490931,0.07646604938271605,7.333599599323278,352043
original,training/notflip/0011_000000003.jpg,notflip,training,0011,3,1080,1920,3,0.5211345864348825,0.2619495809201967,0.2134367832395304,658.8010826897934,0.07516975308641975,7.335217391914,356507
original,training/notflip/0011_000000004.jpg,notflip,training,0011,4,1080,1920,3,0.523666203325466,0.26236684589157944,0.21196283436213992,683.7877924058832,0.07736111111111112,7.33976707766435,362645
original,training/notflip/0011_000000005.jpg,notflip,training,0011,5,1080,1920,3,0.5251473841079641,0.26253387525731675,0.2108407978546357,692.4959214948536,0.0776929012345679,7.336665673991765,364231
original,training/notflip/0011_000000006.jpg,notflip,training,0011,6,1080,1920,3,0.5261087925139192,0.2625139437180684,0.2104112994734931,666.2295166618442,0.0751929012345679,7.338573724051929,357678
original,training/notflip/0011_000000007.jpg,notflip,training,0011,7,1080,1920,3,0.5269660701857903,0.26269563348090874,0.20960745922597432,636.1603704272881,0.07358024691358024,7.337813458924803,345793
original,training/notflip/0011_000000008.jpg,notflip,training,0011,8,1080,1920,3,0.5277674367586541,0.2628262241226163,0.20852349990922298,603.5354314542728,0.06977623456790123,7.337524898685398,339337
original,training/notflip/0011_000000009.jpg,notflip,training,0011,9,1080,1920,3,0.5289456529139434,0.2639501631498597,0.21110569096465748,613.1278814938057,0.06851851851851852,7.338904943653084,331191
original,training/notflip/0011_000000010.jpg,notflip,training,0011,10,1080,1920,3,0.5292880507141128,0.26436215046976785,0.20977276045449045,631.4162076331137,0.07084876543209877,7.341108168572694,338299
original,training/notflip/0011_000000011.jpg,notflip,training,0011,11,1080,1920,3,0.5302959218409585,0.26484919999557505,0.20895797778988137,633.7811907483614,0.06957561728395062,7.342262952883109,345799
original,training/notflip/0011_000000012.jpg,notflip,training,0011,12,1080,1920,3,0.53186226662733,0.2646954261040774,0.20643107563241347,622.8312725763508,0.07152777777777777,7.334885471239348,342904
original,training/notflip/0011_000000013.jpg,notflip,training,0011,13,1080,1920,3,0.5338520995975551,0.26437294070041256,0.20454574974279835,619.2762166994718,0.0676466049382716,7.325779628908984,340846
original,training/notflip/0011_000000014.jpg,notflip,training,0011,14,1080,1920,3,0.5359175517429194,0.26394312577014306,0.2011583227426773,606.4577470421216,0.06621913580246913,7.316212278090823,334678
original,training/notflip/0011_000000015.jpg,notflip,training,0011,15,1080,1920,3,0.5390819073771485,0.2637501111250408,0.1978514528110627,609.0427403120117,0.06482253086419754,7.303789529464068,333567
original,training/notflip/0011_000000016.jpg,notflip,training,0011,16,1080,1920,3,0.5420557068506415,0.2650523329731627,0.19419224499213264,614.6674826388889,0.06439043209876544,7.30635287776193,336497
original,training/notflip/0011_000000019.jpg,notflip,training,0011,19,1080,1920,3,0.5464045044329461,0.2678864865489296,0.18999457228879205,621.998126405083,0.06050925925925926,7.279513213942824,336320
original,training/notflip/0011_000000020.jpg,notflip,training,0011,20,1080,1920,3,0.5456343065389736,0.2673389969838093,0.1896914658224401,585.535292558299,0.061612654320987656,7.278192436420188,334880
original,training/notflip/0011_000000021.jpg,notflip,training,0011,21,1080,1920,3,0.5434399547627693,0.26676939061444166,0.1902190658284919,593.3340806083653,0.06440586419753086,7.300297506553722,338096
original,training/notflip/0011_000000022.jpg,notflip,training,0011,22,1080,1920,3,0.5444581744734931,0.2668014486049854,0.18741658156318083,602.9163252341011,0.06640432098765432,7.3015645182706965,343503
original,training/notflip/0011_000000023.jpg,notflip,training,0011,23,1080,1920,3,0.5450783216836117,0.2678301291831155,0.18545556085088355,627.5417525889251,0.06929783950617284,7.30033292017225,348556
original,training/notflip/0011_000000024.jpg,notflip,training,0011,24,1080,1920,3,0.5441289828431373,0.2684174613247636,0.18361389494069233,628.5087306369431,0.06983024691358025,7.3090114159475,348419
original,training/notflip/0011_000000025.jpg,notflip,training,0011,25,1080,1920,3,0.5442570730452675,0.2691343448450159,0.18186836381929314,636.6711436497391,0.07125771604938272,7.31092440608908,349429
original,training/notflip/0011_000000026.jpg,notflip,training,0011,26,1080,1920,3,0.5444066906469378,0.2694969959636893,0.1805530251452433,647.1559650717784,0.07040123456790123,7.313279089585409,349203
original,training/notflip/0011_000000028.jpg,notflip,training,0011,28,1080,1920,3,0.5427207225096828,0.2688112222801978,0.17911569724340354,618.7647762340321,0.07055555555555555,7.3235791382435735,344314
original,training/notflip/0011_000000029.jpg,notflip,training,0011,29,1080,1920,3,0.5432478969983056,0.2684258938950279,0.17873139637799565,629.3001790085353,0.07058641975308642,7.323045709836869,347965
original,training/notflip/0011_000000030.jpg,notflip,training,0011,30,1080,1920,3,0.541142597509683,0.2678941000257104,0.17897778042544177,642.4674550466297,0.07342592592592592,7.327469267250821,347113
original,training/notflip/0015_000000001.jpg,notflip,training,0015,1,1080,1920,3,0.5525680014675624,0.22445729071841203,0.23511842244613895,640.6143210276039,0.08426697530864198,6.977102773826584,338774
original,training/notflip/0015_000000006.jpg,notflip,training,0015,6,1080,1920,3,0.5558462255658436,0.22046412569278848,0.23803714483478577,292.81206017798115,0.08176697530864198,6.98315419841451,297371
original,training/notflip/0015_000000007.jpg,notflip,training,0015,7,1080,1920,3,0.5566556883169934,0.21961145551832464,0.23858873267671266,240.59851054502937,0.08118827160493827,6.9859754820078575,288678
original,training/notflip/0015_000000008.jpg,notflip,training,0015,8,1080,1920,3,0.5575769751573469,0.21870273763138534,0.23926469264403294,184.95188070035056,0.07835648148148149,6.9915902223647555,276744
original,training/notflip/0015_000000009.jpg,notflip,training,0015,9,1080,1920,3,0.5591768809761559,0.21753419731100893,0.23900574732207697,156.56783934518367,0.07747685185185185,6.98964177736081,271683
original,training/notflip/0015_000000010.jpg,notflip,training,0015,10,1080,1920,3,0.561049588855604,0.21663614686890675,0.23784483743343016,141.5505324002034,0.07628086419753087,6.983676606631987,265778
original,training/notflip/0015_000000011.jpg,notflip,training,0015,11,1080,1920,3,0.5631668728062212,0.21537715274183974,0.2370910456003389,139.84918135192802,0.0752391975308642,6.973486031007566,263484
original,training/notflip/0015_000000012.jpg,notflip,training,0015,12,1080,1920,3,0.5643871830367949,0.21488038819079927,0.23652591873940934,168.57271010421425,0.07778549382716049,6.967049141445696,264795
original,training/notflip/0015_000000013.jpg,notflip,training,0015,13,1080,1920,3,0.5657337490165819,0.21480580352353248,0.2354545093500363,206.69216658897034,0.07739969135802469,6.95158455427541,270858
original,training/notflip/0015_000000014.jpg,notflip,training,0015,14,1080,1920,3,0.5663469423263132,0.2153066454007853,0.2337437193627451,280.7657391394224,0.07709876543209876,6.934243346652625,282892
original,training/notflip/0015_000000015.jpg,notflip,training,0015,15,1080,1920,3,0.5667726866981361,0.21603909299845928,0.23192454914064392,374.7504085790443,0.07556327160493827,6.915360023463535,295795
original,training/notflip/0015_000000016.jpg,notflip,training,0015,16,1080,1920,3,0.5673323272210119,0.21684263125001565,0.2299047427227064,470.56766196410365,0.07617283950617285,6.910333410422462,306609
original,training/notflip/0015_000000017.jpg,notflip,training,0015,17,1080,1920,3,0.5676299794995159,0.21678027301578734,0.2285398832758412,484.0065508944307,0.07542438271604938,6.91507634614055,308972
original,training/notflip/0015_000000019.jpg,notflip,training,0015,19,1080,1920,3,0.5694467025236021,0.21575135908801302,0.2262328374636892,461.824914005999,0.07503858024691358,6.939767999205475,294775
original,training/notflip/0015_000000020.jpg,notflip,training,0015,20,1080,1920,3,0.5704778106844589,0.2172570426778406,0.22344182703945775,510.7969876998075,0.08059413580246913,6.980534276413702,307310
original,training/notflip/0015_000000022.jpg,notflip,training,0015,22,1080,1920,3,0.569780726140765,0.2193387232866615,0.21857929375453886,624.8588263031551,0.0954861111111111,7.000405537906494,349407
original,training/notflip/0015_000000023.jpg,notflip,training,0015,23,1080,1920,3,0.5728380121338659,0.2173197604735635,0.21403754387557494,629.3956318870504,0.09940586419753086,7.000455484260873,357582
original,training/notflip/0015_000000024.jpg,notflip,training,0015,24,1080,1920,3,0.5753683846223675,0.22335002169851909,0.20812310502904866,1119.5049357450748,0.10082561728395062,7.010293074071572,425058
original,training/notflip/0015_000000025.jpg,notflip,training,0015,25,1080,1920,3,0.5781403432129024,0.22142455581713494,0.20360712259440814,1041.6470280344438,0.10103395061728396,6.984204209781236,421115
original,training/notflip/0015_000000026.jpg,notflip,training,0015,26,1080,1920,3,0.5812846673777536,0.21831527758925878,0.19900770848462843,839.052993535427,0.10029320987654321,6.960328268114474,395980
original,training/notflip/0015_000000027.jpg,notflip,training,0015,27,1080,1920,3,0.5799155527565965,0.21603989760955894,0.1975433422597434,694.3327062354729,0.09975308641975308,6.972661532842885,372178
original,training/notflip/0015_000000028.jpg,notflip,training,0015,28,1080,1920,3,0.5813677907891552,0.21436903672494284,0.19633868161462115,561.6342313428189,0.0999537037037037,6.967293587910482,350500
original,training/notflip/0015_000000029.jpg,notflip,training,0015,29,1080,1920,3,0.5816876361655774,0.21308198671040535,0.19614803845921086,478.55938318038176,0.09986111111111111,6.96369614793473,338998
original,training/notflip/0015_000000030.jpg,notflip,training,0015,30,1080,1920,3,0.5818094495128299,0.2130241749365922,0.19591497216170417,476.6353820444077,0.0994212962962963,6.959703451735624,337283
original,training/notflip/0016_000000002.jpg,notflip,training,0016,2,1080,1920,3,0.5842372874304043,0.19778778145331014,0.14825774819958848,911.01351894695,0.0985570987654321,6.899515503462682,367173
original,training/notflip/0016_000000003.jpg,notflip,training,0016,3,1080,1920,3,0.5842390897331154,0.19778270850424012,0.14797676485717742,911.0049776957948,0.09854938271604938,6.8995537014114845,367239
original,training/notflip/0016_000000004.jpg,notflip,training,0016,4,1080,1920,3,0.5825206914941903,0.2041826952105355,0.15150435729847495,1139.5485863811132,0.101875,6.93771185134336,413463
original,training/notflip/0016_000000005.jpg,notflip,training,0016,5,1080,1920,3,0.5823987419813604,0.20269976859200567,0.15008836578612927,1099.7347036951303,0.1,6.933080958452008,410766
original,training/notflip/0016_000000006.jpg,notflip,training,0016,6,1080,1920,3,0.5821363622609537,0.20026145363546774,0.1496056209906802,998.0093555740717,0.10064043209876543,6.930220078184284,402117
original,training/notflip/0016_000000007.jpg,notflip,training,0016,7,1080,1920,3,0.5825180684156378,0.19605324365104793,0.14798873040728636,873.6847212770062,0.09825617283950618,6.913786068467776,384846
original,training/notflip/0016_000000008.jpg,notflip,training,0016,8,1080,1920,3,0.5820346579218107,0.19674733702334507,0.14850056546538368,954.0221595783796,0.09814043209876543,6.915098159026857,396205
original,training/notflip/0016_000000009.jpg,notflip,training,0016,9,1080,1920,3,0.5815065586419752,0.1971780560188781,0.1489282955852094,953.3864812376162,0.0996604938271605,6.913961908431817,399011
original,training/notflip/0016_000000010.jpg,notflip,training,0016,10,1080,1920,3,0.579810003631082,0.2001423998924831,0.15172493986020333,996.2911109108272,0.10031635802469135,6.926624600206109,408128
original,training/notflip/0016_000000011.jpg,notflip,training,0016,11,1080,1920,3,0.5782787952372307,0.20271930539750796,0.15266834604212054,1127.8665660231266,0.10112654320987655,6.943878172780616,425391
original,training/notflip/0016_000000012.jpg,notflip,training,0016,12,1080,1920,3,0.5795229836147422,0.19847167670397686,0.15096106799201164,955.5354199454518,0.09976080246913581,6.919189676338957,408851
original,training/notflip/0016_000000013.jpg,notflip,training,0016,13,1080,1920,3,0.5799689996368917,0.19861421823142986,0.1513733357540547,995.5755204787284,0.1000462962962963,6.925885649404429,414525
original,training/notflip/0016_000000015.jpg,notflip,training,0016,15,1080,1920,3,0.5799814360929557,0.19928724069661785,0.15163927469135802,1086.0454809298674,0.09930555555555555,6.92867822792954,426180
original,training/notflip/0016_000000016.jpg,notflip,training,0016,16,1080,1920,3,0.5798498490831518,0.1996851918839703,0.15190388223190512,1112.4509307350609,0.09834104938271605,6.929432909949703,428308
original,training/notflip/0016_000000017.jpg,notflip,training,0016,17,1080,1920,3,0.5793272626180103,0.20083502674898882,0.1529253131808279,1123.0610795038272,0.09864969135802469,6.930436702346417,430227
original,training/notflip/0016_000000018.jpg,notflip,training,0016,18,1080,1920,3,0.5786842395908981,0.20189236359245735,0.1533326184640523,1164.856348591821,0.09965277777777778,6.932320402238738,432187
original,training/notflip/0016_000000019.jpg,notflip,training,0016,19,1080,1920,3,0.5783619451252723,0.2023339445429442,0.15316874130053257,1174.3524151213137,0.0983641975308642,6.933712820523305,436961
original,training/notflip/0016_000000021.jpg,notflip,training,0016,21,1080,1920,3,0.5791264410856936,0.19930868141476532,0.1506017383805374,1075.4721722848558,0.0977854938271605,6.917312219186037,423793
original,training/notflip/0016_000000022.jpg,notflip,training,0016,22,1080,1920,3,0.579107935805495,0.2013680589257277,0.15199747337206487,1173.3402037777682,0.09777777777777778,6.930840582120458,434509
original,training/notflip/0016_000000024.jpg,notflip,training,0016,24,1080,1920,3,0.5786267077432824,0.20079404197855025,0.1517198355422416,1034.7237809922626,0.09815586419753086,6.918836149463953,421693
original,training/notflip/0019_000000001.jpg,notflip,training,0019,1,1080,1920,3,0.5840935098190511,0.2029631522467626,0.14801896673021062,1213.8719520175446,0.09871141975308642,6.774240235031678,413917
original,training/notflip/0019_000000003.jpg,notflip,training,0019,3,1080,1920,3,0.5851989246701768,0.2054088774785749,0.14785824785160978,1259.6184177282785,0.09826388888888889,6.785687381020164,431490
original,training/notflip/0019_000000005.jpg,notflip,training,0019,5,1080,1920,3,0.5862630378540304,0.203880171294794,0.14605646710844833,1265.4591541466025,0.09929783950617284,6.78465202874443,431606
original,training/notflip/0019_000000006.jpg,notflip,training,0019,6,1080,1920,3,0.586225785221496,0.20403777829153696,0.14658440374606635,1266.2725104192866,0.09878086419753086,6.796567377851612,431615
original,training/notflip/0019_000000007.jpg,notflip,training,0019,7,1080,1920,3,0.586464139282256,0.20527324110407297,0.14702966329278624,1292.3700111111111,0.09902777777777778,6.807308798258827,438663
original,training/notflip/0019_000000008.jpg,notflip,training,0019,8,1080,1920,3,0.5862013491739289,0.20590365123907553,0.14751138306402808,1328.6737331494817,0.0983641975308642,6.815380102742939,444300
original,training/notflip/0019_000000009.jpg,notflip,training,0019,9,1080,1920,3,0.5858196316721133,0.20615107458932333,0.1482505503358751,1352.602186089618,0.09934413580246913,6.826514177119149,443492
original,training/notflip/0019_000000010.jpg,notflip,training,0019,10,1080,1920,3,0.5852309443839264,0.2050726849799999,0.14785675759501332,1283.8248576045953,0.09962962962962962,6.8269681126025965,438038
original,training/notflip/0019_000000011.jpg,notflip,training,0019,11,1080,1920,3,0.5852045377178648,0.20658624414909466,0.14877282853727913,1322.5061825550604,0.09984567901234567,6.833406585838908,443212
original,training/notflip/0019_000000013.jpg,notflip,training,0019,13,1080,1920,3,0.5844099378177197,0.20679806630153846,0.14986909003570564,1320.3966594387646,0.09957561728395062,6.834755986497988,441256
original,training/notflip/0019_000000014.jpg,notflip,training,0019,14,1080,1920,3,0.5836351783769064,0.20779566567748936,0.15027190374606633,1367.3717666165953,0.099375,6.841044839552041,446711
original,training/notflip/0019_000000016.jpg,notflip,training,0019,16,1080,1920,3,0.5833556020787944,0.2074549294286459,0.14963638495521664,1360.709533931327,0.10042438271604938,6.845087954422155,444992
original,training/notflip/0019_000000017.jpg,notflip,training,0019,17,1080,1920,3,0.5836287388798111,0.20745076526713474,0.14949516423081577,1319.056076062862,0.10077932098765433,6.8483088035412845,445755
original,training/notflip/0019_000000018.jpg,notflip,training,0019,18,1080,1920,3,0.583644399812394,0.20711215090162094,0.14911576343500363,1365.000171681563,0.10064043209876543,6.853323903131992,446410
original,training/notflip/0019_000000019.jpg,notflip,training,0019,19,1080,1920,3,0.5835533674503752,0.20609011863009546,0.1487587145969499,1277.4322276862688,0.10154320987654321,6.849918888011516,439937
original,training/notflip/0019_000000020.jpg,notflip,training,0019,20,1080,1920,3,0.582577219120673,0.20733681713734825,0.14959064655954976,1328.1538243196062,0.1011574074074074,6.855592175735169,445574
original,training/notflip/0019_000000021.jpg,notflip,training,0019,21,1080,1920,3,0.5817378907195594,0.20883942316093432,0.15055144600278383,1393.0160382272497,0.10016203703703704,6.867619839189707,451444
original,training/notflip/0019_000000022.jpg,notflip,training,0019,22,1080,1920,3,0.5824086537006777,0.20544645767852063,0.14827559723735173,1295.6636537663371,0.1002391975308642,6.855769253481702,441247
original,training/notflip/0019_000000023.jpg,notflip,training,0019,23,1080,1920,3,0.582789227033406,0.2067503028027573,0.14894909487714839,1315.5569505401234,0.10104938271604938,6.866794447865326,448878
original,training/notflip/0019_000000026.jpg,notflip,training,0019,26,1080,1920,3,0.5822631305222706,0.20720223127399492,0.14932349537037037,1401.1453696244262,0.10121913580246913,6.880010270905979,455252
original,training/notflip/0019_000000028.jpg,notflip,training,0019,28,1080,1920,3,0.5821462040062939,0.2066923620709808,0.1492053830791576,1404.66271186932,0.10073302469135803,6.878443747576767,456345
original,training/notflip/0019_000000029.jpg,notflip,training,0019,29,1080,1920,3,0.5801750313937304,0.20507131697583578,0.1494427537218591,1360.1392960295689,0.1002854938271605,6.867809441476723,438696
original,training/notflip/0019_000000030.jpg,notflip,training,0019,30,1080,1920,3,0.5808880737866134,0.2044338368565819,0.14900944270455097,1361.354437689984,0.1005324074074074,6.868332997344893,440301
original,training/notflip/0020_000000001.jpg,notflip,training,0020,1,1080,1920,3,0.5871023643639555,0.20629623401548408,0.1443047158678286,1055.596551533148,0.09091820987654321,6.668855192395096,380399
original,training/notflip/0020_000000002.jpg,notflip,training,0020,2,1080,1920,3,0.588030983342411,0.20581499191549849,0.14306559398450738,1060.5960963455932,0.09064814814814814,6.668264346835947,388898
original,training/notflip/0020_000000003.jpg,notflip,training,0020,3,1080,1920,3,0.5887622340988864,0.2052727232645324,0.14199621573166304,1064.5005917457324,0.09140432098765432,6.665362302063571,388019
original,training/notflip/0020_000000005.jpg,notflip,training,0020,5,1080,1920,3,0.5906810415910191,0.20440830861903034,0.13970173119402082,1056.5879459099579,0.09070987654320987,6.653000702733133,390077
original,training/notflip/0020_000000006.jpg,notflip,training,0020,6,1080,1920,3,0.5914097373517309,0.2042894378662239,0.13885926152868555,1057.5110133456694,0.09084876543209877,6.6492215931848335,389890
original,training/notflip/0020_000000007.jpg,notflip,training,0020,7,1080,1920,3,0.59152440578855,0.20302200253661062,0.13831171893911887,1036.0431938656814,0.09097222222222222,6.64372646143307,391529
original,training/notflip/0020_000000008.jpg,notflip,training,0020,8,1080,1920,3,0.5913500476579521,0.20313418667233382,0.1386187931190995,1063.8414515683942,0.09084876543209877,6.646933883737609,394954
original,training/notflip/0020_000000009.jpg,notflip,training,0020,9,1080,1920,3,0.5905907846163156,0.20355418580243054,0.13930532483054953,1052.942171947338,0.09096450617283951,6.652637791608054,397087
original,training/notflip/0020_000000011.jpg,notflip,training,0020,11,1080,1920,3,0.5894773567992011,0.2043673547575083,0.1403456052559913,1066.565834447338,0.09094135802469136,6.6642709808568386,400059
original,training/notflip/0020_000000012.jpg,notflip,training,0020,12,1080,1920,3,0.5890342815752845,0.20455515351870782,0.14100497760832728,1080.4684883658529,0.09141975308641975,6.670438175784838,401686
original,training/notflip/0020_000000013.jpg,notflip,training,0020,13,1080,1920,3,0.5885483009561849,0.20456754642585334,0.14160147928770273,1079.3991116824322,0.09133487654320988,6.674843909206322,401306
original,training/notflip/0020_000000014.jpg,notflip,training,0020,14,1080,1920,3,0.5883442625121036,0.20437762906646187,0.1418803426077221,1072.324146227471,0.0911496913580247,6.679145868553103,402140
original,training/notflip/0020_000000015.jpg,notflip,training,0020,15,1080,1920,3,0.5879039162732994,0.20439860922026337,0.1423340463114258,1070.8891552447703,0.09091049382716049,6.6863537357133165,401493
original,training/notflip/0020_000000017.jpg,notflip,training,0020,17,1080,1920,3,0.5870481383139676,0.2047177214779277,0.14342298134531592,1069.082163441584,0.09077932098765432,6.69319753546606,403630
original,training/notflip/0020_000000018.jpg,notflip,training,0020,18,1080,1920,3,0.5863994587418301,0.20422537562894644,0.14367753721859114,1058.0232999914267,0.09053240740740741,6.692756405328096,399152
original,training/notflip/0020_000000020.jpg,notflip,training,0020,20,1080,1920,3,0.5850290165062939,0.20522227750806596,0.14503147126906318,1051.471019552981,0.0914429012345679,6.694793766902315,403032
original,training/notflip/0020_000000021.jpg,notflip,training,0020,21,1080,1920,3,0.5845768200798839,0.2058668434008637,0.14565018495824256,1065.5710218620804,0.09222993827160494,6.698699785951282,406046
original,training/notflip/0021_000000007.jpg,notflip,training,0021,7,1080,1920,3,0.563351038640765,0.2092695738334044,0.1926544836298717,545.2137207733196,0.07692901234567902,6.670353403159954,324395
original,training/notflip/0021_000000008.jpg,notflip,training,0021,8,1080,1920,3,0.5655825239046236,0.20748275569323532,0.19057929375453886,465.9912749327823,0.07412037037037036,6.663692563262005,308957
original,training/notflip/0021_000000022.jpg,notflip,training,0021,22,1080,1920,3,0.5947110415153716,0.1916007931522071,0.152023641748366,199.04990528495802,0.08810185185185185,6.646348053903924,273681
original,training/notflip/0021_000000023.jpg,notflip,training,0021,23,1080,1920,3,0.5945519225823045,0.19057335457305846,0.15279103122730572,157.56543285870103,0.08405864197530864,6.638448591131842,264707
original,training/notflip/0021_000000025.jpg,notflip,training,0021,25,1080,1920,3,0.5942591098553619,0.18944240695498615,0.15415227093923992,120.95353127357683,0.07253858024691358,6.6327949783031945,253852
original,training/notflip/0021_000000027.jpg,notflip,training,0021,27,1080,1920,3,0.5929054840686275,0.1894385139031674,0.15598717395908981,115.22613749565379,0.07307098765432099,6.6197774494849275,239857
original,training/notflip/0023_000000001.jpg,notflip,training,0023,1,1080,1920,3,0.5598620491406439,0.19948244972400145,0.18664204150024208,590.1921681239045,0.08297067901234569,6.727175168208696,324712
original,training/notflip/0023_000000002.jpg,notflip,training,0023,2,1080,1920,3,0.5622144796961994,0.19944281795088076,0.18424453635620916,564.8448178297302,0.08299382716049383,6.724558179527049,330420
original,training/notflip/0023_000000003.jpg,notflip,training,0023,3,1080,1920,3,0.5646836552136286,0.19907750143804703,0.1823399014312515,546.5057210324264,0.08327932098765432,6.729234014844602,328832
original,training/notflip/0023_000000004.jpg,notflip,training,0023,4,1080,1920,3,0.5661161776053013,0.19776648566446473,0.18214263722464294,485.60461916146306,0.0835570987654321,6.722191255685626,322324
original,training/notflip/0023_000000005.jpg,notflip,training,0023,5,1080,1920,3,0.566665847782014,0.19679322320166792,0.18320400818506416,430.8908598572531,0.08374228395061728,6.721608875619259,316597
original,training/notflip/0023_000000006.jpg,notflip,training,0023,6,1080,1920,3,0.5677054606178892,0.19579488700439288,0.18356631641854274,384.77437784612675,0.08386574074074074,6.70866922438594,309833
original,training/notflip/0023_000000007.jpg,notflip,training,0023,7,1080,1920,3,0.56889750892641,0.19412542599669297,0.18417241966230938,289.21610021808556,0.0846604938271605,6.694392250568471,292435
original,training/notflip/0023_000000008.jpg,notflip,training,0023,8,1080,1920,3,0.5701458768306705,0.19339020845176208,0.18358126626422172,274.13241611796985,0.08354938271604938,6.681334792949842,289684
original,training/notflip/0023_000000009.jpg,notflip,training,0023,9,1080,1920,3,0.5715159086782862,0.19326283448621828,0.18381503419268944,262.5317469749633,0.08290895061728396,6.650408068427353,272836
original,training/notflip/0023_000000010.jpg,notflip,training,0023,10,1080,1920,3,0.5720391116709029,0.19293070905097406,0.18264456434580004,242.55348010878677,0.07919753086419754,6.6437743325007865,267546
original,training/notflip/0023_000000011.jpg,notflip,training,0023,11,1080,1920,3,0.5719555400478092,0.19377479921615762,0.18182715482026143,319.3191697482639,0.07634259259259259,6.642626555047387,276972
original,training/notflip/0023_000000012.jpg,notflip,training,0023,12,1080,1920,3,0.5734277528140886,0.19421365217232678,0.1790619194051077,394.5224424894738,0.07344135802469136,6.642827217942697,286607
original,training/notflip/0023_000000013.jpg,notflip,training,0023,13,1080,1920,3,0.5753361322924231,0.19491478980454766,0.1740330598674655,506.05870932189265,0.07411265432098765,6.660528862340933,307018
original,training/notflip/0023_000000015.jpg,notflip,training,0023,15,1080,1920,3,0.5817003279320988,0.1963055236184126,0.1642679776385863,711.5703303082967,0.07832561728395061,6.725470223605645,343459
original,training/notflip/0023_000000016.jpg,notflip,training,0023,16,1080,1920,3,0.5833635923505204,0.19592478719469505,0.1602204861111111,788.4143506858709,0.08300154320987654,6.756675763262014,360502
original,training/notflip/0023_000000017.jpg,notflip,training,0023,17,1080,1920,3,0.5844119197833455,0.19784984806585407,0.15738023859235054,931.8264195813805,0.08869598765432099,6.769418003305143,389130
original,training/notflip/0023_000000018.jpg,notflip,training,0023,18,1080,1920,3,0.5861778152233116,0.19810801901792408,0.15312608743343015,1029.0511123227573,0.09243055555555556,6.780164029170239,406862
original,training/notflip/0023_000000019.jpg,notflip,training,0023,19,1080,1920,3,0.58848139070443,0.19676332356405643,0.14905011082365044,1042.901413232489,0.09276234567901234,6.77483451762458,412267
original,training/notflip/0023_000000021.jpg,notflip,training,0023,21,1080,1920,3,0.591934364409344,0.19646744760813295,0.14453363667998065,1070.7297810856173,0.09273148148148148,6.761553578937024,419635
original,training/notflip/0023_000000022.jpg,notflip,training,0023,22,1080,1920,3,0.592443540456306,0.19614465185791755,0.14338553959392397,1076.273616665714,0.09451388888888888,6.758024904152803,418642
original,training/notflip/0023_000000023.jpg,notflip,training,0023,23,1080,1920,3,0.5931462550683854,0.19385947260105182,0.14168652982026145,957.1621933813443,0.09387345679012346,6.739334699487221,406546
original,training/notflip/0023_000000025.jpg,notflip,training,0023,25,1080,1920,3,0.5944403103062212,0.18929671256936903,0.14022666840656017,655.545400931582,0.09474537037037037,6.710181606134313,362223
original,training/notflip/0023_000000026.jpg,notflip,training,0023,26,1080,1920,3,0.5948301863955459,0.18786690459985939,0.14079299617223434,503.03356027949246,0.09458333333333334,6.696695072681453,328749
original,training/notflip/0023_000000027.jpg,notflip,training,0023,27,1080,1920,3,0.5942137875211813,0.1882090241424032,0.1416323794178165,474.26775908564815,0.09438271604938271,6.700640679718733,322429
original,training/notflip/0023_000000028.jpg,notflip,training,0023,28,1080,1920,3,0.5934040524388767,0.1885925605784071,0.1427476114288308,469.1782549720293,0.09405092592592593,6.7121431692283275,318924
original,training/notflip/0024_000000001.jpg,notflip,training,0024,1,1080,1920,3,0.6018043357389252,0.19053877234360952,0.13544313763313967,1101.3317598064677,0.08875771604938272,6.538993363257651,382303
original,training/notflip/0024_000000003.jpg,notflip,training,0024,3,1080,1920,3,0.6051093806735657,0.19144953547556176,0.13194620324981846,1150.6149290292542,0.09063271604938272,6.541968912077976,398235
original,training/notflip/0024_000000005.jpg,notflip,training,0024,5,1080,1920,3,0.605585986670903,0.19052916570194184,0.12971487117223432,1160.1380723441548,0.09041666666666667,6.51882398826106,399430
original,training/notflip/0024_000000008.jpg,notflip,training,0024,8,1080,1920,3,0.6055059761558944,0.19127219393642442,0.12965969763677074,1161.9912528205855,0.09056327160493827,6.527003439236603,405818
original,training/notflip/0024_000000009.jpg,notflip,training,0024,9,1080,1920,3,0.6054307314360929,0.1916987484575633,0.12982125620309853,1178.7488241767167,0.09081018518518519,6.533342892363887,407937
original,training/notflip/0024_000000010.jpg,notflip,training,0024,10,1080,1920,3,0.6036958382504236,0.19079509371179926,0.129409474476519,1161.8281918188443,0.09037808641975309,6.549145363945856,397739
original,training/notflip/0024_000000011.jpg,notflip,training,0024,11,1080,1920,3,0.6036236080852093,0.19078543403682618,0.12929018775720164,1154.320730787037,0.09039351851851851,6.551389541971633,397852
original,training/notflip/0024_000000012.jpg,notflip,training,0024,12,1080,1920,3,0.6033788731542,0.19069846201620966,0.12898144365771,1157.1806067365399,0.09113425925925926,6.550274812480005,400090
original,training/notflip/0024_000000013.jpg,notflip,training,0024,13,1080,1920,3,0.602935398889494,0.19170146971526872,0.12935569474703462,1177.172834518366,0.09111882716049383,6.557261243545026,403429
original,training/notflip/0024_000000014.jpg,notflip,training,0024,14,1080,1920,3,0.6027497427983539,0.1902707342737381,0.12868847017973856,1140.3878871312847,0.09081018518518519,6.54907431019476,398470
original,training/notflip/0024_000000015.jpg,notflip,training,0024,15,1080,1920,3,0.6015977404078916,0.19169163199028144,0.12994853319414185,1138.1193836376292,0.0900925925925926,6.561609560670304,401317
original,training/notflip/0024_000000016.jpg,notflip,training,0024,16,1080,1920,3,0.6007075825314694,0.19235905947577264,0.1311319841594045,1147.689481633659,0.09028549382716049,6.573118586731183,402881
original,training/notflip/0024_000000017.jpg,notflip,training,0024,17,1080,1920,3,0.599835173459816,0.19284257391271917,0.1325187114197531,1162.9808228309325,0.09089506172839507,6.58191640403018,405313
original,training/notflip/0024_000000018.jpg,notflip,training,0024,18,1080,1920,3,0.5992429326282982,0.19282021891222437,0.13352325594589687,1186.0836941228827,0.09127314814814814,6.588822908057093,406705
original,training/notflip/0024_000000021.jpg,notflip,training,0024,21,1080,1920,3,0.5979081147119342,0.1926677120078961,0.13591970958908253,1143.6022796495747,0.09118827160493827,6.592416910688856,401319
original,training/notflip/0024_000000023.jpg,notflip,training,0024,23,1080,1920,3,0.5977334010378843,0.19230696514431087,0.13685880953461632,1106.977046064755,0.09036265432098765,6.596941794405888,400178
original,training/notflip/0024_000000026.jpg,notflip,training,0024,26,1080,1920,3,0.5976582641158316,0.19202861488646267,0.13729289026567418,1108.4506189986284,0.09060185185185185,6.59509060774921,401585
original,training/notflip/0024_000000027.jpg,notflip,training,0024,27,1080,1920,3,0.5981446589052287,0.19125483610495675,0.13672174186032438,1087.332674029719,0.0914891975308642,6.593739274794787,400769
original,training/notflip/0024_000000028.jpg,notflip,training,0024,28,1080,1920,3,0.5984117457939967,0.19129990432169353,0.13666309421145,1125.1040282606857,0.09059413580246914,6.597142467921808,403396
original,training/notflip/0024_000000029.jpg,notflip,training,0024,29,1080,1920,3,0.5987243668300654,0.19008387546521832,0.1357136929617526,1117.8577003595465,0.09018518518518519,6.59233233804432,399664
original,training/notflip/0024_000000030.jpg,notflip,training,0024,30,1080,1920,3,0.5990318759834181,0.19071441802903155,0.13612590398813845,1133.553144372047,0.08996141975308641,6.594643095578693,402770
original,training/notflip/0025_000000001.jpg,notflip,training,0025,1,1080,1920,3,0.5709306179647785,0.19999149932994073,0.17731219740982812,852.4782454960538,0.08680555555555555,6.69118923578921,368098
original,training/notflip/0025_000000002.jpg,notflip,training,0025,2,1080,1920,3,0.573601904805132,0.1977785133788645,0.17455572198015007,805.5975340529621,0.08544753086419753,6.69471617361325,373830
original,training/notflip/0025_000000003.jpg,notflip,training,0025,3,1080,1920,3,0.5757206676652142,0.19488166881386196,0.17305944005688695,677.5974563176345,0.08415895061728396,6.678711502595377,356794
original,training/notflip/0025_000000004.jpg,notflip,training,0025,4,1080,1920,3,0.5783703552408618,0.19273797926600916,0.1717796443809005,579.247659250686,0.08192901234567901,6.648911475570263,341693
original,training/notflip/0025_000000005.jpg,notflip,training,0025,5,1080,1920,3,0.5801733520182765,0.1916740630671095,0.17142188823832002,567.3050376023449,0.08406635802469135,6.648255849300574,338385
original,training/notflip/0025_000000006.jpg,notflip,training,0025,6,1080,1920,3,0.5819891899661099,0.1900154940226844,0.17081125370672962,492.19533981481476,0.08068672839506173,6.623021336593627,318258
original,training/notflip/0025_000000007.jpg,notflip,training,0025,7,1080,1920,3,0.5827695983871943,0.18966430824233976,0.16907692598644397,559.264850355736,0.080625,6.625050571765593,327485
original,training/notflip/0025_000000008.jpg,notflip,training,0025,8,1080,1920,3,0.5842093961813121,0.18821612004211988,0.16730259584543694,555.5297027425316,0.07874228395061729,6.626778317996154,324359
original,training/notflip/0025_000000009.jpg,notflip,training,0025,9,1080,1920,3,0.5870242942084241,0.18459209143432512,0.16416480573710965,460.5917733981458,0.07719135802469136,6.6138488127846795,308488
original,training/notflip/0025_000000012.jpg,notflip,training,0025,12,1080,1920,3,0.5977407104817236,0.17553348897043913,0.1492507110869039,272.3232977344822,0.07852623456790124,6.49432144286087,272429
original,training/notflip/0025_000000014.jpg,notflip,training,0025,14,1080,1920,3,0.6032813275387315,0.17229209140667978,0.13898271642762042,337.47748003257885,0.08449845679012345,6.430956559679911,282592
original,training/notflip/0025_000000015.jpg,notflip,training,0025,15,1080,1920,3,0.605659945382474,0.1718687943855277,0.13379226995582183,448.20138189866026,0.08655864197530865,6.408504383690623,303099
original,training/notflip/0025_000000016.jpg,notflip,training,0025,16,1080,1920,3,0.6070157082122972,0.1736479046865137,0.12992469476216414,609.6256428797417,0.08763888888888889,6.402786161806633,328721
original,training/notflip/0025_000000017.jpg,notflip,training,0025,17,1080,1920,3,0.6072787195896877,0.17676519017932385,0.12783627034918907,757.7716431717727,0.08749228395061728,6.411034609114619,352789
original,training/notflip/0025_000000019.jpg,notflip,training,0025,19,1080,1920,3,0.6064991073589929,0.1824966601463182,0.12745604877753572,990.1347308946807,0.08699074074074074,6.446519944456973,389034
original,training/notflip/0025_000000020.jpg,notflip,training,0025,20,1080,1920,3,0.606206935744977,0.18402376273864504,0.1278560200314694,1041.900999209105,0.08685185185185185,6.463209154022872,400774
original,training/notflip/0025_000000023.jpg,notflip,training,0025,23,1080,1920,3,0.6046335878873155,0.185122352836307,0.12969511770757686,1085.3281155377776,0.08753858024691358,6.494247422972105,402537
original,training/notflip/0025_000000024.jpg,notflip,training,0025,24,1080,1920,3,0.6041667234023239,0.18545618735606478,0.13017692258230454,1086.4894929526154,0.08810185185185185,6.501876816576173,402602
original,training/notflip/0025_000000026.jpg,notflip,training,0025,26,1080,1920,3,0.6031455874788187,0.18652052656662763,0.1315681206124425,1106.0858145618404,0.08833333333333333,6.514744820933406,404495
original,training/notflip/0025_000000027.jpg,notflip,training,0025,27,1080,1920,3,0.6027352449467441,0.18693760019501113,0.13210649093742435,1111.5703930362654,0.0884567901234568,6.520003595755098,405595
original,training/notflip/0025_000000028.jpg,notflip,training,0025,28,1080,1920,3,0.6023519691055434,0.1873108914002856,0.1325334910584604,1117.7850173239003,0.08877314814814814,6.521473529286978,406507
original,training/notflip/0025_000000029.jpg,notflip,training,0025,29,1080,1920,3,0.6018196316721133,0.18777705183488264,0.13291739288307916,1116.5536580370156,0.08932098765432099,6.525595708917361,406107
original,training/notflip/0025_000000030.jpg,notflip,training,0025,30,1080,1920,3,0.6016733747125393,0.18794209232812162,0.13310525220890826,1111.9986920893825,0.08958333333333333,6.530612792214905,404263
original,training/notflip/0026_000000001.jpg,notflip,training,0026,1,1080,1920,3,0.5757804027475187,0.1968207932015523,0.1737472142792302,736.1183092132962,0.08036265432098766,6.670305999696693,339752
original,training/notflip/0026_000000002.jpg,notflip,training,0026,2,1080,1920,3,0.5770170660856935,0.19615509887770155,0.17346616852759622,718.2880066224066,0.08013888888888888,6.666253392588656,343714
original,training/notflip/0026_000000003.jpg,notflip,training,0026,3,1080,1920,3,0.5796462796538369,0.19339594897097598,0.17223141907225856,567.9244401576908,0.07914351851851852,6.6207312877080415,317080
original,training/notflip/0026_000000006.jpg,notflip,training,0026,6,1080,1920,3,0.5841235173081579,0.18704793745496515,0.17058842819535222,273.83491838110615,0.07658950617283951,6.574467018426816,274734
original,training/notflip/0026_000000007.jpg,notflip,training,0026,7,1080,1920,3,0.5840584055767368,0.18635872719732027,0.17071390477487292,267.48760640378515,0.07753858024691358,6.578025460291948,270565
original,training/notflip/0026_000000008.jpg,notflip,training,0026,8,1080,1920,3,0.5844616031983781,0.18532500305419042,0.17002593197772936,265.1311096435733,0.07675154320987654,6.5769344960742195,268682
original,training/notflip/0026_000000009.jpg,notflip,training,0026,9,1080,1920,3,0.5847433940783103,0.18421027089909056,0.16948159495279594,253.8735909443587,0.07482253086419753,6.575864013769811,265184
original,training/notflip/0026_000000011.jpg,notflip,training,0026,11,1080,1920,3,0.5864366697682158,0.18392392671835947,0.16476189746732026,416.46951163688607,0.06767746913580247,6.5754376764734905,285402
original,training/notflip/0026_000000012.jpg,notflip,training,0026,12,1080,1920,3,0.587975953537279,0.18495810885324698,0.16095801561365286,528.5445611467741,0.06827932098765432,6.583216797213457,303451
original,training/notflip/0026_000000013.jpg,notflip,training,0026,13,1080,1920,3,0.5894909166212782,0.1869857990179583,0.15670224559731302,678.7307858710562,0.07034722222222223,6.578231636417121,326333
original,training/notflip/0026_000000015.jpg,notflip,training,0026,15,1080,1920,3,0.595188250801864,0.18491231703175656,0.14836744091926893,742.2384994453495,0.07179783950617284,6.572440765190111,335186
original,training/notflip/0026_000000016.jpg,notflip,training,0026,16,1080,1920,3,0.5962662717864924,0.18603801227192,0.1456250661916001,857.3314173996318,0.07498456790123456,6.598344993150774,354303
original,training/notflip/0026_000000017.jpg,notflip,training,0026,17,1080,1920,3,0.597223964006899,0.18818865866999615,0.14323112404684096,957.594966777168,0.07921296296296296,6.610221915025466,375046
original,training/notflip/0026_000000018.jpg,notflip,training,0026,18,1080,1920,3,0.598296772875817,0.1884872236371304,0.14080419200859356,989.9588226251716,0.07946759259259259,6.6110713443126805,381486
original,training/notflip/0026_000000019.jpg,notflip,training,0026,19,1080,1920,3,0.5996443790093199,0.18675599125704262,0.1375591128812636,948.9768256300844,0.0802391975308642,6.599598699350472,378335
original,training/notflip/0026_000000020.jpg,notflip,training,0026,20,1080,1920,3,0.6007777702130235,0.18721151164640681,0.13592776227003145,958.8806166323732,0.08141203703703703,6.607082827845046,381724
original,training/notflip/0026_000000021.jpg,notflip,training,0026,21,1080,1920,3,0.6017879466987412,0.18690114145086797,0.1347442186365287,946.779547713525,0.08219135802469135,6.600165128464122,381069
original,training/notflip/0026_000000022.jpg,notflip,training,0026,22,1080,1920,3,0.6021642289245945,0.18558182694511677,0.1332994980785524,880.0396833061247,0.08175154320987654,6.591157892278762,372649
original,training/notflip/0026_000000023.jpg,notflip,training,0026,23,1080,1920,3,0.603006755325587,0.18304574269531176,0.13162686471193416,755.1814659893095,0.0809182098765432,6.571950441297529,355041
original,training/notflip/0026_000000025.jpg,notflip,training,0026,25,1080,1920,3,0.6042833454369403,0.1800892484509631,0.13122501929012345,487.27194143780486,0.0800462962962963,6.543799575565419,311215
original,training/notflip/0026_000000026.jpg,notflip,training,0026,26,1080,1920,3,0.604318300275357,0.17997240866560413,0.13179911984083756,448.12601265432096,0.08122685185185186,6.54394555629175,301999
original,training/notflip/0026_000000027.jpg,notflip,training,0026,27,1080,1920,3,0.6048001637769305,0.179824321597713,0.1316182938453159,429.198674918017,0.08094907407407408,6.546402682738463,295410
original,training/notflip/0026_000000028.jpg,notflip,training,0026,28,1080,1920,3,0.6047891230180343,0.1803182186992207,0.13178597418905832,515.200546657748,0.08152006172839506,6.553562650552002,307653
original,training/notflip/0026_000000030.jpg,notflip,training,0026,30,1080,1920,3,0.6039918300653595,0.18533829011391859,0.13305209657165334,823.4366801697531,0.08266203703703703,6.5837232317103656,360041
original,training/notflip/0027_000000002.jpg,notflip,training,0027,2,1080,1920,3,0.5826614148359961,0.19971060262884005,0.1665686123214718,35.86947484758421,0.010632716049382715,6.2860548053395995,150042
original,training/notflip/0027_000000003.jpg,notflip,training,0027,3,1080,1920,3,0.5823071403715807,0.20036966187640778,0.16626029373940937,43.864567500904975,0.011597222222222222,6.286796224581656,152461
original,training/notflip/0027_000000005.jpg,notflip,training,0027,5,1080,1920,3,0.5808563226216412,0.202832274496753,0.16677915078068264,61.842973387964854,0.01326388888888889,6.30764328078143,158540
original,training/notflip/0027_000000006.jpg,notflip,training,0027,6,1080,1920,3,0.5807487007534495,0.20348800903829656,0.1664581007171387,75.97053827922572,0.014182098765432099,6.316224221115251,161249
original,training/notflip/0027_000000007.jpg,notflip,training,0027,7,1080,1920,3,0.5807445344650206,0.20349830850846412,0.1666254255174292,76.51767628547238,0.014359567901234568,6.315788754074842,161759
original,training/notflip/0027_000000008.jpg,notflip,training,0027,8,1080,1920,3,0.5815436902384411,0.20521008962278994,0.16506680434519486,102.535262070378,0.014799382716049383,6.353349235958065,168788
original,training/notflip/0027_000000009.jpg,notflip,training,0027,9,1080,1920,3,0.581775249258654,0.2051086290832256,0.16457790940450254,109.26397194209866,0.015177469135802469,6.356656959037291,169871
original,training/notflip/0027_000000011.jpg,notflip,training,0027,11,1080,1920,3,0.5815921708575406,0.20562232751957246,0.16377800661159525,119.36654251543209,0.0160570987654321,6.368098094547069,173417
original,training/notflip/0027_000000012.jpg,notflip,training,0027,12,1080,1920,3,0.5810168485990075,0.20569147394514492,0.16452083900689904,120.96162808588392,0.016373456790123458,6.379845069540014,174017
original,training/notflip/0027_000000014.jpg,notflip,training,0027,14,1080,1920,3,0.5794390696865166,0.20556114477112897,0.1664033772845558,121.92866456326921,0.016049382716049384,6.4194586358554435,175868
original,training/notflip/0027_000000015.jpg,notflip,training,0027,15,1080,1920,3,0.5778968545751634,0.2054325372009858,0.16825779169692567,118.79562394684261,0.01580246913580247,6.448477835751877,176145
original,training/notflip/0027_000000016.jpg,notflip,training,0027,16,1080,1920,3,0.5756381513253449,0.20520765050466117,0.17080915259622367,113.1569753048316,0.014521604938271605,6.493354410413174,176821
original,training/notflip/0027_000000018.jpg,notflip,training,0027,18,1080,1920,3,0.5726441936728395,0.20367338341033264,0.17550586457576858,111.33825752261231,0.013495370370370371,6.543744726401754,175829
original,training/notflip/0027_000000019.jpg,notflip,training,0027,19,1080,1920,3,0.5725482215262648,0.2040362210159722,0.17546969181190997,109.85147372202933,0.01337962962962963,6.491392623824852,175917
original,training/notflip/0027_000000020.jpg,notflip,training,0027,20,1080,1920,3,0.5740269853697652,0.20434536462013775,0.17274892580488985,113.43312464700264,0.014382716049382717,6.379642772977048,175709
original,training/notflip/0027_000000021.jpg,notflip,training,0027,21,1080,1920,3,0.5748264929042605,0.20383659940822382,0.17150404903473734,113.34608779572237,0.01408179012345679,6.271016723340417,175550
original,training/notflip/0027_000000024.jpg,notflip,training,0027,24,1080,1920,3,0.5752548092925441,0.20468362072365448,0.17139493690994917,124.589845387279,0.020864197530864197,6.150139980659119,185217
original,training/notflip/0027_000000025.jpg,notflip,training,0027,25,1080,1920,3,0.5745512568839264,0.2054899079662085,0.17210419503449526,135.3688806355143,0.022453703703703705,6.148008790059065,187599
original,training/notflip/0027_000000026.jpg,notflip,training,0027,26,1080,1920,3,0.5746705360384895,0.20613466575052428,0.17169187431917213,151.31580174873304,0.02318672839506173,6.130667315467553,190111
original,training/notflip/0027_000000027.jpg,notflip,training,0027,27,1080,1920,3,0.5741610365982812,0.20624580687656566,0.17225487737533285,157.76727762321866,0.022445987654320987,6.125336515746559,191698
original,training/notflip/0027_000000028.jpg,notflip,training,0027,28,1080,1920,3,0.5741120661613411,0.20623993097366172,0.1721082175925926,158.5214770116503,0.022037037037037036,6.121075989303334,192528
original,training/notflip/0027_000000029.jpg,notflip,training,0027,29,1080,1920,3,0.573903842516945,0.20640821771993248,0.1716652426016703,156.69324527981394,0.022546296296296297,6.120553037615514,193416
original,training/notflip/0027_000000030.jpg,notflip,training,0027,30,1080,1920,3,0.5740498706427015,0.2062585628186893,0.1708263605210603,158.00403481218322,0.021782407407407407,6.117380074945865,194028
original,training/notflip/0028_000000001.jpg,notflip,training,0028,1,1080,1920,3,0.5893700715625756,0.20098198704451742,0.16509053119704672,896.9396972921787,0.10958333333333334,6.6479424565061365,427035
original,training/notflip/0028_000000002.jpg,notflip,training,0028,2,1080,1920,3,0.5900140496399177,0.20053423542889828,0.16537296697228274,899.332924011143,0.10932098765432098,6.6526787783652015,437142
original,training/notflip/0028_000000003.jpg,notflip,training,0028,3,1080,1920,3,0.5901467789276205,0.2006152854953846,0.16620866240014523,906.5425837590853,0.10915123456790124,6.6448833547100215,436876
original,training/notflip/0028_000000005.jpg,notflip,training,0028,5,1080,1920,3,0.5912005302892762,0.19978210721479286,0.16584123661038488,864.9061191957566,0.10865740740740741,6.633064569071532,435094
original,training/notflip/0028_000000006.jpg,notflip,training,0028,6,1080,1920,3,0.5918373880416363,0.1983092604372605,0.16519733039820866,799.9683732495404,0.10841820987654321,6.62258804550892,424842
original,training/notflip/0028_000000007.jpg,notflip,training,0028,7,1080,1920,3,0.5921739363955458,0.1992680247942466,0.16497439141551684,833.774227878515,0.10692901234567902,6.6319442862328,425254
original,training/notflip/0028_000000008.jpg,notflip,training,0028,8,1080,1920,3,0.5928252295902929,0.19786454719838809,0.16436931508714595,791.6950726975093,0.10159722222222223,6.61502950348977,412489
original,training/notflip/0028_000000009.jpg,notflip,training,0028,9,1080,1920,3,0.5937721325798838,0.1974606986698979,0.16332669904381505,758.7197208038027,0.09825617283950618,6.6004882961085425,404642
original,training/notflip/0028_000000010.jpg,notflip,training,0028,10,1080,1920,3,0.5950815972222222,0.19689890858321807,0.16147872791091747,768.7796724793644,0.09633487654320988,6.578453021580362,403675
original,training/notflip/0028_000000011.jpg,notflip,training,0028,11,1080,1920,3,0.5989531666061486,0.19375866815853363,0.1567527062908497,688.070335432325,0.09496913580246913,6.485467994369632,370652
original,training/notflip/0028_000000012.jpg,notflip,training,0028,12,1080,1920,3,0.6006230350550714,0.19429737686862544,0.15485441441236988,747.594849479643,0.09419753086419753,6.505458992408133,382202
original,training/notflip/0028_000000013.jpg,notflip,training,0028,13,1080,1920,3,0.6026474635378843,0.19502748959421198,0.15231737737533285,782.0908503466866,0.09612654320987654,6.5272218077089,391191
original,training/notflip/0028_000000014.jpg,notflip,training,0028,14,1080,1920,3,0.6050159502844348,0.19473418232364645,0.14821720679012346,776.4420078303017,0.10083333333333333,6.534696889373322,406350
original,training/notflip/0028_000000015.jpg,notflip,training,0028,15,1080,1920,3,0.6078285391702978,0.1931268297798869,0.14358080859658678,750.6179715229553,0.10749228395061729,6.524755416798872,409869
original,training/notflip/0028_000000016.jpg,notflip,training,0028,16,1080,1920,3,0.6097279960209393,0.19438427956266857,0.13947866361050593,837.5407887416529,0.11170524691358025,6.534191878142902,432427
original,training/notflip/0028_000000017.jpg,notflip,training,0028,17,1080,1920,3,0.6116722759319777,0.19416555171794536,0.13604824989409345,875.3364814799929,0.1144212962962963,6.54122168813109,445647
original,training/notflip/0028_000000018.jpg,notflip,training,0028,18,1080,1920,3,0.6138681217471557,0.19334668460481585,0.13319736822198014,906.8239770184971,0.11690586419753086,6.542689876913934,452865
original,training/notflip/0028_000000019.jpg,notflip,training,0028,19,1080,1920,3,0.615565813362382,0.19272412493303734,0.13074817689421447,949.7089651905555,0.11849537037037038,6.546029092988819,459493
original,training/notflip/0028_000000020.jpg,notflip,training,0028,20,1080,1920,3,0.6167280206063906,0.1919539220826135,0.12904615067477607,959.9461912808642,0.1201466049382716,6.546402376329949,461867
original,training/notflip/0028_000000021.jpg,notflip,training,0028,21,1080,1920,3,0.6172162441751391,0.19169753890850358,0.12802749599068022,975.7789617969822,0.12013888888888889,6.5510045014086575,462914
original,training/notflip/0028_000000022.jpg,notflip,training,0028,22,1080,1920,3,0.6178452534949165,0.19138313518764488,0.12695387012829823,980.319885363738,0.12047839506172839,6.5495379005204715,463771
original,training/notflip/0028_000000023.jpg,notflip,training,0028,23,1080,1920,3,0.6179687689118857,0.19175488654978112,0.12658034714657468,993.5332475065132,0.12111882716049382,6.556308788630968,466976
original,training/notflip/0028_000000025.jpg,notflip,training,0028,25,1080,1920,3,0.6185745563271605,0.19154725225135308,0.1258730861171629,994.0906081768691,0.12104938271604938,6.556050326903096,466814
original,training/notflip/0028_000000026.jpg,notflip,training,0028,26,1080,1920,3,0.6190234375,0.190361254408269,0.12516779759743404,954.2135588476771,0.1216358024691358,6.5481795804271705,462929
original,training/notflip/0028_000000027.jpg,notflip,training,0028,27,1080,1920,3,0.6189034529320988,0.19076329122100835,0.12505717630416363,991.2888585961911,0.12109567901234568,6.5604542833685695,465473
original,training/notflip/0028_000000028.jpg,notflip,training,0028,28,1080,1920,3,0.61891891718107,0.19105017848478176,0.12497908723674654,1016.5708301697531,0.12111111111111111,6.567794605090612,468406
original,training/notflip/0028_000000029.jpg,notflip,training,0028,29,1080,1920,3,0.6191333004266522,0.18999568525426747,0.12428740581880901,991.4804171789266,0.12175154320987654,6.561457824666585,469343
original,training/notflip/0028_000000030.jpg,notflip,training,0028,30,1080,1920,3,0.6194935264615105,0.18971884291307375,0.12367322909101912,993.8675479871591,0.12276234567901234,6.5687833398924855,472424
original,training/notflip/0029_000000002.jpg,notflip,training,0029,2,1080,1920,3,0.5821936293421689,0.1977300571797852,0.166953520258412,709.8110619783927,0.09016975308641975,6.569697827105873,374701
original,training/notflip/0029_000000006.jpg,notflip,training,0029,6,1080,1920,3,0.5921548978001694,0.19148485635793563,0.15612752284555798,632.8402479338135,0.08077932098765432,6.503559571211019,347889
original,training/notflip/0029_000000007.jpg,notflip,training,0029,7,1080,1920,3,0.5945939863985717,0.19137438772390936,0.1534386876664246,630.0300454603314,0.0803858024691358,6.50782023901841,345300
original,training/notflip/0029_000000008.jpg,notflip,training,0029,8,1080,1920,3,0.5971972301652143,0.19043455982492039,0.15028465981299927,618.9529338319593,0.07823302469135802,6.498650326241965,342274
original,training/notflip/0029_000000009.jpg,notflip,training,0029,9,1080,1920,3,0.599295626815541,0.19096453957829895,0.14671002405591868,655.8314193624615,0.08003086419753086,6.4842333221228206,350218
original,training/notflip/0029_000000010.jpg,notflip,training,0029,10,1080,1920,3,0.6012707690329218,0.19116465151267736,0.1424928399600581,666.3747191812892,0.0825462962962963,6.4638756095984276,355939
original,training/notflip/0029_000000011.jpg,notflip,training,0029,11,1080,1920,3,0.6030401745188817,0.1907671857275593,0.13943684186637617,688.9623436192559,0.08584104938271606,6.455913005502582,361066
original,training/notflip/0029_000000012.jpg,notflip,training,0029,12,1080,1920,3,0.6047349858539095,0.18987190010952779,0.13652456843076735,697.9001968961952,0.0853395061728395,6.450173187636281,365721
original,training/notflip/0029_000000014.jpg,notflip,training,0029,14,1080,1920,3,0.6069094177408618,0.18755600251682022,0.13291761982570807,675.6751615140603,0.08484567901234567,6.431685226518969,362861
original,training/notflip/0029_000000015.jpg,notflip,training,0029,15,1080,1920,3,0.6071612559761559,0.18763310064989883,0.13214567069111596,670.2043196015637,0.08621913580246914,6.424999564852225,363696
original,training/notflip/0029_000000016.jpg,notflip,training,0029,16,1080,1920,3,0.6073476401748972,0.18738663151666746,0.13197910425744372,650.6541184170071,0.08563271604938272,6.411974554307735,361524
original,training/notflip/0029_000000020.jpg,notflip,training,0029,20,1080,1920,3,0.6092588885862987,0.18455677618284722,0.1337690253570564,349.5560836547759,0.08400462962962962,6.338497136784742,273000
original,training/notflip/0029_000000021.jpg,notflip,training,0029,21,1080,1920,3,0.6088621228969983,0.18505223558575162,0.13411889146090536,353.0654999228395,0.08532407407407408,6.341938180814314,276445
original,training/notflip/0029_000000022.jpg,notflip,training,0029,22,1080,1920,3,0.6084275296538368,0.185554740143238,0.1344523023329702,360.19965116877904,0.08556327160493828,6.34593393824086,279112
original,training/notflip/0029_000000023.jpg,notflip,training,0029,23,1080,1920,3,0.6081853156771968,0.18596943421767886,0.1348663818536674,363.97202542271566,0.08574845679012345,6.3492240913917115,280739
original,training/notflip/0029_000000024.jpg,notflip,training,0029,24,1080,1920,3,0.6075795604121278,0.18637519227928215,0.13502793285524084,367.08352398256505,0.08597993827160494,6.3510735404921626,283512
original,training/notflip/0029_000000026.jpg,notflip,training,0029,26,1080,1920,3,0.6062263147542968,0.1881175095734311,0.13486302310275963,575.0348085261751,0.08831018518518519,6.383980677054214,339394
original,training/notflip/0029_000000027.jpg,notflip,training,0029,27,1080,1920,3,0.6060827281529896,0.18801563174270058,0.13473968545751636,567.8132358038386,0.08881172839506173,6.3840437501452865,338160
original,training/notflip/0029_000000028.jpg,notflip,training,0029,28,1080,1920,3,0.6056106534434762,0.1887664249952915,0.13483843197772935,584.9789288577866,0.08999228395061729,6.388189947257164,343175
original,training/notflip/0029_000000029.jpg,notflip,training,0029,29,1080,1920,3,0.6057402168815057,0.18857196800724144,0.1345454452614379,591.19450196021,0.09024691358024692,6.390009757257777,343361
original,training/notflip/0029_000000030.jpg,notflip,training,0029,30,1080,1920,3,0.6059759459725248,0.1882568212492533,0.13419160955277173,596.7320410472394,0.08935956790123457,6.390320084778569,346001
original,training/notflip/0030_000000002.jpg,notflip,training,0030,2,1080,1920,3,0.5911501641551683,0.19427695359681432,0.15999697409828129,637.136336483994,0.09675925925925925,6.620232464283149,369550
original,training/notflip/0030_000000003.jpg,notflip,training,0030,3,1080,1920,3,0.591436011634592,0.19395494580224956,0.16010894570019366,632.1270247768537,0.09768518518518518,6.623036700989562,367666
original,training/notflip/0030_000000005.jpg,notflip,training,0030,5,1080,1920,3,0.594196498275236,0.18813579878275383,0.16039609620854514,443.60971365306125,0.09305555555555556,6.579652869179137,327759
original,training/notflip/0030_000000006.jpg,notflip,training,0030,6,1080,1920,3,0.5973641294480755,0.18383025614500964,0.15927279449588477,361.8812940571535,0.09083333333333334,6.543884734673126,304633
original,training/notflip/0030_000000008.jpg,notflip,training,0030,8,1080,1920,3,0.6000129886831276,0.1816879462877568,0.15611432613168724,267.2305437804832,0.08658179012345679,6.477750676436322,278342
original,training/notflip/0030_000000009.jpg,notflip,training,0030,9,1080,1920,3,0.5995147607268216,0.18242285585277626,0.1574065336782861,270.2163122113031,0.08456790123456791,6.496366048323852,274451
original,training/notflip/0030_000000010.jpg,notflip,training,0030,10,1080,1920,3,0.5986021071623094,0.18516102823051062,0.15726588409283468,328.799158016118,0.0863425925925926,6.531935148777791,285596
original,training/notflip/0030_000000011.jpg,notflip,training,0030,11,1080,1920,3,0.598228205942871,0.1872018341856231,0.1543928168875575,432.82369237248275,0.09134259259259259,6.553094745994407,313368
original,training/notflip/0030_000000012.jpg,notflip,training,0030,12,1080,1920,3,0.5995559621610991,0.18800442105519097,0.14917187121762285,592.4284370236411,0.09756944444444444,6.580368977345766,346676
original,training/notflip/0030_000000013.jpg,notflip,training,0030,13,1080,1920,3,0.6010552189239894,0.18933777784475575,0.1459644702402566,714.2792907530649,0.10076388888888889,6.605069958847379,379903
original,training/notflip/0030_000000014.jpg,notflip,training,0030,14,1080,1920,3,0.6024951207334786,0.19039841650228806,0.14338519728879207,829.4820377985802,0.1028858024691358,6.626113018105926,403552
original,training/notflip/0030_000000015.jpg,notflip,training,0030,15,1080,1920,3,0.6025075212569596,0.1904224230703823,0.14352437742072136,831.5868226922702,0.1030246913580247,6.626660631168736,404111
original,training/notflip/0030_000000016.jpg,notflip,training,0030,16,1080,1920,3,0.6058736837327523,0.19001543560674805,0.13789731980755263,972.1050736448689,0.10354938271604938,6.61631361678037,425038
original,training/notflip/0030_000000017.jpg,notflip,training,0030,17,1080,1920,3,0.6058822716200678,0.1900394270933919,0.13792437136891794,974.1285228506993,0.1036574074074074,6.616816499563724,425498
original,training/notflip/0030_000000019.jpg,notflip,training,0030,19,1080,1920,3,0.6088081408103365,0.18802475602874527,0.13322343636528686,947.8471717034727,0.10293981481481482,6.600377655323036,424423
original,training/notflip/0030_000000020.jpg,notflip,training,0030,20,1080,1920,3,0.6088078041787703,0.1880389691247669,0.1330738887375938,948.5835555412071,0.10313271604938272,6.600760403175464,424820
original,training/notflip/0030_000000021.jpg,notflip,training,0030,21,1080,1920,3,0.6087170309095861,0.18922470497525018,0.13345398738198982,953.213515234375,0.1040895061728395,6.601026042209631,425727
original,training/notflip/0030_000000025.jpg,notflip,training,0030,25,1080,1920,3,0.607780139872307,0.1914186256515799,0.13471659971859115,1044.2122028029623,0.10449845679012346,6.637800798032614,431912
original,training/notflip/0030_000000026.jpg,notflip,training,0030,26,1080,1920,3,0.607721210436335,0.19143132492643886,0.13454663103667394,1034.3632952574278,0.10487654320987655,6.6431138402550065,434128
original,training/notflip/0030_000000027.jpg,notflip,training,0030,27,1080,1920,3,0.6073546999818445,0.1920864451390242,0.1344242995037521,1066.1472612787684,0.10505401234567902,6.653641520576642,437202
original,training/notflip/0030_000000029.jpg,notflip,training,0030,29,1080,1920,3,0.6072189220981602,0.19230052985515766,0.13325173989348826,1062.7779086157195,0.10560956790123457,6.680272477463326,431942
original,training/notflip/0030_000000030.jpg,notflip,training,0030,30,1080,1920,3,0.6074083775871459,0.19219934790073342,0.13305199255628178,1055.6218555362655,0.10445987654320987,6.680097630544431,432502
original,training/notflip/0031_000000001.jpg,notflip,training,0031,1,1080,1920,3,0.5826216015341321,0.20175238142151927,0.16556202152929073,514.3833260801873,0.08953703703703704,6.755339109034365,310700
original,training/notflip/0031_000000002.jpg,notflip,training,0031,2,1080,1920,3,0.5820915410917454,0.20242218030702813,0.16715934020213025,540.9815689680855,0.09024691358024692,6.760570460793855,332696
original,training/notflip/0031_000000003.jpg,notflip,training,0031,3,1080,1920,3,0.5822742317992011,0.2020762630897198,0.16793795010288065,511.41981628919945,0.08858024691358024,6.7423193423170975,320870
original,training/notflip/0031_000000005.jpg,notflip,training,0031,5,1080,1920,3,0.5865492408769063,0.20130478211208594,0.16416256278746066,530.0881672665656,0.08886574074074075,6.71370213081018,327033
original,training/notflip/0031_000000006.jpg,notflip,training,0031,6,1080,1920,3,0.588972000953159,0.200992293203759,0.16076550774630838,541.3393845521238,0.08810185185185185,6.690954352164943,332598
original,training/notflip/0031_000000007.jpg,notflip,training,0031,7,1080,1920,3,0.5905489099189059,0.20082214236027512,0.15880738622609536,547.6169427840055,0.08861111111111111,6.688140316936144,332139
original,training/notflip/0031_000000009.jpg,notflip,training,0031,9,1080,1920,3,0.5935253570564027,0.20150773682038337,0.15446638601428225,540.6328734375,0.09417438271604939,6.6708981747431535,340280
original,training/notflip/0031_000000011.jpg,notflip,training,0031,11,1080,1920,3,0.5969439773208667,0.19957379501323186,0.14946694391491164,583.1073139515222,0.09537808641975308,6.652709318025232,345297
original,training/notflip/0031_000000012.jpg,notflip,training,0031,12,1080,1920,3,0.598142828234689,0.20011129556300292,0.14742467017671265,618.547226898946,0.09652006172839506,6.651159213207485,345371
original,training/notflip/0031_000000013.jpg,notflip,training,0031,13,1080,1920,3,0.5993089578038006,0.19965162439670547,0.14576687507564753,628.7911689278977,0.09756172839506173,6.642255422758226,349585
original,training/notflip/0031_000000014.jpg,notflip,training,0031,14,1080,1920,3,0.6002223281287824,0.1988685348130234,0.14492221919632048,634.9946972707452,0.09807870370370371,6.637220401598845,349775
original,training/notflip/0031_000000018.jpg,notflip,training,0031,18,1080,1920,3,0.6007983974068022,0.19890558464474634,0.14342964778503994,649.7468954212749,0.09788580246913581,6.637580355410654,358220
original,training/notflip/0031_000000021.jpg,notflip,training,0031,21,1080,1920,3,0.6013816059216897,0.19805592570404384,0.14252340534979424,632.9217202779682,0.09847222222222222,6.640817572348678,352867
original,training/notflip/0031_000000022.jpg,notflip,training,0031,22,1080,1920,3,0.6007787706517792,0.1989406758775448,0.14242058710058098,624.8457515239198,0.09814043209876543,6.645705718854653,356400
original,training/notflip/0031_000000023.jpg,notflip,training,0031,23,1080,1920,3,0.6005418690238442,0.1994857011626487,0.14257575155833938,654.3877454646776,0.09871141975308642,6.6451704908595115,358895
original,training/notflip/0031_000000024.jpg,notflip,training,0031,24,1080,1920,3,0.6009120048868313,0.19873345995270672,0.1418527917725732,622.804492433449,0.09884259259259259,6.644208992571657,356144
original,training/notflip/0031_000000025.jpg,notflip,training,0031,25,1080,1920,3,0.6012602615892035,0.1984221736417918,0.14152189429012346,626.1204263593582,0.09866512345679013,6.643040727606811,356953
original,training/notflip/0031_000000026.jpg,notflip,training,0031,26,1080,1920,3,0.6016263956971678,0.19820063114184774,0.14092590323166304,634.1906475036556,0.09921296296296296,6.641638046074155,356285
original,training/notflip/0031_000000027.jpg,notflip,training,0031,27,1080,1920,3,0.601666572107238,0.19832690095357436,0.14046130817296054,629.2792375247675,0.0990895061728395,6.637504402569919,357326
original,training/notflip/0031_000000028.jpg,notflip,training,0031,28,1080,1920,3,0.6014425513646816,0.1989355144987418,0.1399490646181312,623.2190676296843,0.1008641975308642,6.635908811800297,357612
original,training/notflip/0031_000000029.jpg,notflip,training,0031,29,1080,1920,3,0.6012514581063907,0.19908318545131595,0.1395120865861777,588.8215540228241,0.10037808641975308,6.62647927673812,353960
original,training/notflip/0031_000000030.jpg,notflip,training,0031,30,1080,1920,3,0.600396652217986,0.2005108800992097,0.13942410849370612,651.4809256386579,0.10104938271604938,6.63246365708652,360479
original,training/notflip/0032_000000001.jpg,notflip,training,0032,1,1080,1920,3,0.5969074773813847,0.19121839086907386,0.15286110921992252,478.16827479370284,0.08218364197530864,6.600080652792914,297477
original,training/notflip/0032_000000002.jpg,notflip,training,0032,2,1080,1920,3,0.5974762277596223,0.19122225345934502,0.15303795426349553,483.08564543895744,0.08289351851851852,6.5926177360763685,304377
original,training/notflip/0032_000000004.jpg,notflip,training,0032,4,1080,1920,3,0.5987487026446381,0.19041856170069177,0.15347328696138948,461.57762364730985,0.08362654320987654,6.579593845983711,306951
original,training/notflip/0032_000000005.jpg,notflip,training,0032,5,1080,1920,3,0.5995401158920358,0.1896564344944835,0.15338045040547083,461.9035753157269,0.08476851851851852,6.572905647004954,305410
original,training/notflip/0032_000000006.jpg,notflip,training,0032,6,1080,1920,3,0.599993435684459,0.18894467487308694,0.1528896056493585,450.81991789641205,0.08350308641975308,6.573340328555805,308042
original,training/notflip/0032_000000009.jpg,notflip,training,0032,9,1080,1920,3,0.60102147444626,0.18810836486072927,0.15121538179314936,422.26136200274345,0.07716820987654321,6.565234753353421,292462
original,training/notflip/0032_000000011.jpg,notflip,training,0032,11,1080,1920,3,0.6028200704278626,0.18647703464891877,0.14956089248971194,405.08488377700616,0.07099537037037038,6.539342999108525,283746
original,training/notflip/0032_000000012.jpg,notflip,training,0032,12,1080,1920,3,0.6046210020273541,0.18471982296540038,0.1486921598886468,358.10960766246563,0.0644212962962963,6.510612943003305,270897
original,training/notflip/0032_000000013.jpg,notflip,training,0032,13,1080,1920,3,0.6067595599582426,0.18392987625944174,0.1473124262436456,354.9486647876062,0.0620679012345679,6.47085506481799,264004
original,training/notflip/0032_000000014.jpg,notflip,training,0032,14,1080,1920,3,0.609384136332002,0.18289821747226828,0.1452031703885258,326.4539643889437,0.05946759259259259,6.436962061277821,252712
original,training/notflip/0032_000000016.jpg,notflip,training,0032,16,1080,1920,3,0.6134884467290003,0.18133219960369812,0.13735950360082302,395.79359424416054,0.07399691358024692,6.474149208516341,280448
original,training/notflip/0032_000000017.jpg,notflip,training,0032,17,1080,1920,3,0.6160485978727911,0.18076918337844372,0.13269114810275962,432.79040246913576,0.08006944444444444,6.461127703226058,292915
original,training/notflip/0032_000000018.jpg,notflip,training,0032,18,1080,1920,3,0.6188517610748003,0.18001109965191212,0.12812944051077219,462.28256284769856,0.08242283950617284,6.4334631198377705,303102
original,training/notflip/0032_000000019.jpg,notflip,training,0032,19,1080,1920,3,0.6217113857116922,0.17918532764476364,0.12380840179435972,467.5654936985001,0.0844675925925926,6.4093972273549165,304542
original,training/notflip/0032_000000020.jpg,notflip,training,0032,20,1080,1920,3,0.6236874130053255,0.17868764237254717,0.12091049004478334,458.5515426949375,0.0840354938271605,6.389032887541302,306061
original,training/notflip/0032_000000021.jpg,notflip,training,0032,21,1080,1920,3,0.6254161352426774,0.1781266081897513,0.11881460867526024,495.30957498833067,0.0851003086419753,6.375671341112633,310886
original,training/notflip/0032_000000022.jpg,notflip,training,0032,22,1080,1920,3,0.6265612537067297,0.176967266521361,0.11720182197107237,476.6145928381249,0.08518518518518518,6.369009053639866,313719
original,training/notflip/0032_000000023.jpg,notflip,training,0032,23,1080,1920,3,0.6271770795509563,0.17657461073821856,0.1162773654986686,497.63403091754304,0.08479166666666667,6.364116149642233,314480
original,training/notflip/0032_000000024.jpg,notflip,training,0032,24,1080,1920,3,0.627242085375817,0.17671734625606703,0.11566496837932704,490.4450208559576,0.08550925925925926,6.363260674612585,313711
original,training/notflip/0032_000000025.jpg,notflip,training,0032,25,1080,1920,3,0.6272680173535463,0.17721062888090988,0.11555444164548535,476.44211123250795,0.08674382716049382,6.3634855683877305,313204
original,training/notflip/0032_000000026.jpg,notflip,training,0032,26,1080,1920,3,0.626972050124062,0.17741017967411135,0.11511651991043331,480.3031458380963,0.08566358024691358,6.369924091764016,314056
original,training/notflip/0032_000000027.jpg,notflip,training,0032,27,1080,1920,3,0.6276778171145001,0.17653416648601417,0.11429409873517307,491.79759868827165,0.08590277777777777,6.367519644441517,315293
original,training/notflip/0032_000000028.jpg,notflip,training,0032,28,1080,1920,3,0.6279606405833938,0.1756156070523233,0.11378315253570565,493.08344340706446,0.08621141975308642,6.373146008582714,317684
original,training/notflip/0032_000000030.jpg,notflip,training,0032,30,1080,1920,3,0.627582291288429,0.17567009067984057,0.11366965852699104,509.13064830240955,0.08695216049382716,6.3822541639549195,317278
original,training/notflip/0033_000000001.jpg,notflip,training,0033,1,1080,1920,3,0.6019724510560397,0.19952738217985297,0.1580176750484144,118.16328424348184,0.017646604938271606,5.881742358723995,164148
original,training/notflip/0033_000000003.jpg,notflip,training,0033,3,1080,1920,3,0.6073843973160252,0.19667674136845834,0.15046152755083517,91.17242941219898,0.017584876543209876,5.818203738171972,161098
original,training/notflip/0033_000000004.jpg,notflip,training,0033,4,1080,1920,3,0.6100489193748487,0.19517013420917617,0.14634602509985475,77.16767806635565,0.01716820987654321,5.7764787754092275,157460
original,training/notflip/0033_000000007.jpg,notflip,training,0033,7,1080,1920,3,0.6129318529109175,0.19257692629594783,0.13898958711571047,60.9182062185047,0.013287037037037036,5.800709217560593,150448
original,training/notflip/0033_000000009.jpg,notflip,training,0033,9,1080,1920,3,0.6131892001785283,0.1932764340621373,0.13680168051016703,79.21624439008677,0.012808641975308642,5.9091821234683,150056
original,training/notflip/0033_000000010.jpg,notflip,training,0033,10,1080,1920,3,0.6134575106663036,0.19394163447744997,0.1354257519365771,92.34028749333181,0.013518518518518518,5.947264852253403,152652
original,training/notflip/0033_000000011.jpg,notflip,training,0033,11,1080,1920,3,0.6134826691479061,0.1943041035066451,0.1349474155016945,105.32228591386365,0.013117283950617283,5.972924697203596,155605
original,training/notflip/0033_000000012.jpg,notflip,training,0033,12,1080,1920,3,0.612617826721738,0.19442799783505832,0.13403267028261923,114.64466808550289,0.013479938271604939,5.982148589549,157496
original,training/notflip/0033_000000013.jpg,notflip,training,0033,13,1080,1920,3,0.6112601159676834,0.19503930542130501,0.13522905319535222,121.52199565519737,0.014305555555555556,6.004552666756664,160323
original,training/notflip/0033_000000014.jpg,notflip,training,0033,14,1080,1920,3,0.6101579917846769,0.1958154338371971,0.13658843954248368,124.10286531915628,0.014891975308641975,6.017064656214193,161727
original,training/notflip/0033_000000016.jpg,notflip,training,0033,16,1080,1920,3,0.6071140443445897,0.1970095965624886,0.13906303142398935,123.63405878480559,0.01558641975308642,6.066003049639784,164391
original,training/notflip/0033_000000017.jpg,notflip,training,0033,17,1080,1920,3,0.6060298259350037,0.1975369338308302,0.14051188233781167,126.11128179149283,0.01595679012345679,6.083484994347982,165566
original,training/notflip/0033_000000018.jpg,notflip,training,0033,18,1080,1920,3,0.6038491115196077,0.19793243082019743,0.14245704921629146,125.17725909916317,0.016589506172839507,6.127466071851116,167473
original,training/notflip/0033_000000020.jpg,notflip,training,0033,20,1080,1920,3,0.6013251501603728,0.1993610493390997,0.14476372435548293,127.66212415069873,0.01658179012345679,6.163349337901517,170104
original,training/notflip/0033_000000021.jpg,notflip,training,0033,21,1080,1920,3,0.5999994666848222,0.19933376177882878,0.1458450265522876,122.27409598765432,0.015709876543209877,6.195294665308784,170380
original,training/notflip/0033_000000022.jpg,notflip,training,0033,22,1080,1920,3,0.5997283591291456,0.19898502481180552,0.1462017255204551,121.68444575879249,0.01625,6.20649622685333,171212
original,training/notflip/0033_000000023.jpg,notflip,training,0033,23,1080,1920,3,0.5992252991860324,0.19888735431190385,0.1468011925835149,119.79774221155311,0.01669753086419753,6.217328723084602,172115
original,training/notflip/0033_000000024.jpg,notflip,training,0033,24,1080,1920,3,0.5990696468016218,0.19871143927635654,0.14712657914245944,121.55764072496332,0.016442901234567903,6.218741912417434,173587
original,training/notflip/0033_000000026.jpg,notflip,training,0033,26,1080,1920,3,0.5974233766037279,0.19840272455162894,0.14794988539397239,127.21243990912207,0.016458333333333332,6.247403565297737,174559
original,training/notflip/0033_000000028.jpg,notflip,training,0033,28,1080,1920,3,0.596968581684217,0.1981884915233547,0.14833540607601065,129.3872411941777,0.01695216049382716,6.265551865330178,175909
original,training/notflip/0033_000000029.jpg,notflip,training,0033,29,1080,1920,3,0.5965429583484628,0.19828320299214802,0.14911874394819655,128.79287022599212,0.016751543209876544,6.270154094417917,175336
original,training/notflip/0033_000000030.jpg,notflip,training,0033,30,1080,1920,3,0.5947337206487533,0.19825396186082006,0.14969127859477124,128.03473917127485,0.016612654320987654,6.292882866692382,177120
original,training/notflip/0034_000000001.jpg,notflip,training,0034,1,1080,1920,3,0.5946935518034374,0.1873453180667581,0.17120309852335994,134.35747109601243,0.03006172839506173,6.279066866123608,187233
original,training/notflip/0034_000000002.jpg,notflip,training,0034,2,1080,1920,3,0.5988297268367223,0.18566834349927358,0.16653475248123942,137.09919460067061,0.029506172839506174,6.272864936469003,187112
original,training/notflip/0034_000000003.jpg,notflip,training,0034,3,1080,1920,3,0.6023737764009924,0.18565530823944273,0.16149457796235778,159.59215457604597,0.028356481481481483,6.290803970533343,188239
original,training/notflip/0034_000000004.jpg,notflip,training,0034,4,1080,1920,3,0.6052289416152263,0.18651774875979338,0.1565839082546599,195.12362934617195,0.029899691358024692,6.297486109781229,194111
original,training/notflip/0034_000000005.jpg,notflip,training,0034,5,1080,1920,3,0.6081712830579763,0.18744629991740167,0.15229060570987654,248.61699908455267,0.03161265432098766,6.299418357092597,203154
original,training/notflip/0034_000000006.jpg,notflip,training,0034,6,1080,1920,3,0.610889860959816,0.18836801150491955,0.14797708068566934,301.6228417457324,0.033317901234567904,6.271527608495668,212200
original,training/notflip/0034_000000007.jpg,notflip,training,0034,7,1080,1920,3,0.6138603867858872,0.1891076519538687,0.1432416882262164,327.51438442477325,0.03397376543209876,6.248887699153373,217768
original,training/notflip/0034_000000009.jpg,notflip,training,0034,9,1080,1920,3,0.6191142221163156,0.18876615972297794,0.1350300055979182,363.0915235810447,0.035570987654320985,6.192955240714602,221144
original,training/notflip/0034_000000010.jpg,notflip,training,0034,10,1080,1920,3,0.6198585258563302,0.18976424809437198,0.13308300615771002,414.705182090192,0.03521604938271605,6.188154277167242,229410
original,training/notflip/0034_000000011.jpg,notflip,training,0034,11,1080,1920,3,0.6200302552348099,0.19031115794441444,0.1317045698680707,444.32728849927605,0.03699845679012346,6.1896562293071415,230768
original,training/notflip/0034_000000012.jpg,notflip,training,0034,12,1080,1920,3,0.6203563037097556,0.1906553092010295,0.1303860161734447,448.6838438056675,0.035540123456790126,6.193733528619838,229536
original,training/notflip/0034_000000013.jpg,notflip,training,0034,13,1080,1920,3,0.6193901597676108,0.1912735220534935,0.13024165040244493,447.8964897859987,0.036242283950617286,6.207682146758907,231525
original,training/notflip/0034_000000014.jpg,notflip,training,0034,14,1080,1920,3,0.6188501459997579,0.1911610934249799,0.1305074380446623,423.1534962191358,0.03649691358024691,6.216379691843409,228474
original,training/notflip/0034_000000015.jpg,notflip,training,0034,15,1080,1920,3,0.6184441872427984,0.19069597156762277,0.13073963250423626,394.19307712620025,0.036180555555555556,6.23330192189987,223967
original,training/notflip/0034_000000016.jpg,notflip,training,0034,16,1080,1920,3,0.6175895458877996,0.19003752965331971,0.1308418607026144,363.58729032707475,0.035632716049382715,6.251677511426063,219539
original,training/notflip/0034_000000018.jpg,notflip,training,0034,18,1080,1920,3,0.6148439164245946,0.19107054012907854,0.13202705345255386,276.4175769309175,0.035146604938271604,6.290004473738575,209904
original,training/notflip/0034_000000019.jpg,notflip,training,0034,19,1080,1920,3,0.6134272176077221,0.19166807146390813,0.13306281582849191,276.6898685694231,0.03526234567901235,6.310632149494085,208162
original,training/notflip/0034_000000020.jpg,notflip,training,0034,20,1080,1920,3,0.6129383850762528,0.19179530009902807,0.13350895099552165,275.810076388353,0.03475308641975309,6.315724306301329,207533
original,training/notflip/0034_000000021.jpg,notflip,training,0034,21,1080,1920,3,0.6111638109719196,0.1922977578281877,0.13429945079883804,243.92366748113858,0.03392746913580247,6.32909781230114,205699
original,training/notflip/0034_000000022.jpg,notflip,training,0034,22,1080,1920,3,0.6101774332032196,0.19302698269765522,0.13482992919389977,192.77578337810544,0.0333641975308642,6.329885056372762,201150
original,training/notflip/0034_000000023.jpg,notflip,training,0034,23,1080,1920,3,0.6090027630265069,0.1941158422250029,0.135170333681312,150.5978022804617,0.0314429012345679,6.352718202272958,191829
original,training/notflip/0034_000000024.jpg,notflip,training,0034,24,1080,1920,3,0.60753317333878,0.19507821878626458,0.13555361141370126,118.25864349226252,0.029737654320987655,6.3645205184203,190140
original,training/notflip/0034_000000026.jpg,notflip,training,0034,26,1080,1920,3,0.6064741304314937,0.19563666341363314,0.13629757852214958,107.3007041457095,0.02771604938271605,6.3852115612028015,189307
original,training/notflip/0034_000000027.jpg,notflip,training,0034,27,1080,1920,3,0.6063550309398451,0.1952459577635988,0.1358040199104333,91.29231180817521,0.025555555555555557,6.393263144159226,188894
original,training/notflip/0034_000000028.jpg,notflip,training,0034,28,1080,1920,3,0.6064827012981119,0.19487739210100233,0.1355475879780925,76.33539399481786,0.023773148148148147,6.3977022932952465,187358
original,training/notflip/0034_000000029.jpg,notflip,training,0034,29,1080,1920,3,0.6066430703068264,0.19439823152124325,0.13505329369402083,63.200439479916845,0.022445987654320987,6.405971997858842,184906
original,training/notflip/0035_000000001.jpg,notflip,training,0035,1,1080,1920,3,0.5867528821713871,0.20114827416379874,0.1658790736201888,371.7898030397424,0.04584104938271605,6.321635366989398,250377
original,training/notflip/0035_000000002.jpg,notflip,training,0035,2,1080,1920,3,0.5885397906076011,0.20099772226686935,0.16473347290305013,366.40681569477783,0.04463734567901235,6.3082268818425105,249140
original,training/notflip/0035_000000003.jpg,notflip,training,0035,3,1080,1920,3,0.5885529135651174,0.20043000527006705,0.16412168096405227,333.1456015544029,0.04210648148148148,6.3026984404104756,243072
original,training/notflip/0035_000000004.jpg,notflip,training,0035,4,1080,1920,3,0.5885884092834665,0.20018873495178227,0.16360456759864442,335.236215763365,0.0404320987654321,6.290312461376614,239318
original,training/notflip/0035_000000005.jpg,notflip,training,0035,5,1080,1920,3,0.5888622685185185,0.19881964099396987,0.1620705753752118,327.89940857315,0.03986882716049383,6.309483611112609,237528
original,training/notflip/0035_000000006.jpg,notflip,training,0035,6,1080,1920,3,0.5902194591957153,0.1963310545130597,0.16000740967683372,331.58879115012,0.03935185185185185,6.326808887570245,236327
original,training/notflip/0035_000000007.jpg,notflip,training,0035,7,1080,1920,3,0.5928200023450738,0.1930819655374576,0.15826418391430647,313.1782253514493,0.03628858024691358,6.332255374086102,231495
original,training/notflip/0035_000000008.jpg,notflip,training,0035,8,1080,1920,3,0.5968581116860324,0.19057526439477643,0.1552416163610506,279.8282867395881,0.03169753086419753,6.3090961105871335,219050
original,training/notflip/0035_000000010.jpg,notflip,training,0035,10,1080,1920,3,0.6030574448529411,0.1888660246792511,0.14912322417392881,185.58475074534894,0.022083333333333333,6.2787747511482115,189065
original,training/notflip/0035_000000012.jpg,notflip,training,0035,12,1080,1920,3,0.6051167600913823,0.189904892237619,0.14302167869462598,266.44482664394724,0.029930555555555554,6.326175838104019,214486
original,training/notflip/0035_000000013.jpg,notflip,training,0035,13,1080,1920,3,0.6067839071199467,0.1902646823464762,0.13896920388525782,307.5769899947964,0.03474537037037037,6.335988057926707,225497
original,training/notflip/0035_000000014.jpg,notflip,training,0035,14,1080,1920,3,0.6091940454036553,0.18885192110633495,0.1350263196713871,306.5387717154397,0.03609567901234568,6.335173826937506,228216
original,training/notflip/0035_000000017.jpg,notflip,training,0035,17,1080,1920,3,0.6153507228122731,0.18661202368441368,0.1265188646060276,341.5423553155007,0.03854166666666667,6.30351893262931,234783
original,training/notflip/0035_000000018.jpg,notflip,training,0035,18,1080,1920,3,0.6163797960542241,0.18618422766027917,0.12494924428104574,344.7046720630787,0.03770061728395062,6.293081695212651,235137
original,training/notflip/0035_000000019.jpg,notflip,training,0035,19,1080,1920,3,0.6174421579974583,0.1860535650054725,0.12316914412369886,331.5547962433676,0.038348765432098766,6.276687293999516,233392
original,training/notflip/0035_000000020.jpg,notflip,training,0035,20,1080,1920,3,0.6174145258412007,0.1865043340725209,0.12241465255083514,310.3707403968526,0.037955246913580244,6.268215480918239,230229
original,training/notflip/0035_000000021.jpg,notflip,training,0035,21,1080,1920,3,0.6173996005809731,0.18689972743616382,0.12177630454187847,264.17553448192916,0.03762345679012346,6.265054032454483,222176
original,training/notflip/0035_000000022.jpg,notflip,training,0035,22,1080,1920,3,0.6146531106269668,0.18811598220353462,0.12272986829762769,218.36723207947534,0.03761574074074074,6.291716357939908,214342
original,training/notflip/0035_000000023.jpg,notflip,training,0035,23,1080,1920,3,0.6138008805374002,0.18899692708284727,0.12303244144880175,187.17943906458382,0.0370679012345679,6.29674988226726,208559
original,training/notflip/0035_000000024.jpg,notflip,training,0035,24,1080,1920,3,0.6134635662521181,0.18916717006229675,0.12313199361534738,160.17605889703358,0.03705246913580247,6.299979877980915,203612
original,training/notflip/0035_000000025.jpg,notflip,training,0035,25,1080,1920,3,0.6123744212962963,0.18974420364635253,0.12409094347615589,143.09483138711468,0.03599537037037037,6.315513940165138,200432
original,training/notflip/0035_000000027.jpg,notflip,training,0035,27,1080,1920,3,0.6113239095406681,0.19018743936775845,0.12467530183369645,137.66560299205295,0.0362962962962963,6.332466580368546,199038
original,training/notflip/0035_000000028.jpg,notflip,training,0035,28,1080,1920,3,0.6093781507201647,0.1907327525464156,0.12593030024509802,139.0506260457152,0.03649691358024691,6.363185051034705,197561
original,training/notflip/0035_000000029.jpg,notflip,training,0035,29,1080,1920,3,0.6087288300351005,0.19109085610267776,0.1263927147633745,140.4187656033284,0.03628086419753086,6.372842664839376,197688
original,training/notflip/0035_000000030.jpg,notflip,training,0035,30,1080,1920,3,0.6081748309277415,0.19136410402265883,0.12719133722161705,139.50135274485356,0.036689814814814814,6.377821522943429,197356
original,training/notflip/0035_000000031.jpg,notflip,training,0035,31,1080,1920,3,0.607945859053498,0.19077279950408138,0.12751984424170903,139.96535645522547,0.0364891975308642,6.389590630499512,197222
original,training/notflip/0035_000000032.jpg,notflip,training,0035,32,1080,1920,3,0.6063528069020818,0.1899071700674119,0.12761538141491166,143.43063290603325,0.037731481481481484,6.3971251267270555,194118
original,training/notflip/0036_000000002.jpg,notflip,training,0036,2,1080,1920,3,0.5740340508502784,0.1951356121485092,0.1676225736050593,166.57353630448864,0.03846450617283951,6.336240783282946,204019
original,training/notflip/0036_000000003.jpg,notflip,training,0036,3,1080,1920,3,0.5747537861595255,0.19490504304689835,0.1660116818718228,163.58025377651796,0.03790895061728395,6.355983228978955,204253
original,training/notflip/0036_000000006.jpg,notflip,training,0036,6,1080,1920,3,0.5804684587569596,0.19309832361637372,0.1623304114469862,187.91098137854127,0.03348765432098765,6.33892999724649,205078
original,training/notflip/0036_000000007.jpg,notflip,training,0036,7,1080,1920,3,0.582490135560397,0.1923321875700196,0.16031614810275963,211.585535586646,0.0338966049382716,6.313756164369894,211419
original,training/notflip/0036_000000008.jpg,notflip,training,0036,8,1080,1920,3,0.58427545350702,0.1918331365123733,0.15795305502602275,244.50160910440243,0.0356712962962963,6.297217949848979,221258
original,training/notflip/0036_000000009.jpg,notflip,training,0036,9,1080,1920,3,0.5857006078280078,0.19149895884250331,0.15563993093379327,275.57135185131597,0.03690586419753086,6.280497345929437,227949
original,training/notflip/0036_000000010.jpg,notflip,training,0036,10,1080,1920,3,0.5875163133926411,0.19067547050686381,0.15303929511619463,285.71974397570636,0.038842592592592595,6.259746832829842,231208
original,training/notflip/0036_000000011.jpg,notflip,training,0036,11,1080,1920,3,0.589551920691116,0.18863950323303133,0.1499692265795207,283.9696583547073,0.03923611111111111,6.245321341357202,232763
original,training/notflip/0036_000000012.jpg,notflip,training,0036,12,1080,1920,3,0.5911547011165577,0.18708317176287587,0.14821865922294844,275.88923842110336,0.04091820987654321,6.2278564742637,235111
original,training/notflip/0036_000000013.jpg,notflip,training,0036,13,1080,1920,3,0.5921500525750424,0.1853406132536741,0.14707261029411764,251.06380146884763,0.04156635802469136,6.228014630397411,232902
original,training/notflip/0036_000000015.jpg,notflip,training,0036,15,1080,1920,3,0.5928564493312757,0.18374094411826306,0.14648949066509317,219.69951084956327,0.04153549382716049,6.218891798764403,225719
original,training/notflip/0036_000000016.jpg,notflip,training,0036,16,1080,1920,3,0.5922982971738078,0.18445148397042868,0.14674767951161946,226.38375411427373,0.0414891975308642,6.207600292368349,225917
original,training/notflip/0036_000000017.jpg,notflip,training,0036,17,1080,1920,3,0.5924156737926651,0.18395625828840262,0.14689349960663278,210.20011693619256,0.040609567901234565,6.196116747725499,224983
original,training/notflip/0036_000000018.jpg,notflip,training,0036,18,1080,1920,3,0.5922877783829582,0.1832460082540754,0.1471139119613895,178.67226772762348,0.04009259259259259,6.171430075937213,220683
original,training/notflip/0036_000000019.jpg,notflip,training,0036,19,1080,1920,3,0.5921315113622609,0.18212013815296385,0.1478636415214234,143.1579378084038,0.03833333333333333,6.144929461591236,214597
original,training/notflip/0036_000000021.jpg,notflip,training,0036,21,1080,1920,3,0.5912976579520698,0.18121779517671108,0.1484893809761559,117.3678222734244,0.03428240740740741,6.105162446522129,206063
original,training/notflip/0036_000000022.jpg,notflip,training,0036,22,1080,1920,3,0.5911633930192448,0.18081460077727804,0.14871282679738562,117.80750735733643,0.034297839506172836,6.1000841936598205,203338
original,training/notflip/0036_000000023.jpg,notflip,training,0036,23,1080,1920,3,0.5910188929738562,0.18058509073823817,0.1483841174201162,133.19991296201036,0.03627314814814815,6.100367574322064,204055
original,training/notflip/0036_000000024.jpg,notflip,training,0036,24,1080,1920,3,0.5907754364863229,0.1806365367636112,0.1481199505265069,150.7216534464425,0.03834104938271605,6.096935639481908,206356
original,training/notflip/0036_000000026.jpg,notflip,training,0036,26,1080,1920,3,0.5900410709422659,0.18162104037082366,0.147944228848947,215.91566084813434,0.04031635802469136,6.0971128076676955,223813
original,training/notflip/0036_000000027.jpg,notflip,training,0036,27,1080,1920,3,0.5898575443294601,0.18186464694262522,0.14778144479242314,230.58717984533368,0.040540123456790124,6.097173421979118,229168
original,training/notflip/0036_000000029.jpg,notflip,training,0036,29,1080,1920,3,0.5902822220709272,0.18093482810685327,0.1476272788822319,234.6666815822188,0.04080246913580247,6.096940215835504,232728
original,training/notflip/0037_000000001.jpg,notflip,training,0037,1,1080,1920,3,0.5921391347434035,0.18356011275698403,0.16847939360929556,74.039371809747,0.026682098765432097,6.3129096298166365,183021
original,training/notflip/0037_000000003.jpg,notflip,training,0037,3,1080,1920,3,0.5981176811002178,0.1765338010254262,0.16230208144214475,52.86155570505401,0.01513888888888889,6.248135557454656,174136
original,training/notflip/0037_000000005.jpg,notflip,training,0037,5,1080,1920,3,0.6027281794662309,0.1722978254052537,0.15464858501270878,53.25702461985359,0.01579475308641975,6.300050146488664,179994
original,training/notflip/0037_000000006.jpg,notflip,training,0037,6,1080,1920,3,0.6045355486716292,0.17122286015644017,0.15017578597797143,47.51527712137775,0.011535493827160494,6.307307462329492,183716
original,training/notflip/0037_000000009.jpg,notflip,training,0037,9,1080,1920,3,0.6124052382141127,0.16714953671514496,0.13958889531893004,34.43971521913342,0.011095679012345679,6.234892539006436,183783
original,training/notflip/0037_000000011.jpg,notflip,training,0037,11,1080,1920,3,0.6151889637799565,0.16604484334007857,0.1351494209180586,34.35498651024996,0.01191358024691358,6.194152270817045,184167
original,training/notflip/0037_000000012.jpg,notflip,training,0037,12,1080,1920,3,0.6158403326222464,0.16694824040534662,0.1335227188483418,37.107327709131134,0.012006172839506174,6.166895957219831,183858
original,training/notflip/0037_000000013.jpg,notflip,training,0037,13,1080,1920,3,0.6156992669753086,0.16859508245161547,0.13291686335027839,43.40096948582295,0.012800925925925926,6.150092099021612,184743
original,training/notflip/0037_000000016.jpg,notflip,training,0037,16,1080,1920,3,0.6153459759289519,0.17160873205470217,0.13123839377572016,64.46599268380392,0.01572530864197531,6.126993074273063,190748
original,training/notflip/0037_000000017.jpg,notflip,training,0037,17,1080,1920,3,0.6153239397996852,0.1720745594143669,0.13082825549201163,65.36293375622762,0.016226851851851853,6.124050389267495,192229
original,training/notflip/0037_000000020.jpg,notflip,training,0037,20,1080,1920,3,0.6154361837327523,0.17379775999090688,0.1282329168936093,121.03944886807462,0.04195216049382716,6.118102946153604,202362
original,training/notflip/0037_000000021.jpg,notflip,training,0037,21,1080,1920,3,0.6143689784555798,0.17444965817065727,0.12839323105785524,147.1963817291571,0.05025462962962963,6.137350304239467,209834
original,training/notflip/0037_000000022.jpg,notflip,training,0037,22,1080,1920,3,0.6143642258986928,0.1746382244556756,0.12813236050593077,151.89985435665056,0.05387345679012346,6.1314803853278335,213216
original,training/notflip/0037_000000023.jpg,notflip,training,0037,23,1080,1920,3,0.613995705110748,0.1750229157386878,0.1279747601972888,157.2370987225056,0.05547839506172839,6.133546057278646,216806
original,training/notflip/0037_000000024.jpg,notflip,training,0037,24,1080,1920,3,0.6129676001573469,0.17535801773778106,0.12793152951767128,181.4157839420439,0.057152777777777775,6.149564525836271,220261
original,training/notflip/0037_000000026.jpg,notflip,training,0037,26,1080,1920,3,0.6122163084755508,0.1761995514678921,0.12690734688937305,279.4884015308261,0.06167438271604938,6.170794768228753,250348
original,training/notflip/0037_000000027.jpg,notflip,training,0037,27,1080,1920,3,0.6106641268004115,0.17805603805134573,0.12679941675744372,365.8584766458525,0.06479938271604939,6.192026792816999,272419
original,training/notflip/0037_000000029.jpg,notflip,training,0037,29,1080,1920,3,0.6093375015129509,0.1780808109520121,0.12672038398692811,402.1001051430804,0.06606481481481481,6.2138074481519965,278648
original,training/notflip/0037_000000030.jpg,notflip,training,0037,30,1080,1920,3,0.6085243150114984,0.17946186756730678,0.12657924458363592,442.7708436890337,0.06637345679012345,6.229106150611622,290962
original,training/notflip/0038_000000001.jpg,notflip,training,0038,1,1080,1920,3,0.5787808641975309,0.19729178745282153,0.16643554072863712,582.219820125493,0.08013888888888888,6.555629912342105,347129
original,training/notflip/0038_000000002.jpg,notflip,training,0038,2,1080,1920,3,0.5795560586117163,0.1965597455047278,0.16657505749213264,576.0356454215726,0.08021604938271605,6.5503914997027755,351257
original,training/notflip/0038_000000003.jpg,notflip,training,0038,3,1080,1920,3,0.5799455753752117,0.19641451995122136,0.16748249515855726,566.1016520195092,0.07917438271604939,6.540421053232238,354975
original,training/notflip/0038_000000004.jpg,notflip,training,0038,4,1080,1920,3,0.5803661133048899,0.19586601900805928,0.16800447266097795,550.9235450816734,0.07988425925925927,6.517404607542244,349972
original,training/notflip/0038_000000006.jpg,notflip,training,0038,6,1080,1920,3,0.5837492870219075,0.1935882300491285,0.16572855770394576,505.13274534030404,0.0789891975308642,6.534043429910293,338470
original,training/notflip/0038_000000007.jpg,notflip,training,0038,7,1080,1920,3,0.5857138499304043,0.19321836401949535,0.16367700768579038,534.2385115052489,0.07590277777777778,6.538486291545966,343157
original,training/notflip/0038_000000012.jpg,notflip,training,0038,12,1080,1920,3,0.5999877129478335,0.1845403680347964,0.14719975111958364,361.2595596016589,0.07122685185185185,6.350179458105006,294748
original,training/notflip/0038_000000013.jpg,notflip,training,0038,13,1080,1920,3,0.6033564890462357,0.18206359335416597,0.14332953771786494,311.8659940128577,0.07391203703703704,6.296803990384204,284118
original,training/notflip/0038_000000014.jpg,notflip,training,0038,14,1080,1920,3,0.6061837232964173,0.17888592956522828,0.14082449391793755,258.187630439279,0.07361882716049382,6.186321195968108,252494
original,training/notflip/0038_000000015.jpg,notflip,training,0038,15,1080,1920,3,0.6081268060850884,0.17706352356341284,0.13849517368675865,209.95004602099527,0.07398919753086419,6.16745476898701,247592
original,training/notflip/0038_000000016.jpg,notflip,training,0038,16,1080,1920,3,0.6089994175139192,0.17649678620012127,0.13708193196259985,200.5038498984887,0.07393518518518519,6.156707415071729,245433
original,training/notflip/0038_000000017.jpg,notflip,training,0038,17,1080,1920,3,0.6101241319444445,0.17549507655865176,0.1358519804526749,198.4886031587577,0.07317129629629629,6.146354118807995,243462
original,training/notflip/0038_000000018.jpg,notflip,training,0038,18,1080,1920,3,0.610255085406076,0.17545002948959726,0.13554304534313724,195.99009259044922,0.07391203703703704,6.143435544724954,243142
original,training/notflip/0038_000000019.jpg,notflip,training,0038,19,1080,1920,3,0.6098787294238682,0.1761209412012061,0.13508332387739044,233.74033076840183,0.07593364197530864,6.146695394498574,250260
original,training/notflip/0038_000000021.jpg,notflip,training,0038,21,1080,1920,3,0.6090648167060033,0.17838407256674055,0.13428191380718954,367.2158939605243,0.07993055555555556,6.178733383028448,286495
original,training/notflip/0038_000000024.jpg,notflip,training,0038,24,1080,1920,3,0.6082701090081094,0.1816777612417014,0.13316908549685305,483.74051610362136,0.08027777777777778,6.209856930919026,318136
original,training/notflip/0038_000000025.jpg,notflip,training,0038,25,1080,1920,3,0.6076174201161946,0.18358548959404392,0.13332292423142098,543.7221293857643,0.08007716049382715,6.22381250712105,329456
original,training/notflip/0038_000000026.jpg,notflip,training,0038,26,1080,1920,3,0.6073584520999759,0.1845412803097966,0.13263155485959816,562.2143975527739,0.07841820987654322,6.223025891956855,337484
original,training/notflip/0038_000000027.jpg,notflip,training,0038,27,1080,1920,3,0.607647300895667,0.18502914832188178,0.13173400432703944,593.8585898088611,0.07934413580246913,6.235958588657489,345259
original,training/notflip/0038_000000028.jpg,notflip,training,0038,28,1080,1920,3,0.6076219778806584,0.18547065321309558,0.1315314769426289,603.7696608748071,0.07843364197530864,6.236217613303708,346724
original,training/notflip/0038_000000029.jpg,notflip,training,0038,29,1080,1920,3,0.6077228822470346,0.1855336706305788,0.13122740597010407,608.5390668638546,0.07848765432098766,6.2388487196298,347291
original,training/notflip/0038_000000030.jpg,notflip,training,0038,30,1080,1920,3,0.60789545320443,0.1853210502967773,0.1309172359144275,593.7183697187928,0.07884259259259259,6.242701298680798,348028
original,training/notflip/0039_000000001.jpg,notflip,training,0039,1,1080,1920,3,0.5519740812605907,0.21971729451729216,0.19851311350157347,635.0127540222884,0.0735570987654321,6.750956712482377,327255
original,training/notflip/0039_000000002.jpg,notflip,training,0039,2,1080,1920,3,0.5536173123184459,0.2191633144869049,0.19794574179980634,604.241334845048,0.07328703703703704,6.738176530059341,328571
original,training/notflip/0039_000000004.jpg,notflip,training,0039,4,1080,1920,3,0.5555760768427742,0.2185387062747242,0.19707408920358266,592.5046287434747,0.07084876543209877,6.741878660133624,329041
original,training/notflip/0039_000000005.jpg,notflip,training,0039,5,1080,1920,3,0.5572527289851126,0.21777371426404335,0.19578182303013797,564.5697753914585,0.06704475308641976,6.73712410723374,323783
original,training/notflip/0039_000000006.jpg,notflip,training,0039,6,1080,1920,3,0.5585590674927379,0.21635460420471367,0.19511668444383926,523.6518749270666,0.06395833333333334,6.738924599905248,311189
original,training/notflip/0039_000000007.jpg,notflip,training,0039,7,1080,1920,3,0.5620772493796902,0.21492643706955813,0.19287894501936578,459.2331404220369,0.06108796296296296,6.726399476844431,301308
original,training/notflip/0039_000000008.jpg,notflip,training,0039,8,1080,1920,3,0.5652300006808278,0.2140139760917465,0.19088007784132172,436.471496852614,0.05979166666666667,6.720381115152536,296157
original,training/notflip/0039_000000009.jpg,notflip,training,0039,9,1080,1920,3,0.5718617011619462,0.2102505090821277,0.18759631066932944,438.811689384657,0.06162037037037037,6.715772226394366,298996
original,training/notflip/0039_000000010.jpg,notflip,training,0039,10,1080,1920,3,0.5781055585814573,0.20848260487641765,0.18002822977184701,389.7571064499862,0.06588734567901235,6.711932009358526,292795
original,training/notflip/0039_000000011.jpg,notflip,training,0039,11,1080,1920,3,0.5822131426258775,0.20883519242455614,0.17657093659222947,328.97855628375777,0.06792438271604938,6.6940578525675924,283684
original,training/notflip/0039_000000012.jpg,notflip,training,0039,12,1080,1920,3,0.5822086529442023,0.2098060781283032,0.1785124156529896,273.7182792561514,0.06767746913580247,6.699842263413963,277816
original,training/notflip/0039_000000013.jpg,notflip,training,0039,13,1080,1920,3,0.5810029918603243,0.2124939674134134,0.17961085201827645,228.33536133253077,0.06672067901234568,6.711585206085566,273912
original,training/notflip/0039_000000014.jpg,notflip,training,0039,14,1080,1920,3,0.5818913285221496,0.2132194854965456,0.17725340224824498,223.98470558961097,0.066875,6.7053283116197795,273167
original,training/notflip/0039_000000015.jpg,notflip,training,0039,15,1080,1920,3,0.5834502844347617,0.21289806926884208,0.17411363773904623,220.06400236571932,0.06576388888888889,6.6908775006004735,271309
original,training/notflip/0039_000000016.jpg,notflip,training,0039,16,1080,1920,3,0.5843926391158315,0.21296595397607626,0.1723061683006536,220.20075607757963,0.063804012345679,6.684105605663614,270889
original,training/notflip/0039_000000017.jpg,notflip,training,0039,17,1080,1920,3,0.5848738255718954,0.21311546286533614,0.170692558929436,260.1384520554698,0.06662037037037037,6.684753098814605,275797
original,training/notflip/0039_000000018.jpg,notflip,training,0039,18,1080,1920,3,0.5857334747942387,0.21294556710003212,0.16856660009682886,291.3682471349999,0.07174382716049382,6.683532595173465,285360
original,training/notflip/0039_000000019.jpg,notflip,training,0039,19,1080,1920,3,0.5857305415607601,0.21294063227218704,0.16685931069958845,304.3788720078875,0.07314814814814814,6.699293736771798,291318
original,training/notflip/0039_000000020.jpg,notflip,training,0039,20,1080,1920,3,0.5851826037127814,0.21474091447604654,0.16500044064693778,405.3873528115355,0.07517746913580246,6.723240662236578,311203
original,training/notflip/0039_000000021.jpg,notflip,training,0039,21,1080,1920,3,0.5850279347464294,0.21595628609684847,0.16426529025962236,478.41756937960815,0.07922067901234568,6.740005773961388,327116
original,training/notflip/0039_000000023.jpg,notflip,training,0039,23,1080,1920,3,0.5844046103395062,0.21811457059845074,0.1643069890764948,563.9730624565972,0.08080246913580247,6.770658757099743,345789
original,training/notflip/0039_000000024.jpg,notflip,training,0039,24,1080,1920,3,0.5840438680101669,0.21949114850625967,0.16422741542604696,633.5955629714767,0.08420524691358025,6.7984689196479895,361414
original,training/notflip/0039_000000025.jpg,notflip,training,0039,25,1080,1920,3,0.5837623797204067,0.22029774715581,0.16371565979786978,642.7617806924916,0.08536265432098765,6.814172184504137,368105
original,training/notflip/0039_000000027.jpg,notflip,training,0039,27,1080,1920,3,0.5845633207758412,0.2213715754158816,0.16250039714960057,657.4953616325994,0.0859104938271605,6.83422401066839,359661
original,training/notflip/0039_000000028.jpg,notflip,training,0039,28,1080,1920,3,0.58475098152687,0.22155599209921284,0.16227130802166545,658.7687885230315,0.08616512345679013,6.838110621706676,359858
original,training/notflip/0039_000000029.jpg,notflip,training,0039,29,1080,1920,3,0.585439245567054,0.22058422677125702,0.1615288538640765,608.779712640925,0.0862037037037037,6.829192118414603,350980
original,training/notflip/0039_000000030.jpg,notflip,training,0039,30,1080,1920,3,0.5867614606027596,0.21868833388322256,0.16020408194141852,511.8591818234644,0.08467592592592593,6.810380873259017,335075
original,training/notflip/0040_000000001.jpg,notflip,training,0040,1,1080,1920,3,0.6064098243464052,0.19006934063097583,0.158170218318809,670.6932268325617,0.11041666666666666,6.524307942179108,389084
original,training/notflip/0040_000000002.jpg,notflip,training,0040,2,1080,1920,3,0.6069975471284194,0.1897850418068556,0.15757553596284193,631.449352872085,0.11037808641975308,6.515444943898348,387570
original,training/notflip/0040_000000003.jpg,notflip,training,0040,3,1080,1920,3,0.6077935692023724,0.1891730188896231,0.15647428172657954,607.5227064685618,0.10857253086419753,6.505562024963498,378731
original,training/notflip/0040_000000008.jpg,notflip,training,0040,8,1080,1920,3,0.6153918088840474,0.18995329990508894,0.14606325080186397,699.5774264965326,0.10381944444444445,6.488607907526118,398695
original,training/notflip/0040_000000009.jpg,notflip,training,0040,9,1080,1920,3,0.6165987011316872,0.18974557654803503,0.14377583930948923,710.2756293766553,0.10425154320987655,6.479576233758266,400973
original,training/notflip/0040_000000010.jpg,notflip,training,0040,10,1080,1920,3,0.6172967615286855,0.1891628748918719,0.1421323207909707,686.3669022859987,0.10499228395061729,6.468253465052674,400855
original,training/notflip/0040_000000013.jpg,notflip,training,0040,13,1080,1920,3,0.6169148492344468,0.18808721980329657,0.14113483796296297,694.979113793629,0.10792438271604939,6.4766553607022255,408615
original,training/notflip/0040_000000015.jpg,notflip,training,0040,15,1080,1920,3,0.61640323922779,0.1879489754875734,0.14219210504417817,729.6340050210881,0.11026234567901234,6.495696889504261,419327
original,training/notflip/0040_000000019.jpg,notflip,training,0040,19,1080,1920,3,0.6138777630265069,0.1910480789572195,0.14437406007927864,783.3732722869989,0.11259259259259259,6.515073308474651,430648
original,training/notflip/0040_000000020.jpg,notflip,training,0040,20,1080,1920,3,0.613874479923142,0.19115650788419855,0.1442627220255386,793.644854440777,0.11252314814814815,6.514318998426522,430981
original,training/notflip/0040_000000021.jpg,notflip,training,0040,21,1080,1920,3,0.6138228901900266,0.19111959672294784,0.14433776060578551,795.7770821730087,0.11302469135802469,6.511288962352408,427809
original,training/notflip/0040_000000022.jpg,notflip,training,0040,22,1080,1920,3,0.6118257194081336,0.19079030568752714,0.1441799598311547,790.1195068024479,0.1125,6.492673589577626,421640
original,training/notflip/0040_000000023.jpg,notflip,training,0040,23,1080,1920,3,0.6119212093016219,0.1907318101659917,0.1442926103697652,786.9596407606857,0.11207561728395062,6.493354399741325,420826
original,training/notflip/0040_000000024.jpg,notflip,training,0040,24,1080,1920,3,0.6120905028292181,0.19076717177088273,0.14425778602335995,793.9206511530613,0.11212962962962963,6.4954646929289215,424480
original,training/notflip/0040_000000025.jpg,notflip,training,0040,25,1080,1920,3,0.6120915713507625,0.1908651576782992,0.14428180222706366,784.9613083845356,0.11274691358024691,6.4942618030015495,427058
original,training/notflip/0040_000000026.jpg,notflip,training,0040,26,1080,1920,3,0.6118580776446381,0.19130272577744395,0.14414739923747277,788.1771022612311,0.11214506172839506,6.497957517520035,426542
original,training/notflip/0040_000000027.jpg,notflip,training,0040,27,1080,1920,3,0.6118653568294602,0.19125609095107288,0.1442758922627693,783.6967526476885,0.11272376543209876,6.497651817596911,425128
original,training/notflip/0040_000000028.jpg,notflip,training,0040,28,1080,1920,3,0.6116411204914065,0.19151388392034416,0.14408824285887195,788.1676947585638,0.11395061728395062,6.500794493297434,427036
original,training/notflip/0040_000000029.jpg,notflip,training,0040,29,1080,1920,3,0.6114100664185427,0.1916344936745951,0.14399778730936819,795.5976741635587,0.11363425925925925,6.500642073869063,428659
original,training/notflip/0040_000000030.jpg,notflip,training,0040,30,1080,1920,3,0.6113722237351731,0.19128527746108437,0.14394643775720165,779.8379059112917,0.11340277777777778,6.497167116629304,426106
original,training/notflip/0041_000000002.jpg,notflip,training,0041,2,1080,1920,3,0.49963644925562817,0.24547802946572114,0.17229064731602517,524.9931647174116,0.05737654320987654,6.916022308459983,267448
original,training/notflip/0041_000000004.jpg,notflip,training,0041,4,1080,1920,3,0.49976030130416366,0.24564470992807463,0.17218604378479788,527.4978357300716,0.05740740740740741,6.915077922570431,272775
original,training/notflip/0041_000000005.jpg,notflip,training,0041,5,1080,1920,3,0.49978394305252966,0.2456891086769749,0.1719124114923747,525.9287121225328,0.05557098765432099,6.915458323820559,276922
original,training/notflip/0041_000000007.jpg,notflip,training,0041,7,1080,1920,3,0.4992067693203825,0.2456409484138449,0.1714756377087872,506.1093756665809,0.056651234567901235,6.898016557897708,284095
original,training/notflip/0041_000000008.jpg,notflip,training,0041,8,1080,1920,3,0.498669658526991,0.2454051898719166,0.17127410130718954,503.3719605061514,0.056165123456790124,6.88864701843026,283231
original,training/notflip/0041_000000009.jpg,notflip,training,0041,9,1080,1920,3,0.4978448279774873,0.24599963052868373,0.1717143170539821,518.9884528115355,0.057353395061728395,6.8841282397427435,288521
original,training/notflip/0041_000000010.jpg,notflip,training,0041,10,1080,1920,3,0.4971133540607601,0.24599009182666737,0.17185843507927862,530.1179978346836,0.05798611111111111,6.88131215142597,292471
original,training/notflip/0041_000000012.jpg,notflip,training,0041,12,1080,1920,3,0.4952383540607601,0.2458404241031759,0.17363230377027355,510.8390790037722,0.05670524691358025,6.873475567410862,296429
original,training/notflip/0041_000000013.jpg,notflip,training,0041,13,1080,1920,3,0.49330963863168725,0.2458042409261135,0.1763391260439361,530.0633310941905,0.059174382716049384,6.881538763713506,301567
original,training/notflip/0041_000000016.jpg,notflip,training,0041,16,1080,1920,3,0.486220597691237,0.24544556581841598,0.18616855785524086,554.6405270452294,0.062037037037037036,6.888623689933479,311169
original,training/notflip/0041_000000017.jpg,notflip,training,0041,17,1080,1920,3,0.48411854159101914,0.24500120081011226,0.18820568566932946,546.7396600865318,0.06247685185185185,6.89210238605782,312350
original,training/notflip/0041_000000018.jpg,notflip,training,0041,18,1080,1920,3,0.482619710345558,0.24487466975025157,0.18938910259319777,544.4717382523148,0.06382716049382715,6.890242893412936,315467
original,training/notflip/0041_000000019.jpg,notflip,training,0041,19,1080,1920,3,0.4816437776113532,0.24474025659931148,0.1902982442205277,549.7709260925712,0.06563271604938271,6.888885375202878,318544
original,training/notflip/0041_000000020.jpg,notflip,training,0041,20,1080,1920,3,0.481551272013435,0.24446800559078075,0.19072369545812154,542.8573420200808,0.06628086419753086,6.8885748121991845,319289
original,training/notflip/0041_000000023.jpg,notflip,training,0041,23,1080,1920,3,0.48272580413338173,0.24394713491366654,0.18948342184095862,571.8414523576223,0.06698302469135803,6.891943346358949,323030
original,training/notflip/0041_000000024.jpg,notflip,training,0041,24,1080,1920,3,0.4831102203612927,0.24404621047675246,0.18878821524751876,585.1379112473327,0.06621913580246913,6.891750910743818,323450
original,training/notflip/0041_000000025.jpg,notflip,training,0041,25,1080,1920,3,0.48328622004357297,0.24421009228129603,0.1884015749818446,595.1513181289057,0.06642746913580247,6.892116813875913,324113
original,training/notflip/0041_000000026.jpg,notflip,training,0041,26,1080,1920,3,0.4836135904593319,0.24404288892708526,0.18749793671326553,578.036230345448,0.06639660493827161,6.893835816479175,322058
original,training/notflip/0041_000000027.jpg,notflip,training,0041,27,1080,1920,3,0.48389737843439845,0.24424996190733228,0.18703688385076253,569.2004048458695,0.0664429012345679,6.890784316517501,322553
original,training/notflip/0041_000000029.jpg,notflip,training,0041,29,1080,1920,3,0.4844192424655047,0.24450152096315445,0.18563903072803195,592.3629783349884,0.06713734567901235,6.888714543326293,322459
original,training/notflip/0041_000000030.jpg,notflip,training,0041,30,1080,1920,3,0.48478477328431374,0.2444552034092177,0.18489453786916002,584.6504608409898,0.06608796296296296,6.887280484513296,321528
original,training/notflip/0041_000000031.jpg,notflip,training,0041,31,1080,1920,3,0.4853008181281772,0.24398298029293108,0.18350471851549263,579.0334965513546,0.06673611111111111,6.8865360664722735,319422
original,training/notflip/0041_000000032.jpg,notflip,training,0041,32,1080,1920,3,0.48588492495763735,0.2440052078994569,0.18256303898874365,570.886038835305,0.06689814814814815,6.8822438885939325,319967
original,training/notflip/0041_000000033.jpg,notflip,training,0041,33,1080,1920,3,0.4863909824346405,0.24397752141320367,0.18193917181069957,571.5644130014838,0.06622685185185186,6.871457483852618,316072
original,training/notflip/0041_000000035.jpg,notflip,training,0041,35,1080,1920,3,0.4867357347645848,0.24389632505538061,0.18125933868917937,555.9151858672458,0.06530092592592593,6.872333050769296,316406
original,training/notflip/0041_000000037.jpg,notflip,training,0041,37,1080,1920,3,0.48650286515068986,0.24472825151262134,0.18068660357661584,572.4208776872214,0.0635108024691358,6.869017160335803,320732
original,training/notflip/0042_000000002.jpg,notflip,training,0042,2,1080,1920,3,0.5163790717290002,0.24972338413835693,0.18241679148511256,384.05346924916176,0.04679783950617284,6.798897563040461,253313
original,training/notflip/0042_000000003.jpg,notflip,training,0042,3,1080,1920,3,0.5209487260953765,0.25254824967553274,0.17909918338477365,341.17197868078176,0.04660493827160494,6.827859906773212,249912
original,training/notflip/0042_000000004.jpg,notflip,training,0042,4,1080,1920,3,0.526129179526749,0.2552872633843107,0.17718473319111597,340.17883815705494,0.04286265432098765,6.839327003289628,243321
original,training/notflip/0042_000000005.jpg,notflip,training,0042,5,1080,1920,3,0.5268659563362382,0.2573799235432817,0.17537757579883806,363.97635144795004,0.043742283950617286,6.879353907316528,248753
original,training/notflip/0042_000000008.jpg,notflip,training,0042,8,1080,1920,3,0.5323809666999516,0.2570256792375108,0.16179282407407408,405.2689137517147,0.04807098765432099,6.869127595404739,264007
original,training/notflip/0042_000000009.jpg,notflip,training,0042,9,1080,1920,3,0.5346967044147906,0.25619570094172295,0.15787669828733963,426.6914953631664,0.04911265432098765,6.855125294540366,267915
original,training/notflip/0042_000000010.jpg,notflip,training,0042,10,1080,1920,3,0.5351688755749213,0.25512107385587257,0.15471485036916002,439.8090673830209,0.04945987654320988,6.8457429526448985,269200
original,training/notflip/0042_000000011.jpg,notflip,training,0042,11,1080,1920,3,0.5361940000151295,0.2542957176099802,0.15154003457092713,412.55241513482844,0.05002314814814815,6.8343211831881,266614
original,training/notflip/0042_000000012.jpg,notflip,training,0042,12,1080,1920,3,0.5368911186002179,0.25347081987820635,0.15040691191600097,322.00487584209725,0.048811728395061725,6.830078672587483,249049
original,training/notflip/0042_000000014.jpg,notflip,training,0042,14,1080,1920,3,0.5343128328491891,0.2529731603391284,0.15071491845194868,357.3391582752248,0.0497608024691358,6.847206502687426,256893
original,training/notflip/0042_000000015.jpg,notflip,training,0042,15,1080,1920,3,0.5325850902475188,0.253029546578538,0.15177105082001935,387.3115058106138,0.050138888888888886,6.860424209891741,262711
original,training/notflip/0042_000000016.jpg,notflip,training,0042,16,1080,1920,3,0.530100531802227,0.25293587563135683,0.15258805752239168,434.37784785516453,0.05060956790123457,6.876858139295612,274038
original,training/notflip/0042_000000017.jpg,notflip,training,0042,17,1080,1920,3,0.5276963034828129,0.2519927591652915,0.1531744129750666,445.80956632349296,0.0504320987654321,6.892648887696891,278020
original,training/notflip/0042_000000018.jpg,notflip,training,0042,18,1080,1920,3,0.5274682563997821,0.2515894132422376,0.1528918410342532,457.02090674148144,0.05065586419753086,6.894687825271022,280920
original,training/notflip/0042_000000019.jpg,notflip,training,0042,19,1080,1920,3,0.5272499924352457,0.2512512843615267,0.15274531930827887,465.6034806696292,0.05087191358024691,6.896439509483287,282025
original,training/notflip/0042_000000020.jpg,notflip,training,0042,20,1080,1920,3,0.5263255189421447,0.2503001473675768,0.1525619515553135,451.6885043795129,0.051195987654320985,6.894998135663765,279731
original,training/notflip/0042_000000022.jpg,notflip,training,0042,22,1080,1920,3,0.5250751331396756,0.24858489957628296,0.15325587592290002,350.618034449779,0.05058641975308642,6.8935820864722865,266681
original,training/notflip/0042_000000023.jpg,notflip,training,0042,23,1080,1920,3,0.5237468228031953,0.24733491737484017,0.15402088439542483,302.7095562623242,0.0503858024691358,6.891223095131994,257898
original,training/notflip/0042_000000025.jpg,notflip,training,0042,25,1080,1920,3,0.5221289677136286,0.24586546661237824,0.15429734968833214,287.75769608196157,0.05032407407407408,6.881870727836949,253099
original,training/notflip/0042_000000026.jpg,notflip,training,0042,26,1080,1920,3,0.5223203994946745,0.24610323656430225,0.1529530531348342,322.0801548332476,0.05091820987654321,6.864332647387188,256712
original,training/notflip/0042_000000028.jpg,notflip,training,0042,28,1080,1920,3,0.5241573601276931,0.24930800214568127,0.15196918497337208,412.8914353735615,0.05059413580246914,6.84701844766769,269875
original,training/notflip/0042_000000029.jpg,notflip,training,0042,29,1080,1920,3,0.5261306943687969,0.25194469086240395,0.15163810782800774,430.59626347873564,0.049637345679012346,6.870037201898635,271591
original,training/notflip/0043_000000001.jpg,notflip,training,0043,1,1080,1920,3,0.48245930351307187,0.24112338147439527,0.2075987711056645,682.0231014612269,0.07618827160493827,6.7581476960623235,312438
original,training/notflip/0043_000000002.jpg,notflip,training,0043,2,1080,1920,3,0.48268785554345195,0.24080618229205855,0.2065142236292665,708.9673755058299,0.07690586419753087,6.792464724254081,323618
original,training/notflip/0043_000000003.jpg,notflip,training,0043,3,1080,1920,3,0.4900821456669087,0.24387310210120075,0.20300717895182765,726.9802930946122,0.07619598765432099,6.798751451991258,328106
original,training/notflip/0043_000000004.jpg,notflip,training,0043,4,1080,1920,3,0.4908047177590172,0.24382180676123802,0.20169056561667878,703.1279998427617,0.0735570987654321,6.798900950847916,324998
original,training/notflip/0043_000000005.jpg,notflip,training,0043,5,1080,1920,3,0.4906148764675623,0.24409394753680494,0.19952340345860567,677.6849209531226,0.07145833333333333,6.7875132068342205,319008
original,training/notflip/0043_000000006.jpg,notflip,training,0043,6,1080,1920,3,0.4954204793028323,0.24671986408534707,0.19471552930585814,692.5316029225728,0.06786265432098765,6.762103329174353,314529
original,training/notflip/0043_000000007.jpg,notflip,training,0043,7,1080,1920,3,0.5011803210481723,0.2483116142577083,0.18971462720890825,664.5246742455419,0.061203703703703705,6.745448403043436,302663
original,training/notflip/0043_000000008.jpg,notflip,training,0043,8,1080,1920,3,0.5066117370945291,0.25042199955309546,0.18478232230392158,618.9047296381434,0.05600308641975309,6.75064882858959,291567
original,training/notflip/0043_000000009.jpg,notflip,training,0043,9,1080,1920,3,0.5175793202311789,0.2549132103630091,0.179428106466352,592.6922608024691,0.05868827160493827,6.798183457100284,290688
original,training/notflip/0043_000000010.jpg,notflip,training,0043,10,1080,1920,3,0.5235118596435487,0.2571309244015392,0.17607338757262164,580.0518160493829,0.05989969135802469,6.821395322789124,293542
original,training/notflip/0043_000000011.jpg,notflip,training,0043,11,1080,1920,3,0.5256648700375213,0.25807305189028173,0.172973835406076,581.2218314814814,0.06003086419753086,6.826129152996796,296244
original,training/notflip/0043_000000012.jpg,notflip,training,0043,12,1080,1920,3,0.527023197319051,0.25849743809021597,0.17025690472948438,599.7296102294214,0.06201388888888889,6.828143419498105,304206
original,training/notflip/0043_000000013.jpg,notflip,training,0043,13,1080,1920,3,0.5274088012133866,0.2586565815314596,0.1682412494704672,629.3913911388676,0.06505401234567901,6.832463989506022,311917
original,training/notflip/0043_000000014.jpg,notflip,training,0043,14,1080,1920,3,0.5273298686758655,0.2588125745305938,0.1679136086147422,613.3800327474256,0.06614197530864198,6.8368164637857785,311301
original,training/notflip/0043_000000015.jpg,notflip,training,0043,15,1080,1920,3,0.527076405909586,0.258775785473092,0.16734119500423625,636.7157081141761,0.06637345679012345,6.840692716845039,314223
original,training/notflip/0043_000000016.jpg,notflip,training,0043,16,1080,1920,3,0.5274332542816509,0.2588518569728673,0.1664247098916727,658.7549594692478,0.06645833333333333,6.828381992161766,317538
original,training/notflip/0043_000000017.jpg,notflip,training,0043,17,1080,1920,3,0.5280998358448318,0.2585587101206713,0.1654487790486565,666.9543437056445,0.06770833333333333,6.824190770167343,316163
original,training/notflip/0043_000000018.jpg,notflip,training,0043,18,1080,1920,3,0.5281638128631082,0.2581570557538032,0.16435273881929316,648.0952313078703,0.0684645061728395,6.834061167393669,314101
original,training/notflip/0043_000000019.jpg,notflip,training,0043,19,1080,1920,3,0.5277089328401113,0.25651059757674155,0.16285131853667392,483.12927809922036,0.06248456790123457,6.835441773343712,280579
original,training/notflip/0043_000000020.jpg,notflip,training,0043,20,1080,1920,3,0.5278073086873638,0.2565125659752227,0.16247545804587268,494.55404160855807,0.06338734567901234,6.837264815657031,282437
original,training/notflip/0043_000000021.jpg,notflip,training,0043,21,1080,1920,3,0.5272840640885984,0.25718017069731935,0.16291541469983056,582.2982091820987,0.06609567901234568,6.8397931627804525,295889
original,training/notflip/0043_000000022.jpg,notflip,training,0043,22,1080,1920,3,0.527220037899419,0.2576106375503777,0.16364024487109657,676.901751499807,0.06945216049382716,6.842564511235645,310570
original,training/notflip/0043_000000025.jpg,notflip,training,0043,25,1080,1920,3,0.5269269925562817,0.25643748132008903,0.16145976685427257,754.4018451303156,0.07184413580246914,6.847817793681281,321608
original,training/notflip/0043_000000027.jpg,notflip,training,0043,27,1080,1920,3,0.5268785157195593,0.256058999790105,0.16094278208968774,730.2712874299244,0.0734104938271605,6.8468412430113865,322322
original,training/notflip/0043_000000028.jpg,notflip,training,0043,28,1080,1920,3,0.5273211465141613,0.2551600592179392,0.1599600127087872,668.2634902591426,0.07217592592592592,6.8446125551217865,315204
original,training/notflip/0043_000000029.jpg,notflip,training,0043,29,1080,1920,3,0.5275851450919874,0.2537352559792578,0.15931976027293634,562.7863269011488,0.07025462962962963,6.844220719757156,301174
original,training/notflip/0043_000000030.jpg,notflip,training,0043,30,1080,1920,3,0.5277908326525054,0.2526478289554393,0.1595063090050835,466.2455324025849,0.06786265432098765,6.841424174065147,289676
original,training/notflip/0044_000000001.jpg,notflip,training,0044,1,1080,1920,3,0.5088730653140886,0.24603925486165276,0.18388815132534497,766.3589880943621,0.07217592592592592,6.846407381357228,322781
original,training/notflip/0044_000000002.jpg,notflip,training,0044,2,1080,1920,3,0.5099360872821351,0.24599491318795064,0.18297055608508836,753.5376787808045,0.07210648148148148,6.825703615461895,327689
original,training/notflip/0044_000000003.jpg,notflip,training,0044,3,1080,1920,3,0.5118347176833696,0.24645034992757436,0.1796943290819414,754.6349424894738,0.0732716049382716,6.791706148644238,328596
original,training/notflip/0044_000000004.jpg,notflip,training,0044,4,1080,1920,3,0.5128743551046961,0.24669036010327858,0.1761010329671992,752.8152537484759,0.07276234567901235,6.752055327206857,328724
original,training/notflip/0044_000000005.jpg,notflip,training,0044,5,1080,1920,3,0.514807285993101,0.24784864002925233,0.1725667495007262,746.2351941336591,0.07027006172839506,6.747584390604143,327136
original,training/notflip/0044_000000007.jpg,notflip,training,0044,7,1080,1920,3,0.5228859291787703,0.2529869637273233,0.16606669654744613,750.0764102961033,0.0695679012345679,6.8071644329872605,331286
original,training/notflip/0044_000000008.jpg,notflip,training,0044,8,1080,1920,3,0.5269122734356089,0.25327230824675767,0.16204292241587992,716.2475307153541,0.07058641975308642,6.8244105634133785,326327
original,training/notflip/0044_000000009.jpg,notflip,training,0044,9,1080,1920,3,0.5296002462327524,0.2542751923511362,0.15898006876361656,774.602892617777,0.06989197530864198,6.838487991031358,332027
original,training/notflip/0044_000000010.jpg,notflip,training,0044,10,1080,1920,3,0.5325552832244009,0.2553588915788556,0.1569398904623578,786.8933016117968,0.07122685185185185,6.841696510292146,324759
original,training/notflip/0044_000000011.jpg,notflip,training,0044,11,1080,1920,3,0.5336995260681433,0.2564271724121568,0.15474707054889858,806.278387028404,0.07070216049382716,6.849384185717787,328672
original,training/notflip/0044_000000012.jpg,notflip,training,0044,12,1080,1920,3,0.5349140038731542,0.2567615232073569,0.1527122764615105,791.9813191928988,0.06949845679012345,6.8538915240415506,326401
original,training/notflip/0044_000000013.jpg,notflip,training,0044,13,1080,1920,3,0.5356230180343743,0.2569077368369811,0.150987026446381,796.3491975222909,0.0698996913580247,6.857414244065794,324262
original,training/notflip/0044_000000015.jpg,notflip,training,0044,15,1080,1920,3,0.5330212626331396,0.25772838663568887,0.151318566932946,850.2367176649306,0.0695679012345679,6.874105714790705,335162
original,training/notflip/0044_000000016.jpg,notflip,training,0044,16,1080,1920,3,0.5326069902112079,0.25777039589515,0.15168277581094167,857.2186134330108,0.06945216049382716,6.876036350102563,336237
original,training/notflip/0044_000000017.jpg,notflip,training,0044,17,1080,1920,3,0.5320064640825466,0.2577261722001057,0.1517645035251755,857.2312517146777,0.06986882716049382,6.878787952972754,336885
original,training/notflip/0044_000000018.jpg,notflip,training,0044,18,1080,1920,3,0.5295733932461874,0.2571548813021717,0.1524665732419511,837.2927144761065,0.06927469135802469,6.902739933878999,336610
original,training/notflip/0044_000000019.jpg,notflip,training,0044,19,1080,1920,3,0.5286390874636892,0.257022063695619,0.1526098440147664,832.7754871854044,0.06923611111111111,6.910911302593343,337982
original,training/notflip/0044_000000020.jpg,notflip,training,0044,20,1080,1920,3,0.528174984114016,0.256906700637714,0.15287578106088112,834.0607782678304,0.06957561728395062,6.912598816644773,338594
original,training/notflip/0044_000000021.jpg,notflip,training,0044,21,1080,1920,3,0.5266813006838538,0.2567389969132973,0.15323213015916243,844.3606857681161,0.06959104938271606,6.924466658954494,338942
original,training/notflip/0044_000000022.jpg,notflip,training,0044,22,1080,1920,3,0.5262814466836118,0.25655991439871006,0.15346557280319534,843.472636554784,0.07100308641975309,6.928054500013136,338891
original,training/notflip/0044_000000023.jpg,notflip,training,0044,23,1080,1920,3,0.5258787426621884,0.2564492683771412,0.15362308233478578,844.7262924551803,0.06920524691358025,6.931677922418904,339431
original,training/notflip/0044_000000024.jpg,notflip,training,0044,24,1080,1920,3,0.5249100626361656,0.2561890082660107,0.15407961525659647,851.6004599220298,0.07013117283950618,6.941698928897803,339743
original,training/notflip/0044_000000025.jpg,notflip,training,0044,25,1080,1920,3,0.5244231080549504,0.25563496483170134,0.15394557159283467,839.1112391617489,0.07149691358024692,6.946696334948683,339255
original,training/notflip/0044_000000026.jpg,notflip,training,0044,26,1080,1920,3,0.5243287888071896,0.2551818677392892,0.15362603826252724,842.1087873332953,0.07209104938271604,6.948952377095679,340371
original,training/notflip/0044_000000028.jpg,notflip,training,0044,28,1080,1920,3,0.5235197591382232,0.25449926216913704,0.15367960428770275,834.7286268403611,0.07007716049382716,6.953174762039631,340183
original,training/notflip/0044_000000029.jpg,notflip,training,0044,29,1080,1920,3,0.5232073064179376,0.25429975254046494,0.15293679458666185,843.2422202932098,0.07168981481481482,6.954912261015149,340909
original,training/notflip/0044_000000030.jpg,notflip,training,0044,30,1080,1920,3,0.5216785092895183,0.25392076051164275,0.15352360203340595,852.6092739709553,0.07253086419753087,6.961122618857894,341592
original,training/notflip/0045_000000001.jpg,notflip,training,0045,1,1080,1920,3,0.5151009157135076,0.2483697101366517,0.18621523428044057,945.2236450329121,0.09015432098765432,6.778243257830496,373594
original,training/notflip/0045_000000002.jpg,notflip,training,0045,2,1080,1920,3,0.5131065079581215,0.24801009366625582,0.1867918330912612,966.6198200183256,0.09084876543209877,6.799570816044996,380963
original,training/notflip/0045_000000003.jpg,notflip,training,0045,3,1080,1920,3,0.5106838121822803,0.2472392102230007,0.18780400856330187,933.5045513602514,0.08983024691358024,6.831485891848587,378205
original,training/notflip/0045_000000004.jpg,notflip,training,0045,4,1080,1920,3,0.5097635314542484,0.24691092047716906,0.1866350024963689,876.6630539149426,0.08642746913580247,6.839826409645531,378004
original,training/notflip/0045_000000006.jpg,notflip,training,0045,6,1080,1920,3,0.5081764062878238,0.24598461517740317,0.18474743933067053,645.2535635107073,0.08022376543209876,6.768829892747879,329320
original,training/notflip/0045_000000007.jpg,notflip,training,0045,7,1080,1920,3,0.5136302385923506,0.24819194373238312,0.18111222880355846,603.5967104364331,0.07608024691358024,6.757069046736745,315782
original,training/notflip/0045_000000008.jpg,notflip,training,0045,8,1080,1920,3,0.5188564247458243,0.25151510577435454,0.17820859620854512,547.5054545133531,0.07168209876543209,6.814459880332297,303395
original,training/notflip/0045_000000009.jpg,notflip,training,0045,9,1080,1920,3,0.5234777634047446,0.25429597645710156,0.17601931660009684,584.0073609958467,0.06969135802469135,6.855577631805734,310404
original,training/notflip/0045_000000010.jpg,notflip,training,0045,10,1080,1920,3,0.5279722884138223,0.25648859650026673,0.17160129016884532,643.4360234482167,0.0712962962962963,6.883159897534562,319479
original,training/notflip/0045_000000011.jpg,notflip,training,0045,11,1080,1920,3,0.529763457697894,0.2572752038247978,0.16887466147724522,681.0002952412337,0.07241512345679012,6.901494916309562,325395
original,training/notflip/0045_000000014.jpg,notflip,training,0045,14,1080,1920,3,0.5372155538913096,0.25854272431716124,0.15476667082728152,878.4620752071306,0.08189814814814815,6.927437833633844,369409
original,training/notflip/0045_000000015.jpg,notflip,training,0045,15,1080,1920,3,0.5389696350762527,0.25871395632413374,0.1516303936698136,911.9485167159637,0.0832716049382716,6.9295542128226995,373905
original,training/notflip/0045_000000017.jpg,notflip,training,0045,17,1080,1920,3,0.5388283235748003,0.256942840556157,0.14879138298838052,889.5422730443148,0.08320216049382716,6.936887326263593,370425
original,training/notflip/0045_000000019.jpg,notflip,training,0045,19,1080,1920,3,0.5375744844619947,0.25678691493958883,0.14865305956487534,903.4094727746699,0.08308641975308642,6.944051382782947,371077
original,training/notflip/0045_000000020.jpg,notflip,training,0045,20,1080,1920,3,0.5360044707697894,0.25699710624247973,0.14990059345497458,923.4924112930574,0.08255401234567901,6.95429268209356,373648
original,training/notflip/0045_000000021.jpg,notflip,training,0045,21,1080,1920,3,0.5350856235626967,0.2568171751728102,0.15046002405591866,930.4354389458067,0.08305555555555555,6.962181563360055,375906
original,training/notflip/0045_000000023.jpg,notflip,training,0045,23,1080,1920,3,0.5336038111232148,0.2563767407509063,0.15151156650931977,924.6328781397652,0.08347993827160494,6.974328689247279,374300
original,training/notflip/0045_000000024.jpg,notflip,training,0045,24,1080,1920,3,0.5329310813059792,0.2564527305232171,0.152131551077221,929.277471602795,0.0833179012345679,6.977183637576461,376467
original,training/notflip/0045_000000025.jpg,notflip,training,0045,25,1080,1920,3,0.5293825590807311,0.25528931305309716,0.1532152683218349,936.437799473213,0.08438271604938272,7.009814502191134,376031
original,training/notflip/0045_000000027.jpg,notflip,training,0045,27,1080,1920,3,0.5285955882352942,0.2550591171832287,0.15346146703280075,953.4161364192172,0.08431327160493828,7.00536389438143,377871
original,training/notflip/0045_000000029.jpg,notflip,training,0045,29,1080,1920,3,0.523921008835633,0.2536218763817676,0.1547691218076737,934.6384800239459,0.08291666666666667,6.9959090772693635,366806
original,training/notflip/0046_000000001.jpg,notflip,training,0046,1,1080,1920,3,0.5275601851851852,0.25478146242693134,0.16792605641793756,584.3158896818677,0.07713734567901234,6.8765961011787535,298181
original,training/notflip/0046_000000002.jpg,notflip,training,0046,2,1080,1920,3,0.5282559080731057,0.254520936115992,0.16686806501149842,567.0471575569057,0.07891975308641976,6.878024897642987,304605
original,training/notflip/0046_000000004.jpg,notflip,training,0046,4,1080,1920,3,0.5284444085118615,0.25375620928576414,0.1659612816963205,564.4711449802217,0.07885802469135803,6.885405101187329,304239
original,training/notflip/0046_000000005.jpg,notflip,training,0046,5,1080,1920,3,0.5282687303316388,0.2536621413439725,0.16536417294541272,569.7600152603928,0.07895061728395061,6.888658998636128,305189
original,training/notflip/0046_000000006.jpg,notflip,training,0046,6,1080,1920,3,0.5275304084210845,0.2535991719801476,0.16492636279048659,573.1749865912208,0.07972993827160493,6.8880259629602625,307685
original,training/notflip/0046_000000007.jpg,notflip,training,0046,7,1080,1920,3,0.5265420846193416,0.253650576775593,0.16374753956366497,588.5496322435605,0.07884259259259259,6.888161780615742,312435
original,training/notflip/0046_000000008.jpg,notflip,training,0046,8,1080,1920,3,0.5264460595194868,0.2535688163901097,0.16299649184519485,590.1972386887837,0.07868827160493827,6.889392633341052,314705
original,training/notflip/0046_000000009.jpg,notflip,training,0046,9,1080,1920,3,0.5255249353213508,0.2530123882602153,0.16258250499273783,582.5196519868828,0.07934413580246913,6.901895800883853,316215
original,training/notflip/0046_000000010.jpg,notflip,training,0046,10,1080,1920,3,0.5247038171750181,0.25275235688048747,0.16228771786492374,589.6756740754435,0.07938271604938271,6.9106110303758115,317598
original,training/notflip/0046_000000013.jpg,notflip,training,0046,13,1080,1920,3,0.5243656650931978,0.2521997773775135,0.16019832516339869,563.6480880010074,0.0791820987654321,6.923443383841278,317646
original,training/notflip/0046_000000014.jpg,notflip,training,0046,14,1080,1920,3,0.5239875011347132,0.2521352630531616,0.16023550782195595,569.723671638696,0.079375,6.9250435319952075,317946
original,training/notflip/0046_000000015.jpg,notflip,training,0046,15,1080,1920,3,0.522358469120673,0.25230498515407984,0.16016361428830792,682.196067539009,0.08035493827160493,6.935392427673529,335654
original,training/notflip/0046_000000016.jpg,notflip,training,0046,16,1080,1920,3,0.5219328590232389,0.25284377068204944,0.15996560306221252,782.208931409084,0.08291666666666667,6.939872605593768,356837
original,training/notflip/0046_000000017.jpg,notflip,training,0046,17,1080,1920,3,0.5217097214657468,0.2533080415478444,0.1597376732328734,871.4001647402739,0.08478395061728396,6.944456206258611,370215
original,training/notflip/0046_000000018.jpg,notflip,training,0046,18,1080,1920,3,0.5214218712176228,0.2532170511564112,0.15984722789578795,888.9316079889093,0.08465277777777777,6.947294093075245,375669
original,training/notflip/0046_000000019.jpg,notflip,training,0046,19,1080,1920,3,0.5209282709997579,0.25330415628850866,0.16001892701525056,903.1183042551988,0.08551697530864198,6.950815208980529,380081
original,training/notflip/0046_000000020.jpg,notflip,training,0046,20,1080,1920,3,0.5207917498789639,0.25297755447836656,0.1596379849007504,883.1451435656126,0.08513117283950618,6.951658865132383,380263
original,training/notflip/0046_000000021.jpg,notflip,training,0046,21,1080,1920,3,0.521040834543694,0.25183680960308663,0.15906135204853544,822.413981549116,0.08561728395061728,6.950550057733459,374927
original,training/notflip/0046_000000022.jpg,notflip,training,0046,22,1080,1920,3,0.52109963916122,0.25039468702709416,0.15856619916485112,721.2247461226851,0.08372685185185186,6.94760460303308,361321
original,training/notflip/0046_000000023.jpg,notflip,training,0046,23,1080,1920,3,0.5208111175411523,0.24980564722515314,0.158241410221496,653.6222796638637,0.08396604938271605,6.94437739295111,351381
original,training/notflip/0046_000000024.jpg,notflip,training,0046,24,1080,1920,3,0.5208526669541274,0.2484844038204586,0.15807439746732024,549.4894565328624,0.0825,6.935474738163411,334788
original,training/notflip/0046_000000025.jpg,notflip,training,0046,25,1080,1920,3,0.5210394048051319,0.24781261601528298,0.15746018669813605,511.9188184725557,0.08121913580246913,6.932223424076085,326416
original,training/notflip/0046_000000026.jpg,notflip,training,0046,26,1080,1920,3,0.5211167355059307,0.24732113375711512,0.15678642807431617,497.07236692172506,0.08126543209876544,6.9301589000071555,322123
original,training/notflip/0046_000000029.jpg,notflip,training,0046,29,1080,1920,3,0.5201578726397966,0.25078662246992633,0.15495901416122004,776.8479072139703,0.08337962962962962,6.933617250114217,366483
original,training/notflip/0046_000000030.jpg,notflip,training,0046,30,1080,1920,3,0.5203934409797869,0.2519388337399171,0.15351705852093925,834.2278515945906,0.08253086419753086,6.937507361908215,363757
original,training/notflip/0047_000000001.jpg,notflip,training,0047,1,1080,1920,3,0.5070779642489711,0.24384414857882986,0.18658619091926895,717.8478102592496,0.0664429012345679,6.71014407161517,310839
original,training/notflip/0047_000000002.jpg,notflip,training,0047,2,1080,1920,3,0.5043564266370127,0.24295640579042416,0.187448536976519,689.2342085274253,0.06792438271604938,6.756883960261342,313686
original,training/notflip/0047_000000003.jpg,notflip,training,0047,3,1080,1920,3,0.5024584600429678,0.24263227596774647,0.18807431803740016,647.9495592072831,0.06440586419753086,6.774760031874832,311798
original,training/notflip/0047_000000004.jpg,notflip,training,0047,4,1080,1920,3,0.5002582380174292,0.24336089686242787,0.18881407346889373,632.7659699787929,0.06399691358024691,6.774169334036433,310468
original,training/notflip/0047_000000005.jpg,notflip,training,0047,5,1080,1920,3,0.4976087736020334,0.2446667618929984,0.18832255544964902,633.9452701472242,0.06169753086419753,6.761439955575641,308536
original,training/notflip/0047_000000007.jpg,notflip,training,0047,7,1080,1920,3,0.5078158039064392,0.24879849348406616,0.17941221859114015,626.9996447587425,0.055532407407407405,6.709156744425344,294639
original,training/notflip/0047_000000008.jpg,notflip,training,0047,8,1080,1920,3,0.5142559137466715,0.2508554591241273,0.17542962130839992,587.515189833331,0.05305555555555556,6.7546639166263365,288821
original,training/notflip/0047_000000010.jpg,notflip,training,0047,10,1080,1920,3,0.5222480823347858,0.25381013423975674,0.1674274823741225,634.9522847264494,0.05558641975308642,6.802463407564474,299348
original,training/notflip/0047_000000011.jpg,notflip,training,0047,11,1080,1920,3,0.5246336862291213,0.2533580583370838,0.163718443627451,635.2186458947164,0.056712962962962965,6.822842836278001,305817
original,training/notflip/0047_000000012.jpg,notflip,training,0047,12,1080,1920,3,0.5265169998940934,0.25309693846620446,0.15912477116618254,676.8828570167824,0.056435185185185185,6.839737624362643,311612
original,training/notflip/0047_000000013.jpg,notflip,training,0047,13,1080,1920,3,0.5279043153140885,0.25305413216747913,0.15403889607540547,679.8137188780651,0.05857253086419753,6.840106745381073,313316
original,training/notflip/0047_000000014.jpg,notflip,training,0047,14,1080,1920,3,0.5296936671659405,0.25375397518376475,0.1511359272875817,705.8225550066206,0.0585108024691358,6.828632685338021,315313
original,training/notflip/0047_000000015.jpg,notflip,training,0047,15,1080,1920,3,0.5306816543361171,0.2541952348558824,0.149472942765069,716.8606762759464,0.05992283950617284,6.827083641782786,316244
original,training/notflip/0047_000000016.jpg,notflip,training,0047,16,1080,1920,3,0.5318013192931493,0.25436883533383575,0.1482720361292665,717.9358243883721,0.05815586419753086,6.824778449671412,317063
original,training/notflip/0047_000000017.jpg,notflip,training,0047,17,1080,1920,3,0.5319741890583394,0.25449119556841676,0.1475308396120794,720.6478492217268,0.05935185185185185,6.831251923214287,318995
original,training/notflip/0047_000000018.jpg,notflip,training,0047,18,1080,1920,3,0.5324552015250545,0.2546569337183192,0.14702239167271847,723.7870480061514,0.060162037037037035,6.832277257330711,319101
original,training/notflip/0047_000000019.jpg,notflip,training,0047,19,1080,1920,3,0.5321896578461632,0.25485751660525136,0.1468381066932946,730.2584310125646,0.06114969135802469,6.840246723566272,319430
original,training/notflip/0047_000000020.jpg,notflip,training,0047,20,1080,1920,3,0.5323677397270636,0.2549214415512329,0.14689606405833938,725.0889397995733,0.06171296296296296,6.840275190666242,319717
original,training/notflip/0047_000000021.jpg,notflip,training,0047,21,1080,1920,3,0.531875342305132,0.2546072468310788,0.14753949558218352,710.4203491626063,0.060239197530864194,6.85579988331722,316731
original,training/notflip/0047_000000022.jpg,notflip,training,0047,22,1080,1920,3,0.531263493630477,0.25506350456529664,0.1486578896604938,728.476440364881,0.06089506172839506,6.865924478659089,322285
original,training/notflip/0047_000000023.jpg,notflip,training,0047,23,1080,1920,3,0.5305274978818688,0.255054011194559,0.14909882027656743,739.7793202979728,0.062044753086419754,6.874560689089491,322795
original,training/notflip/0047_000000026.jpg,notflip,training,0047,26,1080,1920,3,0.5291893892973856,0.25452998695894036,0.15084621800108933,737.683977045944,0.06262345679012346,6.878076743860945,316485
original,training/notflip/0047_000000027.jpg,notflip,training,0047,27,1080,1920,3,0.5288041466200678,0.25440153161238926,0.15067281870309854,732.7451384815935,0.061481481481481484,6.883463161423192,316999
original,training/notflip/0047_000000028.jpg,notflip,training,0047,28,1080,1920,3,0.5286153851972888,0.2544612849535131,0.1505762489409344,735.2474248628258,0.061875,6.882080603548335,319057
original,training/notflip/0047_000000030.jpg,notflip,training,0047,30,1080,1920,3,0.5278719116890583,0.2546698987672278,0.15076271824316148,743.3815809370118,0.062253086419753086,6.888010106645425,321845
original,training/notflip/0048_000000001.jpg,notflip,training,0048,1,1080,1920,3,0.5067277369281046,0.24598392354091903,0.18163636604333092,639.3760461781742,0.06611882716049383,6.809277803899153,301677
original,training/notflip/0048_000000002.jpg,notflip,training,0048,2,1080,1920,3,0.5090029767308157,0.24629493158197818,0.17915250166424596,642.1906508915729,0.0662962962962963,6.807721098241525,309380
original,training/notflip/0048_000000003.jpg,notflip,training,0048,3,1080,1920,3,0.5134729673505204,0.24762250704119762,0.1752446290244493,638.2946022481328,0.06463734567901235,6.808909935772171,311231
original,training/notflip/0048_000000004.jpg,notflip,training,0048,4,1080,1920,3,0.5161300437999274,0.24852983901059825,0.17256869175139192,626.2563660798659,0.06400462962962963,6.807367160129244,311430
original,training/notflip/0048_000000005.jpg,notflip,training,0048,5,1080,1920,3,0.5188103761952312,0.24990196290138308,0.16941491542604695,637.5491861234354,0.06433641975308642,6.823525729924889,312195
original,training/notflip/0048_000000006.jpg,notflip,training,0048,6,1080,1920,3,0.5238978550139192,0.25144164143011116,0.16490744333999033,636.9031030449222,0.06354166666666666,6.841343374400658,309997
original,training/notflip/0048_000000007.jpg,notflip,training,0048,7,1080,1920,3,0.5270465932129025,0.25250421966768116,0.16183747881868799,636.3778127842911,0.06314814814814815,6.85687556759208,309726
original,training/notflip/0048_000000008.jpg,notflip,training,0048,8,1080,1920,3,0.530079883805374,0.25445846596399246,0.1600223084604212,635.3529120653768,0.06277777777777778,6.870553698611661,301816
original,training/notflip/0048_000000009.jpg,notflip,training,0048,9,1080,1920,3,0.5313756524600581,0.2556338282512997,0.15803413217138707,624.1353619532084,0.06146604938271605,6.875599113744785,300246
original,training/notflip/0048_000000010.jpg,notflip,training,0048,10,1080,1920,3,0.532307872261559,0.25686874159174766,0.15656485831215203,642.8728378257887,0.06138888888888889,6.879996537645187,304634
original,training/notflip/0048_000000011.jpg,notflip,training,0048,11,1080,1920,3,0.5330400950889614,0.25715576633856047,0.1554352267913338,654.313100289352,0.062106481481481485,6.885537749225458,304244
original,training/notflip/0048_000000012.jpg,notflip,training,0048,12,1080,1920,3,0.5337856640341322,0.2569750753300052,0.15420947372004357,665.3698300980701,0.062314814814814816,6.891068630952613,304206
original,training/notflip/0048_000000013.jpg,notflip,training,0048,13,1080,1920,3,0.533846579218107,0.2570275610654823,0.15398147202553863,673.7891261359144,0.0616820987654321,6.897256413633987,306157
original,training/notflip/0048_000000014.jpg,notflip,training,0048,14,1080,1920,3,0.533527106405834,0.25700299607460075,0.15388504788489468,653.4666819377763,0.06262345679012346,6.897640670900432,306159
original,training/notflip/0048_000000016.jpg,notflip,training,0048,16,1080,1920,3,0.5323208117737837,0.2563650504493542,0.15432545842411038,666.1125848502871,0.06208333333333333,6.905963668723238,307354
original,training/notflip/0048_000000017.jpg,notflip,training,0048,17,1080,1920,3,0.5320710670842411,0.2562811616064172,0.15415935533163883,666.4513810822831,0.06244598765432099,6.908484028817172,308593
original,training/notflip/0048_000000018.jpg,notflip,training,0048,18,1080,1920,3,0.5316498048293391,0.2563081586123451,0.15409934602699105,648.2180862194693,0.06319444444444444,6.907962176853349,306856
original,training/notflip/0048_000000019.jpg,notflip,training,0048,19,1080,1920,3,0.5305955693234083,0.2567159173330505,0.1544626603727911,652.9699443667481,0.06342592592592593,6.912680318486136,308329
original,training/notflip/0048_000000020.jpg,notflip,training,0048,20,1080,1920,3,0.5299254285433309,0.2570424195560229,0.15491354809670782,669.8414876542615,0.06220679012345679,6.916769623201999,311777
original,training/notflip/0048_000000021.jpg,notflip,training,0048,21,1080,1920,3,0.5296603198378116,0.25652175418159834,0.15452838484931009,656.1182172576945,0.06253086419753086,6.921107031797717,310837
original,training/notflip/0048_000000022.jpg,notflip,training,0048,22,1080,1920,3,0.5297432238713387,0.2563300252274633,0.15430372110263857,662.987779882485,0.06296296296296296,6.923573153912089,311866
original,training/notflip/0048_000000023.jpg,notflip,training,0048,23,1080,1920,3,0.529630609265311,0.256283531530772,0.154401177832244,668.7201677373876,0.06341049382716049,6.925920508320906,314433
original,training/notflip/0048_000000024.jpg,notflip,training,0048,24,1080,1920,3,0.5292845671447591,0.25629569655563655,0.15440908300048417,680.2136491764189,0.0636033950617284,6.9245260161694535,315526
original,training/notflip/0048_000000027.jpg,notflip,training,0048,27,1080,1920,3,0.5293029135651174,0.25537032859931225,0.1539006634289518,664.4733713986411,0.0628780864197531,6.923011291314506,313807
original,training/notflip/0048_000000028.jpg,notflip,training,0048,28,1080,1920,3,0.5293056312030985,0.2552548396234052,0.15330085027838297,652.920031052574,0.06348765432098766,6.922592166452531,313586
original,training/notflip/0048_000000029.jpg,notflip,training,0048,29,1080,1920,3,0.5290167256717502,0.2556053772893594,0.15312096042120552,657.0321831603771,0.06337962962962963,6.919984927264816,313080
original,training/notflip/0049_000000001.jpg,notflip,training,0049,1,1080,1920,3,0.5274583314421448,0.2538526345262444,0.17206658307613168,555.2236800325788,0.05294753086419753,6.839300324251301,269039
original,training/notflip/0049_000000002.jpg,notflip,training,0049,2,1080,1920,3,0.5312468663005325,0.2552900026680897,0.16853457092713628,604.2044440371491,0.05427469135802469,6.849946046372011,281098
original,training/notflip/0049_000000003.jpg,notflip,training,0049,3,1080,1920,3,0.5329882727396514,0.25593259554889647,0.1650556898299443,675.5045007392166,0.056442901234567903,6.874658497645011,293450
original,training/notflip/0049_000000004.jpg,notflip,training,0049,4,1080,1920,3,0.5339618982237957,0.2556956755193906,0.16104959074679254,730.5688475336624,0.06074845679012346,6.89164947916954,303481
original,training/notflip/0049_000000005.jpg,notflip,training,0049,5,1080,1920,3,0.535308040577342,0.25526940875328724,0.15664362064270154,756.7521052431031,0.06128858024691358,6.89659119686256,302967
original,training/notflip/0049_000000007.jpg,notflip,training,0049,7,1080,1920,3,0.5375126293572985,0.25522977568659283,0.1495313596889373,795.7851955017696,0.0621604938271605,6.90102959078252,307400
original,training/notflip/0049_000000008.jpg,notflip,training,0049,8,1080,1920,3,0.5378997310729848,0.25548271605889655,0.1477585519547325,816.7020227935432,0.06594135802469135,6.895233079086938,311957
original,training/notflip/0049_000000009.jpg,notflip,training,0049,9,1080,1920,3,0.5378397671568628,0.2555697742049816,0.14692679776385864,816.144418409684,0.06455246913580247,6.897127552505408,313562
original,training/notflip/0049_000000010.jpg,notflip,training,0049,10,1080,1920,3,0.5373788561335028,0.25527061707010285,0.14636155364923747,818.9829230961719,0.06459876543209876,6.894454967108894,311714
original,training/notflip/0049_000000013.jpg,notflip,training,0049,13,1080,1920,3,0.5334231420963448,0.2536960413139701,0.14798143987533283,800.578554903978,0.06573302469135803,6.917863252971895,312720
original,training/notflip/0049_000000014.jpg,notflip,training,0049,14,1080,1920,3,0.5326478569051077,0.25402630546178945,0.14890305389130962,816.0517731460048,0.06638117283950618,6.925742354326765,315709
original,training/notflip/0049_000000015.jpg,notflip,training,0049,15,1080,1920,3,0.5317026881354393,0.2541616240403435,0.1492894066963205,823.3002506500892,0.06471450617283951,6.9333082665054455,317093
original,training/notflip/0049_000000016.jpg,notflip,training,0049,16,1080,1920,3,0.5301111602820141,0.2540635480024581,0.1500516899661099,836.5593805288828,0.06498456790123457,6.938553868772278,318269
original,training/notflip/0049_000000017.jpg,notflip,training,0049,17,1080,1920,3,0.5276355320291697,0.25352325445361024,0.15105988259501332,845.2156546258193,0.06530092592592593,6.944119865690389,318316
original,training/notflip/0049_000000019.jpg,notflip,training,0049,19,1080,1920,3,0.5253054893639554,0.2528919779840819,0.1524583579187848,837.9377513695988,0.06540895061728395,6.953161046157298,319502
original,training/notflip/0049_000000020.jpg,notflip,training,0049,20,1080,1920,3,0.5230527112079401,0.25191620777033985,0.15333003320927135,843.5381736324849,0.0644212962962963,6.91951528406428,308319
original,training/notflip/0049_000000021.jpg,notflip,training,0049,21,1080,1920,3,0.5229100229212055,0.2520758733563212,0.15321222539941903,847.4884604852538,0.06439814814814815,6.917601517451044,310038
original,training/notflip/0049_000000023.jpg,notflip,training,0049,23,1080,1920,3,0.5213265647694263,0.251809940086124,0.15389564232328734,820.7516445127933,0.06525462962962963,6.929064347161315,312726
original,training/notflip/0049_000000024.jpg,notflip,training,0049,24,1080,1920,3,0.5211210436335029,0.25173531327221044,0.15404117874001452,808.6767096191036,0.06527006172839506,6.931267313141015,313057
original,training/notflip/0049_000000025.jpg,notflip,training,0049,25,1080,1920,3,0.5202822239621157,0.2511159786654773,0.15395439020515614,810.5365797494188,0.06502314814814815,6.9346105098836,313085
original,training/notflip/0049_000000027.jpg,notflip,training,0049,27,1080,1920,3,0.5197508585996127,0.2510277196256239,0.15460203529714356,823.1678723936899,0.06445216049382715,6.931616714901512,314088
original,training/notflip/0049_000000029.jpg,notflip,training,0049,29,1080,1920,3,0.5183147618615348,0.2509953034180841,0.15467967993524573,803.186712619075,0.06477623456790123,6.9340316545832685,315528
original,training/notflip/0049_000000030.jpg,notflip,training,0049,30,1080,1920,3,0.5182908345436941,0.25068999863208097,0.15455131929314936,808.2029949673617,0.06515432098765432,6.931383198232247,315598
original,training/notflip/0050_000000001.jpg,notflip,training,0050,1,1080,1920,3,0.49233728969983054,0.24223877500522503,0.19568776098402324,640.1916026367933,0.06902006172839506,6.746421353922656,301568
original,training/notflip/0050_000000002.jpg,notflip,training,0050,2,1080,1920,3,0.48903125756475435,0.2411753551488063,0.19636773972706367,691.5063322330224,0.06923611111111111,6.82373479759379,314914
original,training/notflip/0050_000000003.jpg,notflip,training,0050,3,1080,1920,3,0.48814932824981844,0.24121806600868398,0.1969045517126604,728.1719440371489,0.06949845679012345,6.850276307003176,325854
original,training/notflip/0050_000000004.jpg,notflip,training,0050,4,1080,1920,3,0.4916837403171145,0.24246411352198427,0.1949411424291939,732.2790203236929,0.06944444444444445,6.851991875231455,327181
original,training/notflip/0050_000000005.jpg,notflip,training,0050,5,1080,1920,3,0.4934730335421205,0.24236678041246948,0.19309041961692086,707.6350764145495,0.0687962962962963,6.836677374879601,326168
original,training/notflip/0050_000000006.jpg,notflip,training,0050,6,1080,1920,3,0.4955030542695473,0.24242790256281188,0.1909746713114258,731.5368360387137,0.06815586419753086,6.818512395920435,326541
original,training/notflip/0050_000000007.jpg,notflip,training,0050,7,1080,1920,3,0.5017900459180586,0.2442786503235467,0.18774952152929072,740.477629000855,0.06826388888888889,6.813823424844728,318141
original,training/notflip/0050_000000008.jpg,notflip,training,0050,8,1080,1920,3,0.5033132867344469,0.24493961349565124,0.1858883007292423,746.0106440743003,0.0670679012345679,6.79535583030818,319911
original,training/notflip/0050_000000009.jpg,notflip,training,0050,9,1080,1920,3,0.5048814394970952,0.24543263503475302,0.18378171523238926,759.7725833502419,0.06665123456790123,6.790543911122794,321006
original,training/notflip/0050_000000010.jpg,notflip,training,0050,10,1080,1920,3,0.5098192023723069,0.24657868954970047,0.17964852827705155,747.8804506124613,0.06704475308641976,6.800102416090737,323590
original,training/notflip/0050_000000012.jpg,notflip,training,0050,12,1080,1920,3,0.5155664677136287,0.2480747247116809,0.17367851685427257,748.5292359562543,0.06695216049382716,6.81965086706588,325928
original,training/notflip/0050_000000014.jpg,notflip,training,0050,14,1080,1920,3,0.5235282146423385,0.25107714893232175,0.16711482729665939,761.2458083618517,0.0674074074074074,6.836828503915056,328931
original,training/notflip/0050_000000015.jpg,notflip,training,0050,15,1080,1920,3,0.5252719283315177,0.2518140525152022,0.1658481091896635,774.7855939633822,0.06689043209876543,6.8454168473475026,329820
original,training/notflip/0050_000000016.jpg,notflip,training,0050,16,1080,1920,3,0.5268086400841201,0.25204405938868907,0.16384408474037762,785.63641534827,0.06775462962962962,6.852397448575898,329227
original,training/notflip/0050_000000017.jpg,notflip,training,0050,17,1080,1920,3,0.5279823060396998,0.25239267056772147,0.16286852457032194,799.0108592592594,0.06742283950617284,6.854998624896985,331425
original,training/notflip/0050_000000018.jpg,notflip,training,0050,18,1080,1920,3,0.5283899403897361,0.2526341076224983,0.1621034177559913,812.5191388840663,0.06911265432098765,6.8563128906806945,333907
original,training/notflip/0050_000000019.jpg,notflip,training,0050,19,1080,1920,3,0.5288402853425321,0.2527550861659515,0.1617041159828129,821.2975363163366,0.06902006172839506,6.85976169876249,334700
original,training/notflip/0050_000000020.jpg,notflip,training,0050,20,1080,1920,3,0.5293229450344953,0.25215498418620935,0.1603547964324619,798.064071158884,0.06912037037037037,6.862313981880263,330615
original,training/notflip/0050_000000021.jpg,notflip,training,0050,21,1080,1920,3,0.5298836729908012,0.252095740922667,0.160310270288671,823.2958169829296,0.06999228395061728,6.8669094731923845,334088
original,training/notflip/0050_000000022.jpg,notflip,training,0050,22,1080,1920,3,0.5303175097585331,0.25186371772464017,0.15938507247034614,819.8192310613856,0.06925154320987655,6.870203581480018,335084
original,training/notflip/0050_000000023.jpg,notflip,training,0050,23,1080,1920,3,0.5307423841836117,0.25137117779568013,0.15917384940087145,802.9539869053403,0.06969135802469135,6.873296652120204,331094
original,training/notflip/0050_000000024.jpg,notflip,training,0050,24,1080,1920,3,0.5308757810608811,0.2512954661834683,0.15932223016521424,822.6804484444065,0.06979938271604938,6.878555338871797,333253
original,training/notflip/0050_000000025.jpg,notflip,training,0050,25,1080,1920,3,0.5310382965686274,0.25129590503917837,0.15939029971556526,824.0139634315822,0.07027777777777777,6.879496159235821,334924
original,training/notflip/0050_000000026.jpg,notflip,training,0050,26,1080,1920,3,0.530958806130477,0.25153634475662784,0.15901513329097072,843.0862677368517,0.07003086419753086,6.884978572717253,335686
original,training/notflip/0050_000000027.jpg,notflip,training,0050,27,1080,1920,3,0.5310045634380295,0.25156871473487574,0.158999897875817,848.7351871168172,0.07117283950617284,6.886790623778924,335799
original,training/notflip/0050_000000028.jpg,notflip,training,0050,28,1080,1920,3,0.5310968761347131,0.25163557978146744,0.1587491357268216,857.1925266888979,0.06996141975308642,6.889086311298911,338772
original,training/notflip/0050_000000029.jpg,notflip,training,0050,29,1080,1920,3,0.5311583340898087,0.25155898038602903,0.1584256781802227,852.0283243596156,0.07042438271604938,6.888366620498714,335930
original,training/notflip/0051_000000001.jpg,notflip,training,0051,1,1080,1920,3,0.5280357793966353,0.265042022495617,0.16003554299806344,859.1605662293642,0.0722067901234568,6.979256834201298,332341
original,training/notflip/0051_000000003.jpg,notflip,training,0051,3,1080,1920,3,0.5277026862442508,0.2632262820640162,0.15559525160372792,851.1424122055876,0.07371913580246914,7.017894685577306,338339
original,training/notflip/0051_000000004.jpg,notflip,training,0051,4,1080,1920,3,0.5285345614711934,0.26279536416736654,0.1538802745249334,846.2181771824036,0.07354938271604938,7.019682451572388,342749
original,training/notflip/0051_000000005.jpg,notflip,training,0051,5,1080,1920,3,0.5280120166122004,0.26162850703748963,0.15263328340595497,822.0524469592455,0.07461419753086419,7.030223786015215,342594
original,training/notflip/0051_000000006.jpg,notflip,training,0051,6,1080,1920,3,0.5273649993948196,0.26157443301216987,0.15296876134713144,847.3336960438577,0.0745679012345679,7.037381026176659,347756
original,training/notflip/0051_000000007.jpg,notflip,training,0051,7,1080,1920,3,0.5269253755900508,0.2616920194139159,0.15317915796719925,852.3395027062734,0.0742746913580247,7.040459580014042,349036
original,training/notflip/0051_000000008.jpg,notflip,training,0051,8,1080,1920,3,0.523834205171266,0.26063370090696997,0.15427431501149844,835.5443447337962,0.07518518518518519,7.048368822244184,343956
original,training/notflip/0051_000000009.jpg,notflip,training,0051,9,1080,1920,3,0.5229663425169451,0.2600587972889648,0.15443309353062212,832.8861772761752,0.07466820987654321,7.0503747538005195,342369
original,training/notflip/0051_000000010.jpg,notflip,training,0051,10,1080,1920,3,0.5220321312938756,0.26019118837935423,0.15554885885681433,843.5338211438803,0.07380401234567902,7.053950062081603,344018
original,training/notflip/0051_000000011.jpg,notflip,training,0051,11,1080,1920,3,0.5207032725127089,0.25983733921421825,0.1562808339385137,851.7164907369303,0.07425154320987655,7.052065909886434,342842
original,training/notflip/0051_000000013.jpg,notflip,training,0051,13,1080,1920,3,0.5178811085390946,0.259543435402839,0.15770868320321954,844.6603824074074,0.07412808641975309,7.0600437092679105,341797
original,training/notflip/0051_000000014.jpg,notflip,training,0051,14,1080,1920,3,0.5134858293240137,0.2581746431743632,0.15958556115347372,836.4009673332475,0.07556327160493827,7.059215498098335,340318
original,training/notflip/0051_000000015.jpg,notflip,training,0051,15,1080,1920,3,0.5127999557461873,0.2582291744450905,0.15967436947772937,819.1452629881471,0.07416666666666667,7.060468214729616,340224
original,training/notflip/0051_000000016.jpg,notflip,training,0051,16,1080,1920,3,0.5115263593863472,0.2583455332011353,0.16046709142762042,847.6569329174645,0.07419753086419753,7.0700721247505705,343684
original,training/notflip/0051_000000017.jpg,notflip,training,0051,17,1080,1920,3,0.5077232169874123,0.257043244841449,0.1622765087902445,844.4304377905427,0.0735108024691358,7.0628973938569715,331186
original,training/notflip/0051_000000018.jpg,notflip,training,0051,18,1080,1920,3,0.5075488304889857,0.257031338791213,0.16206917967804405,845.8883679483288,0.07361882716049382,7.064632433102217,333487
original,training/notflip/0051_000000019.jpg,notflip,training,0051,19,1080,1920,3,0.5075854703764222,0.25685522091501684,0.16190583772089082,834.2190044581023,0.0740354938271605,7.065957290570852,334759
original,training/notflip/0051_000000020.jpg,notflip,training,0051,20,1080,1920,3,0.5074034756263617,0.25616809667534474,0.16182712267005567,822.5438215229552,0.07358024691358024,7.070181919303536,332592
original,training/notflip/0051_000000021.jpg,notflip,training,0051,21,1080,1920,3,0.5070479756717502,0.256253227503014,0.16211202266400387,852.4125493996248,0.07353395061728395,7.073258641352959,336427
original,training/notflip/0051_000000022.jpg,notflip,training,0051,22,1080,1920,3,0.5069244716019123,0.25611456844816116,0.16224254304345195,810.1671715513546,0.07354166666666667,7.074948334789438,334403
original,training/notflip/0051_000000023.jpg,notflip,training,0051,23,1080,1920,3,0.5051655811244251,0.2564533857727806,0.16322125393367223,818.1398120703781,0.07383487654320987,7.078773801051609,338300
original,training/notflip/0051_000000024.jpg,notflip,training,0051,24,1080,1920,3,0.5043707372609538,0.2563094020215576,0.1636268703854999,826.4352129798716,0.07368055555555555,7.08032593729636,338954
original,training/notflip/0051_000000026.jpg,notflip,training,0051,26,1080,1920,3,0.5036412339627209,0.2556841898949758,0.16418288928225613,833.2026932098765,0.07315586419753087,7.081308058839263,339153
original,training/notflip/0051_000000027.jpg,notflip,training,0051,27,1080,1920,3,0.5036283927923021,0.2555406972387517,0.1643976829157589,819.1531823538238,0.07398148148148148,7.080287852657027,341799
original,training/notflip/0051_000000028.jpg,notflip,training,0051,28,1080,1920,3,0.5037248774509805,0.25538440886214847,0.16455661651234565,809.8804192767275,0.07353395061728395,7.08003461972897,342258
original,training/notflip/0051_000000029.jpg,notflip,training,0051,29,1080,1920,3,0.5033633805374002,0.2550958388085163,0.16436130779472283,808.1757198259007,0.07315586419753087,7.083214235777649,341959
original,training/notflip/0051_000000030.jpg,notflip,training,0051,30,1080,1920,3,0.5031001630204551,0.2542157826834168,0.1643095535282014,753.1464410377134,0.07272376543209877,7.087813155607843,331683
original,training/notflip/0052_000000001.jpg,notflip,training,0052,1,1080,1920,3,0.508030028292181,0.25335597831518064,0.1888372272906076,589.2165269413366,0.0650462962962963,6.753191494662545,299553
original,training/notflip/0052_000000002.jpg,notflip,training,0052,2,1080,1920,3,0.5113833420328008,0.254163678034147,0.18551250643004116,590.6751261073365,0.06527006172839506,6.748251647681562,307842
original,training/notflip/0052_000000003.jpg,notflip,training,0052,3,1080,1920,3,0.5146629429163642,0.25511266928231296,0.18219449361534737,592.2084995082209,0.0637962962962963,6.747624362046926,308496
original,training/notflip/0052_000000004.jpg,notflip,training,0052,4,1080,1920,3,0.5185981489046236,0.257285656603349,0.17861021847010408,589.5978029572832,0.06488425925925925,6.762269694629381,309560
original,training/notflip/0052_000000005.jpg,notflip,training,0052,5,1080,1920,3,0.5212363739863228,0.2591981608036474,0.1762345225127088,586.3215529025682,0.06459876543209876,6.781601021122443,310206
original,training/notflip/0052_000000007.jpg,notflip,training,0052,7,1080,1920,3,0.5242153212751149,0.26143585059460406,0.17302715368554827,600.0865474772805,0.06628858024691359,6.804974968962549,311583
original,training/notflip/0052_000000008.jpg,notflip,training,0052,8,1080,1920,3,0.5249405277929073,0.26185303892692297,0.17147517625877512,631.5334487730529,0.06728395061728396,6.807948201952811,312161
original,training/notflip/0052_000000009.jpg,notflip,training,0052,9,1080,1920,3,0.5253507682007988,0.26209059719051014,0.17022736436395544,639.5964340382565,0.06787037037037037,6.809719800348466,314504
original,training/notflip/0052_000000010.jpg,notflip,training,0052,10,1080,1920,3,0.5247900591563786,0.2618176109575311,0.16966287105119826,611.2770233738545,0.06739197530864198,6.824251834397213,312004
original,training/notflip/0052_000000011.jpg,notflip,training,0052,11,1080,1920,3,0.5246241111413702,0.2605022555496011,0.16894640371580733,462.4226078103567,0.065,6.8231390303403625,284858
original,training/notflip/0052_000000012.jpg,notflip,training,0052,12,1080,1920,3,0.5244640295933188,0.26036003505834854,0.16844940692326313,455.5837910548601,0.06556327160493827,6.829723158324107,283992
original,training/notflip/0052_000000013.jpg,notflip,training,0052,13,1080,1920,3,0.5241605921689663,0.260619536255448,0.1683655100157347,493.37286670471104,0.06614197530864198,6.832353060345219,290290
original,training/notflip/0052_000000015.jpg,notflip,training,0052,15,1080,1920,3,0.5218713216382233,0.2612598420124872,0.16982365233902202,565.5672234010035,0.06926697530864198,6.848861939656704,304157
original,training/notflip/0052_000000016.jpg,notflip,training,0052,16,1080,1920,3,0.5197755461752602,0.26157585872074574,0.16968878789941902,578.0423539208367,0.06970679012345679,6.859648572018893,307205
original,training/notflip/0052_000000017.jpg,notflip,training,0052,17,1080,1920,3,0.5182498468137254,0.26224470959172663,0.16934542370188818,601.3771408741045,0.06806327160493827,6.866031884632016,316622
original,training/notflip/0052_000000018.jpg,notflip,training,0052,18,1080,1920,3,0.5173164979726459,0.2626336047148207,0.1693366504780925,649.0395172324507,0.06973765432098765,6.8706672344675095,325255
original,training/notflip/0052_000000019.jpg,notflip,training,0052,19,1080,1920,3,0.5175276283738803,0.2622345913467205,0.16894202750544662,630.6148296982167,0.06943672839506172,6.872100928301652,325184
original,training/notflip/0052_000000020.jpg,notflip,training,0052,20,1080,1920,3,0.5178342392126604,0.26118718918817374,0.16810106133502783,576.3222297379875,0.06963734567901235,6.876523438818457,317187
original,training/notflip/0052_000000021.jpg,notflip,training,0052,21,1080,1920,3,0.5166116425351005,0.25857541364557884,0.1677817776416122,452.7967180667486,0.06797067901234567,6.858902488309594,285696
original,training/notflip/0052_000000023.jpg,notflip,training,0052,23,1080,1920,3,0.518057760681433,0.25668486836351345,0.16667358841684823,356.35016023370815,0.06640432098765432,6.858027379723511,276223
original,training/notflip/0052_000000024.jpg,notflip,training,0052,24,1080,1920,3,0.5184736368312758,0.25613395516688914,0.1660255405016945,364.5319492926359,0.06524691358024691,6.85394824073002,275059
original,training/notflip/0052_000000025.jpg,notflip,training,0052,25,1080,1920,3,0.5183517327069717,0.25618403584172506,0.16600140326192206,377.6448143903726,0.06601851851851852,6.849741284683755,275947
original,training/notflip/0052_000000026.jpg,notflip,training,0052,26,1080,1920,3,0.5177973572530864,0.2569560625635679,0.165528509667756,449.3695248590154,0.06693672839506173,6.847554409168241,286422
original,training/notflip/0052_000000027.jpg,notflip,training,0052,27,1080,1920,3,0.5173849136105059,0.25822269924225555,0.16525905311970468,524.5390313633592,0.06665123456790123,6.84421709067165,301343
original,training/notflip/0052_000000028.jpg,notflip,training,0052,28,1080,1920,3,0.517170000832123,0.25927808038449807,0.164582828385984,590.3370737273282,0.06746913580246913,6.846368361004633,310776
original,training/notflip/0052_000000030.jpg,notflip,training,0052,30,1080,1920,3,0.5180168599461389,0.2606661562639302,0.1622897300895667,645.8544501585482,0.06749228395061728,6.852389820695953,318502
original,training/notflip/0053_000000002.jpg,notflip,training,0053,2,1080,1920,3,0.4910918342259743,0.25699709250611774,0.20799169200859355,581.6029903978052,0.08323302469135803,6.829850306031837,339922
original,training/notflip/0053_000000003.jpg,notflip,training,0053,3,1080,1920,3,0.49554028609900747,0.2577166522955282,0.20359075624848705,587.419153514851,0.08057870370370371,6.841352810733408,343472
original,training/notflip/0053_000000004.jpg,notflip,training,0053,4,1080,1920,3,0.4981418788580247,0.2594417317221459,0.2001958042090293,601.7180541237402,0.07822530864197531,6.864459994914078,342417
original,training/notflip/0053_000000005.jpg,notflip,training,0053,5,1080,1920,3,0.5027554087993221,0.2634461002221848,0.1973125510620915,581.029342558299,0.07780864197530864,6.912814285791488,336337
original,training/notflip/0053_000000006.jpg,notflip,training,0053,6,1080,1920,3,0.5119231723553619,0.26899567869538765,0.19431494152444928,580.242137701415,0.0719212962962963,6.959030586221699,330399
original,training/notflip/0053_000000007.jpg,notflip,training,0053,7,1080,1920,3,0.5165999266218834,0.27246924231119124,0.19276227759622366,580.1262530215835,0.06943672839506172,7.0040593573409335,328135
original,training/notflip/0053_000000009.jpg,notflip,training,0053,9,1080,1920,3,0.5202326823862261,0.27566933446587133,0.189424015825466,569.5630577798139,0.06888117283950618,7.04574697721114,326609
original,training/notflip/0053_000000010.jpg,notflip,training,0053,10,1080,1920,3,0.5212203385984023,0.2760866326656263,0.18656244704671993,573.7761854078552,0.06958333333333333,7.054053505547636,331214
original,training/notflip/0053_000000012.jpg,notflip,training,0053,12,1080,1920,3,0.5213278394305253,0.2739853338627554,0.17890221798595982,617.6017878134049,0.07540895061728395,7.066107906338571,347231
original,training/notflip/0053_000000013.jpg,notflip,training,0053,13,1080,1920,3,0.5218983618524571,0.2735450885638327,0.17608725565843622,649.1404768516137,0.0777391975308642,7.07131854960793,351185
original,training/notflip/0053_000000014.jpg,notflip,training,0053,14,1080,1920,3,0.5228566384501331,0.2734496370921208,0.1736644274993948,649.2868346678646,0.07941358024691358,7.074352594215472,354964
original,training/notflip/0053_000000015.jpg,notflip,training,0053,15,1080,1920,3,0.5199776650629387,0.27230543624117143,0.17354143783284917,629.8462631627706,0.07938271604938271,7.0904976950001934,353686
original,training/notflip/0053_000000018.jpg,notflip,training,0053,18,1080,1920,3,0.5172865169601791,0.2707887189077903,0.17143645795509563,640.9833635030864,0.08101851851851852,7.105623123864633,354220
original,training/notflip/0053_000000019.jpg,notflip,training,0053,19,1080,1920,3,0.5161861402354152,0.2706429826406826,0.171474994704672,621.9760474537037,0.08051697530864198,7.1118293051732095,353540
original,training/notflip/0053_000000020.jpg,notflip,training,0053,20,1080,1920,3,0.5156398004417817,0.27079195646769744,0.1715077028110627,640.2334458159484,0.08099537037037037,7.114950134686592,356172
original,training/notflip/0053_000000021.jpg,notflip,training,0053,21,1080,1920,3,0.5132520613955459,0.2694606087512584,0.17215803717320263,621.3176439680856,0.0817824074074074,7.128696992904268,352566
original,training/notflip/0053_000000022.jpg,notflip,training,0053,22,1080,1920,3,0.5130128052378359,0.2692637380547959,0.17186403867102396,628.9009585724356,0.08094907407407408,7.129274185730165,355138
original,training/notflip/0053_000000023.jpg,notflip,training,0053,23,1080,1920,3,0.5130381793149359,0.2689381689870772,0.17122061660312274,635.9783870641267,0.08056327160493827,7.128935564466572,355537
original,training/notflip/0053_000000024.jpg,notflip,training,0053,24,1080,1920,3,0.5095965621974098,0.2673116879924749,0.17251439194504964,643.013248216497,0.0798533950617284,7.120912788911747,350408
original,training/notflip/0053_000000026.jpg,notflip,training,0053,26,1080,1920,3,0.5073553373123941,0.2675230403867464,0.1735581899812394,636.3393949845679,0.08044753086419754,7.124051540765921,351747
original,training/notflip/0053_000000027.jpg,notflip,training,0053,27,1080,1920,3,0.5068081105513194,0.2667001080290537,0.17325757610142822,621.8137970244983,0.08239969135802469,7.129562811302194,348063
original,training/notflip/0053_000000028.jpg,notflip,training,0053,28,1080,1920,3,0.5058199739772452,0.2661625889903879,0.17300158481602518,653.009419008571,0.07979166666666666,7.133684640647731,352673
original,training/notflip/0053_000000029.jpg,notflip,training,0053,29,1080,1920,3,0.5057745098039216,0.26605287074991285,0.1729000204248366,653.1799868634259,0.08118055555555556,7.133881335722137,352102
original,training/notflip/0053_000000030.jpg,notflip,training,0053,30,1080,1920,3,0.503217577463084,0.26490625391385875,0.17373651771665458,633.5925604557232,0.08027777777777778,7.108617649311023,339184
original,training/notflip/0054_000000001.jpg,notflip,training,0054,1,1080,1920,3,0.5194919397542967,0.2570357742688746,0.192032804557008,482.4847655461725,0.05786265432098765,6.755591715536559,269224
original,training/notflip/0054_000000002.jpg,notflip,training,0054,2,1080,1920,3,0.5194444690298959,0.2566810151580593,0.19046108123033165,525.7984207530769,0.058618827160493825,6.821604611220445,286148
original,training/notflip/0054_000000003.jpg,notflip,training,0054,3,1080,1920,3,0.5212358179768821,0.2560475364988549,0.18873954361837328,563.9364722200789,0.060625,6.837227997640007,295789
original,training/notflip/0054_000000004.jpg,notflip,training,0054,4,1080,1920,3,0.5237314417665214,0.2552325316156949,0.18671205519244735,544.122818156293,0.0603858024691358,6.833618192956189,298155
original,training/notflip/0054_000000005.jpg,notflip,training,0054,5,1080,1920,3,0.5265748248759381,0.255218850427711,0.18390661121701768,562.2099392918382,0.061134259259259256,6.830538873768152,295026
original,training/notflip/0054_000000006.jpg,notflip,training,0054,6,1080,1920,3,0.5281811720830307,0.25619951738982183,0.18125387315419994,562.5028964999142,0.06165895061728395,6.824974420767518,293927
original,training/notflip/0054_000000007.jpg,notflip,training,0054,7,1080,1920,3,0.5284966223372065,0.25672370445562825,0.1793718473886468,612.5422734595884,0.060632716049382716,6.824755329345898,296094
original,training/notflip/0054_000000008.jpg,notflip,training,0054,8,1080,1920,3,0.5260886532467925,0.25577876529078525,0.1804209596647301,582.5756520204023,0.059722222222222225,6.80718147642072,296807
original,training/notflip/0054_000000009.jpg,notflip,training,0054,9,1080,1920,3,0.5245855271120794,0.25524869453155186,0.180703507020092,596.324463990817,0.06262345679012346,6.77907088171602,300385
original,training/notflip/0054_000000011.jpg,notflip,training,0054,11,1080,1920,3,0.5312157978546357,0.25711092147563785,0.1749476367707577,567.6795633049459,0.06096450617283951,6.747592353829054,298075
original,training/notflip/0054_000000012.jpg,notflip,training,0054,12,1080,1920,3,0.5347493494311305,0.25950618928193286,0.17230429413277656,550.0680373332951,0.06298611111111112,6.780447340395332,299823
original,training/notflip/0054_000000013.jpg,notflip,training,0054,13,1080,1920,3,0.537387413761801,0.26132048672480973,0.1700351855634229,581.0954351694078,0.06445216049382715,6.814408531204866,304006
original,training/notflip/0054_000000014.jpg,notflip,training,0054,14,1080,1920,3,0.5393984034586057,0.26183229059485064,0.16757674443234083,586.6921812068949,0.06598765432098766,6.824639344650379,304101
original,training/notflip/0054_000000015.jpg,notflip,training,0054,15,1080,1920,3,0.5400448438634714,0.2626870610732359,0.16630738244371823,644.3709097216863,0.06664351851851852,6.833584582729158,311194
original,training/notflip/0054_000000016.jpg,notflip,training,0054,16,1080,1920,3,0.538888009486202,0.2628550602391993,0.16606049534011136,643.1276777258016,0.06793981481481481,6.855242645430434,315534
original,training/notflip/0054_000000017.jpg,notflip,training,0054,17,1080,1920,3,0.538850172476398,0.26299754003234416,0.16602283231965625,684.4779721019567,0.06820987654320988,6.862038485528732,319333
original,training/notflip/0054_000000018.jpg,notflip,training,0054,18,1080,1920,3,0.5389701683914307,0.26283356378983946,0.165228805449649,697.873042896412,0.06792438271604938,6.864300625113808,320232
original,training/notflip/0054_000000019.jpg,notflip,training,0054,19,1080,1920,3,0.537823625862382,0.2625395930255289,0.16548122806221255,704.1525511054313,0.0679783950617284,6.874101864218084,321678
original,training/notflip/0054_000000021.jpg,notflip,training,0054,21,1080,1920,3,0.5356757273511257,0.2616526654085528,0.16552584498305498,719.0670907916453,0.06802469135802469,6.887262666979092,325805
original,training/notflip/0054_000000022.jpg,notflip,training,0054,22,1080,1920,3,0.5317056573015009,0.2598983734575203,0.16686766597070926,718.3531680667486,0.06663580246913581,6.865305671541242,313690
original,training/notflip/0054_000000024.jpg,notflip,training,0054,24,1080,1920,3,0.531726216412491,0.2604352968637346,0.16635437280622123,693.378170667343,0.06723765432098766,6.865387817310318,318126
original,training/notflip/0054_000000025.jpg,notflip,training,0054,25,1080,1920,3,0.5312610804738562,0.2601118604591268,0.16606689133986927,728.1430586334019,0.06759259259259259,6.871208269029275,318544
original,training/notflip/0054_000000026.jpg,notflip,training,0054,26,1080,1920,3,0.5309967093318809,0.2599079065347073,0.16576053392035825,729.7097277006172,0.06800925925925926,6.872084617780252,319609
original,training/notflip/0054_000000028.jpg,notflip,training,0054,28,1080,1920,3,0.5290204115982813,0.25965953291558896,0.16561224582425563,689.8748162007863,0.06780864197530864,6.871365283850777,324785
original,training/notflip/0054_000000029.jpg,notflip,training,0054,29,1080,1920,3,0.5284561206427015,0.2594113554257259,0.1650409026264827,688.676482234987,0.06733024691358025,6.874208037795945,323692
original,training/notflip/0054_000000030.jpg,notflip,training,0054,30,1080,1920,3,0.5286183411250303,0.25932882542998653,0.16422746837932706,702.3200565600115,0.06794753086419753,6.87068581768307,325013
original,training/notflip/0055_000000001.jpg,notflip,training,0055,1,1080,1920,3,0.5061101692992012,0.2507685174706897,0.18895778299745825,379.6866736224827,0.06770833333333333,6.9202243148360685,270108
original,training/notflip/0055_000000002.jpg,notflip,training,0055,2,1080,1920,3,0.5072296961994675,0.2509940266050777,0.18571374780622124,380.3886675466297,0.06640432098765432,6.888965583828977,276108
original,training/notflip/0055_000000003.jpg,notflip,training,0055,3,1080,1920,3,0.5097286881959574,0.25144921817666027,0.18117465693839266,376.14560434521934,0.06424382716049383,6.839322105475179,277344
original,training/notflip/0055_000000004.jpg,notflip,training,0055,4,1080,1920,3,0.5104530304405713,0.2521357747276527,0.17678151665758898,391.76618344425157,0.06506172839506173,6.830160107582836,277587
original,training/notflip/0055_000000005.jpg,notflip,training,0055,5,1080,1920,3,0.5122117715141612,0.2547907436918169,0.17312325821532315,392.80400400067634,0.06282407407407407,6.848860685533127,276099
original,training/notflip/0055_000000006.jpg,notflip,training,0055,6,1080,1920,3,0.5142651332909707,0.2581097543603863,0.17112766468470106,395.9200519761065,0.05949845679012346,6.883418542120367,271749
original,training/notflip/0055_000000007.jpg,notflip,training,0055,7,1080,1920,3,0.5167424919813604,0.2607721311970799,0.17017539261074802,376.8482555940763,0.05528549382716049,6.9290407431220995,266787
original,training/notflip/0055_000000008.jpg,notflip,training,0055,8,1080,1920,3,0.5193806811304769,0.2634945233036354,0.1688730728788429,366.63271553444355,0.053842592592592595,6.963379839365441,263401
original,training/notflip/0055_000000009.jpg,notflip,training,0055,9,1080,1920,3,0.5208673123184459,0.2649861498260038,0.16693421122306948,367.0284318298945,0.05402777777777778,6.984431882961157,258269
original,training/notflip/0055_000000010.jpg,notflip,training,0055,10,1080,1920,3,0.5211738191418543,0.26594116921555316,0.16599139130961027,394.0896507735101,0.05634259259259259,7.005339588286964,265245
original,training/notflip/0055_000000011.jpg,notflip,training,0055,11,1080,1920,3,0.5213149434156379,0.2661762326474896,0.164010348583878,404.14979539555475,0.05803240740740741,7.024561793325144,272052
original,training/notflip/0055_000000014.jpg,notflip,training,0055,14,1080,1920,3,0.5218889569716776,0.2648949518481767,0.16011668255265069,403.11186141975304,0.0583641975308642,7.051647725672813,275376
original,training/notflip/0055_000000015.jpg,notflip,training,0055,15,1080,1920,3,0.5213254773359962,0.2645681685374565,0.15997157732691844,404.7569707733196,0.05963734567901235,7.061673532453313,276315
original,training/notflip/0055_000000017.jpg,notflip,training,0055,17,1080,1920,3,0.5197440143881626,0.26392337651592607,0.16005565578854997,406.9659694043758,0.062183641975308644,7.0763612373740745,276796
original,training/notflip/0055_000000018.jpg,notflip,training,0055,18,1080,1920,3,0.5189908315177922,0.26362457379163434,0.16040435692023725,409.7583217475899,0.06097993827160494,7.082447253601941,277856
original,training/notflip/0055_000000019.jpg,notflip,training,0055,19,1080,1920,3,0.5186225319989107,0.26350586220981276,0.1606918005628177,413.68030722016226,0.06068672839506173,7.085483216969777,279437
original,training/notflip/0055_000000020.jpg,notflip,training,0055,20,1080,1920,3,0.517306077523602,0.2630721862618498,0.16168227275478092,412.35805177606073,0.06059413580246913,7.091927625828223,278879
original,training/notflip/0055_000000021.jpg,notflip,training,0055,21,1080,1920,3,0.5154076873033163,0.2627685705542802,0.1626972906832486,416.4438878886007,0.06158179012345679,7.097370840174907,278248
original,training/notflip/0055_000000022.jpg,notflip,training,0055,22,1080,1920,3,0.5144369629024449,0.2626663526290271,0.1631803985869039,412.4652913580247,0.06186728395061728,7.1000582013958535,279413
original,training/notflip/0055_000000023.jpg,notflip,training,0055,23,1080,1920,3,0.5140352857964173,0.2626157120356897,0.16351869439905592,405.81480658340956,0.06295524691358025,7.100559792236786,278778
original,training/notflip/0055_000000024.jpg,notflip,training,0055,24,1080,1920,3,0.5126659158648027,0.2621034946068534,0.16408946456669088,402.4648343847641,0.062330246913580245,7.10787878594156,278780
original,training/notflip/0055_000000025.jpg,notflip,training,0055,25,1080,1920,3,0.5123197659465021,0.26181815870461683,0.16442820859053497,402.55425285398564,0.06139660493827161,7.10747676649842,279514
original,training/notflip/0055_000000026.jpg,notflip,training,0055,26,1080,1920,3,0.5113542479877754,0.2612292237630329,0.1646596219892278,407.5730474927602,0.06209876543209877,7.10843319973303,280172
original,training/notflip/0055_000000027.jpg,notflip,training,0055,27,1080,1920,3,0.5114792990498668,0.260867703496443,0.16440416023662552,413.1590905264061,0.06300154320987654,7.1037766912914835,280287
original,training/notflip/0055_000000028.jpg,notflip,training,0055,28,1080,1920,3,0.5119151310215444,0.26071253203097994,0.16428145803074315,415.15824953554863,0.06330246913580247,7.102837111911305,281538
original,training/notflip/0055_000000029.jpg,notflip,training,0055,29,1080,1920,3,0.5114571948378117,0.26049295697864916,0.1644642735566449,420.6541032655083,0.06285493827160493,7.1018229541679325,282990
original,training/notflip/0055_000000030.jpg,notflip,training,0055,30,1080,1920,3,0.5111499712539337,0.26032123665800316,0.16428903034979422,416.66216019637824,0.06347222222222222,7.09695005631837,281925
original,training/notflip/0056_000000001.jpg,notflip,training,0056,1,1080,1920,3,0.5255383287188332,0.2489685707600074,0.18329862245824258,434.45665829421733,0.06726851851851852,6.790248248275526,288756
original,training/notflip/0056_000000002.jpg,notflip,training,0056,2,1080,1920,3,0.5246539219468652,0.250331715873769,0.18215428883744855,415.2726842990303,0.07021604938271606,6.772689040344586,291438
original,training/notflip/0056_000000003.jpg,notflip,training,0056,3,1080,1920,3,0.5261646828098523,0.25230334813129773,0.17997806221253934,415.3350551659427,0.06880401234567901,6.778375684193822,290692
original,training/notflip/0056_000000005.jpg,notflip,training,0056,5,1080,1920,3,0.5305300188362382,0.255779031706962,0.17519123320624547,547.8855471383937,0.07243055555555555,6.815327424620163,311946
original,training/notflip/0056_000000006.jpg,notflip,training,0056,6,1080,1920,3,0.5326299530228759,0.25701940663427025,0.17300864651416123,607.9023470486112,0.07368827160493827,6.831413527539288,321626
original,training/notflip/0056_000000008.jpg,notflip,training,0056,8,1080,1920,3,0.5350616262708787,0.258550746988715,0.16809232971738078,619.597606451415,0.07383487654320987,6.839842814775039,328126
original,training/notflip/0056_000000009.jpg,notflip,training,0056,9,1080,1920,3,0.5353659695745583,0.25964304750935624,0.16700030448136047,683.4325092590211,0.07435956790123457,6.8412900362542075,334381
original,training/notflip/0056_000000010.jpg,notflip,training,0056,10,1080,1920,3,0.5358245506535947,0.2589734593421775,0.16554323257080608,636.0701295638406,0.07452932098765432,6.847701755728471,330899
original,training/notflip/0056_000000012.jpg,notflip,training,0056,12,1080,1920,3,0.5344723243464052,0.2554572261567205,0.16405521892398936,501.9810172253062,0.07334876543209877,6.864287377181644,311706
original,training/notflip/0056_000000014.jpg,notflip,training,0056,14,1080,1920,3,0.5336849620249334,0.25443952826650174,0.1637675445564028,401.3756401957948,0.07031635802469136,6.861393772981568,295133
original,training/notflip/0056_000000015.jpg,notflip,training,0056,15,1080,1920,3,0.5321781442901234,0.2542596791392217,0.16455615317114503,402.07471402391974,0.06918981481481482,6.8665947158112,292971
original,training/notflip/0056_000000016.jpg,notflip,training,0056,16,1080,1920,3,0.5303478368585088,0.2548140506525738,0.16488637549927376,448.20614862825784,0.07131172839506172,6.877282389541566,300501
original,training/notflip/0056_000000017.jpg,notflip,training,0056,17,1080,1920,3,0.5301117068355119,0.25490388385925106,0.1640484219922537,483.82798839353757,0.07358796296296297,6.885620242025537,306797
original,training/notflip/0056_000000018.jpg,notflip,training,0056,18,1080,1920,3,0.5278808513374486,0.255336908460098,0.16446023586903896,620.7024116892791,0.07564043209876543,6.8994031716029856,328776
original,training/notflip/0056_000000019.jpg,notflip,training,0056,19,1080,1920,3,0.5273118305192447,0.2562600680555553,0.1646367915607601,681.7246379428988,0.07531635802469136,6.909703801566135,341651
original,training/notflip/0056_000000020.jpg,notflip,training,0056,20,1080,1920,3,0.5272287543875575,0.2565779309937172,0.16436477245219075,708.2271747636961,0.0762037037037037,6.909397414655727,345207
original,training/notflip/0056_000000021.jpg,notflip,training,0056,21,1080,1920,3,0.5269110441630356,0.256590207991825,0.16387360052045508,716.6083033205209,0.07643518518518519,6.909981287022921,346150
original,training/notflip/0056_000000023.jpg,notflip,training,0056,23,1080,1920,3,0.5257951596919632,0.25668166141646936,0.16384575465988865,713.4249534164356,0.07516203703703704,6.908762116106425,349450
original,training/notflip/0056_000000025.jpg,notflip,training,0056,25,1080,1920,3,0.5225012027959332,0.2560246012672716,0.1639621894668361,718.8994587143133,0.07572530864197531,6.923310891026942,350408
original,training/notflip/0056_000000026.jpg,notflip,training,0056,26,1080,1920,3,0.522541114439603,0.2558530563266012,0.16376849771544422,710.6399341320277,0.07539351851851851,6.923811671448963,349897
original,training/notflip/0056_000000028.jpg,notflip,training,0056,28,1080,1920,3,0.5203893200798838,0.25500059315217344,0.16260641150750424,727.9118384430727,0.07533950617283951,6.9072274604619395,341150
original,training/notflip/0056_000000029.jpg,notflip,training,0056,29,1080,1920,3,0.5203488429708303,0.25509862660619437,0.16234729408738804,727.2486171293915,0.07587191358024692,6.90928738041366,342039
original,training/notflip/0056_000000030.jpg,notflip,training,0056,30,1080,1920,3,0.5204209464264101,0.25484872788404606,0.16188170426349552,716.4170914765637,0.07459876543209877,6.908087228375654,341527
original,training/notflip/0057_000000001.jpg,notflip,training,0057,1,1080,1920,3,0.5190858675260228,0.2494587131295696,0.16599032278806586,361.7189621377743,0.06495370370370371,6.815096260434141,268810
original,training/notflip/0057_000000002.jpg,notflip,training,0057,2,1080,1920,3,0.5210180835451464,0.25040693242154605,0.16433272058823528,363.2164547551345,0.06279320987654322,6.833228643986374,273012
original,training/notflip/0057_000000004.jpg,notflip,training,0057,4,1080,1920,3,0.5236381929314936,0.2525507380939454,0.16048835216957152,360.990190126255,0.058611111111111114,6.8520223135914,270956
original,training/notflip/0057_000000005.jpg,notflip,training,0057,5,1080,1920,3,0.5251669862775357,0.2531299786497628,0.15764957221314452,372.9241897333081,0.06321759259259259,6.84968389020211,273556
original,training/notflip/0057_000000006.jpg,notflip,training,0057,6,1080,1920,3,0.5255381395999758,0.25320222450887675,0.15642587864621157,372.66750531067817,0.0637037037037037,6.849219055239569,274745
original,training/notflip/0057_000000008.jpg,notflip,training,0057,8,1080,1920,3,0.5238327584120067,0.25245459456374975,0.15740520039034134,383.52400698731134,0.06280092592592593,6.873286683510441,280997
original,training/notflip/0057_000000009.jpg,notflip,training,0057,9,1080,1920,3,0.5230126463779956,0.2520526835070263,0.15843115884471073,381.04002026153603,0.06445987654320988,6.873496402226241,283462
original,training/notflip/0057_000000010.jpg,notflip,training,0057,10,1080,1920,3,0.5218086344105544,0.25181119732992124,0.15901106912672477,384.63414193666887,0.06488425925925925,6.8818263178665715,285835
original,training/notflip/0057_000000011.jpg,notflip,training,0057,11,1080,1920,3,0.5206632436153474,0.25190261485796045,0.15901798898571773,457.70601757330246,0.07060185185185185,6.883335643581031,305936
original,training/notflip/0057_000000013.jpg,notflip,training,0057,13,1080,1920,3,0.5188884747185911,0.25228286712320713,0.160728130295328,618.7745762145038,0.07921296296296296,6.892528640310454,344042
original,training/notflip/0057_000000014.jpg,notflip,training,0057,14,1080,1920,3,0.5180995748608085,0.252465877488566,0.16168265666606146,668.6638406501843,0.07969907407407407,6.895197650147132,356081
original,training/notflip/0057_000000015.jpg,notflip,training,0057,15,1080,1920,3,0.5175875128600823,0.2525735345637202,0.16221451184640523,692.827671922094,0.08160493827160493,6.8936565569567865,360846
original,training/notflip/0057_000000016.jpg,notflip,training,0057,16,1080,1920,3,0.517328720724401,0.2524430924900918,0.16205468182643426,690.4883083585177,0.08070216049382715,6.895490601610686,360155
original,training/notflip/0057_000000017.jpg,notflip,training,0057,17,1080,1920,3,0.5178921549715565,0.25161936687581327,0.16142772633744856,668.5556625699564,0.0808641975308642,6.897341419317861,355116
original,training/notflip/0057_000000018.jpg,notflip,training,0057,18,1080,1920,3,0.5185796341684822,0.25059327698795325,0.16039383245582184,604.4826679810147,0.07885030864197531,6.898535118005604,346937
original,training/notflip/0057_000000019.jpg,notflip,training,0057,19,1080,1920,3,0.5163346514917696,0.24837992205581352,0.16263328340595495,524.2116155106287,0.07673611111111112,6.886975111150526,322165
original,training/notflip/0057_000000020.jpg,notflip,training,0057,20,1080,1920,3,0.5171271389342774,0.2475439017757882,0.16213269335511982,446.0634962941529,0.07290123456790124,6.889751755750918,310106
original,training/notflip/0057_000000021.jpg,notflip,training,0057,21,1080,1920,3,0.517355350550714,0.2473914551952236,0.16179734212357783,430.83701402171687,0.07313271604938272,6.889333780862776,306542
original,training/notflip/0057_000000022.jpg,notflip,training,0057,22,1080,1920,3,0.5172363191418543,0.2473038266866226,0.16209663973614136,420.36719950250534,0.07314814814814814,6.888263404071624,302187
original,training/notflip/0057_000000024.jpg,notflip,training,0057,24,1080,1920,3,0.5149847267610748,0.24940169133550333,0.16357845784918906,554.1435858015166,0.07824074074074074,6.889220182485217,328934
original,training/notflip/0057_000000025.jpg,notflip,training,0057,25,1080,1920,3,0.5139770901416122,0.25063088495982566,0.16421370430888405,628.7632609567306,0.07938271604938271,6.893651910284637,344978
original,training/notflip/0057_000000026.jpg,notflip,training,0057,26,1080,1920,3,0.513243777989591,0.25144902327505275,0.16404230777959333,675.7078866997575,0.07993827160493827,6.895851793832174,354949
original,training/notflip/0057_000000028.jpg,notflip,training,0057,28,1080,1920,3,0.5141510586873638,0.25077035679539667,0.1629532119946744,677.3625301745161,0.07997685185185185,6.900576426236432,354636
original,training/notflip/0057_000000029.jpg,notflip,training,0057,29,1080,1920,3,0.5141983081427015,0.2510211756570524,0.16288383563301864,707.1836180438862,0.08098765432098766,6.902624337101459,359927
original,training/notflip/0057_000000030.jpg,notflip,training,0057,30,1080,1920,3,0.5143982200133139,0.2509983376236821,0.16245945291696925,717.8607494183791,0.08092592592592593,6.9051128238163715,360397
original,training/notflip/0058_000000001.jpg,notflip,training,0058,1,1080,1920,3,0.4808056482237957,0.25105034826475003,0.20076613372972646,508.653267888315,0.06702160493827161,6.810091168200257,298076
original,training/notflip/0058_000000003.jpg,notflip,training,0058,3,1080,1920,3,0.48392847524812393,0.2526181265165905,0.1981591378449528,576.3783437451775,0.07347222222222222,6.864041258098374,325871
original,training/notflip/0058_000000005.jpg,notflip,training,0058,5,1080,1920,3,0.48201497821350764,0.2509457965232783,0.19736157445231178,601.0334188170988,0.07301697530864197,6.841590217870875,322265
original,training/notflip/0058_000000006.jpg,notflip,training,0058,6,1080,1920,3,0.4851298490075042,0.2519681958619962,0.1943888888888889,606.2742521316777,0.07224537037037038,6.816400105496986,324224
original,training/notflip/0058_000000007.jpg,notflip,training,0058,7,1080,1920,3,0.49172850664185425,0.2558846246052607,0.19051387754175744,569.7462173734353,0.07256944444444445,6.862489015094137,318975
original,training/notflip/0058_000000008.jpg,notflip,training,0058,8,1080,1920,3,0.5013911753358751,0.26091015952051594,0.1860187624818446,524.371755357415,0.06101851851851852,6.91960491591025,308306
original,training/notflip/0058_000000009.jpg,notflip,training,0058,9,1080,1920,3,0.5055835054314937,0.2636658860600722,0.18229297536916,556.8973586719227,0.06488425925925925,6.953464476481249,313180
original,training/notflip/0058_000000010.jpg,notflip,training,0058,10,1080,1920,3,0.5073555150841201,0.26575785501320853,0.18011777565964657,598.8415037484759,0.0630787037037037,7.0074184558937525,312871
original,training/notflip/0058_000000011.jpg,notflip,training,0058,11,1080,1920,3,0.5083490566751392,0.26596687644673284,0.17755571630658437,605.1266658757717,0.06619598765432098,7.034915665161028,316464
original,training/notflip/0058_000000012.jpg,notflip,training,0058,12,1080,1920,3,0.5111654714354877,0.2661523214162607,0.17296628956366497,597.1362602794925,0.0671682098765432,7.045140710253662,318022
original,training/notflip/0058_000000014.jpg,notflip,training,0058,14,1080,1920,3,0.5164322576252723,0.2666251450184398,0.16384911151960785,622.1820973470126,0.06962962962962962,7.030606858076878,324722
original,training/notflip/0058_000000015.jpg,notflip,training,0058,15,1080,1920,3,0.5180440060669329,0.26664206652661354,0.16150020424836603,632.5615091648923,0.07155864197530865,7.025440102310517,325259
original,training/notflip/0058_000000016.jpg,notflip,training,0058,16,1080,1920,3,0.5188946948378116,0.26674411162325734,0.15959400909283467,624.1172906973379,0.07239197530864197,7.019553092328946,325282
original,training/notflip/0058_000000017.jpg,notflip,training,0058,17,1080,1920,3,0.51893647875817,0.2668636473007987,0.15911318196259985,632.0510499807099,0.0723533950617284,7.020885237453078,327067
original,training/notflip/0058_000000019.jpg,notflip,training,0058,19,1080,1920,3,0.5188347233569354,0.26685350502569166,0.15867905584301623,642.0147358024691,0.07300154320987655,7.026461677886408,328685
original,training/notflip/0058_000000022.jpg,notflip,training,0058,22,1080,1920,3,0.5187932874152748,0.2664119303058864,0.15872791469983055,643.7694263867455,0.07277777777777777,7.0390651089261596,330718
original,training/notflip/0058_000000023.jpg,notflip,training,0058,23,1080,1920,3,0.5186404529018398,0.2664578737551486,0.15879906877874608,646.2399349322106,0.07166666666666667,7.040338868146428,331166
original,training/notflip/0058_000000024.jpg,notflip,training,0058,24,1080,1920,3,0.5187879675018156,0.2661768756558601,0.15862885045993705,640.2656042057232,0.07387345679012346,7.041534562219534,329765
original,training/notflip/0058_000000026.jpg,notflip,training,0058,26,1080,1920,3,0.5189231156197047,0.2658058892252726,0.15865549919813604,633.2170600020481,0.073125,7.043452964544121,329596
original,training/notflip/0058_000000027.jpg,notflip,training,0058,27,1080,1920,3,0.519045702463084,0.26514754727469597,0.158421963885863,620.0084945939428,0.07216820987654321,7.047386182109367,326913
original,training/notflip/0058_000000028.jpg,notflip,training,0058,28,1080,1920,3,0.5192282645697167,0.265279934679661,0.1579619700889615,638.8786224734702,0.07083333333333333,7.04771859681591,331296
original,training/notflip/0058_000000029.jpg,notflip,training,0058,29,1080,1920,3,0.5192874152747519,0.2653290157043881,0.1581041061486323,650.0602136907484,0.07282407407407407,7.047478161052297,333296
original,training/notflip/0058_000000030.jpg,notflip,training,0058,30,1080,1920,3,0.5192015401839749,0.26518330645570354,0.15837738667998064,649.8399857081023,0.07310956790123457,7.0472927449978116,333065
