path,extension,size_bytes,is_image_extension
testing/flip/0001_000000020.jpg,.jpg,360695,True
testing/flip/0002_000000012.jpg,.jpg,299655,True
testing/flip/0002_000000013.jpg,.jpg,307808,True
testing/flip/0002_000000015.jpg,.jpg,299937,True
testing/flip/0002_000000017.jpg,.jpg,307731,True
testing/flip/0003_000000005.jpg,.jpg,394555,True
testing/flip/0003_000000008.jpg,.jpg,396788,True
testing/flip/0003_000000022.jpg,.jpg,347271,True
testing/flip/0003_000000025.jpg,.jpg,274031,True
testing/flip/0004_000000006.jpg,.jpg,332756,True
testing/flip/0004_000000013.jpg,.jpg,309282,True
testing/flip/0004_000000014.jpg,.jpg,300529,True
testing/flip/0004_000000027.jpg,.jpg,300314,True
testing/flip/0005_000000003.jpg,.jpg,340970,True
testing/flip/0005_000000008.jpg,.jpg,391868,True
testing/flip/0005_000000018.jpg,.jpg,308646,True
testing/flip/0005_000000023.jpg,.jpg,330245,True
testing/flip/0005_000000028.jpg,.jpg,285560,True
testing/flip/0006_000000001.jpg,.jpg,291943,True
testing/flip/0006_000000006.jpg,.jpg,299163,True
testing/flip/0006_000000008.jpg,.jpg,303318,True
testing/flip/0006_000000012.jpg,.jpg,297542,True
testing/flip/0006_000000021.jpg,.jpg,296033,True
testing/flip/0006_000000022.jpg,.jpg,303494,True
testing/flip/0006_000000024.jpg,.jpg,318268,True
testing/flip/0006_000000025.jpg,.jpg,325771,True
testing/flip/0006_000000030.jpg,.jpg,331852,True
testing/flip/0007_000000008.jpg,.jpg,224327,True
testing/flip/0007_000000018.jpg,.jpg,258520,True
testing/flip/0007_000000024.jpg,.jpg,308434,True
testing/flip/0008_000000005.jpg,.jpg,370051,True
testing/flip/0008_000000007.jpg,.jpg,373446,True
testing/flip/0008_000000023.jpg,.jpg,384376,True
testing/flip/0008_000000026.jpg,.jpg,329842,True
testing/flip/0008_000000029.jpg,.jpg,314723,True
testing/flip/0009_000000007.jpg,.jpg,343905,True
testing/flip/0009_000000016.jpg,.jpg,297366,True
testing/flip/0009_000000019.jpg,.jpg,305602,True
testing/flip/0009_000000020.jpg,.jpg,321938,True
testing/flip/0009_000000023.jpg,.jpg,325291,True
testing/flip/0009_000000025.jpg,.jpg,291198,True
testing/flip/0009_000000026.jpg,.jpg,282037,True
testing/flip/0010_000000004.jpg,.jpg,320635,True
testing/flip/0010_000000008.jpg,.jpg,281506,True
testing/flip/0010_000000009.jpg,.jpg,286436,True
testing/flip/0010_000000012.jpg,.jpg,295819,True
testing/flip/0010_000000013.jpg,.jpg,298636,True
testing/flip/0010_000000021.jpg,.jpg,305868,True
testing/flip/0011_000000006.jpg,.jpg,423169,True
testing/flip/0011_000000014.jpg,.jpg,374146,True
testing/flip/0011_000000023.jpg,.jpg,262844,True
testing/flip/0011_000000026.jpg,.jpg,315652,True
testing/flip/0011_000000027.jpg,.jpg,318809,True
testing/flip/0012_000000007.jpg,.jpg,363090,True
testing/flip/0012_000000008.jpg,.jpg,358495,True
testing/flip/0012_000000016.jpg,.jpg,353889,True
testing/flip/0012_000000022.jpg,.jpg,334438,True
testing/flip/0012_000000025.jpg,.jpg,344453,True
testing/flip/0012_000000029.jpg,.jpg,364135,True
testing/flip/0012_000000030.jpg,.jpg,375278,True
testing/flip/0013_000000008.jpg,.jpg,353641,True
testing/flip/0013_000000011.jpg,.jpg,370570,True
testing/flip/0013_000000013.jpg,.jpg,373662,True
testing/flip/0013_000000015.jpg,.jpg,371445,True
testing/flip/0013_000000022.jpg,.jpg,317182,True
testing/flip/0014_000000003.jpg,.jpg,388290,True
testing/flip/0014_000000004.jpg,.jpg,389498,True
testing/flip/0014_000000006.jpg,.jpg,390291,True
testing/flip/0014_000000009.jpg,.jpg,378304,True
testing/flip/0014_000000010.jpg,.jpg,374134,True
testing/flip/0014_000000012.jpg,.jpg,364506,True
testing/flip/0014_000000013.jpg,.jpg,362832,True
testing/flip/0014_000000014.jpg,.jpg,353336,True
testing/flip/0014_000000016.jpg,.jpg,348270,True
testing/flip/0014_000000019.jpg,.jpg,356777,True
testing/flip/0014_000000020.jpg,.jpg,342647,True
testing/flip/0015_000000011.jpg,.jpg,322209,True
testing/flip/0015_000000019.jpg,.jpg,347264,True
testing/flip/0015_000000021.jpg,.jpg,347482,True
testing/flip/0015_000000023.jpg,.jpg,294838,True
testing/flip/0015_000000029.jpg,.jpg,274995,True
testing/flip/0016_000000004.jpg,.jpg,346910,True
testing/flip/0016_000000006.jpg,.jpg,345792,True
testing/flip/0016_000000008.jpg,.jpg,324434,True
testing/flip/0016_000000013.jpg,.jpg,272056,True
testing/flip/0016_000000026.jpg,.jpg,295369,True
testing/flip/0017_000000015.jpg,.jpg,368764,True
testing/flip/0017_000000017.jpg,.jpg,345162,True
testing/flip/0018_000000003.jpg,.jpg,361824,True
testing/flip/0018_000000004.jpg,.jpg,382520,True
testing/flip/0018_000000012.jpg,.jpg,342757,True
testing/flip/0018_000000019.jpg,.jpg,372095,True
testing/flip/0018_000000020.jpg,.jpg,356400,True
testing/flip/0019_000000014.jpg,.jpg,397370,True
testing/flip/0019_000000025.jpg,.jpg,355971,True
testing/flip/0020_000000010.jpg,.jpg,317242,True
testing/flip/0020_000000012.jpg,.jpg,296504,True
testing/flip/0020_000000015.jpg,.jpg,345509,True
testing/flip/0020_000000019.jpg,.jpg,364176,True
testing/flip/0020_000000020.jpg,.jpg,369548,True
testing/flip/0020_000000023.jpg,.jpg,290434,True
testing/flip/0021_000000011.jpg,.jpg,400631,True
testing/flip/0021_000000014.jpg,.jpg,392182,True
testing/flip/0021_000000015.jpg,.jpg,363764,True
testing/flip/0021_000000027.jpg,.jpg,325315,True
testing/flip/0022_000000010.jpg,.jpg,298448,True
testing/flip/0022_000000020.jpg,.jpg,320603,True
testing/flip/0024_000000017.jpg,.jpg,335577,True
testing/flip/0024_000000019.jpg,.jpg,357505,True
testing/flip/0024_000000021.jpg,.jpg,364455,True
testing/flip/0026_000000010.jpg,.jpg,380840,True
testing/flip/0026_000000016.jpg,.jpg,387661,True
testing/flip/0026_000000018.jpg,.jpg,358150,True
testing/flip/0027_000000016.jpg,.jpg,350785,True
testing/flip/0027_000000018.jpg,.jpg,343499,True
testing/flip/0027_000000019.jpg,.jpg,318197,True
testing/flip/0028_000000015.jpg,.jpg,348082,True
testing/flip/0028_000000019.jpg,.jpg,360168,True
testing/flip/0028_000000024.jpg,.jpg,303772,True
testing/flip/0029_000000021.jpg,.jpg,344207,True
testing/flip/0029_000000024.jpg,.jpg,373918,True
testing/flip/0029_000000025.jpg,.jpg,362539,True
testing/flip/0029_000000027.jpg,.jpg,304285,True
testing/flip/0030_000000003.jpg,.jpg,349007,True
testing/flip/0030_000000006.jpg,.jpg,350265,True
testing/flip/0030_000000009.jpg,.jpg,332483,True
testing/flip/0030_000000012.jpg,.jpg,330822,True
testing/flip/0030_000000019.jpg,.jpg,311805,True
testing/flip/0030_000000027.jpg,.jpg,333203,True
testing/flip/0030_000000031.jpg,.jpg,304349,True
testing/flip/0030_000000038.jpg,.jpg,324725,True
testing/flip/0031_000000018.jpg,.jpg,362585,True
testing/flip/0031_000000020.jpg,.jpg,342261,True
testing/flip/0031_000000028.jpg,.jpg,297907,True
testing/flip/0032_000000010.jpg,.jpg,347376,True
testing/flip/0033_000000016.jpg,.jpg,347847,True
testing/flip/0033_000000021.jpg,.jpg,364569,True
testing/flip/0034_000000015.jpg,.jpg,231599,True
testing/flip/0034_000000016.jpg,.jpg,217094,True
testing/flip/0034_000000019.jpg,.jpg,208952,True
testing/flip/0034_000000020.jpg,.jpg,194568,True
testing/flip/0034_000000022.jpg,.jpg,186628,True
testing/flip/0035_000000007.jpg,.jpg,382785,True
testing/flip/0035_000000010.jpg,.jpg,415801,True
testing/flip/0035_000000016.jpg,.jpg,429003,True
testing/flip/0036_000000007.jpg,.jpg,459924,True
testing/flip/0036_000000008.jpg,.jpg,452627,True
testing/flip/0036_000000009.jpg,.jpg,452573,True
testing/flip/0036_000000011.jpg,.jpg,440861,True
testing/flip/0036_000000014.jpg,.jpg,383860,True
testing/flip/0036_000000015.jpg,.jpg,381871,True
testing/flip/0036_000000024.jpg,.jpg,387065,True
testing/flip/0037_000000006.jpg,.jpg,343174,True
testing/flip/0037_000000008.jpg,.jpg,299076,True
testing/flip/0037_000000011.jpg,.jpg,330115,True
testing/flip/0037_000000013.jpg,.jpg,339907,True
testing/flip/0037_000000016.jpg,.jpg,349989,True
testing/flip/0037_000000017.jpg,.jpg,344549,True
testing/flip/0037_000000020.jpg,.jpg,331230,True
testing/flip/0037_000000024.jpg,.jpg,355087,True
testing/flip/0038_000000007.jpg,.jpg,398112,True
testing/flip/0038_000000010.jpg,.jpg,407652,True
testing/flip/0038_000000013.jpg,.jpg,423227,True
testing/flip/0038_000000015.jpg,.jpg,417292,True
testing/flip/0038_000000016.jpg,.jpg,414635,True
testing/flip/0038_000000020.jpg,.jpg,404424,True
testing/flip/0038_000000026.jpg,.jpg,421331,True
testing/flip/0038_000000032.jpg,.jpg,411837,True
testing/flip/0038_000000043.jpg,.jpg,283015,True
testing/flip/0038_000000044.jpg,.jpg,283899,True
testing/flip/0038_000000047.jpg,.jpg,279796,True
testing/flip/0038_000000048.jpg,.jpg,272532,True
testing/flip/0039_000000009.jpg,.jpg,371343,True
testing/flip/0040_000000007.jpg,.jpg,283345,True
testing/flip/0040_000000024.jpg,.jpg,299020,True
testing/flip/0040_000000025.jpg,.jpg,292800,True
testing/flip/0040_000000028.jpg,.jpg,301735,True
testing/flip/0041_000000010.jpg,.jpg,151909,True
testing/flip/0041_000000015.jpg,.jpg,159988,True
testing/flip/0041_000000018.jpg,.jpg,167528,True
testing/flip/0041_000000019.jpg,.jpg,171744,True
testing/flip/0041_000000021.jpg,.jpg,180363,True
testing/flip/0041_000000022.jpg,.jpg,183829,True
testing/flip/0041_000000027.jpg,.jpg,193569,True
testing/flip/0042_000000002.jpg,.jpg,167746,True
testing/flip/0042_000000004.jpg,.jpg,168514,True
testing/flip/0042_000000006.jpg,.jpg,168853,True
testing/flip/0042_000000011.jpg,.jpg,172478,True
testing/flip/0042_000000012.jpg,.jpg,171098,True
testing/flip/0042_000000027.jpg,.jpg,221130,True
testing/flip/0043_000000015.jpg,.jpg,217505,True
testing/flip/0043_000000023.jpg,.jpg,278727,True
testing/flip/0044_000000003.jpg,.jpg,187598,True
testing/flip/0044_000000007.jpg,.jpg,189758,True
testing/flip/0044_000000015.jpg,.jpg,193065,True
testing/flip/0044_000000024.jpg,.jpg,196762,True
testing/flip/0044_000000025.jpg,.jpg,195815,True
testing/flip/0045_000000027.jpg,.jpg,261807,True
testing/flip/0046_000000006.jpg,.jpg,287753,True
testing/flip/0046_000000010.jpg,.jpg,252185,True
testing/flip/0046_000000012.jpg,.jpg,247451,True
testing/flip/0046_000000013.jpg,.jpg,261063,True
testing/flip/0046_000000016.jpg,.jpg,282241,True
testing/flip/0046_000000018.jpg,.jpg,274584,True
testing/flip/0046_000000019.jpg,.jpg,279133,True
testing/flip/0046_000000023.jpg,.jpg,295831,True
testing/flip/0046_000000025.jpg,.jpg,335239,True
testing/flip/0047_000000010.jpg,.jpg,366453,True
testing/flip/0047_000000015.jpg,.jpg,342427,True
testing/flip/0047_000000021.jpg,.jpg,326893,True
testing/flip/0047_000000026.jpg,.jpg,298807,True
testing/flip/0048_000000010.jpg,.jpg,360211,True
testing/flip/0048_000000011.jpg,.jpg,364029,True
testing/flip/0049_000000017.jpg,.jpg,281829,True
testing/flip/0049_000000019.jpg,.jpg,285529,True
testing/flip/0049_000000023.jpg,.jpg,293559,True
testing/flip/0049_000000025.jpg,.jpg,306315,True
testing/flip/0049_000000027.jpg,.jpg,303015,True
testing/flip/0050_000000023.jpg,.jpg,269778,True
testing/flip/0050_000000024.jpg,.jpg,288748,True
testing/flip/0051_000000021.jpg,.jpg,247895,True
testing/flip/0051_000000022.jpg,.jpg,253640,True
testing/flip/0052_000000017.jpg,.jpg,310872,True
testing/flip/0052_000000018.jpg,.jpg,319845,True
testing/flip/0052_000000021.jpg,.jpg,341446,True
testing/flip/0053_000000008.jpg,.jpg,358055,True
testing/flip/0053_000000012.jpg,.jpg,349077,True
testing/flip/0053_000000015.jpg,.jpg,332106,True
testing/flip/0053_000000018.jpg,.jpg,307656,True
testing/flip/0054_000000010.jpg,.jpg,338709,True
testing/flip/0054_000000011.jpg,.jpg,338918,True
testing/flip/0054_000000015.jpg,.jpg,315858,True
testing/flip/0054_000000019.jpg,.jpg,320286,True
testing/flip/0054_000000024.jpg,.jpg,343860,True
testing/flip/0054_000000027.jpg,.jpg,304240,True
testing/flip/0055_000000015.jpg,.jpg,267467,True
testing/flip/0055_000000024.jpg,.jpg,263498,True
testing/flip/0055_000000027.jpg,.jpg,255825,True
testing/flip/0055_000000028.jpg,.jpg,249086,True
testing/flip/0056_000000016.jpg,.jpg,284203,True
testing/flip/0056_000000030.jpg,.jpg,292179,True
testing/flip/0057_000000019.jpg,.jpg,277979,True
testing/flip/0057_000000030.jpg,.jpg,271223,True
testing/flip/0058_000000003.jpg,.jpg,308465,True
testing/flip/0058_000000004.jpg,.jpg,323060,True
testing/flip/0058_000000006.jpg,.jpg,338354,True
testing/flip/0058_000000019.jpg,.jpg,296223,True
testing/flip/0058_000000021.jpg,.jpg,293392,True
testing/flip/0058_000000027.jpg,.jpg,269892,True
testing/flip/0059_000000015.jpg,.jpg,292554,True
testing/flip/0059_000000016.jpg,.jpg,296564,True
testing/flip/0059_000000017.jpg,.jpg,299593,True
testing/flip/0059_000000020.jpg,.jpg,309609,True
testing/flip/0059_000000028.jpg,.jpg,301941,True
testing/flip/0060_000000004.jpg,.jpg,333915,True
testing/flip/0060_000000006.jpg,.jpg,327110,True
testing/flip/0060_000000008.jpg,.jpg,327895,True
testing/flip/0060_000000013.jpg,.jpg,314370,True
testing/flip/0060_000000032.jpg,.jpg,289366,True
testing/flip/0060_000000037.jpg,.jpg,294995,True
testing/flip/0060_000000038.jpg,.jpg,303170,True
testing/flip/0060_000000043.jpg,.jpg,308903,True
testing/flip/0060_000000044.jpg,.jpg,310461,True
testing/flip/0060_000000052.jpg,.jpg,272296,True
testing/flip/0060_000000053.jpg,.jpg,253956,True
testing/flip/0060_000000055.jpg,.jpg,251567,True
testing/flip/0061_000000010.jpg,.jpg,244264,True
testing/flip/0061_000000011.jpg,.jpg,234009,True
testing/flip/0061_000000018.jpg,.jpg,249041,True
testing/flip/0061_000000026.jpg,.jpg,296093,True
testing/flip/0061_000000027.jpg,.jpg,287707,True
testing/flip/0061_000000029.jpg,.jpg,284432,True
testing/flip/0062_000000003.jpg,.jpg,264637,True
testing/flip/0062_000000006.jpg,.jpg,262613,True
testing/flip/0062_000000009.jpg,.jpg,264715,True
testing/flip/0062_000000011.jpg,.jpg,261133,True
testing/flip/0062_000000012.jpg,.jpg,262339,True
testing/flip/0062_000000013.jpg,.jpg,263199,True
testing/flip/0062_000000018.jpg,.jpg,268945,True
testing/flip/0062_000000020.jpg,.jpg,265450,True
testing/flip/0063_000000011.jpg,.jpg,295577,True
testing/flip/0063_000000014.jpg,.jpg,280505,True
testing/flip/0063_000000023.jpg,.jpg,294382,True
testing/flip/0064_000000027.jpg,.jpg,308735,True
testing/flip/0065_000000001.jpg,.jpg,312806,True
testing/flip/0065_000000005.jpg,.jpg,318792,True
testing/flip/0065_000000016.jpg,.jpg,301472,True
testing/flip/0065_000000023.jpg,.jpg,284840,True
testing/flip/0065_000000025.jpg,.jpg,274248,True
testing/flip/0065_000000026.jpg,.jpg,271584,True
testing/notflip/0001_000000002.jpg,.jpg,357497,True
testing/notflip/0001_000000004.jpg,.jpg,357398,True
testing/notflip/0001_000000009.jpg,.jpg,374314,True
testing/notflip/0001_000000014.jpg,.jpg,383378,True
testing/notflip/0001_000000024.jpg,.jpg,385515,True
testing/notflip/0002_000000003.jpg,.jpg,335533,True
testing/notflip/0002_000000006.jpg,.jpg,320528,True
testing/notflip/0002_000000008.jpg,.jpg,299140,True
testing/notflip/0002_000000012.jpg,.jpg,335377,True
testing/notflip/0002_000000015.jpg,.jpg,347215,True
testing/notflip/0002_000000026.jpg,.jpg,351886,True
testing/notflip/0002_000000027.jpg,.jpg,354031,True
testing/notflip/0002_000000028.jpg,.jpg,353519,True
testing/notflip/0003_000000004.jpg,.jpg,366683,True
testing/notflip/0003_000000018.jpg,.jpg,367192,True
testing/notflip/0003_000000025.jpg,.jpg,355851,True
testing/notflip/0003_000000030.jpg,.jpg,324491,True
testing/notflip/0004_000000002.jpg,.jpg,413995,True
testing/notflip/0004_000000004.jpg,.jpg,414373,True
testing/notflip/0004_000000010.jpg,.jpg,394309,True
testing/notflip/0004_000000012.jpg,.jpg,379989,True
testing/notflip/0004_000000015.jpg,.jpg,375478,True
testing/notflip/0004_000000016.jpg,.jpg,379327,True
testing/notflip/0004_000000020.jpg,.jpg,397665,True
testing/notflip/0004_000000023.jpg,.jpg,406099,True
testing/notflip/0004_000000029.jpg,.jpg,404794,True
testing/notflip/0005_000000005.jpg,.jpg,332361,True
testing/notflip/0005_000000009.jpg,.jpg,338157,True
testing/notflip/0005_000000012.jpg,.jpg,346534,True
testing/notflip/0005_000000018.jpg,.jpg,372752,True
testing/notflip/0005_000000022.jpg,.jpg,303732,True
testing/notflip/0006_000000009.jpg,.jpg,396169,True
testing/notflip/0006_000000015.jpg,.jpg,397194,True
testing/notflip/0006_000000016.jpg,.jpg,397395,True
testing/notflip/0006_000000019.jpg,.jpg,378293,True
testing/notflip/0006_000000021.jpg,.jpg,377855,True
testing/notflip/0006_000000023.jpg,.jpg,376523,True
testing/notflip/0006_000000025.jpg,.jpg,383186,True
testing/notflip/0006_000000027.jpg,.jpg,382440,True
testing/notflip/0006_000000028.jpg,.jpg,380663,True
testing/notflip/0006_000000029.jpg,.jpg,381012,True
testing/notflip/0007_000000010.jpg,.jpg,234012,True
testing/notflip/0007_000000025.jpg,.jpg,304169,True
testing/notflip/0008_000000008.jpg,.jpg,270239,True
testing/notflip/0008_000000009.jpg,.jpg,265673,True
testing/notflip/0008_000000012.jpg,.jpg,252498,True
testing/notflip/0008_000000013.jpg,.jpg,246595,True
testing/notflip/0008_000000020.jpg,.jpg,225853,True
testing/notflip/0008_000000023.jpg,.jpg,233879,True
testing/notflip/0009_000000002.jpg,.jpg,246720,True
testing/notflip/0009_000000003.jpg,.jpg,245949,True
testing/notflip/0009_000000004.jpg,.jpg,244935,True
testing/notflip/0009_000000005.jpg,.jpg,243641,True
testing/notflip/0009_000000012.jpg,.jpg,233751,True
testing/notflip/0009_000000015.jpg,.jpg,238383,True
testing/notflip/0009_000000017.jpg,.jpg,240732,True
testing/notflip/0009_000000027.jpg,.jpg,310761,True
testing/notflip/0010_000000007.jpg,.jpg,294072,True
testing/notflip/0010_000000009.jpg,.jpg,286182,True
testing/notflip/0010_000000026.jpg,.jpg,284660,True
testing/notflip/0011_000000017.jpg,.jpg,332057,True
testing/notflip/0011_000000018.jpg,.jpg,329927,True
testing/notflip/0011_000000027.jpg,.jpg,348758,True
testing/notflip/0015_000000002.jpg,.jpg,333406,True
testing/notflip/0015_000000003.jpg,.jpg,320235,True
testing/notflip/0015_000000004.jpg,.jpg,317903,True
testing/notflip/0015_000000005.jpg,.jpg,308634,True
testing/notflip/0015_000000018.jpg,.jpg,297679,True
testing/notflip/0015_000000021.jpg,.jpg,324570,True
testing/notflip/0016_000000001.jpg,.jpg,367326,True
testing/notflip/0016_000000014.jpg,.jpg,409312,True
testing/notflip/0016_000000020.jpg,.jpg,430350,True
testing/notflip/0016_000000023.jpg,.jpg,431399,True
testing/notflip/0016_000000025.jpg,.jpg,429768,True
testing/notflip/0019_000000002.jpg,.jpg,425725,True
testing/notflip/0019_000000004.jpg,.jpg,431948,True
testing/notflip/0019_000000012.jpg,.jpg,440656,True
testing/notflip/0019_000000015.jpg,.jpg,448282,True
testing/notflip/0019_000000024.jpg,.jpg,449466,True
testing/notflip/0019_000000025.jpg,.jpg,452330,True
testing/notflip/0019_000000027.jpg,.jpg,455941,True
testing/notflip/0020_000000004.jpg,.jpg,387801,True
testing/notflip/0020_000000010.jpg,.jpg,400582,True
testing/notflip/0020_000000016.jpg,.jpg,401605,True
testing/notflip/0020_000000019.jpg,.jpg,400350,True
testing/notflip/0021_000000024.jpg,.jpg,258115,True
testing/notflip/0021_000000026.jpg,.jpg,241977,True
testing/notflip/0023_000000014.jpg,.jpg,333495,True
testing/notflip/0023_000000020.jpg,.jpg,413478,True
testing/notflip/0023_000000024.jpg,.jpg,389663,True
testing/notflip/0023_000000029.jpg,.jpg,336161,True
testing/notflip/0023_000000030.jpg,.jpg,367295,True
testing/notflip/0024_000000002.jpg,.jpg,393450,True
testing/notflip/0024_000000004.jpg,.jpg,399344,True
testing/notflip/0024_000000006.jpg,.jpg,401796,True
testing/notflip/0024_000000007.jpg,.jpg,402228,True
testing/notflip/0024_000000019.jpg,.jpg,408082,True
testing/notflip/0024_000000020.jpg,.jpg,407557,True
testing/notflip/0024_000000022.jpg,.jpg,402569,True
testing/notflip/0024_000000024.jpg,.jpg,396648,True
testing/notflip/0024_000000025.jpg,.jpg,397479,True
testing/notflip/0025_000000010.jpg,.jpg,292741,True
testing/notflip/0025_000000011.jpg,.jpg,271704,True
testing/notflip/0025_000000013.jpg,.jpg,272359,True
testing/notflip/0025_000000018.jpg,.jpg,375733,True
testing/notflip/0025_000000021.jpg,.jpg,401231,True
testing/notflip/0025_000000022.jpg,.jpg,401694,True
testing/notflip/0025_000000025.jpg,.jpg,405290,True
testing/notflip/0026_000000004.jpg,.jpg,303057,True
testing/notflip/0026_000000005.jpg,.jpg,286810,True
testing/notflip/0026_000000010.jpg,.jpg,271237,True
testing/notflip/0026_000000014.jpg,.jpg,332107,True
testing/notflip/0026_000000024.jpg,.jpg,334825,True
testing/notflip/0026_000000029.jpg,.jpg,340157,True
testing/notflip/0027_000000001.jpg,.jpg,143466,True
testing/notflip/0027_000000004.jpg,.jpg,155542,True
testing/notflip/0027_000000010.jpg,.jpg,172075,True
testing/notflip/0027_000000013.jpg,.jpg,174284,True
testing/notflip/0027_000000017.jpg,.jpg,176940,True
testing/notflip/0027_000000022.jpg,.jpg,177701,True
testing/notflip/0027_000000023.jpg,.jpg,181859,True
testing/notflip/0028_000000004.jpg,.jpg,437572,True
testing/notflip/0028_000000024.jpg,.jpg,468491,True
testing/notflip/0029_000000001.jpg,.jpg,368886,True
testing/notflip/0029_000000003.jpg,.jpg,373179,True
testing/notflip/0029_000000004.jpg,.jpg,364371,True
testing/notflip/0029_000000005.jpg,.jpg,362109,True
testing/notflip/0029_000000013.jpg,.jpg,365295,True
testing/notflip/0029_000000017.jpg,.jpg,270212,True
testing/notflip/0029_000000018.jpg,.jpg,276996,True
testing/notflip/0029_000000019.jpg,.jpg,278763,True
testing/notflip/0029_000000025.jpg,.jpg,326796,True
testing/notflip/0030_000000001.jpg,.jpg,369411,True
testing/notflip/0030_000000004.jpg,.jpg,353133,True
testing/notflip/0030_000000007.jpg,.jpg,286563,True
testing/notflip/0030_000000018.jpg,.jpg,430483,True
testing/notflip/0030_000000022.jpg,.jpg,433121,True
testing/notflip/0030_000000023.jpg,.jpg,433629,True
testing/notflip/0030_000000024.jpg,.jpg,434321,True
testing/notflip/0030_000000028.jpg,.jpg,434711,True
testing/notflip/0031_000000004.jpg,.jpg,307734,True
testing/notflip/0031_000000008.jpg,.jpg,335156,True
testing/notflip/0031_000000010.jpg,.jpg,341786,True
testing/notflip/0031_000000015.jpg,.jpg,348859,True
testing/notflip/0031_000000016.jpg,.jpg,351259,True
testing/notflip/0031_000000017.jpg,.jpg,353647,True
testing/notflip/0031_000000019.jpg,.jpg,355705,True
testing/notflip/0031_000000020.jpg,.jpg,354155,True
testing/notflip/0032_000000003.jpg,.jpg,305647,True
testing/notflip/0032_000000007.jpg,.jpg,302764,True
testing/notflip/0032_000000008.jpg,.jpg,293503,True
testing/notflip/0032_000000010.jpg,.jpg,290779,True
testing/notflip/0032_000000015.jpg,.jpg,259668,True
testing/notflip/0032_000000029.jpg,.jpg,316853,True
testing/notflip/0033_000000002.jpg,.jpg,163523,True
testing/notflip/0033_000000005.jpg,.jpg,155238,True
testing/notflip/0033_000000006.jpg,.jpg,153186,True
testing/notflip/0033_000000008.jpg,.jpg,148832,True
testing/notflip/0033_000000015.jpg,.jpg,163018,True
testing/notflip/0033_000000019.jpg,.jpg,169302,True
testing/notflip/0033_000000025.jpg,.jpg,173981,True
testing/notflip/0033_000000027.jpg,.jpg,175643,True
testing/notflip/0034_000000008.jpg,.jpg,216185,True
testing/notflip/0034_000000017.jpg,.jpg,215621,True
testing/notflip/0034_000000025.jpg,.jpg,189644,True
testing/notflip/0034_000000030.jpg,.jpg,183505,True
testing/notflip/0035_000000009.jpg,.jpg,199806,True
testing/notflip/0035_000000011.jpg,.jpg,200499,True
testing/notflip/0035_000000015.jpg,.jpg,230391,True
testing/notflip/0035_000000016.jpg,.jpg,234446,True
testing/notflip/0035_000000026.jpg,.jpg,198828,True
testing/notflip/0036_000000001.jpg,.jpg,195106,True
testing/notflip/0036_000000004.jpg,.jpg,201898,True
testing/notflip/0036_000000005.jpg,.jpg,202771,True
testing/notflip/0036_000000014.jpg,.jpg,225977,True
testing/notflip/0036_000000020.jpg,.jpg,209760,True
testing/notflip/0036_000000025.jpg,.jpg,213530,True
testing/notflip/0036_000000028.jpg,.jpg,231935,True
testing/notflip/0036_000000030.jpg,.jpg,233425,True
testing/notflip/0037_000000002.jpg,.jpg,181063,True
testing/notflip/0037_000000004.jpg,.jpg,173116,True
testing/notflip/0037_000000007.jpg,.jpg,184036,True
testing/notflip/0037_000000008.jpg,.jpg,183223,True
testing/notflip/0037_000000010.jpg,.jpg,184293,True
testing/notflip/0037_000000014.jpg,.jpg,186064,True
testing/notflip/0037_000000015.jpg,.jpg,189101,True
testing/notflip/0037_000000018.jpg,.jpg,194028,True
testing/notflip/0037_000000019.jpg,.jpg,198227,True
testing/notflip/0037_000000025.jpg,.jpg,232400,True
testing/notflip/0037_000000028.jpg,.jpg,278285,True
testing/notflip/0038_000000005.jpg,.jpg,335518,True
testing/notflip/0038_000000008.jpg,.jpg,325594,True
testing/notflip/0038_000000009.jpg,.jpg,314470,True
testing/notflip/0038_000000010.jpg,.jpg,308540,True
testing/notflip/0038_000000011.jpg,.jpg,305693,True
testing/notflip/0038_000000020.jpg,.jpg,265411,True
testing/notflip/0038_000000022.jpg,.jpg,310799,True
testing/notflip/0038_000000023.jpg,.jpg,316910,True
testing/notflip/0039_000000003.jpg,.jpg,327747,True
testing/notflip/0039_000000022.jpg,.jpg,329773,True
testing/notflip/0039_000000026.jpg,.jpg,366986,True
testing/notflip/0040_000000004.jpg,.jpg,399170,True
testing/notflip/0040_000000005.jpg,.jpg,385054,True
testing/notflip/0040_000000006.jpg,.jpg,392326,True
testing/notflip/0040_000000007.jpg,.jpg,396083,True
testing/notflip/0040_000000011.jpg,.jpg,406142,True
testing/notflip/0040_000000012.jpg,.jpg,408807,True
testing/notflip/0040_000000014.jpg,.jpg,415426,True
testing/notflip/0040_000000016.jpg,.jpg,420327,True
testing/notflip/0040_000000017.jpg,.jpg,423745,True
testing/notflip/0040_000000018.jpg,.jpg,429625,True
testing/notflip/0041_000000001.jpg,.jpg,267464,True
testing/notflip/0041_000000003.jpg,.jpg,267487,True
testing/notflip/0041_000000006.jpg,.jpg,281659,True
testing/notflip/0041_000000011.jpg,.jpg,291135,True
testing/notflip/0041_000000014.jpg,.jpg,305702,True
testing/notflip/0041_000000015.jpg,.jpg,308409,True
testing/notflip/0041_000000021.jpg,.jpg,318662,True
testing/notflip/0041_000000022.jpg,.jpg,321193,True
testing/notflip/0041_000000028.jpg,.jpg,322823,True
testing/notflip/0041_000000034.jpg,.jpg,317763,True
testing/notflip/0041_000000036.jpg,.jpg,319577,True
testing/notflip/0042_000000001.jpg,.jpg,239895,True
testing/notflip/0042_000000006.jpg,.jpg,254447,True
testing/notflip/0042_000000007.jpg,.jpg,259330,True
testing/notflip/0042_000000013.jpg,.jpg,250499,True
testing/notflip/0042_000000021.jpg,.jpg,274958,True
testing/notflip/0042_000000024.jpg,.jpg,254174,True
testing/notflip/0042_000000027.jpg,.jpg,265153,True
testing/notflip/0042_000000030.jpg,.jpg,272988,True
testing/notflip/0043_000000023.jpg,.jpg,320877,True
testing/notflip/0043_000000024.jpg,.jpg,315017,True
testing/notflip/0043_000000026.jpg,.jpg,323099,True
testing/notflip/0044_000000006.jpg,.jpg,331780,True
testing/notflip/0044_000000014.jpg,.jpg,327490,True
testing/notflip/0044_000000027.jpg,.jpg,341544,True
testing/notflip/0045_000000005.jpg,.jpg,337092,True
testing/notflip/0045_000000012.jpg,.jpg,352018,True
testing/notflip/0045_000000013.jpg,.jpg,364666,True
testing/notflip/0045_000000016.jpg,.jpg,366885,True
testing/notflip/0045_000000018.jpg,.jpg,373029,True
testing/notflip/0045_000000022.jpg,.jpg,375246,True
testing/notflip/0045_000000026.jpg,.jpg,375902,True
testing/notflip/0045_000000028.jpg,.jpg,360928,True
testing/notflip/0045_000000030.jpg,.jpg,368419,True
testing/notflip/0046_000000003.jpg,.jpg,304032,True
testing/notflip/0046_000000011.jpg,.jpg,317390,True
testing/notflip/0046_000000012.jpg,.jpg,319435,True
testing/notflip/0046_000000027.jpg,.jpg,332806,True
testing/notflip/0046_000000028.jpg,.jpg,348873,True
testing/notflip/0047_000000006.jpg,.jpg,302488,True
testing/notflip/0047_000000009.jpg,.jpg,292473,True
testing/notflip/0047_000000024.jpg,.jpg,316342,True
testing/notflip/0047_000000025.jpg,.jpg,316372,True
testing/notflip/0047_000000029.jpg,.jpg,321205,True
testing/notflip/0048_000000015.jpg,.jpg,305483,True
testing/notflip/0048_000000025.jpg,.jpg,315422,True
testing/notflip/0048_000000026.jpg,.jpg,313233,True
testing/notflip/0048_000000030.jpg,.jpg,311662,True
testing/notflip/0049_000000006.jpg,.jpg,305717,True
testing/notflip/0049_000000011.jpg,.jpg,312574,True
testing/notflip/0049_000000012.jpg,.jpg,311475,True
testing/notflip/0049_000000018.jpg,.jpg,318756,True
testing/notflip/0049_000000022.jpg,.jpg,312177,True
testing/notflip/0049_000000026.jpg,.jpg,315198,True
testing/notflip/0049_000000028.jpg,.jpg,315413,True
testing/notflip/0050_000000011.jpg,.jpg,325062,True
testing/notflip/0050_000000013.jpg,.jpg,325821,True
testing/notflip/0051_000000002.jpg,.jpg,337759,True
testing/notflip/0051_000000012.jpg,.jpg,341574,True
testing/notflip/0051_000000025.jpg,.jpg,338583,True
testing/notflip/0052_000000006.jpg,.jpg,311774,True
testing/notflip/0052_000000014.jpg,.jpg,298199,True
testing/notflip/0052_000000022.jpg,.jpg,278805,True
testing/notflip/0052_000000029.jpg,.jpg,317816,True
testing/notflip/0053_000000001.jpg,.jpg,330774,True
testing/notflip/0053_000000008.jpg,.jpg,328518,True
testing/notflip/0053_000000011.jpg,.jpg,339018,True
testing/notflip/0053_000000016.jpg,.jpg,355846,True
testing/notflip/0053_000000017.jpg,.jpg,354055,True
testing/notflip/0053_000000025.jpg,.jpg,345328,True
testing/notflip/0054_000000010.jpg,.jpg,298303,True
testing/notflip/0054_000000020.jpg,.jpg,323748,True
testing/notflip/0054_000000023.jpg,.jpg,317297,True
testing/notflip/0054_000000027.jpg,.jpg,320668,True
testing/notflip/0055_000000012.jpg,.jpg,274088,True
testing/notflip/0055_000000013.jpg,.jpg,273878,True
testing/notflip/0055_000000016.jpg,.jpg,276778,True
testing/notflip/0056_000000004.jpg,.jpg,301260,True
testing/notflip/0056_000000007.jpg,.jpg,324977,True
testing/notflip/0056_000000011.jpg,.jpg,320608,True
testing/notflip/0056_000000013.jpg,.jpg,298763,True
testing/notflip/0056_000000022.jpg,.jpg,348542,True
testing/notflip/0056_000000024.jpg,.jpg,349029,True
testing/notflip/0056_000000027.jpg,.jpg,339334,True
testing/notflip/0057_000000003.jpg,.jpg,270307,True
testing/notflip/0057_000000007.jpg,.jpg,277620,True
testing/notflip/0057_000000012.jpg,.jpg,327925,True
testing/notflip/0057_000000023.jpg,.jpg,312181,True
testing/notflip/0057_000000027.jpg,.jpg,350941,True
testing/notflip/0058_000000002.jpg,.jpg,315335,True
testing/notflip/0058_000000004.jpg,.jpg,320621,True
testing/notflip/0058_000000013.jpg,.jpg,322739,True
testing/notflip/0058_000000018.jpg,.jpg,328212,True
testing/notflip/0058_000000020.jpg,.jpg,327778,True
testing/notflip/0058_000000021.jpg,.jpg,327243,True
testing/notflip/0058_000000025.jpg,.jpg,330711,True
training/flip/0001_000000010.jpg,.jpg,329826,True
training/flip/0001_000000011.jpg,.jpg,329911,True
training/flip/0001_000000012.jpg,.jpg,333787,True
training/flip/0001_000000013.jpg,.jpg,339713,True
training/flip/0001_000000014.jpg,.jpg,336382,True
training/flip/0001_000000015.jpg,.jpg,333163,True
training/flip/0001_000000016.jpg,.jpg,337582,True
training/flip/0001_000000017.jpg,.jpg,339043,True
training/flip/0001_000000018.jpg,.jpg,344347,True
training/flip/0001_000000019.jpg,.jpg,351265,True
training/flip/0001_000000021.jpg,.jpg,370947,True
training/flip/0001_000000022.jpg,.jpg,361412,True
training/flip/0001_000000023.jpg,.jpg,341888,True
training/flip/0001_000000024.jpg,.jpg,322961,True
training/flip/0001_000000025.jpg,.jpg,317487,True
training/flip/0002_000000009.jpg,.jpg,316005,True
training/flip/0002_000000010.jpg,.jpg,302359,True
training/flip/0002_000000011.jpg,.jpg,296282,True
training/flip/0002_000000014.jpg,.jpg,297737,True
training/flip/0002_000000016.jpg,.jpg,304642,True
training/flip/0002_000000018.jpg,.jpg,290275,True
training/flip/0002_000000019.jpg,.jpg,264367,True
training/flip/0002_000000020.jpg,.jpg,261218,True
training/flip/0002_000000021.jpg,.jpg,286380,True
training/flip/0003_000000001.jpg,.jpg,385336,True
training/flip/0003_000000002.jpg,.jpg,390851,True
training/flip/0003_000000003.jpg,.jpg,391125,True
training/flip/0003_000000004.jpg,.jpg,396801,True
training/flip/0003_000000006.jpg,.jpg,394758,True
training/flip/0003_000000007.jpg,.jpg,396564,True
training/flip/0003_000000009.jpg,.jpg,394174,True
training/flip/0003_000000010.jpg,.jpg,390506,True
training/flip/0003_000000011.jpg,.jpg,392926,True
training/flip/0003_000000012.jpg,.jpg,391412,True
training/flip/0003_000000013.jpg,.jpg,383427,True
training/flip/0003_000000014.jpg,.jpg,378212,True
training/flip/0003_000000015.jpg,.jpg,373504,True
training/flip/0003_000000016.jpg,.jpg,361988,True
training/flip/0003_000000017.jpg,.jpg,345530,True
training/flip/0003_000000018.jpg,.jpg,348661,True
training/flip/0003_000000019.jpg,.jpg,362726,True
training/flip/0003_000000020.jpg,.jpg,364015,True
training/flip/0003_000000021.jpg,.jpg,365414,True
training/flip/0003_000000023.jpg,.jpg,323529,True
training/flip/0003_000000024.jpg,.jpg,297015,True
training/flip/0003_000000026.jpg,.jpg,263127,True
training/flip/0004_000000005.jpg,.jpg,338477,True
training/flip/0004_000000007.jpg,.jpg,327461,True
training/flip/0004_000000008.jpg,.jpg,322097,True
training/flip/0004_000000009.jpg,.jpg,326104,True
training/flip/0004_000000010.jpg,.jpg,326678,True
training/flip/0004_000000011.jpg,.jpg,329141,True
training/flip/0004_000000012.jpg,.jpg,313060,True
training/flip/0004_000000015.jpg,.jpg,302189,True
training/flip/0004_000000016.jpg,.jpg,294888,True
training/flip/0004_000000017.jpg,.jpg,298856,True
training/flip/0004_000000018.jpg,.jpg,308235,True
training/flip/0004_000000019.jpg,.jpg,312927,True
training/flip/0004_000000020.jpg,.jpg,321792,True
training/flip/0004_000000021.jpg,.jpg,323582,True
training/flip/0004_000000022.jpg,.jpg,329905,True
training/flip/0004_000000023.jpg,.jpg,338114,True
training/flip/0004_000000024.jpg,.jpg,349348,True
training/flip/0004_000000025.jpg,.jpg,345316,True
training/flip/0004_000000026.jpg,.jpg,321880,True
training/flip/0004_000000028.jpg,.jpg,289648,True
training/flip/0005_000000001.jpg,.jpg,315704,True
training/flip/0005_000000002.jpg,.jpg,320666,True
training/flip/0005_000000004.jpg,.jpg,367490,True
training/flip/0005_000000005.jpg,.jpg,380588,True
training/flip/0005_000000006.jpg,.jpg,395809,True
training/flip/0005_000000007.jpg,.jpg,392702,True
training/flip/0005_000000009.jpg,.jpg,397908,True
training/flip/0005_000000010.jpg,.jpg,392126,True
training/flip/0005_000000011.jpg,.jpg,384931,True
training/flip/0005_000000012.jpg,.jpg,361579,True
training/flip/0005_000000013.jpg,.jpg,345754,True
training/flip/0005_000000014.jpg,.jpg,349937,True
training/flip/0005_000000015.jpg,.jpg,370456,True
training/flip/0005_000000016.jpg,.jpg,373302,True
training/flip/0005_000000017.jpg,.jpg,342335,True
training/flip/0005_000000019.jpg,.jpg,324505,True
training/flip/0005_000000020.jpg,.jpg,339798,True
training/flip/0005_000000021.jpg,.jpg,335858,True
training/flip/0005_000000022.jpg,.jpg,334052,True
training/flip/0005_000000024.jpg,.jpg,331306,True
training/flip/0005_000000025.jpg,.jpg,334066,True
training/flip/0005_000000026.jpg,.jpg,330151,True
training/flip/0005_000000027.jpg,.jpg,311254,True
training/flip/0005_000000029.jpg,.jpg,265557,True
training/flip/0005_000000030.jpg,.jpg,265701,True
training/flip/0006_000000002.jpg,.jpg,296704,True
training/flip/0006_000000003.jpg,.jpg,295198,True
training/flip/0006_000000004.jpg,.jpg,295800,True
training/flip/0006_000000005.jpg,.jpg,298334,True
training/flip/0006_000000007.jpg,.jpg,299051,True
training/flip/0006_000000009.jpg,.jpg,304577,True
training/flip/0006_000000010.jpg,.jpg,304846,True
training/flip/0006_000000011.jpg,.jpg,302395,True
training/flip/0006_000000013.jpg,.jpg,294737,True
training/flip/0006_000000014.jpg,.jpg,279911,True
training/flip/0006_000000015.jpg,.jpg,284829,True
training/flip/0006_000000016.jpg,.jpg,284303,True
training/flip/0006_000000017.jpg,.jpg,285440,True
training/flip/0006_000000018.jpg,.jpg,286679,True
training/flip/0006_000000019.jpg,.jpg,290698,True
training/flip/0006_000000020.jpg,.jpg,292824,True
training/flip/0006_000000023.jpg,.jpg,313215,True
training/flip/0006_000000026.jpg,.jpg,332864,True
training/flip/0006_000000027.jpg,.jpg,336297,True
training/flip/0006_000000028.jpg,.jpg,333977,True
training/flip/0006_000000029.jpg,.jpg,328790,True
training/flip/0007_000000005.jpg,.jpg,214547,True
training/flip/0007_000000006.jpg,.jpg,217738,True
training/flip/0007_000000007.jpg,.jpg,220521,True
training/flip/0007_000000009.jpg,.jpg,226306,True
training/flip/0007_000000010.jpg,.jpg,228396,True
training/flip/0007_000000011.jpg,.jpg,230067,True
training/flip/0007_000000012.jpg,.jpg,232167,True
training/flip/0007_000000013.jpg,.jpg,235068,True
training/flip/0007_000000014.jpg,.jpg,242073,True
training/flip/0007_000000015.jpg,.jpg,246768,True
training/flip/0007_000000016.jpg,.jpg,252842,True
training/flip/0007_000000017.jpg,.jpg,252851,True
training/flip/0007_000000019.jpg,.jpg,270115,True
training/flip/0007_000000020.jpg,.jpg,283310,True
training/flip/0007_000000021.jpg,.jpg,285528,True
training/flip/0007_000000022.jpg,.jpg,286965,True
training/flip/0007_000000023.jpg,.jpg,294404,True
training/flip/0007_000000025.jpg,.jpg,320060,True
training/flip/0007_000000026.jpg,.jpg,315909,True
training/flip/0007_000000027.jpg,.jpg,298369,True
training/flip/0007_000000028.jpg,.jpg,285658,True
training/flip/0007_000000029.jpg,.jpg,273894,True
training/flip/0007_000000030.jpg,.jpg,273376,True
training/flip/0008_000000001.jpg,.jpg,366963,True
training/flip/0008_000000002.jpg,.jpg,377502,True
training/flip/0008_000000003.jpg,.jpg,369600,True
training/flip/0008_000000004.jpg,.jpg,371091,True
training/flip/0008_000000006.jpg,.jpg,369248,True
training/flip/0008_000000008.jpg,.jpg,373895,True
training/flip/0008_000000009.jpg,.jpg,374769,True
training/flip/0008_000000010.jpg,.jpg,370719,True
training/flip/0008_000000011.jpg,.jpg,369344,True
training/flip/0008_000000012.jpg,.jpg,371323,True
training/flip/0008_000000013.jpg,.jpg,367984,True
training/flip/0008_000000014.jpg,.jpg,349617,True
training/flip/0008_000000015.jpg,.jpg,345744,True
training/flip/0008_000000016.jpg,.jpg,347123,True
training/flip/0008_000000017.jpg,.jpg,346990,True
training/flip/0008_000000018.jpg,.jpg,353218,True
training/flip/0008_000000019.jpg,.jpg,353913,True
training/flip/0008_000000020.jpg,.jpg,354307,True
training/flip/0008_000000021.jpg,.jpg,371575,True
training/flip/0008_000000022.jpg,.jpg,382205,True
training/flip/0008_000000024.jpg,.jpg,376285,True
training/flip/0008_000000025.jpg,.jpg,356054,True
training/flip/0008_000000027.jpg,.jpg,316207,True
training/flip/0008_000000028.jpg,.jpg,310685,True
training/flip/0009_000000001.jpg,.jpg,332539,True
training/flip/0009_000000002.jpg,.jpg,342136,True
training/flip/0009_000000003.jpg,.jpg,345478,True
training/flip/0009_000000004.jpg,.jpg,342557,True
training/flip/0009_000000005.jpg,.jpg,343772,True
training/flip/0009_000000006.jpg,.jpg,349463,True
training/flip/0009_000000008.jpg,.jpg,333932,True
training/flip/0009_000000009.jpg,.jpg,330492,True
training/flip/0009_000000010.jpg,.jpg,333287,True
training/flip/0009_000000011.jpg,.jpg,335352,True
training/flip/0009_000000012.jpg,.jpg,343187,True
training/flip/0009_000000013.jpg,.jpg,341894,True
training/flip/0009_000000014.jpg,.jpg,332153,True
training/flip/0009_000000015.jpg,.jpg,300774,True
training/flip/0009_000000017.jpg,.jpg,292146,True
training/flip/0009_000000018.jpg,.jpg,294272,True
training/flip/0009_000000021.jpg,.jpg,325495,True
training/flip/0009_000000022.jpg,.jpg,326700,True
training/flip/0009_000000024.jpg,.jpg,311260,True
training/flip/0009_000000027.jpg,.jpg,279711,True
training/flip/0009_000000028.jpg,.jpg,283662,True
training/flip/0010_000000005.jpg,.jpg,315754,True
training/flip/0010_000000006.jpg,.jpg,300899,True
training/flip/0010_000000007.jpg,.jpg,296490,True
training/flip/0010_000000010.jpg,.jpg,290765,True
training/flip/0010_000000011.jpg,.jpg,286772,True
training/flip/0010_000000014.jpg,.jpg,302468,True
training/flip/0010_000000015.jpg,.jpg,295435,True
training/flip/0010_000000016.jpg,.jpg,302602,True
training/flip/0010_000000017.jpg,.jpg,294042,True
training/flip/0010_000000018.jpg,.jpg,302492,True
training/flip/0010_000000019.jpg,.jpg,304751,True
training/flip/0010_000000020.jpg,.jpg,306486,True
training/flip/0010_000000022.jpg,.jpg,299187,True
training/flip/0010_000000023.jpg,.jpg,286930,True
training/flip/0010_000000024.jpg,.jpg,275950,True
training/flip/0010_000000025.jpg,.jpg,268863,True
training/flip/0010_000000026.jpg,.jpg,260815,True
training/flip/0010_000000027.jpg,.jpg,267654,True
training/flip/0010_000000028.jpg,.jpg,280169,True
training/flip/0010_000000029.jpg,.jpg,305731,True
training/flip/0010_000000030.jpg,.jpg,306203,True
training/flip/0011_000000005.jpg,.jpg,425199,True
training/flip/0011_000000007.jpg,.jpg,424455,True
training/flip/0011_000000008.jpg,.jpg,418607,True
training/flip/0011_000000009.jpg,.jpg,390633,True
training/flip/0011_000000010.jpg,.jpg,351970,True
training/flip/0011_000000011.jpg,.jpg,359547,True
training/flip/0011_000000012.jpg,.jpg,361590,True
training/flip/0011_000000013.jpg,.jpg,370505,True
training/flip/0011_000000015.jpg,.jpg,372921,True
training/flip/0011_000000016.jpg,.jpg,352529,True
training/flip/0011_000000017.jpg,.jpg,353941,True
training/flip/0011_000000018.jpg,.jpg,348051,True
training/flip/0011_000000019.jpg,.jpg,341083,True
training/flip/0011_000000020.jpg,.jpg,333901,True
training/flip/0011_000000021.jpg,.jpg,300608,True
training/flip/0011_000000022.jpg,.jpg,270638,True
training/flip/0011_000000024.jpg,.jpg,309616,True
training/flip/0011_000000025.jpg,.jpg,303280,True
training/flip/0011_000000028.jpg,.jpg,313325,True
training/flip/0011_000000029.jpg,.jpg,326216,True
training/flip/0011_000000030.jpg,.jpg,330782,True
training/flip/0012_000000009.jpg,.jpg,356456,True
training/flip/0012_000000010.jpg,.jpg,355144,True
training/flip/0012_000000011.jpg,.jpg,329352,True
training/flip/0012_000000012.jpg,.jpg,317561,True
training/flip/0012_000000013.jpg,.jpg,335583,True
training/flip/0012_000000014.jpg,.jpg,345265,True
training/flip/0012_000000015.jpg,.jpg,345758,True
training/flip/0012_000000017.jpg,.jpg,350325,True
training/flip/0012_000000018.jpg,.jpg,344268,True
training/flip/0012_000000019.jpg,.jpg,325944,True
training/flip/0012_000000020.jpg,.jpg,342416,True
training/flip/0012_000000021.jpg,.jpg,337743,True
training/flip/0012_000000023.jpg,.jpg,330485,True
training/flip/0012_000000024.jpg,.jpg,334936,True
training/flip/0012_000000026.jpg,.jpg,339377,True
training/flip/0012_000000027.jpg,.jpg,343386,True
training/flip/0012_000000028.jpg,.jpg,349919,True
training/flip/0013_000000004.jpg,.jpg,374533,True
training/flip/0013_000000005.jpg,.jpg,370446,True
training/flip/0013_000000006.jpg,.jpg,336830,True
training/flip/0013_000000007.jpg,.jpg,343115,True
training/flip/0013_000000009.jpg,.jpg,376034,True
training/flip/0013_000000010.jpg,.jpg,376644,True
training/flip/0013_000000012.jpg,.jpg,372347,True
training/flip/0013_000000014.jpg,.jpg,372343,True
training/flip/0013_000000016.jpg,.jpg,348147,True
training/flip/0013_000000017.jpg,.jpg,358763,True
training/flip/0013_000000018.jpg,.jpg,361755,True
training/flip/0013_000000019.jpg,.jpg,361132,True
training/flip/0013_000000020.jpg,.jpg,352038,True
training/flip/0013_000000021.jpg,.jpg,332832,True
training/flip/0013_000000023.jpg,.jpg,299799,True
training/flip/0013_000000024.jpg,.jpg,297780,True
training/flip/0013_000000025.jpg,.jpg,330315,True
training/flip/0013_000000026.jpg,.jpg,334494,True
training/flip/0013_000000027.jpg,.jpg,328217,True
training/flip/0013_000000028.jpg,.jpg,334034,True
training/flip/0013_000000029.jpg,.jpg,340993,True
training/flip/0013_000000030.jpg,.jpg,345368,True
training/flip/0014_000000001.jpg,.jpg,382100,True
training/flip/0014_000000002.jpg,.jpg,382276,True
training/flip/0014_000000005.jpg,.jpg,390330,True
training/flip/0014_000000007.jpg,.jpg,381542,True
training/flip/0014_000000008.jpg,.jpg,378582,True
training/flip/0014_000000011.jpg,.jpg,368550,True
training/flip/0014_000000015.jpg,.jpg,349419,True
training/flip/0014_000000017.jpg,.jpg,359427,True
training/flip/0014_000000018.jpg,.jpg,363530,True
training/flip/0014_000000021.jpg,.jpg,320559,True
training/flip/0014_000000022.jpg,.jpg,340978,True
training/flip/0014_000000023.jpg,.jpg,365384,True
training/flip/0015_000000001.jpg,.jpg,330475,True
training/flip/0015_000000002.jpg,.jpg,334939,True
training/flip/0015_000000003.jpg,.jpg,334441,True
training/flip/0015_000000004.jpg,.jpg,334142,True
training/flip/0015_000000005.jpg,.jpg,337633,True
training/flip/0015_000000006.jpg,.jpg,338285,True
training/flip/0015_000000007.jpg,.jpg,336711,True
training/flip/0015_000000008.jpg,.jpg,334471,True
training/flip/0015_000000009.jpg,.jpg,334970,True
training/flip/0015_000000010.jpg,.jpg,333972,True
training/flip/0015_000000012.jpg,.jpg,310083,True
training/flip/0015_000000013.jpg,.jpg,304664,True
training/flip/0015_000000014.jpg,.jpg,316922,True
training/flip/0015_000000015.jpg,.jpg,327833,True
training/flip/0015_000000016.jpg,.jpg,337426,True
training/flip/0015_000000017.jpg,.jpg,336913,True
training/flip/0015_000000018.jpg,.jpg,342416,True
training/flip/0015_000000020.jpg,.jpg,355481,True
training/flip/0015_000000022.jpg,.jpg,310474,True
training/flip/0015_000000024.jpg,.jpg,294524,True
training/flip/0015_000000025.jpg,.jpg,291987,True
training/flip/0015_000000026.jpg,.jpg,294683,True
training/flip/0015_000000027.jpg,.jpg,297630,True
training/flip/0015_000000028.jpg,.jpg,297800,True
training/flip/0015_000000030.jpg,.jpg,275451,True
training/flip/0016_000000002.jpg,.jpg,343705,True
training/flip/0016_000000003.jpg,.jpg,346517,True
training/flip/0016_000000005.jpg,.jpg,346118,True
training/flip/0016_000000007.jpg,.jpg,327838,True
training/flip/0016_000000009.jpg,.jpg,324503,True
training/flip/0016_000000010.jpg,.jpg,287031,True
training/flip/0016_000000011.jpg,.jpg,257270,True
training/flip/0016_000000012.jpg,.jpg,257279,True
training/flip/0016_000000014.jpg,.jpg,289555,True
training/flip/0016_000000015.jpg,.jpg,290018,True
training/flip/0016_000000016.jpg,.jpg,260182,True
training/flip/0016_000000017.jpg,.jpg,260390,True
training/flip/0016_000000018.jpg,.jpg,270757,True
training/flip/0016_000000019.jpg,.jpg,288430,True
training/flip/0016_000000020.jpg,.jpg,288838,True
training/flip/0016_000000021.jpg,.jpg,290924,True
training/flip/0016_000000022.jpg,.jpg,291677,True
training/flip/0016_000000023.jpg,.jpg,289841,True
training/flip/0016_000000024.jpg,.jpg,296961,True
training/flip/0016_000000025.jpg,.jpg,299932,True
training/flip/0016_000000027.jpg,.jpg,295369,True
training/flip/0016_000000028.jpg,.jpg,319729,True
training/flip/0016_000000029.jpg,.jpg,333840,True
training/flip/0016_000000030.jpg,.jpg,338651,True
training/flip/0017_000000004.jpg,.jpg,399045,True
training/flip/0017_000000005.jpg,.jpg,395103,True
training/flip/0017_000000006.jpg,.jpg,391419,True
training/flip/0017_000000007.jpg,.jpg,396069,True
training/flip/0017_000000008.jpg,.jpg,390917,True
training/flip/0017_000000009.jpg,.jpg,395558,True
training/flip/0017_000000010.jpg,.jpg,397129,True
training/flip/0017_000000011.jpg,.jpg,402022,True
training/flip/0017_000000012.jpg,.jpg,394948,True
training/flip/0017_000000013.jpg,.jpg,354911,True
training/flip/0017_000000014.jpg,.jpg,364365,True
training/flip/0017_000000016.jpg,.jpg,355770,True
training/flip/0017_000000018.jpg,.jpg,357031,True
training/flip/0017_000000019.jpg,.jpg,361635,True
training/flip/0017_000000020.jpg,.jpg,360030,True
training/flip/0017_000000021.jpg,.jpg,327807,True
training/flip/0017_000000022.jpg,.jpg,310190,True
training/flip/0018_000000001.jpg,.jpg,309728,True
training/flip/0018_000000002.jpg,.jpg,335986,True
training/flip/0018_000000005.jpg,.jpg,405410,True
training/flip/0018_000000006.jpg,.jpg,404707,True
training/flip/0018_000000007.jpg,.jpg,408082,True
training/flip/0018_000000008.jpg,.jpg,420464,True
training/flip/0018_000000009.jpg,.jpg,419015,True
training/flip/0018_000000010.jpg,.jpg,407045,True
training/flip/0018_000000011.jpg,.jpg,370412,True
training/flip/0018_000000013.jpg,.jpg,347676,True
training/flip/0018_000000014.jpg,.jpg,377564,True
training/flip/0018_000000015.jpg,.jpg,390472,True
training/flip/0018_000000016.jpg,.jpg,405309,True
training/flip/0018_000000017.jpg,.jpg,401863,True
training/flip/0018_000000018.jpg,.jpg,396544,True
training/flip/0018_000000021.jpg,.jpg,354429,True
training/flip/0018_000000022.jpg,.jpg,371460,True
training/flip/0018_000000023.jpg,.jpg,363435,True
training/flip/0018_000000024.jpg,.jpg,335201,True
training/flip/0018_000000025.jpg,.jpg,307860,True
training/flip/0018_000000026.jpg,.jpg,307186,True
training/flip/0019_000000012.jpg,.jpg,410696,True
training/flip/0019_000000013.jpg,.jpg,403525,True
training/flip/0019_000000015.jpg,.jpg,381666,True
training/flip/0019_000000016.jpg,.jpg,359700,True
training/flip/0019_000000017.jpg,.jpg,324537,True
training/flip/0019_000000018.jpg,.jpg,293588,True
training/flip/0019_000000019.jpg,.jpg,279026,True
training/flip/0019_000000020.jpg,.jpg,279418,True
training/flip/0019_000000021.jpg,.jpg,296429,True
training/flip/0019_000000022.jpg,.jpg,314923,True
training/flip/0019_000000023.jpg,.jpg,336638,True
training/flip/0019_000000024.jpg,.jpg,339154,True
training/flip/0019_000000026.jpg,.jpg,373332,True
training/flip/0019_000000027.jpg,.jpg,363468,True
training/flip/0019_000000028.jpg,.jpg,330252,True
training/flip/0019_000000029.jpg,.jpg,309265,True
training/flip/0019_000000030.jpg,.jpg,344421,True
training/flip/0020_000000004.jpg,.jpg,418591,True
training/flip/0020_000000005.jpg,.jpg,406513,True
training/flip/0020_000000006.jpg,.jpg,407096,True
training/flip/0020_000000007.jpg,.jpg,390285,True
training/flip/0020_000000008.jpg,.jpg,353391,True
training/flip/0020_000000009.jpg,.jpg,333352,True
training/flip/0020_000000011.jpg,.jpg,311361,True
training/flip/0020_000000013.jpg,.jpg,291837,True
training/flip/0020_000000014.jpg,.jpg,314923,True
training/flip/0020_000000016.jpg,.jpg,366711,True
training/flip/0020_000000017.jpg,.jpg,371333,True
training/flip/0020_000000018.jpg,.jpg,367853,True
training/flip/0020_000000021.jpg,.jpg,354856,True
training/flip/0020_000000022.jpg,.jpg,334800,True
training/flip/0021_000000010.jpg,.jpg,405834,True
training/flip/0021_000000012.jpg,.jpg,403687,True
training/flip/0021_000000013.jpg,.jpg,398324,True
training/flip/0021_000000016.jpg,.jpg,359795,True
training/flip/0021_000000017.jpg,.jpg,363029,True
training/flip/0021_000000018.jpg,.jpg,356781,True
training/flip/0021_000000019.jpg,.jpg,346919,True
training/flip/0021_000000020.jpg,.jpg,341143,True
training/flip/0021_000000021.jpg,.jpg,319847,True
training/flip/0021_000000022.jpg,.jpg,345850,True
training/flip/0021_000000023.jpg,.jpg,343627,True
training/flip/0021_000000024.jpg,.jpg,340302,True
training/flip/0021_000000025.jpg,.jpg,322981,True
training/flip/0021_000000026.jpg,.jpg,316055,True
training/flip/0021_000000028.jpg,.jpg,318914,True
training/flip/0021_000000029.jpg,.jpg,320294,True
training/flip/0021_000000030.jpg,.jpg,324426,True
training/flip/0022_000000007.jpg,.jpg,310189,True
training/flip/0022_000000008.jpg,.jpg,299201,True
training/flip/0022_000000009.jpg,.jpg,280344,True
training/flip/0022_000000011.jpg,.jpg,309556,True
training/flip/0022_000000012.jpg,.jpg,317410,True
training/flip/0022_000000013.jpg,.jpg,325114,True
training/flip/0022_000000014.jpg,.jpg,328390,True
training/flip/0022_000000015.jpg,.jpg,327057,True
training/flip/0022_000000016.jpg,.jpg,320274,True
training/flip/0022_000000017.jpg,.jpg,306404,True
training/flip/0022_000000018.jpg,.jpg,308541,True
training/flip/0022_000000019.jpg,.jpg,320706,True
training/flip/0022_000000021.jpg,.jpg,317089,True
training/flip/0022_000000022.jpg,.jpg,299286,True
training/flip/0022_000000023.jpg,.jpg,306322,True
training/flip/0022_000000024.jpg,.jpg,322152,True
training/flip/0023_000000003.jpg,.jpg,409263,True
training/flip/0023_000000004.jpg,.jpg,407161,True
training/flip/0023_000000005.jpg,.jpg,407338,True
training/flip/0023_000000006.jpg,.jpg,399910,True
training/flip/0023_000000016.jpg,.jpg,356717,True
training/flip/0023_000000017.jpg,.jpg,332044,True
training/flip/0023_000000018.jpg,.jpg,343947,True
training/flip/0023_000000019.jpg,.jpg,360598,True
training/flip/0023_000000020.jpg,.jpg,366619,True
training/flip/0023_000000021.jpg,.jpg,372707,True
training/flip/0023_000000022.jpg,.jpg,384357,True
training/flip/0023_000000023.jpg,.jpg,355943,True
training/flip/0023_000000024.jpg,.jpg,331288,True
training/flip/0023_000000025.jpg,.jpg,327941,True
training/flip/0024_000000016.jpg,.jpg,324421,True
training/flip/0024_000000018.jpg,.jpg,340086,True
training/flip/0024_000000020.jpg,.jpg,367734,True
training/flip/0024_000000022.jpg,.jpg,329392,True
training/flip/0024_000000023.jpg,.jpg,303456,True
training/flip/0024_000000024.jpg,.jpg,336484,True
training/flip/0024_000000025.jpg,.jpg,353276,True
training/flip/0024_000000026.jpg,.jpg,344828,True
training/flip/0024_000000027.jpg,.jpg,346844,True
training/flip/0025_000000004.jpg,.jpg,334767,True
training/flip/0025_000000005.jpg,.jpg,324434,True
training/flip/0025_000000006.jpg,.jpg,330743,True
training/flip/0025_000000007.jpg,.jpg,346922,True
training/flip/0025_000000008.jpg,.jpg,348659,True
training/flip/0025_000000009.jpg,.jpg,353394,True
training/flip/0025_000000010.jpg,.jpg,336105,True
training/flip/0025_000000011.jpg,.jpg,337177,True
training/flip/0025_000000012.jpg,.jpg,314643,True
training/flip/0025_000000013.jpg,.jpg,298084,True
training/flip/0025_000000014.jpg,.jpg,291562,True
training/flip/0026_000000008.jpg,.jpg,385895,True
training/flip/0026_000000009.jpg,.jpg,377472,True
training/flip/0026_000000011.jpg,.jpg,384289,True
training/flip/0026_000000012.jpg,.jpg,390169,True
training/flip/0026_000000013.jpg,.jpg,381116,True
training/flip/0026_000000014.jpg,.jpg,368461,True
training/flip/0026_000000015.jpg,.jpg,378279,True
training/flip/0026_000000017.jpg,.jpg,389209,True
training/flip/0026_000000019.jpg,.jpg,338994,True
training/flip/0026_000000020.jpg,.jpg,322829,True
training/flip/0026_000000021.jpg,.jpg,305483,True
training/flip/0026_000000022.jpg,.jpg,310812,True
training/flip/0027_000000011.jpg,.jpg,340654,True
training/flip/0027_000000012.jpg,.jpg,264640,True
training/flip/0027_000000013.jpg,.jpg,274730,True
training/flip/0027_000000014.jpg,.jpg,294785,True
training/flip/0027_000000015.jpg,.jpg,319126,True
training/flip/0027_000000017.jpg,.jpg,370608,True
training/flip/0027_000000020.jpg,.jpg,309838,True
training/flip/0028_000000001.jpg,.jpg,412148,True
training/flip/0028_000000002.jpg,.jpg,418534,True
training/flip/0028_000000003.jpg,.jpg,415801,True
training/flip/0028_000000004.jpg,.jpg,415011,True
training/flip/0028_000000005.jpg,.jpg,413256,True
training/flip/0028_000000006.jpg,.jpg,421496,True
training/flip/0028_000000007.jpg,.jpg,423421,True
training/flip/0028_000000008.jpg,.jpg,424607,True
training/flip/0028_000000009.jpg,.jpg,425369,True
training/flip/0028_000000010.jpg,.jpg,420756,True
training/flip/0028_000000011.jpg,.jpg,416687,True
training/flip/0028_000000012.jpg,.jpg,411425,True
training/flip/0028_000000013.jpg,.jpg,407668,True
training/flip/0028_000000014.jpg,.jpg,393852,True
training/flip/0028_000000016.jpg,.jpg,339695,True
training/flip/0028_000000017.jpg,.jpg,353502,True
training/flip/0028_000000018.jpg,.jpg,367006,True
training/flip/0028_000000020.jpg,.jpg,366899,True
training/flip/0028_000000021.jpg,.jpg,365064,True
training/flip/0028_000000022.jpg,.jpg,354805,True
training/flip/0028_000000023.jpg,.jpg,321298,True
training/flip/0028_000000025.jpg,.jpg,292475,True
training/flip/0028_000000026.jpg,.jpg,280550,True
training/flip/0028_000000027.jpg,.jpg,277056,True
training/flip/0028_000000028.jpg,.jpg,285387,True
training/flip/0029_000000001.jpg,.jpg,370891,True
training/flip/0029_000000002.jpg,.jpg,378303,True
training/flip/0029_000000003.jpg,.jpg,377622,True
training/flip/0029_000000004.jpg,.jpg,380282,True
training/flip/0029_000000005.jpg,.jpg,384699,True
training/flip/0029_000000006.jpg,.jpg,390165,True
training/flip/0029_000000007.jpg,.jpg,390671,True
training/flip/0029_000000008.jpg,.jpg,390999,True
training/flip/0029_000000009.jpg,.jpg,387862,True
training/flip/0029_000000018.jpg,.jpg,342411,True
training/flip/0029_000000019.jpg,.jpg,335851,True
training/flip/0029_000000020.jpg,.jpg,332472,True
training/flip/0029_000000022.jpg,.jpg,358894,True
training/flip/0029_000000023.jpg,.jpg,371626,True
training/flip/0029_000000026.jpg,.jpg,330407,True
training/flip/0029_000000028.jpg,.jpg,312921,True
training/flip/0030_000000001.jpg,.jpg,360130,True
training/flip/0030_000000002.jpg,.jpg,357858,True
training/flip/0030_000000004.jpg,.jpg,348638,True
training/flip/0030_000000005.jpg,.jpg,357102,True
training/flip/0030_000000007.jpg,.jpg,355159,True
training/flip/0030_000000008.jpg,.jpg,357701,True
training/flip/0030_000000010.jpg,.jpg,331139,True
training/flip/0030_000000011.jpg,.jpg,333322,True
training/flip/0030_000000013.jpg,.jpg,334088,True
training/flip/0030_000000014.jpg,.jpg,337814,True
training/flip/0030_000000015.jpg,.jpg,338294,True
training/flip/0030_000000016.jpg,.jpg,342674,True
training/flip/0030_000000017.jpg,.jpg,340237,True
training/flip/0030_000000018.jpg,.jpg,323090,True
training/flip/0030_000000020.jpg,.jpg,304871,True
training/flip/0030_000000021.jpg,.jpg,300817,True
training/flip/0030_000000022.jpg,.jpg,310168,True
training/flip/0030_000000023.jpg,.jpg,320544,True
training/flip/0030_000000024.jpg,.jpg,327560,True
training/flip/0030_000000025.jpg,.jpg,328405,True
training/flip/0030_000000026.jpg,.jpg,330294,True
training/flip/0030_000000028.jpg,.jpg,330511,True
training/flip/0030_000000029.jpg,.jpg,320668,True
training/flip/0030_000000030.jpg,.jpg,311966,True
training/flip/0030_000000032.jpg,.jpg,305136,True
training/flip/0030_000000033.jpg,.jpg,310136,True
training/flip/0030_000000034.jpg,.jpg,302673,True
training/flip/0030_000000035.jpg,.jpg,316189,True
training/flip/0030_000000036.jpg,.jpg,306926,True
training/flip/0030_000000037.jpg,.jpg,313645,True
training/flip/0031_000000014.jpg,.jpg,412039,True
training/flip/0031_000000015.jpg,.jpg,403460,True
training/flip/0031_000000016.jpg,.jpg,394294,True
training/flip/0031_000000017.jpg,.jpg,352574,True
training/flip/0031_000000019.jpg,.jpg,364924,True
training/flip/0031_000000021.jpg,.jpg,337453,True
training/flip/0031_000000022.jpg,.jpg,333527,True
training/flip/0031_000000023.jpg,.jpg,343877,True
training/flip/0031_000000024.jpg,.jpg,353574,True
training/flip/0031_000000025.jpg,.jpg,356570,True
training/flip/0031_000000026.jpg,.jpg,317276,True
training/flip/0031_000000027.jpg,.jpg,296067,True
training/flip/0032_000000011.jpg,.jpg,344512,True
training/flip/0032_000000012.jpg,.jpg,362459,True
training/flip/0032_000000013.jpg,.jpg,379196,True
training/flip/0032_000000014.jpg,.jpg,392897,True
training/flip/0032_000000015.jpg,.jpg,386834,True
training/flip/0032_000000016.jpg,.jpg,362865,True
training/flip/0032_000000017.jpg,.jpg,331580,True
training/flip/0032_000000018.jpg,.jpg,310969,True
training/flip/0033_000000017.jpg,.jpg,315285,True
training/flip/0033_000000018.jpg,.jpg,324166,True
training/flip/0033_000000019.jpg,.jpg,350727,True
training/flip/0033_000000020.jpg,.jpg,366374,True
training/flip/0033_000000022.jpg,.jpg,362034,True
training/flip/0033_000000023.jpg,.jpg,361395,True
training/flip/0033_000000024.jpg,.jpg,342382,True
training/flip/0033_000000025.jpg,.jpg,322195,True
training/flip/0033_000000026.jpg,.jpg,327130,True
training/flip/0034_000000017.jpg,.jpg,212665,True
training/flip/0034_000000018.jpg,.jpg,215024,True
training/flip/0034_000000021.jpg,.jpg,189405,True
training/flip/0034_000000023.jpg,.jpg,179819,True
training/flip/0034_000000024.jpg,.jpg,178493,True
training/flip/0034_000000025.jpg,.jpg,179048,True
training/flip/0034_000000026.jpg,.jpg,174247,True
training/flip/0034_000000027.jpg,.jpg,169397,True
training/flip/0035_000000008.jpg,.jpg,381428,True
training/flip/0035_000000009.jpg,.jpg,389924,True
training/flip/0035_000000011.jpg,.jpg,422490,True
training/flip/0035_000000012.jpg,.jpg,424148,True
training/flip/0035_000000013.jpg,.jpg,418783,True
training/flip/0035_000000014.jpg,.jpg,418644,True
training/flip/0035_000000015.jpg,.jpg,405330,True
training/flip/0035_000000017.jpg,.jpg,409237,True
training/flip/0035_000000018.jpg,.jpg,385770,True
training/flip/0035_000000019.jpg,.jpg,371390,True
training/flip/0035_000000020.jpg,.jpg,360560,True
training/flip/0035_000000021.jpg,.jpg,350715,True
training/flip/0035_000000022.jpg,.jpg,366326,True
training/flip/0036_000000010.jpg,.jpg,441416,True
training/flip/0036_000000012.jpg,.jpg,440589,True
training/flip/0036_000000013.jpg,.jpg,430599,True
training/flip/0036_000000016.jpg,.jpg,402641,True
training/flip/0036_000000017.jpg,.jpg,396576,True
training/flip/0036_000000018.jpg,.jpg,379027,True
training/flip/0036_000000019.jpg,.jpg,382258,True
training/flip/0036_000000020.jpg,.jpg,391077,True
training/flip/0036_000000021.jpg,.jpg,408898,True
training/flip/0036_000000022.jpg,.jpg,404209,True
training/flip/0036_000000023.jpg,.jpg,402415,True
training/flip/0036_000000025.jpg,.jpg,356873,True
training/flip/0036_000000026.jpg,.jpg,338012,True
training/flip/0036_000000027.jpg,.jpg,327443,True
training/flip/0037_000000002.jpg,.jpg,347154,True
training/flip/0037_000000003.jpg,.jpg,359959,True
training/flip/0037_000000004.jpg,.jpg,355987,True
training/flip/0037_000000005.jpg,.jpg,337549,True
training/flip/0037_000000007.jpg,.jpg,325564,True
training/flip/0037_000000009.jpg,.jpg,310729,True
training/flip/0037_000000010.jpg,.jpg,318105,True
training/flip/0037_000000012.jpg,.jpg,328998,True
training/flip/0037_000000014.jpg,.jpg,336369,True
training/flip/0037_000000015.jpg,.jpg,349772,True
training/flip/0037_000000018.jpg,.jpg,335995,True
training/flip/0037_000000019.jpg,.jpg,332280,True
training/flip/0037_000000021.jpg,.jpg,336911,True
training/flip/0037_000000022.jpg,.jpg,338682,True
training/flip/0037_000000023.jpg,.jpg,337423,True
training/flip/0037_000000025.jpg,.jpg,373408,True
training/flip/0037_000000026.jpg,.jpg,359208,True
training/flip/0037_000000027.jpg,.jpg,358582,True
training/flip/0038_000000004.jpg,.jpg,424091,True
training/flip/0038_000000005.jpg,.jpg,413197,True
training/flip/0038_000000006.jpg,.jpg,401041,True
training/flip/0038_000000008.jpg,.jpg,394475,True
training/flip/0038_000000009.jpg,.jpg,404696,True
training/flip/0038_000000011.jpg,.jpg,422205,True
training/flip/0038_000000012.jpg,.jpg,424959,True
training/flip/0038_000000014.jpg,.jpg,423398,True
training/flip/0038_000000017.jpg,.jpg,397491,True
training/flip/0038_000000018.jpg,.jpg,399054,True
training/flip/0038_000000019.jpg,.jpg,402695,True
training/flip/0038_000000021.jpg,.jpg,409216,True
training/flip/0038_000000022.jpg,.jpg,413243,True
training/flip/0038_000000023.jpg,.jpg,416341,True
training/flip/0038_000000024.jpg,.jpg,419955,True
training/flip/0038_000000025.jpg,.jpg,423394,True
training/flip/0038_000000027.jpg,.jpg,415407,True
training/flip/0038_000000028.jpg,.jpg,414340,True
training/flip/0038_000000029.jpg,.jpg,407983,True
training/flip/0038_000000030.jpg,.jpg,403747,True
training/flip/0038_000000031.jpg,.jpg,406819,True
training/flip/0038_000000033.jpg,.jpg,404195,True
training/flip/0038_000000034.jpg,.jpg,384814,True
training/flip/0038_000000035.jpg,.jpg,381484,True
training/flip/0038_000000036.jpg,.jpg,377910,True
training/flip/0038_000000037.jpg,.jpg,360453,True
training/flip/0038_000000038.jpg,.jpg,345252,True
training/flip/0038_000000039.jpg,.jpg,324590,True
training/flip/0038_000000040.jpg,.jpg,306973,True
training/flip/0038_000000041.jpg,.jpg,297467,True
training/flip/0038_000000042.jpg,.jpg,289676,True
training/flip/0038_000000045.jpg,.jpg,275112,True
training/flip/0038_000000046.jpg,.jpg,279087,True
training/flip/0038_000000049.jpg,.jpg,273621,True
training/flip/0039_000000008.jpg,.jpg,368900,True
training/flip/0039_000000010.jpg,.jpg,380939,True
training/flip/0039_000000011.jpg,.jpg,389826,True
training/flip/0039_000000012.jpg,.jpg,390274,True
training/flip/0039_000000013.jpg,.jpg,388325,True
training/flip/0039_000000014.jpg,.jpg,370557,True
training/flip/0039_000000015.jpg,.jpg,363969,True
training/flip/0039_000000016.jpg,.jpg,364184,True
training/flip/0039_000000017.jpg,.jpg,379185,True
training/flip/0039_000000018.jpg,.jpg,382804,True
training/flip/0039_000000019.jpg,.jpg,374510,True
training/flip/0039_000000020.jpg,.jpg,357867,True
training/flip/0039_000000021.jpg,.jpg,332355,True
training/flip/0039_000000022.jpg,.jpg,311245,True
training/flip/0039_000000023.jpg,.jpg,303434,True
training/flip/0039_000000024.jpg,.jpg,312340,True
training/flip/0039_000000025.jpg,.jpg,316127,True
training/flip/0039_000000026.jpg,.jpg,302921,True
training/flip/0039_000000027.jpg,.jpg,318516,True
training/flip/0039_000000028.jpg,.jpg,335487,True
training/flip/0040_000000006.jpg,.jpg,306146,True
training/flip/0040_000000008.jpg,.jpg,285306,True
training/flip/0040_000000009.jpg,.jpg,287365,True
training/flip/0040_000000010.jpg,.jpg,293463,True
training/flip/0040_000000011.jpg,.jpg,297535,True
training/flip/0040_000000012.jpg,.jpg,298132,True
training/flip/0040_000000013.jpg,.jpg,296164,True
training/flip/0040_000000014.jpg,.jpg,296477,True
training/flip/0040_000000015.jpg,.jpg,292417,True
training/flip/0040_000000016.jpg,.jpg,284684,True
training/flip/0040_000000017.jpg,.jpg,282210,True
training/flip/0040_000000018.jpg,.jpg,291116,True
training/flip/0040_000000019.jpg,.jpg,289764,True
training/flip/0040_000000020.jpg,.jpg,290402,True
training/flip/0040_000000021.jpg,.jpg,286938,True
training/flip/0040_000000022.jpg,.jpg,303148,True
training/flip/0040_000000023.jpg,.jpg,300037,True
training/flip/0040_000000026.jpg,.jpg,289712,True
training/flip/0040_000000027.jpg,.jpg,291129,True
training/flip/0040_000000029.jpg,.jpg,311711,True
training/flip/0040_000000030.jpg,.jpg,315643,True
training/flip/0041_000000011.jpg,.jpg,151201,True
training/flip/0041_000000012.jpg,.jpg,150392,True
training/flip/0041_000000013.jpg,.jpg,152875,True
training/flip/0041_000000014.jpg,.jpg,156356,True
training/flip/0041_000000016.jpg,.jpg,161953,True
training/flip/0041_000000017.jpg,.jpg,163753,True
training/flip/0041_000000020.jpg,.jpg,177335,True
training/flip/0041_000000023.jpg,.jpg,186505,True
training/flip/0041_000000024.jpg,.jpg,187021,True
training/flip/0041_000000025.jpg,.jpg,187426,True
training/flip/0041_000000026.jpg,.jpg,187702,True
training/flip/0041_000000028.jpg,.jpg,196377,True
training/flip/0041_000000029.jpg,.jpg,198928,True
training/flip/0042_000000001.jpg,.jpg,165346,True
training/flip/0042_000000003.jpg,.jpg,166937,True
training/flip/0042_000000005.jpg,.jpg,169039,True
training/flip/0042_000000007.jpg,.jpg,169876,True
training/flip/0042_000000008.jpg,.jpg,171411,True
training/flip/0042_000000009.jpg,.jpg,171484,True
training/flip/0042_000000010.jpg,.jpg,171893,True
training/flip/0042_000000013.jpg,.jpg,171692,True
training/flip/0042_000000014.jpg,.jpg,172807,True
training/flip/0042_000000015.jpg,.jpg,172053,True
training/flip/0042_000000016.jpg,.jpg,172198,True
training/flip/0042_000000017.jpg,.jpg,177060,True
training/flip/0042_000000018.jpg,.jpg,181689,True
training/flip/0042_000000019.jpg,.jpg,187045,True
training/flip/0042_000000020.jpg,.jpg,191884,True
training/flip/0042_000000021.jpg,.jpg,194397,True
training/flip/0042_000000022.jpg,.jpg,199072,True
training/flip/0042_000000023.jpg,.jpg,199743,True
training/flip/0042_000000024.jpg,.jpg,206305,True
training/flip/0042_000000025.jpg,.jpg,210126,True
training/flip/0042_000000026.jpg,.jpg,216223,True
training/flip/0042_000000028.jpg,.jpg,221273,True
training/flip/0042_000000029.jpg,.jpg,225741,True
training/flip/0042_000000030.jpg,.jpg,229115,True
training/flip/0043_000000016.jpg,.jpg,221900,True
training/flip/0043_000000017.jpg,.jpg,231465,True
training/flip/0043_000000018.jpg,.jpg,233977,True
training/flip/0043_000000019.jpg,.jpg,250300,True
training/flip/0043_000000020.jpg,.jpg,262492,True
training/flip/0043_000000021.jpg,.jpg,275658,True
training/flip/0043_000000022.jpg,.jpg,283838,True
training/flip/0043_000000024.jpg,.jpg,250705,True
training/flip/0044_000000004.jpg,.jpg,187537,True
training/flip/0044_000000005.jpg,.jpg,189562,True
training/flip/0044_000000006.jpg,.jpg,189661,True
training/flip/0044_000000008.jpg,.jpg,189872,True
training/flip/0044_000000009.jpg,.jpg,191170,True
training/flip/0044_000000010.jpg,.jpg,192035,True
training/flip/0044_000000011.jpg,.jpg,191717,True
training/flip/0044_000000012.jpg,.jpg,192979,True
training/flip/0044_000000013.jpg,.jpg,194197,True
training/flip/0044_000000014.jpg,.jpg,193946,True
training/flip/0044_000000016.jpg,.jpg,192892,True
training/flip/0044_000000017.jpg,.jpg,193386,True
training/flip/0044_000000018.jpg,.jpg,190790,True
training/flip/0044_000000019.jpg,.jpg,195148,True
training/flip/0044_000000020.jpg,.jpg,196466,True
training/flip/0044_000000021.jpg,.jpg,204710,True
training/flip/0044_000000022.jpg,.jpg,205115,True
training/flip/0044_000000023.jpg,.jpg,200935,True
training/flip/0044_000000026.jpg,.jpg,198910,True
training/flip/0044_000000027.jpg,.jpg,201026,True
training/flip/0044_000000028.jpg,.jpg,203444,True
training/flip/0044_000000029.jpg,.jpg,203798,True
training/flip/0045_000000007.jpg,.jpg,234400,True
training/flip/0045_000000008.jpg,.jpg,235714,True
training/flip/0045_000000009.jpg,.jpg,237664,True
training/flip/0045_000000010.jpg,.jpg,233152,True
training/flip/0045_000000011.jpg,.jpg,229802,True
training/flip/0045_000000012.jpg,.jpg,229687,True
training/flip/0045_000000013.jpg,.jpg,230515,True
training/flip/0045_000000014.jpg,.jpg,240668,True
training/flip/0045_000000015.jpg,.jpg,240603,True
training/flip/0045_000000016.jpg,.jpg,239154,True
training/flip/0045_000000017.jpg,.jpg,242477,True
training/flip/0045_000000018.jpg,.jpg,243646,True
training/flip/0045_000000019.jpg,.jpg,244446,True
training/flip/0045_000000020.jpg,.jpg,242489,True
training/flip/0045_000000021.jpg,.jpg,239342,True
training/flip/0045_000000022.jpg,.jpg,235712,True
training/flip/0045_000000023.jpg,.jpg,237939,True
training/flip/0045_000000024.jpg,.jpg,238283,True
training/flip/0045_000000025.jpg,.jpg,249626,True
training/flip/0045_000000026.jpg,.jpg,258672,True
training/flip/0045_000000028.jpg,.jpg,272515,True
training/flip/0045_000000029.jpg,.jpg,280285,True
training/flip/0045_000000030.jpg,.jpg,284262,True
training/flip/0046_000000007.jpg,.jpg,286940,True
training/flip/0046_000000008.jpg,.jpg,282311,True
training/flip/0046_000000009.jpg,.jpg,258019,True
training/flip/0046_000000011.jpg,.jpg,247473,True
training/flip/0046_000000014.jpg,.jpg,276747,True
training/flip/0046_000000015.jpg,.jpg,287713,True
training/flip/0046_000000017.jpg,.jpg,278209,True
training/flip/0046_000000020.jpg,.jpg,270391,True
training/flip/0046_000000021.jpg,.jpg,272056,True
training/flip/0046_000000022.jpg,.jpg,280225,True
training/flip/0046_000000024.jpg,.jpg,315116,True
training/flip/0046_000000026.jpg,.jpg,347709,True
training/flip/0046_000000027.jpg,.jpg,345003,True
training/flip/0047_000000006.jpg,.jpg,338793,True
training/flip/0047_000000007.jpg,.jpg,353649,True
training/flip/0047_000000008.jpg,.jpg,361659,True
training/flip/0047_000000009.jpg,.jpg,364740,True
training/flip/0047_000000011.jpg,.jpg,357243,True
training/flip/0047_000000012.jpg,.jpg,348618,True
training/flip/0047_000000013.jpg,.jpg,335602,True
training/flip/0047_000000014.jpg,.jpg,339081,True
training/flip/0047_000000016.jpg,.jpg,350943,True
training/flip/0047_000000017.jpg,.jpg,355648,True
training/flip/0047_000000018.jpg,.jpg,344972,True
training/flip/0047_000000019.jpg,.jpg,331929,True
training/flip/0047_000000020.jpg,.jpg,332293,True
training/flip/0047_000000022.jpg,.jpg,319450,True
training/flip/0047_000000023.jpg,.jpg,301921,True
training/flip/0047_000000024.jpg,.jpg,292979,True
training/flip/0047_000000025.jpg,.jpg,285616,True
training/flip/0047_000000027.jpg,.jpg,322659,True
training/flip/0047_000000028.jpg,.jpg,318639,True
training/flip/0047_000000029.jpg,.jpg,309286,True
training/flip/0047_000000030.jpg,.jpg,305304,True
training/flip/0048_000000009.jpg,.jpg,349427,True
training/flip/0048_000000012.jpg,.jpg,363354,True
training/flip/0048_000000013.jpg,.jpg,355096,True
training/flip/0048_000000014.jpg,.jpg,354796,True
training/flip/0048_000000015.jpg,.jpg,346346,True
training/flip/0048_000000016.jpg,.jpg,341915,True
training/flip/0048_000000017.jpg,.jpg,323931,True
training/flip/0048_000000018.jpg,.jpg,306876,True
training/flip/0048_000000019.jpg,.jpg,311427,True
training/flip/0048_000000020.jpg,.jpg,313431,True
training/flip/0048_000000021.jpg,.jpg,314221,True
training/flip/0048_000000022.jpg,.jpg,320845,True
training/flip/0048_000000023.jpg,.jpg,331215,True
training/flip/0048_000000024.jpg,.jpg,340058,True
training/flip/0048_000000025.jpg,.jpg,342146,True
training/flip/0048_000000026.jpg,.jpg,335080,True
training/flip/0048_000000027.jpg,.jpg,319389,True
training/flip/0048_000000028.jpg,.jpg,316233,True
training/flip/0048_000000029.jpg,.jpg,320873,True
training/flip/0048_000000030.jpg,.jpg,329943,True
training/flip/0049_000000018.jpg,.jpg,282939,True
training/flip/0049_000000020.jpg,.jpg,289631,True
training/flip/0049_000000021.jpg,.jpg,292982,True
training/flip/0049_000000022.jpg,.jpg,289179,True
training/flip/0049_000000024.jpg,.jpg,294576,True
training/flip/0049_000000026.jpg,.jpg,313558,True
training/flip/0049_000000028.jpg,.jpg,292198,True
training/flip/0049_000000029.jpg,.jpg,278302,True
training/flip/0049_000000030.jpg,.jpg,276081,True
training/flip/0050_000000017.jpg,.jpg,250320,True
training/flip/0050_000000018.jpg,.jpg,245227,True
training/flip/0050_000000019.jpg,.jpg,241315,True
training/flip/0050_000000020.jpg,.jpg,244626,True
training/flip/0050_000000021.jpg,.jpg,246660,True
training/flip/0050_000000022.jpg,.jpg,247867,True
training/flip/0050_000000025.jpg,.jpg,301517,True
training/flip/0050_000000026.jpg,.jpg,297225,True
training/flip/0050_000000027.jpg,.jpg,282108,True
training/flip/0050_000000028.jpg,.jpg,273292,True
training/flip/0050_000000029.jpg,.jpg,278447,True
training/flip/0050_000000030.jpg,.jpg,282046,True
training/flip/0051_000000012.jpg,.jpg,287138,True
training/flip/0051_000000013.jpg,.jpg,285776,True
training/flip/0051_000000014.jpg,.jpg,282662,True
training/flip/0051_000000015.jpg,.jpg,290865,True
training/flip/0051_000000016.jpg,.jpg,266515,True
training/flip/0051_000000017.jpg,.jpg,248976,True
training/flip/0051_000000018.jpg,.jpg,255062,True
training/flip/0051_000000019.jpg,.jpg,256426,True
training/flip/0051_000000020.jpg,.jpg,247980,True
training/flip/0051_000000023.jpg,.jpg,271970,True
training/flip/0051_000000024.jpg,.jpg,273868,True
training/flip/0051_000000025.jpg,.jpg,271954,True
training/flip/0051_000000026.jpg,.jpg,268686,True
training/flip/0051_000000027.jpg,.jpg,274708,True
training/flip/0052_000000013.jpg,.jpg,303659,True
training/flip/0052_000000014.jpg,.jpg,303171,True
training/flip/0052_000000015.jpg,.jpg,294833,True
training/flip/0052_000000016.jpg,.jpg,299036,True
training/flip/0052_000000019.jpg,.jpg,324684,True
training/flip/0052_000000020.jpg,.jpg,325790,True
training/flip/0052_000000022.jpg,.jpg,360505,True
training/flip/0052_000000023.jpg,.jpg,377335,True
training/flip/0052_000000024.jpg,.jpg,376236,True
training/flip/0052_000000025.jpg,.jpg,361176,True
training/flip/0052_000000026.jpg,.jpg,348974,True
training/flip/0052_000000027.jpg,.jpg,330537,True
training/flip/0052_000000028.jpg,.jpg,328733,True
training/flip/0052_000000029.jpg,.jpg,335806,True
training/flip/0053_000000001.jpg,.jpg,354441,True
training/flip/0053_000000002.jpg,.jpg,354506,True
training/flip/0053_000000003.jpg,.jpg,361432,True
training/flip/0053_000000004.jpg,.jpg,366575,True
training/flip/0053_000000005.jpg,.jpg,366939,True
training/flip/0053_000000006.jpg,.jpg,366446,True
training/flip/0053_000000007.jpg,.jpg,358788,True
training/flip/0053_000000009.jpg,.jpg,357341,True
training/flip/0053_000000010.jpg,.jpg,356161,True
training/flip/0053_000000011.jpg,.jpg,352535,True
training/flip/0053_000000013.jpg,.jpg,345014,True
training/flip/0053_000000014.jpg,.jpg,338759,True
training/flip/0053_000000016.jpg,.jpg,308250,True
training/flip/0053_000000017.jpg,.jpg,306368,True
training/flip/0053_000000019.jpg,.jpg,322222,True
training/flip/0053_000000020.jpg,.jpg,334960,True
training/flip/0053_000000021.jpg,.jpg,323643,True
training/flip/0053_000000022.jpg,.jpg,318295,True
training/flip/0053_000000023.jpg,.jpg,316048,True
training/flip/0053_000000024.jpg,.jpg,316457,True
training/flip/0053_000000025.jpg,.jpg,313506,True
training/flip/0053_000000026.jpg,.jpg,314891,True
training/flip/0053_000000027.jpg,.jpg,311531,True
training/flip/0053_000000028.jpg,.jpg,305332,True
training/flip/0053_000000029.jpg,.jpg,309298,True
training/flip/0053_000000030.jpg,.jpg,312279,True
training/flip/0054_000000008.jpg,.jpg,341134,True
training/flip/0054_000000009.jpg,.jpg,341238,True
training/flip/0054_000000012.jpg,.jpg,339124,True
training/flip/0054_000000013.jpg,.jpg,340377,True
training/flip/0054_000000014.jpg,.jpg,342082,True
training/flip/0054_000000016.jpg,.jpg,315050,True
training/flip/0054_000000017.jpg,.jpg,317141,True
training/flip/0054_000000018.jpg,.jpg,324023,True
training/flip/0054_000000020.jpg,.jpg,318380,True
training/flip/0054_000000021.jpg,.jpg,315769,True
training/flip/0054_000000022.jpg,.jpg,319686,True
training/flip/0054_000000023.jpg,.jpg,329792,True
training/flip/0054_000000025.jpg,.jpg,340663,True
training/flip/0054_000000026.jpg,.jpg,326732,True
training/flip/0054_000000028.jpg,.jpg,289772,True
training/flip/0054_000000029.jpg,.jpg,291384,True
training/flip/0055_000000011.jpg,.jpg,298403,True
training/flip/0055_000000012.jpg,.jpg,284566,True
training/flip/0055_000000013.jpg,.jpg,281099,True
training/flip/0055_000000014.jpg,.jpg,275187,True
training/flip/0055_000000016.jpg,.jpg,256217,True
training/flip/0055_000000017.jpg,.jpg,256842,True
training/flip/0055_000000018.jpg,.jpg,259849,True
training/flip/0055_000000019.jpg,.jpg,259502,True
training/flip/0055_000000020.jpg,.jpg,256864,True
training/flip/0055_000000021.jpg,.jpg,259090,True
training/flip/0055_000000022.jpg,.jpg,260497,True
training/flip/0055_000000023.jpg,.jpg,261805,True
training/flip/0055_000000025.jpg,.jpg,259814,True
training/flip/0055_000000026.jpg,.jpg,254089,True
training/flip/0055_000000029.jpg,.jpg,244269,True
training/flip/0055_000000030.jpg,.jpg,244516,True
training/flip/0056_000000014.jpg,.jpg,278812,True
training/flip/0056_000000015.jpg,.jpg,285009,True
training/flip/0056_000000017.jpg,.jpg,282772,True
training/flip/0056_000000018.jpg,.jpg,290509,True
training/flip/0056_000000019.jpg,.jpg,297970,True
training/flip/0056_000000020.jpg,.jpg,300518,True
training/flip/0056_000000021.jpg,.jpg,311780,True
training/flip/0056_000000022.jpg,.jpg,318666,True
training/flip/0056_000000023.jpg,.jpg,324230,True
training/flip/0056_000000024.jpg,.jpg,327786,True
training/flip/0056_000000025.jpg,.jpg,327603,True
training/flip/0056_000000026.jpg,.jpg,340653,True
training/flip/0056_000000027.jpg,.jpg,337113,True
training/flip/0056_000000028.jpg,.jpg,321019,True
training/flip/0056_000000029.jpg,.jpg,300322,True
training/flip/0057_000000011.jpg,.jpg,259688,True
training/flip/0057_000000012.jpg,.jpg,264467,True
training/flip/0057_000000013.jpg,.jpg,273131,True
training/flip/0057_000000014.jpg,.jpg,275599,True
training/flip/0057_000000015.jpg,.jpg,276859,True
training/flip/0057_000000016.jpg,.jpg,276961,True
training/flip/0057_000000017.jpg,.jpg,276374,True
training/flip/0057_000000018.jpg,.jpg,275854,True
training/flip/0057_000000020.jpg,.jpg,276774,True
training/flip/0057_000000021.jpg,.jpg,267535,True
training/flip/0057_000000022.jpg,.jpg,270136,True
training/flip/0057_000000023.jpg,.jpg,272919,True
training/flip/0057_000000024.jpg,.jpg,281318,True
training/flip/0057_000000025.jpg,.jpg,288077,True
training/flip/0057_000000026.jpg,.jpg,289289,True
training/flip/0057_000000027.jpg,.jpg,290391,True
training/flip/0057_000000028.jpg,.jpg,293619,True
training/flip/0057_000000029.jpg,.jpg,281502,True
training/flip/0058_000000001.jpg,.jpg,285077,True
training/flip/0058_000000002.jpg,.jpg,292629,True
training/flip/0058_000000005.jpg,.jpg,329922,True
training/flip/0058_000000007.jpg,.jpg,338448,True
training/flip/0058_000000008.jpg,.jpg,337599,True
training/flip/0058_000000009.jpg,.jpg,335401,True
training/flip/0058_000000010.jpg,.jpg,325684,True
training/flip/0058_000000011.jpg,.jpg,310796,True
training/flip/0058_000000012.jpg,.jpg,296097,True
training/flip/0058_000000013.jpg,.jpg,287401,True
training/flip/0058_000000014.jpg,.jpg,278324,True
training/flip/0058_000000015.jpg,.jpg,278799,True
training/flip/0058_000000016.jpg,.jpg,283614,True
training/flip/0058_000000017.jpg,.jpg,292808,True
training/flip/0058_000000018.jpg,.jpg,296614,True
training/flip/0058_000000020.jpg,.jpg,291270,True
training/flip/0058_000000022.jpg,.jpg,311151,True
training/flip/0058_000000023.jpg,.jpg,318539,True
training/flip/0058_000000024.jpg,.jpg,318150,True
training/flip/0058_000000025.jpg,.jpg,315838,True
training/flip/0058_000000026.jpg,.jpg,290287,True
training/flip/0058_000000028.jpg,.jpg,260347,True
training/flip/0058_000000029.jpg,.jpg,251315,True
training/flip/0059_000000001.jpg,.jpg,278077,True
training/flip/0059_000000002.jpg,.jpg,284103,True
training/flip/0059_000000003.jpg,.jpg,292529,True
training/flip/0059_000000004.jpg,.jpg,299069,True
training/flip/0059_000000005.jpg,.jpg,293775,True
training/flip/0059_000000006.jpg,.jpg,284256,True
training/flip/0059_000000007.jpg,.jpg,285251,True
training/flip/0059_000000008.jpg,.jpg,273820,True
training/flip/0059_000000009.jpg,.jpg,275027,True
training/flip/0059_000000010.jpg,.jpg,279069,True
training/flip/0059_000000011.jpg,.jpg,282726,True
training/flip/0059_000000012.jpg,.jpg,281478,True
training/flip/0059_000000013.jpg,.jpg,284147,True
training/flip/0059_000000014.jpg,.jpg,288260,True
training/flip/0059_000000018.jpg,.jpg,304777,True
training/flip/0059_000000019.jpg,.jpg,306686,True
training/flip/0059_000000021.jpg,.jpg,310558,True
training/flip/0059_000000022.jpg,.jpg,326531,True
training/flip/0059_000000023.jpg,.jpg,331702,True
training/flip/0059_000000024.jpg,.jpg,343485,True
training/flip/0059_000000025.jpg,.jpg,341924,True
training/flip/0059_000000026.jpg,.jpg,328668,True
training/flip/0059_000000027.jpg,.jpg,312560,True
training/flip/0059_000000029.jpg,.jpg,291752,True
training/flip/0059_000000030.jpg,.jpg,303758,True
training/flip/0060_000000001.jpg,.jpg,327574,True
training/flip/0060_000000002.jpg,.jpg,330447,True
training/flip/0060_000000003.jpg,.jpg,332097,True
training/flip/0060_000000005.jpg,.jpg,330762,True
training/flip/0060_000000007.jpg,.jpg,329076,True
training/flip/0060_000000009.jpg,.jpg,332180,True
training/flip/0060_000000010.jpg,.jpg,329799,True
training/flip/0060_000000011.jpg,.jpg,326422,True
training/flip/0060_000000012.jpg,.jpg,318030,True
training/flip/0060_000000014.jpg,.jpg,309956,True
training/flip/0060_000000015.jpg,.jpg,300165,True
training/flip/0060_000000016.jpg,.jpg,301266,True
training/flip/0060_000000017.jpg,.jpg,299831,True
training/flip/0060_000000018.jpg,.jpg,300416,True
training/flip/0060_000000019.jpg,.jpg,298153,True
training/flip/0060_000000020.jpg,.jpg,298671,True
training/flip/0060_000000021.jpg,.jpg,299512,True
training/flip/0060_000000022.jpg,.jpg,306470,True
training/flip/0060_000000023.jpg,.jpg,313391,True
training/flip/0060_000000024.jpg,.jpg,315145,True
training/flip/0060_000000025.jpg,.jpg,321460,True
training/flip/0060_000000026.jpg,.jpg,320042,True
training/flip/0060_000000027.jpg,.jpg,322127,True
training/flip/0060_000000028.jpg,.jpg,317856,True
training/flip/0060_000000029.jpg,.jpg,309568,True
training/flip/0060_000000030.jpg,.jpg,303640,True
training/flip/0060_000000031.jpg,.jpg,301311,True
training/flip/0060_000000033.jpg,.jpg,285480,True
training/flip/0060_000000034.jpg,.jpg,292150,True
training/flip/0060_000000035.jpg,.jpg,288427,True
training/flip/0060_000000036.jpg,.jpg,291473,True
training/flip/0060_000000039.jpg,.jpg,305708,True
training/flip/0060_000000040.jpg,.jpg,305929,True
training/flip/0060_000000041.jpg,.jpg,311846,True
training/flip/0060_000000042.jpg,.jpg,306133,True
training/flip/0060_000000045.jpg,.jpg,317474,True
training/flip/0060_000000046.jpg,.jpg,315447,True
training/flip/0060_000000047.jpg,.jpg,316284,True
training/flip/0060_000000048.jpg,.jpg,314097,True
training/flip/0060_000000049.jpg,.jpg,319245,True
training/flip/0060_000000050.jpg,.jpg,307993,True
training/flip/0060_000000051.jpg,.jpg,289068,True
training/flip/0060_000000054.jpg,.jpg,248433,True
training/flip/0061_000000009.jpg,.jpg,260527,True
training/flip/0061_000000012.jpg,.jpg,221324,True
training/flip/0061_000000013.jpg,.jpg,216763,True
training/flip/0061_000000014.jpg,.jpg,218523,True
training/flip/0061_000000015.jpg,.jpg,213926,True
training/flip/0061_000000016.jpg,.jpg,223019,True
training/flip/0061_000000017.jpg,.jpg,235979,True
training/flip/0061_000000019.jpg,.jpg,263010,True
training/flip/0061_000000020.jpg,.jpg,267330,True
training/flip/0061_000000021.jpg,.jpg,278852,True
training/flip/0061_000000022.jpg,.jpg,293256,True
training/flip/0061_000000023.jpg,.jpg,304116,True
training/flip/0061_000000024.jpg,.jpg,307744,True
training/flip/0061_000000025.jpg,.jpg,306631,True
training/flip/0061_000000028.jpg,.jpg,287373,True
training/flip/0061_000000030.jpg,.jpg,276242,True
training/flip/0062_000000001.jpg,.jpg,264927,True
training/flip/0062_000000002.jpg,.jpg,265372,True
training/flip/0062_000000004.jpg,.jpg,264326,True
training/flip/0062_000000005.jpg,.jpg,262022,True
training/flip/0062_000000007.jpg,.jpg,264824,True
training/flip/0062_000000008.jpg,.jpg,265917,True
training/flip/0062_000000010.jpg,.jpg,261256,True
training/flip/0062_000000014.jpg,.jpg,266688,True
training/flip/0062_000000015.jpg,.jpg,268830,True
training/flip/0062_000000016.jpg,.jpg,270590,True
training/flip/0062_000000017.jpg,.jpg,272037,True
training/flip/0062_000000019.jpg,.jpg,271415,True
training/flip/0062_000000021.jpg,.jpg,267627,True
training/flip/0062_000000022.jpg,.jpg,278791,True
training/flip/0062_000000023.jpg,.jpg,277226,True
training/flip/0062_000000024.jpg,.jpg,274680,True
training/flip/0062_000000025.jpg,.jpg,274605,True
training/flip/0062_000000026.jpg,.jpg,272024,True
training/flip/0062_000000027.jpg,.jpg,272224,True
training/flip/0062_000000028.jpg,.jpg,273902,True
training/flip/0062_000000029.jpg,.jpg,272308,True
training/flip/0062_000000030.jpg,.jpg,271323,True
training/flip/0063_000000010.jpg,.jpg,295321,True
training/flip/0063_000000012.jpg,.jpg,295241,True
training/flip/0063_000000013.jpg,.jpg,280420,True
training/flip/0063_000000015.jpg,.jpg,291369,True
training/flip/0063_000000016.jpg,.jpg,307803,True
training/flip/0063_000000017.jpg,.jpg,325643,True
training/flip/0063_000000018.jpg,.jpg,329564,True
training/flip/0063_000000019.jpg,.jpg,317628,True
training/flip/0063_000000020.jpg,.jpg,299770,True
training/flip/0063_000000021.jpg,.jpg,295077,True
training/flip/0063_000000022.jpg,.jpg,293733,True
training/flip/0064_000000019.jpg,.jpg,311627,True
training/flip/0064_000000020.jpg,.jpg,308435,True
training/flip/0064_000000021.jpg,.jpg,291727,True
training/flip/0064_000000022.jpg,.jpg,291575,True
training/flip/0064_000000023.jpg,.jpg,309236,True
training/flip/0064_000000024.jpg,.jpg,322798,True
training/flip/0064_000000025.jpg,.jpg,334885,True
training/flip/0064_000000026.jpg,.jpg,326246,True
training/flip/0064_000000028.jpg,.jpg,288670,True
training/flip/0064_000000029.jpg,.jpg,287904,True
training/flip/0065_000000002.jpg,.jpg,320341,True
training/flip/0065_000000003.jpg,.jpg,323821,True
training/flip/0065_000000004.jpg,.jpg,324292,True
training/flip/0065_000000006.jpg,.jpg,308062,True
training/flip/0065_000000007.jpg,.jpg,318719,True
training/flip/0065_000000008.jpg,.jpg,316226,True
training/flip/0065_000000009.jpg,.jpg,318652,True
training/flip/0065_000000010.jpg,.jpg,317555,True
training/flip/0065_000000011.jpg,.jpg,318813,True
training/flip/0065_000000012.jpg,.jpg,316360,True
training/flip/0065_000000013.jpg,.jpg,313288,True
training/flip/0065_000000014.jpg,.jpg,315828,True
training/flip/0065_000000015.jpg,.jpg,308326,True
training/flip/0065_000000017.jpg,.jpg,300206,True
training/flip/0065_000000018.jpg,.jpg,298190,True
training/flip/0065_000000019.jpg,.jpg,294332,True
training/flip/0065_000000020.jpg,.jpg,297068,True
training/flip/0065_000000021.jpg,.jpg,295408,True
training/flip/0065_000000022.jpg,.jpg,290579,True
training/flip/0065_000000024.jpg,.jpg,276258,True
training/flip/0065_000000027.jpg,.jpg,257613,True
training/flip/0065_000000028.jpg,.jpg,249623,True
training/flip/0065_000000029.jpg,.jpg,251703,True
training/notflip/0001_000000001.jpg,.jpg,357396,True
training/notflip/0001_000000003.jpg,.jpg,357375,True
training/notflip/0001_000000005.jpg,.jpg,363804,True
training/notflip/0001_000000006.jpg,.jpg,366989,True
training/notflip/0001_000000007.jpg,.jpg,369981,True
training/notflip/0001_000000008.jpg,.jpg,375401,True
training/notflip/0001_000000010.jpg,.jpg,376751,True
training/notflip/0001_000000011.jpg,.jpg,377412,True
training/notflip/0001_000000012.jpg,.jpg,379632,True
training/notflip/0001_000000013.jpg,.jpg,381988,True
training/notflip/0001_000000015.jpg,.jpg,378358,True
training/notflip/0001_000000016.jpg,.jpg,378211,True
training/notflip/0001_000000017.jpg,.jpg,387125,True
training/notflip/0001_000000018.jpg,.jpg,384686,True
training/notflip/0001_000000019.jpg,.jpg,384672,True
training/notflip/0001_000000020.jpg,.jpg,386213,True
training/notflip/0001_000000021.jpg,.jpg,388441,True
training/notflip/0001_000000022.jpg,.jpg,389068,True
training/notflip/0001_000000023.jpg,.jpg,370531,True
training/notflip/0001_000000025.jpg,.jpg,386399,True
training/notflip/0001_000000026.jpg,.jpg,387609,True
training/notflip/0001_000000027.jpg,.jpg,379838,True
training/notflip/0001_000000028.jpg,.jpg,385823,True
training/notflip/0001_000000029.jpg,.jpg,389847,True
training/notflip/0001_000000030.jpg,.jpg,387099,True
training/notflip/0002_000000001.jpg,.jpg,325105,True
training/notflip/0002_000000002.jpg,.jpg,335067,True
training/notflip/0002_000000004.jpg,.jpg,335047,True
training/notflip/0002_000000005.jpg,.jpg,330349,True
training/notflip/0002_000000007.jpg,.jpg,304961,True
training/notflip/0002_000000009.jpg,.jpg,296939,True
training/notflip/0002_000000010.jpg,.jpg,304145,True
training/notflip/0002_000000011.jpg,.jpg,319219,True
training/notflip/0002_000000013.jpg,.jpg,344399,True
training/notflip/0002_000000014.jpg,.jpg,347339,True
training/notflip/0002_000000016.jpg,.jpg,349484,True
training/notflip/0002_000000017.jpg,.jpg,350663,True
training/notflip/0002_000000018.jpg,.jpg,346830,True
training/notflip/0002_000000019.jpg,.jpg,349687,True
training/notflip/0002_000000020.jpg,.jpg,349706,True
training/notflip/0002_000000021.jpg,.jpg,350407,True
training/notflip/0002_000000022.jpg,.jpg,348015,True
training/notflip/0002_000000023.jpg,.jpg,352548,True
training/notflip/0002_000000024.jpg,.jpg,352722,True
training/notflip/0002_000000025.jpg,.jpg,350107,True
training/notflip/0002_000000029.jpg,.jpg,354391,True
training/notflip/0002_000000030.jpg,.jpg,338286,True
training/notflip/0003_000000001.jpg,.jpg,353303,True
training/notflip/0003_000000002.jpg,.jpg,360415,True
training/notflip/0003_000000003.jpg,.jpg,364613,True
training/notflip/0003_000000005.jpg,.jpg,364810,True
training/notflip/0003_000000006.jpg,.jpg,367523,True
training/notflip/0003_000000007.jpg,.jpg,366622,True
training/notflip/0003_000000008.jpg,.jpg,371526,True
training/notflip/0003_000000009.jpg,.jpg,372633,True
training/notflip/0003_000000010.jpg,.jpg,373551,True
training/notflip/0003_000000011.jpg,.jpg,373847,True
training/notflip/0003_000000012.jpg,.jpg,369621,True
training/notflip/0003_000000013.jpg,.jpg,367261,True
training/notflip/0003_000000014.jpg,.jpg,370546,True
training/notflip/0003_000000015.jpg,.jpg,370528,True
training/notflip/0003_000000016.jpg,.jpg,368113,True
training/notflip/0003_000000017.jpg,.jpg,369377,True
training/notflip/0003_000000019.jpg,.jpg,367735,True
training/notflip/0003_000000020.jpg,.jpg,366596,True
training/notflip/0003_000000021.jpg,.jpg,369006,True
training/notflip/0003_000000022.jpg,.jpg,371358,True
training/notflip/0003_000000023.jpg,.jpg,370584,True
training/notflip/0003_000000024.jpg,.jpg,371167,True
training/notflip/0003_000000026.jpg,.jpg,357904,True
training/notflip/0003_000000027.jpg,.jpg,356663,True
training/notflip/0003_000000028.jpg,.jpg,319629,True
training/notflip/0003_000000029.jpg,.jpg,338718,True
training/notflip/0004_000000001.jpg,.jpg,407817,True
training/notflip/0004_000000003.jpg,.jpg,413856,True
training/notflip/0004_000000005.jpg,.jpg,413914,True
training/notflip/0004_000000006.jpg,.jpg,413733,True
training/notflip/0004_000000007.jpg,.jpg,408764,True
training/notflip/0004_000000008.jpg,.jpg,403118,True
training/notflip/0004_000000009.jpg,.jpg,399282,True
training/notflip/0004_000000011.jpg,.jpg,388071,True
training/notflip/0004_000000013.jpg,.jpg,375378,True
training/notflip/0004_000000014.jpg,.jpg,369201,True
training/notflip/0004_000000017.jpg,.jpg,379283,True
training/notflip/0004_000000018.jpg,.jpg,390116,True
training/notflip/0004_000000019.jpg,.jpg,395943,True
training/notflip/0004_000000021.jpg,.jpg,397346,True
training/notflip/0004_000000022.jpg,.jpg,404040,True
training/notflip/0004_000000024.jpg,.jpg,404678,True
training/notflip/0004_000000025.jpg,.jpg,402581,True
training/notflip/0004_000000026.jpg,.jpg,408463,True
training/notflip/0004_000000027.jpg,.jpg,408555,True
training/notflip/0004_000000028.jpg,.jpg,408019,True
training/notflip/0004_000000030.jpg,.jpg,408656,True
training/notflip/0004_000000031.jpg,.jpg,408319,True
training/notflip/0004_000000032.jpg,.jpg,412349,True
training/notflip/0004_000000033.jpg,.jpg,413236,True
training/notflip/0004_000000034.jpg,.jpg,412442,True
training/notflip/0004_000000035.jpg,.jpg,406547,True
training/notflip/0005_000000001.jpg,.jpg,330666,True
training/notflip/0005_000000002.jpg,.jpg,345406,True
training/notflip/0005_000000003.jpg,.jpg,349216,True
training/notflip/0005_000000004.jpg,.jpg,336204,True
training/notflip/0005_000000006.jpg,.jpg,336217,True
training/notflip/0005_000000007.jpg,.jpg,337053,True
training/notflip/0005_000000008.jpg,.jpg,343185,True
training/notflip/0005_000000010.jpg,.jpg,341511,True
training/notflip/0005_000000011.jpg,.jpg,344236,True
training/notflip/0005_000000013.jpg,.jpg,349876,True
training/notflip/0005_000000014.jpg,.jpg,352481,True
training/notflip/0005_000000015.jpg,.jpg,357384,True
training/notflip/0005_000000016.jpg,.jpg,365304,True
training/notflip/0005_000000017.jpg,.jpg,368140,True
training/notflip/0005_000000019.jpg,.jpg,364383,True
training/notflip/0005_000000020.jpg,.jpg,304360,True
training/notflip/0005_000000021.jpg,.jpg,306538,True
training/notflip/0005_000000023.jpg,.jpg,302673,True
training/notflip/0005_000000024.jpg,.jpg,316853,True
training/notflip/0005_000000025.jpg,.jpg,322293,True
training/notflip/0005_000000026.jpg,.jpg,325777,True
training/notflip/0005_000000027.jpg,.jpg,342376,True
training/notflip/0005_000000028.jpg,.jpg,348725,True
training/notflip/0005_000000029.jpg,.jpg,351683,True
training/notflip/0005_000000030.jpg,.jpg,343623,True
training/notflip/0006_000000001.jpg,.jpg,367073,True
training/notflip/0006_000000002.jpg,.jpg,373645,True
training/notflip/0006_000000003.jpg,.jpg,374942,True
training/notflip/0006_000000004.jpg,.jpg,383581,True
training/notflip/0006_000000005.jpg,.jpg,388219,True
training/notflip/0006_000000006.jpg,.jpg,391955,True
training/notflip/0006_000000007.jpg,.jpg,388820,True
training/notflip/0006_000000008.jpg,.jpg,391232,True
training/notflip/0006_000000010.jpg,.jpg,397859,True
training/notflip/0006_000000011.jpg,.jpg,399881,True
training/notflip/0006_000000012.jpg,.jpg,401350,True
training/notflip/0006_000000013.jpg,.jpg,400053,True
training/notflip/0006_000000014.jpg,.jpg,398855,True
training/notflip/0006_000000017.jpg,.jpg,393628,True
training/notflip/0006_000000018.jpg,.jpg,375847,True
training/notflip/0006_000000020.jpg,.jpg,377720,True
training/notflip/0006_000000022.jpg,.jpg,376965,True
training/notflip/0006_000000024.jpg,.jpg,376920,True
training/notflip/0006_000000026.jpg,.jpg,383558,True
training/notflip/0006_000000030.jpg,.jpg,383637,True
training/notflip/0007_000000001.jpg,.jpg,214483,True
training/notflip/0007_000000002.jpg,.jpg,225847,True
training/notflip/0007_000000003.jpg,.jpg,227013,True
training/notflip/0007_000000004.jpg,.jpg,226852,True
training/notflip/0007_000000005.jpg,.jpg,228010,True
training/notflip/0007_000000006.jpg,.jpg,229485,True
training/notflip/0007_000000007.jpg,.jpg,229835,True
training/notflip/0007_000000008.jpg,.jpg,231480,True
training/notflip/0007_000000009.jpg,.jpg,232841,True
training/notflip/0007_000000011.jpg,.jpg,231461,True
training/notflip/0007_000000012.jpg,.jpg,232691,True
training/notflip/0007_000000013.jpg,.jpg,232981,True
training/notflip/0007_000000014.jpg,.jpg,233146,True
training/notflip/0007_000000015.jpg,.jpg,248375,True
training/notflip/0007_000000016.jpg,.jpg,251904,True
training/notflip/0007_000000017.jpg,.jpg,254062,True
training/notflip/0007_000000018.jpg,.jpg,254923,True
training/notflip/0007_000000019.jpg,.jpg,284153,True
training/notflip/0007_000000020.jpg,.jpg,290660,True
training/notflip/0007_000000021.jpg,.jpg,292395,True
training/notflip/0007_000000022.jpg,.jpg,292655,True
training/notflip/0007_000000023.jpg,.jpg,292948,True
training/notflip/0007_000000024.jpg,.jpg,297539,True
training/notflip/0007_000000026.jpg,.jpg,302386,True
training/notflip/0007_000000027.jpg,.jpg,306119,True
training/notflip/0007_000000028.jpg,.jpg,307572,True
training/notflip/0007_000000029.jpg,.jpg,308889,True
training/notflip/0007_000000030.jpg,.jpg,311665,True
training/notflip/0008_000000001.jpg,.jpg,300978,True
training/notflip/0008_000000002.jpg,.jpg,299141,True
training/notflip/0008_000000003.jpg,.jpg,289972,True
training/notflip/0008_000000004.jpg,.jpg,283285,True
training/notflip/0008_000000005.jpg,.jpg,279004,True
training/notflip/0008_000000006.jpg,.jpg,276578,True
training/notflip/0008_000000007.jpg,.jpg,273670,True
training/notflip/0008_000000010.jpg,.jpg,260551,True
training/notflip/0008_000000011.jpg,.jpg,257801,True
training/notflip/0008_000000014.jpg,.jpg,239254,True
training/notflip/0008_000000015.jpg,.jpg,233071,True
training/notflip/0008_000000016.jpg,.jpg,227891,True
training/notflip/0008_000000017.jpg,.jpg,225238,True
training/notflip/0008_000000018.jpg,.jpg,223455,True
training/notflip/0008_000000019.jpg,.jpg,223565,True
training/notflip/0008_000000021.jpg,.jpg,228968,True
training/notflip/0008_000000022.jpg,.jpg,232091,True
training/notflip/0008_000000024.jpg,.jpg,233302,True
training/notflip/0008_000000025.jpg,.jpg,233762,True
training/notflip/0008_000000026.jpg,.jpg,235011,True
training/notflip/0008_000000027.jpg,.jpg,235429,True
training/notflip/0008_000000028.jpg,.jpg,235877,True
training/notflip/0008_000000029.jpg,.jpg,237755,True
training/notflip/0008_000000030.jpg,.jpg,238320,True
training/notflip/0009_000000001.jpg,.jpg,239170,True
training/notflip/0009_000000006.jpg,.jpg,238202,True
training/notflip/0009_000000007.jpg,.jpg,238706,True
training/notflip/0009_000000008.jpg,.jpg,237363,True
training/notflip/0009_000000009.jpg,.jpg,236518,True
training/notflip/0009_000000010.jpg,.jpg,236130,True
training/notflip/0009_000000011.jpg,.jpg,234351,True
training/notflip/0009_000000013.jpg,.jpg,234423,True
training/notflip/0009_000000014.jpg,.jpg,236358,True
training/notflip/0009_000000016.jpg,.jpg,239720,True
training/notflip/0009_000000018.jpg,.jpg,242216,True
training/notflip/0009_000000019.jpg,.jpg,245628,True
training/notflip/0009_000000020.jpg,.jpg,249869,True
training/notflip/0009_000000021.jpg,.jpg,255559,True
training/notflip/0009_000000022.jpg,.jpg,258604,True
training/notflip/0009_000000023.jpg,.jpg,261230,True
training/notflip/0009_000000024.jpg,.jpg,266170,True
training/notflip/0009_000000025.jpg,.jpg,275394,True
training/notflip/0009_000000026.jpg,.jpg,292388,True
training/notflip/0009_000000028.jpg,.jpg,318351,True
training/notflip/0009_000000029.jpg,.jpg,323272,True
training/notflip/0009_000000030.jpg,.jpg,341502,True
training/notflip/0010_000000001.jpg,.jpg,353333,True
training/notflip/0010_000000002.jpg,.jpg,351813,True
training/notflip/0010_000000003.jpg,.jpg,336069,True
training/notflip/0010_000000004.jpg,.jpg,318890,True
training/notflip/0010_000000005.jpg,.jpg,305802,True
training/notflip/0010_000000006.jpg,.jpg,298829,True
training/notflip/0010_000000008.jpg,.jpg,290279,True
training/notflip/0010_000000010.jpg,.jpg,273294,True
training/notflip/0010_000000011.jpg,.jpg,273749,True
training/notflip/0010_000000012.jpg,.jpg,275377,True
training/notflip/0010_000000013.jpg,.jpg,277504,True
training/notflip/0010_000000014.jpg,.jpg,278067,True
training/notflip/0010_000000015.jpg,.jpg,278402,True
training/notflip/0010_000000016.jpg,.jpg,278438,True
training/notflip/0010_000000017.jpg,.jpg,278069,True
training/notflip/0010_000000018.jpg,.jpg,278671,True
training/notflip/0010_000000019.jpg,.jpg,278219,True
training/notflip/0010_000000020.jpg,.jpg,278625,True
training/notflip/0010_000000021.jpg,.jpg,279007,True
training/notflip/0010_000000022.jpg,.jpg,279090,True
training/notflip/0010_000000023.jpg,.jpg,279955,True
training/notflip/0010_000000024.jpg,.jpg,281663,True
training/notflip/0010_000000025.jpg,.jpg,284018,True
training/notflip/0010_000000027.jpg,.jpg,287235,True
training/notflip/0010_000000028.jpg,.jpg,286974,True
training/notflip/0010_000000029.jpg,.jpg,286124,True
training/notflip/0010_000000030.jpg,.jpg,285867,True
training/notflip/0011_000000001.jpg,.jpg,346682,True
training/notflip/0011_000000002.jpg,.jpg,352043,True
training/notflip/0011_000000003.jpg,.jpg,356507,True
training/notflip/0011_000000004.jpg,.jpg,362645,True
training/notflip/0011_000000005.jpg,.jpg,364231,True
training/notflip/0011_000000006.jpg,.jpg,357678,True
training/notflip/0011_000000007.jpg,.jpg,345793,True
training/notflip/0011_000000008.jpg,.jpg,339337,True
training/notflip/0011_000000009.jpg,.jpg,331191,True
training/notflip/0011_000000010.jpg,.jpg,338299,True
training/notflip/0011_000000011.jpg,.jpg,345799,True
training/notflip/0011_000000012.jpg,.jpg,342904,True
training/notflip/0011_000000013.jpg,.jpg,340846,True
training/notflip/0011_000000014.jpg,.jpg,334678,True
training/notflip/0011_000000015.jpg,.jpg,333567,True
training/notflip/0011_000000016.jpg,.jpg,336497,True
training/notflip/0011_000000019.jpg,.jpg,336320,True
training/notflip/0011_000000020.jpg,.jpg,334880,True
training/notflip/0011_000000021.jpg,.jpg,338096,True
training/notflip/0011_000000022.jpg,.jpg,343503,True
training/notflip/0011_000000023.jpg,.jpg,348556,True
training/notflip/0011_000000024.jpg,.jpg,348419,True
training/notflip/0011_000000025.jpg,.jpg,349429,True
training/notflip/0011_000000026.jpg,.jpg,349203,True
training/notflip/0011_000000028.jpg,.jpg,344314,True
training/notflip/0011_000000029.jpg,.jpg,347965,True
training/notflip/0011_000000030.jpg,.jpg,347113,True
training/notflip/0015_000000001.jpg,.jpg,338774,True
training/notflip/0015_000000006.jpg,.jpg,297371,True
training/notflip/0015_000000007.jpg,.jpg,288678,True
training/notflip/0015_000000008.jpg,.jpg,276744,True
training/notflip/0015_000000009.jpg,.jpg,271683,True
training/notflip/0015_000000010.jpg,.jpg,265778,True
training/notflip/0015_000000011.jpg,.jpg,263484,True
training/notflip/0015_000000012.jpg,.jpg,264795,True
training/notflip/0015_000000013.jpg,.jpg,270858,True
training/notflip/0015_000000014.jpg,.jpg,282892,True
training/notflip/0015_000000015.jpg,.jpg,295795,True
training/notflip/0015_000000016.jpg,.jpg,306609,True
training/notflip/0015_000000017.jpg,.jpg,308972,True
training/notflip/0015_000000019.jpg,.jpg,294775,True
training/notflip/0015_000000020.jpg,.jpg,307310,True
training/notflip/0015_000000022.jpg,.jpg,349407,True
training/notflip/0015_000000023.jpg,.jpg,357582,True
training/notflip/0015_000000024.jpg,.jpg,425058,True
training/notflip/0015_000000025.jpg,.jpg,421115,True
training/notflip/0015_000000026.jpg,.jpg,395980,True
training/notflip/0015_000000027.jpg,.jpg,372178,True
training/notflip/0015_000000028.jpg,.jpg,350500,True
training/notflip/0015_000000029.jpg,.jpg,338998,True
training/notflip/0015_000000030.jpg,.jpg,337283,True
training/notflip/0016_000000002.jpg,.jpg,367173,True
training/notflip/0016_000000003.jpg,.jpg,367239,True
training/notflip/0016_000000004.jpg,.jpg,413463,True
training/notflip/0016_000000005.jpg,.jpg,410766,True
training/notflip/0016_000000006.jpg,.jpg,402117,True
training/notflip/0016_000000007.jpg,.jpg,384846,True
training/notflip/0016_000000008.jpg,.jpg,396205,True
training/notflip/0016_000000009.jpg,.jpg,399011,True
training/notflip/0016_000000010.jpg,.jpg,408128,True
training/notflip/0016_000000011.jpg,.jpg,425391,True
training/notflip/0016_000000012.jpg,.jpg,408851,True
training/notflip/0016_000000013.jpg,.jpg,414525,True
training/notflip/0016_000000015.jpg,.jpg,426180,True
training/notflip/0016_000000016.jpg,.jpg,428308,True
training/notflip/0016_000000017.jpg,.jpg,430227,True
training/notflip/0016_000000018.jpg,.jpg,432187,True
training/notflip/0016_000000019.jpg,.jpg,436961,True
training/notflip/0016_000000021.jpg,.jpg,423793,True
training/notflip/0016_000000022.jpg,.jpg,434509,True
training/notflip/0016_000000024.jpg,.jpg,421693,True
training/notflip/0019_000000001.jpg,.jpg,413917,True
training/notflip/0019_000000003.jpg,.jpg,431490,True
training/notflip/0019_000000005.jpg,.jpg,431606,True
training/notflip/0019_000000006.jpg,.jpg,431615,True
training/notflip/0019_000000007.jpg,.jpg,438663,True
training/notflip/0019_000000008.jpg,.jpg,444300,True
training/notflip/0019_000000009.jpg,.jpg,443492,True
training/notflip/0019_000000010.jpg,.jpg,438038,True
training/notflip/0019_000000011.jpg,.jpg,443212,True
training/notflip/0019_000000013.jpg,.jpg,441256,True
training/notflip/0019_000000014.jpg,.jpg,446711,True
training/notflip/0019_000000016.jpg,.jpg,444992,True
training/notflip/0019_000000017.jpg,.jpg,445755,True
training/notflip/0019_000000018.jpg,.jpg,446410,True
training/notflip/0019_000000019.jpg,.jpg,439937,True
training/notflip/0019_000000020.jpg,.jpg,445574,True
training/notflip/0019_000000021.jpg,.jpg,451444,True
training/notflip/0019_000000022.jpg,.jpg,441247,True
training/notflip/0019_000000023.jpg,.jpg,448878,True
training/notflip/0019_000000026.jpg,.jpg,455252,True
training/notflip/0019_000000028.jpg,.jpg,456345,True
training/notflip/0019_000000029.jpg,.jpg,438696,True
training/notflip/0019_000000030.jpg,.jpg,440301,True
training/notflip/0020_000000001.jpg,.jpg,380399,True
training/notflip/0020_000000002.jpg,.jpg,388898,True
training/notflip/0020_000000003.jpg,.jpg,388019,True
training/notflip/0020_000000005.jpg,.jpg,390077,True
training/notflip/0020_000000006.jpg,.jpg,389890,True
training/notflip/0020_000000007.jpg,.jpg,391529,True
training/notflip/0020_000000008.jpg,.jpg,394954,True
training/notflip/0020_000000009.jpg,.jpg,397087,True
training/notflip/0020_000000011.jpg,.jpg,400059,True
training/notflip/0020_000000012.jpg,.jpg,401686,True
training/notflip/0020_000000013.jpg,.jpg,401306,True
training/notflip/0020_000000014.jpg,.jpg,402140,True
training/notflip/0020_000000015.jpg,.jpg,401493,True
training/notflip/0020_000000017.jpg,.jpg,403630,True
training/notflip/0020_000000018.jpg,.jpg,399152,True
training/notflip/0020_000000020.jpg,.jpg,403032,True
training/notflip/0020_000000021.jpg,.jpg,406046,True
training/notflip/0021_000000007.jpg,.jpg,324395,True
training/notflip/0021_000000008.jpg,.jpg,308957,True
training/notflip/0021_000000022.jpg,.jpg,273681,True
training/notflip/0021_000000023.jpg,.jpg,264707,True
training/notflip/0021_000000025.jpg,.jpg,253852,True
training/notflip/0021_000000027.jpg,.jpg,239857,True
training/notflip/0023_000000001.jpg,.jpg,324712,True
training/notflip/0023_000000002.jpg,.jpg,330420,True
training/notflip/0023_000000003.jpg,.jpg,328832,True
training/notflip/0023_000000004.jpg,.jpg,322324,True
training/notflip/0023_000000005.jpg,.jpg,316597,True
training/notflip/0023_000000006.jpg,.jpg,309833,True
training/notflip/0023_000000007.jpg,.jpg,292435,True
training/notflip/0023_000000008.jpg,.jpg,289684,True
training/notflip/0023_000000009.jpg,.jpg,272836,True
training/notflip/0023_000000010.jpg,.jpg,267546,True
training/notflip/0023_000000011.jpg,.jpg,276972,True
training/notflip/0023_000000012.jpg,.jpg,286607,True
training/notflip/0023_000000013.jpg,.jpg,307018,True
training/notflip/0023_000000015.jpg,.jpg,343459,True
training/notflip/0023_000000016.jpg,.jpg,360502,True
training/notflip/0023_000000017.jpg,.jpg,389130,True
training/notflip/0023_000000018.jpg,.jpg,406862,True
training/notflip/0023_000000019.jpg,.jpg,412267,True
training/notflip/0023_000000021.jpg,.jpg,419635,True
training/notflip/0023_000000022.jpg,.jpg,418642,True
training/notflip/0023_000000023.jpg,.jpg,406546,True
training/notflip/0023_000000025.jpg,.jpg,362223,True
training/notflip/0023_000000026.jpg,.jpg,328749,True
training/notflip/0023_000000027.jpg,.jpg,322429,True
training/notflip/0023_000000028.jpg,.jpg,318924,True
training/notflip/0024_000000001.jpg,.jpg,382303,True
training/notflip/0024_000000003.jpg,.jpg,398235,True
training/notflip/0024_000000005.jpg,.jpg,399430,True
training/notflip/0024_000000008.jpg,.jpg,405818,True
training/notflip/0024_000000009.jpg,.jpg,407937,True
training/notflip/0024_000000010.jpg,.jpg,397739,True
training/notflip/0024_000000011.jpg,.jpg,397852,True
training/notflip/0024_000000012.jpg,.jpg,400090,True
training/notflip/0024_000000013.jpg,.jpg,403429,True
training/notflip/0024_000000014.jpg,.jpg,398470,True
training/notflip/0024_000000015.jpg,.jpg,401317,True
training/notflip/0024_000000016.jpg,.jpg,402881,True
training/notflip/0024_000000017.jpg,.jpg,405313,True
training/notflip/0024_000000018.jpg,.jpg,406705,True
training/notflip/0024_000000021.jpg,.jpg,401319,True
training/notflip/0024_000000023.jpg,.jpg,400178,True
training/notflip/0024_000000026.jpg,.jpg,401585,True
training/notflip/0024_000000027.jpg,.jpg,400769,True
training/notflip/0024_000000028.jpg,.jpg,403396,True
training/notflip/0024_000000029.jpg,.jpg,399664,True
training/notflip/0024_000000030.jpg,.jpg,402770,True
training/notflip/0025_000000001.jpg,.jpg,368098,True
training/notflip/0025_000000002.jpg,.jpg,373830,True
training/notflip/0025_000000003.jpg,.jpg,356794,True
training/notflip/0025_000000004.jpg,.jpg,341693,True
training/notflip/0025_000000005.jpg,.jpg,338385,True
training/notflip/0025_000000006.jpg,.jpg,318258,True
training/notflip/0025_000000007.jpg,.jpg,327485,True
training/notflip/0025_000000008.jpg,.jpg,324359,True
training/notflip/0025_000000009.jpg,.jpg,308488,True
training/notflip/0025_000000012.jpg,.jpg,272429,True
training/notflip/0025_000000014.jpg,.jpg,282592,True
training/notflip/0025_000000015.jpg,.jpg,303099,True
training/notflip/0025_000000016.jpg,.jpg,328721,True
training/notflip/0025_000000017.jpg,.jpg,352789,True
training/notflip/0025_000000019.jpg,.jpg,389034,True
training/notflip/0025_000000020.jpg,.jpg,400774,True
training/notflip/0025_000000023.jpg,.jpg,402537,True
training/notflip/0025_000000024.jpg,.jpg,402602,True
training/notflip/0025_000000026.jpg,.jpg,404495,True
training/notflip/0025_000000027.jpg,.jpg,405595,True
training/notflip/0025_000000028.jpg,.jpg,406507,True
training/notflip/0025_000000029.jpg,.jpg,406107,True
training/notflip/0025_000000030.jpg,.jpg,404263,True
training/notflip/0026_000000001.jpg,.jpg,339752,True
training/notflip/0026_000000002.jpg,.jpg,343714,True
training/notflip/0026_000000003.jpg,.jpg,317080,True
training/notflip/0026_000000006.jpg,.jpg,274734,True
training/notflip/0026_000000007.jpg,.jpg,270565,True
training/notflip/0026_000000008.jpg,.jpg,268682,True
training/notflip/0026_000000009.jpg,.jpg,265184,True
training/notflip/0026_000000011.jpg,.jpg,285402,True
training/notflip/0026_000000012.jpg,.jpg,303451,True
training/notflip/0026_000000013.jpg,.jpg,326333,True
training/notflip/0026_000000015.jpg,.jpg,335186,True
training/notflip/0026_000000016.jpg,.jpg,354303,True
training/notflip/0026_000000017.jpg,.jpg,375046,True
training/notflip/0026_000000018.jpg,.jpg,381486,True
training/notflip/0026_000000019.jpg,.jpg,378335,True
training/notflip/0026_000000020.jpg,.jpg,381724,True
training/notflip/0026_000000021.jpg,.jpg,381069,True
training/notflip/0026_000000022.jpg,.jpg,372649,True
training/notflip/0026_000000023.jpg,.jpg,355041,True
training/notflip/0026_000000025.jpg,.jpg,311215,True
training/notflip/0026_000000026.jpg,.jpg,301999,True
training/notflip/0026_000000027.jpg,.jpg,295410,True
training/notflip/0026_000000028.jpg,.jpg,307653,True
training/notflip/0026_000000030.jpg,.jpg,360041,True
training/notflip/0027_000000002.jpg,.jpg,150042,True
training/notflip/0027_000000003.jpg,.jpg,152461,True
training/notflip/0027_000000005.jpg,.jpg,158540,True
training/notflip/0027_000000006.jpg,.jpg,161249,True
training/notflip/0027_000000007.jpg,.jpg,161759,True
training/notflip/0027_000000008.jpg,.jpg,168788,True
training/notflip/0027_000000009.jpg,.jpg,169871,True
training/notflip/0027_000000011.jpg,.jpg,173417,True
training/notflip/0027_000000012.jpg,.jpg,174017,True
training/notflip/0027_000000014.jpg,.jpg,175868,True
training/notflip/0027_000000015.jpg,.jpg,176145,True
training/notflip/0027_000000016.jpg,.jpg,176821,True
training/notflip/0027_000000018.jpg,.jpg,175829,True
training/notflip/0027_000000019.jpg,.jpg,175917,True
training/notflip/0027_000000020.jpg,.jpg,175709,True
training/notflip/0027_000000021.jpg,.jpg,175550,True
training/notflip/0027_000000024.jpg,.jpg,185217,True
training/notflip/0027_000000025.jpg,.jpg,187599,True
training/notflip/0027_000000026.jpg,.jpg,190111,True
training/notflip/0027_000000027.jpg,.jpg,191698,True
training/notflip/0027_000000028.jpg,.jpg,192528,True
training/notflip/0027_000000029.jpg,.jpg,193416,True
training/notflip/0027_000000030.jpg,.jpg,194028,True
training/notflip/0028_000000001.jpg,.jpg,427035,True
training/notflip/0028_000000002.jpg,.jpg,437142,True
training/notflip/0028_000000003.jpg,.jpg,436876,True
training/notflip/0028_000000005.jpg,.jpg,435094,True
training/notflip/0028_000000006.jpg,.jpg,424842,True
training/notflip/0028_000000007.jpg,.jpg,425254,True
training/notflip/0028_000000008.jpg,.jpg,412489,True
training/notflip/0028_000000009.jpg,.jpg,404642,True
training/notflip/0028_000000010.jpg,.jpg,403675,True
training/notflip/0028_000000011.jpg,.jpg,370652,True
training/notflip/0028_000000012.jpg,.jpg,382202,True
training/notflip/0028_000000013.jpg,.jpg,391191,True
training/notflip/0028_000000014.jpg,.jpg,406350,True
training/notflip/0028_000000015.jpg,.jpg,409869,True
training/notflip/0028_000000016.jpg,.jpg,432427,True
training/notflip/0028_000000017.jpg,.jpg,445647,True
training/notflip/0028_000000018.jpg,.jpg,452865,True
training/notflip/0028_000000019.jpg,.jpg,459493,True
training/notflip/0028_000000020.jpg,.jpg,461867,True
training/notflip/0028_000000021.jpg,.jpg,462914,True
training/notflip/0028_000000022.jpg,.jpg,463771,True
training/notflip/0028_000000023.jpg,.jpg,466976,True
training/notflip/0028_000000025.jpg,.jpg,466814,True
training/notflip/0028_000000026.jpg,.jpg,462929,True
training/notflip/0028_000000027.jpg,.jpg,465473,True
training/notflip/0028_000000028.jpg,.jpg,468406,True
training/notflip/0028_000000029.jpg,.jpg,469343,True
training/notflip/0028_000000030.jpg,.jpg,472424,True
training/notflip/0029_000000002.jpg,.jpg,374701,True
training/notflip/0029_000000006.jpg,.jpg,347889,True
training/notflip/0029_000000007.jpg,.jpg,345300,True
training/notflip/0029_000000008.jpg,.jpg,342274,True
training/notflip/0029_000000009.jpg,.jpg,350218,True
training/notflip/0029_000000010.jpg,.jpg,355939,True
training/notflip/0029_000000011.jpg,.jpg,361066,True
training/notflip/0029_000000012.jpg,.jpg,365721,True
training/notflip/0029_000000014.jpg,.jpg,362861,True
training/notflip/0029_000000015.jpg,.jpg,363696,True
training/notflip/0029_000000016.jpg,.jpg,361524,True
training/notflip/0029_000000020.jpg,.jpg,273000,True
training/notflip/0029_000000021.jpg,.jpg,276445,True
training/notflip/0029_000000022.jpg,.jpg,279112,True
training/notflip/0029_000000023.jpg,.jpg,280739,True
training/notflip/0029_000000024.jpg,.jpg,283512,True
training/notflip/0029_000000026.jpg,.jpg,339394,True
training/notflip/0029_000000027.jpg,.jpg,338160,True
training/notflip/0029_000000028.jpg,.jpg,343175,True
training/notflip/0029_000000029.jpg,.jpg,343361,True
training/notflip/0029_000000030.jpg,.jpg,346001,True
training/notflip/0030_000000002.jpg,.jpg,369550,True
training/notflip/0030_000000003.jpg,.jpg,367666,True
training/notflip/0030_000000005.jpg,.jpg,327759,True
training/notflip/0030_000000006.jpg,.jpg,304633,True
training/notflip/0030_000000008.jpg,.jpg,278342,True
training/notflip/0030_000000009.jpg,.jpg,274451,True
training/notflip/0030_000000010.jpg,.jpg,285596,True
training/notflip/0030_000000011.jpg,.jpg,313368,True
training/notflip/0030_000000012.jpg,.jpg,346676,True
training/notflip/0030_000000013.jpg,.jpg,379903,True
training/notflip/0030_000000014.jpg,.jpg,403552,True
training/notflip/0030_000000015.jpg,.jpg,404111,True
training/notflip/0030_000000016.jpg,.jpg,425038,True
training/notflip/0030_000000017.jpg,.jpg,425498,True
training/notflip/0030_000000019.jpg,.jpg,424423,True
training/notflip/0030_000000020.jpg,.jpg,424820,True
training/notflip/0030_000000021.jpg,.jpg,425727,True
training/notflip/0030_000000025.jpg,.jpg,431912,True
training/notflip/0030_000000026.jpg,.jpg,434128,True
training/notflip/0030_000000027.jpg,.jpg,437202,True
training/notflip/0030_000000029.jpg,.jpg,431942,True
training/notflip/0030_000000030.jpg,.jpg,432502,True
training/notflip/0031_000000001.jpg,.jpg,310700,True
training/notflip/0031_000000002.jpg,.jpg,332696,True
training/notflip/0031_000000003.jpg,.jpg,320870,True
training/notflip/0031_000000005.jpg,.jpg,327033,True
training/notflip/0031_000000006.jpg,.jpg,332598,True
training/notflip/0031_000000007.jpg,.jpg,332139,True
training/notflip/0031_000000009.jpg,.jpg,340280,True
training/notflip/0031_000000011.jpg,.jpg,345297,True
training/notflip/0031_000000012.jpg,.jpg,345371,True
training/notflip/0031_000000013.jpg,.jpg,349585,True
training/notflip/0031_000000014.jpg,.jpg,349775,True
training/notflip/0031_000000018.jpg,.jpg,358220,True
training/notflip/0031_000000021.jpg,.jpg,352867,True
training/notflip/0031_000000022.jpg,.jpg,356400,True
training/notflip/0031_000000023.jpg,.jpg,358895,True
training/notflip/0031_000000024.jpg,.jpg,356144,True
training/notflip/0031_000000025.jpg,.jpg,356953,True
training/notflip/0031_000000026.jpg,.jpg,356285,True
training/notflip/0031_000000027.jpg,.jpg,357326,True
training/notflip/0031_000000028.jpg,.jpg,357612,True
training/notflip/0031_000000029.jpg,.jpg,353960,True
training/notflip/0031_000000030.jpg,.jpg,360479,True
training/notflip/0032_000000001.jpg,.jpg,297477,True
training/notflip/0032_000000002.jpg,.jpg,304377,True
training/notflip/0032_000000004.jpg,.jpg,306951,True
training/notflip/0032_000000005.jpg,.jpg,305410,True
training/notflip/0032_000000006.jpg,.jpg,308042,True
training/notflip/0032_000000009.jpg,.jpg,292462,True
training/notflip/0032_000000011.jpg,.jpg,283746,True
training/notflip/0032_000000012.jpg,.jpg,270897,True
training/notflip/0032_000000013.jpg,.jpg,264004,True
training/notflip/0032_000000014.jpg,.jpg,252712,True
training/notflip/0032_000000016.jpg,.jpg,280448,True
training/notflip/0032_000000017.jpg,.jpg,292915,True
training/notflip/0032_000000018.jpg,.jpg,303102,True
training/notflip/0032_000000019.jpg,.jpg,304542,True
training/notflip/0032_000000020.jpg,.jpg,306061,True
training/notflip/0032_000000021.jpg,.jpg,310886,True
training/notflip/0032_000000022.jpg,.jpg,313719,True
training/notflip/0032_000000023.jpg,.jpg,314480,True
training/notflip/0032_000000024.jpg,.jpg,313711,True
training/notflip/0032_000000025.jpg,.jpg,313204,True
training/notflip/0032_000000026.jpg,.jpg,314056,True
training/notflip/0032_000000027.jpg,.jpg,315293,True
training/notflip/0032_000000028.jpg,.jpg,317684,True
training/notflip/0032_000000030.jpg,.jpg,317278,True
training/notflip/0033_000000001.jpg,.jpg,164148,True
training/notflip/0033_000000003.jpg,.jpg,161098,True
training/notflip/0033_000000004.jpg,.jpg,157460,True
training/notflip/0033_000000007.jpg,.jpg,150448,True
training/notflip/0033_000000009.jpg,.jpg,150056,True
training/notflip/0033_000000010.jpg,.jpg,152652,True
training/notflip/0033_000000011.jpg,.jpg,155605,True
training/notflip/0033_000000012.jpg,.jpg,157496,True
training/notflip/0033_000000013.jpg,.jpg,160323,True
training/notflip/0033_000000014.jpg,.jpg,161727,True
training/notflip/0033_000000016.jpg,.jpg,164391,True
training/notflip/0033_000000017.jpg,.jpg,165566,True
training/notflip/0033_000000018.jpg,.jpg,167473,True
training/notflip/0033_000000020.jpg,.jpg,170104,True
training/notflip/0033_000000021.jpg,.jpg,170380,True
training/notflip/0033_000000022.jpg,.jpg,171212,True
training/notflip/0033_000000023.jpg,.jpg,172115,True
training/notflip/0033_000000024.jpg,.jpg,173587,True
training/notflip/0033_000000026.jpg,.jpg,174559,True
training/notflip/0033_000000028.jpg,.jpg,175909,True
training/notflip/0033_000000029.jpg,.jpg,175336,True
training/notflip/0033_000000030.jpg,.jpg,177120,True
training/notflip/0034_000000001.jpg,.jpg,187233,True
training/notflip/0034_000000002.jpg,.jpg,187112,True
training/notflip/0034_000000003.jpg,.jpg,188239,True
training/notflip/0034_000000004.jpg,.jpg,194111,True
training/notflip/0034_000000005.jpg,.jpg,203154,True
training/notflip/0034_000000006.jpg,.jpg,212200,True
training/notflip/0034_000000007.jpg,.jpg,217768,True
training/notflip/0034_000000009.jpg,.jpg,221144,True
training/notflip/0034_000000010.jpg,.jpg,229410,True
training/notflip/0034_000000011.jpg,.jpg,230768,True
training/notflip/0034_000000012.jpg,.jpg,229536,True
training/notflip/0034_000000013.jpg,.jpg,231525,True
training/notflip/0034_000000014.jpg,.jpg,228474,True
training/notflip/0034_000000015.jpg,.jpg,223967,True
training/notflip/0034_000000016.jpg,.jpg,219539,True
training/notflip/0034_000000018.jpg,.jpg,209904,True
training/notflip/0034_000000019.jpg,.jpg,208162,True
training/notflip/0034_000000020.jpg,.jpg,207533,True
training/notflip/0034_000000021.jpg,.jpg,205699,True
training/notflip/0034_000000022.jpg,.jpg,201150,True
training/notflip/0034_000000023.jpg,.jpg,191829,True
training/notflip/0034_000000024.jpg,.jpg,190140,True
training/notflip/0034_000000026.jpg,.jpg,189307,True
training/notflip/0034_000000027.jpg,.jpg,188894,True
training/notflip/0034_000000028.jpg,.jpg,187358,True
training/notflip/0034_000000029.jpg,.jpg,184906,True
training/notflip/0035_000000001.jpg,.jpg,250377,True
training/notflip/0035_000000002.jpg,.jpg,249140,True
training/notflip/0035_000000003.jpg,.jpg,243072,True
training/notflip/0035_000000004.jpg,.jpg,239318,True
training/notflip/0035_000000005.jpg,.jpg,237528,True
training/notflip/0035_000000006.jpg,.jpg,236327,True
training/notflip/0035_000000007.jpg,.jpg,231495,True
training/notflip/0035_000000008.jpg,.jpg,219050,True
training/notflip/0035_000000010.jpg,.jpg,189065,True
training/notflip/0035_000000012.jpg,.jpg,214486,True
training/notflip/0035_000000013.jpg,.jpg,225497,True
training/notflip/0035_000000014.jpg,.jpg,228216,True
training/notflip/0035_000000017.jpg,.jpg,234783,True
training/notflip/0035_000000018.jpg,.jpg,235137,True
training/notflip/0035_000000019.jpg,.jpg,233392,True
training/notflip/0035_000000020.jpg,.jpg,230229,True
training/notflip/0035_000000021.jpg,.jpg,222176,True
training/notflip/0035_000000022.jpg,.jpg,214342,True
training/notflip/0035_000000023.jpg,.jpg,208559,True
training/notflip/0035_000000024.jpg,.jpg,203612,True
training/notflip/0035_000000025.jpg,.jpg,200432,True
training/notflip/0035_000000027.jpg,.jpg,199038,True
training/notflip/0035_000000028.jpg,.jpg,197561,True
training/notflip/0035_000000029.jpg,.jpg,197688,True
training/notflip/0035_000000030.jpg,.jpg,197356,True
training/notflip/0035_000000031.jpg,.jpg,197222,True
training/notflip/0035_000000032.jpg,.jpg,194118,True
training/notflip/0036_000000002.jpg,.jpg,204019,True
training/notflip/0036_000000003.jpg,.jpg,204253,True
training/notflip/0036_000000006.jpg,.jpg,205078,True
training/notflip/0036_000000007.jpg,.jpg,211419,True
training/notflip/0036_000000008.jpg,.jpg,221258,True
training/notflip/0036_000000009.jpg,.jpg,227949,True
training/notflip/0036_000000010.jpg,.jpg,231208,True
training/notflip/0036_000000011.jpg,.jpg,232763,True
training/notflip/0036_000000012.jpg,.jpg,235111,True
training/notflip/0036_000000013.jpg,.jpg,232902,True
training/notflip/0036_000000015.jpg,.jpg,225719,True
training/notflip/0036_000000016.jpg,.jpg,225917,True
training/notflip/0036_000000017.jpg,.jpg,224983,True
training/notflip/0036_000000018.jpg,.jpg,220683,True
training/notflip/0036_000000019.jpg,.jpg,214597,True
training/notflip/0036_000000021.jpg,.jpg,206063,True
training/notflip/0036_000000022.jpg,.jpg,203338,True
training/notflip/0036_000000023.jpg,.jpg,204055,True
training/notflip/0036_000000024.jpg,.jpg,206356,True
training/notflip/0036_000000026.jpg,.jpg,223813,True
training/notflip/0036_000000027.jpg,.jpg,229168,True
training/notflip/0036_000000029.jpg,.jpg,232728,True
training/notflip/0037_000000001.jpg,.jpg,183021,True
training/notflip/0037_000000003.jpg,.jpg,174136,True
training/notflip/0037_000000005.jpg,.jpg,179994,True
training/notflip/0037_000000006.jpg,.jpg,183716,True
training/notflip/0037_000000009.jpg,.jpg,183783,True
training/notflip/0037_000000011.jpg,.jpg,184167,True
training/notflip/0037_000000012.jpg,.jpg,183858,True
training/notflip/0037_000000013.jpg,.jpg,184743,True
training/notflip/0037_000000016.jpg,.jpg,190748,True
training/notflip/0037_000000017.jpg,.jpg,192229,True
training/notflip/0037_000000020.jpg,.jpg,202362,True
training/notflip/0037_000000021.jpg,.jpg,209834,True
training/notflip/0037_000000022.jpg,.jpg,213216,True
training/notflip/0037_000000023.jpg,.jpg,216806,True
training/notflip/0037_000000024.jpg,.jpg,220261,True
training/notflip/0037_000000026.jpg,.jpg,250348,True
training/notflip/0037_000000027.jpg,.jpg,272419,True
training/notflip/0037_000000029.jpg,.jpg,278648,True
training/notflip/0037_000000030.jpg,.jpg,290962,True
training/notflip/0038_000000001.jpg,.jpg,347129,True
training/notflip/0038_000000002.jpg,.jpg,351257,True
training/notflip/0038_000000003.jpg,.jpg,354975,True
training/notflip/0038_000000004.jpg,.jpg,349972,True
training/notflip/0038_000000006.jpg,.jpg,338470,True
training/notflip/0038_000000007.jpg,.jpg,343157,True
training/notflip/0038_000000012.jpg,.jpg,294748,True
training/notflip/0038_000000013.jpg,.jpg,284118,True
training/notflip/0038_000000014.jpg,.jpg,252494,True
training/notflip/0038_000000015.jpg,.jpg,247592,True
training/notflip/0038_000000016.jpg,.jpg,245433,True
training/notflip/0038_000000017.jpg,.jpg,243462,True
training/notflip/0038_000000018.jpg,.jpg,243142,True
training/notflip/0038_000000019.jpg,.jpg,250260,True
training/notflip/0038_000000021.jpg,.jpg,286495,True
training/notflip/0038_000000024.jpg,.jpg,318136,True
training/notflip/0038_000000025.jpg,.jpg,329456,True
training/notflip/0038_000000026.jpg,.jpg,337484,True
training/notflip/0038_000000027.jpg,.jpg,345259,True
training/notflip/0038_000000028.jpg,.jpg,346724,True
training/notflip/0038_000000029.jpg,.jpg,347291,True
training/notflip/0038_000000030.jpg,.jpg,348028,True
training/notflip/0039_000000001.jpg,.jpg,327255,True
training/notflip/0039_000000002.jpg,.jpg,328571,True
training/notflip/0039_000000004.jpg,.jpg,329041,True
training/notflip/0039_000000005.jpg,.jpg,323783,True
training/notflip/0039_000000006.jpg,.jpg,311189,True
training/notflip/0039_000000007.jpg,.jpg,301308,True
training/notflip/0039_000000008.jpg,.jpg,296157,True
training/notflip/0039_000000009.jpg,.jpg,298996,True
training/notflip/0039_000000010.jpg,.jpg,292795,True
training/notflip/0039_000000011.jpg,.jpg,283684,True
training/notflip/0039_000000012.jpg,.jpg,277816,True
training/notflip/0039_000000013.jpg,.jpg,273912,True
training/notflip/0039_000000014.jpg,.jpg,273167,True
training/notflip/0039_000000015.jpg,.jpg,271309,True
training/notflip/0039_000000016.jpg,.jpg,270889,True
training/notflip/0039_000000017.jpg,.jpg,275797,True
training/notflip/0039_000000018.jpg,.jpg,285360,True
training/notflip/0039_000000019.jpg,.jpg,291318,True
training/notflip/0039_000000020.jpg,.jpg,311203,True
training/notflip/0039_000000021.jpg,.jpg,327116,True
training/notflip/0039_000000023.jpg,.jpg,345789,True
training/notflip/0039_000000024.jpg,.jpg,361414,True
training/notflip/0039_000000025.jpg,.jpg,368105,True
training/notflip/0039_000000027.jpg,.jpg,359661,True
training/notflip/0039_000000028.jpg,.jpg,359858,True
training/notflip/0039_000000029.jpg,.jpg,350980,True
training/notflip/0039_000000030.jpg,.jpg,335075,True
training/notflip/0040_000000001.jpg,.jpg,389084,True
training/notflip/0040_000000002.jpg,.jpg,387570,True
training/notflip/0040_000000003.jpg,.jpg,378731,True
training/notflip/0040_000000008.jpg,.jpg,398695,True
training/notflip/0040_000000009.jpg,.jpg,400973,True
training/notflip/0040_000000010.jpg,.jpg,400855,True
training/notflip/0040_000000013.jpg,.jpg,408615,True
training/notflip/0040_000000015.jpg,.jpg,419327,True
training/notflip/0040_000000019.jpg,.jpg,430648,True
training/notflip/0040_000000020.jpg,.jpg,430981,True
training/notflip/0040_000000021.jpg,.jpg,427809,True
training/notflip/0040_000000022.jpg,.jpg,421640,True
training/notflip/0040_000000023.jpg,.jpg,420826,True
training/notflip/0040_000000024.jpg,.jpg,424480,True
training/notflip/0040_000000025.jpg,.jpg,427058,True
training/notflip/0040_000000026.jpg,.jpg,426542,True
training/notflip/0040_000000027.jpg,.jpg,425128,True
training/notflip/0040_000000028.jpg,.jpg,427036,True
training/notflip/0040_000000029.jpg,.jpg,428659,True
training/notflip/0040_000000030.jpg,.jpg,426106,True
training/notflip/0041_000000002.jpg,.jpg,267448,True
training/notflip/0041_000000004.jpg,.jpg,272775,True
training/notflip/0041_000000005.jpg,.jpg,276922,True
training/notflip/0041_000000007.jpg,.jpg,284095,True
training/notflip/0041_000000008.jpg,.jpg,283231,True
training/notflip/0041_000000009.jpg,.jpg,288521,True
training/notflip/0041_000000010.jpg,.jpg,292471,True
training/notflip/0041_000000012.jpg,.jpg,296429,True
training/notflip/0041_000000013.jpg,.jpg,301567,True
training/notflip/0041_000000016.jpg,.jpg,311169,True
training/notflip/0041_000000017.jpg,.jpg,312350,True
training/notflip/0041_000000018.jpg,.jpg,315467,True
training/notflip/0041_000000019.jpg,.jpg,318544,True
training/notflip/0041_000000020.jpg,.jpg,319289,True
training/notflip/0041_000000023.jpg,.jpg,323030,True
training/notflip/0041_000000024.jpg,.jpg,323450,True
training/notflip/0041_000000025.jpg,.jpg,324113,True
training/notflip/0041_000000026.jpg,.jpg,322058,True
training/notflip/0041_000000027.jpg,.jpg,322553,True
training/notflip/0041_000000029.jpg,.jpg,322459,True
training/notflip/0041_000000030.jpg,.jpg,321528,True
training/notflip/0041_000000031.jpg,.jpg,319422,True
training/notflip/0041_000000032.jpg,.jpg,319967,True
training/notflip/0041_000000033.jpg,.jpg,316072,True
training/notflip/0041_000000035.jpg,.jpg,316406,True
training/notflip/0041_000000037.jpg,.jpg,320732,True
training/notflip/0042_000000002.jpg,.jpg,253313,True
training/notflip/0042_000000003.jpg,.jpg,249912,True
training/notflip/0042_000000004.jpg,.jpg,243321,True
training/notflip/0042_000000005.jpg,.jpg,248753,True
training/notflip/0042_000000008.jpg,.jpg,264007,True
training/notflip/0042_000000009.jpg,.jpg,267915,True
training/notflip/0042_000000010.jpg,.jpg,269200,True
training/notflip/0042_000000011.jpg,.jpg,266614,True
training/notflip/0042_000000012.jpg,.jpg,249049,True
training/notflip/0042_000000014.jpg,.jpg,256893,True
training/notflip/0042_000000015.jpg,.jpg,262711,True
training/notflip/0042_000000016.jpg,.jpg,274038,True
training/notflip/0042_000000017.jpg,.jpg,278020,True
training/notflip/0042_000000018.jpg,.jpg,280920,True
training/notflip/0042_000000019.jpg,.jpg,282025,True
training/notflip/0042_000000020.jpg,.jpg,279731,True
training/notflip/0042_000000022.jpg,.jpg,266681,True
training/notflip/0042_000000023.jpg,.jpg,257898,True
training/notflip/0042_000000025.jpg,.jpg,253099,True
training/notflip/0042_000000026.jpg,.jpg,256712,True
training/notflip/0042_000000028.jpg,.jpg,269875,True
training/notflip/0042_000000029.jpg,.jpg,271591,True
training/notflip/0043_000000001.jpg,.jpg,312438,True
training/notflip/0043_000000002.jpg,.jpg,323618,True
training/notflip/0043_000000003.jpg,.jpg,328106,True
training/notflip/0043_000000004.jpg,.jpg,324998,True
training/notflip/0043_000000005.jpg,.jpg,319008,True
training/notflip/0043_000000006.jpg,.jpg,314529,True
training/notflip/0043_000000007.jpg,.jpg,302663,True
training/notflip/0043_000000008.jpg,.jpg,291567,True
training/notflip/0043_000000009.jpg,.jpg,290688,True
training/notflip/0043_000000010.jpg,.jpg,293542,True
training/notflip/0043_000000011.jpg,.jpg,296244,True
training/notflip/0043_000000012.jpg,.jpg,304206,True
training/notflip/0043_000000013.jpg,.jpg,311917,True
training/notflip/0043_000000014.jpg,.jpg,311301,True
training/notflip/0043_000000015.jpg,.jpg,314223,True
training/notflip/0043_000000016.jpg,.jpg,317538,True
training/notflip/0043_000000017.jpg,.jpg,316163,True
training/notflip/0043_000000018.jpg,.jpg,314101,True
training/notflip/0043_000000019.jpg,.jpg,280579,True
training/notflip/0043_000000020.jpg,.jpg,282437,True
training/notflip/0043_000000021.jpg,.jpg,295889,True
training/notflip/0043_000000022.jpg,.jpg,310570,True
training/notflip/0043_000000025.jpg,.jpg,321608,True
training/notflip/0043_000000027.jpg,.jpg,322322,True
training/notflip/0043_000000028.jpg,.jpg,315204,True
training/notflip/0043_000000029.jpg,.jpg,301174,True
training/notflip/0043_000000030.jpg,.jpg,289676,True
training/notflip/0044_000000001.jpg,.jpg,322781,True
training/notflip/0044_000000002.jpg,.jpg,327689,True
training/notflip/0044_000000003.jpg,.jpg,328596,True
training/notflip/0044_000000004.jpg,.jpg,328724,True
training/notflip/0044_000000005.jpg,.jpg,327136,True
training/notflip/0044_000000007.jpg,.jpg,331286,True
training/notflip/0044_000000008.jpg,.jpg,326327,True
training/notflip/0044_000000009.jpg,.jpg,332027,True
training/notflip/0044_000000010.jpg,.jpg,324759,True
training/notflip/0044_000000011.jpg,.jpg,328672,True
training/notflip/0044_000000012.jpg,.jpg,326401,True
training/notflip/0044_000000013.jpg,.jpg,324262,True
training/notflip/0044_000000015.jpg,.jpg,335162,True
training/notflip/0044_000000016.jpg,.jpg,336237,True
training/notflip/0044_000000017.jpg,.jpg,336885,True
training/notflip/0044_000000018.jpg,.jpg,336610,True
training/notflip/0044_000000019.jpg,.jpg,337982,True
training/notflip/0044_000000020.jpg,.jpg,338594,True
training/notflip/0044_000000021.jpg,.jpg,338942,True
training/notflip/0044_000000022.jpg,.jpg,338891,True
training/notflip/0044_000000023.jpg,.jpg,339431,True
training/notflip/0044_000000024.jpg,.jpg,339743,True
training/notflip/0044_000000025.jpg,.jpg,339255,True
training/notflip/0044_000000026.jpg,.jpg,340371,True
training/notflip/0044_000000028.jpg,.jpg,340183,True
training/notflip/0044_000000029.jpg,.jpg,340909,True
training/notflip/0044_000000030.jpg,.jpg,341592,True
training/notflip/0045_000000001.jpg,.jpg,373594,True
training/notflip/0045_000000002.jpg,.jpg,380963,True
training/notflip/0045_000000003.jpg,.jpg,378205,True
training/notflip/0045_000000004.jpg,.jpg,378004,True
training/notflip/0045_000000006.jpg,.jpg,329320,True
training/notflip/0045_000000007.jpg,.jpg,315782,True
training/notflip/0045_000000008.jpg,.jpg,303395,True
training/notflip/0045_000000009.jpg,.jpg,310404,True
training/notflip/0045_000000010.jpg,.jpg,319479,True
training/notflip/0045_000000011.jpg,.jpg,325395,True
training/notflip/0045_000000014.jpg,.jpg,369409,True
training/notflip/0045_000000015.jpg,.jpg,373905,True
training/notflip/0045_000000017.jpg,.jpg,370425,True
training/notflip/0045_000000019.jpg,.jpg,371077,True
training/notflip/0045_000000020.jpg,.jpg,373648,True
training/notflip/0045_000000021.jpg,.jpg,375906,True
training/notflip/0045_000000023.jpg,.jpg,374300,True
training/notflip/0045_000000024.jpg,.jpg,376467,True
training/notflip/0045_000000025.jpg,.jpg,376031,True
training/notflip/0045_000000027.jpg,.jpg,377871,True
training/notflip/0045_000000029.jpg,.jpg,366806,True
training/notflip/0046_000000001.jpg,.jpg,298181,True
training/notflip/0046_000000002.jpg,.jpg,304605,True
training/notflip/0046_000000004.jpg,.jpg,304239,True
training/notflip/0046_000000005.jpg,.jpg,305189,True
training/notflip/0046_000000006.jpg,.jpg,307685,True
training/notflip/0046_000000007.jpg,.jpg,312435,True
training/notflip/0046_000000008.jpg,.jpg,314705,True
training/notflip/0046_000000009.jpg,.jpg,316215,True
training/notflip/0046_000000010.jpg,.jpg,317598,True
training/notflip/0046_000000013.jpg,.jpg,317646,True
training/notflip/0046_000000014.jpg,.jpg,317946,True
training/notflip/0046_000000015.jpg,.jpg,335654,True
training/notflip/0046_000000016.jpg,.jpg,356837,True
training/notflip/0046_000000017.jpg,.jpg,370215,True
training/notflip/0046_000000018.jpg,.jpg,375669,True
training/notflip/0046_000000019.jpg,.jpg,380081,True
training/notflip/0046_000000020.jpg,.jpg,380263,True
training/notflip/0046_000000021.jpg,.jpg,374927,True
training/notflip/0046_000000022.jpg,.jpg,361321,True
training/notflip/0046_000000023.jpg,.jpg,351381,True
training/notflip/0046_000000024.jpg,.jpg,334788,True
training/notflip/0046_000000025.jpg,.jpg,326416,True
training/notflip/0046_000000026.jpg,.jpg,322123,True
training/notflip/0046_000000029.jpg,.jpg,366483,True
training/notflip/0046_000000030.jpg,.jpg,363757,True
training/notflip/0047_000000001.jpg,.jpg,310839,True
training/notflip/0047_000000002.jpg,.jpg,313686,True
training/notflip/0047_000000003.jpg,.jpg,311798,True
training/notflip/0047_000000004.jpg,.jpg,310468,True
training/notflip/0047_000000005.jpg,.jpg,308536,True
training/notflip/0047_000000007.jpg,.jpg,294639,True
training/notflip/0047_000000008.jpg,.jpg,288821,True
training/notflip/0047_000000010.jpg,.jpg,299348,True
training/notflip/0047_000000011.jpg,.jpg,305817,True
training/notflip/0047_000000012.jpg,.jpg,311612,True
training/notflip/0047_000000013.jpg,.jpg,313316,True
training/notflip/0047_000000014.jpg,.jpg,315313,True
training/notflip/0047_000000015.jpg,.jpg,316244,True
training/notflip/0047_000000016.jpg,.jpg,317063,True
training/notflip/0047_000000017.jpg,.jpg,318995,True
training/notflip/0047_000000018.jpg,.jpg,319101,True
training/notflip/0047_000000019.jpg,.jpg,319430,True
training/notflip/0047_000000020.jpg,.jpg,319717,True
training/notflip/0047_000000021.jpg,.jpg,316731,True
training/notflip/0047_000000022.jpg,.jpg,322285,True
training/notflip/0047_000000023.jpg,.jpg,322795,True
training/notflip/0047_000000026.jpg,.jpg,316485,True
training/notflip/0047_000000027.jpg,.jpg,316999,True
training/notflip/0047_000000028.jpg,.jpg,319057,True
training/notflip/0047_000000030.jpg,.jpg,321845,True
training/notflip/0048_000000001.jpg,.jpg,301677,True
training/notflip/0048_000000002.jpg,.jpg,309380,True
training/notflip/0048_000000003.jpg,.jpg,311231,True
training/notflip/0048_000000004.jpg,.jpg,311430,True
training/notflip/0048_000000005.jpg,.jpg,312195,True
training/notflip/0048_000000006.jpg,.jpg,309997,True
training/notflip/0048_000000007.jpg,.jpg,309726,True
training/notflip/0048_000000008.jpg,.jpg,301816,True
training/notflip/0048_000000009.jpg,.jpg,300246,True
training/notflip/0048_000000010.jpg,.jpg,304634,True
training/notflip/0048_000000011.jpg,.jpg,304244,True
training/notflip/0048_000000012.jpg,.jpg,304206,True
training/notflip/0048_000000013.jpg,.jpg,306157,True
training/notflip/0048_000000014.jpg,.jpg,306159,True
training/notflip/0048_000000016.jpg,.jpg,307354,True
training/notflip/0048_000000017.jpg,.jpg,308593,True
training/notflip/0048_000000018.jpg,.jpg,306856,True
training/notflip/0048_000000019.jpg,.jpg,308329,True
training/notflip/0048_000000020.jpg,.jpg,311777,True
training/notflip/0048_000000021.jpg,.jpg,310837,True
training/notflip/0048_000000022.jpg,.jpg,311866,True
training/notflip/0048_000000023.jpg,.jpg,314433,True
training/notflip/0048_000000024.jpg,.jpg,315526,True
training/notflip/0048_000000027.jpg,.jpg,313807,True
training/notflip/0048_000000028.jpg,.jpg,313586,True
training/notflip/0048_000000029.jpg,.jpg,313080,True
training/notflip/0049_000000001.jpg,.jpg,269039,True
training/notflip/0049_000000002.jpg,.jpg,281098,True
training/notflip/0049_000000003.jpg,.jpg,293450,True
training/notflip/0049_000000004.jpg,.jpg,303481,True
training/notflip/0049_000000005.jpg,.jpg,302967,True
training/notflip/0049_000000007.jpg,.jpg,307400,True
training/notflip/0049_000000008.jpg,.jpg,311957,True
training/notflip/0049_000000009.jpg,.jpg,313562,True
training/notflip/0049_000000010.jpg,.jpg,311714,True
training/notflip/0049_000000013.jpg,.jpg,312720,True
training/notflip/0049_000000014.jpg,.jpg,315709,True
training/notflip/0049_000000015.jpg,.jpg,317093,True
training/notflip/0049_000000016.jpg,.jpg,318269,True
training/notflip/0049_000000017.jpg,.jpg,318316,True
training/notflip/0049_000000019.jpg,.jpg,319502,True
training/notflip/0049_000000020.jpg,.jpg,308319,True
training/notflip/0049_000000021.jpg,.jpg,310038,True
training/notflip/0049_000000023.jpg,.jpg,312726,True
training/notflip/0049_000000024.jpg,.jpg,313057,True
training/notflip/0049_000000025.jpg,.jpg,313085,True
training/notflip/0049_000000027.jpg,.jpg,314088,True
training/notflip/0049_000000029.jpg,.jpg,315528,True
training/notflip/0049_000000030.jpg,.jpg,315598,True
training/notflip/0050_000000001.jpg,.jpg,301568,True
training/notflip/0050_000000002.jpg,.jpg,314914,True
training/notflip/0050_000000003.jpg,.jpg,325854,True
training/notflip/0050_000000004.jpg,.jpg,327181,True
training/notflip/0050_000000005.jpg,.jpg,326168,True
training/notflip/0050_000000006.jpg,.jpg,326541,True
training/notflip/0050_000000007.jpg,.jpg,318141,True
training/notflip/0050_000000008.jpg,.jpg,319911,True
training/notflip/0050_000000009.jpg,.jpg,321006,True
training/notflip/0050_000000010.jpg,.jpg,323590,True
training/notflip/0050_000000012.jpg,.jpg,325928,True
training/notflip/0050_000000014.jpg,.jpg,328931,True
training/notflip/0050_000000015.jpg,.jpg,329820,True
training/notflip/0050_000000016.jpg,.jpg,329227,True
training/notflip/0050_000000017.jpg,.jpg,331425,True
training/notflip/0050_000000018.jpg,.jpg,333907,True
training/notflip/0050_000000019.jpg,.jpg,334700,True
training/notflip/0050_000000020.jpg,.jpg,330615,True
training/notflip/0050_000000021.jpg,.jpg,334088,True
training/notflip/0050_000000022.jpg,.jpg,335084,True
training/notflip/0050_000000023.jpg,.jpg,331094,True
training/notflip/0050_000000024.jpg,.jpg,333253,True
training/notflip/0050_000000025.jpg,.jpg,334924,True
training/notflip/0050_000000026.jpg,.jpg,335686,True
training/notflip/0050_000000027.jpg,.jpg,335799,True
training/notflip/0050_000000028.jpg,.jpg,338772,True
training/notflip/0050_000000029.jpg,.jpg,335930,True
training/notflip/0051_000000001.jpg,.jpg,332341,True
training/notflip/0051_000000003.jpg,.jpg,338339,True
training/notflip/0051_000000004.jpg,.jpg,342749,True
training/notflip/0051_000000005.jpg,.jpg,342594,True
training/notflip/0051_000000006.jpg,.jpg,347756,True
training/notflip/0051_000000007.jpg,.jpg,349036,True
training/notflip/0051_000000008.jpg,.jpg,343956,True
training/notflip/0051_000000009.jpg,.jpg,342369,True
training/notflip/0051_000000010.jpg,.jpg,344018,True
training/notflip/0051_000000011.jpg,.jpg,342842,True
training/notflip/0051_000000013.jpg,.jpg,341797,True
training/notflip/0051_000000014.jpg,.jpg,340318,True
training/notflip/0051_000000015.jpg,.jpg,340224,True
training/notflip/0051_000000016.jpg,.jpg,343684,True
training/notflip/0051_000000017.jpg,.jpg,331186,True
training/notflip/0051_000000018.jpg,.jpg,333487,True
training/notflip/0051_000000019.jpg,.jpg,334759,True
training/notflip/0051_000000020.jpg,.jpg,332592,True
training/notflip/0051_000000021.jpg,.jpg,336427,True
training/notflip/0051_000000022.jpg,.jpg,334403,True
training/notflip/0051_000000023.jpg,.jpg,338300,True
training/notflip/0051_000000024.jpg,.jpg,338954,True
training/notflip/0051_000000026.jpg,.jpg,339153,True
training/notflip/0051_000000027.jpg,.jpg,341799,True
training/notflip/0051_000000028.jpg,.jpg,342258,True
training/notflip/0051_000000029.jpg,.jpg,341959,True
training/notflip/0051_000000030.jpg,.jpg,331683,True
training/notflip/0052_000000001.jpg,.jpg,299553,True
training/notflip/0052_000000002.jpg,.jpg,307842,True
training/notflip/0052_000000003.jpg,.jpg,308496,True
training/notflip/0052_000000004.jpg,.jpg,309560,True
training/notflip/0052_000000005.jpg,.jpg,310206,True
training/notflip/0052_000000007.jpg,.jpg,311583,True
training/notflip/0052_000000008.jpg,.jpg,312161,True
training/notflip/0052_000000009.jpg,.jpg,314504,True
training/notflip/0052_000000010.jpg,.jpg,312004,True
training/notflip/0052_000000011.jpg,.jpg,284858,True
training/notflip/0052_000000012.jpg,.jpg,283992,True
training/notflip/0052_000000013.jpg,.jpg,290290,True
training/notflip/0052_000000015.jpg,.jpg,304157,True
training/notflip/0052_000000016.jpg,.jpg,307205,True
training/notflip/0052_000000017.jpg,.jpg,316622,True
training/notflip/0052_000000018.jpg,.jpg,325255,True
training/notflip/0052_000000019.jpg,.jpg,325184,True
training/notflip/0052_000000020.jpg,.jpg,317187,True
training/notflip/0052_000000021.jpg,.jpg,285696,True
training/notflip/0052_000000023.jpg,.jpg,276223,True
training/notflip/0052_000000024.jpg,.jpg,275059,True
training/notflip/0052_000000025.jpg,.jpg,275947,True
training/notflip/0052_000000026.jpg,.jpg,286422,True
training/notflip/0052_000000027.jpg,.jpg,301343,True
training/notflip/0052_000000028.jpg,.jpg,310776,True
training/notflip/0052_000000030.jpg,.jpg,318502,True
training/notflip/0053_000000002.jpg,.jpg,339922,True
training/notflip/0053_000000003.jpg,.jpg,343472,True
training/notflip/0053_000000004.jpg,.jpg,342417,True
training/notflip/0053_000000005.jpg,.jpg,336337,True
training/notflip/0053_000000006.jpg,.jpg,330399,True
training/notflip/0053_000000007.jpg,.jpg,328135,True
training/notflip/0053_000000009.jpg,.jpg,326609,True
training/notflip/0053_000000010.jpg,.jpg,331214,True
training/notflip/0053_000000012.jpg,.jpg,347231,True
training/notflip/0053_000000013.jpg,.jpg,351185,True
training/notflip/0053_000000014.jpg,.jpg,354964,True
training/notflip/0053_000000015.jpg,.jpg,353686,True
training/notflip/0053_000000018.jpg,.jpg,354220,True
training/notflip/0053_000000019.jpg,.jpg,353540,True
training/notflip/0053_000000020.jpg,.jpg,356172,True
training/notflip/0053_000000021.jpg,.jpg,352566,True
training/notflip/0053_000000022.jpg,.jpg,355138,True
training/notflip/0053_000000023.jpg,.jpg,355537,True
training/notflip/0053_000000024.jpg,.jpg,350408,True
training/notflip/0053_000000026.jpg,.jpg,351747,True
training/notflip/0053_000000027.jpg,.jpg,348063,True
training/notflip/0053_000000028.jpg,.jpg,352673,True
training/notflip/0053_000000029.jpg,.jpg,352102,True
training/notflip/0053_000000030.jpg,.jpg,339184,True
training/notflip/0054_000000001.jpg,.jpg,269224,True
training/notflip/0054_000000002.jpg,.jpg,286148,True
training/notflip/0054_000000003.jpg,.jpg,295789,True
training/notflip/0054_000000004.jpg,.jpg,298155,True
training/notflip/0054_000000005.jpg,.jpg,295026,True
training/notflip/0054_000000006.jpg,.jpg,293927,True
training/notflip/0054_000000007.jpg,.jpg,296094,True
training/notflip/0054_000000008.jpg,.jpg,296807,True
training/notflip/0054_000000009.jpg,.jpg,300385,True
training/notflip/0054_000000011.jpg,.jpg,298075,True
training/notflip/0054_000000012.jpg,.jpg,299823,True
training/notflip/0054_000000013.jpg,.jpg,304006,True
training/notflip/0054_000000014.jpg,.jpg,304101,True
training/notflip/0054_000000015.jpg,.jpg,311194,True
training/notflip/0054_000000016.jpg,.jpg,315534,True
training/notflip/0054_000000017.jpg,.jpg,319333,True
training/notflip/0054_000000018.jpg,.jpg,320232,True
training/notflip/0054_000000019.jpg,.jpg,321678,True
training/notflip/0054_000000021.jpg,.jpg,325805,True
training/notflip/0054_000000022.jpg,.jpg,313690,True
training/notflip/0054_000000024.jpg,.jpg,318126,True
training/notflip/0054_000000025.jpg,.jpg,318544,True
training/notflip/0054_000000026.jpg,.jpg,319609,True
training/notflip/0054_000000028.jpg,.jpg,324785,True
training/notflip/0054_000000029.jpg,.jpg,323692,True
training/notflip/0054_000000030.jpg,.jpg,325013,True
training/notflip/0055_000000001.jpg,.jpg,270108,True
training/notflip/0055_000000002.jpg,.jpg,276108,True
training/notflip/0055_000000003.jpg,.jpg,277344,True
training/notflip/0055_000000004.jpg,.jpg,277587,True
training/notflip/0055_000000005.jpg,.jpg,276099,True
training/notflip/0055_000000006.jpg,.jpg,271749,True
training/notflip/0055_000000007.jpg,.jpg,266787,True
training/notflip/0055_000000008.jpg,.jpg,263401,True
training/notflip/0055_000000009.jpg,.jpg,258269,True
training/notflip/0055_000000010.jpg,.jpg,265245,True
training/notflip/0055_000000011.jpg,.jpg,272052,True
training/notflip/0055_000000014.jpg,.jpg,275376,True
training/notflip/0055_000000015.jpg,.jpg,276315,True
training/notflip/0055_000000017.jpg,.jpg,276796,True
training/notflip/0055_000000018.jpg,.jpg,277856,True
training/notflip/0055_000000019.jpg,.jpg,279437,True
training/notflip/0055_000000020.jpg,.jpg,278879,True
training/notflip/0055_000000021.jpg,.jpg,278248,True
training/notflip/0055_000000022.jpg,.jpg,279413,True
training/notflip/0055_000000023.jpg,.jpg,278778,True
training/notflip/0055_000000024.jpg,.jpg,278780,True
training/notflip/0055_000000025.jpg,.jpg,279514,True
training/notflip/0055_000000026.jpg,.jpg,280172,True
training/notflip/0055_000000027.jpg,.jpg,280287,True
training/notflip/0055_000000028.jpg,.jpg,281538,True
training/notflip/0055_000000029.jpg,.jpg,282990,True
training/notflip/0055_000000030.jpg,.jpg,281925,True
training/notflip/0056_000000001.jpg,.jpg,288756,True
training/notflip/0056_000000002.jpg,.jpg,291438,True
training/notflip/0056_000000003.jpg,.jpg,290692,True
training/notflip/0056_000000005.jpg,.jpg,311946,True
training/notflip/0056_000000006.jpg,.jpg,321626,True
training/notflip/0056_000000008.jpg,.jpg,328126,True
training/notflip/0056_000000009.jpg,.jpg,334381,True
training/notflip/0056_000000010.jpg,.jpg,330899,True
training/notflip/0056_000000012.jpg,.jpg,311706,True
training/notflip/0056_000000014.jpg,.jpg,295133,True
training/notflip/0056_000000015.jpg,.jpg,292971,True
training/notflip/0056_000000016.jpg,.jpg,300501,True
training/notflip/0056_000000017.jpg,.jpg,306797,True
training/notflip/0056_000000018.jpg,.jpg,328776,True
training/notflip/0056_000000019.jpg,.jpg,341651,True
training/notflip/0056_000000020.jpg,.jpg,345207,True
training/notflip/0056_000000021.jpg,.jpg,346150,True
training/notflip/0056_000000023.jpg,.jpg,349450,True
training/notflip/0056_000000025.jpg,.jpg,350408,True
training/notflip/0056_000000026.jpg,.jpg,349897,True
training/notflip/0056_000000028.jpg,.jpg,341150,True
training/notflip/0056_000000029.jpg,.jpg,342039,True
training/notflip/0056_000000030.jpg,.jpg,341527,True
training/notflip/0057_000000001.jpg,.jpg,268810,True
training/notflip/0057_000000002.jpg,.jpg,273012,True
training/notflip/0057_000000004.jpg,.jpg,270956,True
training/notflip/0057_000000005.jpg,.jpg,273556,True
training/notflip/0057_000000006.jpg,.jpg,274745,True
training/notflip/0057_000000008.jpg,.jpg,280997,True
training/notflip/0057_000000009.jpg,.jpg,283462,True
training/notflip/0057_000000010.jpg,.jpg,285835,True
training/notflip/0057_000000011.jpg,.jpg,305936,True
training/notflip/0057_000000013.jpg,.jpg,344042,True
training/notflip/0057_000000014.jpg,.jpg,356081,True
training/notflip/0057_000000015.jpg,.jpg,360846,True
training/notflip/0057_000000016.jpg,.jpg,360155,True
training/notflip/0057_000000017.jpg,.jpg,355116,True
training/notflip/0057_000000018.jpg,.jpg,346937,True
training/notflip/0057_000000019.jpg,.jpg,322165,True
training/notflip/0057_000000020.jpg,.jpg,310106,True
training/notflip/0057_000000021.jpg,.jpg,306542,True
training/notflip/0057_000000022.jpg,.jpg,302187,True
training/notflip/0057_000000024.jpg,.jpg,328934,True
training/notflip/0057_000000025.jpg,.jpg,344978,True
training/notflip/0057_000000026.jpg,.jpg,354949,True
training/notflip/0057_000000028.jpg,.jpg,354636,True
training/notflip/0057_000000029.jpg,.jpg,359927,True
training/notflip/0057_000000030.jpg,.jpg,360397,True
training/notflip/0058_000000001.jpg,.jpg,298076,True
training/notflip/0058_000000003.jpg,.jpg,325871,True
training/notflip/0058_000000005.jpg,.jpg,322265,True
training/notflip/0058_000000006.jpg,.jpg,324224,True
training/notflip/0058_000000007.jpg,.jpg,318975,True
training/notflip/0058_000000008.jpg,.jpg,308306,True
training/notflip/0058_000000009.jpg,.jpg,313180,True
training/notflip/0058_000000010.jpg,.jpg,312871,True
training/notflip/0058_000000011.jpg,.jpg,316464,True
training/notflip/0058_000000012.jpg,.jpg,318022,True
training/notflip/0058_000000014.jpg,.jpg,324722,True
training/notflip/0058_000000015.jpg,.jpg,325259,True
training/notflip/0058_000000016.jpg,.jpg,325282,True
training/notflip/0058_000000017.jpg,.jpg,327067,True
training/notflip/0058_000000019.jpg,.jpg,328685,True
training/notflip/0058_000000022.jpg,.jpg,330718,True
training/notflip/0058_000000023.jpg,.jpg,331166,True
training/notflip/0058_000000024.jpg,.jpg,329765,True
training/notflip/0058_000000026.jpg,.jpg,329596,True
training/notflip/0058_000000027.jpg,.jpg,326913,True
training/notflip/0058_000000028.jpg,.jpg,331296,True
training/notflip/0058_000000029.jpg,.jpg,333296,True
training/notflip/0058_000000030.jpg,.jpg,333065,True
