i,j,bucket,dhash,phash,path_a,path_b,seq_a,seq_b,split_a,split_b,label_a,label_b
0,606,same_sequence_cross_split,7,8,testing/flip/0001_000000020.jpg,training/flip/0001_000000019.jpg,flip__0001,flip__0001,testing,training,flip,flip
0,658,different_sequence_cross_split_same_label,4,8,testing/flip/0001_000000020.jpg,training/flip/0004_000000023.jpg,flip__0001,flip__0004,testing,training,flip,flip
1,2,same_sequence_same_split,4,2,testing/flip/0002_000000012.jpg,testing/flip/0002_000000013.jpg,flip__0002,flip__0002,testing,testing,flip,flip
1,612,same_sequence_cross_split,8,8,testing/flip/0002_000000012.jpg,training/flip/0002_000000009.jpg,flip__0002,flip__0002,testing,training,flip,flip
1,614,same_sequence_cross_split,5,4,testing/flip/0002_000000012.jpg,training/flip/0002_000000011.jpg,flip__0002,flip__0002,testing,training,flip,flip
3,615,same_sequence_cross_split,8,8,testing/flip/0002_000000015.jpg,training/flip/0002_000000014.jpg,flip__0002,flip__0002,testing,training,flip,flip
5,6,same_sequence_same_split,0,2,testing/flip/0003_000000005.jpg,testing/flip/0003_000000008.jpg,flip__0003,flip__0003,testing,testing,flip,flip
5,9,different_sequence_same_split_same_label,8,4,testing/flip/0003_000000005.jpg,testing/flip/0004_000000006.jpg,flip__0003,flip__0004,testing,testing,flip,flip
5,27,different_sequence_same_split_same_label,8,6,testing/flip/0003_000000005.jpg,testing/flip/0007_000000008.jpg,flip__0003,flip__0007,testing,testing,flip,flip
5,315,different_sequence_same_split_cross_label,5,8,testing/flip/0003_000000005.jpg,testing/notflip/0004_000000029.jpg,flip__0003,notflip__0004,testing,testing,flip,notflip
5,621,same_sequence_cross_split,3,8,testing/flip/0003_000000005.jpg,training/flip/0003_000000001.jpg,flip__0003,flip__0003,testing,training,flip,flip
5,622,same_sequence_cross_split,2,8,testing/flip/0003_000000005.jpg,training/flip/0003_000000002.jpg,flip__0003,flip__0003,testing,training,flip,flip
5,623,same_sequence_cross_split,2,8,testing/flip/0003_000000005.jpg,training/flip/0003_000000003.jpg,flip__0003,flip__0003,testing,training,flip,flip
5,624,same_sequence_cross_split,0,2,testing/flip/0003_000000005.jpg,training/flip/0003_000000004.jpg,flip__0003,flip__0003,testing,training,flip,flip
5,625,same_sequence_cross_split,0,0,testing/flip/0003_000000005.jpg,training/flip/0003_000000006.jpg,flip__0003,flip__0003,testing,training,flip,flip
5,626,same_sequence_cross_split,0,2,testing/flip/0003_000000005.jpg,training/flip/0003_000000007.jpg,flip__0003,flip__0003,testing,training,flip,flip
5,627,same_sequence_cross_split,2,2,testing/flip/0003_000000005.jpg,training/flip/0003_000000009.jpg,flip__0003,flip__0003,testing,training,flip,flip
5,628,same_sequence_cross_split,4,4,testing/flip/0003_000000005.jpg,training/flip/0003_000000010.jpg,flip__0003,flip__0003,testing,training,flip,flip
5,629,same_sequence_cross_split,6,6,testing/flip/0003_000000005.jpg,training/flip/0003_000000011.jpg,flip__0003,flip__0003,testing,training,flip,flip
5,643,different_sequence_cross_split_same_label,8,4,testing/flip/0003_000000005.jpg,training/flip/0004_000000005.jpg,flip__0003,flip__0004,testing,training,flip,flip
5,717,different_sequence_cross_split_same_label,8,8,testing/flip/0003_000000005.jpg,training/flip/0007_000000014.jpg,flip__0003,flip__0007,testing,training,flip,flip
5,1845,different_sequence_cross_split_cross_label,8,8,testing/flip/0003_000000005.jpg,training/notflip/0004_000000021.jpg,flip__0003,notflip__0004,testing,training,flip,notflip
5,1850,different_sequence_cross_split_cross_label,5,8,testing/flip/0003_000000005.jpg,training/notflip/0004_000000027.jpg,flip__0003,notflip__0004,testing,training,flip,notflip
5,1851,different_sequence_cross_split_cross_label,5,8,testing/flip/0003_000000005.jpg,training/notflip/0004_000000028.jpg,flip__0003,notflip__0004,testing,training,flip,notflip
5,1852,different_sequence_cross_split_cross_label,7,8,testing/flip/0003_000000005.jpg,training/notflip/0004_000000030.jpg,flip__0003,notflip__0004,testing,training,flip,notflip
5,1853,different_sequence_cross_split_cross_label,7,8,testing/flip/0003_000000005.jpg,training/notflip/0004_000000031.jpg,flip__0003,notflip__0004,testing,training,flip,notflip
5,1854,different_sequence_cross_split_cross_label,6,8,testing/flip/0003_000000005.jpg,training/notflip/0004_000000032.jpg,flip__0003,notflip__0004,testing,training,flip,notflip
5,1855,different_sequence_cross_split_cross_label,6,8,testing/flip/0003_000000005.jpg,training/notflip/0004_000000033.jpg,flip__0003,notflip__0004,testing,training,flip,notflip
5,1856,different_sequence_cross_split_cross_label,5,8,testing/flip/0003_000000005.jpg,training/notflip/0004_000000034.jpg,flip__0003,notflip__0004,testing,training,flip,notflip
5,1857,different_sequence_cross_split_cross_label,6,8,testing/flip/0003_000000005.jpg,training/notflip/0004_000000035.jpg,flip__0003,notflip__0004,testing,training,flip,notflip
6,9,different_sequence_same_split_same_label,8,6,testing/flip/0003_000000008.jpg,testing/flip/0004_000000006.jpg,flip__0003,flip__0004,testing,testing,flip,flip
6,27,different_sequence_same_split_same_label,8,8,testing/flip/0003_000000008.jpg,testing/flip/0007_000000008.jpg,flip__0003,flip__0007,testing,testing,flip,flip
6,313,different_sequence_same_split_cross_label,8,8,testing/flip/0003_000000008.jpg,testing/notflip/0004_000000020.jpg,flip__0003,notflip__0004,testing,testing,flip,notflip
6,315,different_sequence_same_split_cross_label,5,6,testing/flip/0003_000000008.jpg,testing/notflip/0004_000000029.jpg,flip__0003,notflip__0004,testing,testing,flip,notflip
6,621,same_sequence_cross_split,3,8,testing/flip/0003_000000008.jpg,training/flip/0003_000000001.jpg,flip__0003,flip__0003,testing,training,flip,flip
6,622,same_sequence_cross_split,2,8,testing/flip/0003_000000008.jpg,training/flip/0003_000000002.jpg,flip__0003,flip__0003,testing,training,flip,flip
6,623,same_sequence_cross_split,2,8,testing/flip/0003_000000008.jpg,training/flip/0003_000000003.jpg,flip__0003,flip__0003,testing,training,flip,flip
6,624,same_sequence_cross_split,0,2,testing/flip/0003_000000008.jpg,training/flip/0003_000000004.jpg,flip__0003,flip__0003,testing,training,flip,flip
6,625,same_sequence_cross_split,0,2,testing/flip/0003_000000008.jpg,training/flip/0003_000000006.jpg,flip__0003,flip__0003,testing,training,flip,flip
6,626,same_sequence_cross_split,0,0,testing/flip/0003_000000008.jpg,training/flip/0003_000000007.jpg,flip__0003,flip__0003,testing,training,flip,flip
6,627,same_sequence_cross_split,2,2,testing/flip/0003_000000008.jpg,training/flip/0003_000000009.jpg,flip__0003,flip__0003,testing,training,flip,flip
6,628,same_sequence_cross_split,4,4,testing/flip/0003_000000008.jpg,training/flip/0003_000000010.jpg,flip__0003,flip__0003,testing,training,flip,flip
6,629,same_sequence_cross_split,6,6,testing/flip/0003_000000008.jpg,training/flip/0003_000000011.jpg,flip__0003,flip__0003,testing,training,flip,flip
6,643,different_sequence_cross_split_same_label,8,6,testing/flip/0003_000000008.jpg,training/flip/0004_000000005.jpg,flip__0003,flip__0004,testing,training,flip,flip
6,1770,different_sequence_cross_split_cross_label,8,8,testing/flip/0003_000000008.jpg,training/notflip/0001_000000016.jpg,flip__0003,notflip__0001,testing,training,flip,notflip
6,1845,different_sequence_cross_split_cross_label,8,8,testing/flip/0003_000000008.jpg,training/notflip/0004_000000021.jpg,flip__0003,notflip__0004,testing,training,flip,notflip
6,1846,different_sequence_cross_split_cross_label,8,8,testing/flip/0003_000000008.jpg,training/notflip/0004_000000022.jpg,flip__0003,notflip__0004,testing,training,flip,notflip
6,1848,different_sequence_cross_split_cross_label,6,8,testing/flip/0003_000000008.jpg,training/notflip/0004_000000025.jpg,flip__0003,notflip__0004,testing,training,flip,notflip
6,1849,different_sequence_cross_split_cross_label,5,8,testing/flip/0003_000000008.jpg,training/notflip/0004_000000026.jpg,flip__0003,notflip__0004,testing,training,flip,notflip
6,1850,different_sequence_cross_split_cross_label,5,6,testing/flip/0003_000000008.jpg,training/notflip/0004_000000027.jpg,flip__0003,notflip__0004,testing,training,flip,notflip
6,1851,different_sequence_cross_split_cross_label,5,6,testing/flip/0003_000000008.jpg,training/notflip/0004_000000028.jpg,flip__0003,notflip__0004,testing,training,flip,notflip
6,1852,different_sequence_cross_split_cross_label,7,6,testing/flip/0003_000000008.jpg,training/notflip/0004_000000030.jpg,flip__0003,notflip__0004,testing,training,flip,notflip
6,1853,different_sequence_cross_split_cross_label,7,6,testing/flip/0003_000000008.jpg,training/notflip/0004_000000031.jpg,flip__0003,notflip__0004,testing,training,flip,notflip
6,1854,different_sequence_cross_split_cross_label,6,6,testing/flip/0003_000000008.jpg,training/notflip/0004_000000032.jpg,flip__0003,notflip__0004,testing,training,flip,notflip
6,1855,different_sequence_cross_split_cross_label,6,6,testing/flip/0003_000000008.jpg,training/notflip/0004_000000033.jpg,flip__0003,notflip__0004,testing,training,flip,notflip
6,1856,different_sequence_cross_split_cross_label,5,6,testing/flip/0003_000000008.jpg,training/notflip/0004_000000034.jpg,flip__0003,notflip__0004,testing,training,flip,notflip
6,1857,different_sequence_cross_split_cross_label,6,6,testing/flip/0003_000000008.jpg,training/notflip/0004_000000035.jpg,flip__0003,notflip__0004,testing,training,flip,notflip
7,310,different_sequence_same_split_cross_label,8,8,testing/flip/0003_000000022.jpg,testing/notflip/0004_000000012.jpg,flip__0003,notflip__0004,testing,testing,flip,notflip
7,638,same_sequence_cross_split,8,8,testing/flip/0003_000000022.jpg,training/flip/0003_000000020.jpg,flip__0003,flip__0003,testing,training,flip,flip
7,639,same_sequence_cross_split,8,8,testing/flip/0003_000000022.jpg,training/flip/0003_000000021.jpg,flip__0003,flip__0003,testing,training,flip,flip
7,640,same_sequence_cross_split,8,6,testing/flip/0003_000000022.jpg,training/flip/0003_000000023.jpg,flip__0003,flip__0003,testing,training,flip,flip
8,12,different_sequence_same_split_same_label,7,8,testing/flip/0003_000000025.jpg,testing/flip/0004_000000027.jpg,flip__0003,flip__0004,testing,testing,flip,flip
8,610,different_sequence_cross_split_same_label,8,8,testing/flip/0003_000000025.jpg,training/flip/0001_000000024.jpg,flip__0003,flip__0001,testing,training,flip,flip
8,642,same_sequence_cross_split,6,4,testing/flip/0003_000000025.jpg,training/flip/0003_000000026.jpg,flip__0003,flip__0003,testing,training,flip,flip
8,662,different_sequence_cross_split_same_label,6,6,testing/flip/0003_000000025.jpg,training/flip/0004_000000028.jpg,flip__0003,flip__0004,testing,training,flip,flip
8,730,different_sequence_cross_split_same_label,8,8,testing/flip/0003_000000025.jpg,training/flip/0007_000000029.jpg,flip__0003,flip__0007,testing,training,flip,flip
9,10,same_sequence_same_split,4,2,testing/flip/0004_000000006.jpg,testing/flip/0004_000000013.jpg,flip__0004,flip__0004,testing,testing,flip,flip
9,11,same_sequence_same_split,4,2,testing/flip/0004_000000006.jpg,testing/flip/0004_000000014.jpg,flip__0004,flip__0004,testing,testing,flip,flip
9,27,different_sequence_same_split_same_label,6,4,testing/flip/0004_000000006.jpg,testing/flip/0007_000000008.jpg,flip__0004,flip__0007,testing,testing,flip,flip
9,30,different_sequence_same_split_same_label,7,8,testing/flip/0004_000000006.jpg,testing/flip/0008_000000005.jpg,flip__0004,flip__0008,testing,testing,flip,flip
9,31,different_sequence_same_split_same_label,8,8,testing/flip/0004_000000006.jpg,testing/flip/0008_000000007.jpg,flip__0004,flip__0008,testing,testing,flip,flip
9,599,different_sequence_cross_split_same_label,8,8,testing/flip/0004_000000006.jpg,training/flip/0001_000000012.jpg,flip__0004,flip__0001,testing,training,flip,flip
9,624,different_sequence_cross_split_same_label,8,6,testing/flip/0004_000000006.jpg,training/flip/0003_000000004.jpg,flip__0004,flip__0003,testing,training,flip,flip
9,625,different_sequence_cross_split_same_label,8,4,testing/flip/0004_000000006.jpg,training/flip/0003_000000006.jpg,flip__0004,flip__0003,testing,training,flip,flip
9,626,different_sequence_cross_split_same_label,8,6,testing/flip/0004_000000006.jpg,training/flip/0003_000000007.jpg,flip__0004,flip__0003,testing,training,flip,flip
9,627,different_sequence_cross_split_same_label,8,6,testing/flip/0004_000000006.jpg,training/flip/0003_000000009.jpg,flip__0004,flip__0003,testing,training,flip,flip
9,629,different_sequence_cross_split_same_label,8,8,testing/flip/0004_000000006.jpg,training/flip/0003_000000011.jpg,flip__0004,flip__0003,testing,training,flip,flip
9,643,same_sequence_cross_split,0,0,testing/flip/0004_000000006.jpg,training/flip/0004_000000005.jpg,flip__0004,flip__0004,testing,training,flip,flip
9,644,same_sequence_cross_split,1,2,testing/flip/0004_000000006.jpg,training/flip/0004_000000007.jpg,flip__0004,flip__0004,testing,training,flip,flip
9,645,same_sequence_cross_split,1,4,testing/flip/0004_000000006.jpg,training/flip/0004_000000008.jpg,flip__0004,flip__0004,testing,training,flip,flip
9,646,same_sequence_cross_split,1,4,testing/flip/0004_000000006.jpg,training/flip/0004_000000009.jpg,flip__0004,flip__0004,testing,training,flip,flip
9,647,same_sequence_cross_split,2,4,testing/flip/0004_000000006.jpg,training/flip/0004_000000010.jpg,flip__0004,flip__0004,testing,training,flip,flip
9,648,same_sequence_cross_split,1,2,testing/flip/0004_000000006.jpg,training/flip/0004_000000011.jpg,flip__0004,flip__0004,testing,training,flip,flip
9,649,same_sequence_cross_split,2,2,testing/flip/0004_000000006.jpg,training/flip/0004_000000012.jpg,flip__0004,flip__0004,testing,training,flip,flip
9,650,same_sequence_cross_split,5,4,testing/flip/0004_000000006.jpg,training/flip/0004_000000015.jpg,flip__0004,flip__0004,testing,training,flip,flip
9,673,different_sequence_cross_split_same_label,6,8,testing/flip/0004_000000006.jpg,training/flip/0005_000000013.jpg,flip__0004,flip__0005,testing,training,flip,flip
9,674,different_sequence_cross_split_same_label,6,8,testing/flip/0004_000000006.jpg,training/flip/0005_000000014.jpg,flip__0004,flip__0005,testing,training,flip,flip
9,675,different_sequence_cross_split_same_label,5,8,testing/flip/0004_000000006.jpg,training/flip/0005_000000015.jpg,flip__0004,flip__0005,testing,training,flip,flip
9,676,different_sequence_cross_split_same_label,6,8,testing/flip/0004_000000006.jpg,training/flip/0005_000000016.jpg,flip__0004,flip__0005,testing,training,flip,flip
9,709,different_sequence_cross_split_same_label,7,4,testing/flip/0004_000000006.jpg,training/flip/0007_000000005.jpg,flip__0004,flip__0007,testing,training,flip,flip
9,710,different_sequence_cross_split_same_label,8,4,testing/flip/0004_000000006.jpg,training/flip/0007_000000006.jpg,flip__0004,flip__0007,testing,training,flip,flip
9,711,different_sequence_cross_split_same_label,7,4,testing/flip/0004_000000006.jpg,training/flip/0007_000000007.jpg,flip__0004,flip__0007,testing,training,flip,flip
9,712,different_sequence_cross_split_same_label,5,4,testing/flip/0004_000000006.jpg,training/flip/0007_000000009.jpg,flip__0004,flip__0007,testing,training,flip,flip
9,713,different_sequence_cross_split_same_label,5,4,testing/flip/0004_000000006.jpg,training/flip/0007_000000010.jpg,flip__0004,flip__0007,testing,training,flip,flip
9,714,different_sequence_cross_split_same_label,5,4,testing/flip/0004_000000006.jpg,training/flip/0007_000000011.jpg,flip__0004,flip__0007,testing,training,flip,flip
9,715,different_sequence_cross_split_same_label,5,2,testing/flip/0004_000000006.jpg,training/flip/0007_000000012.jpg,flip__0004,flip__0007,testing,training,flip,flip
9,716,different_sequence_cross_split_same_label,5,4,testing/flip/0004_000000006.jpg,training/flip/0007_000000013.jpg,flip__0004,flip__0007,testing,training,flip,flip
9,717,different_sequence_cross_split_same_label,4,4,testing/flip/0004_000000006.jpg,training/flip/0007_000000014.jpg,flip__0004,flip__0007,testing,training,flip,flip
9,718,different_sequence_cross_split_same_label,7,4,testing/flip/0004_000000006.jpg,training/flip/0007_000000015.jpg,flip__0004,flip__0007,testing,training,flip,flip
9,732,different_sequence_cross_split_same_label,8,8,testing/flip/0004_000000006.jpg,training/flip/0008_000000001.jpg,flip__0004,flip__0008,testing,training,flip,flip
9,734,different_sequence_cross_split_same_label,8,6,testing/flip/0004_000000006.jpg,training/flip/0008_000000003.jpg,flip__0004,flip__0008,testing,training,flip,flip
9,735,different_sequence_cross_split_same_label,8,8,testing/flip/0004_000000006.jpg,training/flip/0008_000000004.jpg,flip__0004,flip__0008,testing,training,flip,flip
9,736,different_sequence_cross_split_same_label,8,8,testing/flip/0004_000000006.jpg,training/flip/0008_000000006.jpg,flip__0004,flip__0008,testing,training,flip,flip
9,737,different_sequence_cross_split_same_label,8,8,testing/flip/0004_000000006.jpg,training/flip/0008_000000008.jpg,flip__0004,flip__0008,testing,training,flip,flip
9,738,different_sequence_cross_split_same_label,7,6,testing/flip/0004_000000006.jpg,training/flip/0008_000000009.jpg,flip__0004,flip__0008,testing,training,flip,flip
9,739,different_sequence_cross_split_same_label,7,8,testing/flip/0004_000000006.jpg,training/flip/0008_000000010.jpg,flip__0004,flip__0008,testing,training,flip,flip
9,740,different_sequence_cross_split_same_label,6,8,testing/flip/0004_000000006.jpg,training/flip/0008_000000011.jpg,flip__0004,flip__0008,testing,training,flip,flip
9,741,different_sequence_cross_split_same_label,6,8,testing/flip/0004_000000006.jpg,training/flip/0008_000000012.jpg,flip__0004,flip__0008,testing,training,flip,flip
9,742,different_sequence_cross_split_same_label,6,8,testing/flip/0004_000000006.jpg,training/flip/0008_000000013.jpg,flip__0004,flip__0008,testing,training,flip,flip
9,765,different_sequence_cross_split_same_label,8,8,testing/flip/0004_000000006.jpg,training/flip/0009_000000011.jpg,flip__0004,flip__0009,testing,training,flip,flip
9,766,different_sequence_cross_split_same_label,8,8,testing/flip/0004_000000006.jpg,training/flip/0009_000000012.jpg,flip__0004,flip__0009,testing,training,flip,flip
9,767,different_sequence_cross_split_same_label,8,8,testing/flip/0004_000000006.jpg,training/flip/0009_000000013.jpg,flip__0004,flip__0009,testing,training,flip,flip
9,1876,different_sequence_cross_split_cross_label,8,8,testing/flip/0004_000000006.jpg,training/notflip/0005_000000024.jpg,flip__0004,notflip__0005,testing,training,flip,notflip
9,1877,different_sequence_cross_split_cross_label,8,8,testing/flip/0004_000000006.jpg,training/notflip/0005_000000025.jpg,flip__0004,notflip__0005,testing,training,flip,notflip
9,1878,different_sequence_cross_split_cross_label,7,8,testing/flip/0004_000000006.jpg,training/notflip/0005_000000026.jpg,flip__0004,notflip__0005,testing,training,flip,notflip
9,1879,different_sequence_cross_split_cross_label,6,8,testing/flip/0004_000000006.jpg,training/notflip/0005_000000027.jpg,flip__0004,notflip__0005,testing,training,flip,notflip
9,1880,different_sequence_cross_split_cross_label,6,8,testing/flip/0004_000000006.jpg,training/notflip/0005_000000028.jpg,flip__0004,notflip__0005,testing,training,flip,notflip
9,1881,different_sequence_cross_split_cross_label,7,8,testing/flip/0004_000000006.jpg,training/notflip/0005_000000029.jpg,flip__0004,notflip__0005,testing,training,flip,notflip
9,1882,different_sequence_cross_split_cross_label,6,8,testing/flip/0004_000000006.jpg,training/notflip/0005_000000030.jpg,flip__0004,notflip__0005,testing,training,flip,notflip
10,11,same_sequence_same_split,2,0,testing/flip/0004_000000013.jpg,testing/flip/0004_000000014.jpg,flip__0004,flip__0004,testing,testing,flip,flip
10,13,different_sequence_same_split_same_label,8,6,testing/flip/0004_000000013.jpg,testing/flip/0005_000000003.jpg,flip__0004,flip__0005,testing,testing,flip,flip
10,27,different_sequence_same_split_same_label,8,6,testing/flip/0004_000000013.jpg,testing/flip/0007_000000008.jpg,flip__0004,flip__0007,testing,testing,flip,flip
10,30,different_sequence_same_split_same_label,7,6,testing/flip/0004_000000013.jpg,testing/flip/0008_000000005.jpg,flip__0004,flip__0008,testing,testing,flip,flip
10,31,different_sequence_same_split_same_label,8,6,testing/flip/0004_000000013.jpg,testing/flip/0008_000000007.jpg,flip__0004,flip__0008,testing,testing,flip,flip
10,597,different_sequence_cross_split_same_label,8,8,testing/flip/0004_000000013.jpg,training/flip/0001_000000010.jpg,flip__0004,flip__0001,testing,training,flip,flip
10,598,different_sequence_cross_split_same_label,8,8,testing/flip/0004_000000013.jpg,training/flip/0001_000000011.jpg,flip__0004,flip__0001,testing,training,flip,flip
10,643,same_sequence_cross_split,4,2,testing/flip/0004_000000013.jpg,training/flip/0004_000000005.jpg,flip__0004,flip__0004,testing,training,flip,flip
10,644,same_sequence_cross_split,3,0,testing/flip/0004_000000013.jpg,training/flip/0004_000000007.jpg,flip__0004,flip__0004,testing,training,flip,flip
10,645,same_sequence_cross_split,3,2,testing/flip/0004_000000013.jpg,training/flip/0004_000000008.jpg,flip__0004,flip__0004,testing,training,flip,flip
10,646,same_sequence_cross_split,3,2,testing/flip/0004_000000013.jpg,training/flip/0004_000000009.jpg,flip__0004,flip__0004,testing,training,flip,flip
10,647,same_sequence_cross_split,4,2,testing/flip/0004_000000013.jpg,training/flip/0004_000000010.jpg,flip__0004,flip__0004,testing,training,flip,flip
10,648,same_sequence_cross_split,3,2,testing/flip/0004_000000013.jpg,training/flip/0004_000000011.jpg,flip__0004,flip__0004,testing,training,flip,flip
10,649,same_sequence_cross_split,2,0,testing/flip/0004_000000013.jpg,training/flip/0004_000000012.jpg,flip__0004,flip__0004,testing,training,flip,flip
10,650,same_sequence_cross_split,5,2,testing/flip/0004_000000013.jpg,training/flip/0004_000000015.jpg,flip__0004,flip__0004,testing,training,flip,flip
10,651,same_sequence_cross_split,8,2,testing/flip/0004_000000013.jpg,training/flip/0004_000000016.jpg,flip__0004,flip__0004,testing,training,flip,flip
10,675,different_sequence_cross_split_same_label,5,8,testing/flip/0004_000000013.jpg,training/flip/0005_000000015.jpg,flip__0004,flip__0005,testing,training,flip,flip
10,676,different_sequence_cross_split_same_label,4,8,testing/flip/0004_000000013.jpg,training/flip/0005_000000016.jpg,flip__0004,flip__0005,testing,training,flip,flip
10,709,different_sequence_cross_split_same_label,7,6,testing/flip/0004_000000013.jpg,training/flip/0007_000000005.jpg,flip__0004,flip__0007,testing,training,flip,flip
10,710,different_sequence_cross_split_same_label,8,6,testing/flip/0004_000000013.jpg,training/flip/0007_000000006.jpg,flip__0004,flip__0007,testing,training,flip,flip
10,711,different_sequence_cross_split_same_label,7,6,testing/flip/0004_000000013.jpg,training/flip/0007_000000007.jpg,flip__0004,flip__0007,testing,training,flip,flip
10,712,different_sequence_cross_split_same_label,7,4,testing/flip/0004_000000013.jpg,training/flip/0007_000000009.jpg,flip__0004,flip__0007,testing,training,flip,flip
10,713,different_sequence_cross_split_same_label,7,4,testing/flip/0004_000000013.jpg,training/flip/0007_000000010.jpg,flip__0004,flip__0007,testing,training,flip,flip
10,714,different_sequence_cross_split_same_label,7,4,testing/flip/0004_000000013.jpg,training/flip/0007_000000011.jpg,flip__0004,flip__0007,testing,training,flip,flip
10,715,different_sequence_cross_split_same_label,7,2,testing/flip/0004_000000013.jpg,training/flip/0007_000000012.jpg,flip__0004,flip__0007,testing,training,flip,flip
10,716,different_sequence_cross_split_same_label,7,4,testing/flip/0004_000000013.jpg,training/flip/0007_000000013.jpg,flip__0004,flip__0007,testing,training,flip,flip
10,717,different_sequence_cross_split_same_label,6,4,testing/flip/0004_000000013.jpg,training/flip/0007_000000014.jpg,flip__0004,flip__0007,testing,training,flip,flip
10,732,different_sequence_cross_split_same_label,8,8,testing/flip/0004_000000013.jpg,training/flip/0008_000000001.jpg,flip__0004,flip__0008,testing,training,flip,flip
10,734,different_sequence_cross_split_same_label,8,6,testing/flip/0004_000000013.jpg,training/flip/0008_000000003.jpg,flip__0004,flip__0008,testing,training,flip,flip
10,735,different_sequence_cross_split_same_label,8,8,testing/flip/0004_000000013.jpg,training/flip/0008_000000004.jpg,flip__0004,flip__0008,testing,training,flip,flip
10,736,different_sequence_cross_split_same_label,8,6,testing/flip/0004_000000013.jpg,training/flip/0008_000000006.jpg,flip__0004,flip__0008,testing,training,flip,flip
10,737,different_sequence_cross_split_same_label,8,6,testing/flip/0004_000000013.jpg,training/flip/0008_000000008.jpg,flip__0004,flip__0008,testing,training,flip,flip
10,740,different_sequence_cross_split_same_label,8,8,testing/flip/0004_000000013.jpg,training/flip/0008_000000011.jpg,flip__0004,flip__0008,testing,training,flip,flip
10,741,different_sequence_cross_split_same_label,8,8,testing/flip/0004_000000013.jpg,training/flip/0008_000000012.jpg,flip__0004,flip__0008,testing,training,flip,flip
10,742,different_sequence_cross_split_same_label,8,8,testing/flip/0004_000000013.jpg,training/flip/0008_000000013.jpg,flip__0004,flip__0008,testing,training,flip,flip
11,27,different_sequence_same_split_same_label,8,6,testing/flip/0004_000000014.jpg,testing/flip/0007_000000008.jpg,flip__0004,flip__0007,testing,testing,flip,flip
11,28,different_sequence_same_split_same_label,7,6,testing/flip/0004_000000014.jpg,testing/flip/0007_000000018.jpg,flip__0004,flip__0007,testing,testing,flip,flip
11,597,different_sequence_cross_split_same_label,6,8,testing/flip/0004_000000014.jpg,training/flip/0001_000000010.jpg,flip__0004,flip__0001,testing,training,flip,flip
11,598,different_sequence_cross_split_same_label,6,8,testing/flip/0004_000000014.jpg,training/flip/0001_000000011.jpg,flip__0004,flip__0001,testing,training,flip,flip
11,643,same_sequence_cross_split,4,2,testing/flip/0004_000000014.jpg,training/flip/0004_000000005.jpg,flip__0004,flip__0004,testing,training,flip,flip
11,644,same_sequence_cross_split,5,0,testing/flip/0004_000000014.jpg,training/flip/0004_000000007.jpg,flip__0004,flip__0004,testing,training,flip,flip
11,645,same_sequence_cross_split,5,2,testing/flip/0004_000000014.jpg,training/flip/0004_000000008.jpg,flip__0004,flip__0004,testing,training,flip,flip
11,646,same_sequence_cross_split,5,2,testing/flip/0004_000000014.jpg,training/flip/0004_000000009.jpg,flip__0004,flip__0004,testing,training,flip,flip
11,647,same_sequence_cross_split,6,2,testing/flip/0004_000000014.jpg,training/flip/0004_000000010.jpg,flip__0004,flip__0004,testing,training,flip,flip
11,648,same_sequence_cross_split,5,2,testing/flip/0004_000000014.jpg,training/flip/0004_000000011.jpg,flip__0004,flip__0004,testing,training,flip,flip
11,649,same_sequence_cross_split,4,0,testing/flip/0004_000000014.jpg,training/flip/0004_000000012.jpg,flip__0004,flip__0004,testing,training,flip,flip
11,650,same_sequence_cross_split,3,2,testing/flip/0004_000000014.jpg,training/flip/0004_000000015.jpg,flip__0004,flip__0004,testing,training,flip,flip
11,651,same_sequence_cross_split,6,2,testing/flip/0004_000000014.jpg,training/flip/0004_000000016.jpg,flip__0004,flip__0004,testing,training,flip,flip
11,652,same_sequence_cross_split,7,6,testing/flip/0004_000000014.jpg,training/flip/0004_000000017.jpg,flip__0004,flip__0004,testing,training,flip,flip
11,653,same_sequence_cross_split,8,8,testing/flip/0004_000000014.jpg,training/flip/0004_000000018.jpg,flip__0004,flip__0004,testing,training,flip,flip
11,675,different_sequence_cross_split_same_label,3,8,testing/flip/0004_000000014.jpg,training/flip/0005_000000015.jpg,flip__0004,flip__0005,testing,training,flip,flip
11,676,different_sequence_cross_split_same_label,2,8,testing/flip/0004_000000014.jpg,training/flip/0005_000000016.jpg,flip__0004,flip__0005,testing,training,flip,flip
11,709,different_sequence_cross_split_same_label,7,6,testing/flip/0004_000000014.jpg,training/flip/0007_000000005.jpg,flip__0004,flip__0007,testing,training,flip,flip
11,710,different_sequence_cross_split_same_label,8,6,testing/flip/0004_000000014.jpg,training/flip/0007_000000006.jpg,flip__0004,flip__0007,testing,training,flip,flip
11,711,different_sequence_cross_split_same_label,7,6,testing/flip/0004_000000014.jpg,training/flip/0007_000000007.jpg,flip__0004,flip__0007,testing,training,flip,flip
11,712,different_sequence_cross_split_same_label,7,4,testing/flip/0004_000000014.jpg,training/flip/0007_000000009.jpg,flip__0004,flip__0007,testing,training,flip,flip
11,713,different_sequence_cross_split_same_label,7,4,testing/flip/0004_000000014.jpg,training/flip/0007_000000010.jpg,flip__0004,flip__0007,testing,training,flip,flip
11,714,different_sequence_cross_split_same_label,7,4,testing/flip/0004_000000014.jpg,training/flip/0007_000000011.jpg,flip__0004,flip__0007,testing,training,flip,flip
11,715,different_sequence_cross_split_same_label,7,2,testing/flip/0004_000000014.jpg,training/flip/0007_000000012.jpg,flip__0004,flip__0007,testing,training,flip,flip
11,716,different_sequence_cross_split_same_label,7,4,testing/flip/0004_000000014.jpg,training/flip/0007_000000013.jpg,flip__0004,flip__0007,testing,training,flip,flip
11,717,different_sequence_cross_split_same_label,4,4,testing/flip/0004_000000014.jpg,training/flip/0007_000000014.jpg,flip__0004,flip__0007,testing,training,flip,flip
11,718,different_sequence_cross_split_same_label,7,4,testing/flip/0004_000000014.jpg,training/flip/0007_000000015.jpg,flip__0004,flip__0007,testing,training,flip,flip
11,720,different_sequence_cross_split_same_label,7,6,testing/flip/0004_000000014.jpg,training/flip/0007_000000017.jpg,flip__0004,flip__0007,testing,training,flip,flip
12,642,different_sequence_cross_split_same_label,7,8,testing/flip/0004_000000027.jpg,training/flip/0003_000000026.jpg,flip__0004,flip__0003,testing,training,flip,flip
12,662,same_sequence_cross_split,7,6,testing/flip/0004_000000027.jpg,training/flip/0004_000000028.jpg,flip__0004,flip__0004,testing,training,flip,flip
13,14,same_sequence_same_split,5,6,testing/flip/0005_000000003.jpg,testing/flip/0005_000000008.jpg,flip__0005,flip__0005,testing,testing,flip,flip
13,31,different_sequence_same_split_same_label,8,4,testing/flip/0005_000000003.jpg,testing/flip/0008_000000007.jpg,flip__0005,flip__0008,testing,testing,flip,flip
13,647,different_sequence_cross_split_same_label,8,4,testing/flip/0005_000000003.jpg,training/flip/0004_000000010.jpg,flip__0005,flip__0004,testing,training,flip,flip
13,649,different_sequence_cross_split_same_label,8,6,testing/flip/0005_000000003.jpg,training/flip/0004_000000012.jpg,flip__0005,flip__0004,testing,training,flip,flip
13,663,same_sequence_cross_split,1,4,testing/flip/0005_000000003.jpg,training/flip/0005_000000001.jpg,flip__0005,flip__0005,testing,training,flip,flip
13,664,same_sequence_cross_split,1,2,testing/flip/0005_000000003.jpg,training/flip/0005_000000002.jpg,flip__0005,flip__0005,testing,training,flip,flip
13,665,same_sequence_cross_split,3,2,testing/flip/0005_000000003.jpg,training/flip/0005_000000004.jpg,flip__0005,flip__0005,testing,training,flip,flip
13,666,same_sequence_cross_split,3,2,testing/flip/0005_000000003.jpg,training/flip/0005_000000005.jpg,flip__0005,flip__0005,testing,training,flip,flip
13,667,same_sequence_cross_split,5,2,testing/flip/0005_000000003.jpg,training/flip/0005_000000006.jpg,flip__0005,flip__0005,testing,training,flip,flip
13,668,same_sequence_cross_split,6,2,testing/flip/0005_000000003.jpg,training/flip/0005_000000007.jpg,flip__0005,flip__0005,testing,training,flip,flip
13,669,same_sequence_cross_split,7,8,testing/flip/0005_000000003.jpg,training/flip/0005_000000009.jpg,flip__0005,flip__0005,testing,training,flip,flip
13,670,same_sequence_cross_split,6,6,testing/flip/0005_000000003.jpg,training/flip/0005_000000010.jpg,flip__0005,flip__0005,testing,training,flip,flip
13,671,same_sequence_cross_split,6,6,testing/flip/0005_000000003.jpg,training/flip/0005_000000011.jpg,flip__0005,flip__0005,testing,training,flip,flip
13,672,same_sequence_cross_split,7,4,testing/flip/0005_000000003.jpg,training/flip/0005_000000012.jpg,flip__0005,flip__0005,testing,training,flip,flip
13,675,same_sequence_cross_split,7,2,testing/flip/0005_000000003.jpg,training/flip/0005_000000015.jpg,flip__0005,flip__0005,testing,training,flip,flip
13,676,same_sequence_cross_split,8,2,testing/flip/0005_000000003.jpg,training/flip/0005_000000016.jpg,flip__0005,flip__0005,testing,training,flip,flip
13,677,same_sequence_cross_split,8,6,testing/flip/0005_000000003.jpg,training/flip/0005_000000017.jpg,flip__0005,flip__0005,testing,training,flip,flip
13,732,different_sequence_cross_split_same_label,8,4,testing/flip/0005_000000003.jpg,training/flip/0008_000000001.jpg,flip__0005,flip__0008,testing,training,flip,flip
13,733,different_sequence_cross_split_same_label,7,4,testing/flip/0005_000000003.jpg,training/flip/0008_000000002.jpg,flip__0005,flip__0008,testing,training,flip,flip
13,734,different_sequence_cross_split_same_label,8,4,testing/flip/0005_000000003.jpg,training/flip/0008_000000003.jpg,flip__0005,flip__0008,testing,training,flip,flip
13,735,different_sequence_cross_split_same_label,8,4,testing/flip/0005_000000003.jpg,training/flip/0008_000000004.jpg,flip__0005,flip__0008,testing,training,flip,flip
13,736,different_sequence_cross_split_same_label,8,4,testing/flip/0005_000000003.jpg,training/flip/0008_000000006.jpg,flip__0005,flip__0008,testing,training,flip,flip
13,737,different_sequence_cross_split_same_label,8,4,testing/flip/0005_000000003.jpg,training/flip/0008_000000008.jpg,flip__0005,flip__0008,testing,training,flip,flip
13,744,different_sequence_cross_split_same_label,8,8,testing/flip/0005_000000003.jpg,training/flip/0008_000000015.jpg,flip__0005,flip__0008,testing,training,flip,flip
14,30,different_sequence_same_split_same_label,8,8,testing/flip/0005_000000008.jpg,testing/flip/0008_000000005.jpg,flip__0005,flip__0008,testing,testing,flip,flip
14,31,different_sequence_same_split_same_label,7,8,testing/flip/0005_000000008.jpg,testing/flip/0008_000000007.jpg,flip__0005,flip__0008,testing,testing,flip,flip
14,664,same_sequence_cross_split,4,6,testing/flip/0005_000000008.jpg,training/flip/0005_000000002.jpg,flip__0005,flip__0005,testing,training,flip,flip
14,665,same_sequence_cross_split,4,6,testing/flip/0005_000000008.jpg,training/flip/0005_000000004.jpg,flip__0005,flip__0005,testing,training,flip,flip
14,666,same_sequence_cross_split,2,6,testing/flip/0005_000000008.jpg,training/flip/0005_000000005.jpg,flip__0005,flip__0005,testing,training,flip,flip
14,667,same_sequence_cross_split,2,6,testing/flip/0005_000000008.jpg,training/flip/0005_000000006.jpg,flip__0005,flip__0005,testing,training,flip,flip
14,668,same_sequence_cross_split,1,4,testing/flip/0005_000000008.jpg,training/flip/0005_000000007.jpg,flip__0005,flip__0005,testing,training,flip,flip
14,669,same_sequence_cross_split,4,4,testing/flip/0005_000000008.jpg,training/flip/0005_000000009.jpg,flip__0005,flip__0005,testing,training,flip,flip
14,670,same_sequence_cross_split,3,6,testing/flip/0005_000000008.jpg,training/flip/0005_000000010.jpg,flip__0005,flip__0005,testing,training,flip,flip
14,671,same_sequence_cross_split,1,8,testing/flip/0005_000000008.jpg,training/flip/0005_000000011.jpg,flip__0005,flip__0005,testing,training,flip,flip
14,672,same_sequence_cross_split,2,8,testing/flip/0005_000000008.jpg,training/flip/0005_000000012.jpg,flip__0005,flip__0005,testing,training,flip,flip
14,673,same_sequence_cross_split,5,6,testing/flip/0005_000000008.jpg,training/flip/0005_000000013.jpg,flip__0005,flip__0005,testing,training,flip,flip
14,674,same_sequence_cross_split,7,6,testing/flip/0005_000000008.jpg,training/flip/0005_000000014.jpg,flip__0005,flip__0005,testing,training,flip,flip
14,675,same_sequence_cross_split,8,6,testing/flip/0005_000000008.jpg,training/flip/0005_000000015.jpg,flip__0005,flip__0005,testing,training,flip,flip
14,709,different_sequence_cross_split_same_label,8,8,testing/flip/0005_000000008.jpg,training/flip/0007_000000005.jpg,flip__0005,flip__0007,testing,training,flip,flip
14,711,different_sequence_cross_split_same_label,8,8,testing/flip/0005_000000008.jpg,training/flip/0007_000000007.jpg,flip__0005,flip__0007,testing,training,flip,flip
14,712,different_sequence_cross_split_same_label,8,8,testing/flip/0005_000000008.jpg,training/flip/0007_000000009.jpg,flip__0005,flip__0007,testing,training,flip,flip
14,732,different_sequence_cross_split_same_label,7,6,testing/flip/0005_000000008.jpg,training/flip/0008_000000001.jpg,flip__0005,flip__0008,testing,training,flip,flip
14,733,different_sequence_cross_split_same_label,6,6,testing/flip/0005_000000008.jpg,training/flip/0008_000000002.jpg,flip__0005,flip__0008,testing,training,flip,flip
14,734,different_sequence_cross_split_same_label,7,6,testing/flip/0005_000000008.jpg,training/flip/0008_000000003.jpg,flip__0005,flip__0008,testing,training,flip,flip
14,735,different_sequence_cross_split_same_label,7,6,testing/flip/0005_000000008.jpg,training/flip/0008_000000004.jpg,flip__0005,flip__0008,testing,training,flip,flip
14,736,different_sequence_cross_split_same_label,7,8,testing/flip/0005_000000008.jpg,training/flip/0008_000000006.jpg,flip__0005,flip__0008,testing,training,flip,flip
14,737,different_sequence_cross_split_same_label,7,8,testing/flip/0005_000000008.jpg,training/flip/0008_000000008.jpg,flip__0005,flip__0008,testing,training,flip,flip
14,738,different_sequence_cross_split_same_label,8,8,testing/flip/0005_000000008.jpg,training/flip/0008_000000009.jpg,flip__0005,flip__0008,testing,training,flip,flip
14,739,different_sequence_cross_split_same_label,8,6,testing/flip/0005_000000008.jpg,training/flip/0008_000000010.jpg,flip__0005,flip__0008,testing,training,flip,flip
15,28,different_sequence_same_split_same_label,5,8,testing/flip/0005_000000018.jpg,testing/flip/0007_000000018.jpg,flip__0005,flip__0007,testing,testing,flip,flip
15,36,different_sequence_same_split_same_label,6,8,testing/flip/0005_000000018.jpg,testing/flip/0009_000000016.jpg,flip__0005,flip__0009,testing,testing,flip,flip
15,653,different_sequence_cross_split_same_label,4,8,testing/flip/0005_000000018.jpg,training/flip/0004_000000018.jpg,flip__0005,flip__0004,testing,training,flip,flip
15,667,same_sequence_cross_split,7,8,testing/flip/0005_000000018.jpg,training/flip/0005_000000006.jpg,flip__0005,flip__0005,testing,training,flip,flip
15,668,same_sequence_cross_split,6,8,testing/flip/0005_000000018.jpg,training/flip/0005_000000007.jpg,flip__0005,flip__0005,testing,training,flip,flip
15,670,same_sequence_cross_split,6,8,testing/flip/0005_000000018.jpg,training/flip/0005_000000010.jpg,flip__0005,flip__0005,testing,training,flip,flip
15,671,same_sequence_cross_split,6,8,testing/flip/0005_000000018.jpg,training/flip/0005_000000011.jpg,flip__0005,flip__0005,testing,training,flip,flip
15,672,same_sequence_cross_split,5,8,testing/flip/0005_000000018.jpg,training/flip/0005_000000012.jpg,flip__0005,flip__0005,testing,training,flip,flip
15,673,same_sequence_cross_split,4,6,testing/flip/0005_000000018.jpg,training/flip/0005_000000013.jpg,flip__0005,flip__0005,testing,training,flip,flip
15,674,same_sequence_cross_split,4,8,testing/flip/0005_000000018.jpg,training/flip/0005_000000014.jpg,flip__0005,flip__0005,testing,training,flip,flip
15,675,same_sequence_cross_split,5,6,testing/flip/0005_000000018.jpg,training/flip/0005_000000015.jpg,flip__0005,flip__0005,testing,training,flip,flip
15,676,same_sequence_cross_split,4,6,testing/flip/0005_000000018.jpg,training/flip/0005_000000016.jpg,flip__0005,flip__0005,testing,training,flip,flip
15,677,same_sequence_cross_split,4,4,testing/flip/0005_000000018.jpg,training/flip/0005_000000017.jpg,flip__0005,flip__0005,testing,training,flip,flip
15,678,same_sequence_cross_split,5,6,testing/flip/0005_000000018.jpg,training/flip/0005_000000019.jpg,flip__0005,flip__0005,testing,training,flip,flip
15,721,different_sequence_cross_split_same_label,2,6,testing/flip/0005_000000018.jpg,training/flip/0007_000000019.jpg,flip__0005,flip__0007,testing,training,flip,flip
15,722,different_sequence_cross_split_same_label,4,6,testing/flip/0005_000000018.jpg,training/flip/0007_000000020.jpg,flip__0005,flip__0007,testing,training,flip,flip
15,743,different_sequence_cross_split_same_label,7,8,testing/flip/0005_000000018.jpg,training/flip/0008_000000014.jpg,flip__0005,flip__0008,testing,training,flip,flip
15,744,different_sequence_cross_split_same_label,8,6,testing/flip/0005_000000018.jpg,training/flip/0008_000000015.jpg,flip__0005,flip__0008,testing,training,flip,flip
16,681,same_sequence_cross_split,7,8,testing/flip/0005_000000023.jpg,training/flip/0005_000000022.jpg,flip__0005,flip__0005,testing,training,flip,flip
17,686,same_sequence_cross_split,4,8,testing/flip/0005_000000028.jpg,training/flip/0005_000000029.jpg,flip__0005,flip__0005,testing,training,flip,flip
18,19,same_sequence_same_split,3,2,testing/flip/0006_000000001.jpg,testing/flip/0006_000000006.jpg,flip__0006,flip__0006,testing,testing,flip,flip
18,20,same_sequence_same_split,4,4,testing/flip/0006_000000001.jpg,testing/flip/0006_000000008.jpg,flip__0006,flip__0006,testing,testing,flip,flip
18,331,different_sequence_same_split_cross_label,5,4,testing/flip/0006_000000001.jpg,testing/notflip/0007_000000010.jpg,flip__0006,notflip__0007,testing,testing,flip,notflip
18,332,different_sequence_same_split_cross_label,5,2,testing/flip/0006_000000001.jpg,testing/notflip/0007_000000025.jpg,flip__0006,notflip__0007,testing,testing,flip,notflip
18,688,same_sequence_cross_split,1,0,testing/flip/0006_000000001.jpg,training/flip/0006_000000002.jpg,flip__0006,flip__0006,testing,training,flip,flip
18,689,same_sequence_cross_split,3,0,testing/flip/0006_000000001.jpg,training/flip/0006_000000003.jpg,flip__0006,flip__0006,testing,training,flip,flip
18,690,same_sequence_cross_split,2,0,testing/flip/0006_000000001.jpg,training/flip/0006_000000004.jpg,flip__0006,flip__0006,testing,training,flip,flip
18,691,same_sequence_cross_split,3,2,testing/flip/0006_000000001.jpg,training/flip/0006_000000005.jpg,flip__0006,flip__0006,testing,training,flip,flip
18,692,same_sequence_cross_split,4,2,testing/flip/0006_000000001.jpg,training/flip/0006_000000007.jpg,flip__0006,flip__0006,testing,training,flip,flip
18,693,same_sequence_cross_split,5,4,testing/flip/0006_000000001.jpg,training/flip/0006_000000009.jpg,flip__0006,flip__0006,testing,training,flip,flip
18,694,same_sequence_cross_split,5,4,testing/flip/0006_000000001.jpg,training/flip/0006_000000010.jpg,flip__0006,flip__0006,testing,training,flip,flip
18,695,same_sequence_cross_split,7,4,testing/flip/0006_000000001.jpg,training/flip/0006_000000011.jpg,flip__0006,flip__0006,testing,training,flip,flip
18,697,same_sequence_cross_split,8,8,testing/flip/0006_000000001.jpg,training/flip/0006_000000014.jpg,flip__0006,flip__0006,testing,training,flip,flip
18,1903,different_sequence_cross_split_cross_label,4,8,testing/flip/0006_000000001.jpg,training/notflip/0007_000000001.jpg,flip__0006,notflip__0007,testing,training,flip,notflip
18,1904,different_sequence_cross_split_cross_label,5,8,testing/flip/0006_000000001.jpg,training/notflip/0007_000000002.jpg,flip__0006,notflip__0007,testing,training,flip,notflip
18,1906,different_sequence_cross_split_cross_label,5,8,testing/flip/0006_000000001.jpg,training/notflip/0007_000000004.jpg,flip__0006,notflip__0007,testing,training,flip,notflip
18,1907,different_sequence_cross_split_cross_label,5,8,testing/flip/0006_000000001.jpg,training/notflip/0007_000000005.jpg,flip__0006,notflip__0007,testing,training,flip,notflip
18,1908,different_sequence_cross_split_cross_label,5,8,testing/flip/0006_000000001.jpg,training/notflip/0007_000000006.jpg,flip__0006,notflip__0007,testing,training,flip,notflip
18,1909,different_sequence_cross_split_cross_label,5,6,testing/flip/0006_000000001.jpg,training/notflip/0007_000000007.jpg,flip__0006,notflip__0007,testing,training,flip,notflip
18,1910,different_sequence_cross_split_cross_label,5,6,testing/flip/0006_000000001.jpg,training/notflip/0007_000000008.jpg,flip__0006,notflip__0007,testing,training,flip,notflip
18,1911,different_sequence_cross_split_cross_label,5,4,testing/flip/0006_000000001.jpg,training/notflip/0007_000000009.jpg,flip__0006,notflip__0007,testing,training,flip,notflip
18,1912,different_sequence_cross_split_cross_label,4,4,testing/flip/0006_000000001.jpg,training/notflip/0007_000000011.jpg,flip__0006,notflip__0007,testing,training,flip,notflip
18,1913,different_sequence_cross_split_cross_label,5,4,testing/flip/0006_000000001.jpg,training/notflip/0007_000000012.jpg,flip__0006,notflip__0007,testing,training,flip,notflip
18,1914,different_sequence_cross_split_cross_label,4,4,testing/flip/0006_000000001.jpg,training/notflip/0007_000000013.jpg,flip__0006,notflip__0007,testing,training,flip,notflip
18,1915,different_sequence_cross_split_cross_label,4,4,testing/flip/0006_000000001.jpg,training/notflip/0007_000000014.jpg,flip__0006,notflip__0007,testing,training,flip,notflip
18,1916,different_sequence_cross_split_cross_label,3,4,testing/flip/0006_000000001.jpg,training/notflip/0007_000000015.jpg,flip__0006,notflip__0007,testing,training,flip,notflip
18,1917,different_sequence_cross_split_cross_label,4,4,testing/flip/0006_000000001.jpg,training/notflip/0007_000000016.jpg,flip__0006,notflip__0007,testing,training,flip,notflip
18,1918,different_sequence_cross_split_cross_label,4,4,testing/flip/0006_000000001.jpg,training/notflip/0007_000000017.jpg,flip__0006,notflip__0007,testing,training,flip,notflip
18,1919,different_sequence_cross_split_cross_label,4,4,testing/flip/0006_000000001.jpg,training/notflip/0007_000000018.jpg,flip__0006,notflip__0007,testing,training,flip,notflip
18,1920,different_sequence_cross_split_cross_label,4,4,testing/flip/0006_000000001.jpg,training/notflip/0007_000000019.jpg,flip__0006,notflip__0007,testing,training,flip,notflip
18,1921,different_sequence_cross_split_cross_label,3,4,testing/flip/0006_000000001.jpg,training/notflip/0007_000000020.jpg,flip__0006,notflip__0007,testing,training,flip,notflip
18,1922,different_sequence_cross_split_cross_label,3,4,testing/flip/0006_000000001.jpg,training/notflip/0007_000000021.jpg,flip__0006,notflip__0007,testing,training,flip,notflip
18,1923,different_sequence_cross_split_cross_label,3,4,testing/flip/0006_000000001.jpg,training/notflip/0007_000000022.jpg,flip__0006,notflip__0007,testing,training,flip,notflip
18,1924,different_sequence_cross_split_cross_label,5,2,testing/flip/0006_000000001.jpg,training/notflip/0007_000000023.jpg,flip__0006,notflip__0007,testing,training,flip,notflip
18,1925,different_sequence_cross_split_cross_label,5,2,testing/flip/0006_000000001.jpg,training/notflip/0007_000000024.jpg,flip__0006,notflip__0007,testing,training,flip,notflip
18,1926,different_sequence_cross_split_cross_label,5,2,testing/flip/0006_000000001.jpg,training/notflip/0007_000000026.jpg,flip__0006,notflip__0007,testing,training,flip,notflip
18,1927,different_sequence_cross_split_cross_label,5,2,testing/flip/0006_000000001.jpg,training/notflip/0007_000000027.jpg,flip__0006,notflip__0007,testing,training,flip,notflip
18,1928,different_sequence_cross_split_cross_label,4,2,testing/flip/0006_000000001.jpg,training/notflip/0007_000000028.jpg,flip__0006,notflip__0007,testing,training,flip,notflip
18,1929,different_sequence_cross_split_cross_label,4,2,testing/flip/0006_000000001.jpg,training/notflip/0007_000000029.jpg,flip__0006,notflip__0007,testing,training,flip,notflip
18,1930,different_sequence_cross_split_cross_label,3,4,testing/flip/0006_000000001.jpg,training/notflip/0007_000000030.jpg,flip__0006,notflip__0007,testing,training,flip,notflip
18,2012,different_sequence_cross_split_cross_label,7,8,testing/flip/0006_000000001.jpg,training/notflip/0011_000000009.jpg,flip__0006,notflip__0011,testing,training,flip,notflip
18,2013,different_sequence_cross_split_cross_label,7,8,testing/flip/0006_000000001.jpg,training/notflip/0011_000000010.jpg,flip__0006,notflip__0011,testing,training,flip,notflip
18,2015,different_sequence_cross_split_cross_label,8,6,testing/flip/0006_000000001.jpg,training/notflip/0011_000000012.jpg,flip__0006,notflip__0011,testing,training,flip,notflip
19,20,same_sequence_same_split,3,2,testing/flip/0006_000000006.jpg,testing/flip/0006_000000008.jpg,flip__0006,flip__0006,testing,testing,flip,flip
19,21,same_sequence_same_split,4,8,testing/flip/0006_000000006.jpg,testing/flip/0006_000000012.jpg,flip__0006,flip__0006,testing,testing,flip,flip
19,331,different_sequence_same_split_cross_label,6,6,testing/flip/0006_000000006.jpg,testing/notflip/0007_000000010.jpg,flip__0006,notflip__0007,testing,testing,flip,notflip
19,332,different_sequence_same_split_cross_label,6,4,testing/flip/0006_000000006.jpg,testing/notflip/0007_000000025.jpg,flip__0006,notflip__0007,testing,testing,flip,notflip
19,688,same_sequence_cross_split,2,2,testing/flip/0006_000000006.jpg,training/flip/0006_000000002.jpg,flip__0006,flip__0006,testing,training,flip,flip
19,689,same_sequence_cross_split,2,2,testing/flip/0006_000000006.jpg,training/flip/0006_000000003.jpg,flip__0006,flip__0006,testing,training,flip,flip
19,690,same_sequence_cross_split,1,2,testing/flip/0006_000000006.jpg,training/flip/0006_000000004.jpg,flip__0006,flip__0006,testing,training,flip,flip
19,691,same_sequence_cross_split,2,0,testing/flip/0006_000000006.jpg,training/flip/0006_000000005.jpg,flip__0006,flip__0006,testing,training,flip,flip
19,692,same_sequence_cross_split,3,0,testing/flip/0006_000000006.jpg,training/flip/0006_000000007.jpg,flip__0006,flip__0006,testing,training,flip,flip
19,693,same_sequence_cross_split,4,2,testing/flip/0006_000000006.jpg,training/flip/0006_000000009.jpg,flip__0006,flip__0006,testing,training,flip,flip
19,694,same_sequence_cross_split,4,2,testing/flip/0006_000000006.jpg,training/flip/0006_000000010.jpg,flip__0006,flip__0006,testing,training,flip,flip
19,695,same_sequence_cross_split,6,2,testing/flip/0006_000000006.jpg,training/flip/0006_000000011.jpg,flip__0006,flip__0006,testing,training,flip,flip
19,698,same_sequence_cross_split,8,8,testing/flip/0006_000000006.jpg,training/flip/0006_000000015.jpg,flip__0006,flip__0006,testing,training,flip,flip
19,1909,different_sequence_cross_split_cross_label,6,8,testing/flip/0006_000000006.jpg,training/notflip/0007_000000007.jpg,flip__0006,notflip__0007,testing,training,flip,notflip
19,1910,different_sequence_cross_split_cross_label,6,8,testing/flip/0006_000000006.jpg,training/notflip/0007_000000008.jpg,flip__0006,notflip__0007,testing,training,flip,notflip
19,1911,different_sequence_cross_split_cross_label,6,6,testing/flip/0006_000000006.jpg,training/notflip/0007_000000009.jpg,flip__0006,notflip__0007,testing,training,flip,notflip
19,1912,different_sequence_cross_split_cross_label,5,6,testing/flip/0006_000000006.jpg,training/notflip/0007_000000011.jpg,flip__0006,notflip__0007,testing,training,flip,notflip
19,1913,different_sequence_cross_split_cross_label,6,6,testing/flip/0006_000000006.jpg,training/notflip/0007_000000012.jpg,flip__0006,notflip__0007,testing,training,flip,notflip
19,1914,different_sequence_cross_split_cross_label,5,6,testing/flip/0006_000000006.jpg,training/notflip/0007_000000013.jpg,flip__0006,notflip__0007,testing,training,flip,notflip
19,1915,different_sequence_cross_split_cross_label,5,6,testing/flip/0006_000000006.jpg,training/notflip/0007_000000014.jpg,flip__0006,notflip__0007,testing,training,flip,notflip
19,1916,different_sequence_cross_split_cross_label,4,6,testing/flip/0006_000000006.jpg,training/notflip/0007_000000015.jpg,flip__0006,notflip__0007,testing,training,flip,notflip
19,1917,different_sequence_cross_split_cross_label,5,6,testing/flip/0006_000000006.jpg,training/notflip/0007_000000016.jpg,flip__0006,notflip__0007,testing,training,flip,notflip
19,1918,different_sequence_cross_split_cross_label,5,6,testing/flip/0006_000000006.jpg,training/notflip/0007_000000017.jpg,flip__0006,notflip__0007,testing,training,flip,notflip
19,1919,different_sequence_cross_split_cross_label,5,6,testing/flip/0006_000000006.jpg,training/notflip/0007_000000018.jpg,flip__0006,notflip__0007,testing,training,flip,notflip
19,1920,different_sequence_cross_split_cross_label,5,6,testing/flip/0006_000000006.jpg,training/notflip/0007_000000019.jpg,flip__0006,notflip__0007,testing,training,flip,notflip
19,1921,different_sequence_cross_split_cross_label,4,6,testing/flip/0006_000000006.jpg,training/notflip/0007_000000020.jpg,flip__0006,notflip__0007,testing,training,flip,notflip
19,1922,different_sequence_cross_split_cross_label,4,6,testing/flip/0006_000000006.jpg,training/notflip/0007_000000021.jpg,flip__0006,notflip__0007,testing,training,flip,notflip
19,1923,different_sequence_cross_split_cross_label,4,6,testing/flip/0006_000000006.jpg,training/notflip/0007_000000022.jpg,flip__0006,notflip__0007,testing,training,flip,notflip
19,1924,different_sequence_cross_split_cross_label,6,4,testing/flip/0006_000000006.jpg,training/notflip/0007_000000023.jpg,flip__0006,notflip__0007,testing,training,flip,notflip
19,1925,different_sequence_cross_split_cross_label,6,4,testing/flip/0006_000000006.jpg,training/notflip/0007_000000024.jpg,flip__0006,notflip__0007,testing,training,flip,notflip
19,1926,different_sequence_cross_split_cross_label,6,4,testing/flip/0006_000000006.jpg,training/notflip/0007_000000026.jpg,flip__0006,notflip__0007,testing,training,flip,notflip
19,1927,different_sequence_cross_split_cross_label,6,4,testing/flip/0006_000000006.jpg,training/notflip/0007_000000027.jpg,flip__0006,notflip__0007,testing,training,flip,notflip
19,1928,different_sequence_cross_split_cross_label,5,4,testing/flip/0006_000000006.jpg,training/notflip/0007_000000028.jpg,flip__0006,notflip__0007,testing,training,flip,notflip
19,1929,different_sequence_cross_split_cross_label,5,4,testing/flip/0006_000000006.jpg,training/notflip/0007_000000029.jpg,flip__0006,notflip__0007,testing,training,flip,notflip
19,1930,different_sequence_cross_split_cross_label,4,6,testing/flip/0006_000000006.jpg,training/notflip/0007_000000030.jpg,flip__0006,notflip__0007,testing,training,flip,notflip
20,21,same_sequence_same_split,3,6,testing/flip/0006_000000008.jpg,testing/flip/0006_000000012.jpg,flip__0006,flip__0006,testing,testing,flip,flip
20,331,different_sequence_same_split_cross_label,5,6,testing/flip/0006_000000008.jpg,testing/notflip/0007_000000010.jpg,flip__0006,notflip__0007,testing,testing,flip,notflip
20,332,different_sequence_same_split_cross_label,5,6,testing/flip/0006_000000008.jpg,testing/notflip/0007_000000025.jpg,flip__0006,notflip__0007,testing,testing,flip,notflip
20,688,same_sequence_cross_split,3,4,testing/flip/0006_000000008.jpg,training/flip/0006_000000002.jpg,flip__0006,flip__0006,testing,training,flip,flip
20,689,same_sequence_cross_split,3,4,testing/flip/0006_000000008.jpg,training/flip/0006_000000003.jpg,flip__0006,flip__0006,testing,training,flip,flip
20,690,same_sequence_cross_split,4,4,testing/flip/0006_000000008.jpg,training/flip/0006_000000004.jpg,flip__0006,flip__0006,testing,training,flip,flip
20,691,same_sequence_cross_split,3,2,testing/flip/0006_000000008.jpg,training/flip/0006_000000005.jpg,flip__0006,flip__0006,testing,training,flip,flip
20,692,same_sequence_cross_split,0,2,testing/flip/0006_000000008.jpg,training/flip/0006_000000007.jpg,flip__0006,flip__0006,testing,training,flip,flip
20,693,same_sequence_cross_split,1,0,testing/flip/0006_000000008.jpg,training/flip/0006_000000009.jpg,flip__0006,flip__0006,testing,training,flip,flip
20,694,same_sequence_cross_split,1,0,testing/flip/0006_000000008.jpg,training/flip/0006_000000010.jpg,flip__0006,flip__0006,testing,training,flip,flip
20,695,same_sequence_cross_split,3,2,testing/flip/0006_000000008.jpg,training/flip/0006_000000011.jpg,flip__0006,flip__0006,testing,training,flip,flip
20,1909,different_sequence_cross_split_cross_label,5,8,testing/flip/0006_000000008.jpg,training/notflip/0007_000000007.jpg,flip__0006,notflip__0007,testing,training,flip,notflip
20,1910,different_sequence_cross_split_cross_label,5,8,testing/flip/0006_000000008.jpg,training/notflip/0007_000000008.jpg,flip__0006,notflip__0007,testing,training,flip,notflip
20,1911,different_sequence_cross_split_cross_label,5,6,testing/flip/0006_000000008.jpg,training/notflip/0007_000000009.jpg,flip__0006,notflip__0007,testing,training,flip,notflip
20,1912,different_sequence_cross_split_cross_label,6,6,testing/flip/0006_000000008.jpg,training/notflip/0007_000000011.jpg,flip__0006,notflip__0007,testing,training,flip,notflip
20,1913,different_sequence_cross_split_cross_label,5,6,testing/flip/0006_000000008.jpg,training/notflip/0007_000000012.jpg,flip__0006,notflip__0007,testing,training,flip,notflip
20,1914,different_sequence_cross_split_cross_label,4,6,testing/flip/0006_000000008.jpg,training/notflip/0007_000000013.jpg,flip__0006,notflip__0007,testing,training,flip,notflip
20,1915,different_sequence_cross_split_cross_label,4,6,testing/flip/0006_000000008.jpg,training/notflip/0007_000000014.jpg,flip__0006,notflip__0007,testing,training,flip,notflip
20,1916,different_sequence_cross_split_cross_label,5,6,testing/flip/0006_000000008.jpg,training/notflip/0007_000000015.jpg,flip__0006,notflip__0007,testing,training,flip,notflip
20,1917,different_sequence_cross_split_cross_label,6,6,testing/flip/0006_000000008.jpg,training/notflip/0007_000000016.jpg,flip__0006,notflip__0007,testing,training,flip,notflip
20,1918,different_sequence_cross_split_cross_label,6,6,testing/flip/0006_000000008.jpg,training/notflip/0007_000000017.jpg,flip__0006,notflip__0007,testing,training,flip,notflip
20,1919,different_sequence_cross_split_cross_label,6,6,testing/flip/0006_000000008.jpg,training/notflip/0007_000000018.jpg,flip__0006,notflip__0007,testing,training,flip,notflip
20,1920,different_sequence_cross_split_cross_label,6,6,testing/flip/0006_000000008.jpg,training/notflip/0007_000000019.jpg,flip__0006,notflip__0007,testing,training,flip,notflip
20,1921,different_sequence_cross_split_cross_label,5,6,testing/flip/0006_000000008.jpg,training/notflip/0007_000000020.jpg,flip__0006,notflip__0007,testing,training,flip,notflip
20,1922,different_sequence_cross_split_cross_label,5,6,testing/flip/0006_000000008.jpg,training/notflip/0007_000000021.jpg,flip__0006,notflip__0007,testing,training,flip,notflip
20,1923,different_sequence_cross_split_cross_label,5,6,testing/flip/0006_000000008.jpg,training/notflip/0007_000000022.jpg,flip__0006,notflip__0007,testing,training,flip,notflip
20,1924,different_sequence_cross_split_cross_label,5,6,testing/flip/0006_000000008.jpg,training/notflip/0007_000000023.jpg,flip__0006,notflip__0007,testing,training,flip,notflip
20,1925,different_sequence_cross_split_cross_label,5,6,testing/flip/0006_000000008.jpg,training/notflip/0007_000000024.jpg,flip__0006,notflip__0007,testing,training,flip,notflip
20,1926,different_sequence_cross_split_cross_label,5,6,testing/flip/0006_000000008.jpg,training/notflip/0007_000000026.jpg,flip__0006,notflip__0007,testing,training,flip,notflip
20,1927,different_sequence_cross_split_cross_label,5,6,testing/flip/0006_000000008.jpg,training/notflip/0007_000000027.jpg,flip__0006,notflip__0007,testing,training,flip,notflip
20,1928,different_sequence_cross_split_cross_label,4,6,testing/flip/0006_000000008.jpg,training/notflip/0007_000000028.jpg,flip__0006,notflip__0007,testing,training,flip,notflip
20,1929,different_sequence_cross_split_cross_label,4,6,testing/flip/0006_000000008.jpg,training/notflip/0007_000000029.jpg,flip__0006,notflip__0007,testing,training,flip,notflip
20,1930,different_sequence_cross_split_cross_label,5,6,testing/flip/0006_000000008.jpg,training/notflip/0007_000000030.jpg,flip__0006,notflip__0007,testing,training,flip,notflip
21,331,different_sequence_same_split_cross_label,8,8,testing/flip/0006_000000012.jpg,testing/notflip/0007_000000010.jpg,flip__0006,notflip__0007,testing,testing,flip,notflip
21,691,same_sequence_cross_split,4,8,testing/flip/0006_000000012.jpg,training/flip/0006_000000005.jpg,flip__0006,flip__0006,testing,training,flip,flip
21,692,same_sequence_cross_split,3,8,testing/flip/0006_000000012.jpg,training/flip/0006_000000007.jpg,flip__0006,flip__0006,testing,training,flip,flip
21,693,same_sequence_cross_split,2,6,testing/flip/0006_000000012.jpg,training/flip/0006_000000009.jpg,flip__0006,flip__0006,testing,training,flip,flip
21,694,same_sequence_cross_split,2,6,testing/flip/0006_000000012.jpg,training/flip/0006_000000010.jpg,flip__0006,flip__0006,testing,training,flip,flip
21,695,same_sequence_cross_split,2,6,testing/flip/0006_000000012.jpg,training/flip/0006_000000011.jpg,flip__0006,flip__0006,testing,training,flip,flip
21,696,same_sequence_cross_split,5,4,testing/flip/0006_000000012.jpg,training/flip/0006_000000013.jpg,flip__0006,flip__0006,testing,training,flip,flip
21,697,same_sequence_cross_split,7,6,testing/flip/0006_000000012.jpg,training/flip/0006_000000014.jpg,flip__0006,flip__0006,testing,training,flip,flip
21,1903,different_sequence_cross_split_cross_label,7,8,testing/flip/0006_000000012.jpg,training/notflip/0007_000000001.jpg,flip__0006,notflip__0007,testing,training,flip,notflip
21,1904,different_sequence_cross_split_cross_label,8,8,testing/flip/0006_000000012.jpg,training/notflip/0007_000000002.jpg,flip__0006,notflip__0007,testing,training,flip,notflip
21,1909,different_sequence_cross_split_cross_label,8,8,testing/flip/0006_000000012.jpg,training/notflip/0007_000000007.jpg,flip__0006,notflip__0007,testing,training,flip,notflip
21,1910,different_sequence_cross_split_cross_label,8,8,testing/flip/0006_000000012.jpg,training/notflip/0007_000000008.jpg,flip__0006,notflip__0007,testing,training,flip,notflip
21,1911,different_sequence_cross_split_cross_label,8,8,testing/flip/0006_000000012.jpg,training/notflip/0007_000000009.jpg,flip__0006,notflip__0007,testing,training,flip,notflip
21,1913,different_sequence_cross_split_cross_label,8,8,testing/flip/0006_000000012.jpg,training/notflip/0007_000000012.jpg,flip__0006,notflip__0007,testing,training,flip,notflip
21,1914,different_sequence_cross_split_cross_label,7,8,testing/flip/0006_000000012.jpg,training/notflip/0007_000000013.jpg,flip__0006,notflip__0007,testing,training,flip,notflip
21,1915,different_sequence_cross_split_cross_label,7,8,testing/flip/0006_000000012.jpg,training/notflip/0007_000000014.jpg,flip__0006,notflip__0007,testing,training,flip,notflip
21,1916,different_sequence_cross_split_cross_label,8,8,testing/flip/0006_000000012.jpg,training/notflip/0007_000000015.jpg,flip__0006,notflip__0007,testing,training,flip,notflip
21,1917,different_sequence_cross_split_cross_label,7,8,testing/flip/0006_000000012.jpg,training/notflip/0007_000000016.jpg,flip__0006,notflip__0007,testing,training,flip,notflip
21,1918,different_sequence_cross_split_cross_label,7,8,testing/flip/0006_000000012.jpg,training/notflip/0007_000000017.jpg,flip__0006,notflip__0007,testing,training,flip,notflip
21,1919,different_sequence_cross_split_cross_label,7,8,testing/flip/0006_000000012.jpg,training/notflip/0007_000000018.jpg,flip__0006,notflip__0007,testing,training,flip,notflip
21,1921,different_sequence_cross_split_cross_label,8,8,testing/flip/0006_000000012.jpg,training/notflip/0007_000000020.jpg,flip__0006,notflip__0007,testing,training,flip,notflip
21,1922,different_sequence_cross_split_cross_label,8,8,testing/flip/0006_000000012.jpg,training/notflip/0007_000000021.jpg,flip__0006,notflip__0007,testing,training,flip,notflip
21,1923,different_sequence_cross_split_cross_label,8,8,testing/flip/0006_000000012.jpg,training/notflip/0007_000000022.jpg,flip__0006,notflip__0007,testing,training,flip,notflip
21,1930,different_sequence_cross_split_cross_label,8,8,testing/flip/0006_000000012.jpg,training/notflip/0007_000000030.jpg,flip__0006,notflip__0007,testing,training,flip,notflip
22,23,same_sequence_same_split,5,8,testing/flip/0006_000000021.jpg,testing/flip/0006_000000022.jpg,flip__0006,flip__0006,testing,testing,flip,flip
22,703,same_sequence_cross_split,8,4,testing/flip/0006_000000021.jpg,training/flip/0006_000000020.jpg,flip__0006,flip__0006,testing,training,flip,flip
23,704,same_sequence_cross_split,6,4,testing/flip/0006_000000022.jpg,training/flip/0006_000000023.jpg,flip__0006,flip__0006,testing,training,flip,flip
24,25,same_sequence_same_split,4,6,testing/flip/0006_000000024.jpg,testing/flip/0006_000000025.jpg,flip__0006,flip__0006,testing,testing,flip,flip
24,704,same_sequence_cross_split,5,4,testing/flip/0006_000000024.jpg,training/flip/0006_000000023.jpg,flip__0006,flip__0006,testing,training,flip,flip
26,610,different_sequence_cross_split_same_label,8,2,testing/flip/0006_000000030.jpg,training/flip/0001_000000024.jpg,flip__0006,flip__0001,testing,training,flip,flip
26,708,same_sequence_cross_split,7,6,testing/flip/0006_000000030.jpg,training/flip/0006_000000029.jpg,flip__0006,flip__0006,testing,training,flip,flip
26,1883,different_sequence_cross_split_cross_label,8,8,testing/flip/0006_000000030.jpg,training/notflip/0006_000000001.jpg,flip__0006,notflip__0006,testing,training,flip,notflip
27,30,different_sequence_same_split_same_label,5,8,testing/flip/0007_000000008.jpg,testing/flip/0008_000000005.jpg,flip__0007,flip__0008,testing,testing,flip,flip
27,31,different_sequence_same_split_same_label,6,8,testing/flip/0007_000000008.jpg,testing/flip/0008_000000007.jpg,flip__0007,flip__0008,testing,testing,flip,flip
27,42,different_sequence_same_split_same_label,8,8,testing/flip/0007_000000008.jpg,testing/flip/0010_000000004.jpg,flip__0007,flip__0010,testing,testing,flip,flip
27,624,different_sequence_cross_split_same_label,8,8,testing/flip/0007_000000008.jpg,training/flip/0003_000000004.jpg,flip__0007,flip__0003,testing,training,flip,flip
27,625,different_sequence_cross_split_same_label,8,6,testing/flip/0007_000000008.jpg,training/flip/0003_000000006.jpg,flip__0007,flip__0003,testing,training,flip,flip
27,626,different_sequence_cross_split_same_label,8,8,testing/flip/0007_000000008.jpg,training/flip/0003_000000007.jpg,flip__0007,flip__0003,testing,training,flip,flip
27,627,different_sequence_cross_split_same_label,8,6,testing/flip/0007_000000008.jpg,training/flip/0003_000000009.jpg,flip__0007,flip__0003,testing,training,flip,flip
27,643,different_sequence_cross_split_same_label,6,4,testing/flip/0007_000000008.jpg,training/flip/0004_000000005.jpg,flip__0007,flip__0004,testing,training,flip,flip
27,644,different_sequence_cross_split_same_label,5,6,testing/flip/0007_000000008.jpg,training/flip/0004_000000007.jpg,flip__0007,flip__0004,testing,training,flip,flip
27,645,different_sequence_cross_split_same_label,5,8,testing/flip/0007_000000008.jpg,training/flip/0004_000000008.jpg,flip__0007,flip__0004,testing,training,flip,flip
27,646,different_sequence_cross_split_same_label,5,8,testing/flip/0007_000000008.jpg,training/flip/0004_000000009.jpg,flip__0007,flip__0004,testing,training,flip,flip
27,647,different_sequence_cross_split_same_label,4,8,testing/flip/0007_000000008.jpg,training/flip/0004_000000010.jpg,flip__0007,flip__0004,testing,training,flip,flip
27,648,different_sequence_cross_split_same_label,5,6,testing/flip/0007_000000008.jpg,training/flip/0004_000000011.jpg,flip__0007,flip__0004,testing,training,flip,flip
27,649,different_sequence_cross_split_same_label,6,6,testing/flip/0007_000000008.jpg,training/flip/0004_000000012.jpg,flip__0007,flip__0004,testing,training,flip,flip
27,667,different_sequence_cross_split_same_label,7,6,testing/flip/0007_000000008.jpg,training/flip/0005_000000006.jpg,flip__0007,flip__0005,testing,training,flip,flip
27,668,different_sequence_cross_split_same_label,8,6,testing/flip/0007_000000008.jpg,training/flip/0005_000000007.jpg,flip__0007,flip__0005,testing,training,flip,flip
27,673,different_sequence_cross_split_same_label,8,8,testing/flip/0007_000000008.jpg,training/flip/0005_000000013.jpg,flip__0007,flip__0005,testing,training,flip,flip
27,674,different_sequence_cross_split_same_label,8,8,testing/flip/0007_000000008.jpg,training/flip/0005_000000014.jpg,flip__0007,flip__0005,testing,training,flip,flip
27,675,different_sequence_cross_split_same_label,7,8,testing/flip/0007_000000008.jpg,training/flip/0005_000000015.jpg,flip__0007,flip__0005,testing,training,flip,flip
27,676,different_sequence_cross_split_same_label,8,8,testing/flip/0007_000000008.jpg,training/flip/0005_000000016.jpg,flip__0007,flip__0005,testing,training,flip,flip
27,709,same_sequence_cross_split,3,0,testing/flip/0007_000000008.jpg,training/flip/0007_000000005.jpg,flip__0007,flip__0007,testing,training,flip,flip
27,710,same_sequence_cross_split,2,0,testing/flip/0007_000000008.jpg,training/flip/0007_000000006.jpg,flip__0007,flip__0007,testing,training,flip,flip
27,711,same_sequence_cross_split,1,0,testing/flip/0007_000000008.jpg,training/flip/0007_000000007.jpg,flip__0007,flip__0007,testing,training,flip,flip
27,712,same_sequence_cross_split,1,2,testing/flip/0007_000000008.jpg,training/flip/0007_000000009.jpg,flip__0007,flip__0007,testing,training,flip,flip
27,713,same_sequence_cross_split,1,4,testing/flip/0007_000000008.jpg,training/flip/0007_000000010.jpg,flip__0007,flip__0007,testing,training,flip,flip
27,714,same_sequence_cross_split,1,6,testing/flip/0007_000000008.jpg,training/flip/0007_000000011.jpg,flip__0007,flip__0007,testing,training,flip,flip
27,715,same_sequence_cross_split,1,6,testing/flip/0007_000000008.jpg,training/flip/0007_000000012.jpg,flip__0007,flip__0007,testing,training,flip,flip
27,716,same_sequence_cross_split,1,6,testing/flip/0007_000000008.jpg,training/flip/0007_000000013.jpg,flip__0007,flip__0007,testing,training,flip,flip
27,717,same_sequence_cross_split,4,6,testing/flip/0007_000000008.jpg,training/flip/0007_000000014.jpg,flip__0007,flip__0007,testing,training,flip,flip
27,718,same_sequence_cross_split,7,6,testing/flip/0007_000000008.jpg,training/flip/0007_000000015.jpg,flip__0007,flip__0007,testing,training,flip,flip
27,732,different_sequence_cross_split_same_label,6,8,testing/flip/0007_000000008.jpg,training/flip/0008_000000001.jpg,flip__0007,flip__0008,testing,training,flip,flip
27,733,different_sequence_cross_split_same_label,7,6,testing/flip/0007_000000008.jpg,training/flip/0008_000000002.jpg,flip__0007,flip__0008,testing,training,flip,flip
27,734,different_sequence_cross_split_same_label,6,6,testing/flip/0007_000000008.jpg,training/flip/0008_000000003.jpg,flip__0007,flip__0008,testing,training,flip,flip
27,735,different_sequence_cross_split_same_label,6,8,testing/flip/0007_000000008.jpg,training/flip/0008_000000004.jpg,flip__0007,flip__0008,testing,training,flip,flip
27,736,different_sequence_cross_split_same_label,6,8,testing/flip/0007_000000008.jpg,training/flip/0008_000000006.jpg,flip__0007,flip__0008,testing,training,flip,flip
27,737,different_sequence_cross_split_same_label,6,8,testing/flip/0007_000000008.jpg,training/flip/0008_000000008.jpg,flip__0007,flip__0008,testing,training,flip,flip
27,738,different_sequence_cross_split_same_label,5,6,testing/flip/0007_000000008.jpg,training/flip/0008_000000009.jpg,flip__0007,flip__0008,testing,training,flip,flip
27,739,different_sequence_cross_split_same_label,5,8,testing/flip/0007_000000008.jpg,training/flip/0008_000000010.jpg,flip__0007,flip__0008,testing,training,flip,flip
27,740,different_sequence_cross_split_same_label,4,8,testing/flip/0007_000000008.jpg,training/flip/0008_000000011.jpg,flip__0007,flip__0008,testing,training,flip,flip
27,741,different_sequence_cross_split_same_label,4,8,testing/flip/0007_000000008.jpg,training/flip/0008_000000012.jpg,flip__0007,flip__0008,testing,training,flip,flip
27,742,different_sequence_cross_split_same_label,4,8,testing/flip/0007_000000008.jpg,training/flip/0008_000000013.jpg,flip__0007,flip__0008,testing,training,flip,flip
27,764,different_sequence_cross_split_same_label,8,8,testing/flip/0007_000000008.jpg,training/flip/0009_000000010.jpg,flip__0007,flip__0009,testing,training,flip,flip
27,765,different_sequence_cross_split_same_label,8,8,testing/flip/0007_000000008.jpg,training/flip/0009_000000011.jpg,flip__0007,flip__0009,testing,training,flip,flip
27,766,different_sequence_cross_split_same_label,8,8,testing/flip/0007_000000008.jpg,training/flip/0009_000000012.jpg,flip__0007,flip__0009,testing,training,flip,flip
27,767,different_sequence_cross_split_same_label,8,8,testing/flip/0007_000000008.jpg,training/flip/0009_000000013.jpg,flip__0007,flip__0009,testing,training,flip,flip
27,777,different_sequence_cross_split_same_label,7,8,testing/flip/0007_000000008.jpg,training/flip/0010_000000005.jpg,flip__0007,flip__0010,testing,training,flip,flip
28,30,different_sequence_same_split_same_label,8,6,testing/flip/0007_000000018.jpg,testing/flip/0008_000000005.jpg,flip__0007,flip__0008,testing,testing,flip,flip
28,36,different_sequence_same_split_same_label,7,8,testing/flip/0007_000000018.jpg,testing/flip/0009_000000016.jpg,flip__0007,flip__0009,testing,testing,flip,flip
28,650,different_sequence_cross_split_same_label,6,6,testing/flip/0007_000000018.jpg,training/flip/0004_000000015.jpg,flip__0007,flip__0004,testing,training,flip,flip
28,651,different_sequence_cross_split_same_label,7,6,testing/flip/0007_000000018.jpg,training/flip/0004_000000016.jpg,flip__0007,flip__0004,testing,training,flip,flip
28,652,different_sequence_cross_split_same_label,8,4,testing/flip/0007_000000018.jpg,training/flip/0004_000000017.jpg,flip__0007,flip__0004,testing,training,flip,flip
28,666,different_sequence_cross_split_same_label,8,8,testing/flip/0007_000000018.jpg,training/flip/0005_000000005.jpg,flip__0007,flip__0005,testing,training,flip,flip
28,667,different_sequence_cross_split_same_label,8,8,testing/flip/0007_000000018.jpg,training/flip/0005_000000006.jpg,flip__0007,flip__0005,testing,training,flip,flip
28,668,different_sequence_cross_split_same_label,7,8,testing/flip/0007_000000018.jpg,training/flip/0005_000000007.jpg,flip__0007,flip__0005,testing,training,flip,flip
28,670,different_sequence_cross_split_same_label,7,8,testing/flip/0007_000000018.jpg,training/flip/0005_000000010.jpg,flip__0007,flip__0005,testing,training,flip,flip
28,671,different_sequence_cross_split_same_label,7,8,testing/flip/0007_000000018.jpg,training/flip/0005_000000011.jpg,flip__0007,flip__0005,testing,training,flip,flip
28,672,different_sequence_cross_split_same_label,6,6,testing/flip/0007_000000018.jpg,training/flip/0005_000000012.jpg,flip__0007,flip__0005,testing,training,flip,flip
28,673,different_sequence_cross_split_same_label,5,8,testing/flip/0007_000000018.jpg,training/flip/0005_000000013.jpg,flip__0007,flip__0005,testing,training,flip,flip
28,675,different_sequence_cross_split_same_label,4,6,testing/flip/0007_000000018.jpg,training/flip/0005_000000015.jpg,flip__0007,flip__0005,testing,training,flip,flip
28,676,different_sequence_cross_split_same_label,5,6,testing/flip/0007_000000018.jpg,training/flip/0005_000000016.jpg,flip__0007,flip__0005,testing,training,flip,flip
28,677,different_sequence_cross_split_same_label,5,6,testing/flip/0007_000000018.jpg,training/flip/0005_000000017.jpg,flip__0007,flip__0005,testing,training,flip,flip
28,712,same_sequence_cross_split,8,8,testing/flip/0007_000000018.jpg,training/flip/0007_000000009.jpg,flip__0007,flip__0007,testing,training,flip,flip
28,713,same_sequence_cross_split,8,8,testing/flip/0007_000000018.jpg,training/flip/0007_000000010.jpg,flip__0007,flip__0007,testing,training,flip,flip
28,714,same_sequence_cross_split,8,6,testing/flip/0007_000000018.jpg,training/flip/0007_000000011.jpg,flip__0007,flip__0007,testing,training,flip,flip
28,715,same_sequence_cross_split,8,6,testing/flip/0007_000000018.jpg,training/flip/0007_000000012.jpg,flip__0007,flip__0007,testing,training,flip,flip
28,716,same_sequence_cross_split,8,6,testing/flip/0007_000000018.jpg,training/flip/0007_000000013.jpg,flip__0007,flip__0007,testing,training,flip,flip
28,717,same_sequence_cross_split,5,6,testing/flip/0007_000000018.jpg,training/flip/0007_000000014.jpg,flip__0007,flip__0007,testing,training,flip,flip
28,718,same_sequence_cross_split,2,8,testing/flip/0007_000000018.jpg,training/flip/0007_000000015.jpg,flip__0007,flip__0007,testing,training,flip,flip
28,719,same_sequence_cross_split,2,6,testing/flip/0007_000000018.jpg,training/flip/0007_000000016.jpg,flip__0007,flip__0007,testing,training,flip,flip
28,720,same_sequence_cross_split,0,2,testing/flip/0007_000000018.jpg,training/flip/0007_000000017.jpg,flip__0007,flip__0007,testing,training,flip,flip
28,721,same_sequence_cross_split,3,6,testing/flip/0007_000000018.jpg,training/flip/0007_000000019.jpg,flip__0007,flip__0007,testing,training,flip,flip
28,743,different_sequence_cross_split_same_label,6,8,testing/flip/0007_000000018.jpg,training/flip/0008_000000014.jpg,flip__0007,flip__0008,testing,training,flip,flip
28,744,different_sequence_cross_split_same_label,5,8,testing/flip/0007_000000018.jpg,training/flip/0008_000000015.jpg,flip__0007,flip__0008,testing,training,flip,flip
28,769,different_sequence_cross_split_same_label,6,8,testing/flip/0007_000000018.jpg,training/flip/0009_000000015.jpg,flip__0007,flip__0009,testing,training,flip,flip
29,637,different_sequence_cross_split_same_label,7,8,testing/flip/0007_000000024.jpg,training/flip/0003_000000019.jpg,flip__0007,flip__0003,testing,training,flip,flip
29,658,different_sequence_cross_split_same_label,7,8,testing/flip/0007_000000024.jpg,training/flip/0004_000000023.jpg,flip__0007,flip__0004,testing,training,flip,flip
29,726,same_sequence_cross_split,5,4,testing/flip/0007_000000024.jpg,training/flip/0007_000000025.jpg,flip__0007,flip__0007,testing,training,flip,flip
29,751,different_sequence_cross_split_same_label,7,6,testing/flip/0007_000000024.jpg,training/flip/0008_000000022.jpg,flip__0007,flip__0008,testing,training,flip,flip
29,1956,different_sequence_cross_split_cross_label,8,8,testing/flip/0007_000000024.jpg,training/notflip/0009_000000006.jpg,flip__0007,notflip__0009,testing,training,flip,notflip
29,1958,different_sequence_cross_split_cross_label,8,6,testing/flip/0007_000000024.jpg,training/notflip/0009_000000008.jpg,flip__0007,notflip__0009,testing,training,flip,notflip
29,1959,different_sequence_cross_split_cross_label,8,8,testing/flip/0007_000000024.jpg,training/notflip/0009_000000009.jpg,flip__0007,notflip__0009,testing,training,flip,notflip
29,1960,different_sequence_cross_split_cross_label,8,8,testing/flip/0007_000000024.jpg,training/notflip/0009_000000010.jpg,flip__0007,notflip__0009,testing,training,flip,notflip
30,31,same_sequence_same_split,1,0,testing/flip/0008_000000005.jpg,testing/flip/0008_000000007.jpg,flip__0008,flip__0008,testing,testing,flip,flip
30,643,different_sequence_cross_split_same_label,7,8,testing/flip/0008_000000005.jpg,training/flip/0004_000000005.jpg,flip__0008,flip__0004,testing,training,flip,flip
30,644,different_sequence_cross_split_same_label,6,6,testing/flip/0008_000000005.jpg,training/flip/0004_000000007.jpg,flip__0008,flip__0004,testing,training,flip,flip
30,645,different_sequence_cross_split_same_label,6,4,testing/flip/0008_000000005.jpg,training/flip/0004_000000008.jpg,flip__0008,flip__0004,testing,training,flip,flip
30,646,different_sequence_cross_split_same_label,6,4,testing/flip/0008_000000005.jpg,training/flip/0004_000000009.jpg,flip__0008,flip__0004,testing,training,flip,flip
30,647,different_sequence_cross_split_same_label,5,4,testing/flip/0008_000000005.jpg,training/flip/0004_000000010.jpg,flip__0008,flip__0004,testing,training,flip,flip
30,648,different_sequence_cross_split_same_label,6,6,testing/flip/0008_000000005.jpg,training/flip/0004_000000011.jpg,flip__0008,flip__0004,testing,training,flip,flip
30,649,different_sequence_cross_split_same_label,5,6,testing/flip/0008_000000005.jpg,training/flip/0004_000000012.jpg,flip__0008,flip__0004,testing,training,flip,flip
30,666,different_sequence_cross_split_same_label,8,6,testing/flip/0008_000000005.jpg,training/flip/0005_000000005.jpg,flip__0008,flip__0005,testing,training,flip,flip
30,667,different_sequence_cross_split_same_label,6,6,testing/flip/0008_000000005.jpg,training/flip/0005_000000006.jpg,flip__0008,flip__0005,testing,training,flip,flip
30,668,different_sequence_cross_split_same_label,7,4,testing/flip/0008_000000005.jpg,training/flip/0005_000000007.jpg,flip__0008,flip__0005,testing,training,flip,flip
30,672,different_sequence_cross_split_same_label,8,6,testing/flip/0008_000000005.jpg,training/flip/0005_000000012.jpg,flip__0008,flip__0005,testing,training,flip,flip
30,675,different_sequence_cross_split_same_label,8,4,testing/flip/0008_000000005.jpg,training/flip/0005_000000015.jpg,flip__0008,flip__0005,testing,training,flip,flip
30,709,different_sequence_cross_split_same_label,4,8,testing/flip/0008_000000005.jpg,training/flip/0007_000000005.jpg,flip__0008,flip__0007,testing,training,flip,flip
30,710,different_sequence_cross_split_same_label,5,8,testing/flip/0008_000000005.jpg,training/flip/0007_000000006.jpg,flip__0008,flip__0007,testing,training,flip,flip
30,711,different_sequence_cross_split_same_label,4,8,testing/flip/0008_000000005.jpg,training/flip/0007_000000007.jpg,flip__0008,flip__0007,testing,training,flip,flip
30,712,different_sequence_cross_split_same_label,4,6,testing/flip/0008_000000005.jpg,training/flip/0007_000000009.jpg,flip__0008,flip__0007,testing,training,flip,flip
30,713,different_sequence_cross_split_same_label,4,6,testing/flip/0008_000000005.jpg,training/flip/0007_000000010.jpg,flip__0008,flip__0007,testing,training,flip,flip
30,714,different_sequence_cross_split_same_label,4,6,testing/flip/0008_000000005.jpg,training/flip/0007_000000011.jpg,flip__0008,flip__0007,testing,training,flip,flip
30,715,different_sequence_cross_split_same_label,4,8,testing/flip/0008_000000005.jpg,training/flip/0007_000000012.jpg,flip__0008,flip__0007,testing,training,flip,flip
30,716,different_sequence_cross_split_same_label,4,8,testing/flip/0008_000000005.jpg,training/flip/0007_000000013.jpg,flip__0008,flip__0007,testing,training,flip,flip
30,717,different_sequence_cross_split_same_label,5,8,testing/flip/0008_000000005.jpg,training/flip/0007_000000014.jpg,flip__0008,flip__0007,testing,training,flip,flip
30,718,different_sequence_cross_split_same_label,8,6,testing/flip/0008_000000005.jpg,training/flip/0007_000000015.jpg,flip__0008,flip__0007,testing,training,flip,flip
30,720,different_sequence_cross_split_same_label,8,4,testing/flip/0008_000000005.jpg,training/flip/0007_000000017.jpg,flip__0008,flip__0007,testing,training,flip,flip
30,732,same_sequence_cross_split,1,4,testing/flip/0008_000000005.jpg,training/flip/0008_000000001.jpg,flip__0008,flip__0008,testing,training,flip,flip
30,733,same_sequence_cross_split,2,2,testing/flip/0008_000000005.jpg,training/flip/0008_000000002.jpg,flip__0008,flip__0008,testing,training,flip,flip
30,734,same_sequence_cross_split,1,2,testing/flip/0008_000000005.jpg,training/flip/0008_000000003.jpg,flip__0008,flip__0008,testing,training,flip,flip
30,735,same_sequence_cross_split,1,4,testing/flip/0008_000000005.jpg,training/flip/0008_000000004.jpg,flip__0008,flip__0008,testing,training,flip,flip
30,736,same_sequence_cross_split,1,0,testing/flip/0008_000000005.jpg,training/flip/0008_000000006.jpg,flip__0008,flip__0008,testing,training,flip,flip
30,737,same_sequence_cross_split,1,0,testing/flip/0008_000000005.jpg,training/flip/0008_000000008.jpg,flip__0008,flip__0008,testing,training,flip,flip
30,738,same_sequence_cross_split,2,2,testing/flip/0008_000000005.jpg,training/flip/0008_000000009.jpg,flip__0008,flip__0008,testing,training,flip,flip
30,739,same_sequence_cross_split,2,2,testing/flip/0008_000000005.jpg,training/flip/0008_000000010.jpg,flip__0008,flip__0008,testing,training,flip,flip
30,740,same_sequence_cross_split,1,4,testing/flip/0008_000000005.jpg,training/flip/0008_000000011.jpg,flip__0008,flip__0008,testing,training,flip,flip
30,741,same_sequence_cross_split,1,4,testing/flip/0008_000000005.jpg,training/flip/0008_000000012.jpg,flip__0008,flip__0008,testing,training,flip,flip
30,742,same_sequence_cross_split,1,4,testing/flip/0008_000000005.jpg,training/flip/0008_000000013.jpg,flip__0008,flip__0008,testing,training,flip,flip
30,743,same_sequence_cross_split,2,6,testing/flip/0008_000000005.jpg,training/flip/0008_000000014.jpg,flip__0008,flip__0008,testing,training,flip,flip
30,744,same_sequence_cross_split,3,6,testing/flip/0008_000000005.jpg,training/flip/0008_000000015.jpg,flip__0008,flip__0008,testing,training,flip,flip
30,745,same_sequence_cross_split,5,8,testing/flip/0008_000000005.jpg,training/flip/0008_000000016.jpg,flip__0008,flip__0008,testing,training,flip,flip
31,643,different_sequence_cross_split_same_label,8,8,testing/flip/0008_000000007.jpg,training/flip/0004_000000005.jpg,flip__0008,flip__0004,testing,training,flip,flip
31,644,different_sequence_cross_split_same_label,7,6,testing/flip/0008_000000007.jpg,training/flip/0004_000000007.jpg,flip__0008,flip__0004,testing,training,flip,flip
31,645,different_sequence_cross_split_same_label,7,4,testing/flip/0008_000000007.jpg,training/flip/0004_000000008.jpg,flip__0008,flip__0004,testing,training,flip,flip
31,646,different_sequence_cross_split_same_label,7,4,testing/flip/0008_000000007.jpg,training/flip/0004_000000009.jpg,flip__0008,flip__0004,testing,training,flip,flip
31,647,different_sequence_cross_split_same_label,6,4,testing/flip/0008_000000007.jpg,training/flip/0004_000000010.jpg,flip__0008,flip__0004,testing,training,flip,flip
31,648,different_sequence_cross_split_same_label,7,6,testing/flip/0008_000000007.jpg,training/flip/0004_000000011.jpg,flip__0008,flip__0004,testing,training,flip,flip
31,649,different_sequence_cross_split_same_label,6,6,testing/flip/0008_000000007.jpg,training/flip/0004_000000012.jpg,flip__0008,flip__0004,testing,training,flip,flip
31,666,different_sequence_cross_split_same_label,7,6,testing/flip/0008_000000007.jpg,training/flip/0005_000000005.jpg,flip__0008,flip__0005,testing,training,flip,flip
31,667,different_sequence_cross_split_same_label,7,6,testing/flip/0008_000000007.jpg,training/flip/0005_000000006.jpg,flip__0008,flip__0005,testing,training,flip,flip
31,668,different_sequence_cross_split_same_label,8,4,testing/flip/0008_000000007.jpg,training/flip/0005_000000007.jpg,flip__0008,flip__0005,testing,training,flip,flip
31,709,different_sequence_cross_split_same_label,5,8,testing/flip/0008_000000007.jpg,training/flip/0007_000000005.jpg,flip__0008,flip__0007,testing,training,flip,flip
31,710,different_sequence_cross_split_same_label,6,8,testing/flip/0008_000000007.jpg,training/flip/0007_000000006.jpg,flip__0008,flip__0007,testing,training,flip,flip
31,711,different_sequence_cross_split_same_label,5,8,testing/flip/0008_000000007.jpg,training/flip/0007_000000007.jpg,flip__0008,flip__0007,testing,training,flip,flip
31,712,different_sequence_cross_split_same_label,5,6,testing/flip/0008_000000007.jpg,training/flip/0007_000000009.jpg,flip__0008,flip__0007,testing,training,flip,flip
31,713,different_sequence_cross_split_same_label,5,6,testing/flip/0008_000000007.jpg,training/flip/0007_000000010.jpg,flip__0008,flip__0007,testing,training,flip,flip
31,714,different_sequence_cross_split_same_label,5,6,testing/flip/0008_000000007.jpg,training/flip/0007_000000011.jpg,flip__0008,flip__0007,testing,training,flip,flip
31,715,different_sequence_cross_split_same_label,5,8,testing/flip/0008_000000007.jpg,training/flip/0007_000000012.jpg,flip__0008,flip__0007,testing,training,flip,flip
31,716,different_sequence_cross_split_same_label,5,8,testing/flip/0008_000000007.jpg,training/flip/0007_000000013.jpg,flip__0008,flip__0007,testing,training,flip,flip
31,717,different_sequence_cross_split_same_label,6,8,testing/flip/0008_000000007.jpg,training/flip/0007_000000014.jpg,flip__0008,flip__0007,testing,training,flip,flip
31,732,same_sequence_cross_split,2,4,testing/flip/0008_000000007.jpg,training/flip/0008_000000001.jpg,flip__0008,flip__0008,testing,training,flip,flip
31,733,same_sequence_cross_split,1,2,testing/flip/0008_000000007.jpg,training/flip/0008_000000002.jpg,flip__0008,flip__0008,testing,training,flip,flip
31,734,same_sequence_cross_split,0,2,testing/flip/0008_000000007.jpg,training/flip/0008_000000003.jpg,flip__0008,flip__0008,testing,training,flip,flip
31,735,same_sequence_cross_split,0,4,testing/flip/0008_000000007.jpg,training/flip/0008_000000004.jpg,flip__0008,flip__0008,testing,training,flip,flip
31,736,same_sequence_cross_split,0,0,testing/flip/0008_000000007.jpg,training/flip/0008_000000006.jpg,flip__0008,flip__0008,testing,training,flip,flip
31,737,same_sequence_cross_split,0,0,testing/flip/0008_000000007.jpg,training/flip/0008_000000008.jpg,flip__0008,flip__0008,testing,training,flip,flip
31,738,same_sequence_cross_split,1,2,testing/flip/0008_000000007.jpg,training/flip/0008_000000009.jpg,flip__0008,flip__0008,testing,training,flip,flip
31,739,same_sequence_cross_split,1,2,testing/flip/0008_000000007.jpg,training/flip/0008_000000010.jpg,flip__0008,flip__0008,testing,training,flip,flip
31,740,same_sequence_cross_split,2,4,testing/flip/0008_000000007.jpg,training/flip/0008_000000011.jpg,flip__0008,flip__0008,testing,training,flip,flip
31,741,same_sequence_cross_split,2,4,testing/flip/0008_000000007.jpg,training/flip/0008_000000012.jpg,flip__0008,flip__0008,testing,training,flip,flip
31,742,same_sequence_cross_split,2,4,testing/flip/0008_000000007.jpg,training/flip/0008_000000013.jpg,flip__0008,flip__0008,testing,training,flip,flip
31,743,same_sequence_cross_split,3,6,testing/flip/0008_000000007.jpg,training/flip/0008_000000014.jpg,flip__0008,flip__0008,testing,training,flip,flip
31,744,same_sequence_cross_split,4,6,testing/flip/0008_000000007.jpg,training/flip/0008_000000015.jpg,flip__0008,flip__0008,testing,training,flip,flip
31,745,same_sequence_cross_split,6,8,testing/flip/0008_000000007.jpg,training/flip/0008_000000016.jpg,flip__0008,flip__0008,testing,training,flip,flip
33,753,same_sequence_cross_split,7,8,testing/flip/0008_000000026.jpg,training/flip/0008_000000025.jpg,flip__0008,flip__0008,testing,training,flip,flip
33,754,same_sequence_cross_split,6,8,testing/flip/0008_000000026.jpg,training/flip/0008_000000027.jpg,flip__0008,flip__0008,testing,training,flip,flip
34,755,same_sequence_cross_split,2,6,testing/flip/0008_000000029.jpg,training/flip/0008_000000028.jpg,flip__0008,flip__0008,testing,training,flip,flip
34,776,different_sequence_cross_split_same_label,8,6,testing/flip/0008_000000029.jpg,training/flip/0009_000000028.jpg,flip__0008,flip__0009,testing,training,flip,flip
34,1977,different_sequence_cross_split_cross_label,5,6,testing/flip/0008_000000029.jpg,training/notflip/0010_000000001.jpg,flip__0008,notflip__0010,testing,training,flip,notflip
34,1978,different_sequence_cross_split_cross_label,5,8,testing/flip/0008_000000029.jpg,training/notflip/0010_000000002.jpg,flip__0008,notflip__0010,testing,training,flip,notflip
34,1979,different_sequence_cross_split_cross_label,7,6,testing/flip/0008_000000029.jpg,training/notflip/0010_000000003.jpg,flip__0008,notflip__0010,testing,training,flip,notflip
34,1980,different_sequence_cross_split_cross_label,8,6,testing/flip/0008_000000029.jpg,training/notflip/0010_000000004.jpg,flip__0008,notflip__0010,testing,training,flip,notflip
35,36,same_sequence_same_split,5,6,testing/flip/0009_000000007.jpg,testing/flip/0009_000000016.jpg,flip__0009,flip__0009,testing,testing,flip,flip
35,42,different_sequence_same_split_same_label,5,4,testing/flip/0009_000000007.jpg,testing/flip/0010_000000004.jpg,flip__0009,flip__0010,testing,testing,flip,flip
35,43,different_sequence_same_split_same_label,5,6,testing/flip/0009_000000007.jpg,testing/flip/0010_000000008.jpg,flip__0009,flip__0010,testing,testing,flip,flip
35,44,different_sequence_same_split_same_label,5,8,testing/flip/0009_000000007.jpg,testing/flip/0010_000000009.jpg,flip__0009,flip__0010,testing,testing,flip,flip
35,296,different_sequence_same_split_cross_label,8,8,testing/flip/0009_000000007.jpg,testing/notflip/0002_000000006.jpg,flip__0009,notflip__0002,testing,testing,flip,notflip
35,348,different_sequence_same_split_cross_label,8,6,testing/flip/0009_000000007.jpg,testing/notflip/0010_000000009.jpg,flip__0009,notflip__0010,testing,testing,flip,notflip
35,349,different_sequence_same_split_cross_label,8,8,testing/flip/0009_000000007.jpg,testing/notflip/0010_000000026.jpg,flip__0009,notflip__0010,testing,testing,flip,notflip
35,667,different_sequence_cross_split_same_label,8,8,testing/flip/0009_000000007.jpg,training/flip/0005_000000006.jpg,flip__0009,flip__0005,testing,training,flip,flip
35,673,different_sequence_cross_split_same_label,7,8,testing/flip/0009_000000007.jpg,training/flip/0005_000000013.jpg,flip__0009,flip__0005,testing,training,flip,flip
35,675,different_sequence_cross_split_same_label,6,8,testing/flip/0009_000000007.jpg,training/flip/0005_000000015.jpg,flip__0009,flip__0005,testing,training,flip,flip
35,676,different_sequence_cross_split_same_label,7,8,testing/flip/0009_000000007.jpg,training/flip/0005_000000016.jpg,flip__0009,flip__0005,testing,training,flip,flip
35,709,different_sequence_cross_split_same_label,8,6,testing/flip/0009_000000007.jpg,training/flip/0007_000000005.jpg,flip__0009,flip__0007,testing,training,flip,flip
35,710,different_sequence_cross_split_same_label,7,6,testing/flip/0009_000000007.jpg,training/flip/0007_000000006.jpg,flip__0009,flip__0007,testing,training,flip,flip
35,711,different_sequence_cross_split_same_label,8,6,testing/flip/0009_000000007.jpg,training/flip/0007_000000007.jpg,flip__0009,flip__0007,testing,training,flip,flip
35,712,different_sequence_cross_split_same_label,8,6,testing/flip/0009_000000007.jpg,training/flip/0007_000000009.jpg,flip__0009,flip__0007,testing,training,flip,flip
35,713,different_sequence_cross_split_same_label,8,8,testing/flip/0009_000000007.jpg,training/flip/0007_000000010.jpg,flip__0009,flip__0007,testing,training,flip,flip
35,714,different_sequence_cross_split_same_label,8,8,testing/flip/0009_000000007.jpg,training/flip/0007_000000011.jpg,flip__0009,flip__0007,testing,training,flip,flip
35,715,different_sequence_cross_split_same_label,8,8,testing/flip/0009_000000007.jpg,training/flip/0007_000000012.jpg,flip__0009,flip__0007,testing,training,flip,flip
35,716,different_sequence_cross_split_same_label,8,8,testing/flip/0009_000000007.jpg,training/flip/0007_000000013.jpg,flip__0009,flip__0007,testing,training,flip,flip
35,717,different_sequence_cross_split_same_label,5,8,testing/flip/0009_000000007.jpg,training/flip/0007_000000014.jpg,flip__0009,flip__0007,testing,training,flip,flip
35,756,same_sequence_cross_split,4,2,testing/flip/0009_000000007.jpg,training/flip/0009_000000001.jpg,flip__0009,flip__0009,testing,training,flip,flip
35,757,same_sequence_cross_split,4,2,testing/flip/0009_000000007.jpg,training/flip/0009_000000002.jpg,flip__0009,flip__0009,testing,training,flip,flip
35,758,same_sequence_cross_split,6,2,testing/flip/0009_000000007.jpg,training/flip/0009_000000003.jpg,flip__0009,flip__0009,testing,training,flip,flip
35,759,same_sequence_cross_split,6,0,testing/flip/0009_000000007.jpg,training/flip/0009_000000004.jpg,flip__0009,flip__0009,testing,training,flip,flip
35,760,same_sequence_cross_split,5,0,testing/flip/0009_000000007.jpg,training/flip/0009_000000005.jpg,flip__0009,flip__0009,testing,training,flip,flip
35,761,same_sequence_cross_split,2,0,testing/flip/0009_000000007.jpg,training/flip/0009_000000006.jpg,flip__0009,flip__0009,testing,training,flip,flip
35,762,same_sequence_cross_split,2,0,testing/flip/0009_000000007.jpg,training/flip/0009_000000008.jpg,flip__0009,flip__0009,testing,training,flip,flip
35,763,same_sequence_cross_split,2,2,testing/flip/0009_000000007.jpg,training/flip/0009_000000009.jpg,flip__0009,flip__0009,testing,training,flip,flip
35,764,same_sequence_cross_split,1,4,testing/flip/0009_000000007.jpg,training/flip/0009_000000010.jpg,flip__0009,flip__0009,testing,training,flip,flip
35,765,same_sequence_cross_split,1,6,testing/flip/0009_000000007.jpg,training/flip/0009_000000011.jpg,flip__0009,flip__0009,testing,training,flip,flip
35,766,same_sequence_cross_split,1,6,testing/flip/0009_000000007.jpg,training/flip/0009_000000012.jpg,flip__0009,flip__0009,testing,training,flip,flip
35,767,same_sequence_cross_split,1,6,testing/flip/0009_000000007.jpg,training/flip/0009_000000013.jpg,flip__0009,flip__0009,testing,training,flip,flip
35,768,same_sequence_cross_split,1,4,testing/flip/0009_000000007.jpg,training/flip/0009_000000014.jpg,flip__0009,flip__0009,testing,training,flip,flip
35,769,same_sequence_cross_split,4,6,testing/flip/0009_000000007.jpg,training/flip/0009_000000015.jpg,flip__0009,flip__0009,testing,training,flip,flip
35,770,same_sequence_cross_split,7,8,testing/flip/0009_000000007.jpg,training/flip/0009_000000017.jpg,flip__0009,flip__0009,testing,training,flip,flip
35,777,different_sequence_cross_split_same_label,6,4,testing/flip/0009_000000007.jpg,training/flip/0010_000000005.jpg,flip__0009,flip__0010,testing,training,flip,flip
35,778,different_sequence_cross_split_same_label,6,6,testing/flip/0009_000000007.jpg,training/flip/0010_000000006.jpg,flip__0009,flip__0010,testing,training,flip,flip
35,779,different_sequence_cross_split_same_label,7,6,testing/flip/0009_000000007.jpg,training/flip/0010_000000007.jpg,flip__0009,flip__0010,testing,training,flip,flip
35,780,different_sequence_cross_split_same_label,7,8,testing/flip/0009_000000007.jpg,training/flip/0010_000000010.jpg,flip__0009,flip__0010,testing,training,flip,flip
35,1784,different_sequence_cross_split_cross_label,8,8,testing/flip/0009_000000007.jpg,training/notflip/0002_000000001.jpg,flip__0009,notflip__0002,testing,training,flip,notflip
35,1785,different_sequence_cross_split_cross_label,8,8,testing/flip/0009_000000007.jpg,training/notflip/0002_000000002.jpg,flip__0009,notflip__0002,testing,training,flip,notflip
35,1787,different_sequence_cross_split_cross_label,8,8,testing/flip/0009_000000007.jpg,training/notflip/0002_000000005.jpg,flip__0009,notflip__0002,testing,training,flip,notflip
35,1984,different_sequence_cross_split_cross_label,8,8,testing/flip/0009_000000007.jpg,training/notflip/0010_000000010.jpg,flip__0009,notflip__0010,testing,training,flip,notflip
35,1988,different_sequence_cross_split_cross_label,7,4,testing/flip/0009_000000007.jpg,training/notflip/0010_000000014.jpg,flip__0009,notflip__0010,testing,training,flip,notflip
35,1989,different_sequence_cross_split_cross_label,8,4,testing/flip/0009_000000007.jpg,training/notflip/0010_000000015.jpg,flip__0009,notflip__0010,testing,training,flip,notflip
35,1990,different_sequence_cross_split_cross_label,7,6,testing/flip/0009_000000007.jpg,training/notflip/0010_000000016.jpg,flip__0009,notflip__0010,testing,training,flip,notflip
35,1991,different_sequence_cross_split_cross_label,7,6,testing/flip/0009_000000007.jpg,training/notflip/0010_000000017.jpg,flip__0009,notflip__0010,testing,training,flip,notflip
35,1992,different_sequence_cross_split_cross_label,6,6,testing/flip/0009_000000007.jpg,training/notflip/0010_000000018.jpg,flip__0009,notflip__0010,testing,training,flip,notflip
35,1993,different_sequence_cross_split_cross_label,5,6,testing/flip/0009_000000007.jpg,training/notflip/0010_000000019.jpg,flip__0009,notflip__0010,testing,training,flip,notflip
35,1994,different_sequence_cross_split_cross_label,7,6,testing/flip/0009_000000007.jpg,training/notflip/0010_000000020.jpg,flip__0009,notflip__0010,testing,training,flip,notflip
35,1995,different_sequence_cross_split_cross_label,7,6,testing/flip/0009_000000007.jpg,training/notflip/0010_000000021.jpg,flip__0009,notflip__0010,testing,training,flip,notflip
35,1996,different_sequence_cross_split_cross_label,5,6,testing/flip/0009_000000007.jpg,training/notflip/0010_000000022.jpg,flip__0009,notflip__0010,testing,training,flip,notflip
35,1997,different_sequence_cross_split_cross_label,6,6,testing/flip/0009_000000007.jpg,training/notflip/0010_000000023.jpg,flip__0009,notflip__0010,testing,training,flip,notflip
35,1998,different_sequence_cross_split_cross_label,7,8,testing/flip/0009_000000007.jpg,training/notflip/0010_000000024.jpg,flip__0009,notflip__0010,testing,training,flip,notflip
35,1999,different_sequence_cross_split_cross_label,7,8,testing/flip/0009_000000007.jpg,training/notflip/0010_000000025.jpg,flip__0009,notflip__0010,testing,training,flip,notflip
35,2000,different_sequence_cross_split_cross_label,7,4,testing/flip/0009_000000007.jpg,training/notflip/0010_000000027.jpg,flip__0009,notflip__0010,testing,training,flip,notflip
35,2001,different_sequence_cross_split_cross_label,8,4,testing/flip/0009_000000007.jpg,training/notflip/0010_000000028.jpg,flip__0009,notflip__0010,testing,training,flip,notflip
36,42,different_sequence_same_split_same_label,8,8,testing/flip/0009_000000016.jpg,testing/flip/0010_000000004.jpg,flip__0009,flip__0010,testing,testing,flip,flip
36,710,different_sequence_cross_split_same_label,8,8,testing/flip/0009_000000016.jpg,training/flip/0007_000000006.jpg,flip__0009,flip__0007,testing,training,flip,flip
36,717,different_sequence_cross_split_same_label,8,8,testing/flip/0009_000000016.jpg,training/flip/0007_000000014.jpg,flip__0009,flip__0007,testing,training,flip,flip
36,721,different_sequence_cross_split_same_label,4,8,testing/flip/0009_000000016.jpg,training/flip/0007_000000019.jpg,flip__0009,flip__0007,testing,training,flip,flip
36,722,different_sequence_cross_split_same_label,4,8,testing/flip/0009_000000016.jpg,training/flip/0007_000000020.jpg,flip__0009,flip__0007,testing,training,flip,flip
36,756,same_sequence_cross_split,7,8,testing/flip/0009_000000016.jpg,training/flip/0009_000000001.jpg,flip__0009,flip__0009,testing,training,flip,flip
36,757,same_sequence_cross_split,7,8,testing/flip/0009_000000016.jpg,training/flip/0009_000000002.jpg,flip__0009,flip__0009,testing,training,flip,flip
36,758,same_sequence_cross_split,7,8,testing/flip/0009_000000016.jpg,training/flip/0009_000000003.jpg,flip__0009,flip__0009,testing,training,flip,flip
36,759,same_sequence_cross_split,7,6,testing/flip/0009_000000016.jpg,training/flip/0009_000000004.jpg,flip__0009,flip__0009,testing,training,flip,flip
36,760,same_sequence_cross_split,6,6,testing/flip/0009_000000016.jpg,training/flip/0009_000000005.jpg,flip__0009,flip__0009,testing,training,flip,flip
36,761,same_sequence_cross_split,3,6,testing/flip/0009_000000016.jpg,training/flip/0009_000000006.jpg,flip__0009,flip__0009,testing,training,flip,flip
36,762,same_sequence_cross_split,3,6,testing/flip/0009_000000016.jpg,training/flip/0009_000000008.jpg,flip__0009,flip__0009,testing,training,flip,flip
36,763,same_sequence_cross_split,5,4,testing/flip/0009_000000016.jpg,training/flip/0009_000000009.jpg,flip__0009,flip__0009,testing,training,flip,flip
36,764,same_sequence_cross_split,6,4,testing/flip/0009_000000016.jpg,training/flip/0009_000000010.jpg,flip__0009,flip__0009,testing,training,flip,flip
36,765,same_sequence_cross_split,6,6,testing/flip/0009_000000016.jpg,training/flip/0009_000000011.jpg,flip__0009,flip__0009,testing,training,flip,flip
36,766,same_sequence_cross_split,6,6,testing/flip/0009_000000016.jpg,training/flip/0009_000000012.jpg,flip__0009,flip__0009,testing,training,flip,flip
36,767,same_sequence_cross_split,6,6,testing/flip/0009_000000016.jpg,training/flip/0009_000000013.jpg,flip__0009,flip__0009,testing,training,flip,flip
36,768,same_sequence_cross_split,6,6,testing/flip/0009_000000016.jpg,training/flip/0009_000000014.jpg,flip__0009,flip__0009,testing,training,flip,flip
36,769,same_sequence_cross_split,3,6,testing/flip/0009_000000016.jpg,training/flip/0009_000000015.jpg,flip__0009,flip__0009,testing,training,flip,flip
36,770,same_sequence_cross_split,4,4,testing/flip/0009_000000016.jpg,training/flip/0009_000000017.jpg,flip__0009,flip__0009,testing,training,flip,flip
36,771,same_sequence_cross_split,7,8,testing/flip/0009_000000016.jpg,training/flip/0009_000000018.jpg,flip__0009,flip__0009,testing,training,flip,flip
36,777,different_sequence_cross_split_same_label,7,8,testing/flip/0009_000000016.jpg,training/flip/0010_000000005.jpg,flip__0009,flip__0010,testing,training,flip,flip
36,780,different_sequence_cross_split_same_label,8,8,testing/flip/0009_000000016.jpg,training/flip/0010_000000010.jpg,flip__0009,flip__0010,testing,training,flip,flip
36,1988,different_sequence_cross_split_cross_label,8,6,testing/flip/0009_000000016.jpg,training/notflip/0010_000000014.jpg,flip__0009,notflip__0010,testing,training,flip,notflip
36,1990,different_sequence_cross_split_cross_label,8,6,testing/flip/0009_000000016.jpg,training/notflip/0010_000000016.jpg,flip__0009,notflip__0010,testing,training,flip,notflip
36,1991,different_sequence_cross_split_cross_label,8,6,testing/flip/0009_000000016.jpg,training/notflip/0010_000000017.jpg,flip__0009,notflip__0010,testing,training,flip,notflip
36,1992,different_sequence_cross_split_cross_label,7,6,testing/flip/0009_000000016.jpg,training/notflip/0010_000000018.jpg,flip__0009,notflip__0010,testing,training,flip,notflip
36,1993,different_sequence_cross_split_cross_label,6,6,testing/flip/0009_000000016.jpg,training/notflip/0010_000000019.jpg,flip__0009,notflip__0010,testing,training,flip,notflip
36,1994,different_sequence_cross_split_cross_label,8,6,testing/flip/0009_000000016.jpg,training/notflip/0010_000000020.jpg,flip__0009,notflip__0010,testing,training,flip,notflip
36,1995,different_sequence_cross_split_cross_label,8,8,testing/flip/0009_000000016.jpg,training/notflip/0010_000000021.jpg,flip__0009,notflip__0010,testing,training,flip,notflip
36,1996,different_sequence_cross_split_cross_label,6,8,testing/flip/0009_000000016.jpg,training/notflip/0010_000000022.jpg,flip__0009,notflip__0010,testing,training,flip,notflip
36,1997,different_sequence_cross_split_cross_label,7,8,testing/flip/0009_000000016.jpg,training/notflip/0010_000000023.jpg,flip__0009,notflip__0010,testing,training,flip,notflip
36,1998,different_sequence_cross_split_cross_label,8,8,testing/flip/0009_000000016.jpg,training/notflip/0010_000000024.jpg,flip__0009,notflip__0010,testing,training,flip,notflip
36,1999,different_sequence_cross_split_cross_label,8,8,testing/flip/0009_000000016.jpg,training/notflip/0010_000000025.jpg,flip__0009,notflip__0010,testing,training,flip,notflip
36,2000,different_sequence_cross_split_cross_label,8,6,testing/flip/0009_000000016.jpg,training/notflip/0010_000000027.jpg,flip__0009,notflip__0010,testing,training,flip,notflip
37,749,different_sequence_cross_split_same_label,6,8,testing/flip/0009_000000019.jpg,training/flip/0008_000000020.jpg,flip__0009,flip__0008,testing,training,flip,flip
37,770,same_sequence_cross_split,8,8,testing/flip/0009_000000019.jpg,training/flip/0009_000000017.jpg,flip__0009,flip__0009,testing,training,flip,flip
37,771,same_sequence_cross_split,3,8,testing/flip/0009_000000019.jpg,training/flip/0009_000000018.jpg,flip__0009,flip__0009,testing,training,flip,flip
38,772,same_sequence_cross_split,3,2,testing/flip/0009_000000020.jpg,training/flip/0009_000000021.jpg,flip__0009,flip__0009,testing,training,flip,flip
38,773,same_sequence_cross_split,6,6,testing/flip/0009_000000020.jpg,training/flip/0009_000000022.jpg,flip__0009,flip__0009,testing,training,flip,flip
39,772,same_sequence_cross_split,8,4,testing/flip/0009_000000023.jpg,training/flip/0009_000000021.jpg,flip__0009,flip__0009,testing,training,flip,flip
39,773,same_sequence_cross_split,7,2,testing/flip/0009_000000023.jpg,training/flip/0009_000000022.jpg,flip__0009,flip__0009,testing,training,flip,flip
40,774,same_sequence_cross_split,7,8,testing/flip/0009_000000025.jpg,training/flip/0009_000000024.jpg,flip__0009,flip__0009,testing,training,flip,flip
41,754,different_sequence_cross_split_same_label,8,8,testing/flip/0009_000000026.jpg,training/flip/0008_000000027.jpg,flip__0009,flip__0008,testing,training,flip,flip
41,775,same_sequence_cross_split,6,8,testing/flip/0009_000000026.jpg,training/flip/0009_000000027.jpg,flip__0009,flip__0009,testing,training,flip,flip
42,43,same_sequence_same_split,6,4,testing/flip/0010_000000004.jpg,testing/flip/0010_000000008.jpg,flip__0010,flip__0010,testing,testing,flip,flip
42,44,same_sequence_same_split,6,4,testing/flip/0010_000000004.jpg,testing/flip/0010_000000009.jpg,flip__0010,flip__0010,testing,testing,flip,flip
42,295,different_sequence_same_split_cross_label,8,8,testing/flip/0010_000000004.jpg,testing/notflip/0002_000000003.jpg,flip__0010,notflip__0002,testing,testing,flip,notflip
42,296,different_sequence_same_split_cross_label,7,8,testing/flip/0010_000000004.jpg,testing/notflip/0002_000000006.jpg,flip__0010,notflip__0002,testing,testing,flip,notflip
42,297,different_sequence_same_split_cross_label,8,8,testing/flip/0010_000000004.jpg,testing/notflip/0002_000000008.jpg,flip__0010,notflip__0002,testing,testing,flip,notflip
42,710,different_sequence_cross_split_same_label,6,8,testing/flip/0010_000000004.jpg,training/flip/0007_000000006.jpg,flip__0010,flip__0007,testing,training,flip,flip
42,711,different_sequence_cross_split_same_label,7,8,testing/flip/0010_000000004.jpg,training/flip/0007_000000007.jpg,flip__0010,flip__0007,testing,training,flip,flip
42,717,different_sequence_cross_split_same_label,8,8,testing/flip/0010_000000004.jpg,training/flip/0007_000000014.jpg,flip__0010,flip__0007,testing,training,flip,flip
42,756,different_sequence_cross_split_same_label,7,4,testing/flip/0010_000000004.jpg,training/flip/0009_000000001.jpg,flip__0010,flip__0009,testing,training,flip,flip
42,757,different_sequence_cross_split_same_label,5,4,testing/flip/0010_000000004.jpg,training/flip/0009_000000002.jpg,flip__0010,flip__0009,testing,training,flip,flip
42,758,different_sequence_cross_split_same_label,7,4,testing/flip/0010_000000004.jpg,training/flip/0009_000000003.jpg,flip__0010,flip__0009,testing,training,flip,flip
42,759,different_sequence_cross_split_same_label,7,4,testing/flip/0010_000000004.jpg,training/flip/0009_000000004.jpg,flip__0010,flip__0009,testing,training,flip,flip
42,760,different_sequence_cross_split_same_label,6,4,testing/flip/0010_000000004.jpg,training/flip/0009_000000005.jpg,flip__0010,flip__0009,testing,training,flip,flip
42,761,different_sequence_cross_split_same_label,5,4,testing/flip/0010_000000004.jpg,training/flip/0009_000000006.jpg,flip__0010,flip__0009,testing,training,flip,flip
42,762,different_sequence_cross_split_same_label,7,4,testing/flip/0010_000000004.jpg,training/flip/0009_000000008.jpg,flip__0010,flip__0009,testing,training,flip,flip
42,763,different_sequence_cross_split_same_label,7,6,testing/flip/0010_000000004.jpg,training/flip/0009_000000009.jpg,flip__0010,flip__0009,testing,training,flip,flip
42,764,different_sequence_cross_split_same_label,6,4,testing/flip/0010_000000004.jpg,training/flip/0009_000000010.jpg,flip__0010,flip__0009,testing,training,flip,flip
42,765,different_sequence_cross_split_same_label,6,4,testing/flip/0010_000000004.jpg,training/flip/0009_000000011.jpg,flip__0010,flip__0009,testing,training,flip,flip
42,766,different_sequence_cross_split_same_label,6,6,testing/flip/0010_000000004.jpg,training/flip/0009_000000012.jpg,flip__0010,flip__0009,testing,training,flip,flip
42,767,different_sequence_cross_split_same_label,6,6,testing/flip/0010_000000004.jpg,training/flip/0009_000000013.jpg,flip__0010,flip__0009,testing,training,flip,flip
42,768,different_sequence_cross_split_same_label,6,6,testing/flip/0010_000000004.jpg,training/flip/0009_000000014.jpg,flip__0010,flip__0009,testing,training,flip,flip
42,769,different_sequence_cross_split_same_label,7,8,testing/flip/0010_000000004.jpg,training/flip/0009_000000015.jpg,flip__0010,flip__0009,testing,training,flip,flip
42,777,same_sequence_cross_split,1,0,testing/flip/0010_000000004.jpg,training/flip/0010_000000005.jpg,flip__0010,flip__0010,testing,training,flip,flip
42,778,same_sequence_cross_split,1,2,testing/flip/0010_000000004.jpg,training/flip/0010_000000006.jpg,flip__0010,flip__0010,testing,training,flip,flip
42,779,same_sequence_cross_split,2,2,testing/flip/0010_000000004.jpg,training/flip/0010_000000007.jpg,flip__0010,flip__0010,testing,training,flip,flip
42,1784,different_sequence_cross_split_cross_label,7,8,testing/flip/0010_000000004.jpg,training/notflip/0002_000000001.jpg,flip__0010,notflip__0002,testing,training,flip,notflip
42,1785,different_sequence_cross_split_cross_label,7,8,testing/flip/0010_000000004.jpg,training/notflip/0002_000000002.jpg,flip__0010,notflip__0002,testing,training,flip,notflip
42,1786,different_sequence_cross_split_cross_label,8,8,testing/flip/0010_000000004.jpg,training/notflip/0002_000000004.jpg,flip__0010,notflip__0002,testing,training,flip,notflip
42,1787,different_sequence_cross_split_cross_label,7,8,testing/flip/0010_000000004.jpg,training/notflip/0002_000000005.jpg,flip__0010,notflip__0002,testing,training,flip,notflip
42,1788,different_sequence_cross_split_cross_label,8,8,testing/flip/0010_000000004.jpg,training/notflip/0002_000000007.jpg,flip__0010,notflip__0002,testing,training,flip,notflip
42,1796,different_sequence_cross_split_cross_label,8,8,testing/flip/0010_000000004.jpg,training/notflip/0002_000000018.jpg,flip__0010,notflip__0002,testing,training,flip,notflip
42,1797,different_sequence_cross_split_cross_label,8,8,testing/flip/0010_000000004.jpg,training/notflip/0002_000000019.jpg,flip__0010,notflip__0002,testing,training,flip,notflip
42,1798,different_sequence_cross_split_cross_label,8,8,testing/flip/0010_000000004.jpg,training/notflip/0002_000000020.jpg,flip__0010,notflip__0002,testing,training,flip,notflip
43,44,same_sequence_same_split,0,2,testing/flip/0010_000000008.jpg,testing/flip/0010_000000009.jpg,flip__0010,flip__0010,testing,testing,flip,flip
43,717,different_sequence_cross_split_same_label,8,6,testing/flip/0010_000000008.jpg,training/flip/0007_000000014.jpg,flip__0010,flip__0007,testing,training,flip,flip
43,757,different_sequence_cross_split_same_label,7,6,testing/flip/0010_000000008.jpg,training/flip/0009_000000002.jpg,flip__0010,flip__0009,testing,training,flip,flip
43,758,different_sequence_cross_split_same_label,7,6,testing/flip/0010_000000008.jpg,training/flip/0009_000000003.jpg,flip__0010,flip__0009,testing,training,flip,flip
43,759,different_sequence_cross_split_same_label,7,6,testing/flip/0010_000000008.jpg,training/flip/0009_000000004.jpg,flip__0010,flip__0009,testing,training,flip,flip
43,760,different_sequence_cross_split_same_label,8,6,testing/flip/0010_000000008.jpg,training/flip/0009_000000005.jpg,flip__0010,flip__0009,testing,training,flip,flip
43,761,different_sequence_cross_split_same_label,7,6,testing/flip/0010_000000008.jpg,training/flip/0009_000000006.jpg,flip__0010,flip__0009,testing,training,flip,flip
43,762,different_sequence_cross_split_same_label,7,6,testing/flip/0010_000000008.jpg,training/flip/0009_000000008.jpg,flip__0010,flip__0009,testing,training,flip,flip
43,763,different_sequence_cross_split_same_label,7,6,testing/flip/0010_000000008.jpg,training/flip/0009_000000009.jpg,flip__0010,flip__0009,testing,training,flip,flip
43,764,different_sequence_cross_split_same_label,6,6,testing/flip/0010_000000008.jpg,training/flip/0009_000000010.jpg,flip__0010,flip__0009,testing,training,flip,flip
43,765,different_sequence_cross_split_same_label,6,6,testing/flip/0010_000000008.jpg,training/flip/0009_000000011.jpg,flip__0010,flip__0009,testing,training,flip,flip
43,766,different_sequence_cross_split_same_label,6,6,testing/flip/0010_000000008.jpg,training/flip/0009_000000012.jpg,flip__0010,flip__0009,testing,training,flip,flip
43,767,different_sequence_cross_split_same_label,6,6,testing/flip/0010_000000008.jpg,training/flip/0009_000000013.jpg,flip__0010,flip__0009,testing,training,flip,flip
43,768,different_sequence_cross_split_same_label,6,6,testing/flip/0010_000000008.jpg,training/flip/0009_000000014.jpg,flip__0010,flip__0009,testing,training,flip,flip
43,769,different_sequence_cross_split_same_label,7,6,testing/flip/0010_000000008.jpg,training/flip/0009_000000015.jpg,flip__0010,flip__0009,testing,training,flip,flip
43,777,same_sequence_cross_split,7,4,testing/flip/0010_000000008.jpg,training/flip/0010_000000005.jpg,flip__0010,flip__0010,testing,training,flip,flip
43,778,same_sequence_cross_split,5,4,testing/flip/0010_000000008.jpg,training/flip/0010_000000006.jpg,flip__0010,flip__0010,testing,training,flip,flip
43,779,same_sequence_cross_split,4,2,testing/flip/0010_000000008.jpg,training/flip/0010_000000007.jpg,flip__0010,flip__0010,testing,training,flip,flip
43,780,same_sequence_cross_split,4,2,testing/flip/0010_000000008.jpg,training/flip/0010_000000010.jpg,flip__0010,flip__0010,testing,training,flip,flip
43,781,same_sequence_cross_split,7,2,testing/flip/0010_000000008.jpg,training/flip/0010_000000011.jpg,flip__0010,flip__0010,testing,training,flip,flip
43,1983,different_sequence_cross_split_cross_label,8,8,testing/flip/0010_000000008.jpg,training/notflip/0010_000000008.jpg,flip__0010,notflip__0010,testing,training,flip,notflip
43,1987,different_sequence_cross_split_cross_label,8,8,testing/flip/0010_000000008.jpg,training/notflip/0010_000000013.jpg,flip__0010,notflip__0010,testing,training,flip,notflip
43,1988,different_sequence_cross_split_cross_label,8,6,testing/flip/0010_000000008.jpg,training/notflip/0010_000000014.jpg,flip__0010,notflip__0010,testing,training,flip,notflip
44,717,different_sequence_cross_split_same_label,8,8,testing/flip/0010_000000009.jpg,training/flip/0007_000000014.jpg,flip__0010,flip__0007,testing,training,flip,flip
44,757,different_sequence_cross_split_same_label,7,8,testing/flip/0010_000000009.jpg,training/flip/0009_000000002.jpg,flip__0010,flip__0009,testing,training,flip,flip
44,758,different_sequence_cross_split_same_label,7,8,testing/flip/0010_000000009.jpg,training/flip/0009_000000003.jpg,flip__0010,flip__0009,testing,training,flip,flip
44,759,different_sequence_cross_split_same_label,7,8,testing/flip/0010_000000009.jpg,training/flip/0009_000000004.jpg,flip__0010,flip__0009,testing,training,flip,flip
44,760,different_sequence_cross_split_same_label,8,8,testing/flip/0010_000000009.jpg,training/flip/0009_000000005.jpg,flip__0010,flip__0009,testing,training,flip,flip
44,761,different_sequence_cross_split_same_label,7,8,testing/flip/0010_000000009.jpg,training/flip/0009_000000006.jpg,flip__0010,flip__0009,testing,training,flip,flip
44,762,different_sequence_cross_split_same_label,7,8,testing/flip/0010_000000009.jpg,training/flip/0009_000000008.jpg,flip__0010,flip__0009,testing,training,flip,flip
44,763,different_sequence_cross_split_same_label,7,8,testing/flip/0010_000000009.jpg,training/flip/0009_000000009.jpg,flip__0010,flip__0009,testing,training,flip,flip
44,764,different_sequence_cross_split_same_label,6,6,testing/flip/0010_000000009.jpg,training/flip/0009_000000010.jpg,flip__0010,flip__0009,testing,training,flip,flip
44,765,different_sequence_cross_split_same_label,6,6,testing/flip/0010_000000009.jpg,training/flip/0009_000000011.jpg,flip__0010,flip__0009,testing,training,flip,flip
44,766,different_sequence_cross_split_same_label,6,8,testing/flip/0010_000000009.jpg,training/flip/0009_000000012.jpg,flip__0010,flip__0009,testing,training,flip,flip
44,767,different_sequence_cross_split_same_label,6,8,testing/flip/0010_000000009.jpg,training/flip/0009_000000013.jpg,flip__0010,flip__0009,testing,training,flip,flip
44,768,different_sequence_cross_split_same_label,6,8,testing/flip/0010_000000009.jpg,training/flip/0009_000000014.jpg,flip__0010,flip__0009,testing,training,flip,flip
44,769,different_sequence_cross_split_same_label,7,8,testing/flip/0010_000000009.jpg,training/flip/0009_000000015.jpg,flip__0010,flip__0009,testing,training,flip,flip
44,777,same_sequence_cross_split,7,4,testing/flip/0010_000000009.jpg,training/flip/0010_000000005.jpg,flip__0010,flip__0010,testing,training,flip,flip
44,778,same_sequence_cross_split,5,4,testing/flip/0010_000000009.jpg,training/flip/0010_000000006.jpg,flip__0010,flip__0010,testing,training,flip,flip
44,779,same_sequence_cross_split,4,2,testing/flip/0010_000000009.jpg,training/flip/0010_000000007.jpg,flip__0010,flip__0010,testing,training,flip,flip
44,780,same_sequence_cross_split,4,2,testing/flip/0010_000000009.jpg,training/flip/0010_000000010.jpg,flip__0010,flip__0010,testing,training,flip,flip
44,781,same_sequence_cross_split,7,2,testing/flip/0010_000000009.jpg,training/flip/0010_000000011.jpg,flip__0010,flip__0010,testing,training,flip,flip
44,1988,different_sequence_cross_split_cross_label,8,8,testing/flip/0010_000000009.jpg,training/notflip/0010_000000014.jpg,flip__0010,notflip__0010,testing,training,flip,notflip
45,46,same_sequence_same_split,4,6,testing/flip/0010_000000012.jpg,testing/flip/0010_000000013.jpg,flip__0010,flip__0010,testing,testing,flip,flip
45,780,same_sequence_cross_split,6,8,testing/flip/0010_000000012.jpg,training/flip/0010_000000010.jpg,flip__0010,flip__0010,testing,training,flip,flip
45,781,same_sequence_cross_split,3,8,testing/flip/0010_000000012.jpg,training/flip/0010_000000011.jpg,flip__0010,flip__0010,testing,training,flip,flip
46,782,same_sequence_cross_split,3,8,testing/flip/0010_000000013.jpg,training/flip/0010_000000014.jpg,flip__0010,flip__0010,testing,training,flip,flip
47,788,same_sequence_cross_split,3,4,testing/flip/0010_000000021.jpg,training/flip/0010_000000020.jpg,flip__0010,flip__0010,testing,training,flip,flip
47,789,same_sequence_cross_split,4,4,testing/flip/0010_000000021.jpg,training/flip/0010_000000022.jpg,flip__0010,flip__0010,testing,training,flip,flip
47,790,same_sequence_cross_split,5,8,testing/flip/0010_000000021.jpg,training/flip/0010_000000023.jpg,flip__0010,flip__0010,testing,training,flip,flip
48,798,same_sequence_cross_split,1,2,testing/flip/0011_000000006.jpg,training/flip/0011_000000005.jpg,flip__0011,flip__0011,testing,training,flip,flip
48,799,same_sequence_cross_split,2,2,testing/flip/0011_000000006.jpg,training/flip/0011_000000007.jpg,flip__0011,flip__0011,testing,training,flip,flip
48,800,same_sequence_cross_split,3,4,testing/flip/0011_000000006.jpg,training/flip/0011_000000008.jpg,flip__0011,flip__0011,testing,training,flip,flip
48,801,same_sequence_cross_split,5,4,testing/flip/0011_000000006.jpg,training/flip/0011_000000009.jpg,flip__0011,flip__0011,testing,training,flip,flip
48,802,same_sequence_cross_split,6,6,testing/flip/0011_000000006.jpg,training/flip/0011_000000010.jpg,flip__0011,flip__0011,testing,training,flip,flip
48,803,same_sequence_cross_split,7,8,testing/flip/0011_000000006.jpg,training/flip/0011_000000011.jpg,flip__0011,flip__0011,testing,training,flip,flip
49,804,same_sequence_cross_split,6,8,testing/flip/0011_000000014.jpg,training/flip/0011_000000012.jpg,flip__0011,flip__0011,testing,training,flip,flip
49,805,same_sequence_cross_split,3,4,testing/flip/0011_000000014.jpg,training/flip/0011_000000013.jpg,flip__0011,flip__0011,testing,training,flip,flip
49,806,same_sequence_cross_split,4,2,testing/flip/0011_000000014.jpg,training/flip/0011_000000015.jpg,flip__0011,flip__0011,testing,training,flip,flip
49,807,same_sequence_cross_split,7,4,testing/flip/0011_000000014.jpg,training/flip/0011_000000016.jpg,flip__0011,flip__0011,testing,training,flip,flip
49,809,same_sequence_cross_split,7,6,testing/flip/0011_000000014.jpg,training/flip/0011_000000018.jpg,flip__0011,flip__0011,testing,training,flip,flip
50,51,same_sequence_same_split,5,2,testing/flip/0011_000000023.jpg,testing/flip/0011_000000026.jpg,flip__0011,flip__0011,testing,testing,flip,flip
50,52,same_sequence_same_split,4,2,testing/flip/0011_000000023.jpg,testing/flip/0011_000000027.jpg,flip__0011,flip__0011,testing,testing,flip,flip
50,813,same_sequence_cross_split,8,4,testing/flip/0011_000000023.jpg,training/flip/0011_000000022.jpg,flip__0011,flip__0011,testing,training,flip,flip
50,814,same_sequence_cross_split,3,2,testing/flip/0011_000000023.jpg,training/flip/0011_000000024.jpg,flip__0011,flip__0011,testing,training,flip,flip
50,815,same_sequence_cross_split,4,2,testing/flip/0011_000000023.jpg,training/flip/0011_000000025.jpg,flip__0011,flip__0011,testing,training,flip,flip
50,816,same_sequence_cross_split,5,2,testing/flip/0011_000000023.jpg,training/flip/0011_000000028.jpg,flip__0011,flip__0011,testing,training,flip,flip
50,817,same_sequence_cross_split,6,2,testing/flip/0011_000000023.jpg,training/flip/0011_000000029.jpg,flip__0011,flip__0011,testing,training,flip,flip
50,818,same_sequence_cross_split,6,2,testing/flip/0011_000000023.jpg,training/flip/0011_000000030.jpg,flip__0011,flip__0011,testing,training,flip,flip
51,52,same_sequence_same_split,1,0,testing/flip/0011_000000026.jpg,testing/flip/0011_000000027.jpg,flip__0011,flip__0011,testing,testing,flip,flip
51,813,same_sequence_cross_split,7,4,testing/flip/0011_000000026.jpg,training/flip/0011_000000022.jpg,flip__0011,flip__0011,testing,training,flip,flip
51,814,same_sequence_cross_split,2,0,testing/flip/0011_000000026.jpg,training/flip/0011_000000024.jpg,flip__0011,flip__0011,testing,training,flip,flip
51,815,same_sequence_cross_split,1,0,testing/flip/0011_000000026.jpg,training/flip/0011_000000025.jpg,flip__0011,flip__0011,testing,training,flip,flip
51,816,same_sequence_cross_split,2,2,testing/flip/0011_000000026.jpg,training/flip/0011_000000028.jpg,flip__0011,flip__0011,testing,training,flip,flip
51,817,same_sequence_cross_split,3,2,testing/flip/0011_000000026.jpg,training/flip/0011_000000029.jpg,flip__0011,flip__0011,testing,training,flip,flip
51,818,same_sequence_cross_split,3,2,testing/flip/0011_000000026.jpg,training/flip/0011_000000030.jpg,flip__0011,flip__0011,testing,training,flip,flip
52,813,same_sequence_cross_split,8,4,testing/flip/0011_000000027.jpg,training/flip/0011_000000022.jpg,flip__0011,flip__0011,testing,training,flip,flip
52,814,same_sequence_cross_split,3,0,testing/flip/0011_000000027.jpg,training/flip/0011_000000024.jpg,flip__0011,flip__0011,testing,training,flip,flip
52,815,same_sequence_cross_split,2,0,testing/flip/0011_000000027.jpg,training/flip/0011_000000025.jpg,flip__0011,flip__0011,testing,training,flip,flip
52,816,same_sequence_cross_split,1,2,testing/flip/0011_000000027.jpg,training/flip/0011_000000028.jpg,flip__0011,flip__0011,testing,training,flip,flip
52,817,same_sequence_cross_split,2,2,testing/flip/0011_000000027.jpg,training/flip/0011_000000029.jpg,flip__0011,flip__0011,testing,training,flip,flip
52,818,same_sequence_cross_split,2,2,testing/flip/0011_000000027.jpg,training/flip/0011_000000030.jpg,flip__0011,flip__0011,testing,training,flip,flip
53,54,same_sequence_same_split,0,2,testing/flip/0012_000000007.jpg,testing/flip/0012_000000008.jpg,flip__0012,flip__0012,testing,testing,flip,flip
53,819,same_sequence_cross_split,2,8,testing/flip/0012_000000007.jpg,training/flip/0012_000000009.jpg,flip__0012,flip__0012,testing,training,flip,flip
53,820,same_sequence_cross_split,6,8,testing/flip/0012_000000007.jpg,training/flip/0012_000000010.jpg,flip__0012,flip__0012,testing,training,flip,flip
53,1005,different_sequence_cross_split_same_label,5,6,testing/flip/0012_000000007.jpg,training/flip/0022_000000007.jpg,flip__0012,flip__0022,testing,training,flip,flip
54,819,same_sequence_cross_split,2,6,testing/flip/0012_000000008.jpg,training/flip/0012_000000009.jpg,flip__0012,flip__0012,testing,training,flip,flip
54,820,same_sequence_cross_split,6,6,testing/flip/0012_000000008.jpg,training/flip/0012_000000010.jpg,flip__0012,flip__0012,testing,training,flip,flip
54,1005,different_sequence_cross_split_same_label,5,4,testing/flip/0012_000000008.jpg,training/flip/0022_000000007.jpg,flip__0012,flip__0022,testing,training,flip,flip
55,825,same_sequence_cross_split,6,4,testing/flip/0012_000000016.jpg,training/flip/0012_000000015.jpg,flip__0012,flip__0012,testing,training,flip,flip
55,826,same_sequence_cross_split,5,4,testing/flip/0012_000000016.jpg,training/flip/0012_000000017.jpg,flip__0012,flip__0012,testing,training,flip,flip
55,1011,different_sequence_cross_split_same_label,6,8,testing/flip/0012_000000016.jpg,training/flip/0022_000000014.jpg,flip__0012,flip__0022,testing,training,flip,flip
56,106,different_sequence_same_split_same_label,7,6,testing/flip/0012_000000022.jpg,testing/flip/0022_000000020.jpg,flip__0012,flip__0022,testing,testing,flip,flip
56,831,same_sequence_cross_split,4,2,testing/flip/0012_000000022.jpg,training/flip/0012_000000023.jpg,flip__0012,flip__0012,testing,training,flip,flip
56,832,same_sequence_cross_split,8,6,testing/flip/0012_000000022.jpg,training/flip/0012_000000024.jpg,flip__0012,flip__0012,testing,training,flip,flip
56,1017,different_sequence_cross_split_same_label,6,8,testing/flip/0012_000000022.jpg,training/flip/0022_000000021.jpg,flip__0012,flip__0022,testing,training,flip,flip
57,831,same_sequence_cross_split,7,6,testing/flip/0012_000000025.jpg,training/flip/0012_000000023.jpg,flip__0012,flip__0012,testing,training,flip,flip
57,832,same_sequence_cross_split,3,2,testing/flip/0012_000000025.jpg,training/flip/0012_000000024.jpg,flip__0012,flip__0012,testing,training,flip,flip
57,833,same_sequence_cross_split,0,4,testing/flip/0012_000000025.jpg,training/flip/0012_000000026.jpg,flip__0012,flip__0012,testing,training,flip,flip
57,834,same_sequence_cross_split,5,4,testing/flip/0012_000000025.jpg,training/flip/0012_000000027.jpg,flip__0012,flip__0012,testing,training,flip,flip
57,835,same_sequence_cross_split,7,8,testing/flip/0012_000000025.jpg,training/flip/0012_000000028.jpg,flip__0012,flip__0012,testing,training,flip,flip
57,850,different_sequence_cross_split_same_label,5,4,testing/flip/0012_000000025.jpg,training/flip/0013_000000023.jpg,flip__0012,flip__0013,testing,training,flip,flip
57,851,different_sequence_cross_split_same_label,7,4,testing/flip/0012_000000025.jpg,training/flip/0013_000000024.jpg,flip__0012,flip__0013,testing,training,flip,flip
57,852,different_sequence_cross_split_same_label,7,4,testing/flip/0012_000000025.jpg,training/flip/0013_000000025.jpg,flip__0012,flip__0013,testing,training,flip,flip
57,853,different_sequence_cross_split_same_label,6,6,testing/flip/0012_000000025.jpg,training/flip/0013_000000026.jpg,flip__0012,flip__0013,testing,training,flip,flip
58,59,same_sequence_same_split,2,2,testing/flip/0012_000000029.jpg,testing/flip/0012_000000030.jpg,flip__0012,flip__0012,testing,testing,flip,flip
58,834,same_sequence_cross_split,6,6,testing/flip/0012_000000029.jpg,training/flip/0012_000000027.jpg,flip__0012,flip__0012,testing,training,flip,flip
58,835,same_sequence_cross_split,2,4,testing/flip/0012_000000029.jpg,training/flip/0012_000000028.jpg,flip__0012,flip__0012,testing,training,flip,flip
59,834,same_sequence_cross_split,8,6,testing/flip/0012_000000030.jpg,training/flip/0012_000000027.jpg,flip__0012,flip__0012,testing,training,flip,flip
59,835,same_sequence_cross_split,4,4,testing/flip/0012_000000030.jpg,training/flip/0012_000000028.jpg,flip__0012,flip__0012,testing,training,flip,flip
60,61,same_sequence_same_split,7,8,testing/flip/0013_000000008.jpg,testing/flip/0013_000000011.jpg,flip__0013,flip__0013,testing,testing,flip,flip
60,837,same_sequence_cross_split,8,8,testing/flip/0013_000000008.jpg,training/flip/0013_000000005.jpg,flip__0013,flip__0013,testing,training,flip,flip
60,838,same_sequence_cross_split,5,6,testing/flip/0013_000000008.jpg,training/flip/0013_000000006.jpg,flip__0013,flip__0013,testing,training,flip,flip
60,839,same_sequence_cross_split,2,4,testing/flip/0013_000000008.jpg,training/flip/0013_000000007.jpg,flip__0013,flip__0013,testing,training,flip,flip
60,840,same_sequence_cross_split,1,4,testing/flip/0013_000000008.jpg,training/flip/0013_000000009.jpg,flip__0013,flip__0013,testing,training,flip,flip
60,841,same_sequence_cross_split,4,6,testing/flip/0013_000000008.jpg,training/flip/0013_000000010.jpg,flip__0013,flip__0013,testing,training,flip,flip
61,840,same_sequence_cross_split,6,4,testing/flip/0013_000000011.jpg,training/flip/0013_000000009.jpg,flip__0013,flip__0013,testing,training,flip,flip
61,841,same_sequence_cross_split,3,2,testing/flip/0013_000000011.jpg,training/flip/0013_000000010.jpg,flip__0013,flip__0013,testing,training,flip,flip
62,842,same_sequence_cross_split,2,0,testing/flip/0013_000000013.jpg,training/flip/0013_000000012.jpg,flip__0013,flip__0013,testing,training,flip,flip
62,843,same_sequence_cross_split,4,8,testing/flip/0013_000000013.jpg,training/flip/0013_000000014.jpg,flip__0013,flip__0013,testing,training,flip,flip
63,843,same_sequence_cross_split,6,8,testing/flip/0013_000000015.jpg,training/flip/0013_000000014.jpg,flip__0013,flip__0013,testing,training,flip,flip
63,844,same_sequence_cross_split,5,4,testing/flip/0013_000000015.jpg,training/flip/0013_000000016.jpg,flip__0013,flip__0013,testing,training,flip,flip
63,845,same_sequence_cross_split,8,8,testing/flip/0013_000000015.jpg,training/flip/0013_000000017.jpg,flip__0013,flip__0013,testing,training,flip,flip
64,850,same_sequence_cross_split,5,2,testing/flip/0013_000000022.jpg,training/flip/0013_000000023.jpg,flip__0013,flip__0013,testing,training,flip,flip
64,853,same_sequence_cross_split,8,6,testing/flip/0013_000000022.jpg,training/flip/0013_000000026.jpg,flip__0013,flip__0013,testing,training,flip,flip
65,66,same_sequence_same_split,0,2,testing/flip/0014_000000003.jpg,testing/flip/0014_000000004.jpg,flip__0014,flip__0014,testing,testing,flip,flip
65,67,same_sequence_same_split,0,2,testing/flip/0014_000000003.jpg,testing/flip/0014_000000006.jpg,flip__0014,flip__0014,testing,testing,flip,flip
65,68,same_sequence_same_split,4,8,testing/flip/0014_000000003.jpg,testing/flip/0014_000000009.jpg,flip__0014,flip__0014,testing,testing,flip,flip
65,69,same_sequence_same_split,5,8,testing/flip/0014_000000003.jpg,testing/flip/0014_000000010.jpg,flip__0014,flip__0014,testing,testing,flip,flip
65,858,same_sequence_cross_split,1,0,testing/flip/0014_000000003.jpg,training/flip/0014_000000001.jpg,flip__0014,flip__0014,testing,training,flip,flip
65,859,same_sequence_cross_split,1,0,testing/flip/0014_000000003.jpg,training/flip/0014_000000002.jpg,flip__0014,flip__0014,testing,training,flip,flip
65,860,same_sequence_cross_split,1,2,testing/flip/0014_000000003.jpg,training/flip/0014_000000005.jpg,flip__0014,flip__0014,testing,training,flip,flip
65,861,same_sequence_cross_split,3,4,testing/flip/0014_000000003.jpg,training/flip/0014_000000007.jpg,flip__0014,flip__0014,testing,training,flip,flip
65,862,same_sequence_cross_split,4,6,testing/flip/0014_000000003.jpg,training/flip/0014_000000008.jpg,flip__0014,flip__0014,testing,training,flip,flip
65,863,same_sequence_cross_split,5,8,testing/flip/0014_000000003.jpg,training/flip/0014_000000011.jpg,flip__0014,flip__0014,testing,training,flip,flip
66,67,same_sequence_same_split,0,2,testing/flip/0014_000000004.jpg,testing/flip/0014_000000006.jpg,flip__0014,flip__0014,testing,testing,flip,flip
66,68,same_sequence_same_split,4,8,testing/flip/0014_000000004.jpg,testing/flip/0014_000000009.jpg,flip__0014,flip__0014,testing,testing,flip,flip
66,69,same_sequence_same_split,5,8,testing/flip/0014_000000004.jpg,testing/flip/0014_000000010.jpg,flip__0014,flip__0014,testing,testing,flip,flip
66,858,same_sequence_cross_split,1,2,testing/flip/0014_000000004.jpg,training/flip/0014_000000001.jpg,flip__0014,flip__0014,testing,training,flip,flip
66,859,same_sequence_cross_split,1,2,testing/flip/0014_000000004.jpg,training/flip/0014_000000002.jpg,flip__0014,flip__0014,testing,training,flip,flip
66,860,same_sequence_cross_split,1,2,testing/flip/0014_000000004.jpg,training/flip/0014_000000005.jpg,flip__0014,flip__0014,testing,training,flip,flip
66,861,same_sequence_cross_split,3,4,testing/flip/0014_000000004.jpg,training/flip/0014_000000007.jpg,flip__0014,flip__0014,testing,training,flip,flip
66,862,same_sequence_cross_split,4,6,testing/flip/0014_000000004.jpg,training/flip/0014_000000008.jpg,flip__0014,flip__0014,testing,training,flip,flip
66,863,same_sequence_cross_split,5,8,testing/flip/0014_000000004.jpg,training/flip/0014_000000011.jpg,flip__0014,flip__0014,testing,training,flip,flip
67,68,same_sequence_same_split,4,6,testing/flip/0014_000000006.jpg,testing/flip/0014_000000009.jpg,flip__0014,flip__0014,testing,testing,flip,flip
67,69,same_sequence_same_split,5,6,testing/flip/0014_000000006.jpg,testing/flip/0014_000000010.jpg,flip__0014,flip__0014,testing,testing,flip,flip
67,858,same_sequence_cross_split,1,2,testing/flip/0014_000000006.jpg,training/flip/0014_000000001.jpg,flip__0014,flip__0014,testing,training,flip,flip
67,859,same_sequence_cross_split,1,2,testing/flip/0014_000000006.jpg,training/flip/0014_000000002.jpg,flip__0014,flip__0014,testing,training,flip,flip
67,860,same_sequence_cross_split,1,0,testing/flip/0014_000000006.jpg,training/flip/0014_000000005.jpg,flip__0014,flip__0014,testing,training,flip,flip
67,861,same_sequence_cross_split,3,2,testing/flip/0014_000000006.jpg,training/flip/0014_000000007.jpg,flip__0014,flip__0014,testing,training,flip,flip
67,862,same_sequence_cross_split,4,4,testing/flip/0014_000000006.jpg,training/flip/0014_000000008.jpg,flip__0014,flip__0014,testing,training,flip,flip
67,863,same_sequence_cross_split,5,6,testing/flip/0014_000000006.jpg,training/flip/0014_000000011.jpg,flip__0014,flip__0014,testing,training,flip,flip
68,69,same_sequence_same_split,1,0,testing/flip/0014_000000009.jpg,testing/flip/0014_000000010.jpg,flip__0014,flip__0014,testing,testing,flip,flip
68,70,same_sequence_same_split,7,2,testing/flip/0014_000000009.jpg,testing/flip/0014_000000012.jpg,flip__0014,flip__0014,testing,testing,flip,flip
68,858,same_sequence_cross_split,5,8,testing/flip/0014_000000009.jpg,training/flip/0014_000000001.jpg,flip__0014,flip__0014,testing,training,flip,flip
68,859,same_sequence_cross_split,5,8,testing/flip/0014_000000009.jpg,training/flip/0014_000000002.jpg,flip__0014,flip__0014,testing,training,flip,flip
68,860,same_sequence_cross_split,5,6,testing/flip/0014_000000009.jpg,training/flip/0014_000000005.jpg,flip__0014,flip__0014,testing,training,flip,flip
68,861,same_sequence_cross_split,1,6,testing/flip/0014_000000009.jpg,training/flip/0014_000000007.jpg,flip__0014,flip__0014,testing,training,flip,flip
68,862,same_sequence_cross_split,0,4,testing/flip/0014_000000009.jpg,training/flip/0014_000000008.jpg,flip__0014,flip__0014,testing,training,flip,flip
68,863,same_sequence_cross_split,1,2,testing/flip/0014_000000009.jpg,training/flip/0014_000000011.jpg,flip__0014,flip__0014,testing,training,flip,flip
69,70,same_sequence_same_split,6,2,testing/flip/0014_000000010.jpg,testing/flip/0014_000000012.jpg,flip__0014,flip__0014,testing,testing,flip,flip
69,71,same_sequence_same_split,8,4,testing/flip/0014_000000010.jpg,testing/flip/0014_000000013.jpg,flip__0014,flip__0014,testing,testing,flip,flip
69,858,same_sequence_cross_split,6,8,testing/flip/0014_000000010.jpg,training/flip/0014_000000001.jpg,flip__0014,flip__0014,testing,training,flip,flip
69,859,same_sequence_cross_split,6,8,testing/flip/0014_000000010.jpg,training/flip/0014_000000002.jpg,flip__0014,flip__0014,testing,training,flip,flip
69,860,same_sequence_cross_split,6,6,testing/flip/0014_000000010.jpg,training/flip/0014_000000005.jpg,flip__0014,flip__0014,testing,training,flip,flip
69,861,same_sequence_cross_split,2,6,testing/flip/0014_000000010.jpg,training/flip/0014_000000007.jpg,flip__0014,flip__0014,testing,training,flip,flip
69,862,same_sequence_cross_split,1,4,testing/flip/0014_000000010.jpg,training/flip/0014_000000008.jpg,flip__0014,flip__0014,testing,training,flip,flip
69,863,same_sequence_cross_split,0,2,testing/flip/0014_000000010.jpg,training/flip/0014_000000011.jpg,flip__0014,flip__0014,testing,training,flip,flip
70,71,same_sequence_same_split,2,2,testing/flip/0014_000000012.jpg,testing/flip/0014_000000013.jpg,flip__0014,flip__0014,testing,testing,flip,flip
70,72,same_sequence_same_split,4,8,testing/flip/0014_000000012.jpg,testing/flip/0014_000000014.jpg,flip__0014,flip__0014,testing,testing,flip,flip
70,860,same_sequence_cross_split,8,6,testing/flip/0014_000000012.jpg,training/flip/0014_000000005.jpg,flip__0014,flip__0014,testing,training,flip,flip
70,861,same_sequence_cross_split,8,6,testing/flip/0014_000000012.jpg,training/flip/0014_000000007.jpg,flip__0014,flip__0014,testing,training,flip,flip
70,862,same_sequence_cross_split,7,4,testing/flip/0014_000000012.jpg,training/flip/0014_000000008.jpg,flip__0014,flip__0014,testing,training,flip,flip
70,863,same_sequence_cross_split,6,2,testing/flip/0014_000000012.jpg,training/flip/0014_000000011.jpg,flip__0014,flip__0014,testing,training,flip,flip
71,72,same_sequence_same_split,2,8,testing/flip/0014_000000013.jpg,testing/flip/0014_000000014.jpg,flip__0014,flip__0014,testing,testing,flip,flip
71,863,same_sequence_cross_split,8,4,testing/flip/0014_000000013.jpg,training/flip/0014_000000011.jpg,flip__0014,flip__0014,testing,training,flip,flip
72,73,same_sequence_same_split,8,8,testing/flip/0014_000000014.jpg,testing/flip/0014_000000016.jpg,flip__0014,flip__0014,testing,testing,flip,flip
72,864,same_sequence_cross_split,4,6,testing/flip/0014_000000014.jpg,training/flip/0014_000000015.jpg,flip__0014,flip__0014,testing,training,flip,flip
73,864,same_sequence_cross_split,6,8,testing/flip/0014_000000016.jpg,training/flip/0014_000000015.jpg,flip__0014,flip__0014,testing,training,flip,flip
73,865,same_sequence_cross_split,2,2,testing/flip/0014_000000016.jpg,training/flip/0014_000000017.jpg,flip__0014,flip__0014,testing,training,flip,flip
73,866,same_sequence_cross_split,7,6,testing/flip/0014_000000016.jpg,training/flip/0014_000000018.jpg,flip__0014,flip__0014,testing,training,flip,flip
74,75,same_sequence_same_split,4,6,testing/flip/0014_000000019.jpg,testing/flip/0014_000000020.jpg,flip__0014,flip__0014,testing,testing,flip,flip
74,844,different_sequence_cross_split_same_label,7,8,testing/flip/0014_000000019.jpg,training/flip/0013_000000016.jpg,flip__0014,flip__0013,testing,training,flip,flip
74,866,same_sequence_cross_split,4,2,testing/flip/0014_000000019.jpg,training/flip/0014_000000018.jpg,flip__0014,flip__0014,testing,training,flip,flip
74,867,same_sequence_cross_split,8,8,testing/flip/0014_000000019.jpg,training/flip/0014_000000021.jpg,flip__0014,flip__0014,testing,training,flip,flip
75,845,different_sequence_cross_split_same_label,8,6,testing/flip/0014_000000020.jpg,training/flip/0013_000000017.jpg,flip__0014,flip__0013,testing,training,flip,flip
75,846,different_sequence_cross_split_same_label,7,8,testing/flip/0014_000000020.jpg,training/flip/0013_000000018.jpg,flip__0014,flip__0013,testing,training,flip,flip
75,855,different_sequence_cross_split_same_label,8,6,testing/flip/0014_000000020.jpg,training/flip/0013_000000028.jpg,flip__0014,flip__0013,testing,training,flip,flip
75,856,different_sequence_cross_split_same_label,7,8,testing/flip/0014_000000020.jpg,training/flip/0013_000000029.jpg,flip__0014,flip__0013,testing,training,flip,flip
75,857,different_sequence_cross_split_same_label,7,8,testing/flip/0014_000000020.jpg,training/flip/0013_000000030.jpg,flip__0014,flip__0013,testing,training,flip,flip
75,866,same_sequence_cross_split,6,6,testing/flip/0014_000000020.jpg,training/flip/0014_000000018.jpg,flip__0014,flip__0014,testing,training,flip,flip
75,867,same_sequence_cross_split,6,4,testing/flip/0014_000000020.jpg,training/flip/0014_000000021.jpg,flip__0014,flip__0014,testing,training,flip,flip
76,870,same_sequence_cross_split,7,6,testing/flip/0015_000000011.jpg,training/flip/0015_000000001.jpg,flip__0015,flip__0015,testing,training,flip,flip
76,871,same_sequence_cross_split,7,6,testing/flip/0015_000000011.jpg,training/flip/0015_000000002.jpg,flip__0015,flip__0015,testing,training,flip,flip
76,872,same_sequence_cross_split,5,6,testing/flip/0015_000000011.jpg,training/flip/0015_000000003.jpg,flip__0015,flip__0015,testing,training,flip,flip
76,873,same_sequence_cross_split,6,8,testing/flip/0015_000000011.jpg,training/flip/0015_000000004.jpg,flip__0015,flip__0015,testing,training,flip,flip
76,874,same_sequence_cross_split,6,8,testing/flip/0015_000000011.jpg,training/flip/0015_000000005.jpg,flip__0015,flip__0015,testing,training,flip,flip
76,875,same_sequence_cross_split,5,8,testing/flip/0015_000000011.jpg,training/flip/0015_000000006.jpg,flip__0015,flip__0015,testing,training,flip,flip
76,877,same_sequence_cross_split,1,8,testing/flip/0015_000000011.jpg,training/flip/0015_000000008.jpg,flip__0015,flip__0015,testing,training,flip,flip
76,878,same_sequence_cross_split,2,8,testing/flip/0015_000000011.jpg,training/flip/0015_000000009.jpg,flip__0015,flip__0015,testing,training,flip,flip
76,879,same_sequence_cross_split,1,2,testing/flip/0015_000000011.jpg,training/flip/0015_000000010.jpg,flip__0015,flip__0015,testing,training,flip,flip
76,880,same_sequence_cross_split,4,2,testing/flip/0015_000000011.jpg,training/flip/0015_000000012.jpg,flip__0015,flip__0015,testing,training,flip,flip
76,881,same_sequence_cross_split,8,8,testing/flip/0015_000000011.jpg,training/flip/0015_000000013.jpg,flip__0015,flip__0015,testing,training,flip,flip
77,885,same_sequence_cross_split,8,6,testing/flip/0015_000000019.jpg,training/flip/0015_000000017.jpg,flip__0015,flip__0015,testing,training,flip,flip
77,886,same_sequence_cross_split,3,4,testing/flip/0015_000000019.jpg,training/flip/0015_000000018.jpg,flip__0015,flip__0015,testing,training,flip,flip
77,887,same_sequence_cross_split,4,8,testing/flip/0015_000000019.jpg,training/flip/0015_000000020.jpg,flip__0015,flip__0015,testing,training,flip,flip
77,908,different_sequence_cross_split_same_label,6,8,testing/flip/0015_000000019.jpg,training/flip/0016_000000019.jpg,flip__0015,flip__0016,testing,training,flip,flip
77,909,different_sequence_cross_split_same_label,6,8,testing/flip/0015_000000019.jpg,training/flip/0016_000000020.jpg,flip__0015,flip__0016,testing,training,flip,flip
79,80,same_sequence_same_split,5,8,testing/flip/0015_000000023.jpg,testing/flip/0015_000000029.jpg,flip__0015,flip__0015,testing,testing,flip,flip
79,889,same_sequence_cross_split,8,2,testing/flip/0015_000000023.jpg,training/flip/0015_000000024.jpg,flip__0015,flip__0015,testing,training,flip,flip
79,890,same_sequence_cross_split,6,4,testing/flip/0015_000000023.jpg,training/flip/0015_000000025.jpg,flip__0015,flip__0015,testing,training,flip,flip
79,891,same_sequence_cross_split,6,4,testing/flip/0015_000000023.jpg,training/flip/0015_000000026.jpg,flip__0015,flip__0015,testing,training,flip,flip
79,892,same_sequence_cross_split,7,4,testing/flip/0015_000000023.jpg,training/flip/0015_000000027.jpg,flip__0015,flip__0015,testing,training,flip,flip
79,893,same_sequence_cross_split,6,6,testing/flip/0015_000000023.jpg,training/flip/0015_000000028.jpg,flip__0015,flip__0015,testing,training,flip,flip
79,894,same_sequence_cross_split,7,8,testing/flip/0015_000000023.jpg,training/flip/0015_000000030.jpg,flip__0015,flip__0015,testing,training,flip,flip
79,973,different_sequence_cross_split_same_label,8,8,testing/flip/0015_000000023.jpg,training/flip/0019_000000030.jpg,flip__0015,flip__0019,testing,training,flip,flip
80,890,same_sequence_cross_split,7,4,testing/flip/0015_000000029.jpg,training/flip/0015_000000025.jpg,flip__0015,flip__0015,testing,training,flip,flip
80,891,same_sequence_cross_split,3,4,testing/flip/0015_000000029.jpg,training/flip/0015_000000026.jpg,flip__0015,flip__0015,testing,training,flip,flip
80,892,same_sequence_cross_split,4,4,testing/flip/0015_000000029.jpg,training/flip/0015_000000027.jpg,flip__0015,flip__0015,testing,training,flip,flip
80,893,same_sequence_cross_split,3,2,testing/flip/0015_000000029.jpg,training/flip/0015_000000028.jpg,flip__0015,flip__0015,testing,training,flip,flip
80,894,same_sequence_cross_split,2,4,testing/flip/0015_000000029.jpg,training/flip/0015_000000030.jpg,flip__0015,flip__0015,testing,training,flip,flip
81,82,same_sequence_same_split,4,4,testing/flip/0016_000000004.jpg,testing/flip/0016_000000006.jpg,flip__0016,flip__0016,testing,testing,flip,flip
81,83,same_sequence_same_split,6,4,testing/flip/0016_000000004.jpg,testing/flip/0016_000000008.jpg,flip__0016,flip__0016,testing,testing,flip,flip
81,895,same_sequence_cross_split,2,0,testing/flip/0016_000000004.jpg,training/flip/0016_000000002.jpg,flip__0016,flip__0016,testing,training,flip,flip
81,896,same_sequence_cross_split,3,0,testing/flip/0016_000000004.jpg,training/flip/0016_000000003.jpg,flip__0016,flip__0016,testing,training,flip,flip
81,897,same_sequence_cross_split,4,2,testing/flip/0016_000000004.jpg,training/flip/0016_000000005.jpg,flip__0016,flip__0016,testing,training,flip,flip
81,898,same_sequence_cross_split,6,6,testing/flip/0016_000000004.jpg,training/flip/0016_000000007.jpg,flip__0016,flip__0016,testing,training,flip,flip
81,899,same_sequence_cross_split,6,4,testing/flip/0016_000000004.jpg,training/flip/0016_000000009.jpg,flip__0016,flip__0016,testing,training,flip,flip
82,83,same_sequence_same_split,4,4,testing/flip/0016_000000006.jpg,testing/flip/0016_000000008.jpg,flip__0016,flip__0016,testing,testing,flip,flip
82,895,same_sequence_cross_split,4,4,testing/flip/0016_000000006.jpg,training/flip/0016_000000002.jpg,flip__0016,flip__0016,testing,training,flip,flip
82,896,same_sequence_cross_split,3,4,testing/flip/0016_000000006.jpg,training/flip/0016_000000003.jpg,flip__0016,flip__0016,testing,training,flip,flip
82,897,same_sequence_cross_split,2,2,testing/flip/0016_000000006.jpg,training/flip/0016_000000005.jpg,flip__0016,flip__0016,testing,training,flip,flip
82,898,same_sequence_cross_split,2,4,testing/flip/0016_000000006.jpg,training/flip/0016_000000007.jpg,flip__0016,flip__0016,testing,training,flip,flip
82,899,same_sequence_cross_split,4,4,testing/flip/0016_000000006.jpg,training/flip/0016_000000009.jpg,flip__0016,flip__0016,testing,training,flip,flip
82,900,same_sequence_cross_split,5,2,testing/flip/0016_000000006.jpg,training/flip/0016_000000010.jpg,flip__0016,flip__0016,testing,training,flip,flip
82,901,same_sequence_cross_split,7,6,testing/flip/0016_000000006.jpg,training/flip/0016_000000011.jpg,flip__0016,flip__0016,testing,training,flip,flip
82,902,same_sequence_cross_split,7,6,testing/flip/0016_000000006.jpg,training/flip/0016_000000012.jpg,flip__0016,flip__0016,testing,training,flip,flip
83,895,same_sequence_cross_split,8,4,testing/flip/0016_000000008.jpg,training/flip/0016_000000002.jpg,flip__0016,flip__0016,testing,training,flip,flip
83,896,same_sequence_cross_split,7,4,testing/flip/0016_000000008.jpg,training/flip/0016_000000003.jpg,flip__0016,flip__0016,testing,training,flip,flip
83,897,same_sequence_cross_split,6,6,testing/flip/0016_000000008.jpg,training/flip/0016_000000005.jpg,flip__0016,flip__0016,testing,training,flip,flip
83,898,same_sequence_cross_split,2,2,testing/flip/0016_000000008.jpg,training/flip/0016_000000007.jpg,flip__0016,flip__0016,testing,training,flip,flip
83,899,same_sequence_cross_split,0,0,testing/flip/0016_000000008.jpg,training/flip/0016_000000009.jpg,flip__0016,flip__0016,testing,training,flip,flip
83,900,same_sequence_cross_split,3,2,testing/flip/0016_000000008.jpg,training/flip/0016_000000010.jpg,flip__0016,flip__0016,testing,training,flip,flip
83,901,same_sequence_cross_split,7,6,testing/flip/0016_000000008.jpg,training/flip/0016_000000011.jpg,flip__0016,flip__0016,testing,training,flip,flip
83,902,same_sequence_cross_split,7,6,testing/flip/0016_000000008.jpg,training/flip/0016_000000012.jpg,flip__0016,flip__0016,testing,training,flip,flip
84,901,same_sequence_cross_split,6,4,testing/flip/0016_000000013.jpg,training/flip/0016_000000011.jpg,flip__0016,flip__0016,testing,training,flip,flip
84,902,same_sequence_cross_split,6,4,testing/flip/0016_000000013.jpg,training/flip/0016_000000012.jpg,flip__0016,flip__0016,testing,training,flip,flip
84,903,same_sequence_cross_split,5,2,testing/flip/0016_000000013.jpg,training/flip/0016_000000014.jpg,flip__0016,flip__0016,testing,training,flip,flip
84,904,same_sequence_cross_split,5,2,testing/flip/0016_000000013.jpg,training/flip/0016_000000015.jpg,flip__0016,flip__0016,testing,training,flip,flip
85,913,same_sequence_cross_split,1,8,testing/flip/0016_000000026.jpg,training/flip/0016_000000024.jpg,flip__0016,flip__0016,testing,training,flip,flip
85,914,same_sequence_cross_split,1,8,testing/flip/0016_000000026.jpg,training/flip/0016_000000025.jpg,flip__0016,flip__0016,testing,training,flip,flip
85,915,same_sequence_cross_split,3,4,testing/flip/0016_000000026.jpg,training/flip/0016_000000027.jpg,flip__0016,flip__0016,testing,training,flip,flip
85,916,same_sequence_cross_split,6,4,testing/flip/0016_000000026.jpg,training/flip/0016_000000028.jpg,flip__0016,flip__0016,testing,training,flip,flip
85,917,same_sequence_cross_split,8,4,testing/flip/0016_000000026.jpg,training/flip/0016_000000029.jpg,flip__0016,flip__0016,testing,training,flip,flip
85,918,same_sequence_cross_split,7,4,testing/flip/0016_000000026.jpg,training/flip/0016_000000030.jpg,flip__0016,flip__0016,testing,training,flip,flip
86,87,same_sequence_same_split,8,6,testing/flip/0017_000000015.jpg,testing/flip/0017_000000017.jpg,flip__0017,flip__0017,testing,testing,flip,flip
86,927,same_sequence_cross_split,8,6,testing/flip/0017_000000015.jpg,training/flip/0017_000000012.jpg,flip__0017,flip__0017,testing,training,flip,flip
86,928,same_sequence_cross_split,7,6,testing/flip/0017_000000015.jpg,training/flip/0017_000000013.jpg,flip__0017,flip__0017,testing,training,flip,flip
86,929,same_sequence_cross_split,3,2,testing/flip/0017_000000015.jpg,training/flip/0017_000000014.jpg,flip__0017,flip__0017,testing,training,flip,flip
86,930,same_sequence_cross_split,3,4,testing/flip/0017_000000015.jpg,training/flip/0017_000000016.jpg,flip__0017,flip__0017,testing,training,flip,flip
87,930,same_sequence_cross_split,5,4,testing/flip/0017_000000017.jpg,training/flip/0017_000000016.jpg,flip__0017,flip__0017,testing,training,flip,flip
87,931,same_sequence_cross_split,8,6,testing/flip/0017_000000017.jpg,training/flip/0017_000000018.jpg,flip__0017,flip__0017,testing,training,flip,flip
87,932,same_sequence_cross_split,8,6,testing/flip/0017_000000017.jpg,training/flip/0017_000000019.jpg,flip__0017,flip__0017,testing,training,flip,flip
88,89,same_sequence_same_split,1,0,testing/flip/0018_000000003.jpg,testing/flip/0018_000000004.jpg,flip__0018,flip__0018,testing,testing,flip,flip
88,93,different_sequence_same_split_same_label,8,4,testing/flip/0018_000000003.jpg,testing/flip/0019_000000014.jpg,flip__0018,flip__0019,testing,testing,flip,flip
88,102,different_sequence_same_split_same_label,8,6,testing/flip/0018_000000003.jpg,testing/flip/0021_000000014.jpg,flip__0018,flip__0021,testing,testing,flip,flip
88,936,same_sequence_cross_split,1,2,testing/flip/0018_000000003.jpg,training/flip/0018_000000001.jpg,flip__0018,flip__0018,testing,training,flip,flip
88,937,same_sequence_cross_split,0,2,testing/flip/0018_000000003.jpg,training/flip/0018_000000002.jpg,flip__0018,flip__0018,testing,training,flip,flip
88,938,same_sequence_cross_split,1,0,testing/flip/0018_000000003.jpg,training/flip/0018_000000005.jpg,flip__0018,flip__0018,testing,training,flip,flip
88,939,same_sequence_cross_split,3,0,testing/flip/0018_000000003.jpg,training/flip/0018_000000006.jpg,flip__0018,flip__0018,testing,training,flip,flip
88,940,same_sequence_cross_split,2,0,testing/flip/0018_000000003.jpg,training/flip/0018_000000007.jpg,flip__0018,flip__0018,testing,training,flip,flip
88,941,same_sequence_cross_split,2,0,testing/flip/0018_000000003.jpg,training/flip/0018_000000008.jpg,flip__0018,flip__0018,testing,training,flip,flip
88,942,same_sequence_cross_split,4,2,testing/flip/0018_000000003.jpg,training/flip/0018_000000009.jpg,flip__0018,flip__0018,testing,training,flip,flip
88,943,same_sequence_cross_split,6,2,testing/flip/0018_000000003.jpg,training/flip/0018_000000010.jpg,flip__0018,flip__0018,testing,training,flip,flip
88,944,same_sequence_cross_split,8,4,testing/flip/0018_000000003.jpg,training/flip/0018_000000011.jpg,flip__0018,flip__0018,testing,training,flip,flip
88,958,different_sequence_cross_split_same_label,8,2,testing/flip/0018_000000003.jpg,training/flip/0019_000000013.jpg,flip__0018,flip__0019,testing,training,flip,flip
88,959,different_sequence_cross_split_same_label,7,6,testing/flip/0018_000000003.jpg,training/flip/0019_000000015.jpg,flip__0018,flip__0019,testing,training,flip,flip
88,960,different_sequence_cross_split_same_label,6,4,testing/flip/0018_000000003.jpg,training/flip/0019_000000016.jpg,flip__0018,flip__0019,testing,training,flip,flip
88,961,different_sequence_cross_split_same_label,6,4,testing/flip/0018_000000003.jpg,training/flip/0019_000000017.jpg,flip__0018,flip__0019,testing,training,flip,flip
88,962,different_sequence_cross_split_same_label,7,4,testing/flip/0018_000000003.jpg,training/flip/0019_000000018.jpg,flip__0018,flip__0019,testing,training,flip,flip
88,989,different_sequence_cross_split_same_label,8,4,testing/flip/0018_000000003.jpg,training/flip/0021_000000012.jpg,flip__0018,flip__0021,testing,training,flip,flip
88,2049,different_sequence_cross_split_cross_label,6,4,testing/flip/0018_000000003.jpg,training/notflip/0015_000000025.jpg,flip__0018,notflip__0015,testing,training,flip,notflip
88,2050,different_sequence_cross_split_cross_label,8,6,testing/flip/0018_000000003.jpg,training/notflip/0015_000000026.jpg,flip__0018,notflip__0015,testing,training,flip,notflip
88,2051,different_sequence_cross_split_cross_label,8,8,testing/flip/0018_000000003.jpg,training/notflip/0015_000000027.jpg,flip__0018,notflip__0015,testing,training,flip,notflip
88,2052,different_sequence_cross_split_cross_label,7,8,testing/flip/0018_000000003.jpg,training/notflip/0015_000000028.jpg,flip__0018,notflip__0015,testing,training,flip,notflip
88,2053,different_sequence_cross_split_cross_label,6,8,testing/flip/0018_000000003.jpg,training/notflip/0015_000000029.jpg,flip__0018,notflip__0015,testing,training,flip,notflip
88,2054,different_sequence_cross_split_cross_label,5,8,testing/flip/0018_000000003.jpg,training/notflip/0015_000000030.jpg,flip__0018,notflip__0015,testing,training,flip,notflip
89,101,different_sequence_same_split_same_label,8,4,testing/flip/0018_000000004.jpg,testing/flip/0021_000000011.jpg,flip__0018,flip__0021,testing,testing,flip,flip
89,102,different_sequence_same_split_same_label,7,6,testing/flip/0018_000000004.jpg,testing/flip/0021_000000014.jpg,flip__0018,flip__0021,testing,testing,flip,flip
89,103,different_sequence_same_split_same_label,8,6,testing/flip/0018_000000004.jpg,testing/flip/0021_000000015.jpg,flip__0018,flip__0021,testing,testing,flip,flip
89,936,same_sequence_cross_split,2,2,testing/flip/0018_000000004.jpg,training/flip/0018_000000001.jpg,flip__0018,flip__0018,testing,training,flip,flip
89,937,same_sequence_cross_split,1,2,testing/flip/0018_000000004.jpg,training/flip/0018_000000002.jpg,flip__0018,flip__0018,testing,training,flip,flip
89,938,same_sequence_cross_split,0,0,testing/flip/0018_000000004.jpg,training/flip/0018_000000005.jpg,flip__0018,flip__0018,testing,training,flip,flip
89,939,same_sequence_cross_split,2,0,testing/flip/0018_000000004.jpg,training/flip/0018_000000006.jpg,flip__0018,flip__0018,testing,training,flip,flip
89,940,same_sequence_cross_split,1,0,testing/flip/0018_000000004.jpg,training/flip/0018_000000007.jpg,flip__0018,flip__0018,testing,training,flip,flip
89,941,same_sequence_cross_split,1,0,testing/flip/0018_000000004.jpg,training/flip/0018_000000008.jpg,flip__0018,flip__0018,testing,training,flip,flip
89,942,same_sequence_cross_split,3,2,testing/flip/0018_000000004.jpg,training/flip/0018_000000009.jpg,flip__0018,flip__0018,testing,training,flip,flip
89,943,same_sequence_cross_split,5,2,testing/flip/0018_000000004.jpg,training/flip/0018_000000010.jpg,flip__0018,flip__0018,testing,training,flip,flip
89,944,same_sequence_cross_split,7,4,testing/flip/0018_000000004.jpg,training/flip/0018_000000011.jpg,flip__0018,flip__0018,testing,training,flip,flip
89,945,same_sequence_cross_split,8,4,testing/flip/0018_000000004.jpg,training/flip/0018_000000013.jpg,flip__0018,flip__0018,testing,training,flip,flip
89,948,same_sequence_cross_split,8,6,testing/flip/0018_000000004.jpg,training/flip/0018_000000016.jpg,flip__0018,flip__0018,testing,training,flip,flip
89,959,different_sequence_cross_split_same_label,8,6,testing/flip/0018_000000004.jpg,training/flip/0019_000000015.jpg,flip__0018,flip__0019,testing,training,flip,flip
89,960,different_sequence_cross_split_same_label,7,4,testing/flip/0018_000000004.jpg,training/flip/0019_000000016.jpg,flip__0018,flip__0019,testing,training,flip,flip
89,961,different_sequence_cross_split_same_label,7,4,testing/flip/0018_000000004.jpg,training/flip/0019_000000017.jpg,flip__0018,flip__0019,testing,training,flip,flip
89,962,different_sequence_cross_split_same_label,8,4,testing/flip/0018_000000004.jpg,training/flip/0019_000000018.jpg,flip__0018,flip__0019,testing,training,flip,flip
89,963,different_sequence_cross_split_same_label,8,4,testing/flip/0018_000000004.jpg,training/flip/0019_000000019.jpg,flip__0018,flip__0019,testing,training,flip,flip
89,989,different_sequence_cross_split_same_label,7,4,testing/flip/0018_000000004.jpg,training/flip/0021_000000012.jpg,flip__0018,flip__0021,testing,training,flip,flip
89,990,different_sequence_cross_split_same_label,8,4,testing/flip/0018_000000004.jpg,training/flip/0021_000000013.jpg,flip__0018,flip__0021,testing,training,flip,flip
