sample_id,video_id,environment_id,label_for_audit_only,mu_cb,mu_cr,cov_cb_cb,cov_cb_cr,cov_cr_cr
training/flip/0001_000000010,flip/0001,ENV-01,flip,-0.03137984736815563,0.03992076457460159,0.0032641988345182616,-0.0033078876233567736,0.006686801400465393
training/flip/0001_000000011,flip/0001,ENV-01,flip,-0.03136121772620536,0.03991718174919142,0.0032665554805120234,-0.003308608935328426,0.006685002239922062
training/flip/0001_000000012,flip/0001,ENV-01,flip,-0.031992895231155685,0.04112563595454967,0.003333122719115824,-0.003353667461128654,0.006775750842373326
training/flip/0001_000000013,flip/0001,ENV-01,flip,-0.03337395089361253,0.0427472607204708,0.0033649811932881094,-0.003378011494797485,0.006888029677158027
training/flip/0001_000000014,flip/0001,ENV-01,flip,-0.0344179082135189,0.045589268095279196,0.0034592386494863452,-0.0035219988729444413,0.007226269096210578
training/flip/0001_000000015,flip/0001,ENV-01,flip,-0.03585614878858377,0.04854850521109569,0.003521847258717496,-0.0036483151168184617,0.007592487229457887
training/flip/0001_000000016,flip/0001,ENV-01,flip,-0.036808840737689155,0.05059340798158441,0.003552478001163623,-0.003728981963219486,0.007846500061477626
training/flip/0001_000000017,flip/0001,ENV-01,flip,-0.03820513237090521,0.052776465234302856,0.0035727024291849594,-0.0037736301927804475,0.00805698335684966
training/flip/0001_000000018,flip/0001,ENV-01,flip,-0.04007748393079633,0.05475666509122524,0.0035138145980299846,-0.0038119881275110205,0.008205489984098247
training/flip/0001_000000019,flip/0001,ENV-01,flip,-0.04293392005921924,0.058462684444134216,0.0033982359959679777,-0.003791040517490285,0.008507198881013093
training/flip/0001_000000021,flip/0001,ENV-01,flip,-0.051499905150155734,0.06880951033367194,0.0028344835276411092,-0.0033923483255997827,0.008745433767093401
training/flip/0002_000000009,flip/0002,ENV-01,flip,-0.02708879269947695,0.038394575426749726,0.002974773567652896,-0.003130467391966518,0.006409209081460477
training/flip/0002_000000010,flip/0002,ENV-01,flip,-0.02665605808787882,0.03850017733927865,0.003039877707659329,-0.0031739335404207944,0.006454022930011682
training/flip/0002_000000011,flip/0002,ENV-01,flip,-0.02643617807906098,0.03908269810833366,0.0031620787820326704,-0.0032218452099610677,0.00647191875823008
training/flip/0002_000000014,flip/0002,ENV-01,flip,-0.024433256704697894,0.04371956446597413,0.0037963008435167008,-0.0033575962894767473,0.006663396147295614
training/flip/0002_000000016,flip/0002,ENV-01,flip,-0.03309018985142103,0.053479545658730754,0.0033714682573957426,-0.0031469606060696444,0.007171416358371527
training/flip/0002_000000018,flip/0002,ENV-01,flip,-0.04439472797499026,0.06280275592107508,0.0022724246657606535,-0.002706563158671203,0.0073172340611140025
training/flip/0003_000000001,flip/0003,ENV-01,flip,-0.03650092681163366,0.04645793509570994,0.0027736999066361465,-0.0031043478233270935,0.006798140441066725
training/flip/0003_000000002,flip/0003,ENV-01,flip,-0.03632272249257984,0.04625085469342113,0.002787865261862808,-0.003120249366001277,0.006834766023916337
training/flip/0003_000000003,flip/0003,ENV-01,flip,-0.03633555811713606,0.04623937812520142,0.002790761410549848,-0.0031236004909045694,0.006835856269272565
training/flip/0003_000000004,flip/0003,ENV-01,flip,-0.035870322914950015,0.04540142157796488,0.0028123351907189246,-0.003131053458853273,0.006855211550324545
training/flip/0003_000000006,flip/0003,ENV-01,flip,-0.035304432500494524,0.045296106743790414,0.002827187984486672,-0.00313144386990585,0.006833712332036612
training/flip/0003_000000007,flip/0003,ENV-01,flip,-0.03513999428713315,0.04538225687875148,0.002842311889472312,-0.0031493066613498084,0.00690193476783252
training/flip/0003_000000009,flip/0003,ENV-01,flip,-0.03532088076940037,0.04561535890937045,0.0028682135592422798,-0.003174299694395275,0.0069604117893260695
training/flip/0003_000000010,flip/0003,ENV-01,flip,-0.03528466578727425,0.045733418271561556,0.0029059030307521222,-0.003225770647208601,0.00706983886507389
training/flip/0003_000000011,flip/0003,ENV-01,flip,-0.03490539498927387,0.04635662440270119,0.0029230660710204003,-0.0032579829411360397,0.0071848911204156615
training/flip/0003_000000012,flip/0003,ENV-01,flip,-0.03565599855029498,0.04769548890545312,0.0029507414258764858,-0.003315578576672217,0.007404264834240377
training/flip/0003_000000013,flip/0003,ENV-01,flip,-0.035935562366164735,0.049075049956740155,0.003020656137946049,-0.0033787331093515847,0.007603061313126984
training/flip/0003_000000014,flip/0003,ENV-01,flip,-0.03597818071370659,0.05066814623518935,0.00308444546107709,-0.0034360255095602895,0.007775319045778159
training/flip/0003_000000015,flip/0003,ENV-01,flip,-0.035586308536706024,0.051960364821847765,0.0031718499322397464,-0.0034919751472999774,0.007918285603797136
training/flip/0003_000000016,flip/0003,ENV-01,flip,-0.03587160920167109,0.05236894273669792,0.003222063258668586,-0.0035322227015558917,0.008007093911721365
training/flip/0003_000000017,flip/0003,ENV-01,flip,-0.03449587318355917,0.05013856217969745,0.0033240462708958793,-0.003500401680074209,0.0077161405523680565
training/flip/0003_000000018,flip/0003,ENV-01,flip,-0.0317207780505571,0.04814963251441471,0.0034440569857109816,-0.0035351347131413464,0.00755008041980725
training/flip/0003_000000019,flip/0003,ENV-01,flip,-0.03630580263680546,0.055621812615599446,0.0032880342070419114,-0.003436903859695859,0.007987594230800905
training/flip/0003_000000020,flip/0003,ENV-01,flip,-0.040099275062219206,0.05997706872577475,0.003242903849739091,-0.0035147205328073063,0.008365274707077283
training/flip/0004_000000005,flip/0004,ENV-01,flip,-0.03726724278030077,0.04889206687018538,0.0028422271932209042,-0.003315619485296612,0.007474113463599491
training/flip/0004_000000007,flip/0004,ENV-01,flip,-0.03727932293714061,0.04833735695351235,0.0029177711415753764,-0.003381311753109177,0.0075651088653898935
training/flip/0004_000000008,flip/0004,ENV-01,flip,-0.03641407351263766,0.04766189721181461,0.002916769522279744,-0.003421100805868065,0.007596912401706289
training/flip/0004_000000009,flip/0004,ENV-01,flip,-0.03612738904462963,0.046711434280519375,0.002903369700201045,-0.0034074598738037054,0.007547220148988668
training/flip/0004_000000010,flip/0004,ENV-01,flip,-0.03566855101634674,0.04568051232073585,0.0029317924899472667,-0.003421785213039777,0.007508255814371567
training/flip/0004_000000011,flip/0004,ENV-01,flip,-0.03459442658372036,0.0449484080436444,0.0029647582928844073,-0.0034464008262501972,0.007469459160657214
training/flip/0004_000000012,flip/0004,ENV-01,flip,-0.03327371711696054,0.04380284016963476,0.0030011152131266677,-0.003499997134641628,0.0074944783353772
training/flip/0004_000000015,flip/0004,ENV-01,flip,-0.03097370973997966,0.04181951272718332,0.003158975778490741,-0.003527049172992167,0.00741340958849132
training/flip/0004_000000016,flip/0004,ENV-01,flip,-0.029880177289090305,0.041974187164327874,0.003321404905180448,-0.0034508839367178024,0.00714787980362098
training/flip/0004_000000017,flip/0004,ENV-01,flip,-0.030305891447860805,0.04314688436840814,0.003358488399544587,-0.0034158804712373756,0.007102902501959991
training/flip/0004_000000018,flip/0004,ENV-01,flip,-0.031204644281592156,0.0449604838164941,0.003389119165079648,-0.003406191032347637,0.007186409208917446
training/flip/0004_000000019,flip/0004,ENV-01,flip,-0.03153496714882581,0.046512475484164824,0.0034520026249546766,-0.0034154749577965803,0.007204658431193517
training/flip/0004_000000020,flip/0004,ENV-01,flip,-0.03306286949295564,0.04843953350207528,0.003416012631186111,-0.0033750689811439956,0.007266878785686753
training/flip/0004_000000021,flip/0004,ENV-01,flip,-0.0354695222673542,0.05071851553687004,0.00341119059811632,-0.003346825035071001,0.0073992282766514005
training/flip/0004_000000022,flip/0004,ENV-01,flip,-0.03780456122203918,0.05374030059392067,0.0033391294687504665,-0.0032603700175099933,0.007478264449029454
training/flip/0004_000000023,flip/0004,ENV-01,flip,-0.04157537818088554,0.057078385809651536,0.003137215657685777,-0.003187731329889168,0.007617172232085736
training/flip/0005_000000001,flip/0005,ENV-01,flip,-0.03110924205171647,0.044947049497920256,0.0028776475283636086,-0.0032329207467308723,0.007373034504506491
training/flip/0005_000000002,flip/0005,ENV-01,flip,-0.030102747303703964,0.04411944965797784,0.0029044632881703876,-0.0032344901059326156,0.0073323064452200555
training/flip/0005_000000004,flip/0005,ENV-01,flip,-0.02790505745690603,0.04197725918238227,0.0030185291660655275,-0.0033464101985523306,0.007319388300133716
training/flip/0005_000000005,flip/0005,ENV-01,flip,-0.027119598569902814,0.041046672384206596,0.003060210416931685,-0.0033756914295801363,0.007270291426280599
training/flip/0005_000000006,flip/0005,ENV-01,flip,-0.02684520239674618,0.04090247503028651,0.003075471937550474,-0.0033945580089882062,0.007273121798776985
training/flip/0005_000000007,flip/0005,ENV-01,flip,-0.027122831261768943,0.04098510714829283,0.003100872586383317,-0.0034119358819196827,0.00725689024491598
training/flip/0005_000000009,flip/0005,ENV-01,flip,-0.02827459014086023,0.04284955606426912,0.003186169083550124,-0.0034240486396276974,0.007331312983941713
training/flip/0005_000000010,flip/0005,ENV-01,flip,-0.027357167626730957,0.042343181096058176,0.0032869422077844686,-0.0034911472839921874,0.007350254320617692
training/flip/0005_000000011,flip/0005,ENV-01,flip,-0.026131668762534997,0.04130429110084564,0.0033810543913844844,-0.0035521116524856776,0.007326384820499157
training/flip/0005_000000012,flip/0005,ENV-01,flip,-0.02425173414771364,0.03947711276147849,0.0035402611687790006,-0.00368426431868241,0.007351431897611295
training/flip/0005_000000013,flip/0005,ENV-01,flip,-0.02393458640630486,0.038330304529021725,0.0034730243344481553,-0.0036767909384126116,0.007336203259511611
training/flip/0005_000000014,flip/0005,ENV-01,flip,-0.02446185622964586,0.03734059478880256,0.0032960769328131806,-0.003591755806872396,0.007243219511151349
training/flip/0005_000000015,flip/0005,ENV-01,flip,-0.025838929924032607,0.038210610242834724,0.00316925494599506,-0.0034792261819779936,0.007183957864477283
training/flip/0005_000000016,flip/0005,ENV-01,flip,-0.026490298915326657,0.03878303888845773,0.003176419013131994,-0.0034701671841175044,0.0071845319115275775
training/flip/0005_000000017,flip/0005,ENV-01,flip,-0.027421991524265655,0.040654490643769234,0.0033138391842712717,-0.0035476037771941735,0.007345554894548431
training/flip/0005_000000019,flip/0005,ENV-01,flip,-0.029010213543780493,0.04464866614131147,0.0035641768272862496,-0.0037594656376065947,0.007612693744426917
training/flip/0005_000000020,flip/0005,ENV-01,flip,-0.029721930278649562,0.04562966637900902,0.0035768403492167857,-0.0037610168998917256,0.007600538354380002
training/flip/0005_000000021,flip/0005,ENV-01,flip,-0.03232157837949633,0.048945187673807594,0.0036445499987662524,-0.0038603831843601636,0.007930411680821795
training/flip/0005_000000022,flip/0005,ENV-01,flip,-0.03456180205969022,0.05288667219491229,0.0036870610531737204,-0.0038973491689478818,0.008247055007636261
training/flip/0005_000000024,flip/0005,ENV-01,flip,-0.04083301944428781,0.06195409308997962,0.0035378535040457696,-0.0038425748219342456,0.008853246475921787
training/flip/0006_000000002,flip/0006,ENV-01,flip,-0.02974915260483393,0.0418993740101442,0.002739171182201716,-0.002973262215816244,0.006781096673016521
training/flip/0006_000000003,flip/0006,ENV-01,flip,-0.030185416894514528,0.04226321329863767,0.0026745511935785827,-0.002945869421317993,0.0067685693643919345
training/flip/0006_000000004,flip/0006,ENV-01,flip,-0.030580850016735498,0.042686107559331075,0.002676966193567434,-0.0029607979068892155,0.006815714805990015
training/flip/0006_000000005,flip/0006,ENV-01,flip,-0.030817934587710934,0.04336489259490355,0.002667124498563922,-0.0029765175976558746,0.006890047915452852
training/flip/0006_000000007,flip/0006,ENV-01,flip,-0.03130984571510401,0.04472830734302588,0.0027516151138837586,-0.0031552273679366443,0.007249078770833185
training/flip/0006_000000009,flip/0006,ENV-01,flip,-0.031473133958211,0.04564542905989044,0.0028323383421310867,-0.0032556075499098162,0.007482150869437626
training/flip/0006_000000010,flip/0006,ENV-01,flip,-0.031617402803656054,0.04659408088060097,0.0028508413319713348,-0.0032947708583858973,0.007605174833908785
training/flip/0006_000000011,flip/0006,ENV-01,flip,-0.03177884649199856,0.04749088155977222,0.002929014581548086,-0.0033962270138895617,0.007774135403408516
training/flip/0006_000000013,flip/0006,ENV-01,flip,-0.03030483135772938,0.047623321468302525,0.0032627579965902203,-0.0037418836901042837,0.008330251962727539
training/flip/0006_000000014,flip/0006,ENV-01,flip,-0.026420965842432864,0.04400867778163922,0.003521658464956684,-0.0038478401707349513,0.008157335543669693
training/flip/0006_000000015,flip/0006,ENV-01,flip,-0.024568900050892618,0.040701718376858244,0.003549497491012008,-0.003811178518739786,0.007820115927754919
training/flip/0006_000000016,flip/0006,ENV-01,flip,-0.027172011064678883,0.041310172498561094,0.0032906895687067404,-0.003639533378310172,0.0076677205334244785
training/flip/0006_000000017,flip/0006,ENV-01,flip,-0.02834028570016229,0.04185595185873186,0.0031597209111472496,-0.003567997804972344,0.007600669001188057
training/flip/0006_000000018,flip/0006,ENV-01,flip,-0.029003629695775596,0.042979672352573016,0.0032081115942299105,-0.00361967610405146,0.0077238391648672975
training/flip/0006_000000019,flip/0006,ENV-01,flip,-0.030672916362870305,0.0450860648504375,0.0033062985036174585,-0.0037111908836395305,0.00790376004148721
training/flip/0006_000000020,flip/0006,ENV-01,flip,-0.03225381547417196,0.04745710638403415,0.003386133911069995,-0.003817407826569434,0.008188281171315563
training/flip/0006_000000023,flip/0006,ENV-01,flip,-0.03888481948290389,0.05532543965861436,0.0034373373540997434,-0.003952154602219274,0.008890176748244083
training/flip/0007_000000005,flip/0007,ENV-01,flip,-0.033945954394739256,0.04808841296412637,0.003177632857186192,-0.0035638691720022795,0.007503108869310952
training/flip/0007_000000006,flip/0007,ENV-01,flip,-0.0335993576528683,0.0473100743593485,0.0031954757524966927,-0.003591831950698382,0.007529212773088691
training/flip/0007_000000007,flip/0007,ENV-01,flip,-0.03300548562641236,0.046644970230618386,0.0032131217363586292,-0.003635504235493649,0.007550335680602538
training/flip/0007_000000009,flip/0007,ENV-01,flip,-0.033118800211515725,0.04662817888269752,0.003239083784863188,-0.003651351738007859,0.007561531672463409
training/flip/0007_000000010,flip/0007,ENV-01,flip,-0.03316031337407689,0.046402347436664375,0.0032857823336885183,-0.0036781423349289163,0.007578182283441063
training/flip/0007_000000011,flip/0007,ENV-01,flip,-0.03228264532338423,0.04581994740831496,0.003298733831672978,-0.003687281291490888,0.007551935107448309
training/flip/0007_000000012,flip/0007,ENV-01,flip,-0.031165943407198696,0.04475682209061974,0.003338116128721223,-0.0037096663222917843,0.007538946726819601
training/flip/0007_000000013,flip/0007,ENV-01,flip,-0.030137377258631293,0.043536345248049946,0.003370938012618825,-0.0037256511324324673,0.007486305612435764
training/flip/0007_000000014,flip/0007,ENV-01,flip,-0.029112828266563282,0.04240293680208163,0.0034733352894023035,-0.003755336565396744,0.007452289424765675
training/flip/0007_000000015,flip/0007,ENV-01,flip,-0.026234499569104525,0.04181236251852804,0.003685841365326987,-0.003911433229152191,0.007463175143807898
training/flip/0007_000000016,flip/0007,ENV-01,flip,-0.02627882305918777,0.04211214418139576,0.003762432367445007,-0.003885604233944139,0.007456345685457257
training/flip/0007_000000017,flip/0007,ENV-01,flip,-0.0283506226366591,0.042950257582117006,0.003765113102617464,-0.0038450646542215715,0.007429297616798728
training/flip/0007_000000019,flip/0007,ENV-01,flip,-0.031187407317186153,0.045981495189475835,0.003666651889820313,-0.0037695362559337564,0.007457375509257941
training/flip/0007_000000020,flip/0007,ENV-01,flip,-0.03233690278569238,0.04739020983192826,0.0037352688254294834,-0.0038156028009455134,0.007567008383319787
training/flip/0007_000000021,flip/0007,ENV-01,flip,-0.03450816736034747,0.050253571167183625,0.0038952719751153813,-0.0039016919835731015,0.00780199682439925
training/flip/0007_000000022,flip/0007,ENV-01,flip,-0.03713315154309674,0.05467977028459398,0.004001256808041332,-0.003962402163724319,0.008168292798414412
training/flip/0007_000000023,flip/0007,ENV-01,flip,-0.04191485550892019,0.0599710840965798,0.00388610602077957,-0.003920327937529357,0.008509909963077659
training/flip/0008_000000001,flip/0008,ENV-01,flip,-0.02699868441916988,0.039762266195411115,0.00307246124450551,-0.003484841542196781,0.007265320288867182
training/flip/0008_000000002,flip/0008,ENV-01,flip,-0.0274566855613471,0.0403211819741265,0.0030786642984905205,-0.0035087968662785365,0.0073317377322764665
training/flip/0008_000000003,flip/0008,ENV-01,flip,-0.027269336068760607,0.04054254540609199,0.003124851126407901,-0.0035571638159191507,0.007433087761001008
training/flip/0008_000000004,flip/0008,ENV-01,flip,-0.027143160989859173,0.040785452238604504,0.0031771035312343934,-0.0036139227132361267,0.007551615980757859
training/flip/0008_000000006,flip/0008,ENV-01,flip,-0.02735036346407354,0.04158334597402095,0.0032545445304275494,-0.003664929874958085,0.007625024869447646
training/flip/0008_000000008,flip/0008,ENV-01,flip,-0.0277223450976039,0.04177913839704728,0.0033286352118969157,-0.0037142092964112727,0.007654406842731147
training/flip/0008_000000009,flip/0008,ENV-01,flip,-0.0277898669467085,0.042036994217791016,0.003292370390483501,-0.0036942051164938344,0.007642826974110249
training/flip/0008_000000010,flip/0008,ENV-01,flip,-0.02714241842112713,0.04185390364404258,0.0033762482400392754,-0.0037353339272472807,0.007675470838655347
training/flip/0008_000000011,flip/0008,ENV-01,flip,-0.02706117514841178,0.04196361633378818,0.0034275201293751507,-0.0037529328658509704,0.00767114317901471
training/flip/0008_000000012,flip/0008,ENV-01,flip,-0.027437162071376024,0.04276386445216893,0.003416234235222397,-0.0037497058241811247,0.00770083538000165
training/flip/0008_000000013,flip/0008,ENV-01,flip,-0.027640672546688817,0.04321227622138823,0.0034444164198519397,-0.003776075394604759,0.007738292450153602
training/flip/0008_000000014,flip/0008,ENV-01,flip,-0.02759009676409477,0.04461546001542431,0.0035774396670427144,-0.003904035335648322,0.007984464557554815
training/flip/0008_000000015,flip/0008,ENV-01,flip,-0.028327927234836063,0.04628308212651879,0.00361615764084358,-0.004000372146393382,0.008271461478008448
training/flip/0008_000000016,flip/0008,ENV-01,flip,-0.02892853531731264,0.0463292500650556,0.0036299859384863963,-0.0040226826050474675,0.008299625421688129
training/flip/0008_000000017,flip/0008,ENV-01,flip,-0.031124020160126633,0.04851294810681612,0.0035692184054848313,-0.003982893176147371,0.008326461337297338
training/flip/0008_000000018,flip/0008,ENV-01,flip,-0.03286437775448043,0.05093563431899303,0.003619106124426023,-0.003982372749334593,0.008410119613952402
training/flip/0008_000000019,flip/0008,ENV-01,flip,-0.034380368454102014,0.05302750181940247,0.0036727365861425982,-0.003956586562828982,0.008397545407065879
training/flip/0008_000000020,flip/0008,ENV-01,flip,-0.03701374905013956,0.05618958745481021,0.0036821232819729066,-0.0039439334998235195,0.008556632886148711
training/flip/0008_000000021,flip/0008,ENV-01,flip,-0.03919436755549058,0.058654048978402325,0.003625077341686922,-0.003830237519438228,0.00856297227257226
training/flip/0008_000000022,flip/0008,ENV-01,flip,-0.041949263085356917,0.06256118100567193,0.003583294918569855,-0.0036996310906825774,0.008603798497985399
training/flip/0009_000000001,flip/0009,ENV-01,flip,-0.03496959478234832,0.04318038511134404,0.0030140970303633723,-0.0032221285813631632,0.0069351925712127244
training/flip/0009_000000002,flip/0009,ENV-01,flip,-0.03413398619200295,0.04159940169125825,0.0030362595672626612,-0.003196255955078137,0.006733796892722488
training/flip/0009_000000003,flip/0009,ENV-01,flip,-0.03327567879450274,0.040890835772173395,0.00303238483831606,-0.003171625780698025,0.006621611253021996
training/flip/0009_000000004,flip/0009,ENV-01,flip,-0.03252559944820627,0.04061163450241214,0.00307102694072149,-0.0032235169384029726,0.006677591565579628
training/flip/0009_000000005,flip/0009,ENV-01,flip,-0.0316851816005293,0.03999750143342141,0.0031291012570543813,-0.00327620113417081,0.006700143436374654
training/flip/0009_000000006,flip/0009,ENV-01,flip,-0.03089886570500488,0.03947221735206279,0.0031662082686620264,-0.003320246700815084,0.006750975286105284
training/flip/0009_000000008,flip/0009,ENV-01,flip,-0.02904325393106624,0.03814591170657474,0.003225953529968597,-0.0034121024785407203,0.006839318172137445
training/flip/0009_000000009,flip/0009,ENV-01,flip,-0.028530887387879806,0.03767902125935163,0.003239651238084524,-0.0034359626898639328,0.006865616046297968
training/flip/0009_000000010,flip/0009,ENV-01,flip,-0.028844024061109756,0.03760369401483234,0.003167265338898148,-0.003378580241977806,0.006839427838578811
training/flip/0009_000000011,flip/0009,ENV-01,flip,-0.029504547203629588,0.036921451636637376,0.003076119569330247,-0.003341099054511345,0.006803092959124675
training/flip/0009_000000012,flip/0009,ENV-01,flip,-0.029801340244514855,0.03761742781412895,0.00307958229954145,-0.003343619172771705,0.006875197236357957
training/flip/0009_000000013,flip/0009,ENV-01,flip,-0.030008486066389777,0.037406783919533906,0.0030852897207302435,-0.00331036362076216,0.006768561170940346
training/flip/0009_000000014,flip/0009,ENV-01,flip,-0.02948827353537624,0.03725129420904466,0.0032123109199526435,-0.0034067977853853605,0.006793821304369854
training/flip/0009_000000015,flip/0009,ENV-01,flip,-0.02815096968001528,0.039113399320548144,0.003481809682961849,-0.003548422704567836,0.007005841644799183
training/flip/0009_000000017,flip/0009,ENV-01,flip,-0.03283010804238922,0.04537853385794045,0.003619591342854398,-0.0036514977181205145,0.0074204569281530255
training/flip/0009_000000018,flip/0009,ENV-01,flip,-0.033632589357890305,0.04681494773145756,0.003636254377768907,-0.003678064243378718,0.007458083128502834
training/flip/0009_000000021,flip/0009,ENV-01,flip,-0.044283443483642625,0.05953356732176818,0.0033888332536215204,-0.0034200496525581673,0.00783173349017656
training/flip/0009_000000022,flip/0009,ENV-01,flip,-0.04657207467875436,0.06138134939987668,0.0032630954279993,-0.003384777425903573,0.007861492822231392
training/flip/0010_000000005,flip/0010,ENV-01,flip,-0.03074907310168602,0.038900321400328224,0.0030474091083976347,-0.0032256769539831358,0.006604051597853263
training/flip/0010_000000006,flip/0010,ENV-01,flip,-0.030188575185039243,0.038053629816281846,0.0030722703351396896,-0.0032262720560829266,0.006541482852394583
training/flip/0010_000000007,flip/0010,ENV-01,flip,-0.02967664452433259,0.037279814306679336,0.00309247894390403,-0.0032122153645317013,0.006425272057722939
training/flip/0010_000000010,flip/0010,ENV-01,flip,-0.028627123820872295,0.03741181137769699,0.003350772446506429,-0.003228887786248311,0.006384193890316052
training/flip/0010_000000011,flip/0010,ENV-01,flip,-0.027602885229964194,0.038398599022611175,0.003585005580453425,-0.0033152781216086147,0.006417939906375835
training/flip/0010_000000014,flip/0010,ENV-01,flip,-0.034657149597872444,0.04658833809759347,0.0035743223896325,-0.0032076112706287707,0.0067388964817192525
training/flip/0010_000000015,flip/0010,ENV-01,flip,-0.03677814755279103,0.04911575550307173,0.003548385842173424,-0.003216557714276118,0.006952913925613711
training/flip/0010_000000016,flip/0010,ENV-01,flip,-0.03873542138212271,0.051032976254065214,0.003515546975715208,-0.0032388275981962635,0.00708872531328677
training/flip/0010_000000017,flip/0010,ENV-01,flip,-0.041195148111215364,0.05299954955570133,0.0035462567078722042,-0.003293545215685324,0.007270244433685397
training/flip/0010_000000018,flip/0010,ENV-01,flip,-0.04306104646401544,0.05500680797623848,0.0035615632006929924,-0.0033481886538302696,0.00744404785871408
training/flip/0010_000000019,flip/0010,ENV-01,flip,-0.04561413098555791,0.057419659718110784,0.0035751169188151573,-0.003371099268783881,0.00765853692129565
training/flip/0010_000000020,flip/0010,ENV-01,flip,-0.048378994437775776,0.06024747002867919,0.0034589365418971575,-0.003319976586658939,0.007796017741958963
training/flip/0010_000000022,flip/0010,ENV-01,flip,-0.05355858470626357,0.06379627647142071,0.0029147585298290512,-0.0031737971710113625,0.00788994479917844
training/flip/0010_000000023,flip/0010,ENV-01,flip,-0.0556750212707338,0.06474533477368101,0.002692181866771992,-0.00308937895680958,0.007741821406674791
training/flip/0010_000000024,flip/0010,ENV-01,flip,-0.057381435239321404,0.06478651537936489,0.0024626201328728785,-0.0029053720528134006,0.007304680109244462
training/flip/0011_000000005,flip/0011,ENV-02,flip,-0.044834190180874235,0.06288194990797194,0.002673813833202414,-0.0040637325446680255,0.009624851467195073
training/flip/0011_000000007,flip/0011,ENV-02,flip,-0.0450086224241313,0.06318710070209695,0.0027061899001869496,-0.004056815626336829,0.009530879357889514
training/flip/0011_000000008,flip/0011,ENV-02,flip,-0.045575705839853084,0.0643263644035333,0.002737854286894998,-0.0041142719658032725,0.009647671073419992
training/flip/0011_000000009,flip/0011,ENV-02,flip,-0.04604467586556895,0.06582077187400408,0.002792747310563813,-0.004174305923086072,0.009776137035336429
training/flip/0011_000000010,flip/0011,ENV-02,flip,-0.04757530804755852,0.06743455408728379,0.002801071524171279,-0.0041553907793768635,0.009639553151550283
training/flip/0011_000000011,flip/0011,ENV-02,flip,-0.04770803777116413,0.06752498899739698,0.0027326655972761244,-0.004034252325561601,0.00944415425065121
training/flip/0011_000000012,flip/0011,ENV-02,flip,-0.049019754375598766,0.06985025886029105,0.002735087484250155,-0.004076040885007328,0.009659144500401501
training/flip/0011_000000013,flip/0011,ENV-02,flip,-0.049861050902090726,0.07128835726727797,0.0027786079756140923,-0.004134297418874763,0.009808262069670308
training/flip/0011_000000015,flip/0011,ENV-02,flip,-0.051128361978901395,0.07254244185361011,0.00284126015354002,-0.004198979271444558,0.010073654095504798
training/flip/0011_000000016,flip/0011,ENV-02,flip,-0.05264404434120098,0.07459819511589057,0.0029008185540318177,-0.004290064406339238,0.01028244175050643
training/flip/0011_000000017,flip/0011,ENV-02,flip,-0.05384044753391475,0.07712378341519079,0.0029008467169798365,-0.004370818809263412,0.010580935049556437
training/flip/0011_000000018,flip/0011,ENV-02,flip,-0.0545894812369426,0.07907549673382865,0.0029003848867997337,-0.004443654709587752,0.01086440993667979
training/flip/0011_000000019,flip/0011,ENV-02,flip,-0.0550955358427145,0.08123691148864334,0.002895063708900355,-0.0045279088860973125,0.011195578134117583
training/flip/0011_000000020,flip/0011,ENV-02,flip,-0.05531793001837327,0.08322187993468316,0.0029390956049175246,-0.004714444631510393,0.01181492483564013
training/flip/0011_000000021,flip/0011,ENV-02,flip,-0.05692758333924329,0.08681873169410387,0.0031162870864455522,-0.0049665422388863005,0.012395445897156908
training/flip/0011_000000022,flip/0011,ENV-02,flip,-0.05766106509799077,0.08720138841549092,0.0031680881980270894,-0.004974040090722986,0.012391106815809346
training/flip/0011_000000024,flip/0011,ENV-02,flip,-0.05540909549943986,0.08576516118546126,0.0031497137349194727,-0.0052349775840806806,0.013151106070451907
training/flip/0012_000000009,flip/0012,ENV-02,flip,-0.04510905794089996,0.06420624843681513,0.0029036119572129894,-0.0037837261502599324,0.009330207679124796
training/flip/0012_000000010,flip/0012,ENV-02,flip,-0.04527423304744012,0.06547315524835584,0.0030008432421990082,-0.003957148736790873,0.00957475788304966
training/flip/0012_000000011,flip/0012,ENV-02,flip,-0.046383700697233014,0.06670105028801535,0.0030789830426626885,-0.0039782718577728235,0.009465930278061136
training/flip/0012_000000012,flip/0012,ENV-02,flip,-0.0475986843093727,0.065288879640451,0.0031405820063345365,-0.003935036640039701,0.009079373575491378
training/flip/0012_000000013,flip/0012,ENV-02,flip,-0.04767024890656165,0.06495285935099283,0.0031148849392630667,-0.003838481633224009,0.008773470757505205
training/flip/0012_000000014,flip/0012,ENV-02,flip,-0.04827897746725263,0.06576460689686099,0.0031172514953881634,-0.00384445039668106,0.008830186585429405
training/flip/0012_000000015,flip/0012,ENV-02,flip,-0.05007471122703099,0.06968267428703208,0.0031486041602767608,-0.00395677477389089,0.009252055424920816
training/flip/0012_000000017,flip/0012,ENV-02,flip,-0.05207421313223382,0.07542466159821158,0.0031488278652512837,-0.0041270053288131395,0.010124074552361573
training/flip/0012_000000018,flip/0012,ENV-02,flip,-0.05315342740089981,0.07730589104043471,0.003120337979721204,-0.0041255482960631095,0.01020643251408526
training/flip/0012_000000019,flip/0012,ENV-02,flip,-0.054615592805785804,0.07898697312598317,0.003112482024283824,-0.004142098347310323,0.010304180393338832
training/flip/0012_000000020,flip/0012,ENV-02,flip,-0.0555228444191452,0.08116080556992565,0.0031024697424277495,-0.004239679496380328,0.01079742450056557
training/flip/0012_000000021,flip/0012,ENV-02,flip,-0.05638028541766346,0.08181446012382625,0.0031261005261000977,-0.004253398368678449,0.010824122215024287
training/flip/0012_000000023,flip/0012,ENV-02,flip,-0.057302811079584084,0.082019961777553,0.0032311829366653303,-0.004303891588635586,0.010838635959873904
training/flip/0012_000000024,flip/0012,ENV-02,flip,-0.05662378666580656,0.08058034006788684,0.0032729453106158696,-0.004316907188842332,0.010811641967559918
training/flip/0013_000000004,flip/0013,ENV-02,flip,-0.04232761052246012,0.060453210488796795,0.002974664229183184,-0.0037930786803417158,0.008969951510236975
training/flip/0013_000000005,flip/0013,ENV-02,flip,-0.04187883535305366,0.060726055179898396,0.0030564886805745737,-0.0038830845636256884,0.009102161877821533
training/flip/0013_000000006,flip/0013,ENV-02,flip,-0.04206698365394388,0.061332398953477404,0.0031414723079714667,-0.003983128532740056,0.00918916195528685
training/flip/0013_000000007,flip/0013,ENV-02,flip,-0.04239049905637975,0.060529274336734704,0.003165800582623273,-0.003970319949646061,0.00899352333046647
training/flip/0013_000000009,flip/0013,ENV-02,flip,-0.04316122400109553,0.06075131892623616,0.0031705342224250684,-0.0038811085673446603,0.008720065593562363
training/flip/0013_000000010,flip/0013,ENV-02,flip,-0.04355749019132291,0.06224749555810402,0.003113981572848684,-0.003806156504671504,0.00860216663807699
training/flip/0013_000000012,flip/0013,ENV-02,flip,-0.04519523058628929,0.06789351249026492,0.0030604027307823693,-0.0038909568267067093,0.009127282099067782
training/flip/0013_000000014,flip/0013,ENV-02,flip,-0.047572412173972706,0.07150825345040604,0.003087511115762301,-0.004044749417674777,0.009676887177431245
training/flip/0013_000000016,flip/0013,ENV-02,flip,-0.05010732821805403,0.07468239965968193,0.0031223572135401297,-0.004135408095954784,0.00993496146627504
training/flip/0013_000000017,flip/0013,ENV-02,flip,-0.05118109705147941,0.07700412840317011,0.003114248490684133,-0.004202443001442032,0.010409127969392442
training/flip/0013_000000018,flip/0013,ENV-02,flip,-0.051895636496895534,0.07797085935106973,0.003106126379857569,-0.00421696672629001,0.010598593572847934
training/flip/0013_000000019,flip/0013,ENV-02,flip,-0.05207387321819809,0.07806968482828568,0.0030878076183521743,-0.004206178982025584,0.010566705609955544
training/flip/0013_000000020,flip/0013,ENV-02,flip,-0.05298006515419379,0.07948420888607942,0.003121126817751522,-0.004236826283104136,0.01066656284531886
training/flip/0013_000000021,flip/0013,ENV-02,flip,-0.05371198819967025,0.08042863271503131,0.0031735072139770872,-0.004266202874807781,0.010716626392463593
training/flip/0013_000000023,flip/0013,ENV-02,flip,-0.053689471216599144,0.0794611513022421,0.0032616955680027475,-0.004323138919299103,0.01073346767052194
training/flip/0013_000000024,flip/0013,ENV-02,flip,-0.051935873279155165,0.07773741248596841,0.0031215567801209606,-0.00425267205005891,0.010749690085658058
training/flip/0014_000000001,flip/0014,ENV-02,flip,-0.042721547981645916,0.05521047103962319,0.0032880791128609478,-0.0038123397998339804,0.007895180588905888
training/flip/0014_000000002,flip/0014,ENV-02,flip,-0.04271418792435775,0.05520698427177342,0.003286254965749861,-0.0038114554430836076,0.007898243871070723
training/flip/0014_000000005,flip/0014,ENV-02,flip,-0.042580364676453486,0.05539810708144719,0.0032746541703815414,-0.0038283872902242773,0.007957769905432698
training/flip/0014_000000007,flip/0014,ENV-02,flip,-0.04347043246922268,0.05627595560395613,0.0033718214054216087,-0.003947756296854035,0.008163448416397559
training/flip/0014_000000008,flip/0014,ENV-02,flip,-0.0436616508315843,0.056519377985906595,0.003400018179271138,-0.003985584324157826,0.008227362894552928
training/flip/0014_000000011,flip/0014,ENV-02,flip,-0.044291744444446016,0.05808292282466158,0.0034836927251585244,-0.004080517221416602,0.008431817643032899
training/flip/0014_000000015,flip/0014,ENV-02,flip,-0.047289170702871954,0.06393609724834348,0.0034918374264799237,-0.00409082021669808,0.008750068419396859
training/flip/0014_000000017,flip/0014,ENV-02,flip,-0.04994737596187993,0.06789575634623801,0.003419108805450998,-0.003989329603830762,0.008685136464680235
training/flip/0014_000000018,flip/0014,ENV-02,flip,-0.05134345109854215,0.0703866960755512,0.0034546986997303917,-0.004108870113390669,0.00916220941060492
training/flip/0015_000000001,flip/0015,ENV-02,flip,-0.04606259162612888,0.06825095325091046,0.0033125914042043494,-0.004712139951297101,0.010588448797128926
training/flip/0015_000000002,flip/0015,ENV-02,flip,-0.04602741186489221,0.06845533893465129,0.003317825641713734,-0.004714616156122976,0.01060403501617867
training/flip/0015_000000003,flip/0015,ENV-02,flip,-0.04592999914771694,0.06869900851282987,0.00331030054272388,-0.004726800884855781,0.010653072139441045
training/flip/0015_000000004,flip/0015,ENV-02,flip,-0.0458462056941963,0.06868101486471008,0.003300851487656887,-0.0047353906162346405,0.010680734637523063
training/flip/0015_000000005,flip/0015,ENV-02,flip,-0.045371732239406166,0.06841630612738063,0.0032770786388368516,-0.004690187648615474,0.01062211830515899
training/flip/0015_000000006,flip/0015,ENV-02,flip,-0.04529724112064381,0.06807486040963928,0.0032829027994925593,-0.0046741625200347695,0.010576821631829861
training/flip/0015_000000007,flip/0015,ENV-02,flip,-0.04545746487464091,0.06824233153770339,0.0032952278109972823,-0.00466962537486567,0.010586419517511554
training/flip/0015_000000008,flip/0015,ENV-02,flip,-0.04594029676810888,0.06846375369853205,0.0033444871480101308,-0.004711574604953933,0.010668083027037452
training/flip/0015_000000009,flip/0015,ENV-02,flip,-0.046090729057860394,0.06853940911945072,0.003365801270991033,-0.004739238402647583,0.010716988553899761
training/flip/0015_000000010,flip/0015,ENV-02,flip,-0.04614630004954468,0.06849763976603604,0.003384748505883288,-0.004745310071009347,0.010759570271022822
training/flip/0015_000000012,flip/0015,ENV-02,flip,-0.04763322562247917,0.06944005830222122,0.00347013673815492,-0.0047818953871611595,0.010616979994572324
training/flip/0015_000000013,flip/0015,ENV-02,flip,-0.04899899165440177,0.07066567872316946,0.0034642328233512767,-0.00472201661520961,0.01050536678929258
training/flip/0015_000000014,flip/0015,ENV-02,flip,-0.049764173234787566,0.07211929297958544,0.0034425322092140444,-0.004742713764547919,0.010590556394126566
training/flip/0015_000000015,flip/0015,ENV-02,flip,-0.050600606225021966,0.07384703909841248,0.003493121825521526,-0.0048395176737605445,0.010867067725766595
training/flip/0015_000000016,flip/0015,ENV-02,flip,-0.050943063424829536,0.07465639760763933,0.003507806581676536,-0.00488383724762807,0.011053100453684715
training/flip/0015_000000017,flip/0015,ENV-02,flip,-0.05178331595912278,0.07639058639215485,0.0034880028027987407,-0.004928333384523761,0.011251998279103432
training/flip/0015_000000018,flip/0015,ENV-02,flip,-0.05271356130201582,0.07831298817181603,0.0034423613156554568,-0.004945084925533967,0.011411680539565785
training/flip/0015_000000020,flip/0015,ENV-02,flip,-0.05538481290338849,0.083509670695811,0.003475099578344117,-0.005131747800812113,0.01227921512978921
training/flip/0015_000000022,flip/0015,ENV-02,flip,-0.05825761350891524,0.08727483439092822,0.0036943479346471164,-0.005353022788124695,0.012766905811150446
training/flip/0015_000000024,flip/0015,ENV-02,flip,-0.05792915057203574,0.08855130938662528,0.0036587060742875105,-0.0055084570195730155,0.013407529034893092
training/flip/0016_000000002,flip/0016,ENV-02,flip,-0.0480146094805026,0.07191434651423893,0.003886769537502413,-0.005035358851657845,0.010739678325107593
training/flip/0016_000000003,flip/0016,ENV-02,flip,-0.04780008461403447,0.07164488596746726,0.0038731482524017448,-0.005010448703549162,0.010669083185996586
training/flip/0016_000000005,flip/0016,ENV-02,flip,-0.04767349243357494,0.07094108377382664,0.003827352382929392,-0.004903046801886517,0.01039147848365155
training/flip/0016_000000007,flip/0016,ENV-02,flip,-0.04745511685910198,0.07028463479606153,0.003838009560197954,-0.004917027798978909,0.010411957705891248
training/flip/0016_000000009,flip/0016,ENV-02,flip,-0.04747592642941053,0.07090515946216462,0.003821293812449087,-0.004941854536684397,0.010467150264714776
training/flip/0016_000000010,flip/0016,ENV-02,flip,-0.04844540264016675,0.0725345037297749,0.0038498216866565786,-0.005012036844335345,0.010644106056208911
training/flip/0016_000000011,flip/0016,ENV-02,flip,-0.04922390113201317,0.07386420981289983,0.0038490791187161385,-0.005017190972934909,0.010630891309041506
training/flip/0016_000000012,flip/0016,ENV-02,flip,-0.049235101474927205,0.07383946112963252,0.0038492395458876285,-0.0050162941615967465,0.010625666328068883
training/flip/0016_000000014,flip/0016,ENV-02,flip,-0.05164186342632945,0.07831547922401678,0.0037494956226916424,-0.00503421202816724,0.011010386277576641
training/flip/0016_000000015,flip/0016,ENV-02,flip,-0.05163123228979758,0.07830794332601763,0.0037464444928679464,-0.005031187029784127,0.01101054317206555
training/flip/0016_000000016,flip/0016,ENV-02,flip,-0.05340471220578554,0.08283040184627084,0.0037529659713717903,-0.0051778482541439096,0.011561806113870254
training/flip/0016_000000017,flip/0016,ENV-02,flip,-0.05340139107848248,0.08283431515832543,0.0037528318350863927,-0.005175987349846212,0.011561261934025022
training/flip/0016_000000018,flip/0016,ENV-02,flip,-0.05404853136993376,0.08602047962750627,0.0037211619404421766,-0.005217959850453735,0.011867053779470841
training/flip/0016_000000019,flip/0016,ENV-02,flip,-0.05615720821498454,0.09091156961419038,0.003668218084387661,-0.005392178403749323,0.012890199511424711
training/flip/0016_000000020,flip/0016,ENV-02,flip,-0.056165964974300035,0.09089456389984044,0.0036685179777442884,-0.005393677707712416,0.012888565219399907
training/flip/0016_000000021,flip/0016,ENV-02,flip,-0.05682979128873666,0.09186086258871887,0.003656520802745637,-0.005397684835129246,0.013062123724425195
training/flip/0016_000000022,flip/0016,ENV-02,flip,-0.0576373251880107,0.09302686068990164,0.003696511191736113,-0.005519431273260308,0.013358626846409705
training/flip/0016_000000023,flip/0016,ENV-02,flip,-0.05853381079305785,0.0949860020545693,0.003775850155005313,-0.005650660337339105,0.013719720087761756
training/flip/0016_000000024,flip/0016,ENV-02,flip,-0.05811557804522016,0.09374369351717987,0.003775070711714364,-0.0056419326864091705,0.013598561660025524
training/flip/0017_000000004,flip/0017,ENV-02,flip,-0.04089941010405964,0.07065783568416033,0.002703129747250158,-0.004984704766508339,0.012054118657103388
training/flip/0017_000000005,flip/0017,ENV-02,flip,-0.04089223052936087,0.070612187064409,0.002678475884510829,-0.004976551666625125,0.01205891438425245
training/flip/0017_000000006,flip/0017,ENV-02,flip,-0.04077580254219868,0.07070742594686742,0.0026582836531987095,-0.004980584946795819,0.012049135438626382
training/flip/0017_000000007,flip/0017,ENV-02,flip,-0.040655422718993896,0.07047659148263294,0.0026559108070130927,-0.004989553610136864,0.012060368397508589
training/flip/0017_000000008,flip/0017,ENV-02,flip,-0.040815463410604824,0.07079869996232735,0.0026633356178404157,-0.00502335479178788,0.012211513020940867
training/flip/0017_000000009,flip/0017,ENV-02,flip,-0.041119003239465386,0.07171227922227481,0.0026661320138449997,-0.005062065995828161,0.012340635462729137
training/flip/0017_000000010,flip/0017,ENV-02,flip,-0.04127813481065774,0.07253763326077356,0.0026509446290450987,-0.0050836353534207904,0.012483662089939123
training/flip/0017_000000011,flip/0017,ENV-02,flip,-0.04159450603320781,0.07275457087104294,0.002660002238524926,-0.005067703732425773,0.012483432811269162
training/flip/0017_000000012,flip/0017,ENV-02,flip,-0.041994452561654745,0.07249974402483908,0.00264751160275656,-0.0049971609945836095,0.012342143902300836
training/flip/0017_000000013,flip/0017,ENV-02,flip,-0.04292689000954703,0.07494301573697948,0.0026923469932616712,-0.005115219619059938,0.012676205958902748
training/flip/0017_000000014,flip/0017,ENV-02,flip,-0.04378086159403791,0.07597830102024894,0.00275519440610864,-0.0052206119222321405,0.01287120635629191
training/flip/0017_000000016,flip/0017,ENV-02,flip,-0.04675178632152558,0.0802248602189813,0.0028295432854617236,-0.005371284704975902,0.01327806837313843
training/flip/0017_000000018,flip/0017,ENV-02,flip,-0.04959805371620846,0.08419942027632764,0.0027809746297196656,-0.0053325307044602,0.013390887657242756
training/flip/0018_000000001,flip/0018,ENV-02,flip,-0.04750981505390736,0.07524983027236977,0.0027310816944887684,-0.00469257327301209,0.011229869544216597
training/flip/0018_000000002,flip/0018,ENV-02,flip,-0.047420926707945385,0.07517278833960186,0.0027364339891438744,-0.004707624819866301,0.01129225538280821
training/flip/0018_000000005,flip/0018,ENV-02,flip,-0.04481368760639408,0.07061746329949452,0.002631276427899177,-0.004539772078902766,0.011008550152987226
training/flip/0018_000000006,flip/0018,ENV-02,flip,-0.04441866539421935,0.06923715701176754,0.0026211903989183326,-0.00446006545948284,0.010774704731363152
training/flip/0018_000000007,flip/0018,ENV-02,flip,-0.044110937832689635,0.06871639018917557,0.002617585463740942,-0.0044355626600140335,0.010771413513342248
training/flip/0018_000000008,flip/0018,ENV-02,flip,-0.04362924765412599,0.06785161777565422,0.002606879808377892,-0.004405800625070587,0.010736668812453526
training/flip/0018_000000009,flip/0018,ENV-02,flip,-0.04341386856531712,0.06743117395548492,0.0026157169466853956,-0.004385153010256979,0.010666923739459794
training/flip/0018_000000010,flip/0018,ENV-02,flip,-0.04332805936171151,0.06703010932254994,0.002611967189205822,-0.004365750486805456,0.010614148606648471
training/flip/0018_000000011,flip/0018,ENV-02,flip,-0.04332958474400682,0.0674867132209754,0.002639327758395753,-0.004374008886601281,0.010609401558659807
training/flip/0018_000000013,flip/0018,ENV-02,flip,-0.04443083811417053,0.06856013821938796,0.002639417108106223,-0.004310724549036881,0.010400009823407818
training/flip/0018_000000014,flip/0018,ENV-02,flip,-0.04539630903549284,0.06958502679164545,0.0026641983155278326,-0.004333732707045261,0.010427087941669418
training/flip/0018_000000015,flip/0018,ENV-02,flip,-0.04591354231388513,0.07049242480837911,0.002670910396205196,-0.004349200093963664,0.010452992827136912
training/flip/0018_000000016,flip/0018,ENV-02,flip,-0.04641805378835953,0.07123181730087438,0.0026954422807522684,-0.004366094400627584,0.01049016198057981
training/flip/0018_000000017,flip/0018,ENV-02,flip,-0.046683142467164124,0.0719244177238738,0.00268085976887348,-0.004373971177947971,0.010566948969155571
training/flip/0018_000000018,flip/0018,ENV-02,flip,-0.04700095187487515,0.07205150661833203,0.0026869720706488745,-0.004373254325227692,0.010589895192707616
training/flip/0019_000000012,flip/0019,ENV-02,flip,-0.04235531702492207,0.06561557541581689,0.0029848867394815268,-0.0044099788807126705,0.010038177699533165
training/flip/0019_000000013,flip/0019,ENV-02,flip,-0.04232547197404405,0.06542397329107631,0.002993001683801068,-0.004405733488726081,0.010019962362087485
training/flip/0019_000000015,flip/0019,ENV-02,flip,-0.04265073255746901,0.0663648512585398,0.0030265654247657687,-0.004453699920475792,0.010213684665261482
training/flip/0019_000000016,flip/0019,ENV-02,flip,-0.04316356439281972,0.06741665819901038,0.0030587498702903376,-0.004474947010192109,0.010217808374746283
training/flip/0019_000000017,flip/0019,ENV-02,flip,-0.04364386251299061,0.06809946719521984,0.0031122646042844155,-0.004512561484281568,0.010232544199956551
training/flip/0019_000000018,flip/0019,ENV-02,flip,-0.04428069940530411,0.06872914444454056,0.0031935649156470025,-0.004575268953548921,0.010241240408273324
training/flip/0019_000000019,flip/0019,ENV-02,flip,-0.04531674954460144,0.06976753445407173,0.0031988171951718666,-0.004553320033203444,0.010184898117015605
training/flip/0019_000000020,flip/0019,ENV-02,flip,-0.04618529027395554,0.07043486030905907,0.0031289547304257388,-0.004478460522228825,0.0100297386412244
training/flip/0019_000000021,flip/0019,ENV-02,flip,-0.04731656587544712,0.0722365066704693,0.0031475192642649065,-0.004514770605297573,0.01014972202223082
training/flip/0019_000000022,flip/0019,ENV-02,flip,-0.04787794948795645,0.07403604268375642,0.003146571504235806,-0.004542983648512148,0.010363880568450272
training/flip/0019_000000023,flip/0019,ENV-02,flip,-0.04828439132577967,0.07452743182140573,0.003158512822215936,-0.004565436330821829,0.010473275704846694
training/flip/0019_000000024,flip/0019,ENV-02,flip,-0.049317279046877584,0.0777813038603228,0.0031857024386829397,-0.004682915693757759,0.010915631429987789
training/flip/0019_000000026,flip/0019,ENV-02,flip,-0.051774183065423626,0.08411027095682874,0.0031568884696947692,-0.004859169504869382,0.011998689334586012
training/flip/0020_000000004,flip/0020,ENV-02,flip,-0.045459372686025144,0.06376550352001585,0.0033328042777769754,-0.0043166218389497635,0.009299593441082672
training/flip/0020_000000005,flip/0020,ENV-02,flip,-0.045702068934351414,0.06414767971041768,0.0033198990244857336,-0.004310028970355981,0.009330376749889215
training/flip/0020_000000006,flip/0020,ENV-02,flip,-0.04523058288434115,0.06408007743922196,0.0032841561945743092,-0.004285449245299666,0.009351267433859606
training/flip/0020_000000007,flip/0020,ENV-02,flip,-0.045124626808647976,0.06416784085483,0.003264869867962215,-0.004278892959581491,0.009417261993060975
training/flip/0020_000000008,flip/0020,ENV-02,flip,-0.04577821958484682,0.06561919009829138,0.0033140576588517844,-0.004308414635011116,0.009407063917860795
training/flip/0020_000000009,flip/0020,ENV-02,flip,-0.046034358329146145,0.0664895250957017,0.003348985520951729,-0.004362644989176951,0.009546172570898502
training/flip/0020_000000011,flip/0020,ENV-02,flip,-0.04666940236582457,0.0678885594463133,0.0034133269532979032,-0.004420876405212215,0.009638000721091706
training/flip/0020_000000013,flip/0020,ENV-02,flip,-0.04840855044821191,0.06999713998949293,0.0034744945688681616,-0.004474990515903249,0.009668708076346956
training/flip/0020_000000014,flip/0020,ENV-02,flip,-0.048804843984286236,0.07030107632423452,0.003447927734416114,-0.004441269064769728,0.009659423435603685
training/flip/0020_000000016,flip/0020,ENV-02,flip,-0.04936350931642623,0.0714751854528592,0.0034233890202245557,-0.004459748687581113,0.00983041096956863
training/flip/0020_000000017,flip/0020,ENV-02,flip,-0.049804923293433855,0.07255278056530994,0.0034401739832164344,-0.004507342063717514,0.009997375713310934
training/flip/0020_000000018,flip/0020,ENV-02,flip,-0.05072752387265571,0.07470974311299715,0.003413510811562949,-0.0045071698726221274,0.010192869063802314
training/flip/0021_000000010,flip/0021,ENV-02,flip,-0.04184714203250432,0.061980534088595794,0.0029179290302939727,-0.00408432666495636,0.00918343958117553
training/flip/0021_000000012,flip/0021,ENV-02,flip,-0.041909076351156524,0.06278666542856991,0.00291413128382844,-0.0041318598780742365,0.009320932454101972
training/flip/0021_000000013,flip/0021,ENV-02,flip,-0.042322719949931656,0.06453047614083884,0.0029294081596111933,-0.004206008279554639,0.009570724968533896
training/flip/0021_000000016,flip/0021,ENV-02,flip,-0.043374896193101364,0.06732449765738191,0.003014675456616536,-0.004367412162977717,0.010076860611259732
training/flip/0021_000000017,flip/0021,ENV-02,flip,-0.04425164428822897,0.0688825403433968,0.0030392400192517563,-0.00440194841078413,0.010228298909582647
training/flip/0021_000000018,flip/0021,ENV-02,flip,-0.04518075348857875,0.07033572039532193,0.0030778651310531618,-0.004459165770746462,0.01035194646611362
training/flip/0021_000000019,flip/0021,ENV-02,flip,-0.04638081700028826,0.0728527399954596,0.0031305006288466523,-0.004597668622363216,0.010745891351884628
training/flip/0021_000000020,flip/0021,ENV-02,flip,-0.04738335640373416,0.07655092032189031,0.0031013530473889043,-0.004669954314655432,0.011237604259665978
training/flip/0021_000000021,flip/0021,ENV-02,flip,-0.04921000428221518,0.07970605005241582,0.0030353682038004124,-0.004619370182077555,0.011340441469847992
training/flip/0021_000000022,flip/0021,ENV-02,flip,-0.051229264232520326,0.08191014391085648,0.0030406079038525296,-0.004690047978642473,0.011661255335893756
training/flip/0021_000000023,flip/0021,ENV-02,flip,-0.052576084029820384,0.08345598886739791,0.003065747329941149,-0.004742503234410221,0.011849246820111587
training/flip/0021_000000024,flip/0021,ENV-02,flip,-0.053686551402497736,0.08501343575335525,0.0031158863165847784,-0.004862776419566532,0.012233811477403954
training/flip/0021_000000025,flip/0021,ENV-02,flip,-0.05473102137963872,0.08767974679791062,0.003154612246813459,-0.0049510973233774635,0.012567156404212819
training/flip/0022_000000007,flip/0022,ENV-02,flip,-0.04460005689752277,0.0661489905872736,0.00276639214458283,-0.003858239774432286,0.009676354322162245
training/flip/0022_000000008,flip/0022,ENV-02,flip,-0.04551491282333832,0.06811262829690971,0.0028668945988536377,-0.004061114807460692,0.010036737905402757
training/flip/0022_000000009,flip/0022,ENV-02,flip,-0.047918745776562355,0.07071471951231303,0.0029754828816350035,-0.004174696247166747,0.010075603161262743
training/flip/0022_000000011,flip/0022,ENV-02,flip,-0.047838096269895325,0.06798213106134401,0.0029358937435267625,-0.003925943496396082,0.009268635635907092
training/flip/0022_000000012,flip/0022,ENV-02,flip,-0.049184437772855145,0.07081437339479313,0.002941056342557592,-0.003993895827028891,0.009545051843724412
training/flip/0022_000000013,flip/0022,ENV-02,flip,-0.05084139734495341,0.07511056918272627,0.0029409791700007867,-0.004076685706711089,0.00991800089114877
training/flip/0022_000000014,flip/0022,ENV-02,flip,-0.05245370352254407,0.0787067268958749,0.002957843187703865,-0.004218598368223926,0.010485552003167815
training/flip/0022_000000015,flip/0022,ENV-02,flip,-0.05293023452012839,0.0797064657749485,0.0029826279264176035,-0.004277649823928064,0.010762277599784322
training/flip/0022_000000016,flip/0022,ENV-02,flip,-0.0532553142081963,0.07940306432274903,0.0029477119678707328,-0.00421857067685254,0.010663830934860806
training/flip/0022_000000017,flip/0022,ENV-02,flip,-0.05393790617147433,0.07922617444691012,0.0029348854717239385,-0.004201665278930107,0.01058954740638431
training/flip/0022_000000018,flip/0022,ENV-02,flip,-0.054845084415411,0.08155512294959114,0.0029251206809918474,-0.004331698836422553,0.011104492569166843
training/flip/0022_000000019,flip/0022,ENV-02,flip,-0.05557690880945521,0.08375692273462462,0.002930902693016519,-0.004464501646901695,0.011772491905457549
training/flip/0023_000000003,flip/0023,ENV-02,flip,-0.03712734328522361,0.04832857644135179,0.0015781227035997433,-0.0022540407733035836,0.006395596487665896
training/flip/0023_000000004,flip/0023,ENV-02,flip,-0.036326095319011605,0.04703661952035169,0.0015635854169734787,-0.0021888769378918056,0.006133873832663782
training/flip/0023_000000005,flip/0023,ENV-02,flip,-0.03535808556799032,0.04538913241142236,0.0015618725994554358,-0.002140148937111012,0.0059105984197976085
training/flip/0023_000000006,flip/0023,ENV-02,flip,-0.03462446594489808,0.043625354736923194,0.0015700048001204689,-0.002107651837373476,0.005722245211104775
training/flip/0023_000000016,flip/0023,ENV-02,flip,-0.035414735430726645,0.04179135412211578,0.0017048660173176247,-0.0021070600250803033,0.005516902493042485
training/flip/0023_000000017,flip/0023,ENV-02,flip,-0.03750330637086447,0.04495034877114039,0.0018293093290540892,-0.002218360548387902,0.005705954416435784
training/flip/0023_000000018,flip/0023,ENV-02,flip,-0.039098182202475386,0.04799799495528066,0.0018729628743140458,-0.0023295095941184498,0.006069187789022344
training/flip/0023_000000019,flip/0023,ENV-02,flip,-0.0420228452900845,0.05643987503412352,0.001867964070246701,-0.0025198069486927184,0.0071024370717127396
training/flip/0023_000000020,flip/0023,ENV-02,flip,-0.043880148585237276,0.061849673658178464,0.0017987385537830071,-0.002541400669946273,0.007664050357753595
training/flip/0023_000000021,flip/0023,ENV-02,flip,-0.04553805463321262,0.06575322845326265,0.0017667886284476841,-0.0026457161939011102,0.008145687330871247
training/flip/0023_000000022,flip/0023,ENV-02,flip,-0.04657027635394981,0.06847652886769427,0.0017316632484925191,-0.0027375778978667603,0.00859567030184688
training/flip/0024_000000016,flip/0024,ENV-02,flip,-0.03082301668435883,0.036155195249077426,0.0016040301025502198,-0.0018202448338717214,0.004437588249945238
training/flip/0024_000000018,flip/0024,ENV-02,flip,-0.035080149294371976,0.04436026997436959,0.0016114334639299919,-0.0019764269523384792,0.005274722273509243
training/flip/0024_000000020,flip/0024,ENV-02,flip,-0.03870516985844903,0.054214202999867595,0.0015031207183770394,-0.00212326862948274,0.006520087052647937
training/flip/0024_000000022,flip/0024,ENV-02,flip,-0.04239876070107991,0.05992313155448168,0.0015935291517039255,-0.0023342847649740314,0.0069576090688554726
training/flip/0024_000000023,flip/0024,ENV-02,flip,-0.043135172593116194,0.060825788583447664,0.0016575499610602456,-0.0024023037204573944,0.007179468318759938
training/flip/0024_000000024,flip/0024,ENV-02,flip,-0.041504328304768426,0.059322791621609555,0.0015935461682178502,-0.0024282726016306364,0.007362961141151308
training/flip/0025_000000004,flip/0025,ENV-02,flip,-0.029595388868591165,0.03358128489005133,0.001559892090787246,-0.0017337897261049213,0.0040821682682487224
training/flip/0025_000000005,flip/0025,ENV-02,flip,-0.03104884787179651,0.03569272563828508,0.0016275141309251284,-0.0018280587093136942,0.004242707972045967
training/flip/0025_000000006,flip/0025,ENV-02,flip,-0.03268442887358783,0.038956870850897336,0.0016925579796749307,-0.0019399723320679375,0.0045172548400288495
training/flip/0025_000000007,flip/0025,ENV-02,flip,-0.03426821415843988,0.04289487030643814,0.0016836105665043299,-0.0020183188654172104,0.004865127434360011
training/flip/0025_000000008,flip/0025,ENV-02,flip,-0.03535894866483195,0.046022824866766794,0.0016471506328714423,-0.0020633896508806715,0.005198965050610915
training/flip/0025_000000009,flip/0025,ENV-02,flip,-0.036034170458018294,0.04802260198404471,0.001612091036770625,-0.0020926400159015585,0.00549223864021038
training/flip/0025_000000010,flip/0025,ENV-02,flip,-0.03788973321581633,0.05148594212438153,0.0016163988722865293,-0.002134906193818916,0.0058408125432841
training/flip/0025_000000011,flip/0025,ENV-02,flip,-0.03943840911629013,0.054299245433088277,0.0016466277235578323,-0.002238722892415507,0.006233157787651485
training/flip/0026_000000008,flip/0026,ENV-02,flip,-0.032471762492787375,0.04027442589581858,0.001772492402563114,-0.0021402080878584456,0.005216157088826788
training/flip/0026_000000009,flip/0026,ENV-02,flip,-0.03264853027775027,0.041368995595106796,0.0017994247343234577,-0.0022141988240588196,0.005423706277866622
training/flip/0026_000000011,flip/0026,ENV-02,flip,-0.033765089892340276,0.04515776987378927,0.001839589135545052,-0.002404740373420568,0.006135030732144641
training/flip/0026_000000012,flip/0026,ENV-02,flip,-0.03475209117921715,0.04798846227594451,0.0018533995514692253,-0.002525375858588537,0.006607999116179484
training/flip/0026_000000013,flip/0026,ENV-02,flip,-0.036194651882126685,0.05173964351643513,0.0018888543742841245,-0.0026994585896216307,0.007236530848222357
training/flip/0026_000000014,flip/0026,ENV-02,flip,-0.03732236911819448,0.05388776378330217,0.0019154620400580681,-0.002798779044162842,0.007598997767610655
training/flip/0026_000000015,flip/0026,ENV-02,flip,-0.03799227353725705,0.055962505801390595,0.0019042798426186878,-0.0028574415794809164,0.007960403933565386
training/flip/0026_000000017,flip/0026,ENV-02,flip,-0.04004981860189199,0.05997393980273576,0.0018344603610166176,-0.0027633959835706014,0.008010653760902193
training/flip/0026_000000019,flip/0026,ENV-02,flip,-0.04116486026400159,0.060373306040730046,0.0017513768478480557,-0.002537491319116549,0.00718114407085763
training/flip/0027_000000011,flip/0027,ENV-02,flip,-0.03324132425868854,0.039466742192713795,0.0017701017970421533,-0.002057673932108732,0.005181890588313884
training/flip/0027_000000012,flip/0027,ENV-02,flip,-0.03593623631229898,0.044476260086482075,0.0018905736780172502,-0.0022203631089888444,0.005532189069673395
training/flip/0027_000000013,flip/0027,ENV-02,flip,-0.03744233359410271,0.04831246892598736,0.0019019309538214622,-0.00230524609288197,0.005967371427509425
training/flip/0027_000000014,flip/0027,ENV-02,flip,-0.03924159393620694,0.05283494811685572,0.001892739607872699,-0.0024067854053373477,0.006521179097571855
training/flip/0027_000000015,flip/0027,ENV-02,flip,-0.04069012057417436,0.05649763310766676,0.0018383523173465274,-0.002397189663135956,0.006789080924935802
training/flip/0027_000000017,flip/0027,ENV-02,flip,-0.04411771857079264,0.06441012854164972,0.0018207142954195152,-0.0025654832933996227,0.007987220538106504
training/flip/0028_000000001,flip/0028,ENV-02,flip,-0.03238466989183311,0.03973686675257076,0.001569112007070326,-0.002033481128393822,0.0053920065624013915
training/flip/0028_000000002,flip/0028,ENV-02,flip,-0.03222959912730323,0.0397043703583041,0.001570253209562475,-0.0020413654118145493,0.005417509147332821
training/flip/0028_000000003,flip/0028,ENV-02,flip,-0.03195709497717376,0.039685007099602036,0.0015735729809150387,-0.0020379660010453344,0.005444900784260025
training/flip/0028_000000004,flip/0028,ENV-02,flip,-0.03208589494779797,0.03979101573686441,0.0015798003445856646,-0.0020504655201824128,0.00544141995881339
training/flip/0028_000000005,flip/0028,ENV-02,flip,-0.03206535801042318,0.039893641324123805,0.0016003263085886995,-0.0020750760619268754,0.005510340210424573
training/flip/0028_000000006,flip/0028,ENV-02,flip,-0.03210576650396314,0.04000044930619877,0.001600954440814624,-0.002079980162847197,0.005539960064394877
training/flip/0028_000000007,flip/0028,ENV-02,flip,-0.03220951344799761,0.04013415425632169,0.0016085290226785876,-0.002085271279861509,0.005571310259854707
training/flip/0028_000000008,flip/0028,ENV-02,flip,-0.032133163843567604,0.040379755199423155,0.001606725525723851,-0.0021041951874924505,0.00561711922952226
training/flip/0028_000000009,flip/0028,ENV-02,flip,-0.031854013104773274,0.04099198985488209,0.0016010052763890039,-0.0021158495791494102,0.0057152192854935556
training/flip/0028_000000010,flip/0028,ENV-02,flip,-0.03199792924038973,0.04166504378026401,0.0016176435431091442,-0.002148191172913772,0.005825649268785436
training/flip/0028_000000011,flip/0028,ENV-02,flip,-0.03225335534160053,0.042299114386257636,0.001638257005522214,-0.002191278285796813,0.005953020477168548
training/flip/0028_000000012,flip/0028,ENV-02,flip,-0.03257943691958219,0.04310041026159765,0.0016628810150418755,-0.0022468054453548057,0.006107904495244267
training/flip/0028_000000013,flip/0028,ENV-02,flip,-0.03296070984634014,0.04388895820434919,0.0016967740618526745,-0.0023021050888275356,0.006260073968982829
training/flip/0028_000000014,flip/0028,ENV-02,flip,-0.03323087319197854,0.044652789928857045,0.0017438552359409598,-0.0023758663702970117,0.006409076117314724
training/flip/0028_000000016,flip/0028,ENV-02,flip,-0.03417196462007869,0.044168268177223226,0.0019252167052318458,-0.002439735958475825,0.006063464500933652
training/flip/0028_000000017,flip/0028,ENV-02,flip,-0.03518455119723662,0.04594075413832544,0.001855589354863313,-0.002392446592123404,0.0060916209457354
training/flip/0028_000000018,flip/0028,ENV-02,flip,-0.037712649457332534,0.051557810567176336,0.0018447707554078451,-0.0025281583518607237,0.006651530593204942
training/flip/0028_000000020,flip/0028,ENV-02,flip,-0.03933296518187212,0.056407869870925435,0.00183890754122648,-0.0026756735192734306,0.007422067421103846
training/flip/0028_000000021,flip/0028,ENV-02,flip,-0.03971529984983125,0.057865745800042855,0.00184351946758362,-0.0026960999629259325,0.007569976071277553
training/flip/0028_000000022,flip/0028,ENV-02,flip,-0.03977622392002822,0.05923603778312068,0.0017912226407129186,-0.0026482536008406482,0.007718163301243855
training/flip/0029_000000001,flip/0029,ENV-02,flip,-0.033626698030556665,0.04191140272694954,0.001530113539567103,-0.001944566831003059,0.005136074624212706
training/flip/0029_000000002,flip/0029,ENV-02,flip,-0.033677492063966155,0.041863102918531674,0.0015346280697903448,-0.0019525606151884658,0.005162381503970309
training/flip/0029_000000003,flip/0029,ENV-02,flip,-0.033754787421930096,0.041691166573012174,0.0015330711850569338,-0.0019434638115284383,0.005110278223310588
training/flip/0029_000000004,flip/0029,ENV-02,flip,-0.03353036500996904,0.04117194591236653,0.0015243130383923505,-0.0019174074681019306,0.005055479758251333
training/flip/0029_000000005,flip/0029,ENV-02,flip,-0.03361860603329943,0.0407737185036262,0.0015321117151532648,-0.0019119503288551264,0.0049795683087312526
training/flip/0029_000000006,flip/0029,ENV-02,flip,-0.033365447986307924,0.04039292627164493,0.0015274901118455236,-0.0018919372026599893,0.004943601678920092
training/flip/0029_000000007,flip/0029,ENV-02,flip,-0.03306269004228372,0.03974045614394092,0.0015353469599152995,-0.001894789808440355,0.004912845762004068
training/flip/0029_000000008,flip/0029,ENV-02,flip,-0.03288639817824817,0.039202216329524524,0.0015475121828436623,-0.001896558325504673,0.004901113840267259
training/flip/0029_000000009,flip/0029,ENV-02,flip,-0.03244098757992428,0.038446685194151446,0.0015698591121987304,-0.0019076617420130616,0.004862208039153549
training/flip/0029_000000018,flip/0029,ENV-02,flip,-0.03259044646071945,0.039219600924074796,0.001787524978928696,-0.0020932199674566377,0.005041304541300492
training/flip/0029_000000019,flip/0029,ENV-02,flip,-0.034001846209961314,0.041885814573559665,0.0018446970525503271,-0.00222109788790711,0.005349071743440826
training/flip/0029_000000020,flip/0029,ENV-02,flip,-0.034994500450939624,0.04479435238741838,0.001896529840665059,-0.0023456782432666324,0.005695651189473911
training/flip/0029_000000022,flip/0029,ENV-02,flip,-0.03823170283401448,0.051812547557004304,0.0019219735738297194,-0.002520971055957599,0.006456085235435386
training/flip/0029_000000023,flip/0029,ENV-02,flip,-0.03962511015113421,0.054956539231017155,0.00190477085808019,-0.002590406269973075,0.00685289314514037
training/flip/0030_000000001,flip/0030,ENV-02,flip,-0.04373401279239044,0.07316211185060939,0.0022294746827702873,-0.003959905500043685,0.01053774818906969
training/flip/0030_000000002,flip/0030,ENV-02,flip,-0.044314327470316876,0.073563529464681,0.002287100745907281,-0.0040167027502459995,0.010613189254659252
training/flip/0030_000000004,flip/0030,ENV-02,flip,-0.04568830148716429,0.07434843524519998,0.0023121290963631098,-0.003985300101299581,0.010483551799183219
training/flip/0030_000000005,flip/0030,ENV-02,flip,-0.04558673746405201,0.07383157565507008,0.002296753105184694,-0.0039712927235485826,0.01048878585849877
training/flip/0030_000000007,flip/0030,ENV-02,flip,-0.04526412148199859,0.07324992524046692,0.0023005210218166195,-0.00400823068274642,0.01057588733772233
training/flip/0030_000000008,flip/0030,ENV-02,flip,-0.04540000660675596,0.07317006128248545,0.0023167786190633386,-0.004028233535001966,0.010594513718377233
training/flip/0030_000000010,flip/0030,ENV-02,flip,-0.04613328817326615,0.07358456777268875,0.002324182141678149,-0.004088211609850308,0.010713635651548179
training/flip/0030_000000011,flip/0030,ENV-02,flip,-0.046127624590401886,0.07353530896936085,0.002324626852145576,-0.004106619318860058,0.010788691581119489
training/flip/0030_000000013,flip/0030,ENV-02,flip,-0.04646663817415116,0.07360154321066847,0.002311409295030325,-0.00409406693610439,0.010778409529036883
training/flip/0030_000000014,flip/0030,ENV-02,flip,-0.04629269423484611,0.07331283990271667,0.0023077313470480265,-0.004082769683991827,0.010756412645900755
training/flip/0030_000000015,flip/0030,ENV-02,flip,-0.04641796638484175,0.07330323742965912,0.0023053113654143862,-0.004090491614053136,0.010774501059420483
training/flip/0030_000000016,flip/0030,ENV-02,flip,-0.04627349507693821,0.07292022626803316,0.0022756609523813293,-0.0040665540406069935,0.01077536870427192
training/flip/0030_000000017,flip/0030,ENV-02,flip,-0.04617034014469004,0.07262957822005521,0.0022530875536565277,-0.00405266495915263,0.010753040892464897
training/flip/0030_000000018,flip/0030,ENV-02,flip,-0.04639598187184514,0.0730354976507279,0.0022486606583845044,-0.004060210814373799,0.010751404027499778
training/flip/0030_000000020,flip/0030,ENV-02,flip,-0.046782416456187526,0.07271147774717383,0.002190058657026481,-0.00398047006425686,0.010555474446126069
training/flip/0030_000000021,flip/0030,ENV-02,flip,-0.04713434347116648,0.0728524739524964,0.0021821775370684513,-0.003963066291267588,0.010513574742257595
training/flip/0030_000000022,flip/0030,ENV-02,flip,-0.047055159908275,0.07229830001269186,0.002156507641509873,-0.003913757168358206,0.01034694753884808
training/flip/0030_000000023,flip/0030,ENV-02,flip,-0.04685779977190056,0.07198307983281069,0.0021591464266499274,-0.0039046387890234215,0.01032195962592158
training/flip/0030_000000024,flip/0030,ENV-02,flip,-0.0468328156774834,0.07161430549595893,0.002160838499092661,-0.003887984641437019,0.010268232702622681
training/flip/0030_000000025,flip/0030,ENV-02,flip,-0.04650878483163226,0.07097535018063247,0.0021657100118007387,-0.0038688019511409393,0.010153843046585082
training/flip/0030_000000026,flip/0030,ENV-02,flip,-0.046140061997512506,0.07001455291494373,0.002155458800612128,-0.0038103243526916263,0.009931425749621834
training/flip/0030_000000028,flip/0030,ENV-02,flip,-0.0457877676194587,0.06849756985072308,0.0021264317793838494,-0.003716891467884975,0.00964278809182732
training/flip/0030_000000029,flip/0030,ENV-02,flip,-0.0450479684541272,0.06743901079330941,0.0020736111269548585,-0.0036594526621387775,0.009507869924987167
training/flip/0030_000000030,flip/0030,ENV-02,flip,-0.04390361059949823,0.0655311875115169,0.0020091149853940005,-0.0035842660475902794,0.009334958772545563
training/flip/0031_000000014,flip/0031,ENV-02,flip,-0.03165032617135445,0.035192528751900105,0.0013972827199253135,-0.0016508354607021175,0.004242181714099762
training/flip/0031_000000015,flip/0031,ENV-02,flip,-0.03175796891824337,0.03548640019978392,0.0014588523456219706,-0.00169725435792993,0.004320513199476227
training/flip/0031_000000016,flip/0031,ENV-02,flip,-0.03172958186536624,0.03608038732334333,0.0015110788985383489,-0.0017491646502287349,0.004412886536683313
training/flip/0031_000000017,flip/0031,ENV-02,flip,-0.03143303679455653,0.03587838982510063,0.0015891505442282004,-0.0018237049142789657,0.004479089444111548
training/flip/0031_000000019,flip/0031,ENV-02,flip,-0.03173151929281804,0.03639971487586933,0.0015702345712722081,-0.0017793882864234232,0.004334186884026848
training/flip/0031_000000021,flip/0031,ENV-02,flip,-0.03367093979267506,0.03968703391412632,0.0017640151769028176,-0.0020837743223826345,0.0049862175445994205
training/flip/0031_000000022,flip/0031,ENV-02,flip,-0.035080808793644544,0.04256540515512896,0.0017854527090432365,-0.0021747195719049703,0.005278204338651472
training/flip/0031_000000023,flip/0031,ENV-02,flip,-0.03613176520566046,0.04549522300159049,0.0017450921366921083,-0.002211555687446385,0.005578205020283908
training/flip/0031_000000024,flip/0031,ENV-02,flip,-0.03808707890532788,0.05025696285020811,0.0017486472322204008,-0.0023036571061858723,0.006118695914273347
training/flip/0031_000000025,flip/0031,ENV-02,flip,-0.040569264314082656,0.05573296385850606,0.0017727369217520478,-0.0024058041013310717,0.00665700713981261
training/flip/0032_000000011,flip/0032,ENV-02,flip,-0.03600248250344549,0.04208613264518952,0.0017246718577530627,-0.0019978172311583154,0.00482502389207168
training/flip/0032_000000012,flip/0032,ENV-02,flip,-0.038456956559720326,0.04739415962153759,0.0017094190038938054,-0.002096622631008134,0.005408633401452253
training/flip/0032_000000013,flip/0032,ENV-02,flip,-0.04096601818911139,0.05422889494293083,0.0016502785009530794,-0.00217675803144878,0.006144929372183809
training/flip/0032_000000014,flip/0032,ENV-02,flip,-0.0426190562635783,0.05818074285888158,0.0015699426063663126,-0.0022129266484084845,0.006565147259046098
training/flip/0032_000000015,flip/0032,ENV-02,flip,-0.04393791880216068,0.06114871695697749,0.0015846685873767135,-0.002339965071704389,0.007078566119777852
training/flip/0032_000000016,flip/0032,ENV-02,flip,-0.04534586791829672,0.06294292724729751,0.0016035574056557525,-0.0023758593451659402,0.007183033311735593
training/flip/0033_000000017,flip/0033,ENV-02,flip,-0.032774690600213194,0.03916057391799997,0.0016196237956774189,-0.001857304020477842,0.004565867573919071
training/flip/0033_000000018,flip/0033,ENV-02,flip,-0.03534904864273454,0.04457660388111075,0.0016464041940027828,-0.002002320497345132,0.00526485861867896
training/flip/0033_000000019,flip/0033,ENV-02,flip,-0.038478263927633836,0.051530533989376875,0.0015993725229061246,-0.002072057727496516,0.0059361327451057004
training/flip/0033_000000020,flip/0033,ENV-02,flip,-0.04076368864161581,0.055775629830211934,0.0015426691985767928,-0.002136353686788789,0.006404243820115062
training/flip/0033_000000022,flip/0033,ENV-02,flip,-0.042539928940258875,0.05952272753005983,0.0015169014855612945,-0.002211098244513941,0.006929608402267425
training/flip/0033_000000023,flip/0033,ENV-02,flip,-0.04291809754584319,0.06042862169881059,0.0015185536891679017,-0.0022665086112948745,0.007109497337744054
training/flip/0049_000000018,flip/0049,ENV-04,flip,-0.026490934783659402,0.03236588779013932,0.002072718885227761,-0.00197685677653425,0.004068246397088591
training/flip/0049_000000020,flip/0049,ENV-04,flip,-0.02999685242079186,0.03762598216545218,0.0021272419059094874,-0.0021749898922136493,0.004574398448047906
training/flip/0049_000000021,flip/0049,ENV-04,flip,-0.030243928029098824,0.03752210235827454,0.002147192669531178,-0.002179168338847128,0.004517026194521267
training/flip/0049_000000022,flip/0049,ENV-04,flip,-0.031379182296520196,0.03848007686919917,0.002090210545281145,-0.002097159656443696,0.004442888576879008
training/flip/0049_000000024,flip/0049,ENV-04,flip,-0.036694558419182025,0.04671188903403371,0.0019630122383738654,-0.0021212004291209672,0.005019130554618855
training/flip/0049_000000026,flip/0049,ENV-04,flip,-0.0424960321485776,0.055837933979789284,0.0014880510771339383,-0.0018380089084551114,0.005619995211138126
training/flip/0050_000000017,flip/0050,ENV-04,flip,-0.029821395688600164,0.03372291981735429,0.0017324823758523295,-0.001790545755825528,0.004033966961687191
training/flip/0050_000000018,flip/0050,ENV-04,flip,-0.030026692105692608,0.03413822127506348,0.0017027998588285715,-0.0017613089278908595,0.004007940021672441
training/flip/0050_000000019,flip/0050,ENV-04,flip,-0.03016677652060893,0.034900904442969685,0.0016979212267765915,-0.001732010857833994,0.003955693302086462
training/flip/0050_000000020,flip/0050,ENV-04,flip,-0.03067699811748308,0.03670418487723433,0.0017024852213709256,-0.0017707539522268465,0.004128470755442021
training/flip/0050_000000021,flip/0050,ENV-04,flip,-0.031169429435117295,0.0379982872864031,0.0017488596311042851,-0.001869435839237137,0.004384411713872556
training/flip/0050_000000022,flip/0050,ENV-04,flip,-0.03156354490028723,0.04021317412369051,0.0017868569375495498,-0.0019488941791630508,0.004705939977737301
training/flip/0050_000000025,flip/0050,ENV-04,flip,-0.034321260044944735,0.04858913196590936,0.0018152711362825096,-0.0021778883539116836,0.0059003731995085655
training/flip/0050_000000026,flip/0050,ENV-04,flip,-0.03649447608114717,0.05202957903618002,0.0016576654376158954,-0.001992845145374546,0.005926093870215184
training/flip/0050_000000027,flip/0050,ENV-04,flip,-0.038721428667072615,0.05322778195437659,0.0014616018650238274,-0.001914948210804104,0.005745312947207696
training/flip/0051_000000012,flip/0051,ENV-04,flip,-0.023723877472180355,0.027354441084877876,0.0018339279924008446,-0.0018216449017213925,0.0041232834630661845
training/flip/0051_000000013,flip/0051,ENV-04,flip,-0.023963245885731847,0.028032966886629155,0.001837710361188009,-0.0018228168836405135,0.0041673333621784
training/flip/0051_000000014,flip/0051,ENV-04,flip,-0.0239876273395994,0.0285872709297118,0.0018625745306359584,-0.0018379467036402158,0.0042111156732517795
training/flip/0051_000000015,flip/0051,ENV-04,flip,-0.024072921512557258,0.028832696902143004,0.0018849483716255131,-0.001851011127344494,0.004233234733781891
training/flip/0051_000000016,flip/0051,ENV-04,flip,-0.025018348237707367,0.030218013138806524,0.0018806652791278887,-0.001846798561985269,0.004237130740183234
training/flip/0051_000000017,flip/0051,ENV-04,flip,-0.027836165632469156,0.03535690026056054,0.00189435739264346,-0.001882779013742443,0.004462328355456213
training/flip/0051_000000018,flip/0051,ENV-04,flip,-0.030211057289256014,0.04010696753489854,0.002103401627398391,-0.0021411293318021715,0.005042013474442385
training/flip/0051_000000019,flip/0051,ENV-04,flip,-0.032348305075105104,0.04247419108444973,0.0021902346792753015,-0.002323292917887548,0.005349849544580944
training/flip/0051_000000020,flip/0051,ENV-04,flip,-0.03310754063646485,0.043582803183146064,0.0022425750804227935,-0.0023447979482691624,0.005455356797286467
training/flip/0051_000000023,flip/0051,ENV-04,flip,-0.04022973384223261,0.05298319861345606,0.0017677304154466583,-0.0022705580477833127,0.0061722789596937505
training/flip/0052_000000013,flip/0052,ENV-04,flip,-0.024195730782073537,0.030106966586482004,0.0018775741948314727,-0.0018256440725178075,0.004284467165553927
training/flip/0052_000000014,flip/0052,ENV-04,flip,-0.024680481734839943,0.031013729407398907,0.0018970633479606469,-0.0018526195834324241,0.00432297307768104
training/flip/0052_000000015,flip/0052,ENV-04,flip,-0.025340993939020943,0.032112820499576214,0.0018765971339968612,-0.001818853726049072,0.00429092669816515
training/flip/0052_000000016,flip/0052,ENV-04,flip,-0.027836358910850952,0.036061297281525316,0.0018992277184234462,-0.0018578896582196415,0.004419415731029052
training/flip/0052_000000019,flip/0052,ENV-04,flip,-0.031915892525348426,0.044626412279593665,0.00214793023260069,-0.0023119702273768886,0.005524547159600935
training/flip/0052_000000020,flip/0052,ENV-04,flip,-0.032527609729121464,0.045146465601218405,0.0021444033471105825,-0.0023321060619226905,0.005525418470134132
training/flip/0052_000000022,flip/0052,ENV-04,flip,-0.03605265428984957,0.049600363098550815,0.0018636594934976101,-0.0022185860597621265,0.005766800060025205
training/flip/0052_000000023,flip/0052,ENV-04,flip,-0.03792718319830218,0.05230998029589489,0.0017228032058991278,-0.0022072683963870877,0.006037366885863173
training/flip/0052_000000024,flip/0052,ENV-04,flip,-0.03957341803883781,0.05241781475635554,0.0015753078536828158,-0.002130291342679711,0.005911647962296011
training/flip/0052_000000025,flip/0052,ENV-04,flip,-0.041705518613965,0.053093681101194806,0.0014764416379578818,-0.002148719676993997,0.006041636403155156
training/flip/0053_000000001,flip/0053,ENV-04,flip,-0.03067758868458266,0.03313172845516915,0.0017279942041788625,-0.0017821826534972886,0.004274999113873403
training/flip/0053_000000002,flip/0053,ENV-04,flip,-0.030684709646296566,0.03312394572571736,0.0017294496971018692,-0.001784107504893026,0.0042716427915329685
training/flip/0053_000000003,flip/0053,ENV-04,flip,-0.030458551443807404,0.0334949988154033,0.0017427881810454736,-0.0018006273722963545,0.004348931282500131
training/flip/0053_000000004,flip/0053,ENV-04,flip,-0.030437536934435277,0.0344177161891392,0.0017850766557088403,-0.0018699373430043434,0.004469167819258617
training/flip/0053_000000005,flip/0053,ENV-04,flip,-0.030463606504184945,0.03442104391485102,0.0017837419299963197,-0.0018695500558018987,0.004472117336505133
training/flip/0053_000000006,flip/0053,ENV-04,flip,-0.030634783766131064,0.03488992336153299,0.001804195314627715,-0.0019105130460252183,0.004553171157106851
training/flip/0053_000000007,flip/0053,ENV-04,flip,-0.030561914823642733,0.035567937747969264,0.0018333386330167875,-0.001954286374698564,0.00465090571683819
training/flip/0053_000000009,flip/0053,ENV-04,flip,-0.030619119136323703,0.03649454679041062,0.0018739506127924172,-0.0020506156658018425,0.00487720562430095
training/flip/0053_000000010,flip/0053,ENV-04,flip,-0.030596247070010983,0.037094194744072426,0.001894442199316305,-0.002088726361589642,0.00497177649979453
training/flip/0053_000000011,flip/0053,ENV-04,flip,-0.030598320917121724,0.037553192178037355,0.0019118515632853294,-0.0021168396259361295,0.0050250869307994885
training/flip/0053_000000013,flip/0053,ENV-04,flip,-0.030735638964254536,0.038917366875213744,0.001943582806993404,-0.0021689647165264096,0.005259232500683146
training/flip/0053_000000014,flip/0053,ENV-04,flip,-0.03145046734692048,0.04033121536869658,0.0019352738204677733,-0.0021834451239852075,0.005448431047082158
training/flip/0053_000000016,flip/0053,ENV-04,flip,-0.0322519714353662,0.04306616574132356,0.0019168504401807734,-0.002131743757604417,0.005666597764091889
training/flip/0053_000000017,flip/0053,ENV-04,flip,-0.03384643852396048,0.04567230718120302,0.001871652698793413,-0.0020923619295870137,0.005714347258911531
training/flip/0053_000000019,flip/0053,ENV-04,flip,-0.03485684579191126,0.047670482082692166,0.0018275115813383262,-0.002028824133488243,0.005609037380683005
training/flip/0053_000000020,flip/0053,ENV-04,flip,-0.03525170795348816,0.048636956714975116,0.0018150735929872582,-0.001965384412510519,0.005539562485133701
training/flip/0053_000000021,flip/0053,ENV-04,flip,-0.03852036641899287,0.05039510906419176,0.0015635628847588364,-0.0019298041840384466,0.005412890385055197
training/flip/0053_000000022,flip/0053,ENV-04,flip,-0.04128119754550591,0.05205795711453535,0.0015038984155561442,-0.002014146299251041,0.0056755972118688715
training/flip/0053_000000023,flip/0053,ENV-04,flip,-0.04382267741836816,0.05429540738638766,0.0014553422741196054,-0.002092567605468865,0.0060100925093861945
training/flip/0053_000000024,flip/0053,ENV-04,flip,-0.04464082976157336,0.055587508393728335,0.0014682873333085734,-0.0021761844091871276,0.0062995754854927545
training/flip/0054_000000008,flip/0054,ENV-04,flip,-0.022659933227592504,0.026724029785567316,0.0018186466688934488,-0.001824075980704145,0.004203600573617764
training/flip/0054_000000009,flip/0054,ENV-04,flip,-0.022649501767338633,0.026707139218697943,0.0018204399674721606,-0.0018250175807297735,0.004202962536251185
training/flip/0054_000000012,flip/0054,ENV-04,flip,-0.02280262705545032,0.028510481421621565,0.0018684336079972921,-0.001874444951664055,0.004405900614770448
training/flip/0054_000000013,flip/0054,ENV-04,flip,-0.022815288492121503,0.02913635138697962,0.0019111742488449749,-0.0019103906270414176,0.004480823954272526
training/flip/0054_000000014,flip/0054,ENV-04,flip,-0.023245982071625364,0.029749938386978456,0.0019666098628368426,-0.001967753749569529,0.00450445487695908
training/flip/0054_000000016,flip/0054,ENV-04,flip,-0.026139100641368148,0.03469796035218595,0.002034508397735599,-0.0020746925833766278,0.004830710038215693
training/flip/0054_000000017,flip/0054,ENV-04,flip,-0.027729673990945142,0.03705395489452126,0.0021292980362693976,-0.0022336445458978047,0.0051101846493023595
training/flip/0054_000000018,flip/0054,ENV-04,flip,-0.02815463165008081,0.03772840895003933,0.002220063836213382,-0.0023371349908376045,0.0052098768182644506
training/flip/0054_000000020,flip/0054,ENV-04,flip,-0.029801041813611952,0.040193094810592016,0.002259275794790344,-0.0024096451124504936,0.005362644341163671
training/flip/0054_000000021,flip/0054,ENV-04,flip,-0.03174802111830796,0.042210599776208654,0.002155438520504737,-0.0023940165033189023,0.005468598188476688
training/flip/0054_000000022,flip/0054,ENV-04,flip,-0.03366882611350141,0.044443157800033224,0.0020151115193929926,-0.0022779636859927874,0.005403969901018204
training/flip/0054_000000023,flip/0054,ENV-04,flip,-0.03634567288152543,0.04788901242458578,0.001798689705861234,-0.0021364794375900503,0.005461960077004049
training/flip/0055_000000011,flip/0055,ENV-04,flip,-0.02869914576445028,0.0319197578135503,0.0017762440526285339,-0.0017951431667281993,0.004098812367979341
training/flip/0055_000000012,flip/0055,ENV-04,flip,-0.028234579451997685,0.03192121278161033,0.0018197418381681175,-0.0018152189996766548,0.004119817810840007
training/flip/0055_000000013,flip/0055,ENV-04,flip,-0.028021270598583947,0.03211723209502607,0.0018229814861138087,-0.001815697018550569,0.004131391752354201
training/flip/0055_000000014,flip/0055,ENV-04,flip,-0.027780296622650236,0.03273859112439379,0.0018444162994177508,-0.00183133900706982,0.004188398790167097
training/flip/0055_000000016,flip/0055,ENV-04,flip,-0.02756362165027569,0.034030471564121416,0.001924736661020311,-0.001888334558169884,0.004316381112699007
training/flip/0055_000000017,flip/0055,ENV-04,flip,-0.027857851095412,0.03518361400233832,0.001942276126993348,-0.001890721272269101,0.004346242890314275
training/flip/0055_000000018,flip/0055,ENV-04,flip,-0.028777760946494733,0.03725316113028823,0.0019423493799794879,-0.0019087861906823083,0.0044696307122643756
training/flip/0055_000000019,flip/0055,ENV-04,flip,-0.029524132195957235,0.039189164903682086,0.0019862121712006455,-0.0019274826503559953,0.004591747636744031
training/flip/0055_000000020,flip/0055,ENV-04,flip,-0.03064177253905365,0.0419498225897111,0.0019193424385829038,-0.0018881351024221346,0.004724604084356722
training/flip/0055_000000021,flip/0055,ENV-04,flip,-0.03140115050520085,0.043371973860982155,0.0019343180181356373,-0.0019764333873620267,0.005017027928162555
training/flip/0055_000000022,flip/0055,ENV-04,flip,-0.032474078221653616,0.044536531341943,0.001924866354003711,-0.002029035394845565,0.005233775405397847
training/flip/0055_000000023,flip/0055,ENV-04,flip,-0.03396134855864223,0.04653578476312897,0.001957053961881747,-0.002142725508856033,0.005566830968655706
training/flip/0055_000000025,flip/0055,ENV-04,flip,-0.03809167992145669,0.0514121356291117,0.0019064904171763636,-0.00231524890966015,0.006260082767232097
training/flip/0055_000000026,flip/0055,ENV-04,flip,-0.03991836794157669,0.05412158393537829,0.0017782242090243082,-0.002346224633002549,0.006483914521663302
training/flip/0056_000000014,flip/0056,ENV-04,flip,-0.02368255624650641,0.030082406613763577,0.001816013178474008,-0.0017003093341596976,0.003902874450123475
training/flip/0056_000000015,flip/0056,ENV-04,flip,-0.02401633500963167,0.030972514269629967,0.0018119517280422962,-0.001726226622415741,0.003980359720816494
training/flip/0056_000000017,flip/0056,ENV-04,flip,-0.024503557304611005,0.03196573509606864,0.0018574400686076145,-0.0017652081254900434,0.0040447050461740654
training/flip/0056_000000018,flip/0056,ENV-04,flip,-0.0257152855226718,0.03377897633456865,0.0018921265751258457,-0.001836971374505214,0.004216536991293264
training/flip/0056_000000019,flip/0056,ENV-04,flip,-0.026980590962201064,0.036817960680192025,0.00196533311732699,-0.0019518821778751717,0.004554732947897903
training/flip/0056_000000020,flip/0056,ENV-04,flip,-0.028043285656375417,0.040619135868326675,0.002071543098387745,-0.002093517459030087,0.004919116628631246
training/flip/0056_000000021,flip/0056,ENV-04,flip,-0.029846391546891213,0.04357949223710934,0.002137622944236358,-0.0022292978969524267,0.005269423369006467
training/flip/0056_000000022,flip/0056,ENV-04,flip,-0.03205797875944658,0.04637953413085117,0.0021353645847295706,-0.002330229715284618,0.005593087997884041
training/flip/0056_000000023,flip/0056,ENV-04,flip,-0.033516867099960226,0.04788269779511358,0.0020912978418004824,-0.002382923195900914,0.005718459907994195
training/flip/0056_000000024,flip/0056,ENV-04,flip,-0.03504985494607086,0.04940859001567107,0.001979094398759438,-0.002345391527716678,0.005759664335191485
training/flip/0056_000000025,flip/0056,ENV-04,flip,-0.03680185371902866,0.05171846197322905,0.0018101478298022833,-0.002263281526138438,0.005998983178888786
training/flip/0056_000000026,flip/0056,ENV-04,flip,-0.03935933927084532,0.05487452577233578,0.0016789039525953483,-0.002278343489569659,0.006378229149740741
training/flip/0057_000000011,flip/0057,ENV-04,flip,-0.02694919999384453,0.029238435525737325,0.0018369166534309487,-0.0017565998690132825,0.003949090882028658
training/flip/0057_000000012,flip/0057,ENV-04,flip,-0.027120005455465196,0.030264035775084245,0.0018248512652526308,-0.0017381550947927974,0.0039354675193357565
training/flip/0057_000000013,flip/0057,ENV-04,flip,-0.0272616577677292,0.031368976407912766,0.0018369566273473093,-0.0017402803001516213,0.003977293449488911
training/flip/0057_000000014,flip/0057,ENV-04,flip,-0.027697439841778283,0.03275536338239473,0.001834231578791801,-0.0017490637084131761,0.004058836753517888
training/flip/0057_000000015,flip/0057,ENV-04,flip,-0.028409014275051752,0.03428795032854295,0.0018174091803284894,-0.0017315229975365073,0.004119543012953768
training/flip/0057_000000016,flip/0057,ENV-04,flip,-0.028520211053305666,0.03485911916102316,0.0018381341747321465,-0.0017562908389845242,0.004196326788541777
training/flip/0057_000000017,flip/0057,ENV-04,flip,-0.028453406078156312,0.03552269281315522,0.0018733164538581397,-0.0018250498326959578,0.004363905288256375
training/flip/0057_000000018,flip/0057,ENV-04,flip,-0.028922789387331213,0.03639102324734975,0.0019144499706225842,-0.0018914375380693787,0.00453191809759975
training/flip/0057_000000020,flip/0057,ENV-04,flip,-0.030856264900081063,0.039288349927994355,0.0019157146729739502,-0.0019607375358746807,0.004824056682006739
training/flip/0057_000000021,flip/0057,ENV-04,flip,-0.03174832770136846,0.04058394755212462,0.0019265254035537446,-0.001983235491629256,0.004926475025887403
training/flip/0057_000000022,flip/0057,ENV-04,flip,-0.0335752656522097,0.04283226825683141,0.0019283304473785335,-0.002090719794172434,0.0052709196147209675
training/flip/0057_000000023,flip/0057,ENV-04,flip,-0.03480846386857866,0.044735115513812415,0.002036948642141871,-0.002267257973382622,0.005604087935005757
training/flip/0057_000000024,flip/0057,ENV-04,flip,-0.03647866048162637,0.04673708274346691,0.002048039712019546,-0.002346449820662004,0.005805702811707661
training/flip/0057_000000025,flip/0057,ENV-04,flip,-0.03945538572759605,0.05115007552701981,0.001819957247996772,-0.002228529254243181,0.006035665787825941
training/flip/0057_000000026,flip/0057,ENV-04,flip,-0.041984931047354,0.052811867916934256,0.0016478260510492165,-0.002190973699985542,0.006021690249415027
training/flip/0058_000000001,flip/0058,ENV-04,flip,-0.03391995076459679,0.033470275301648734,0.001774090292723416,-0.0016012118400354327,0.003500832983629065
training/flip/0058_000000002,flip/0058,ENV-04,flip,-0.03342032914030853,0.033468047252615526,0.0017881609855812382,-0.0015904420805535635,0.0034865391842054394
training/flip/0058_000000005,flip/0058,ENV-04,flip,-0.033071257650892985,0.032316905851450896,0.001833951763276403,-0.0016093534580025799,0.0034168110300370163
training/flip/0058_000000007,flip/0058,ENV-04,flip,-0.03224410924641435,0.0314743515516442,0.0018882722238507542,-0.001649085758263313,0.0034311188177903857
training/flip/0058_000000008,flip/0058,ENV-04,flip,-0.03150624234894117,0.0309600710462143,0.0019492332125288735,-0.0016970908032742065,0.0034506432251533493
training/flip/0058_000000009,flip/0058,ENV-04,flip,-0.03087512321522585,0.03019172935845094,0.001979273537459376,-0.001710411048805965,0.00341768160403181
training/flip/0058_000000010,flip/0058,ENV-04,flip,-0.030406590310292556,0.030075658387759708,0.002009630225400192,-0.0017396343251869625,0.003435456646541929
training/flip/0058_000000011,flip/0058,ENV-04,flip,-0.02986806503957652,0.030014093881397093,0.0020370455593364902,-0.001764902720341689,0.003477463086685664
training/flip/0058_000000012,flip/0058,ENV-04,flip,-0.02956145545882014,0.029884751403617512,0.0020522587018464472,-0.0018049806344137935,0.0035378829102195673
training/flip/0058_000000013,flip/0058,ENV-04,flip,-0.02928846971221039,0.02955650435944708,0.002080403615739319,-0.0018433872135323673,0.0035973054205706337
training/flip/0058_000000014,flip/0058,ENV-04,flip,-0.02860915894098003,0.029731351857005116,0.0021286743349879264,-0.0018682321717198042,0.0036192719327599104
training/flip/0058_000000015,flip/0058,ENV-04,flip,-0.02793636876113495,0.029550155441073728,0.002142836482906444,-0.0018845028756852382,0.003652877028566717
training/flip/0058_000000016,flip/0058,ENV-04,flip,-0.027938858574693574,0.03013572622005837,0.0021580766216051303,-0.0019114239489081038,0.0037359795909363957
training/flip/0058_000000017,flip/0058,ENV-04,flip,-0.028473609293007802,0.03127296249901154,0.002155563002789215,-0.0019323160184328175,0.0038323817904013465
training/flip/0058_000000018,flip/0058,ENV-04,flip,-0.029144432222948793,0.03330467304029711,0.0021518145874284047,-0.0019170147635308686,0.00391665114411184
training/flip/0058_000000020,flip/0058,ENV-04,flip,-0.03158636237809803,0.03851500814023376,0.0020732059334561057,-0.0018744586323068471,0.004289628508206695
training/flip/0058_000000022,flip/0058,ENV-04,flip,-0.03628270901753673,0.04674910866365857,0.001978810930513132,-0.0020123420443387435,0.005300958879584971
training/flip/0058_000000023,flip/0058,ENV-04,flip,-0.037210264561017545,0.047673978942665333,0.0019690234717904594,-0.002033349347910155,0.005395664026037124
training/flip/0059_000000001,flip/0059,ENV-04,flip,-0.028059470063657256,0.02896250981878484,0.0018497417405846516,-0.0017004835019725957,0.003858376705525191
training/flip/0059_000000002,flip/0059,ENV-04,flip,-0.02770263173458248,0.02858533287723748,0.0018733328857190588,-0.001705751934546846,0.003807180398073962
training/flip/0059_000000003,flip/0059,ENV-04,flip,-0.027423582639784925,0.029114157348451037,0.001907072618357477,-0.0017451599413745476,0.0038900745341332896
training/flip/0059_000000004,flip/0059,ENV-04,flip,-0.02668786141096745,0.02897124351808453,0.001955096027958909,-0.0017957843697300354,0.003951016354603004
training/flip/0059_000000005,flip/0059,ENV-04,flip,-0.026500584255885137,0.02908248109120304,0.001973853782702443,-0.0018168737478019706,0.004005849313578031
training/flip/0059_000000006,flip/0059,ENV-04,flip,-0.026270445736395625,0.029499565450187903,0.0019852169643790967,-0.0018332487696836586,0.004020703078325341
training/flip/0059_000000007,flip/0059,ENV-04,flip,-0.025808234572104623,0.029435625525471402,0.0020364541464987754,-0.0018611916759465597,0.0040696182130817455
training/flip/0059_000000008,flip/0059,ENV-04,flip,-0.026462683840865708,0.030504167152061307,0.002084673782237567,-0.0018696398826479285,0.004217318723463759
training/flip/0059_000000009,flip/0059,ENV-04,flip,-0.0289891240139149,0.03405854772991701,0.0021239014419685356,-0.002078729047603511,0.004847694184635718
training/flip/0059_000000010,flip/0059,ENV-04,flip,-0.03137836326260919,0.03766455268051445,0.002277250363534862,-0.0024257563549398217,0.005634013018054583
training/flip/0059_000000011,flip/0059,ENV-04,flip,-0.03290879122787815,0.04035527134320171,0.002360362563680925,-0.002627763414548205,0.006042422824833238
training/flip/0059_000000012,flip/0059,ENV-04,flip,-0.03436767368645492,0.04254969159735321,0.002380514407721842,-0.002760106432361652,0.006320513369486692
training/flip/0059_000000013,flip/0059,ENV-04,flip,-0.035580100203933526,0.04392012365424069,0.0024088100479468474,-0.0028193245213020933,0.006419660654303394
training/flip/0059_000000014,flip/0059,ENV-04,flip,-0.03663215674452849,0.04541082160059533,0.002451039549192742,-0.0029224471024637383,0.006667028740549289
training/flip/0059_000000018,flip/0059,ENV-04,flip,-0.039067130632195884,0.04866625293337914,0.0024012969781480637,-0.003022243820871625,0.007086126665553713
training/flip/0059_000000019,flip/0059,ENV-04,flip,-0.03898771395885891,0.04827467878740912,0.0024047262792708333,-0.0030508627132727305,0.007132786683168224
training/flip/0059_000000021,flip/0059,ENV-04,flip,-0.038516425727672686,0.047843891756640854,0.0023796637080929807,-0.002931429382087539,0.006868570809936604
training/flip/0059_000000022,flip/0059,ENV-04,flip,-0.03908053040673234,0.04971256866437595,0.00234048388095274,-0.002783754060395736,0.00684738987902416
training/flip/0059_000000023,flip/0059,ENV-04,flip,-0.04161465672339466,0.054271968612105294,0.002186758403592611,-0.0026951928538794636,0.007149027994671112
training/flip/0059_000000024,flip/0059,ENV-04,flip,-0.04298449749288301,0.05568307897875001,0.002023219076876842,-0.0026517777236686477,0.007260225570112721
training/flip/0060_000000001,flip/0060,ENV-04,flip,-0.033699794923896985,0.03259949053599058,0.0016929442977938658,-0.0015780188545014152,0.0037188183334062536
training/flip/0060_000000002,flip/0060,ENV-04,flip,-0.03366849043033169,0.03255491034381253,0.0017024097420044475,-0.0015813791099208584,0.003712550210396728
training/flip/0060_000000003,flip/0060,ENV-04,flip,-0.03351461751708611,0.0329100964268103,0.0017174317655956036,-0.001606421781311343,0.0037767967470965806
training/flip/0060_000000005,flip/0060,ENV-04,flip,-0.032592471291689705,0.03311938384274265,0.0018522451690039703,-0.0017122134064387051,0.003937756328105457
training/flip/0060_000000007,flip/0060,ENV-04,flip,-0.03193180595076627,0.03304427655787717,0.0019534860552496737,-0.0018213014087953068,0.004099184217104626
training/flip/0060_000000009,flip/0060,ENV-04,flip,-0.03176049866705776,0.03389603779245837,0.001993148069527822,-0.0019193888567705473,0.004367129830385933
training/flip/0060_000000010,flip/0060,ENV-04,flip,-0.03169693907637533,0.0343794792005176,0.002001428961188491,-0.0019689354041699755,0.004532938476996025
training/flip/0060_000000011,flip/0060,ENV-04,flip,-0.031614231407762775,0.03441735433179791,0.0020252699920666143,-0.002000298318569675,0.004597093028951625
training/flip/0060_000000012,flip/0060,ENV-04,flip,-0.03131523264055094,0.03422919131090237,0.002023499083400418,-0.001991643473792402,0.00454111112485096
training/flip/0060_000000014,flip/0060,ENV-04,flip,-0.031118474422383535,0.034194747015221294,0.002079131308119805,-0.0020714080556327157,0.004719540456263771
training/flip/0060_000000015,flip/0060,ENV-04,flip,-0.03110384976029131,0.034374304494625814,0.002085436319684678,-0.002101658699789923,0.004806494495229607
training/flip/0060_000000016,flip/0060,ENV-04,flip,-0.03159761937335181,0.03515067258190581,0.0020750341828785946,-0.002133059462159227,0.004947509990119165
training/flip/0060_000000017,flip/0060,ENV-04,flip,-0.032026550435631525,0.03651534215790552,0.00208558184469741,-0.002172416443326773,0.00510048202065353
training/flip/0060_000000018,flip/0060,ENV-04,flip,-0.03224144080772055,0.03780695947287275,0.0021299073728587533,-0.0022286055913044544,0.005253380441217315
training/flip/0060_000000019,flip/0060,ENV-04,flip,-0.03279327494093121,0.03983478916712727,0.002161076732481208,-0.0022604567007853842,0.005394512954912249
training/flip/0060_000000020,flip/0060,ENV-04,flip,-0.03419148016427636,0.04250682268885214,0.002165344638735565,-0.0022813723796281495,0.00554066118724185
training/flip/0060_000000021,flip/0060,ENV-04,flip,-0.03667947475963087,0.044727652449330635,0.002146786303435543,-0.002304902057388637,0.005750832955509019
training/flip/0060_000000022,flip/0060,ENV-04,flip,-0.03830312709025482,0.04672488319011561,0.002043128142650053,-0.002266583144334933,0.00582437669019021
training/flip/0060_000000023,flip/0060,ENV-04,flip,-0.038945185181864884,0.0475593701139531,0.002023918419466741,-0.0022989681262319387,0.0059303340033683314
training/flip/0060_000000024,flip/0060,ENV-04,flip,-0.039356169732406555,0.04739975381930689,0.0020084615613696027,-0.002321123135976622,0.0060196712191014235
training/flip/0060_000000025,flip/0060,ENV-04,flip,-0.040184249340364686,0.048080709634152195,0.001984296072344518,-0.002345533075032942,0.00610832913246616
training/flip/0060_000000026,flip/0060,ENV-04,flip,-0.04081454902740093,0.04892114811420174,0.0019716716019405373,-0.0023901634175516953,0.006236627736142827
training/flip/0060_000000027,flip/0060,ENV-04,flip,-0.04097196668474267,0.049248171214824166,0.001926352308840588,-0.0023661414186490932,0.006184711238174931
training/flip/0060_000000028,flip/0060,ENV-04,flip,-0.0409587651417978,0.04912511199581965,0.0019117953180225872,-0.002393714820237503,0.006226580086110268
training/flip/0060_000000029,flip/0060,ENV-04,flip,-0.04122913827651804,0.049873497543027355,0.0019196608054085514,-0.0024263717427546487,0.006337438519603513
training/flip/0060_000000030,flip/0060,ENV-04,flip,-0.041581371977749394,0.04925296740529152,0.001909868886938937,-0.0024234208780339137,0.006277165073705547
training/flip/0060_000000031,flip/0060,ENV-04,flip,-0.04220337359335443,0.049678828020722696,0.001892978222319162,-0.002458235671854499,0.0063636984454477925
training/flip/0060_000000033,flip/0060,ENV-04,flip,-0.044194150315955215,0.05058262132551359,0.0017441163760842592,-0.0023486776742460036,0.006062176598137048
training/flip/0060_000000034,flip/0060,ENV-04,flip,-0.04447711182749915,0.050359246034821746,0.0017379979955681527,-0.0023415657207155527,0.006042113167726828
training/flip/0060_000000035,flip/0060,ENV-04,flip,-0.044287083989798665,0.04995331164835127,0.0017580668743640963,-0.0023335914447426575,0.006006136208975368
training/flip/0060_000000036,flip/0060,ENV-04,flip,-0.04414439243216196,0.04980713137456447,0.001807911767411961,-0.0023746775607348656,0.006051004515364423
training/flip/0060_000000039,flip/0060,ENV-04,flip,-0.04264153578799864,0.049476244814545135,0.0019482111742246313,-0.002514829634028686,0.006507680276169744
training/flip/0060_000000040,flip/0060,ENV-04,flip,-0.041603448021938744,0.049443388508406724,0.0020486654113399056,-0.002601836722657885,0.006639656074521091
training/flip/0060_000000041,flip/0060,ENV-04,flip,-0.041105163970733445,0.04938973172791607,0.002102500964143767,-0.0026486458472523857,0.006709189801204807
training/flip/0060_000000042,flip/0060,ENV-04,flip,-0.04063220465032432,0.048767582716308024,0.0021448595171701746,-0.0026934365492363743,0.006727866831723045
training/flip/0061_000000009,flip/0061,ENV-04,flip,-0.02376618077492812,0.027029797171956617,0.001974059436700357,-0.0020136403279536084,0.00459019724187685
training/flip/0061_000000012,flip/0061,ENV-04,flip,-0.02260068912111991,0.028201871217812563,0.0019950425898833807,-0.001967567268788979,0.004462929249287947
training/flip/0061_000000013,flip/0061,ENV-04,flip,-0.023073858952953646,0.028342268461689222,0.001972088044421315,-0.001912397224358164,0.004405059396181504
training/flip/0061_000000014,flip/0061,ENV-04,flip,-0.02460721622597642,0.031154167141361246,0.0019434054399806908,-0.0019432361682966014,0.004676739268115042
training/flip/0061_000000015,flip/0061,ENV-04,flip,-0.025976095659957725,0.03447540228030806,0.001976949431929332,-0.0020456079440650797,0.005053333105872254
training/flip/0061_000000016,flip/0061,ENV-04,flip,-0.028344738326373443,0.0381755916688533,0.0020158421444823127,-0.002126156312892885,0.005339386355504086
training/flip/0061_000000017,flip/0061,ENV-04,flip,-0.030248059522196002,0.04175531806754487,0.002045037413127622,-0.0022075193575791115,0.005677470840285939
training/flip/0061_000000019,flip/0061,ENV-04,flip,-0.031481049084593676,0.04449374718296009,0.002133566065648017,-0.0023218824769228232,0.005777483511163233
training/flip/0061_000000020,flip/0061,ENV-04,flip,-0.03396349474325724,0.046884656338246365,0.002096138626021518,-0.0023504991063635905,0.005875255880594678
training/flip/0061_000000021,flip/0061,ENV-04,flip,-0.03585751370751327,0.04947889843504867,0.0020805217638722464,-0.0023550113184975696,0.006060008089733539
training/flip/0061_000000022,flip/0061,ENV-04,flip,-0.037167998510536523,0.05159222604558866,0.001973168470949949,-0.0022976751485530673,0.006260235934699822
training/flip/0061_000000023,flip/0061,ENV-04,flip,-0.03893292691584867,0.052835701378357344,0.0018233850491930774,-0.002288069267591717,0.006346110456879571
training/flip/0061_000000024,flip/0061,ENV-04,flip,-0.04041945592240779,0.05324054326206838,0.0016640150678595702,-0.0021974751443400364,0.006187721417864257
training/flip/0061_000000025,flip/0061,ENV-04,flip,-0.04186615183332158,0.05323635138308872,0.00155664877744407,-0.0021494516020815675,0.00602441132589294
training/flip/0062_000000001,flip/0062,ENV-04,flip,-0.033611776795016444,0.03632420828337331,0.0016803754645803943,-0.001828293669296571,0.004484798418920085
training/flip/0062_000000002,flip/0062,ENV-04,flip,-0.03351383914077349,0.03597452021899246,0.0017065660358997104,-0.0018302410093192706,0.004463647424792504
training/flip/0062_000000004,flip/0062,ENV-04,flip,-0.0328159824162032,0.035540766833486365,0.0017741432104621455,-0.0018825973230179676,0.004496317577300958
training/flip/0062_000000005,flip/0062,ENV-04,flip,-0.031037573953075923,0.03631640087077599,0.0017720006413329385,-0.001936105701965511,0.00453022563106428
training/flip/0062_000000007,flip/0062,ENV-04,flip,-0.030353496852333885,0.03428206905241905,0.001876514205042636,-0.001965557765905072,0.004491389750283612
training/flip/0062_000000008,flip/0062,ENV-04,flip,-0.02990736793536864,0.03353771962503294,0.0019064201254053515,-0.002010027054790175,0.00454134649839462
training/flip/0062_000000010,flip/0062,ENV-04,flip,-0.029662803398146705,0.03416999699444353,0.0019781008339896586,-0.0020603658982471847,0.004723223511136594
training/flip/0062_000000014,flip/0062,ENV-04,flip,-0.031112537277858277,0.03868057854452094,0.001980793548112862,-0.002080632087976333,0.005235316168137448
training/flip/0062_000000015,flip/0062,ENV-04,flip,-0.03243780018929179,0.04218574251142053,0.001984053849048965,-0.0021343829390242544,0.005600017276202913
training/flip/0062_000000016,flip/0062,ENV-04,flip,-0.0330431144404166,0.044455143716506794,0.0020285831833664935,-0.0021604306587929586,0.005712573334272591
training/flip/0062_000000017,flip/0062,ENV-04,flip,-0.03379235163782185,0.0457962261761686,0.002045502342444176,-0.002124461050510277,0.005661901363685902
training/flip/0062_000000019,flip/0062,ENV-04,flip,-0.03997422518752178,0.051600219493714,0.0016449052924958063,-0.002101829908195336,0.005889786345325875
training/flip/0062_000000021,flip/0062,ENV-04,flip,-0.04306293116041886,0.054581447589672066,0.00160548153355263,-0.002328203389695029,0.006343699397286642
training/flip/0062_000000022,flip/0062,ENV-04,flip,-0.04423508405613796,0.05605222684576031,0.0016856500191863365,-0.002503281041116491,0.006724851554027614
training/flip/0062_000000023,flip/0062,ENV-04,flip,-0.045425919324855527,0.0560972146138148,0.0017199110128436016,-0.002597565647147852,0.006929979257736601
training/flip/0062_000000024,flip/0062,ENV-04,flip,-0.04625720489798443,0.05657741401841553,0.0016774816597953262,-0.002570293766533647,0.006993993450497561
training/flip/0063_000000010,flip/0063,ENV-04,flip,-0.0213382679976868,0.028550076955967143,0.0020042824844512057,-0.0018889948313526288,0.004093671549852999
training/flip/0063_000000012,flip/0063,ENV-04,flip,-0.022060295458315837,0.03046369664277304,0.0019982378544477286,-0.0018956505243552385,0.0042452584310212335
training/flip/0063_000000013,flip/0063,ENV-04,flip,-0.026922905981766988,0.039020476276437836,0.0020196616337956755,-0.00195899339954527,0.004752979824794917
training/flip/0063_000000015,flip/0063,ENV-04,flip,-0.02922885731393613,0.043612848528929,0.002029889462288606,-0.0019575361761947634,0.0049162615858381825
training/flip/0063_000000016,flip/0063,ENV-04,flip,-0.03200150329097836,0.04672209314355799,0.001965078854075646,-0.0019173356399438605,0.004937855280193377
training/flip/0063_000000017,flip/0063,ENV-04,flip,-0.03451357471778547,0.050168772890394925,0.0019241900446670072,-0.002055468539808754,0.005428560190703654
training/flip/0063_000000018,flip/0063,ENV-04,flip,-0.036685846651523905,0.05215913369173542,0.0018471597895167939,-0.002128232667937061,0.005730315496221269
training/flip/0063_000000019,flip/0063,ENV-04,flip,-0.03907392148310151,0.05305014878756758,0.0016252875072552207,-0.0020076322200404534,0.005538801182127426
training/flip/0063_000000020,flip/0063,ENV-04,flip,-0.041454321418980575,0.053750188686230584,0.0014617244156142713,-0.0020135635310223445,0.0057842605397262865
training/flip/0064_000000019,flip/0064,ENV-04,flip,-0.024632108170049228,0.02858356712041223,0.0018684386321834593,-0.0018195677449673639,0.004083870587175089
training/flip/0064_000000020,flip/0064,ENV-04,flip,-0.024988379769346782,0.030189489515008282,0.0019494202530336326,-0.0018799708165689742,0.004137026691364224
training/flip/0064_000000021,flip/0064,ENV-04,flip,-0.027735523731951508,0.03463954349400727,0.001958693573303986,-0.0018888148656701791,0.004335264493377497
training/flip/0064_000000022,flip/0064,ENV-04,flip,-0.0317655139985636,0.04090233009280356,0.0019286860329495344,-0.0019842097587355573,0.00477170121437194
training/flip/0064_000000023,flip/0064,ENV-04,flip,-0.0343536694139148,0.04568319998695748,0.002133765812026191,-0.0022685919778652904,0.005465614692375573
training/flip/0064_000000024,flip/0064,ENV-04,flip,-0.039110632508570754,0.05261111041236315,0.0018732949128967063,-0.0022681452959762115,0.006086465601096801
training/flip/0064_000000025,flip/0064,ENV-04,flip,-0.04075215746555048,0.054136175929942104,0.0017537097766090095,-0.0022469627279808916,0.0062093104152928305
training/flip/0064_000000026,flip/0064,ENV-04,flip,-0.04304907486502818,0.054741860918885756,0.0015909336598457313,-0.002188257692462255,0.006155647410001224
training/flip/0065_000000002,flip/0065,ENV-04,flip,-0.034059110167546265,0.034124615755167134,0.0015828151250612244,-0.001790215728861675,0.004411095412668262
training/flip/0065_000000003,flip/0065,ENV-04,flip,-0.03376229566275109,0.033929623284912676,0.0015969523557247786,-0.0018018604191036016,0.004405961603698938
training/flip/0065_000000004,flip/0065,ENV-04,flip,-0.033590720389743416,0.03385577836661933,0.0016203725213189838,-0.0018204818872532937,0.004418546287532906
training/flip/0065_000000006,flip/0065,ENV-04,flip,-0.03227575313805617,0.0332445281187664,0.0017331992779672622,-0.0018715929575970206,0.004336225314029227
training/flip/0065_000000007,flip/0065,ENV-04,flip,-0.032002586908856955,0.032958442926498,0.0017549245674056183,-0.0018868464265942631,0.0043360601923677425
training/flip/0065_000000008,flip/0065,ENV-04,flip,-0.031448639302855665,0.033068864375128834,0.0017776353093003666,-0.0019102392823302633,0.004385643438344926
training/flip/0065_000000009,flip/0065,ENV-04,flip,-0.030959721668563155,0.03294155126530202,0.0018322680209954005,-0.0019645497001681065,0.0044393209888798175
training/flip/0065_000000010,flip/0065,ENV-04,flip,-0.030636147549950712,0.03282611865181586,0.0018489182483062477,-0.0020044923593703565,0.004531036194567776
training/flip/0065_000000011,flip/0065,ENV-04,flip,-0.03059338236037092,0.03285219086235483,0.0018418525914647892,-0.0020208956159072857,0.004598212705630518
training/flip/0065_000000012,flip/0065,ENV-04,flip,-0.030448919720584673,0.03339569937316162,0.0018464097081038722,-0.0020443629626120383,0.004691730536480322
training/flip/0065_000000013,flip/0065,ENV-04,flip,-0.030446670653670484,0.03361903867266635,0.001861896834704535,-0.0020974949781089433,0.004845075273868672
training/flip/0065_000000014,flip/0065,ENV-04,flip,-0.030686072501389595,0.03414431934945323,0.0018721412096846983,-0.0021370271905336983,0.004988353614705077
training/flip/0065_000000015,flip/0065,ENV-04,flip,-0.031085443735133774,0.03505684416489044,0.001865271262779558,-0.0021395091117117856,0.005109292347591849
training/flip/0065_000000017,flip/0065,ENV-04,flip,-0.032619521906594874,0.037745085636846996,0.0018460864764631617,-0.0021222209909915603,0.005253068931124494
training/flip/0065_000000018,flip/0065,ENV-04,flip,-0.033466801394804055,0.04052641174848075,0.0018993523300778192,-0.00219341589149803,0.0055240131133031025
training/flip/0065_000000019,flip/0065,ENV-04,flip,-0.03397253187489686,0.04290524987300006,0.0019437808880343177,-0.002209014206794307,0.00568741276361951
training/flip/0065_000000020,flip/0065,ENV-04,flip,-0.03433555046855395,0.04428496485956678,0.0020014323865507294,-0.0022085352508013924,0.0056045843013606085
training/flip/0065_000000021,flip/0065,ENV-04,flip,-0.03455511894110163,0.045110236823567997,0.002091438087075851,-0.002271725342212527,0.005648144107721002
training/flip/0065_000000022,flip/0065,ENV-04,flip,-0.03803901388424394,0.04959316656340111,0.001903565751760926,-0.002247782315412111,0.005905230846271421
training/notflip/0001_000000001,notflip/0001,ENV-01,notflip,-0.04634526327169674,0.04892401622272581,0.0026469516932487868,-0.002878360009326154,0.0066184360270714355
training/notflip/0001_000000003,notflip/0001,ENV-01,notflip,-0.046357410916022725,0.048905446837203166,0.002647072836438219,-0.002878546878132474,0.006616316732542476
training/notflip/0001_000000005,notflip/0001,ENV-01,notflip,-0.046371122020445986,0.0489877803256293,0.0026528240848898515,-0.002878162254145533,0.006618508450594022
training/notflip/0001_000000006,notflip/0001,ENV-01,notflip,-0.046325780232940775,0.04916827041451244,0.002673898322921602,-0.0028698302333284233,0.006663687153290861
training/notflip/0001_000000007,notflip/0001,ENV-01,notflip,-0.04645961803089943,0.04921241068738264,0.002682884627097597,-0.0028783830291854587,0.006628736548399033
training/notflip/0001_000000008,notflip/0001,ENV-01,notflip,-0.04665266557243621,0.04884207073388864,0.002692041813852905,-0.002863219342036374,0.006552701389752988
training/notflip/0001_000000010,notflip/0001,ENV-01,notflip,-0.046268768476298655,0.04941236398346722,0.0026650419952402526,-0.0028607797029525065,0.006611037914327084
training/notflip/0001_000000011,notflip/0001,ENV-01,notflip,-0.04608742640190354,0.04947587493214197,0.0026608566509334604,-0.0028519013420810315,0.006602952492540389
training/notflip/0001_000000012,notflip/0001,ENV-01,notflip,-0.04593234552456984,0.04944947004630525,0.0026535576303405063,-0.0028576967493597325,0.006578199955542367
training/notflip/0001_000000013,notflip/0001,ENV-01,notflip,-0.04581612526265209,0.049619243151246564,0.002651158436257126,-0.0028555187629285043,0.006624456103053457
training/notflip/0001_000000015,notflip/0001,ENV-01,notflip,-0.045848346719218086,0.049688277166459155,0.0026639994256540014,-0.0028542575418919773,0.006598846237764713
training/notflip/0001_000000016,notflip/0001,ENV-01,notflip,-0.04585783242593814,0.049631503135746484,0.0026688985006088745,-0.0028569747543651315,0.006570106772221298
training/notflip/0001_000000017,notflip/0001,ENV-01,notflip,-0.04563550357073589,0.0495815919921514,0.0026585368969177037,-0.002854376476146433,0.006557050833606893
training/notflip/0001_000000018,notflip/0001,ENV-01,notflip,-0.04554509923293912,0.049508160242959356,0.0026695595936946045,-0.0028509439173799137,0.006528475954590983
training/notflip/0001_000000019,notflip/0001,ENV-01,notflip,-0.045473183473799396,0.0495010973372511,0.0026721566485559743,-0.002844906417838795,0.006511736245401059
training/notflip/0001_000000020,notflip/0001,ENV-01,notflip,-0.04539929478920281,0.049417932403764374,0.0026856222030255785,-0.002849478604442978,0.0065041664376535
training/notflip/0001_000000021,notflip/0001,ENV-01,notflip,-0.045155812321981334,0.04939841837117021,0.0026893530622844612,-0.0028489912527623323,0.006497707693787848
training/notflip/0001_000000022,notflip/0001,ENV-01,notflip,-0.044971701196814165,0.04931077046781835,0.002683117171488567,-0.0028482311606349313,0.006470989529694275
training/notflip/0001_000000023,notflip/0001,ENV-01,notflip,-0.045007508055074995,0.04959383714244585,0.002684951586516016,-0.0028524298061342163,0.006501420760933417
training/notflip/0002_000000001,notflip/0002,ENV-01,notflip,-0.036522299190427425,0.045585864617845015,0.0025737683144446246,-0.0029888980232242925,0.006715836060625976
training/notflip/0002_000000002,notflip/0002,ENV-01,notflip,-0.03652315960428063,0.045466906691892996,0.0025823092310248573,-0.0029907094699525064,0.006674305962024444
training/notflip/0002_000000004,notflip/0002,ENV-01,notflip,-0.036343901180224326,0.04556200817556267,0.0025598134412639756,-0.0029505075930474248,0.006607636919800687
training/notflip/0002_000000005,notflip/0002,ENV-01,notflip,-0.03636042694622822,0.04554618348283797,0.0025579865287188495,-0.0029393408204119544,0.006576993889306564
training/notflip/0002_000000007,notflip/0002,ENV-01,notflip,-0.03619323340661425,0.04531761755772209,0.002595078904432858,-0.0029361250632556507,0.0065041813563814915
training/notflip/0002_000000009,notflip/0002,ENV-01,notflip,-0.03617952983519796,0.045341668060594933,0.002613442239568092,-0.0029497489401583256,0.006528915437548902
training/notflip/0002_000000010,notflip/0002,ENV-01,notflip,-0.0363088520599011,0.045288383959120056,0.002638482676726828,-0.0029583679996795587,0.006538167862029687
training/notflip/0002_000000011,notflip/0002,ENV-01,notflip,-0.03617155052346814,0.045378428316215476,0.0026420432649485862,-0.002960301921348312,0.006542789649386413
training/notflip/0002_000000013,notflip/0002,ENV-01,notflip,-0.036163108602563394,0.04558292245988505,0.002645246237960096,-0.002971253258007307,0.006556510410628459
training/notflip/0002_000000014,notflip/0002,ENV-01,notflip,-0.0361833709463589,0.045712252900071734,0.0026412968318855366,-0.002968476648130942,0.0065539988325202525
training/notflip/0002_000000016,notflip/0002,ENV-01,notflip,-0.035983142282244966,0.046104429533651584,0.0026506356530171865,-0.002975585905518194,0.006549910364320451
training/notflip/0002_000000017,notflip/0002,ENV-01,notflip,-0.03590583474763981,0.04637243778738401,0.0026566602976998825,-0.0029861375578027903,0.006574859354156031
training/notflip/0002_000000018,notflip/0002,ENV-01,notflip,-0.03592111086003835,0.04648818884992172,0.0026544980497677628,-0.002980430490746515,0.006608530804536673
training/notflip/0002_000000019,notflip/0002,ENV-01,notflip,-0.03592134789177512,0.046589438747006384,0.0026660964951911834,-0.002985059670949397,0.0066274766717100775
training/notflip/0002_000000020,notflip/0002,ENV-01,notflip,-0.036003664772757314,0.046631666744873866,0.0026785143413977637,-0.002991951191029926,0.006615447027235694
training/notflip/0002_000000021,notflip/0002,ENV-01,notflip,-0.03608854349522676,0.04672802427233922,0.002689731558480217,-0.002999451006182854,0.006607421232080279
training/notflip/0002_000000022,notflip/0002,ENV-01,notflip,-0.03609175936681741,0.04696498684415044,0.0026832076147282895,-0.002999171098525024,0.006643080208088823
training/notflip/0002_000000023,notflip/0002,ENV-01,notflip,-0.03606248125210019,0.047274891028412,0.0026843139206020406,-0.003003859157322065,0.006659900977516339
training/notflip/0002_000000024,notflip/0002,ENV-01,notflip,-0.03615748361346047,0.04732952978467167,0.0026904714118183566,-0.003006546496401273,0.006659071797775174
training/notflip/0003_000000001,notflip/0003,ENV-01,notflip,-0.050100843331057215,0.06348109629525713,0.0024313627925587225,-0.003603593104747775,0.009234708280968104
training/notflip/0003_000000002,notflip/0003,ENV-01,notflip,-0.04959468254084577,0.062470673505225165,0.0024115537239038226,-0.003534327032819124,0.009030908141122375
training/notflip/0003_000000003,notflip/0003,ENV-01,notflip,-0.04870015851014933,0.06108252636714312,0.0024045969491130227,-0.003432687217048293,0.008703300533929993
training/notflip/0003_000000005,notflip/0003,ENV-01,notflip,-0.046125053255262415,0.056937403708982995,0.0024154483463185252,-0.0032758644505033025,0.008020559602932131
training/notflip/0003_000000006,notflip/0003,ENV-01,notflip,-0.04407628692981236,0.05455954743864112,0.0024257830425585053,-0.003149640222118618,0.007646834658378227
training/notflip/0003_000000007,notflip/0003,ENV-01,notflip,-0.04256449696503549,0.05237761588325676,0.002443399668012759,-0.00308486750917352,0.007343621344211388
training/notflip/0003_000000008,notflip/0003,ENV-01,notflip,-0.041493042931748964,0.050879984161737175,0.002442630366427265,-0.0030183416913056147,0.007140735492025808
training/notflip/0003_000000009,notflip/0003,ENV-01,notflip,-0.04040078046326462,0.0495819634552484,0.002450175637736886,-0.0029622258520732173,0.006938671001298811
training/notflip/0003_000000010,notflip/0003,ENV-01,notflip,-0.039854589584118666,0.04892451195269227,0.0024916407104491954,-0.002939003746429024,0.006849288904303988
training/notflip/0003_000000011,notflip/0003,ENV-01,notflip,-0.039415065050341196,0.04808422643518794,0.0025026851169717063,-0.00291589262043842,0.006719801257927116
training/notflip/0003_000000012,notflip/0003,ENV-01,notflip,-0.03930094835479402,0.047852091667724556,0.0025088573300991795,-0.002900974919031414,0.006710955823118132
training/notflip/0003_000000013,notflip/0003,ENV-01,notflip,-0.03904621002742972,0.04766892436951943,0.0025131162100716733,-0.0028874852038627036,0.006690869690571483
training/notflip/0003_000000014,notflip/0003,ENV-01,notflip,-0.038808263288339216,0.047620393050221865,0.0025292755165229595,-0.002878254184237238,0.006626229181286004
training/notflip/0003_000000015,notflip/0003,ENV-01,notflip,-0.038564155787931105,0.0470234462594762,0.0025578602168786404,-0.002886069660933256,0.006567454334753716
training/notflip/0003_000000016,notflip/0003,ENV-01,notflip,-0.03815168991802465,0.04654462692235682,0.0025640172634838554,-0.002868751336729078,0.006496666893056206
training/notflip/0003_000000017,notflip/0003,ENV-01,notflip,-0.03775194791587362,0.04614383270969298,0.0025855869468957996,-0.0028707946785558698,0.006458196824888673
training/notflip/0003_000000019,notflip/0003,ENV-01,notflip,-0.037319538152297604,0.04556570566208633,0.0026048340994286297,-0.0028388756292641363,0.006308866246957534
training/notflip/0003_000000020,notflip/0003,ENV-01,notflip,-0.03723345487107203,0.04537410195665159,0.002618148828693559,-0.002830095108206884,0.006255843552344571
training/notflip/0003_000000021,notflip/0003,ENV-01,notflip,-0.03720632882290677,0.04534162112614153,0.0026084417544722195,-0.002825496217311205,0.006206722341247357
training/notflip/0003_000000022,notflip/0003,ENV-01,notflip,-0.03735318922909894,0.04548349717008047,0.002616362560451624,-0.0028153380603753663,0.00620325187264074
training/notflip/0003_000000023,notflip/0003,ENV-01,notflip,-0.03741949485876554,0.04571968362112221,0.002621932337696783,-0.0028154411652026017,0.006223824861106464
training/notflip/0003_000000024,notflip/0003,ENV-01,notflip,-0.037547964202622346,0.045891741436898406,0.002627801285382474,-0.002818101255599357,0.006218025472303079
training/notflip/0004_000000001,notflip/0004,ENV-01,notflip,-0.04758049519353744,0.06042779134807581,0.0025324048330123373,-0.0037832903398651737,0.009371485119232172
training/notflip/0004_000000003,notflip/0004,ENV-01,notflip,-0.04740164159120637,0.06070054788508708,0.0025365510368170665,-0.0037719282461343377,0.009318506966691857
training/notflip/0004_000000005,notflip/0004,ENV-01,notflip,-0.047079392043500486,0.06023093815776267,0.002524174195413256,-0.003725436926136328,0.009213462541693515
training/notflip/0004_000000006,notflip/0004,ENV-01,notflip,-0.04691173486279227,0.06021509632058706,0.002526971971021657,-0.0036941263666919796,0.009144708409441564
training/notflip/0004_000000007,notflip/0004,ENV-01,notflip,-0.04692817219335947,0.06014161970400314,0.002530029650921293,-0.003688079374421876,0.009118654895538479
training/notflip/0004_000000008,notflip/0004,ENV-01,notflip,-0.04714542411150653,0.06065409043635877,0.00252292533671973,-0.0036845505808713753,0.009191852865999455
training/notflip/0004_000000009,notflip/0004,ENV-01,notflip,-0.047570886172526604,0.0615127697607563,0.0025562726055833027,-0.0037159786383209425,0.009299947560575336
training/notflip/0004_000000011,notflip/0004,ENV-01,notflip,-0.0481732036284112,0.06312485041770685,0.002614560737671329,-0.0038387075516562084,0.009653187814578893
training/notflip/0004_000000013,notflip/0004,ENV-01,notflip,-0.04659692472692596,0.06194178884604629,0.002593796282588044,-0.0036887445552361135,0.009437221802610947
training/notflip/0004_000000014,notflip/0004,ENV-01,notflip,-0.04481849449031368,0.06062302894749714,0.002635430658281384,-0.003601616502336605,0.009240476225625217
training/notflip/0004_000000017,notflip/0004,ENV-01,notflip,-0.04112449170571799,0.05809056487234373,0.002830431216530208,-0.0034901099086847628,0.008502014616461512
training/notflip/0004_000000018,notflip/0004,ENV-01,notflip,-0.0404012201638444,0.05737001121290779,0.0028756994447699576,-0.0034679189710208227,0.008243951247437091
training/notflip/0004_000000019,notflip/0004,ENV-01,notflip,-0.039616753466718925,0.0566625922697305,0.0029009815662907525,-0.0034600179438968467,0.008049993575952904
training/notflip/0004_000000021,notflip/0004,ENV-01,notflip,-0.038472419552605164,0.05545024615248302,0.00286892813992033,-0.0033228348328834347,0.0076928458756446005
training/notflip/0004_000000022,notflip/0004,ENV-01,notflip,-0.03806624683919165,0.05453053659630533,0.0027777944710163887,-0.0031911982901345923,0.00742295914785531
training/notflip/0004_000000024,notflip/0004,ENV-01,notflip,-0.03849652238841022,0.05293346839853072,0.002751646792851089,-0.0031888772970279427,0.007227034026943936
training/notflip/0004_000000025,notflip/0004,ENV-01,notflip,-0.03833587224558612,0.05222420004333663,0.0027144215003805836,-0.0031725030479138336,0.007139455416975997
training/notflip/0004_000000026,notflip/0004,ENV-01,notflip,-0.037918562755453765,0.05160153001065733,0.0026811983944014435,-0.003140149870978766,0.007091476976330213
training/notflip/0004_000000027,notflip/0004,ENV-01,notflip,-0.03797402972972786,0.05131183585073131,0.002688877297332054,-0.0031530324847018503,0.00704932587508357
training/notflip/0004_000000028,notflip/0004,ENV-01,notflip,-0.03802037794758917,0.051168461308850534,0.0026916636428760384,-0.0031412889806088037,0.007000826358861518
training/notflip/0005_000000001,notflip/0005,ENV-01,notflip,-0.05679768365280834,0.07421984846075899,0.002465610459157272,-0.004281926026310983,0.011734269483814865
training/notflip/0005_000000002,notflip/0005,ENV-01,notflip,-0.05673104347508321,0.0737858614973119,0.0025021420233196086,-0.004303331428587863,0.011633377864494811
training/notflip/0005_000000003,notflip/0005,ENV-01,notflip,-0.056451939585400034,0.0736599784292158,0.0025078528468357813,-0.004288346351643516,0.011639702059227977
training/notflip/0005_000000004,notflip/0005,ENV-01,notflip,-0.056140505887682074,0.07384090782944801,0.0025019436253251055,-0.004259144865317163,0.01168532026634744
training/notflip/0005_000000006,notflip/0005,ENV-01,notflip,-0.05541323328724165,0.07320106355611665,0.0025173793473585583,-0.004217435333463664,0.011414305345052734
training/notflip/0005_000000007,notflip/0005,ENV-01,notflip,-0.0547574921593984,0.07279975950883158,0.0025132236518003795,-0.004154878265329001,0.01132390277848903
training/notflip/0005_000000008,notflip/0005,ENV-01,notflip,-0.05383176022273167,0.07237369887480916,0.0025158793948592104,-0.0040976727460810295,0.011174690511960666
training/notflip/0005_000000010,notflip/0005,ENV-01,notflip,-0.05142791055242387,0.07093526134815648,0.0026295256308895335,-0.004059288049922576,0.010737748607931108
training/notflip/0005_000000011,notflip/0005,ENV-01,notflip,-0.049874938155044894,0.06977823794131696,0.0027344943747606093,-0.004055463428459716,0.010462618991493861
training/notflip/0005_000000013,notflip/0005,ENV-01,notflip,-0.047023534487978906,0.06667911171395943,0.0028174386335569675,-0.00392597638846968,0.009745783863463963
training/notflip/0005_000000014,notflip/0005,ENV-01,notflip,-0.04581347137401194,0.06488336316516305,0.0027646073588720376,-0.003855369449012902,0.009434112465644464
training/notflip/0005_000000015,notflip/0005,ENV-01,notflip,-0.04451495321676564,0.06281612312094818,0.0027236637322861487,-0.00375582326094293,0.00909238153773869
training/notflip/0005_000000016,notflip/0005,ENV-01,notflip,-0.043220583166508536,0.06077925696369104,0.0027124955307325956,-0.0036420091544952854,0.008756343082684985
training/notflip/0005_000000017,notflip/0005,ENV-01,notflip,-0.04218198749004006,0.059410704716782545,0.002692194340637746,-0.003566228959095087,0.008521088142256553
training/notflip/0005_000000019,notflip/0005,ENV-01,notflip,-0.04080880113677424,0.057330525597593156,0.002635485182828205,-0.0034532806190663693,0.008205121598789888
training/notflip/0005_000000020,notflip/0005,ENV-01,notflip,-0.0399601549753735,0.05630416430486589,0.0026551554947974675,-0.0034606059461483817,0.008183878361604635
training/notflip/0005_000000021,notflip/0005,ENV-01,notflip,-0.03959378501919418,0.05581176303666891,0.0026405642749932315,-0.0034317483875007937,0.008102193493948924
training/notflip/0005_000000023,notflip/0005,ENV-01,notflip,-0.039857045034783066,0.054921568442630755,0.002636952482099724,-0.0034135774241815806,0.007982362493973548
training/notflip/0005_000000024,notflip/0005,ENV-01,notflip,-0.03986507150519939,0.05456800585399512,0.0026469053406587856,-0.0034023748101917294,0.00795568593053662
training/notflip/0006_000000001,notflip/0006,ENV-01,notflip,-0.060904442379670236,0.07415026059467664,0.002502116720418339,-0.003883191748302636,0.010218226403233254
training/notflip/0006_000000002,notflip/0006,ENV-01,notflip,-0.06099144912498456,0.07451769231433618,0.002509595389004441,-0.003984815845203752,0.010446643612657595
training/notflip/0006_000000003,notflip/0006,ENV-01,notflip,-0.06119297006094846,0.07474471937301665,0.0025350433905646248,-0.004057650780398749,0.010654700741770195
training/notflip/0006_000000004,notflip/0006,ENV-01,notflip,-0.06057001072155219,0.0738974555777308,0.0025681635890616784,-0.004109129583226586,0.010682473305719843
training/notflip/0006_000000005,notflip/0006,ENV-01,notflip,-0.05991731406359513,0.07381417464562062,0.0025725116132182015,-0.004139464754319654,0.010755837109597178
training/notflip/0006_000000006,notflip/0006,ENV-01,notflip,-0.05942947932483794,0.0734338904243826,0.002582074270184581,-0.004148231065634644,0.010766585088239435
training/notflip/0006_000000007,notflip/0006,ENV-01,notflip,-0.05902669213045775,0.07318137868697544,0.002574585675359419,-0.004142495092069894,0.010841532587304093
training/notflip/0006_000000008,notflip/0006,ENV-01,notflip,-0.05878916858124621,0.07294448931345715,0.0025760874787091673,-0.0041647547023502315,0.01085446962831336
training/notflip/0006_000000010,notflip/0006,ENV-01,notflip,-0.058022619192558134,0.07242570419481323,0.0025607912124899616,-0.004144692213566151,0.010797471844076846
training/notflip/0006_000000011,notflip/0006,ENV-01,notflip,-0.05761952603426869,0.07246841321003351,0.002555032641437978,-0.004123554477767247,0.010808858313633414
training/notflip/0006_000000012,notflip/0006,ENV-01,notflip,-0.05734678330452422,0.07241528535408424,0.002554296157179049,-0.004113547586022978,0.010796858799745306
training/notflip/0006_000000013,notflip/0006,ENV-01,notflip,-0.05683489134077057,0.07212839960108466,0.0025350903033413423,-0.004087908112864576,0.010777567607568034
training/notflip/0006_000000014,notflip/0006,ENV-01,notflip,-0.056208889182558064,0.0717607532718122,0.0025211782262881937,-0.004079944517583029,0.01075300194763228
training/notflip/0006_000000017,notflip/0006,ENV-01,notflip,-0.054348131126624254,0.07000703659323171,0.0025040238172096205,-0.003970576658064338,0.01046328565152938
training/notflip/0006_000000018,notflip/0006,ENV-01,notflip,-0.053109381290576206,0.06752161834976161,0.0025057705164747116,-0.003995773427395345,0.010536210656685176
training/notflip/0006_000000020,notflip/0006,ENV-01,notflip,-0.05197555220613964,0.0661710467406452,0.002521817756298915,-0.003948755080257319,0.010271687889979121
training/notflip/0006_000000022,notflip/0006,ENV-01,notflip,-0.04985927073905679,0.06324289835026449,0.0025159368522953414,-0.0038139459223330216,0.009750027152295719
training/notflip/0006_000000024,notflip/0006,ENV-01,notflip,-0.04884453993792994,0.06234049678577235,0.002515911249738859,-0.003758185871177744,0.009572711440639264
training/notflip/0007_000000001,notflip/0007,ENV-01,notflip,-0.05276774002892419,0.06766275462889372,0.0025969277035134217,-0.004096144594474232,0.010411392577286646
training/notflip/0007_000000002,notflip/0007,ENV-01,notflip,-0.052532259678836575,0.06748182182409002,0.002594750500068798,-0.004081960171426943,0.010330389672221049
training/notflip/0007_000000003,notflip/0007,ENV-01,notflip,-0.051982624564480766,0.06741267752507063,0.002581115815148695,-0.0040536579168562875,0.010248736164242267
training/notflip/0007_000000004,notflip/0007,ENV-01,notflip,-0.05148083787146436,0.06745008610842798,0.0025597499703431826,-0.003991992097907482,0.010148413319465267
training/notflip/0007_000000005,notflip/0007,ENV-01,notflip,-0.051036757932367796,0.06737937303137838,0.0025456907001925964,-0.00393181230682133,0.010045363571901895
training/notflip/0007_000000006,notflip/0007,ENV-01,notflip,-0.05032271226007325,0.06662545396073379,0.0025261193866767165,-0.0038534594769874214,0.009916313324407572
training/notflip/0007_000000007,notflip/0007,ENV-01,notflip,-0.04963453307591827,0.06559787249380614,0.0025082434468820373,-0.0037754478151502185,0.00976990244674046
training/notflip/0007_000000008,notflip/0007,ENV-01,notflip,-0.048860513111444126,0.06467630160961046,0.002477178939627756,-0.0036889280253155667,0.009586190393288984
training/notflip/0007_000000009,notflip/0007,ENV-01,notflip,-0.048339398064292195,0.06386649527760502,0.0024592753727984353,-0.0036294065210128877,0.009448819036362617
training/notflip/0007_000000011,notflip/0007,ENV-01,notflip,-0.045785715752218376,0.0631669691045027,0.0024288483904969984,-0.0035712128631240872,0.009274149327386027
training/notflip/0007_000000012,notflip/0007,ENV-01,notflip,-0.045857671343421745,0.06230703519541158,0.002425421707367167,-0.003543654066786455,0.009189066132687015
training/notflip/0007_000000013,notflip/0007,ENV-01,notflip,-0.04611217098797938,0.06159131201534395,0.0024216199556632394,-0.0035296046047850263,0.009133462799696908
training/notflip/0007_000000014,notflip/0007,ENV-01,notflip,-0.04607088618903744,0.060991873686029145,0.002407247729638488,-0.003492258608462539,0.009060848042283732
training/notflip/0007_000000015,notflip/0007,ENV-01,notflip,-0.045608802673095736,0.05927595808929286,0.0023906607125609145,-0.0034858442763947136,0.00906288820765998
training/notflip/0007_000000016,notflip/0007,ENV-01,notflip,-0.04568683213805798,0.05883930242795313,0.0023852312195935393,-0.00347361506083254,0.00901502663251128
training/notflip/0007_000000017,notflip/0007,ENV-01,notflip,-0.04550733172905498,0.058614294523510295,0.00238251224613804,-0.003458774376960479,0.008980558121047897
training/notflip/0007_000000018,notflip/0007,ENV-01,notflip,-0.04522001748103417,0.05859779110508669,0.0023668911265962676,-0.0034244861129549722,0.008949341686029401
training/notflip/0007_000000019,notflip/0007,ENV-01,notflip,-0.04455176093302258,0.05772669056539788,0.0023469383576722913,-0.003376867704273967,0.008839259959742532
training/notflip/0007_000000020,notflip/0007,ENV-01,notflip,-0.044208424951207526,0.057402303089685074,0.002334546218719413,-0.0033431525132942386,0.008768741757860464
training/notflip/0007_000000021,notflip/0007,ENV-01,notflip,-0.043751025211277564,0.05714665829511586,0.0023383961692181846,-0.0033138480118900986,0.008674086012499787
training/notflip/0007_000000022,notflip/0007,ENV-01,notflip,-0.043426428048416905,0.05684882745186696,0.0023226978356483425,-0.003282578261941501,0.008631052838395516
training/notflip/0007_000000023,notflip/0007,ENV-01,notflip,-0.043284996257189505,0.05656497991438775,0.002307541136351059,-0.0032504146742823883,0.00856570205759352
training/notflip/0007_000000024,notflip/0007,ENV-01,notflip,-0.04298521199342539,0.056273173460868256,0.0022981410531360794,-0.0032404438507817983,0.008515028636466443
training/notflip/0008_000000001,notflip/0008,ENV-01,notflip,-0.054768552470938085,0.07061874439121,0.002600024336121043,-0.0041548453936286,0.01054988525332664
training/notflip/0008_000000002,notflip/0008,ENV-01,notflip,-0.05471079391469692,0.071246124284144,0.002612574251194764,-0.004169027680522209,0.0106050974146426
training/notflip/0008_000000003,notflip/0008,ENV-01,notflip,-0.05492072829060821,0.0716407618151469,0.0026272159558295835,-0.004184971428326778,0.010642638673617732
training/notflip/0008_000000004,notflip/0008,ENV-01,notflip,-0.054852895318000756,0.07190307774648846,0.0026476721014202075,-0.004198427920717932,0.010657705624368357
training/notflip/0008_000000005,notflip/0008,ENV-01,notflip,-0.05466344762502105,0.07185758756091568,0.0026737601773072703,-0.004233634638956275,0.010666652914604367
training/notflip/0008_000000006,notflip/0008,ENV-01,notflip,-0.05451699410439159,0.07180338617053507,0.0026829702900514644,-0.004227833236740164,0.010648959569463188
training/notflip/0008_000000007,notflip/0008,ENV-01,notflip,-0.05430400989261644,0.07175948701430104,0.002690900888073064,-0.004226720973318685,0.01063280532777466
training/notflip/0008_000000010,notflip/0008,ENV-01,notflip,-0.05328434032835494,0.07312208138222115,0.002697753232132966,-0.00412099711446709,0.010629227874573682
training/notflip/0008_000000011,notflip/0008,ENV-01,notflip,-0.052697747559949014,0.07337432196980605,0.0026958966115027843,-0.0040825117001960795,0.010621080301117537
training/notflip/0008_000000014,notflip/0008,ENV-01,notflip,-0.04969381928467535,0.07141549236663798,0.0027541827732403476,-0.0038550321960283368,0.010069677722043402
training/notflip/0008_000000015,notflip/0008,ENV-01,notflip,-0.04796922332049174,0.06968129069338647,0.002766814367392661,-0.0037529065117971735,0.00971112118065734
training/notflip/0008_000000016,notflip/0008,ENV-01,notflip,-0.04603853202771972,0.06801301672839184,0.002826432179282717,-0.003696958970498915,0.009454772973862659
training/notflip/0008_000000017,notflip/0008,ENV-01,notflip,-0.04460553225840718,0.06657783774168895,0.0029217306797622473,-0.00371221352055499,0.009268740085421789
training/notflip/0008_000000018,notflip/0008,ENV-01,notflip,-0.04304193976602733,0.06449707084750361,0.0029592035072040627,-0.003620506855461375,0.008931858845742649
training/notflip/0008_000000019,notflip/0008,ENV-01,notflip,-0.041282636246626446,0.06281592456145974,0.002958713482980084,-0.003564637738560865,0.008680320034571145
training/notflip/0008_000000021,notflip/0008,ENV-01,notflip,-0.038913163092001074,0.06010403955454781,0.002926907786150244,-0.0035114333642802848,0.00826410259996773
training/notflip/0008_000000022,notflip/0008,ENV-01,notflip,-0.03803330933420539,0.0582870179038837,0.0028742058309553027,-0.0034537929937066055,0.008039754465041717
training/notflip/0008_000000024,notflip/0008,ENV-01,notflip,-0.03757110105928698,0.056357855617441714,0.0028428729972566585,-0.0034700830694125145,0.007885443115652768
training/notflip/0009_000000001,notflip/0009,ENV-01,notflip,-0.05806626295776229,0.07235847144124534,0.0025579259393146824,-0.0039025853427405626,0.009942633752994033
training/notflip/0009_000000006,notflip/0009,ENV-01,notflip,-0.055118290476674194,0.07010390006437829,0.002576528039184722,-0.0037591529429828415,0.009523095165789973
training/notflip/0009_000000007,notflip/0009,ENV-01,notflip,-0.05453523089487449,0.06980299027233977,0.002565674791352411,-0.0037242603300116036,0.009453641768466256
training/notflip/0009_000000008,notflip/0009,ENV-01,notflip,-0.05369458354846755,0.0691939912975635,0.0025245794424220065,-0.0036580207017979775,0.00936708406063122
training/notflip/0009_000000009,notflip/0009,ENV-01,notflip,-0.05289591331529163,0.06856775217935306,0.002513595204346887,-0.0035853478384162813,0.009185244459432548
training/notflip/0009_000000010,notflip/0009,ENV-01,notflip,-0.052091099244265436,0.06795969566299497,0.0025092172875029713,-0.0035256315718993703,0.009043285741882488
training/notflip/0009_000000011,notflip/0009,ENV-01,notflip,-0.0510504000014263,0.06699305128849155,0.0024829251362552592,-0.0034644184279117992,0.008874502788763006
training/notflip/0009_000000013,notflip/0009,ENV-01,notflip,-0.049253307307846814,0.06449252221804,0.0024734548642088607,-0.003352269877177798,0.008516204287846278
training/notflip/0009_000000014,notflip/0009,ENV-01,notflip,-0.04845779010240962,0.06336464924097832,0.0024736410769560764,-0.003329063584246959,0.008448350210938472
training/notflip/0009_000000016,notflip/0009,ENV-01,notflip,-0.0472073980558383,0.061037035452019044,0.0024392993581774294,-0.003287678901796699,0.008245634734016911
training/notflip/0009_000000018,notflip/0009,ENV-01,notflip,-0.04630790306614231,0.05940426642840073,0.0024361671579702124,-0.003248924490510182,0.008088477031368788
training/notflip/0009_000000019,notflip/0009,ENV-01,notflip,-0.04577577362783492,0.058773411318842776,0.0024499961161099683,-0.0032549194530066224,0.008060553901400208
training/notflip/0009_000000020,notflip/0009,ENV-01,notflip,-0.04537407552050282,0.05799798727067533,0.0024580998963918094,-0.00325595509274867,0.008017142996053588
training/notflip/0009_000000021,notflip/0009,ENV-01,notflip,-0.04473660224389621,0.057285769462010264,0.002466793010142014,-0.003244980703684188,0.007953908473798343
training/notflip/0009_000000022,notflip/0009,ENV-01,notflip,-0.0440732621695743,0.056425898659088466,0.002484371702513775,-0.003247721712622234,0.007893834583778868
training/notflip/0009_000000023,notflip/0009,ENV-01,notflip,-0.043207010442389775,0.05553336257082234,0.00247720486287471,-0.0032203267763029745,0.007796818129586773
training/notflip/0009_000000024,notflip/0009,ENV-01,notflip,-0.04287278981165601,0.054776310686199224,0.0024729884828038214,-0.0032040113156568332,0.0077255868598853404
training/notflip/0010_000000001,notflip/0010,ENV-01,notflip,-0.04903146046189213,0.061689811626405536,0.002732195378486987,-0.00394381847518953,0.009583613459692953
training/notflip/0010_000000002,notflip/0010,ENV-01,notflip,-0.04875834789246799,0.06123829829231284,0.002728570380139177,-0.003906286167233363,0.009471048292213024
training/notflip/0010_000000003,notflip/0010,ENV-01,notflip,-0.047974908883224886,0.06051082167938635,0.0027231234104375924,-0.003823863794134683,0.009293571054351872
training/notflip/0010_000000004,notflip/0010,ENV-01,notflip,-0.046925287670878515,0.05937230236324693,0.002684716126373732,-0.0037048338654496597,0.009039673250517594
training/notflip/0010_000000005,notflip/0010,ENV-01,notflip,-0.045860011735144396,0.05810206320550463,0.002658865771079977,-0.003575493982230966,0.008693318281752606
training/notflip/0010_000000006,notflip/0010,ENV-01,notflip,-0.04469312977720534,0.05640681579118914,0.0026284636813645908,-0.00344654274523207,0.008334211633420756
training/notflip/0010_000000008,notflip/0010,ENV-01,notflip,-0.04185313097934969,0.05262731982169613,0.0026159228129841766,-0.003265735080540021,0.007797730141577833
training/notflip/0010_000000010,notflip/0010,ENV-01,notflip,-0.03980032335050168,0.04991072848069346,0.002642523989615688,-0.0031947273901089725,0.007555154272820856
training/notflip/0010_000000011,notflip/0010,ENV-01,notflip,-0.03900749945300041,0.0487577954236402,0.002647956306243932,-0.0031540243307365433,0.007416588718199295
training/notflip/0010_000000012,notflip/0010,ENV-01,notflip,-0.0385446212564299,0.04820827407432939,0.002662094309388844,-0.0031494163831062424,0.007373731201450476
training/notflip/0010_000000013,notflip/0010,ENV-01,notflip,-0.03834675568625208,0.04775381882546027,0.0026910689852489562,-0.0031497926695423207,0.007295024859279137
training/notflip/0010_000000014,notflip/0010,ENV-01,notflip,-0.03794836033806916,0.04734049457280065,0.002690334984505352,-0.0031278527050895293,0.007202842098776512
training/notflip/0010_000000015,notflip/0010,ENV-01,notflip,-0.03798212575146804,0.04705630888839053,0.0027099091415931577,-0.0031286906703374704,0.007164427606704785
training/notflip/0010_000000016,notflip/0010,ENV-01,notflip,-0.03778212390309522,0.04669070104645953,0.0027171213338082244,-0.0031144880480080536,0.007083086058896611
training/notflip/0010_000000017,notflip/0010,ENV-01,notflip,-0.037765273495452584,0.04694644420883432,0.0027257771568073483,-0.0030944518961354326,0.007092037959492821
training/notflip/0010_000000018,notflip/0010,ENV-01,notflip,-0.0377570950234041,0.046970064033379534,0.0027235867631606354,-0.0030764487807739323,0.007056722769609677
training/notflip/0010_000000019,notflip/0010,ENV-01,notflip,-0.03784453507140137,0.04714304619038858,0.0027297883055470095,-0.0030853196672897655,0.007086591343249086
training/notflip/0010_000000020,notflip/0010,ENV-01,notflip,-0.03803313225694799,0.047745213283969155,0.0027283381581565892,-0.003090197967466715,0.007136277407405911
training/notflip/0010_000000021,notflip/0010,ENV-01,notflip,-0.038336446405178165,0.04806265044802532,0.0027218640412982947,-0.0030868562951553457,0.007119914876521901
training/notflip/0010_000000022,notflip/0010,ENV-01,notflip,-0.03864760014333935,0.0487824385651829,0.0027235235182206854,-0.003074064896281932,0.007161265202803878
training/notflip/0010_000000023,notflip/0010,ENV-01,notflip,-0.03915219231385961,0.04991690948072378,0.00273428535065945,-0.003092939628949164,0.007208486356088447
training/notflip/0010_000000024,notflip/0010,ENV-01,notflip,-0.03948590100970183,0.05038335210516849,0.002757171009467917,-0.003110401863620799,0.007211861183296254
training/notflip/0011_000000001,notflip/0011,ENV-01,notflip,-0.054750762191698714,0.06793550411357838,0.0026432553954063333,-0.004032337943000429,0.010162414745185882
training/notflip/0011_000000002,notflip/0011,ENV-01,notflip,-0.05444998862742956,0.06772936969587116,0.0026431778680466997,-0.004062351307241164,0.01019862644572718
training/notflip/0011_000000003,notflip/0011,ENV-01,notflip,-0.05414690243005127,0.0674742837374379,0.002654141635220323,-0.004071419824896797,0.010147914880013046
training/notflip/0011_000000004,notflip/0011,ENV-01,notflip,-0.05372469493757474,0.06733949674145473,0.002659673008389177,-0.0040876292747460555,0.010151801089723632
training/notflip/0011_000000005,notflip/0011,ENV-01,notflip,-0.05352340195246257,0.06717482088839748,0.0026818864856395664,-0.0041060711685789175,0.010143672220948587
training/notflip/0011_000000006,notflip/0011,ENV-01,notflip,-0.05324280931359965,0.06716924407826251,0.0026915728435450985,-0.0041205864079158615,0.010243796796064833
training/notflip/0011_000000007,notflip/0011,ENV-01,notflip,-0.052967445097464275,0.06705354554340348,0.0027050359683768984,-0.004138465903834782,0.010297812420397212
training/notflip/0011_000000008,notflip/0011,ENV-01,notflip,-0.05252505667958156,0.06671820093984798,0.0027174287694828876,-0.004129940149270203,0.010280906919757457
training/notflip/0011_000000009,notflip/0011,ENV-01,notflip,-0.052047926653163414,0.06574652606738499,0.0027560465337760375,-0.0041344582901597544,0.010329573207134226
training/notflip/0011_000000010,notflip/0011,ENV-01,notflip,-0.05149261546972667,0.0653028794827113,0.0027535519143065275,-0.004108098445474284,0.01024572299846376
training/notflip/0011_000000011,notflip/0011,ENV-01,notflip,-0.05076678528531412,0.06525835157502809,0.0027660291976888923,-0.004091552097778858,0.01022051477510925
training/notflip/0011_000000012,notflip/0011,ENV-01,notflip,-0.04998712413061255,0.06505048435188711,0.002737419535401839,-0.004019216007063748,0.01014553637319137
training/notflip/0011_000000013,notflip/0011,ENV-01,notflip,-0.04946360677661208,0.06462287524567326,0.002718377106507418,-0.003935351624210647,0.009987598640529458
training/notflip/0011_000000014,notflip/0011,ENV-01,notflip,-0.048560961442166005,0.06424439046220237,0.0026667517963569515,-0.0037905182434735465,0.009780017481105553
training/notflip/0011_000000015,notflip/0011,ENV-01,notflip,-0.04731345113189432,0.063242380004214,0.0026287018025339904,-0.003654199091749257,0.009481576074973472
training/notflip/0011_000000016,notflip/0011,ENV-01,notflip,-0.04594594580091954,0.06175556266170683,0.002642937727505665,-0.003595853046330528,0.009253810729708661
training/notflip/0011_000000019,notflip/0011,ENV-01,notflip,-0.04183883457061237,0.05893167988943904,0.0027738371673692074,-0.00345333638007157,0.008679499876367501
training/notflip/0011_000000020,notflip/0011,ENV-01,notflip,-0.040963781092454896,0.05914809732978016,0.0028187236097077972,-0.003452263164523102,0.008553697683037289
training/notflip/0011_000000021,notflip/0011,ENV-01,notflip,-0.04037518918785581,0.05916254961530977,0.0028803409893529254,-0.0035253846722931637,0.00854762524774222
training/notflip/0011_000000022,notflip/0011,ENV-01,notflip,-0.03942559567798733,0.05769155720871103,0.002883450509936024,-0.0035358539181366785,0.008374117864864658
training/notflip/0011_000000023,notflip/0011,ENV-01,notflip,-0.03857030767474781,0.05578540155912178,0.002845239265097075,-0.003469368954874978,0.00811670968936873
training/notflip/0011_000000024,notflip/0011,ENV-01,notflip,-0.037800187331227385,0.0544227209825812,0.0028133752209236595,-0.003401929817921787,0.007905558539905839
training/notflip/0015_000000001,notflip/0015,ENV-02,notflip,-0.05245143619066801,0.0932055786991852,0.0028551090106211804,-0.0061239715941963655,0.016192859978410887
training/notflip/0015_000000006,notflip/0015,ENV-02,notflip,-0.05460791708455196,0.09578967565851011,0.0028844640261172683,-0.006123779798435128,0.01619915361762839
training/notflip/0015_000000007,notflip/0015,ENV-02,notflip,-0.05508081541856282,0.09602705833015822,0.0028971794398675484,-0.006098121395336914,0.016090343587775377
training/notflip/0015_000000008,notflip/0015,ENV-02,notflip,-0.05546335089791055,0.09612165301900298,0.002893443628146628,-0.0060385519935821745,0.01593886869197762
training/notflip/0015_000000009,notflip/0015,ENV-02,notflip,-0.05592632495973324,0.09597008440244648,0.00289052712721792,-0.005997530610407305,0.015829793955599577
training/notflip/0015_000000010,notflip/0015,ENV-02,notflip,-0.055996507611333,0.09544600918724669,0.002888036474389482,-0.005940774135705164,0.01566894662654915
training/notflip/0015_000000011,notflip/0015,ENV-02,notflip,-0.056334852098964994,0.09511664240374254,0.002889912479989633,-0.005902659084240319,0.01553671182239242
training/notflip/0015_000000012,notflip/0015,ENV-02,notflip,-0.056316520371957564,0.09473394993435194,0.00288514778865542,-0.005879084081966786,0.015512762605298476
training/notflip/0015_000000013,notflip/0015,ENV-02,notflip,-0.05609059909801306,0.09434112704009728,0.0028896511422375508,-0.0058616485145214225,0.015446547119183529
training/notflip/0015_000000014,notflip/0015,ENV-02,notflip,-0.055677969049833555,0.09362843684710037,0.002893557514916407,-0.00586238033951107,0.01543263390603254
training/notflip/0015_000000015,notflip/0015,ENV-02,notflip,-0.054981432768494945,0.09302046714732239,0.002887826405035109,-0.005889583546528563,0.015529783287789777
training/notflip/0015_000000016,notflip/0015,ENV-02,notflip,-0.05441416092440941,0.09270460228745998,0.0029237779027422675,-0.005949927375533362,0.015608424188822204
training/notflip/0015_000000017,notflip/0015,ENV-02,notflip,-0.053746381638819604,0.09276615682329127,0.002941316296658582,-0.005967251169976939,0.01560418832650025
training/notflip/0015_000000019,notflip/0015,ENV-02,notflip,-0.05257551121172187,0.09234198815843368,0.002996095859841501,-0.005944759390675503,0.01527214356135376
training/notflip/0015_000000020,notflip/0015,ENV-02,notflip,-0.051540897400131666,0.09085991934238893,0.003041862548770754,-0.006028010383484674,0.015183376074688195
training/notflip/0015_000000022,notflip/0015,ENV-02,notflip,-0.04986070582846082,0.08720270501202838,0.0029461046870034374,-0.005814553607609121,0.014420692554406438
training/notflip/0015_000000023,notflip/0015,ENV-02,notflip,-0.04967373824900334,0.08468719388036311,0.002925849994123521,-0.005640476911075483,0.013784553180864688
training/notflip/0015_000000024,notflip/0015,ENV-02,notflip,-0.0479010251518377,0.08021307650975538,0.002889735045268136,-0.0055154496804565925,0.013446377409144408
training/notflip/0016_000000002,notflip/0016,ENV-02,notflip,-0.03472425259115598,0.04423671842997073,0.001599044215004493,-0.0023889784056522236,0.0065888950855286016
training/notflip/0016_000000003,notflip/0016,ENV-02,notflip,-0.03472578829263882,0.04424342032948052,0.001598883874826001,-0.002388546839973938,0.006588045465914538
training/notflip/0016_000000004,notflip/0016,ENV-02,notflip,-0.03492321478138872,0.04427464535937842,0.0016092813792613564,-0.002404246736399921,0.006637487775212711
training/notflip/0016_000000005,notflip/0016,ENV-02,notflip,-0.034841352254232114,0.04442460507259443,0.0016003477693834647,-0.002408155124660905,0.006638908335228869
training/notflip/0016_000000006,notflip/0016,ENV-02,notflip,-0.0347927498098624,0.045016269913437955,0.001594772854699096,-0.0024139673527574378,0.0066924096425822616
training/notflip/0016_000000007,notflip/0016,ENV-02,notflip,-0.03479424196437394,0.04518230844634212,0.0015969175415854729,-0.0024119819048520415,0.006628491883444706
training/notflip/0016_000000008,notflip/0016,ENV-02,notflip,-0.03512129045022379,0.04513496982148727,0.0016001415377732001,-0.0024228662811801994,0.0065844374934247085
training/notflip/0016_000000009,notflip/0016,ENV-02,notflip,-0.0352275284461193,0.04536544486021759,0.0016036376681895547,-0.0024125424180608526,0.0065743648920038025
training/notflip/0016_000000010,notflip/0016,ENV-02,notflip,-0.03537367600283989,0.04571486700322543,0.0016028965681868636,-0.0024062237165023803,0.006594549238075023
training/notflip/0016_000000011,notflip/0016,ENV-02,notflip,-0.035494428451905,0.04578780095538927,0.0016052321322567163,-0.002406893927135051,0.0065649017881555015
training/notflip/0016_000000012,notflip/0016,ENV-02,notflip,-0.03545801224562284,0.045982700286287856,0.0016029249442292821,-0.0023905794307765684,0.00654651400279845
training/notflip/0016_000000013,notflip/0016,ENV-02,notflip,-0.035384643235308474,0.045852718113792795,0.001598259937918295,-0.0023847167883643923,0.00649748448204448
training/notflip/0016_000000015,notflip/0016,ENV-02,notflip,-0.035527667999509446,0.0458203737093369,0.0015917513311954183,-0.0023629975347408193,0.006444432061139719
training/notflip/0016_000000016,notflip/0016,ENV-02,notflip,-0.03551817217998561,0.04588323924847942,0.0015934697676910391,-0.0023592493890961987,0.006425014565158349
training/notflip/0016_000000017,notflip/0016,ENV-02,notflip,-0.035463055026167256,0.04613969141292335,0.0015893168476410627,-0.0023510059951318586,0.006430091296817404
training/notflip/0016_000000018,notflip/0016,ENV-02,notflip,-0.0354847903307857,0.046402253202982524,0.0015820928587902538,-0.0023502882725370384,0.006447412378113525
training/notflip/0016_000000019,notflip/0016,ENV-02,notflip,-0.03539477966999161,0.04655755821545358,0.001568630091800073,-0.002338954546614235,0.006469724423567762
training/notflip/0019_000000001,notflip/0019,ENV-02,notflip,-0.0350100189610519,0.04216852960456086,0.0013851943261301292,-0.0019740098925148607,0.005351600883403071
training/notflip/0019_000000003,notflip/0019,ENV-02,notflip,-0.03495622813240243,0.041559508864843546,0.0013888792148372788,-0.0019556997237266662,0.005322706753876697
training/notflip/0019_000000005,notflip/0019,ENV-02,notflip,-0.03480694364587592,0.04187949836339336,0.0013878814630264205,-0.001964258030755059,0.005411198830211733
training/notflip/0019_000000006,notflip/0019,ENV-02,notflip,-0.03477570117062748,0.04217469431128374,0.0014011471088452205,-0.0019883629266569877,0.005445326522587049
training/notflip/0019_000000007,notflip/0019,ENV-02,notflip,-0.03457112080195549,0.0422820020358563,0.0014006802816045544,-0.0019879692901875468,0.00549487846256023
training/notflip/0019_000000008,notflip/0019,ENV-02,notflip,-0.03455326602779411,0.04241064925144569,0.0013998779067991962,-0.001993809939794343,0.005509048112252274
training/notflip/0019_000000009,notflip/0019,ENV-02,notflip,-0.03463577794141986,0.04264597847995504,0.0014110868896346994,-0.0020142643076472766,0.005557129500937064
training/notflip/0019_000000010,notflip/0019,ENV-02,notflip,-0.03475909718518219,0.04299190145274462,0.0014232287534102176,-0.0020283890422198173,0.005610792700557105
training/notflip/0019_000000011,notflip/0019,ENV-02,notflip,-0.03463092142220949,0.043064505283039525,0.0014177648518843443,-0.0020292658165461247,0.005679919398248745
training/notflip/0019_000000013,notflip/0019,ENV-02,notflip,-0.034815875109035534,0.04337671326805594,0.0014327550462026187,-0.002047865738166416,0.005701810721906656
training/notflip/0019_000000014,notflip/0019,ENV-02,notflip,-0.03485652424602788,0.04342730544759512,0.0014340089510774651,-0.0020423764202608893,0.00567681669073907
training/notflip/0019_000000016,notflip/0019,ENV-02,notflip,-0.03469175850165556,0.04344453416139532,0.0014344076755899724,-0.002034102131167597,0.005626812224128686
training/notflip/0019_000000017,notflip/0019,ENV-02,notflip,-0.0345818156078741,0.04342695465511202,0.0014307144661921969,-0.0020184242486090877,0.005620169803292987
training/notflip/0019_000000018,notflip/0019,ENV-02,notflip,-0.03461727182014372,0.043344443034627596,0.0014388708648418542,-0.0020201364288876737,0.005590585263305194
training/notflip/0019_000000019,notflip/0019,ENV-02,notflip,-0.03461419835334071,0.043421019635391085,0.0014437788054899462,-0.00201993189542339,0.005601145005138251
training/notflip/0019_000000020,notflip/0019,ENV-02,notflip,-0.034680758866938374,0.04341493797590077,0.0014489658918971783,-0.002017580939650334,0.005585135725665804
training/notflip/0019_000000021,notflip/0019,ENV-02,notflip,-0.0346326262551755,0.04352393752945433,0.0014508759980736106,-0.0020125361990479657,0.005585181354303647
training/notflip/0019_000000022,notflip/0019,ENV-02,notflip,-0.03454415439162072,0.043550973841760925,0.001449420963005439,-0.002004863829887384,0.005574469021099882
training/notflip/0019_000000023,notflip/0019,ENV-02,notflip,-0.03442432695452242,0.04358638260398468,0.0014454209198922912,-0.0019883139981752423,0.005561062473805525
training/notflip/0020_000000001,notflip/0020,ENV-02,notflip,-0.03248251033933008,0.04258538184470703,0.00142459504129941,-0.001983818687026612,0.005819065165831568
training/notflip/0020_000000002,notflip/0020,ENV-02,notflip,-0.03231088006505295,0.04230063987758984,0.001419519026610926,-0.0019706392928076303,0.0057476747461241914
training/notflip/0020_000000003,notflip/0020,ENV-02,notflip,-0.032257452059035685,0.04196112552477122,0.001419650894429559,-0.001961566532843853,0.005684155077703188
training/notflip/0020_000000005,notflip/0020,ENV-02,notflip,-0.0320728551065212,0.04087942875449168,0.0014111228766127326,-0.0019131582431609314,0.005457926276082943
training/notflip/0020_000000006,notflip/0020,ENV-02,notflip,-0.03205731884740603,0.04036577092091827,0.0014074390337394764,-0.001893975992935957,0.005344939502845319
training/notflip/0020_000000007,notflip/0020,ENV-02,notflip,-0.0320487687814161,0.040502301057642694,0.0013983918310342986,-0.0018827859634507112,0.005312455531723175
training/notflip/0020_000000008,notflip/0020,ENV-02,notflip,-0.0321330793294221,0.040585952966482965,0.0013991634287826456,-0.0018760665302462024,0.005315698243116366
training/notflip/0020_000000009,notflip/0020,ENV-02,notflip,-0.03233691238253576,0.04088442666583544,0.001399378487499136,-0.0018818576363826963,0.005347049103026943
training/notflip/0020_000000011,notflip/0020,ENV-02,notflip,-0.032324122987939546,0.04148921698195735,0.0014027204516391687,-0.0018986060303297632,0.005451095327252898
training/notflip/0020_000000012,notflip/0020,ENV-02,notflip,-0.03236427866138599,0.04174831267478105,0.0014017633251855164,-0.0019027964833614004,0.00548992444171691
training/notflip/0020_000000013,notflip/0020,ENV-02,notflip,-0.032440168546013066,0.041979285510539616,0.0014096273666768197,-0.0019193530428128697,0.005525368269128159
training/notflip/0020_000000014,notflip/0020,ENV-02,notflip,-0.032457695066820204,0.042248022464220776,0.0014107162769825875,-0.0019276178719186026,0.005563480819293853
training/notflip/0020_000000015,notflip/0020,ENV-02,notflip,-0.03258632157190252,0.0425250720446298,0.0014168033774836577,-0.0019485817074541996,0.005605090218130537
training/notflip/0021_000000007,notflip/0021,ENV-02,notflip,-0.04225402367409801,0.06895103461239384,0.001530054394548794,-0.0030073934014589027,0.010367708084942452
training/notflip/0021_000000008,notflip/0021,ENV-02,notflip,-0.041748399481636264,0.06846039265665378,0.0015470702260660274,-0.0030081741988993876,0.010234812090285839
training/notflip/0021_000000022,notflip/0021,ENV-02,notflip,-0.03698066047224758,0.050009760907236675,0.0015682615999839241,-0.002233056258936006,0.006195838069948972
training/notflip/0021_000000023,notflip/0021,ENV-02,notflip,-0.03736737078528,0.05027392065737002,0.0015993964055323203,-0.002236874122440585,0.006134418095929453
training/notflip/0021_000000025,notflip/0021,ENV-02,notflip,-0.037994935371670986,0.0507874600604827,0.001623119701898818,-0.0022339157654543986,0.00606906987374526
training/notflip/0023_000000001,notflip/0023,ENV-02,notflip,-0.04126505193836897,0.06289257654916965,0.0015794254442144974,-0.002862670284503983,0.009008039929247369
training/notflip/0023_000000002,notflip/0023,ENV-02,notflip,-0.04069077625534794,0.061826231236140436,0.0015740259315422836,-0.00281386857468764,0.008803323228670463
training/notflip/0023_000000003,notflip/0023,ENV-02,notflip,-0.040172500532635054,0.061147438297097775,0.0015620701061584304,-0.0027545045358463717,0.008618681176725353
training/notflip/0023_000000004,notflip/0023,ENV-02,notflip,-0.04017713704676779,0.06205938555125438,0.0015511152582016485,-0.002771530376804515,0.008746863563039515
training/notflip/0023_000000005,notflip/0023,ENV-02,notflip,-0.04049949350125628,0.06308575997590113,0.0015393732948679173,-0.0027613260101880285,0.008853392215756838
training/notflip/0023_000000006,notflip/0023,ENV-02,notflip,-0.040960777383358925,0.06357514807649871,0.0015445954647179802,-0.0027680732267189156,0.00886770584499663
training/notflip/0023_000000007,notflip/0023,ENV-02,notflip,-0.041401856502732565,0.06403362728600472,0.0015550858547078038,-0.002750720023559411,0.008807268782625395
training/notflip/0023_000000008,notflip/0023,ENV-02,notflip,-0.041509241166742344,0.06383961156306972,0.0015635313925340079,-0.002741261320993503,0.008755508197019304
training/notflip/0023_000000009,notflip/0023,ENV-02,notflip,-0.041659137684278875,0.06379430644029031,0.00155177534712895,-0.0027073002042651735,0.008742578638096639
training/notflip/0023_000000010,notflip/0023,ENV-02,notflip,-0.041551884899485206,0.06302151157266461,0.0015702947578198532,-0.002699813890663604,0.008584487829079118
training/notflip/0023_000000011,notflip/0023,ENV-02,notflip,-0.041047140830525075,0.0624222237740584,0.0015898480135902455,-0.0027177124747789767,0.008473687658770624
training/notflip/0023_000000012,notflip/0023,ENV-02,notflip,-0.04029553424447953,0.06133258851516927,0.0016166851817006381,-0.002718145231091834,0.008307647426803915
training/notflip/0023_000000013,notflip/0023,ENV-02,notflip,-0.03863743233832551,0.05901117445138558,0.0015962390018175695,-0.0026267954440725642,0.007955245422103192
training/notflip/0023_000000015,notflip/0023,ENV-02,notflip,-0.035827203777238234,0.05433694559369829,0.0015621633424195585,-0.002468059627185729,0.00729110363741213
training/notflip/0023_000000016,notflip/0023,ENV-02,notflip,-0.03523795061910484,0.052309433983719476,0.0015631664150410336,-0.0024548652308353913,0.00704457282648603
training/notflip/0023_000000017,notflip/0023,ENV-02,notflip,-0.03478341197709924,0.04993107201287951,0.001530322251615913,-0.0023636966570580137,0.006581382937056612
training/notflip/0023_000000018,notflip/0023,ENV-02,notflip,-0.03431705765902898,0.047881555439696424,0.0015047740223462461,-0.0022596866164589333,0.0061468767176327925
training/notflip/0023_000000019,notflip/0023,ENV-02,notflip,-0.03392713859464552,0.046200375837485846,0.0014756700434530874,-0.0021701384596076144,0.005841337383177018
training/notflip/0023_000000021,notflip/0023,ENV-02,notflip,-0.0332414456123337,0.04374176859662727,0.0014362746743917724,-0.002030483491401239,0.005376406605274221
training/notflip/0023_000000022,notflip/0023,ENV-02,notflip,-0.033161978374977884,0.043380651992806996,0.0014306067659516136,-0.0020088488424342458,0.0053064457576677704
training/notflip/0023_000000023,notflip/0023,ENV-02,notflip,-0.03314755462746647,0.04306205411296412,0.0014356916474058024,-0.002002664656155235,0.005248377117025477
training/notflip/0024_000000001,notflip/0024,ENV-02,notflip,-0.03342737559748868,0.03931743165837736,0.0012944127179445,-0.0016965178857788537,0.004741797620877611
training/notflip/0024_000000003,notflip/0024,ENV-02,notflip,-0.03256400034381836,0.036936261766977806,0.0012771965700335156,-0.0016099010030160852,0.00437075191972556
training/notflip/0024_000000005,notflip/0024,ENV-02,notflip,-0.03241586500201123,0.03585415912310811,0.0012702080229404073,-0.0015471049310637206,0.004090417637859837
training/notflip/0024_000000008,notflip/0024,ENV-02,notflip,-0.03235602970928709,0.0357137016912664,0.0012626401649601078,-0.0015354795507199074,0.004040818972143582
training/notflip/0024_000000009,notflip/0024,ENV-02,notflip,-0.03238704505921886,0.03575497482834699,0.0012637084351998637,-0.0015363108050625376,0.0040533387460678465
training/notflip/0024_000000010,notflip/0024,ENV-02,notflip,-0.03246923769718356,0.035561461036563054,0.0012813504708737023,-0.0015607596810319879,0.004042252507073563
training/notflip/0024_000000011,notflip/0024,ENV-02,notflip,-0.03241215122962405,0.035584345473607934,0.0012826916760938164,-0.0015580903660646717,0.004041151408245276
training/notflip/0024_000000012,notflip/0024,ENV-02,notflip,-0.03230241399724923,0.035731280589590575,0.0012803331775416923,-0.001556774976617158,0.004061366278792377
training/notflip/0024_000000013,notflip/0024,ENV-02,notflip,-0.03225757269033758,0.035832146256433786,0.0012787301586247423,-0.0015550806913316455,0.0040644476414818395
training/notflip/0024_000000014,notflip/0024,ENV-02,notflip,-0.032300889234105075,0.03611730747224486,0.0012831716827127375,-0.0015647230149958553,0.004114875184570042
training/notflip/0024_000000015,notflip/0024,ENV-02,notflip,-0.032321792399444035,0.0365705330627494,0.0012822936906312582,-0.0015771401464592517,0.004199390313373848
training/notflip/0024_000000016,notflip/0024,ENV-02,notflip,-0.032433189369935334,0.0371098521264136,0.0012873079083922931,-0.0015978680630648109,0.004303362466491434
training/notflip/0024_000000017,notflip/0024,ENV-02,notflip,-0.03257429084397096,0.03788106423294623,0.001293034447630304,-0.0016193497008358483,0.004447351677580482
training/notflip/0024_000000018,notflip/0024,ENV-02,notflip,-0.03253064821387856,0.03876843266764808,0.0012904503883582807,-0.0016355728120815627,0.004613807047316811
training/notflip/0024_000000021,notflip/0024,ENV-02,notflip,-0.032613247427830505,0.04041534039141928,0.0012992060436062289,-0.0016770175925684566,0.004885306255060915
training/notflip/0024_000000023,notflip/0024,ENV-02,notflip,-0.032657741081315486,0.04112286220130062,0.001304251884092878,-0.0017032165083196063,0.0049373382158765826
training/notflip/0025_000000001,notflip/0025,ENV-02,notflip,-0.04033437711089307,0.05838928588951687,0.0014466543176346466,-0.0024988859416065225,0.007857754091441443
training/notflip/0025_000000002,notflip/0025,ENV-02,notflip,-0.039774289278757306,0.058360424240379676,0.0014431855624556203,-0.00247727495534597,0.007811068780858858
training/notflip/0025_000000003,notflip/0025,ENV-02,notflip,-0.03967730883234621,0.05845463445579911,0.0014417619589662848,-0.0024479311227111424,0.0077465513252119745
training/notflip/0025_000000004,notflip/0025,ENV-02,notflip,-0.03966587176727107,0.058799448632521505,0.0014356939797905964,-0.0024417589491992917,0.007761591399085639
training/notflip/0025_000000005,notflip/0025,ENV-02,notflip,-0.03956477540973626,0.05919884052639571,0.0014235172307233133,-0.0024081923533500783,0.00774975977001586
training/notflip/0025_000000006,notflip/0025,ENV-02,notflip,-0.03962909150005416,0.05921364226689852,0.001383755432450861,-0.002351308691000771,0.0077930955323164365
training/notflip/0025_000000007,notflip/0025,ENV-02,notflip,-0.039158841069554,0.05875670605795096,0.001368633458156316,-0.002303548593541134,0.007688283362047016
training/notflip/0025_000000008,notflip/0025,ENV-02,notflip,-0.03878595464966411,0.058440387903676894,0.001373887799797037,-0.002269805554738397,0.007542780497195638
training/notflip/0025_000000009,notflip/0025,ENV-02,notflip,-0.03842618051174756,0.05779065675395445,0.001387982544091073,-0.0022172504238589276,0.007332592194977569
training/notflip/0025_000000012,notflip/0025,ENV-02,notflip,-0.03616668946381597,0.051212661404910834,0.0013803920041749092,-0.0019422156721686844,0.006089262314149825
training/notflip/0025_000000014,notflip/0025,ENV-02,notflip,-0.03474801107567487,0.04629767156765487,0.0013598907327414804,-0.0018097977762658386,0.005314849378207087
training/notflip/0025_000000015,notflip/0025,ENV-02,notflip,-0.034103449549178266,0.04373223470137212,0.001338495522506595,-0.001730119320078963,0.004914458793477439
training/notflip/0025_000000016,notflip/0025,ENV-02,notflip,-0.03328374788316259,0.04128805263106119,0.0013066992372472394,-0.0016446511060538575,0.004534743226326408
training/notflip/0025_000000017,notflip/0025,ENV-02,notflip,-0.03277090583181635,0.0393772113179952,0.001278644407302885,-0.0015904848169617854,0.004300529522872354
training/notflip/0025_000000019,notflip/0025,ENV-02,notflip,-0.03187025509312114,0.03813003436458034,0.0012367110936368998,-0.0015554669383191259,0.004228887684150264
training/notflip/0025_000000020,notflip/0025,ENV-02,notflip,-0.03171064233821573,0.038282237812178,0.0012422522286834265,-0.0015747115138470098,0.004296537633854187
training/notflip/0025_000000023,notflip/0025,ENV-02,notflip,-0.03177800011223917,0.03917134865806984,0.0012615918402352165,-0.0016349291407562966,0.004523085378753405
training/notflip/0025_000000024,notflip/0025,ENV-02,notflip,-0.03191005795354701,0.039422468533586205,0.0012649687915110292,-0.0016466925218484724,0.004592432283488881
training/notflip/0026_000000001,notflip/0026,ENV-02,notflip,-0.039164934446577045,0.057460044626737754,0.0014262105376296203,-0.0024698713893656007,0.007875157402423326
training/notflip/0026_000000002,notflip/0026,ENV-02,notflip,-0.039156381800790306,0.05770905026319121,0.0014172893835230312,-0.0024557926640221116,0.007879139232055715
training/notflip/0026_000000003,notflip/0026,ENV-02,notflip,-0.03948951943279675,0.05785394737820001,0.0014127353575987477,-0.0024282232030586118,0.00780538726430425
training/notflip/0026_000000006,notflip/0026,ENV-02,notflip,-0.039771638589065565,0.05913626376789402,0.0013989326958082544,-0.0023476242709834618,0.00773379586622212
training/notflip/0026_000000007,notflip/0026,ENV-02,notflip,-0.03980752841359391,0.05928061797529883,0.0014067180819944236,-0.0023455032158639743,0.007709145214280164
training/notflip/0026_000000008,notflip/0026,ENV-02,notflip,-0.039785237420728925,0.059330594048941226,0.0014165045984294723,-0.0023502716443816853,0.00768852887660961
training/notflip/0026_000000009,notflip/0026,ENV-02,notflip,-0.039714257302319665,0.05940328724924486,0.00141711623535344,-0.002349199639323704,0.007651754696591902
training/notflip/0026_000000011,notflip/0026,ENV-02,notflip,-0.03845175424453777,0.0576711530021944,0.0014278163199856792,-0.0023018569008134565,0.007369663546035909
training/notflip/0026_000000012,notflip/0026,ENV-02,notflip,-0.0373602362022391,0.05565851098096975,0.0014288386357091643,-0.0022386709938562303,0.007068013972527565
training/notflip/0026_000000013,notflip/0026,ENV-02,notflip,-0.03604107987638884,0.05288968572728839,0.0014073307995422753,-0.002145878574915658,0.006642836679579287
training/notflip/0026_000000015,notflip/0026,ENV-02,notflip,-0.034349875151865245,0.048922621928998565,0.0013893765063231398,-0.002007039519150215,0.005975543445923568
training/notflip/0026_000000016,notflip/0026,ENV-02,notflip,-0.03376456423292944,0.04720478007419729,0.001373192321173313,-0.001978301520672105,0.0057360261538164856
training/notflip/0026_000000017,notflip/0026,ENV-02,notflip,-0.033074628310295805,0.04537189871235615,0.0013355484888816192,-0.0019092705611433885,0.0054690757920048865
training/notflip/0026_000000018,notflip/0026,ENV-02,notflip,-0.03302045360787145,0.0441067343120058,0.0013277887633878975,-0.001875487606979587,0.005270119624799033
training/notflip/0026_000000019,notflip/0026,ENV-02,notflip,-0.032758713505408786,0.043083106160850995,0.0013080288837252797,-0.001829070658768458,0.005099259523913891
training/notflip/0026_000000020,notflip/0026,ENV-02,notflip,-0.032419589093585915,0.04219625753130187,0.0012877327179915143,-0.00177679048646398,0.004956946178618958
training/notflip/0026_000000021,notflip/0026,ENV-02,notflip,-0.032375611502667385,0.04159938418203303,0.0012840922176035312,-0.0017533158784014532,0.004860693045368266
training/notflip/0026_000000022,notflip/0026,ENV-02,notflip,-0.03227277398862674,0.04138374906364582,0.0012841999202398817,-0.0017449033470792789,0.0048132882604521345
training/notflip/0026_000000023,notflip/0026,ENV-02,notflip,-0.03218175142830727,0.041305574138032736,0.0012837297330771645,-0.0017370214905567919,0.004788349146655831
training/notflip/0041_000000002,notflip/0041,ENV-04,notflip,-0.041302313389299135,0.03541207839826075,0.0018367539355856118,-0.0016241645993489832,0.0033500015288084996
training/notflip/0041_000000004,notflip/0041,ENV-04,notflip,-0.04127207600291249,0.035368064702505114,0.0018332436880261294,-0.0016187052840366026,0.003341592283205533
training/notflip/0041_000000005,notflip/0041,ENV-04,notflip,-0.041246832896889345,0.03542151927575161,0.001826725436012513,-0.0016147280153340651,0.0033296642673098144
training/notflip/0041_000000007,notflip/0041,ENV-04,notflip,-0.04093577935803856,0.03555093215521156,0.0018285787428174605,-0.001621799968725924,0.003352022112243688
training/notflip/0041_000000008,notflip/0041,ENV-04,notflip,-0.04058512098397008,0.035754977868143585,0.001836474387403996,-0.0016148886939778612,0.003333032137040079
training/notflip/0041_000000009,notflip/0041,ENV-04,notflip,-0.04026139052966684,0.035933373780618595,0.001852254385478352,-0.001609903585970202,0.0033303459553979333
training/notflip/0041_000000010,notflip/0041,ENV-04,notflip,-0.03993896813557037,0.036477435777520224,0.001862838647742841,-0.0016124641034351486,0.00340529691645809
training/notflip/0041_000000012,notflip/0041,ENV-04,notflip,-0.039725034248970156,0.03827008458532078,0.001877369697670976,-0.0016424883334587405,0.0036354119546280744
training/notflip/0041_000000013,notflip/0041,ENV-04,notflip,-0.04010777889824859,0.039680664568322095,0.0018943045130639183,-0.0016911765693034798,0.0038688938972528883
training/notflip/0041_000000016,notflip/0041,ENV-04,notflip,-0.04259458864449481,0.04399062248645352,0.0019061557744606522,-0.0019436427137450015,0.004664837334862004
training/notflip/0041_000000017,notflip/0041,ENV-04,notflip,-0.043229212587050383,0.045443044291611105,0.0018739998832131258,-0.0019627787600104397,0.00486347504258416
training/notflip/0041_000000018,notflip/0041,ENV-04,notflip,-0.04358350754598393,0.0462652044770237,0.0018500909076998135,-0.001977267422219176,0.004922278190957968
training/notflip/0041_000000019,notflip/0041,ENV-04,notflip,-0.04405200319865029,0.04713579676278552,0.0018360578755832954,-0.002015816571787502,0.005107503327768074
training/notflip/0041_000000020,notflip/0041,ENV-04,notflip,-0.04423489738203658,0.04766808088686656,0.0018358915328389293,-0.0020367736783732473,0.005175926666657151
training/notflip/0041_000000023,notflip/0041,ENV-04,notflip,-0.04370866370831178,0.04783400086771839,0.0017955639542219562,-0.0020257156340091078,0.005193947008020911
training/notflip/0041_000000024,notflip/0041,ENV-04,notflip,-0.043419207196967166,0.04773247556509681,0.0017946552830691426,-0.0020192637329031174,0.005158299998588608
training/notflip/0041_000000025,notflip/0041,ENV-04,notflip,-0.04320665731979369,0.047449136646320236,0.0017844813751995738,-0.0020003892376414686,0.005140621364274973
training/notflip/0041_000000026,notflip/0041,ENV-04,notflip,-0.043007001680161194,0.04720775250852746,0.0017791866459179202,-0.0019965404270814308,0.005117157098983207
training/notflip/0041_000000027,notflip/0041,ENV-04,notflip,-0.04269400163297363,0.04697893914399964,0.0017726944573265159,-0.0019805605009341233,0.005098877608396939
training/notflip/0041_000000029,notflip/0041,ENV-04,notflip,-0.042241327461764476,0.04636146205598928,0.0017656110604698525,-0.0019603146019531647,0.0050438886506848
training/notflip/0042_000000002,notflip/0042,ENV-04,notflip,-0.045049227601385994,0.051240276980783254,0.001734797614198164,-0.0025031966415359707,0.0066781688330386346
training/notflip/0042_000000003,notflip/0042,ENV-04,notflip,-0.0429652223857552,0.04903587014492466,0.0018233014036270307,-0.0024817665579502657,0.006348770072567012
training/notflip/0042_000000004,notflip/0042,ENV-04,notflip,-0.04090342499033787,0.04736401019313177,0.001852013010855035,-0.002469075673367006,0.006275500382444567
training/notflip/0042_000000005,notflip/0042,ENV-04,notflip,-0.039763373023074707,0.04643418334400979,0.001861876629682068,-0.0024972844375369054,0.00627502724425188
training/notflip/0042_000000008,notflip/0042,ENV-04,notflip,-0.03663839180399535,0.0405458804273153,0.001758846644186224,-0.0022146323563880994,0.0053531463260163715
training/notflip/0042_000000009,notflip/0042,ENV-04,notflip,-0.03611032245000762,0.03900012629988487,0.0017165777428811706,-0.0021141006248145463,0.005074191003619818
training/notflip/0042_000000010,notflip/0042,ENV-04,notflip,-0.03545532626430951,0.037861705837918154,0.0016595197784424161,-0.002013831545208611,0.004864257906883561
training/notflip/0042_000000011,notflip/0042,ENV-04,notflip,-0.03498601580859832,0.03686075444493069,0.001622866577613926,-0.001952586251370886,0.004710519077360579
training/notflip/0042_000000012,notflip/0042,ENV-04,notflip,-0.03479392196636964,0.036523522006334436,0.0015982456223831408,-0.0019122770474826751,0.0046242922840721585
training/notflip/0042_000000014,notflip/0042,ENV-04,notflip,-0.034834144714534644,0.036032316958743614,0.0015877477416950225,-0.0018631083059753837,0.004542875481425458
training/notflip/0042_000000015,notflip/0042,ENV-04,notflip,-0.034828980580345274,0.03594842393326761,0.001590263103295956,-0.0018511267526104612,0.004509288164847132
training/notflip/0042_000000016,notflip/0042,ENV-04,notflip,-0.034924931790995706,0.03594175668743477,0.0015958794827375313,-0.0018519054388288565,0.00449350683627072
training/notflip/0042_000000017,notflip/0042,ENV-04,notflip,-0.034878374815971246,0.03605558720672419,0.0015983864411730187,-0.0018481159459720778,0.004470635478116535
training/notflip/0042_000000018,notflip/0042,ENV-04,notflip,-0.03485899496909016,0.03614894591442807,0.0015948454579200755,-0.0018281258520078877,0.004473282760944574
training/notflip/0042_000000019,notflip/0042,ENV-04,notflip,-0.03463352237341788,0.03619575683066026,0.0015811695913167225,-0.001817103658707141,0.004451419274047619
training/notflip/0042_000000020,notflip/0042,ENV-04,notflip,-0.034649376257124095,0.03634061710333869,0.0015802963007640757,-0.0018156505749747347,0.004451221393653343
training/notflip/0042_000000022,notflip/0042,ENV-04,notflip,-0.034755874915695956,0.03694650381315908,0.0015869940047301245,-0.0018173416512307378,0.004425617824222998
training/notflip/0042_000000023,notflip/0042,ENV-04,notflip,-0.03489993882207723,0.037264335421172294,0.0015993587485983458,-0.0018081809112967184,0.004370953880517181
training/notflip/0043_000000001,notflip/0043,ENV-04,notflip,-0.04530918723123776,0.05466744208706718,0.0015602920263948377,-0.002499318201449366,0.007139987485898153
training/notflip/0043_000000002,notflip/0043,ENV-04,notflip,-0.04526235504348288,0.05417059785272307,0.0015790034075692063,-0.0025186893881647956,0.007100813794238769
training/notflip/0043_000000003,notflip/0043,ENV-04,notflip,-0.044986038263150216,0.05340854513855168,0.0016423120222342621,-0.0026014904728746636,0.00710421842006235
training/notflip/0043_000000004,notflip/0043,ENV-04,notflip,-0.044790073796884246,0.053117822676362385,0.0016510894654841212,-0.0026062873176018447,0.0070662281935470065
training/notflip/0043_000000005,notflip/0043,ENV-04,notflip,-0.044674259079035036,0.052998945244213974,0.0016658676705996757,-0.0026149035033249143,0.007088926816432908
training/notflip/0043_000000006,notflip/0043,ENV-04,notflip,-0.04422896673859978,0.05230528660735635,0.0017165956203694268,-0.0026732186626884508,0.007139337299874614
training/notflip/0043_000000007,notflip/0043,ENV-04,notflip,-0.04282593987489846,0.051139985835425165,0.0017043847292912632,-0.002525481478521917,0.0068775297959512635
training/notflip/0043_000000008,notflip/0043,ENV-04,notflip,-0.041485740765102815,0.04922217208098618,0.001644712332359828,-0.002364835874462573,0.0064955913232484595
training/notflip/0043_000000009,notflip/0043,ENV-04,notflip,-0.03927271567696215,0.046933294293595156,0.001718251436945011,-0.0023729440365556046,0.006328278666059209
training/notflip/0043_000000010,notflip/0043,ENV-04,notflip,-0.03772062175201479,0.044869984462701684,0.0017470884511218679,-0.002356030033206463,0.006134950098856741
training/notflip/0043_000000011,notflip/0043,ENV-04,notflip,-0.036235249939141234,0.04314693932792424,0.0017418573391906292,-0.002270045739773721,0.005860636710647531
training/notflip/0043_000000012,notflip/0043,ENV-04,notflip,-0.03513509318903217,0.0416569860100505,0.001721850850316343,-0.0021917600620277775,0.005627925347608932
training/notflip/0043_000000013,notflip/0043,ENV-04,notflip,-0.03453962581618965,0.04097673883249888,0.0016986070460671325,-0.0021369117262014605,0.00551410166474968
training/notflip/0043_000000014,notflip/0043,ENV-04,notflip,-0.0344157970109488,0.0406715415902876,0.0016685051105032463,-0.00209730142909211,0.005453284418230847
training/notflip/0043_000000015,notflip/0043,ENV-04,notflip,-0.03442131096559429,0.040722192620281344,0.001656962418183183,-0.0021125860605207035,0.005503648036948461
training/notflip/0043_000000016,notflip/0043,ENV-04,notflip,-0.03436381451671556,0.04079237300344229,0.0016343712503773548,-0.0020906896384983577,0.005522537215431194
training/notflip/0043_000000017,notflip/0043,ENV-04,notflip,-0.03436231926644785,0.04076130507021262,0.0016255816443407913,-0.0020997270955045552,0.005610864972771883
training/notflip/0043_000000018,notflip/0043,ENV-04,notflip,-0.03445224696097413,0.04074471252496421,0.001613040181056638,-0.002091261411499476,0.005643031354464675
training/notflip/0043_000000019,notflip/0043,ENV-04,notflip,-0.0345176389297801,0.0403776640628112,0.0016202680737326437,-0.0021146139019805085,0.005653159549503378
training/notflip/0043_000000020,notflip/0043,ENV-04,notflip,-0.034664900752365856,0.040410850369226745,0.0015989679531439496,-0.0021162877345868385,0.005674083413906968
training/notflip/0043_000000021,notflip/0043,ENV-04,notflip,-0.034918049924856094,0.04030893341926078,0.0015944003915591921,-0.002126569798582501,0.005701444134222654
training/notflip/0043_000000022,notflip/0043,ENV-04,notflip,-0.03517025726510385,0.04039720156263219,0.0016105896448048755,-0.0021539924503997314,0.0057482098234249235
training/notflip/0044_000000001,notflip/0044,ENV-04,notflip,-0.04274126454361445,0.04956787156795818,0.0016944436916838108,-0.0025756132003328636,0.0069394360784995075
training/notflip/0044_000000002,notflip/0044,ENV-04,notflip,-0.042855505688562875,0.04959193763458761,0.0016681134909456274,-0.002524842060031633,0.006842013820629991
training/notflip/0044_000000003,notflip/0044,ENV-04,notflip,-0.04217187788524408,0.048839870407796804,0.001601419990222362,-0.0023650245611049094,0.006547892752397526
training/notflip/0044_000000004,notflip/0044,ENV-04,notflip,-0.041457838404462065,0.04781601013780296,0.0015494914044225712,-0.0022356576071800964,0.006290855393616399
training/notflip/0044_000000005,notflip/0044,ENV-04,notflip,-0.040631255801033814,0.0466548264658646,0.001514631838220445,-0.0021815611172580495,0.006215748998807288
training/notflip/0044_000000007,notflip/0044,ENV-04,notflip,-0.037854470797887396,0.04355410665573937,0.001548255886110272,-0.0021388555095918733,0.006004896322373308
training/notflip/0044_000000008,notflip/0044,ENV-04,notflip,-0.03645771583315292,0.04200508888150142,0.0015645930900690893,-0.0020946538455968566,0.0058101793285109315
training/notflip/0044_000000009,notflip/0044,ENV-04,notflip,-0.035182537201413094,0.0406982628581143,0.001581545938605997,-0.002056793667650001,0.005699146491435889
training/notflip/0044_000000010,notflip/0044,ENV-04,notflip,-0.03433205546294103,0.03882535333813001,0.0016208530541066077,-0.002072511605513867,0.005544440870062082
training/notflip/0044_000000011,notflip/0044,ENV-04,notflip,-0.033346194859049695,0.03757036313570935,0.0016247085666354303,-0.0020265560206050855,0.005365685901581918
training/notflip/0044_000000012,notflip/0044,ENV-04,notflip,-0.032538791394305766,0.03637016562482871,0.0016251325551151759,-0.001980690154620049,0.00517038834021068
training/notflip/0044_000000013,notflip/0044,ENV-04,notflip,-0.032026206187536425,0.03543601217295867,0.00162754592319894,-0.0019467181288065892,0.005037817730412317
training/notflip/0044_000000015,notflip/0044,ENV-04,notflip,-0.031640365575626,0.03464798269784954,0.001604720241327876,-0.0019000572464383826,0.004871466965116427
training/notflip/0044_000000016,notflip/0044,ENV-04,notflip,-0.03174763899879469,0.03452097356764405,0.0016140425859595161,-0.0019069406208711039,0.004856328612398973
training/notflip/0044_000000017,notflip/0044,ENV-04,notflip,-0.0318625489302845,0.03451932526854481,0.001622150446346375,-0.001911881930107391,0.004854681866829298
training/notflip/0044_000000018,notflip/0044,ENV-04,notflip,-0.03193495588274876,0.03485167555123705,0.0016132085285641225,-0.0018996634197676644,0.004867821319225285
training/notflip/0044_000000019,notflip/0044,ENV-04,notflip,-0.032069831997353006,0.03484717154598213,0.001614303904228406,-0.0019017312020884686,0.004864715612998682
training/notflip/0044_000000020,notflip/0044,ENV-04,notflip,-0.03212442431729531,0.03486248762000434,0.0016156887665483195,-0.0019027870847526896,0.00486314253017732
training/notflip/0044_000000021,notflip/0044,ENV-04,notflip,-0.03212837377992483,0.0348572259759409,0.0016053989607985172,-0.001883379214229459,0.004842477538499268
training/notflip/0044_000000022,notflip/0044,ENV-04,notflip,-0.032097256785996266,0.03489936302310562,0.0015985733541516861,-0.0018706076434903776,0.004848181036352383
training/notflip/0044_000000023,notflip/0044,ENV-04,notflip,-0.032048156131254585,0.03503686139572033,0.00159991712331275,-0.001865651004733637,0.004865019615418156
training/notflip/0044_000000024,notflip/0044,ENV-04,notflip,-0.03210154884565062,0.03517579078280091,0.0015959551653965105,-0.0018589401932990286,0.004880328397582135
training/notflip/0045_000000001,notflip/0045,ENV-04,notflip,-0.04113633586273929,0.048693365848549906,0.0016985938227611552,-0.002649624709462009,0.007191979884896105
training/notflip/0045_000000002,notflip/0045,ENV-04,notflip,-0.04155303982294939,0.04919272569664933,0.0016879045553864825,-0.0026206509707024962,0.007165523099036374
training/notflip/0045_000000003,notflip/0045,ENV-04,notflip,-0.041923032536282274,0.050009764190216126,0.0016923179400749756,-0.0026728608568548917,0.007312173917934976
training/notflip/0045_000000004,notflip/0045,ENV-04,notflip,-0.04194134352172269,0.05042713477641264,0.0016746361132134733,-0.002624705579994085,0.007247820397553112
training/notflip/0045_000000006,notflip/0045,ENV-04,notflip,-0.04151297237855588,0.051609154670706654,0.001622226280542328,-0.0024748211079674,0.007177586852486144
training/notflip/0045_000000007,notflip/0045,ENV-04,notflip,-0.04023378752865508,0.05060798903288223,0.001633092392000655,-0.002427252711374039,0.0069841219806141405
training/notflip/0045_000000008,notflip/0045,ENV-04,notflip,-0.03872537348606702,0.04907685170475278,0.0016512801344785231,-0.002418438134933932,0.00684397894651219
training/notflip/0045_000000009,notflip/0045,ENV-04,notflip,-0.03687327704654013,0.0475409136872578,0.001714531148707566,-0.002431067413918113,0.006646178749378069
training/notflip/0045_000000010,notflip/0045,ENV-04,notflip,-0.03492813032635111,0.04519599117706211,0.0017543696632080288,-0.0023587011019070483,0.00628626104041238
training/notflip/0045_000000011,notflip/0045,ENV-04,notflip,-0.03363797040139959,0.04352927504683135,0.001739530535330815,-0.002265248016336846,0.005955511656011291
training/notflip/0045_000000014,notflip/0045,ENV-04,notflip,-0.0310425304652128,0.03719088555479477,0.0016202168338606891,-0.0020021556460718885,0.005067900598511298
training/notflip/0045_000000015,notflip/0045,ENV-04,notflip,-0.03057411096814977,0.035608891220079916,0.0015842279097363313,-0.0019208838694060803,0.004817278664262655
training/notflip/0045_000000017,notflip/0045,ENV-04,notflip,-0.030242707785177313,0.03419739516409161,0.0015611329689132738,-0.0018476182761976623,0.004569732212644025
training/notflip/0045_000000019,notflip/0045,ENV-04,notflip,-0.030368258656427203,0.03377587586402179,0.0015655304944296653,-0.0018267388374238452,0.004519075023058921
training/notflip/0045_000000020,notflip/0045,ENV-04,notflip,-0.030589969289106615,0.03382104383119601,0.0015722343570788743,-0.0018250666096508226,0.004531261813057651
training/notflip/0045_000000021,notflip/0045,ENV-04,notflip,-0.030675994473306614,0.03393672108748148,0.0015807386976500668,-0.0018327983227091583,0.004538438349491775
training/notflip/0045_000000023,notflip/0045,ENV-04,notflip,-0.03110016323055828,0.03422118691951055,0.0015869706521507987,-0.0018233890185063197,0.004528868707263105
training/notflip/0045_000000024,notflip/0045,ENV-04,notflip,-0.031213622800245897,0.034405459244435395,0.0015939607125742903,-0.0018185285492916528,0.004522031484610256
training/notflip/0046_000000001,notflip/0046,ENV-04,notflip,-0.03615931950010743,0.03990114439232386,0.0015974659730307083,-0.0020984487200184586,0.005787392602687977
training/notflip/0046_000000002,notflip/0046,ENV-04,notflip,-0.03591851011521398,0.03986875329659809,0.0015858877503814957,-0.002066576450783146,0.00574493787191022
training/notflip/0046_000000004,notflip/0046,ENV-04,notflip,-0.035768871061405284,0.03955931480911653,0.00159347888950073,-0.002059330642304743,0.0056494223898261075
training/notflip/0046_000000005,notflip/0046,ENV-04,notflip,-0.035550968828062184,0.03957167121595265,0.0016045460894382503,-0.002062748296334347,0.005598938991430911
training/notflip/0046_000000006,notflip/0046,ENV-04,notflip,-0.03519430272622661,0.03951225402163565,0.0016008752880729382,-0.0020441082027667585,0.005575962301270745
training/notflip/0046_000000007,notflip/0046,ENV-04,notflip,-0.035012739924410965,0.03919848236544649,0.0015950163890986002,-0.0020433765165774136,0.005561828391017982
training/notflip/0046_000000008,notflip/0046,ENV-04,notflip,-0.03473035793843667,0.03893967107595657,0.0015914005555865717,-0.0020198482894133378,0.005513488088056664
training/notflip/0046_000000009,notflip/0046,ENV-04,notflip,-0.03445091537301993,0.038795948295021296,0.0016098138383011322,-0.002020846826736039,0.0054475348940737755
training/notflip/0046_000000010,notflip/0046,ENV-04,notflip,-0.03427901669667622,0.03847322115600089,0.0016053861673130804,-0.002001165887372866,0.005405128663059653
training/notflip/0046_000000013,notflip/0046,ENV-04,notflip,-0.03352230799475796,0.03763946901170434,0.0015848843882681387,-0.0019517111689401464,0.005271496238457777
training/notflip/0046_000000014,notflip/0046,ENV-04,notflip,-0.03354090471850004,0.037773801862133215,0.0015818411647383747,-0.001966403807512051,0.005317612923741485
training/notflip/0046_000000015,notflip/0046,ENV-04,notflip,-0.03342849904743127,0.03773115814173538,0.0015744537066003496,-0.001965606241954055,0.005320580442312851
training/notflip/0046_000000016,notflip/0046,ENV-04,notflip,-0.03334050950269996,0.03760077264907879,0.0015705412703583602,-0.0019616658991150906,0.005293837175687177
training/notflip/0046_000000017,notflip/0046,ENV-04,notflip,-0.0332526796989911,0.037462903421325904,0.0015734043959719053,-0.0019650850281481115,0.005290586188017213
training/notflip/0046_000000018,notflip/0046,ENV-04,notflip,-0.03322190189675538,0.0375003850813843,0.0015697299468914036,-0.001963471147821872,0.005306978498723062
training/notflip/0046_000000019,notflip/0046,ENV-04,notflip,-0.03308039415630809,0.037484129102372594,0.0015682776839931966,-0.0019593174219003314,0.005298871329255738
training/notflip/0046_000000020,notflip/0046,ENV-04,notflip,-0.03289780604002304,0.037521750106689324,0.001565057031249376,-0.0019452965979404719,0.005287792267002468
training/notflip/0046_000000021,notflip/0046,ENV-04,notflip,-0.03275062511986724,0.03743983173283426,0.0015650132866216104,-0.001944745819828085,0.005264938853737234
training/notflip/0046_000000022,notflip/0046,ENV-04,notflip,-0.03256652152770684,0.03745856782078125,0.00155728427327168,-0.0019322052382940117,0.005247655871255185
training/notflip/0046_000000023,notflip/0046,ENV-04,notflip,-0.03248831983550548,0.03757746373489053,0.0015635497839204713,-0.0019436105888816163,0.0052499608276936685
training/notflip/0046_000000024,notflip/0046,ENV-04,notflip,-0.03243936076001611,0.03762968098948585,0.0015619515354033764,-0.0019329798779173129,0.005231763493715774
training/notflip/0047_000000001,notflip/0047,ENV-04,notflip,-0.04159168837906181,0.047764078502460144,0.0016834152468135413,-0.002565914003805581,0.0066841718814988306
training/notflip/0047_000000002,notflip/0047,ENV-04,notflip,-0.04202712651459159,0.04849245088253513,0.0016817746894575226,-0.002571723775654103,0.006740752870739731
training/notflip/0047_000000003,notflip/0047,ENV-04,notflip,-0.04240783281476447,0.04920080790682428,0.0016709192501950638,-0.002574012665351654,0.006822969937483345
training/notflip/0047_000000004,notflip/0047,ENV-04,notflip,-0.042544814765960635,0.050434667391431834,0.0016577389381957682,-0.002573246242768458,0.007015447893286022
training/notflip/0047_000000005,notflip/0047,ENV-04,notflip,-0.04232144398239717,0.050590866225582,0.0016577835552383266,-0.002557747978225698,0.006996062605877558
training/notflip/0047_000000007,notflip/0047,ENV-04,notflip,-0.03991019390677817,0.04786437159328827,0.0016546611602553175,-0.002370879742444889,0.006424217829075631
training/notflip/0047_000000008,notflip/0047,ENV-04,notflip,-0.03830842310365956,0.04584196562503108,0.0016991253303968441,-0.002354265239419946,0.006249632192022639
training/notflip/0047_000000010,notflip/0047,ENV-04,notflip,-0.034314779595198124,0.04197730769753053,0.0017482959963967303,-0.002198359685488884,0.005668423984653897
training/notflip/0047_000000011,notflip/0047,ENV-04,notflip,-0.03307957037557041,0.04035405943724726,0.0017152141989577711,-0.0020947786337690956,0.0054025548353100715
training/notflip/0047_000000012,notflip/0047,ENV-04,notflip,-0.032106046360328135,0.038234605907784124,0.0016718595280393125,-0.001988777544424929,0.005051176715738714
training/notflip/0047_000000013,notflip/0047,ENV-04,notflip,-0.03138516040821939,0.03612144645877049,0.0016053500291567766,-0.001875912785122356,0.00471963858577087
training/notflip/0047_000000014,notflip/0047,ENV-04,notflip,-0.03082508537187593,0.03466508142996365,0.0015706211755537735,-0.001802994577983288,0.004533088019239337
training/notflip/0047_000000015,notflip/0047,ENV-04,notflip,-0.030640636499702015,0.03364947773285546,0.0015492181202709208,-0.0017708341881154904,0.004417814578254422
training/notflip/0047_000000016,notflip/0047,ENV-04,notflip,-0.030533541392093223,0.03295917952991688,0.0015504985441232317,-0.0017602801706305933,0.004353554701871374
training/notflip/0047_000000017,notflip/0047,ENV-04,notflip,-0.030526955893018327,0.032666607412526937,0.0015486734956581863,-0.001758359130140074,0.004303904895422535
training/notflip/0047_000000018,notflip/0047,ENV-04,notflip,-0.03057264956481703,0.03236289492837862,0.001547357311668763,-0.0017540018452559343,0.0042929945219419225
training/notflip/0047_000000019,notflip/0047,ENV-04,notflip,-0.030559728084620864,0.03220424407301028,0.0015419929564451052,-0.0017587905045921188,0.004312839428219884
training/notflip/0047_000000020,notflip/0047,ENV-04,notflip,-0.03068743680116754,0.03205801953979071,0.0015481717422385563,-0.0017666016020307376,0.004324621538758784
training/notflip/0047_000000021,notflip/0047,ENV-04,notflip,-0.030909552255572403,0.03228084256030646,0.0015683515385982948,-0.0017853653011463068,0.004327150791625572
training/notflip/0047_000000022,notflip/0047,ENV-04,notflip,-0.031079370893293164,0.03241451346471163,0.00157563488750738,-0.0017849641732820623,0.004329610254849713
training/notflip/0047_000000023,notflip/0047,ENV-04,notflip,-0.0311912280995467,0.03245476364957009,0.0015696660547925316,-0.0017806470706181491,0.0043070262365711666
training/notflip/0048_000000001,notflip/0048,ENV-04,notflip,-0.04280289196963089,0.04940527748894025,0.0015837610125867328,-0.0022303123874828374,0.006253554328210397
training/notflip/0048_000000002,notflip/0048,ENV-04,notflip,-0.04211136472509356,0.048686228650222194,0.0015767564589451533,-0.0021772796066836992,0.006070986712815803
training/notflip/0048_000000003,notflip/0048,ENV-04,notflip,-0.04115830180119788,0.047596866972992403,0.0015699712846314181,-0.002134664144355539,0.005967156434849469
training/notflip/0048_000000004,notflip/0048,ENV-04,notflip,-0.04045547432401193,0.046474681211464,0.001573112113898704,-0.0020870272636325576,0.005831431166951052
training/notflip/0048_000000005,notflip/0048,ENV-04,notflip,-0.03930848259996739,0.04504416964946057,0.0015688162911315297,-0.0020323320615512055,0.005669755603424861
training/notflip/0048_000000006,notflip/0048,ENV-04,notflip,-0.037722913437173454,0.043223362358183005,0.0015644928628785267,-0.0019733869275681036,0.005499399998845644
training/notflip/0048_000000007,notflip/0048,ENV-04,notflip,-0.036466382815537546,0.0415541060526438,0.0015865305047427206,-0.001937675966283379,0.0053132397468440866
training/notflip/0048_000000008,notflip/0048,ENV-04,notflip,-0.03514124817160485,0.03941365944734024,0.00159352848974283,-0.0019151555148449963,0.005110442161001037
training/notflip/0048_000000009,notflip/0048,ENV-04,notflip,-0.034214149458554534,0.037703375498662726,0.0016225561900567185,-0.001887835445845679,0.00488248993336827
training/notflip/0048_000000010,notflip/0048,ENV-04,notflip,-0.03337960312536955,0.03676922496499696,0.00162495916711141,-0.0018639291118931376,0.004781477602327522
training/notflip/0048_000000011,notflip/0048,ENV-04,notflip,-0.03298502443187317,0.03605350348721515,0.001629854072639464,-0.0018444580960014162,0.004679477573556939
training/notflip/0048_000000012,notflip/0048,ENV-04,notflip,-0.03249526165612462,0.0358141057954526,0.0016319130986075534,-0.0018409104951586702,0.0046499096869365595
training/notflip/0048_000000013,notflip/0048,ENV-04,notflip,-0.032453695040172176,0.03576155489282475,0.0016282286115056755,-0.0018414759959822257,0.004678139705001015
training/notflip/0048_000000014,notflip/0048,ENV-04,notflip,-0.03245220887078935,0.03576938565105674,0.0016268983587160624,-0.0018458357788825052,0.004684853693538383
training/notflip/0048_000000016,notflip/0048,ENV-04,notflip,-0.03250021889060482,0.03622228488903952,0.0016099687797724715,-0.0018315171329461345,0.004681813634261535
training/notflip/0048_000000017,notflip/0048,ENV-04,notflip,-0.0325138233978213,0.03616916907068327,0.0016113425866302812,-0.0018269239225895456,0.004650669800485463
training/notflip/0048_000000018,notflip/0048,ENV-04,notflip,-0.03256227549162898,0.03604520204693744,0.0016026383470770535,-0.0018168397743477005,0.004640861103726112
training/notflip/0048_000000019,notflip/0048,ENV-04,notflip,-0.03264244907736864,0.03604739836049829,0.001605936862454241,-0.001826223061946959,0.004663480910490748
training/notflip/0048_000000020,notflip/0048,ENV-04,notflip,-0.03268208167120091,0.0360669665014651,0.0016086752787792505,-0.001821350076334679,0.004654817598736969
training/notflip/0048_000000021,notflip/0048,ENV-04,notflip,-0.03243123708285349,0.03613394610080417,0.0016005565205803151,-0.0018093938945824308,0.004642610499659936
training/notflip/0048_000000022,notflip/0048,ENV-04,notflip,-0.03216813206146097,0.03635398697823282,0.001590334373148149,-0.0017920677067520617,0.004649001516328322
training/notflip/0048_000000023,notflip/0048,ENV-04,notflip,-0.032174416962604244,0.03627301835830688,0.0015937806742437799,-0.0017828000167626704,0.004619494260421153
training/notflip/0048_000000024,notflip/0048,ENV-04,notflip,-0.03211673146621069,0.036323966801962294,0.0015946811899818399,-0.0017870956518081294,0.004626603370771994
training/notflip/0049_000000001,notflip/0049,ENV-04,notflip,-0.03666079455366101,0.044754527166070146,0.001756892880547295,-0.002351043923076404,0.006046421504004028
training/notflip/0049_000000002,notflip/0049,ENV-04,notflip,-0.0348771200027719,0.04293430071905315,0.0017368321689647068,-0.002238400396441114,0.005698378513772928
training/notflip/0049_000000003,notflip/0049,ENV-04,notflip,-0.033769792449273466,0.04101628208234965,0.001726813569038039,-0.0021580583402913264,0.005426994974076994
training/notflip/0049_000000004,notflip/0049,ENV-04,notflip,-0.03289071768694163,0.039151529673118954,0.0016834051151048768,-0.002073751855980007,0.005170195230811507
training/notflip/0049_000000005,notflip/0049,ENV-04,notflip,-0.03214797590210463,0.03724772682579952,0.0016199691185664522,-0.0019490395143930406,0.004818638256808013
training/notflip/0049_000000007,notflip/0049,ENV-04,notflip,-0.031289005393615954,0.03414336692050345,0.0015369460720568095,-0.0017847154781949278,0.004282394014741987
training/notflip/0049_000000008,notflip/0049,ENV-04,notflip,-0.031071398392227147,0.033023963302062434,0.0015226866832051193,-0.0017335557910356258,0.004129815680652743
training/notflip/0049_000000009,notflip/0049,ENV-04,notflip,-0.03105447915560402,0.032367240742638546,0.001519527257510122,-0.0017142812944020472,0.004063803333956937
training/notflip/0049_000000010,notflip/0049,ENV-04,notflip,-0.031070044102060497,0.03206498346973405,0.0015156494141004258,-0.0017101003823223005,0.004050828225019204
training/notflip/0049_000000013,notflip/0049,ENV-04,notflip,-0.03139359159716927,0.032906350789915016,0.0015267920321115312,-0.00172520021761139,0.004147989058651514
training/notflip/0049_000000014,notflip/0049,ENV-04,notflip,-0.03158481047549048,0.03312727807191966,0.001532342054697072,-0.0017378678099416204,0.004194379165334376
training/notflip/0049_000000015,notflip/0049,ENV-04,notflip,-0.031643541305577165,0.03315656444138399,0.0015268876755728136,-0.0017258890270895832,0.004201714332145098
training/notflip/0049_000000016,notflip/0049,ENV-04,notflip,-0.031652064954447036,0.0333021585208687,0.0015236071589097514,-0.0017181966902594906,0.004206991807277641
training/notflip/0049_000000017,notflip/0049,ENV-04,notflip,-0.03182751188341066,0.033284503262863564,0.0015276874205487068,-0.001709765604860195,0.004167236618741078
training/notflip/0049_000000019,notflip/0049,ENV-04,notflip,-0.03243390593431482,0.033261841703677075,0.0015439284861552603,-0.0016874743707956058,0.004133063959435523
training/notflip/0049_000000020,notflip/0049,ENV-04,notflip,-0.03250181516571811,0.033153249604408026,0.0015258864170472678,-0.0016823143935375572,0.004145910534896794
training/notflip/0049_000000021,notflip/0049,ENV-04,notflip,-0.03247372262245215,0.033081782293121684,0.001528457053143749,-0.0016698024889298428,0.0041224690394538275
training/notflip/0049_000000023,notflip/0049,ENV-04,notflip,-0.03256589319238025,0.03311179164771754,0.0015227713987788366,-0.0016510680084560626,0.004084526103626008
training/notflip/0049_000000024,notflip/0049,ENV-04,notflip,-0.03254930076442502,0.032990296099885824,0.0015237767337976914,-0.0016325344526815784,0.004041132449855466
training/notflip/0050_000000001,notflip/0050,ENV-04,notflip,-0.04614852909723538,0.05262423722515204,0.001701576296983227,-0.0026053215819314014,0.006959803393325303
training/notflip/0050_000000002,notflip/0050,ENV-04,notflip,-0.04629567503534568,0.052926886023808906,0.0017134109567815126,-0.002649637480437678,0.007123768876489559
training/notflip/0050_000000003,notflip/0050,ENV-04,notflip,-0.04606823157805413,0.05280761451247946,0.001703222026109745,-0.0026305523347435393,0.0070583499034732764
training/notflip/0050_000000004,notflip/0050,ENV-04,notflip,-0.04597579931353101,0.05244718368668518,0.0016863380826642967,-0.0025960595484808124,0.0070043620810286535
training/notflip/0050_000000005,notflip/0050,ENV-04,notflip,-0.04591386014486067,0.052287318736708624,0.001667681339537682,-0.002544003892567511,0.006968166255352895
training/notflip/0050_000000006,notflip/0050,ENV-04,notflip,-0.045537860322912,0.05204944811697228,0.0016624425419880663,-0.002496196326119925,0.006819314373095266
training/notflip/0050_000000007,notflip/0050,ENV-04,notflip,-0.044617145884780406,0.05070857625439192,0.0016578468885132416,-0.0024676395539340134,0.0066752355614051045
training/notflip/0050_000000008,notflip/0050,ENV-04,notflip,-0.044133190541369674,0.049899365357669,0.0016148135861885778,-0.002379638143492886,0.006514055363223911
training/notflip/0050_000000009,notflip/0050,ENV-04,notflip,-0.04359344740014557,0.0490184909004161,0.0016011228996785335,-0.0023380155360790893,0.00642582051769379
training/notflip/0050_000000010,notflip/0050,ENV-04,notflip,-0.042699116338255474,0.04791342539275906,0.0015725974070950122,-0.002282187128747134,0.006284891553264325
training/notflip/0050_000000012,notflip/0050,ENV-04,notflip,-0.04088239489899254,0.04592239243167975,0.0015914532175954437,-0.0022424634387058656,0.006061511864746542
training/notflip/0050_000000014,notflip/0050,ENV-04,notflip,-0.039056916906797995,0.04350455469446481,0.001557680848250306,-0.00215508859999157,0.005832619752295109
training/notflip/0050_000000015,notflip/0050,ENV-04,notflip,-0.038549026207995184,0.04269314906487495,0.0015607182627734742,-0.0021461469005796454,0.005776072094595558
training/notflip/0050_000000016,notflip/0050,ENV-04,notflip,-0.03810701815536355,0.041862477450062,0.0015523568721807876,-0.0021144961626957713,0.005649590059985795
training/notflip/0050_000000017,notflip/0050,ENV-04,notflip,-0.0376273074033447,0.04122518125550938,0.0015490312429230616,-0.002092617023140704,0.005565307889246508
training/notflip/0050_000000018,notflip/0050,ENV-04,notflip,-0.037386546209057105,0.04083099762687718,0.0015535028409076163,-0.002084640181486472,0.0055254047806257665
training/notflip/0050_000000019,notflip/0050,ENV-04,notflip,-0.03718188875605445,0.04038576122878336,0.0015634820902764666,-0.0020857401406761604,0.005463252800503259
training/notflip/0050_000000020,notflip/0050,ENV-04,notflip,-0.03674984026723256,0.04014462586791284,0.0015639103216388097,-0.0020693294517547473,0.0054172051857764815
training/notflip/0050_000000021,notflip/0050,ENV-04,notflip,-0.036555875969078694,0.040046701507886605,0.0015714998918275535,-0.0020656146116908246,0.005405978489268
training/notflip/0050_000000022,notflip/0050,ENV-04,notflip,-0.03630834445906817,0.04002587890381813,0.0015603775841024734,-0.002050834147920634,0.005381076761776884
training/notflip/0050_000000023,notflip/0050,ENV-04,notflip,-0.036218325233348767,0.04011979012488189,0.001567662626411893,-0.0020491780023661884,0.005379744496469114
training/notflip/0051_000000001,notflip/0051,ENV-04,notflip,-0.03214212533556335,0.0349151934306471,0.001752852310259093,-0.001824142641257821,0.004384550319523049
training/notflip/0051_000000003,notflip/0051,ENV-04,notflip,-0.03159198437463645,0.03342037279107471,0.0017181439257101473,-0.0017598827182089714,0.004004407137901046
training/notflip/0051_000000004,notflip/0051,ENV-04,notflip,-0.031387559516119865,0.03283503169909201,0.0017215728425085744,-0.0017429753421055454,0.0038838668328051358
training/notflip/0051_000000005,notflip/0051,ENV-04,notflip,-0.03143321480054103,0.032465704848880464,0.0017072736228917894,-0.0017107443415989706,0.003788889062235717
training/notflip/0051_000000006,notflip/0051,ENV-04,notflip,-0.03150188331776002,0.032299069907958895,0.0017075020588134488,-0.0016957656794705238,0.0037375934066263663
training/notflip/0051_000000007,notflip/0051,ENV-04,notflip,-0.03149450303486441,0.03230776615696904,0.001713650023191427,-0.0016978181756226827,0.003744858930657881
training/notflip/0051_000000008,notflip/0051,ENV-04,notflip,-0.03175468452724812,0.032584225044177656,0.001716561879831911,-0.0016958779083125204,0.0037364597102106313
training/notflip/0051_000000009,notflip/0051,ENV-04,notflip,-0.031832211241395465,0.03276098469514635,0.0017142576261500555,-0.001698887456985273,0.003738773740770605
training/notflip/0051_000000010,notflip/0051,ENV-04,notflip,-0.03204517471160382,0.03283956196818632,0.0017145823468399438,-0.0017037257871313609,0.0037622060950513645
training/notflip/0051_000000011,notflip/0051,ENV-04,notflip,-0.032409669980991145,0.03288610623349459,0.0017139908421318557,-0.0017124881417486125,0.003758709671273523
training/notflip/0051_000000013,notflip/0051,ENV-04,notflip,-0.03269586738334941,0.03333132098823933,0.0017141262240025202,-0.001713229632405078,0.0038066259190886868
training/notflip/0051_000000014,notflip/0051,ENV-04,notflip,-0.03306613830197709,0.03375893775473963,0.001700428783753415,-0.0017033480031811406,0.0037871979698429104
training/notflip/0051_000000015,notflip/0051,ENV-04,notflip,-0.0330921269692967,0.03381099754789103,0.0017005959007495312,-0.001694961584488504,0.0037720061592860627
training/notflip/0051_000000016,notflip/0051,ENV-04,notflip,-0.033206628983304926,0.0337666647951248,0.001710326584088895,-0.0016906707808374778,0.0037347846579809723
training/notflip/0051_000000017,notflip/0051,ENV-04,notflip,-0.03350931242279544,0.03375411530043329,0.0017217848124193265,-0.001701178445250779,0.0037236971325167257
training/notflip/0051_000000018,notflip/0051,ENV-04,notflip,-0.0334314348562733,0.03365558784483821,0.0017215386561248974,-0.001689286829117204,0.003702456666847702
training/notflip/0051_000000019,notflip/0051,ENV-04,notflip,-0.03347125907741746,0.033581912425581756,0.001723175362617787,-0.0016788576867211007,0.0036792424903808007
training/notflip/0051_000000020,notflip/0051,ENV-04,notflip,-0.03362064087388186,0.03380228403283838,0.0017213649986572888,-0.0016731075769010955,0.0037050137189446513
training/notflip/0051_000000021,notflip/0051,ENV-04,notflip,-0.03359382213112003,0.033850907640349044,0.0017266242547473321,-0.0016670258291347786,0.0037047115934145244
training/notflip/0051_000000022,notflip/0051,ENV-04,notflip,-0.03349991205575607,0.034003511854679806,0.001735166611369191,-0.0016723465834912468,0.0037131179170290613
training/notflip/0051_000000023,notflip/0051,ENV-04,notflip,-0.03338280909054002,0.034394406302216275,0.0017284495970145048,-0.0016825275719916143,0.003764016231665861
training/notflip/0051_000000024,notflip/0051,ENV-04,notflip,-0.03340678933439774,0.03461358959233681,0.0017257045441064925,-0.0016820643826143348,0.0037926070978188445
training/notflip/0052_000000001,notflip/0052,ENV-04,notflip,-0.04568630606587927,0.04872956009411538,0.0016676965879197207,-0.002262448466417349,0.006268577231260354
training/notflip/0052_000000002,notflip/0052,ENV-04,notflip,-0.04482681536714906,0.047868574780309585,0.001673998337497962,-0.0022121567013209183,0.0061341361070711906
training/notflip/0052_000000003,notflip/0052,ENV-04,notflip,-0.04392768918521413,0.04667918143472596,0.0016681126025119518,-0.002150753593869009,0.005990990285073406
training/notflip/0052_000000004,notflip/0052,ENV-04,notflip,-0.04258086237086659,0.045004457386939895,0.0016785207135956604,-0.0021080307608554796,0.0057986115843022615
training/notflip/0052_000000005,notflip/0052,ENV-04,notflip,-0.04168177302843108,0.04394816370725693,0.0016823772891466702,-0.0020822945968537363,0.005718368528077889
training/notflip/0052_000000007,notflip/0052,ENV-04,notflip,-0.04004890184527553,0.04211317746892521,0.0016887997426204909,-0.0020460680129570715,0.00556142232248792
training/notflip/0052_000000008,notflip/0052,ENV-04,notflip,-0.039306063472843315,0.04137677017790449,0.0016876294478402449,-0.00202842535233326,0.005458551583051643
training/notflip/0052_000000009,notflip/0052,ENV-04,notflip,-0.03882967384812755,0.04073556067129733,0.001675525716125738,-0.00201443149999375,0.005350974385457388
training/notflip/0052_000000010,notflip/0052,ENV-04,notflip,-0.03866656515888309,0.040686393183447966,0.0016686635473671288,-0.0020056966327904368,0.005334936066689123
training/notflip/0052_000000011,notflip/0052,ENV-04,notflip,-0.03849517893339017,0.04063178020466019,0.0016537786575084232,-0.0019795382965071945,0.005262002408215912
training/notflip/0052_000000012,notflip/0052,ENV-04,notflip,-0.03829393496441857,0.040504132109290464,0.001668436247807912,-0.001987007587445978,0.005268976542750514
training/notflip/0052_000000013,notflip/0052,ENV-04,notflip,-0.038034876096442356,0.04041664166738231,0.0016521859304761488,-0.001981287729116718,0.005255533263961188
training/notflip/0052_000000015,notflip/0052,ENV-04,notflip,-0.0379212026099981,0.040427776319323885,0.0016606104990338356,-0.0019928972666964375,0.005262315074192439
training/notflip/0052_000000016,notflip/0052,ENV-04,notflip,-0.03755303742477045,0.04037339716166094,0.0016583244273889158,-0.002008956683774702,0.005221877959589145
training/notflip/0052_000000017,notflip/0052,ENV-04,notflip,-0.03712551359008891,0.040268584866596825,0.001644496872236223,-0.0019934496621186646,0.005181727570129138
training/notflip/0052_000000018,notflip/0052,ENV-04,notflip,-0.03696701303721151,0.04019453287738521,0.0016463190368534181,-0.0019844930086851016,0.005185840455404823
training/notflip/0052_000000019,notflip/0052,ENV-04,notflip,-0.03688299318071728,0.040046702723805234,0.0016520232581402074,-0.0019877071036688743,0.005192880062670475
training/notflip/0052_000000020,notflip/0052,ENV-04,notflip,-0.036722635380474856,0.04007089670505925,0.0016553549114943125,-0.001997678090494616,0.005200076877236152
training/notflip/0052_000000021,notflip/0052,ENV-04,notflip,-0.03673289306561133,0.03983751282453527,0.0016540565483500593,-0.0020071385487646426,0.005210116517401549
training/notflip/0052_000000023,notflip/0052,ENV-04,notflip,-0.03667552632891951,0.0403397993884299,0.0016487281685511682,-0.0019837069710819037,0.005257014678634883
training/notflip/0052_000000024,notflip/0052,ENV-04,notflip,-0.03668613538239001,0.04000568821258651,0.001650614393820232,-0.0019778232518228873,0.005169986708736862
training/notflip/0053_000000002,notflip/0053,ENV-04,notflip,-0.04748951814083387,0.05053892449811532,0.0017018724280989939,-0.0026271111679020973,0.006831997401668105
training/notflip/0053_000000003,notflip/0053,ENV-04,notflip,-0.04640756712045273,0.0497072176503036,0.0016961289125447887,-0.0025919061315650116,0.006736929829432092
training/notflip/0053_000000004,notflip/0053,ENV-04,notflip,-0.045338821254731966,0.04884110432187585,0.0017155743362293645,-0.0025533404306362,0.006563368809593147
training/notflip/0053_000000005,notflip/0053,ENV-04,notflip,-0.043746956149264396,0.04801747323987102,0.0017467841931488896,-0.0025287039344194964,0.006530077313168682
training/notflip/0053_000000006,notflip/0053,ENV-04,notflip,-0.04199781651358581,0.046714052639387035,0.0018633493449125753,-0.0025938130466807516,0.006497271853552839
training/notflip/0053_000000007,notflip/0053,ENV-04,notflip,-0.04028351600276459,0.04614351292313155,0.0019218040622839823,-0.0025974974622577467,0.006490269156415236
training/notflip/0053_000000009,notflip/0053,ENV-04,notflip,-0.037640754026992455,0.04370744151548781,0.0019756326312748342,-0.002544584086814828,0.0060657484113525876
training/notflip/0053_000000010,notflip/0053,ENV-04,notflip,-0.036794396042226465,0.04205704969888758,0.0019712793005869705,-0.0024837733415946817,0.005790558448503819
training/notflip/0053_000000012,notflip/0053,ENV-04,notflip,-0.034797862141730675,0.03909723441383129,0.0018417109961573488,-0.002233216026201412,0.005175898419072163
training/notflip/0053_000000013,notflip/0053,ENV-04,notflip,-0.03444073766158654,0.03771665393648627,0.0018078138036334427,-0.0021466082356001535,0.004928788327508188
training/notflip/0053_000000014,notflip/0053,ENV-04,notflip,-0.03396818543312408,0.036738369087951195,0.0017722864606095883,-0.0020692220040513043,0.004733973280853008
training/notflip/0053_000000015,notflip/0053,ENV-04,notflip,-0.03390338826228529,0.03639218846203434,0.0017584002385099902,-0.0020267323403983634,0.004616885277237238
training/notflip/0053_000000018,notflip/0053,ENV-04,notflip,-0.03362052488621435,0.03538068289659066,0.0017156598793197709,-0.0019166451763524097,0.004357810894782658
training/notflip/0053_000000019,notflip/0053,ENV-04,notflip,-0.03369406137694171,0.03516575483480282,0.001711497541169245,-0.00189886766816527,0.004282453945119735
training/notflip/0053_000000020,notflip/0053,ENV-04,notflip,-0.03365392128546847,0.03509693202463119,0.0017076699929217858,-0.0018733381504306844,0.004249642646509908
training/notflip/0053_000000021,notflip/0053,ENV-04,notflip,-0.03372444735962827,0.03525336650378382,0.0016997554833573939,-0.0018498361190668006,0.004203170243185722
training/notflip/0053_000000022,notflip/0053,ENV-04,notflip,-0.033668389611869985,0.035211203071187955,0.0017045886670483087,-0.0018387921597820905,0.00419768972860658
training/notflip/0053_000000023,notflip/0053,ENV-04,notflip,-0.0336403066654484,0.035156139351417454,0.001699180868927189,-0.001820339350402999,0.004191329364880211
training/notflip/0053_000000024,notflip/0053,ENV-04,notflip,-0.0340877764576367,0.035270278957185874,0.0017021853017457462,-0.0018047749059820393,0.004147608555087006
training/notflip/0054_000000001,notflip/0054,ENV-04,notflip,-0.047123026315050554,0.05231617868355968,0.0018702322966605467,-0.003096065288086606,0.008214964218746203
training/notflip/0054_000000002,notflip/0054,ENV-04,notflip,-0.04682954274078653,0.05168986600228081,0.0018542515345461297,-0.0030377217419944027,0.008019630962403837
training/notflip/0054_000000003,notflip/0054,ENV-04,notflip,-0.046833950168956986,0.05171932636968042,0.0018678440775659814,-0.0030177961768189363,0.007905017289816057
training/notflip/0054_000000004,notflip/0054,ENV-04,notflip,-0.04678929006697785,0.05131172459419031,0.0018790093642194713,-0.002986202685148589,0.007755118434749163
training/notflip/0054_000000005,notflip/0054,ENV-04,notflip,-0.04630375444319434,0.05070013863124368,0.0018778983811288872,-0.002940733428033505,0.0076250994809016715
training/notflip/0054_000000006,notflip/0054,ENV-04,notflip,-0.04541748307950427,0.04953207590047201,0.0018694512822346925,-0.002908330237359821,0.007511206972026611
training/notflip/0054_000000007,notflip/0054,ENV-04,notflip,-0.044577800886703565,0.048585738215823654,0.001859061222770897,-0.0028242628456924693,0.0072215022677246535
training/notflip/0054_000000008,notflip/0054,ENV-04,notflip,-0.04481922271537457,0.05017925495888493,0.0018152327405522972,-0.0027688695979695903,0.007428447568780699
training/notflip/0054_000000009,notflip/0054,ENV-04,notflip,-0.04459908575878796,0.051094024238254855,0.0016947231595311656,-0.0026304842906081974,0.007431398899615438
training/notflip/0054_000000011,notflip/0054,ENV-04,notflip,-0.04279561694244819,0.049173097854084365,0.0016556340933993523,-0.002450934422668788,0.007115160653005997
training/notflip/0054_000000012,notflip/0054,ENV-04,notflip,-0.04196777735879115,0.04759329545562384,0.001670246053822572,-0.002493173640727494,0.007044170572482285
training/notflip/0054_000000013,notflip/0054,ENV-04,notflip,-0.041115735875129,0.046327143243095836,0.0016900102921881004,-0.002527143412658318,0.006999368320746632
training/notflip/0054_000000014,notflip/0054,ENV-04,notflip,-0.040434601703468166,0.04555937060518383,0.001681550415368792,-0.002512664745614652,0.0069806919314456
training/notflip/0054_000000015,notflip/0054,ENV-04,notflip,-0.03997830167934929,0.04475222689147853,0.0016825995778552828,-0.002493388527153046,0.006912035529197835
training/notflip/0054_000000016,notflip/0054,ENV-04,notflip,-0.039717255851821225,0.044330876239302826,0.0016891765519703246,-0.002471878327864314,0.00680181248017561
training/notflip/0054_000000017,notflip/0054,ENV-04,notflip,-0.039429348766478856,0.04407249562814054,0.001689834888632706,-0.0024437349181138167,0.006741246744608075
training/notflip/0054_000000018,notflip/0054,ENV-04,notflip,-0.03920555706325741,0.04388326162624264,0.0016819797243626676,-0.0024356279950034036,0.006717903414160995
training/notflip/0054_000000019,notflip/0054,ENV-04,notflip,-0.03920035350977163,0.043778744434595056,0.0016772834384272642,-0.002418467721241375,0.0066558605379536916
training/notflip/0054_000000021,notflip/0054,ENV-04,notflip,-0.03894030090403974,0.04353557143752607,0.0016659125511163553,-0.0023773210620892217,0.0065467348873795225
training/notflip/0054_000000022,notflip/0054,ENV-04,notflip,-0.03849302707322203,0.042704416981482404,0.0016482196279692359,-0.0023218897113985,0.006471651916496185
training/notflip/0054_000000024,notflip/0054,ENV-04,notflip,-0.03817593051498306,0.0423697819879553,0.001645638338128637,-0.0023091611223817116,0.006400116405544647
training/notflip/0055_000000001,notflip/0055,ENV-04,notflip,-0.04212143284675587,0.05063017018267495,0.0016989216966571414,-0.0025709892994101816,0.007105762326226939
training/notflip/0055_000000002,notflip/0055,ENV-04,notflip,-0.0414887339486271,0.050036958328741894,0.0017013855948248987,-0.002461232773514253,0.006953585019894777
training/notflip/0055_000000003,notflip/0055,ENV-04,notflip,-0.04067505208382821,0.04906910362897768,0.0016452267827773077,-0.002323919004856437,0.006626742895660643
training/notflip/0055_000000004,notflip/0055,ENV-04,notflip,-0.03981493717744653,0.04802950584761445,0.001591135064887567,-0.0021918553668944314,0.006372711862617189
training/notflip/0055_000000005,notflip/0055,ENV-04,notflip,-0.038630127591882175,0.04659552660768154,0.0015913534312494435,-0.0021393611638068875,0.00628749084784815
training/notflip/0055_000000006,notflip/0055,ENV-04,notflip,-0.03763190408541371,0.045178187577001656,0.0015910494055643835,-0.002128440834797179,0.00620751202425488
training/notflip/0055_000000007,notflip/0055,ENV-04,notflip,-0.036795633209615056,0.043774292713834984,0.0016203226801498483,-0.0021457419989618855,0.006103366982218699
training/notflip/0055_000000008,notflip/0055,ENV-04,notflip,-0.035678713868149,0.04175510370111575,0.0016840163164284821,-0.00216694871358946,0.005881996977153347
training/notflip/0055_000000009,notflip/0055,ENV-04,notflip,-0.03450970368098111,0.040232592585091584,0.0017185475149623139,-0.002140229484368651,0.005612838118721044
training/notflip/0055_000000010,notflip/0055,ENV-04,notflip,-0.03373099282025597,0.03903080817899516,0.0017483240372368483,-0.0021174821899550677,0.005394894252221125
training/notflip/0055_000000011,notflip/0055,ENV-04,notflip,-0.03299664590082893,0.03810443940204647,0.00173934351630415,-0.0020779111977508313,0.005279305239437566
training/notflip/0055_000000014,notflip/0055,ENV-04,notflip,-0.03273642922001566,0.036318459177589,0.001693877972945834,-0.001973288506144549,0.0048805694784141715
training/notflip/0055_000000015,notflip/0055,ENV-04,notflip,-0.032904390300795554,0.03612906066191999,0.001693203498103623,-0.001986441540427941,0.00487547704464245
training/notflip/0055_000000017,notflip/0055,ENV-04,notflip,-0.03301602688282049,0.03665715412293999,0.001679225849091371,-0.0019988971578372367,0.004917684567771666
training/notflip/0055_000000018,notflip/0055,ENV-04,notflip,-0.03307245003300786,0.036856348442705855,0.0016776646436282821,-0.0020034353338997113,0.004896457368481608
training/notflip/0055_000000019,notflip/0055,ENV-04,notflip,-0.03325355197991007,0.036826558196621034,0.0016871405493539902,-0.0020091728164314507,0.004888430267650067
training/notflip/0055_000000020,notflip/0055,ENV-04,notflip,-0.03352312867973943,0.0370785715290408,0.0016989518474683247,-0.002007444945390143,0.004898246185965121
training/notflip/0055_000000021,notflip/0055,ENV-04,notflip,-0.03384852011046143,0.037097629105835465,0.0017059354536228543,-0.0019985646398251533,0.004848167245797824
training/notflip/0055_000000022,notflip/0055,ENV-04,notflip,-0.03397540834841051,0.03706849156479386,0.0017095984470165654,-0.0019855493505935634,0.004824665050972126
training/notflip/0055_000000023,notflip/0055,ENV-04,notflip,-0.034016156549602855,0.03714814905981659,0.001711365657629445,-0.0019857562256706683,0.004809474349040898
training/notflip/0055_000000024,notflip/0055,ENV-04,notflip,-0.034097539647308606,0.03746445104237456,0.0017032092547557738,-0.001968309793331849,0.004777839893917054
training/notflip/0056_000000001,notflip/0056,ENV-04,notflip,-0.0439068018082317,0.050320542741460604,0.0016195330794241663,-0.0023808692384275658,0.0069471572177183675
training/notflip/0056_000000002,notflip/0056,ENV-04,notflip,-0.043599653565888345,0.049761399829172104,0.0016000085123514139,-0.002324243446156544,0.0067843581349049525
training/notflip/0056_000000003,notflip/0056,ENV-04,notflip,-0.04273785879897424,0.04891285676604737,0.0015982694311385546,-0.0023088958121446836,0.006709597958122423
training/notflip/0056_000000005,notflip/0056,ENV-04,notflip,-0.0406886939465032,0.046952530124039944,0.0016510500080524875,-0.0023337416048058537,0.006676877864499064
training/notflip/0056_000000006,notflip/0056,ENV-04,notflip,-0.03966154544791371,0.04523307219197924,0.0016570522707455028,-0.0023023750949526167,0.0064760141398470025
training/notflip/0056_000000008,notflip/0056,ENV-04,notflip,-0.03811345877304584,0.042819111775631684,0.0016618771235523285,-0.002251816720134537,0.0062292123236774065
training/notflip/0056_000000009,notflip/0056,ENV-04,notflip,-0.03750120837685517,0.04206562241057992,0.0016577359699539002,-0.0022336243592820083,0.006128197597962401
training/notflip/0056_000000010,notflip/0056,ENV-04,notflip,-0.03708453320717802,0.041615473337028225,0.0016568964653553484,-0.00221744160540359,0.0060446739748596014
training/notflip/0056_000000012,notflip/0056,ENV-04,notflip,-0.036490560878219544,0.04141010458319176,0.0016595653063565638,-0.0022084088919911513,0.005956304518248268
training/notflip/0056_000000014,notflip/0056,ENV-04,notflip,-0.03644369659779142,0.041442830664460376,0.0016533970797552669,-0.002212441364558984,0.0059095638607203765
training/notflip/0056_000000015,notflip/0056,ENV-04,notflip,-0.03654016335504901,0.04156930697918532,0.0016553125127445121,-0.0022119897788639674,0.005901574254643865
training/notflip/0056_000000016,notflip/0056,ENV-04,notflip,-0.036359546306767236,0.0413291999205782,0.001654495050488004,-0.0021959800183776867,0.005836382696268652
training/notflip/0056_000000017,notflip/0056,ENV-04,notflip,-0.03608996599522216,0.04123465228777887,0.0016397848024516572,-0.00217697188994373,0.00581367509720645
training/notflip/0056_000000018,notflip/0056,ENV-04,notflip,-0.03574707631826666,0.04101856363179637,0.0016340507001958845,-0.002142934399395267,0.005750399605351491
training/notflip/0056_000000019,notflip/0056,ENV-04,notflip,-0.03555150965667864,0.04077661713170389,0.0016200854558890726,-0.0021260363608274703,0.005719776853632049
training/notflip/0056_000000020,notflip/0056,ENV-04,notflip,-0.035463602046295846,0.04055250937171608,0.0016188290541792438,-0.0021225816442363146,0.005711174317093647
training/notflip/0056_000000021,notflip/0056,ENV-04,notflip,-0.03534434536345807,0.04048814825283616,0.0016146078247188198,-0.0021185636682582248,0.0056991203415977494
training/notflip/0056_000000023,notflip/0056,ENV-04,notflip,-0.035142142432392755,0.040427897667989154,0.0016131016211026375,-0.0021114168080419425,0.005699990711705579
training/notflip/0057_000000001,notflip/0057,ENV-04,notflip,-0.03602667140127424,0.04146973407687612,0.0016071660003513111,-0.0021314123624841417,0.005781419350959225
training/notflip/0057_000000002,notflip/0057,ENV-04,notflip,-0.034930144941325625,0.04041080197567098,0.0016379060331983594,-0.002115251087399049,0.00565816587655655
training/notflip/0057_000000004,notflip/0057,ENV-04,notflip,-0.03284058212088611,0.03744995486218757,0.0016724871790287834,-0.0020310641069320543,0.005199206247502817
training/notflip/0057_000000005,notflip/0057,ENV-04,notflip,-0.03206019212197198,0.03597291958389811,0.0016679047392190382,-0.0019718382412968667,0.004971708904950171
training/notflip/0057_000000006,notflip/0057,ENV-04,notflip,-0.03171711205600715,0.03536127379776182,0.0016661232801875139,-0.001947045923055547,0.004919290811638688
training/notflip/0057_000000008,notflip/0057,ENV-04,notflip,-0.03186755249791667,0.036385943991059155,0.001643474357225072,-0.0019426030339029228,0.005088166259494556
training/notflip/0057_000000009,notflip/0057,ENV-04,notflip,-0.03218592729391044,0.03708202449435671,0.0016411708947889517,-0.0019460507422997151,0.005120659438741265
training/notflip/0057_000000010,notflip/0057,ENV-04,notflip,-0.03263601702461158,0.037326220078872235,0.0016246202602805883,-0.0019535576415289184,0.005162520695046994
training/notflip/0057_000000011,notflip/0057,ENV-04,notflip,-0.032993254190283074,0.03770718278262506,0.001612862276065508,-0.0019809513609978058,0.0052415300783072456
training/notflip/0057_000000013,notflip/0057,ENV-04,notflip,-0.033700768848812644,0.038401921884649345,0.0016195116882679918,-0.002028771084408187,0.005371853464411721
training/notflip/0057_000000014,notflip/0057,ENV-04,notflip,-0.03395774282814761,0.03894662248193974,0.0016148822380760075,-0.0020639477282581244,0.0054763319104577015
training/notflip/0057_000000015,notflip/0057,ENV-04,notflip,-0.03400049119745177,0.03921907807912576,0.0016064374325851587,-0.0020576109298607185,0.005494180607042643
training/notflip/0057_000000016,notflip/0057,ENV-04,notflip,-0.03397692279236685,0.03930642893359155,0.001608474360122274,-0.002062102723922462,0.0054856672523929005
training/notflip/0057_000000017,notflip/0057,ENV-04,notflip,-0.03381737535791838,0.03921962743109769,0.0016065830130988917,-0.0020583873920851695,0.005482047764344671
training/notflip/0057_000000018,notflip/0057,ENV-04,notflip,-0.03369443606663946,0.03926599842802159,0.0016209613886252992,-0.002066912054955425,0.005494742463437562
training/notflip/0057_000000019,notflip/0057,ENV-04,notflip,-0.03420760234685677,0.03965047999987231,0.0016328352235387502,-0.0020576337054780164,0.0054805558170388
training/notflip/0057_000000020,notflip/0057,ENV-04,notflip,-0.03412982126473749,0.0396934933594897,0.0016341291514007873,-0.0020497994837006235,0.005470200450178957
training/notflip/0057_000000021,notflip/0057,ENV-04,notflip,-0.03416047276011826,0.039510250309563,0.0016388674758236585,-0.0020381229537209094,0.005414614868213409
training/notflip/0057_000000022,notflip/0057,ENV-04,notflip,-0.034184140229403005,0.0394519647705808,0.0016388140337716115,-0.002031000164842941,0.0053775274880170105
training/notflip/0057_000000024,notflip/0057,ENV-04,notflip,-0.03430748124665116,0.03971821942667312,0.0016416210170920984,-0.00204361575728661,0.005430283245523084
training/notflip/0058_000000001,notflip/0058,ENV-04,notflip,-0.04427062839426874,0.05125792725352313,0.0016405032614271622,-0.0024789849783732327,0.006735173972483975
training/notflip/0058_000000003,notflip/0058,ENV-04,notflip,-0.04415111651792399,0.05101451885463537,0.0016641353895767714,-0.002536512539872854,0.006895799936683375
training/notflip/0058_000000005,notflip/0058,ENV-04,notflip,-0.044767028677796986,0.053000890592199465,0.0016633362002134897,-0.002534126701081031,0.007082641435618639
training/notflip/0058_000000006,notflip/0058,ENV-04,notflip,-0.04375753414198021,0.052516066684821734,0.0016436590922435075,-0.0023928524301743727,0.006864280443914009
training/notflip/0058_000000007,notflip/0058,ENV-04,notflip,-0.04254939101603854,0.05049554271519694,0.0016708077142336053,-0.002399743244987,0.0066408090102286176
training/notflip/0058_000000008,notflip/0058,ENV-04,notflip,-0.04057429192542166,0.04828987436390939,0.0017802203293634813,-0.0025024873752231883,0.006563538320911622
training/notflip/0058_000000009,notflip/0058,ENV-04,notflip,-0.03861031568062057,0.04639453418765908,0.0018438559258385444,-0.0024726664857488328,0.006274326570074982
training/notflip/0058_000000010,notflip/0058,ENV-04,notflip,-0.037367793768775456,0.04400718633602568,0.0018192300060207126,-0.0024332702584066272,0.00605985648167838
training/notflip/0058_000000011,notflip/0058,ENV-04,notflip,-0.036578402239418245,0.04278333337418831,0.00179016197652231,-0.002375600805431517,0.0058387849956815134
training/notflip/0058_000000012,notflip/0058,ENV-04,notflip,-0.035536197014356175,0.04094908179380557,0.0017573485525697846,-0.0023090495762991517,0.005633349583674423
training/notflip/0058_000000014,notflip/0058,ENV-04,notflip,-0.03372943586124626,0.036907217243700524,0.001644890598396908,-0.002063843830377773,0.005030053385564364
training/notflip/0058_000000015,notflip/0058,ENV-04,notflip,-0.03336731844223325,0.03580549368800155,0.0016206980523843352,-0.001997359158342035,0.004833369767032689
training/notflip/0058_000000016,notflip/0058,ENV-04,notflip,-0.03306187234986676,0.034953132640831504,0.001598353182435291,-0.001948253166191371,0.004748492814570861
training/notflip/0058_000000017,notflip/0058,ENV-04,notflip,-0.032944586735032096,0.03461104345902759,0.001594752256842894,-0.0019240054603517544,0.004657174381135036
training/notflip/0058_000000019,notflip/0058,ENV-04,notflip,-0.03287469312387381,0.03427329984829985,0.0015855658440153478,-0.0018990591943353343,0.004575707448351774
training/notflip/0058_000000022,notflip/0058,ENV-04,notflip,-0.033121886474110206,0.03425378763958333,0.001608146162369225,-0.0019121545697483927,0.004594316742821038
training/notflip/0058_000000023,notflip/0058,ENV-04,notflip,-0.033106758958011594,0.03418163455027101,0.001610487539215909,-0.0019058967200073346,0.004567111794725122
training/notflip/0058_000000024,notflip/0058,ENV-04,notflip,-0.03319213764511513,0.03422086275564232,0.0016081613583115656,-0.001894248831703852,0.004570621815838446
