sample_id,video_id,frame_number,y_true,detected_hands,mask_coverage,control_coverage,p_original,p_grayscale,p_hand_mask,p_matched_control,pred_original,pred_grayscale,pred_hand_mask,pred_matched_control
testing/flip/0001_000000020,flip/0001,20,1,1,0.13197684852835606,0.13197684852835606,0.9997679591178894,0.9999992847442627,0.9999836683273315,0.9999794960021973,1,1,1,1
testing/flip/0002_000000012,flip/0002,12,1,1,0.14290201005025124,0.14290201005025124,0.9999551773071289,0.9999995231628418,1.0,0.9999947547912598,1,1,1,1
testing/flip/0002_000000013,flip/0002,13,1,1,0.14324973079684136,0.14324973079684136,0.9999220371246338,0.999998927116394,1.0,0.9999855756759644,1,1,1,1
testing/flip/0002_000000015,flip/0002,15,1,1,0.14225143575017946,0.14225143575017946,0.9999481439590454,0.9999996423721313,1.0,0.9999890327453613,1,1,1,1
testing/flip/0002_000000017,flip/0002,17,1,1,0.14978912419239052,0.14978912419239052,0.9995802044868469,0.9999997615814209,0.9999995231628418,0.999873161315918,1,1,1,1
testing/flip/0003_000000005,flip/0003,5,1,1,0.1451117193108399,0.1451117193108399,0.9999563694000244,0.9999991655349731,0.999994158744812,0.9999934434890747,1,1,1,1
testing/flip/0003_000000008,flip/0003,8,1,1,0.1458183776022972,0.1458183776022972,0.9999792575836182,0.9999996423721313,0.9999988079071045,0.9999876022338867,1,1,1,1
testing/flip/0003_000000022,flip/0003,22,1,1,0.13880787867910985,0.13880787867910985,0.999845027923584,0.9999998807907104,0.9999885559082031,0.9999812841415405,1,1,1,1
testing/flip/0003_000000025,flip/0003,25,1,2,0.2610036791098349,0.2610036791098349,0.9999372959136963,1.0,0.9999988079071045,0.9999960660934448,1,1,1,1
testing/flip/0004_000000006,flip/0004,6,1,1,0.15907663316582915,0.15907663316582915,0.9999005794525146,0.9999998807907104,0.9999969005584717,0.9999991655349731,1,1,1,1
testing/flip/0004_000000013,flip/0004,13,1,1,0.15371500358937545,0.15371500358937545,0.9999979734420776,0.9999998807907104,0.9999998807907104,0.9999996423721313,1,1,1,1
testing/flip/0004_000000014,flip/0004,14,1,1,0.15451139626704954,0.15451139626704954,0.9999979734420776,0.9999998807907104,1.0,0.9999998807907104,1,1,1,1
testing/flip/0004_000000027,flip/0004,27,1,2,0.27929827709978466,0.27929827709978466,0.9999728202819824,1.0,0.9999996423721313,0.999940037727356,1,1,1,1
testing/flip/0005_000000003,flip/0005,3,1,1,0.15372622038765255,0.15372622038765255,0.9992730021476746,0.9999761581420898,0.9996451139450073,0.99998939037323,1,1,1,1
testing/flip/0005_000000008,flip/0005,8,1,1,0.15297469490308685,0.15297469490308685,0.999671459197998,0.9999825954437256,0.9999252557754517,0.9997952580451965,1,1,1,1
testing/flip/0005_000000018,flip/0005,18,1,1,0.15034996410624551,0.15034996410624551,0.999997615814209,0.9999994039535522,1.0,0.9999967813491821,1,1,1,1
testing/flip/0005_000000023,flip/0005,23,1,1,0.14891421392677673,0.14891421392677673,0.9999949932098389,1.0,0.9999997615814209,0.9999885559082031,1,1,1,1
testing/flip/0005_000000028,flip/0005,28,1,2,0.26280958363244794,0.26280958363244794,0.9999971389770508,1.0,1.0,0.9999980926513672,1,1,1,1
testing/flip/0006_000000001,flip/0006,1,1,1,0.14909368269921033,0.14909368269921033,0.9994021654129028,0.9999988079071045,0.9997681975364685,0.9999030828475952,1,1,1,1
testing/flip/0006_000000006,flip/0006,6,1,1,0.1467381550610194,0.1467381550610194,0.9994540810585022,0.9999988079071045,0.9998219609260559,0.999782383441925,1,1,1,1
testing/flip/0006_000000008,flip/0006,8,1,1,0.1461660983488873,0.1461660983488873,0.9997885823249817,0.9999992847442627,0.9999423027038574,0.9999630451202393,1,1,1,1
testing/flip/0006_000000012,flip/0006,12,1,1,0.14642408470926058,0.14642408470926058,0.9997172951698303,0.9999991655349731,0.9998635053634644,0.999993085861206,1,1,1,1
testing/flip/0006_000000021,flip/0006,21,1,1,0.14459574659009333,0.14459574659009333,0.9999651908874512,0.9999998807907104,0.999981164932251,0.9999817609786987,1,1,1,1
testing/flip/0006_000000022,flip/0006,22,1,1,0.14372083632447955,0.14372083632447955,0.999943733215332,0.9999998807907104,0.9999805688858032,0.9999744892120361,1,1,1,1
testing/flip/0006_000000024,flip/0006,24,1,1,0.14029971284996412,0.14029971284996412,0.9999402761459351,0.9999997615814209,0.9999752044677734,0.999976396560669,1,1,1,1
testing/flip/0006_000000025,flip/0006,25,1,2,0.24390927853553482,0.24390927853553482,0.9997987151145935,0.9999998807907104,0.999845027923584,0.9999998807907104,1,1,1,1
testing/flip/0006_000000030,flip/0006,30,1,2,0.25246769562096194,0.25246769562096194,0.8950166702270508,0.999996542930603,0.999072790145874,0.9999630451202393,1,1,1,1
testing/flip/0007_000000008,flip/0007,8,1,1,0.1609274048815506,0.1609274048815506,0.9999352693557739,0.9999998807907104,0.9999977350234985,0.9999967813491821,1,1,1,1
testing/flip/0007_000000018,flip/0007,18,1,1,0.15384960516870064,0.15384960516870064,0.9999947547912598,0.9999996423721313,0.9999998807907104,0.9999997615814209,1,1,1,1
testing/flip/0007_000000024,flip/0007,24,1,1,0.1501704953338119,0.1501704953338119,0.9998613595962524,0.9999998807907104,0.9999992847442627,0.9999755620956421,1,1,1,1
testing/flip/0008_000000005,flip/0008,5,1,1,0.1505855168700646,0.1505855168700646,0.9998064637184143,0.9999943971633911,0.9999977350234985,0.9999649524688721,1,1,1,1
testing/flip/0008_000000007,flip/0008,7,1,1,0.14911611629576454,0.14911611629576454,0.9997811913490295,0.999996542930603,0.9999986886978149,0.9999687671661377,1,1,1,1
testing/flip/0008_000000023,flip/0008,23,1,2,0.2629890524048816,0.2629890524048816,0.9998911619186401,0.9999998807907104,1.0,0.9999111890792847,1,1,1,1
testing/flip/0008_000000026,flip/0008,26,1,2,0.25684224694903085,0.25684224694903085,0.9999865293502808,1.0,1.0,0.9999592304229736,1,1,1,1
testing/flip/0008_000000029,flip/0008,29,1,2,0.24788002512562815,0.24788002512562815,0.999315619468689,0.9999998807907104,0.9999650716781616,0.9994345307350159,1,1,1,1
testing/flip/0009_000000007,flip/0009,7,1,1,0.1462558327351041,0.1462558327351041,0.9999604225158691,0.9999995231628418,0.9999998807907104,0.9999969005584717,1,1,1,1
testing/flip/0009_000000016,flip/0009,16,1,1,0.14429289303661164,0.14429289303661164,0.9999927282333374,1.0,1.0,1.0,1,1,1,1
testing/flip/0009_000000019,flip/0009,19,1,1,0.14441627781765973,0.14441627781765973,0.9999901056289673,1.0,1.0,0.9999998807907104,1,1,1,1
testing/flip/0009_000000020,flip/0009,20,1,1,0.14369840272792533,0.14369840272792533,0.9999617338180542,1.0,1.0,0.9999452829360962,1,1,1,1
testing/flip/0009_000000023,flip/0009,23,1,1,0.15967112347451543,0.15967112347451543,0.9999533891677856,1.0,0.9999998807907104,0.9999486207962036,1,1,1,1
testing/flip/0009_000000025,flip/0009,25,1,2,0.24634332376166548,0.24634332376166548,0.9999890327453613,1.0,1.0,1.0,1,1,1,1
testing/flip/0009_000000026,flip/0009,26,1,2,0.24633210696338836,0.24633210696338836,0.9999842643737793,1.0,1.0,1.0,1,1,1,1
testing/flip/0010_000000004,flip/0010,4,1,1,0.14403490667623833,0.14403490667623833,0.9999961853027344,1.0,1.0,0.9999994039535522,1,1,1,1
testing/flip/0010_000000008,flip/0010,8,1,1,0.1411073223259153,0.1411073223259153,0.9999994039535522,1.0,1.0,0.9999998807907104,1,1,1,1
testing/flip/0010_000000009,flip/0010,9,1,1,0.140737167982771,0.140737167982771,0.9999991655349731,1.0,1.0,0.9999998807907104,1,1,1,1
testing/flip/0010_000000012,flip/0010,12,1,1,0.14162329504666188,0.14162329504666188,0.9999946355819702,1.0,1.0,0.9999986886978149,1,1,1,1
testing/flip/0010_000000013,flip/0010,13,1,1,0.14254307250538406,0.14254307250538406,0.9999877214431763,1.0,1.0,0.999998927116394,1,1,1,1
testing/flip/0010_000000021,flip/0010,21,1,1,0.14794956927494615,0.14794956927494615,0.9999864101409912,1.0,1.0,0.9997950196266174,1,1,1,1
testing/flip/0011_000000006,flip/0011,6,1,0,0.0,0.0,0.9999936819076538,0.9988462924957275,0.9999936819076538,0.9999936819076538,1,1,1,1
testing/flip/0011_000000014,flip/0011,14,1,0,0.0,0.0,0.9999393224716187,0.9984911680221558,0.9999393224716187,0.9999393224716187,1,1,1,1
testing/flip/0011_000000023,flip/0011,23,1,1,0.16299129576453697,0.16299129576453697,0.9998225569725037,0.9979885816574097,0.9996458292007446,0.9953033924102783,1,1,1,1
testing/flip/0011_000000026,flip/0011,26,1,1,0.1767767408470926,0.1767767408470926,0.9995182752609253,0.9959237575531006,0.9963768124580383,0.9844181537628174,1,1,1,1
testing/flip/0011_000000027,flip/0011,27,1,1,0.1778759870782484,0.1778759870782484,0.9991869330406189,0.9957165122032166,0.997087299823761,0.978272557258606,1,1,1,1
testing/flip/0012_000000007,flip/0012,7,1,0,0.0,0.0,0.9940804839134216,0.9126438498497009,0.9940804839134216,0.9940804839134216,1,1,1,1
testing/flip/0012_000000008,flip/0012,8,1,0,0.0,0.0,0.9968409538269043,0.898304283618927,0.9968409538269043,0.9968409538269043,1,1,1,1
testing/flip/0012_000000016,flip/0012,16,1,0,0.0,0.0,0.9997482895851135,0.995612382888794,0.9997482895851135,0.9997482895851135,1,1,1,1
testing/flip/0012_000000022,flip/0012,22,1,1,0.14502198492462312,0.14502198492462312,0.9998549222946167,0.999589741230011,0.9999608993530273,0.9998037219047546,1,1,1,1
testing/flip/0012_000000025,flip/0012,25,1,1,0.1515725951184494,0.1515725951184494,0.9999476671218872,0.9976039528846741,0.9999725818634033,0.9999827146530151,1,1,1,1
testing/flip/0012_000000029,flip/0012,29,1,1,0.1604002153625269,0.1604002153625269,0.999729335308075,0.9964656829833984,0.99993896484375,0.9999933242797852,1,1,1,1
testing/flip/0012_000000030,flip/0012,30,1,1,0.1618471823402728,0.1618471823402728,0.9997807145118713,0.9983843564987183,0.9999502897262573,0.9999951124191284,1,1,1,1
testing/flip/0013_000000008,flip/0013,8,1,0,0.0,0.0,0.9999732971191406,0.9941496849060059,0.9999732971191406,0.9999732971191406,1,1,1,1
testing/flip/0013_000000011,flip/0013,11,1,0,0.0,0.0,0.9999103546142578,0.9944249391555786,0.9999103546142578,0.9999103546142578,1,1,1,1
testing/flip/0013_000000013,flip/0013,13,1,0,0.0,0.0,0.999863862991333,0.9992257356643677,0.999863862991333,0.999863862991333,1,1,1,1
testing/flip/0013_000000015,flip/0013,15,1,0,0.0,0.0,0.999933123588562,0.9995089769363403,0.999933123588562,0.999933123588562,1,1,1,1
testing/flip/0013_000000022,flip/0013,22,1,1,0.14778131730078967,0.14778131730078967,0.999954104423523,0.9997567534446716,0.9999663829803467,0.9999867677688599,1,1,1,1
testing/flip/0014_000000003,flip/0014,3,1,1,0.046213208901651114,0.046213208901651114,0.9999632835388184,0.9973320960998535,0.9999486207962036,0.999961256980896,1,1,1,1
testing/flip/0014_000000004,flip/0014,4,1,0,0.0,0.0,0.9999643564224243,0.9966185092926025,0.9999643564224243,0.9999643564224243,1,1,1,1
testing/flip/0014_000000006,flip/0014,6,1,0,0.0,0.0,0.9999803304672241,0.9956992864608765,0.9999803304672241,0.9999803304672241,1,1,1,1
testing/flip/0014_000000009,flip/0014,9,1,0,0.0,0.0,0.9999909400939941,0.9982962012290955,0.9999909400939941,0.9999909400939941,1,1,1,1
testing/flip/0014_000000010,flip/0014,10,1,0,0.0,0.0,0.9999909400939941,0.998744010925293,0.9999909400939941,0.9999909400939941,1,1,1,1
testing/flip/0014_000000012,flip/0014,12,1,0,0.0,0.0,0.9999948740005493,0.9992751479148865,0.9999948740005493,0.9999948740005493,1,1,1,1
testing/flip/0014_000000013,flip/0014,13,1,0,0.0,0.0,0.9999974966049194,0.9995657801628113,0.9999974966049194,0.9999974966049194,1,1,1,1
testing/flip/0014_000000014,flip/0014,14,1,0,0.0,0.0,0.9999969005584717,0.999527096748352,0.9999969005584717,0.9999969005584717,1,1,1,1
testing/flip/0014_000000016,flip/0014,16,1,0,0.0,0.0,0.9999910593032837,0.9997690320014954,0.9999910593032837,0.9999910593032837,1,1,1,1
testing/flip/0014_000000019,flip/0014,19,1,0,0.0,0.0,0.9999951124191284,0.9999595880508423,0.9999951124191284,0.9999951124191284,1,1,1,1
testing/flip/0014_000000020,flip/0014,20,1,0,0.0,0.0,0.999997615814209,0.9999822378158569,0.999997615814209,0.999997615814209,1,1,1,1
testing/flip/0015_000000011,flip/0015,11,1,0,0.0,0.0,0.9999938011169434,0.9987267851829529,0.9999938011169434,0.9999938011169434,1,1,1,1
testing/flip/0015_000000019,flip/0015,19,1,0,0.0,0.0,0.9999514818191528,0.9959975481033325,0.9999514818191528,0.9999514818191528,1,1,1,1
testing/flip/0015_000000021,flip/0015,21,1,0,0.0,0.0,0.9999547004699707,0.9991196990013123,0.9999547004699707,0.9999547004699707,1,1,1,1
testing/flip/0015_000000023,flip/0015,23,1,1,0.17416322684852836,0.17416322684852836,0.9999470710754395,0.9905290007591248,0.9997547268867493,0.9995744824409485,1,1,1,1
testing/flip/0015_000000029,flip/0015,29,1,1,0.19630518664752333,0.19630518664752333,0.9987953901290894,0.9859160780906677,0.9969569444656372,0.9999644756317139,1,1,1,1
testing/flip/0016_000000004,flip/0016,4,1,0,0.0,0.0,0.9999998807907104,0.9999555349349976,0.9999998807907104,0.9999998807907104,1,1,1,1
testing/flip/0016_000000006,flip/0016,6,1,0,0.0,0.0,0.9999998807907104,0.99996018409729,0.9999998807907104,0.9999998807907104,1,1,1,1
testing/flip/0016_000000008,flip/0016,8,1,0,0.0,0.0,0.9999998807907104,0.9999855756759644,0.9999998807907104,0.9999998807907104,1,1,1,1
testing/flip/0016_000000013,flip/0016,13,1,0,0.0,0.0,0.9999997615814209,0.9999873638153076,0.9999997615814209,0.9999997615814209,1,1,1,1
testing/flip/0016_000000026,flip/0016,26,1,1,0.19691089375448673,0.19691089375448673,0.9999960660934448,0.9999651908874512,0.9998831748962402,0.9998947381973267,1,1,1,1
testing/flip/0017_000000015,flip/0017,15,1,0,0.0,0.0,0.9997205138206482,0.9976913928985596,0.9997205138206482,0.9997205138206482,1,1,1,1
testing/flip/0017_000000017,flip/0017,17,1,0,0.0,0.0,0.9980081915855408,0.996554970741272,0.9980081915855408,0.9980081915855408,1,1,1,1
testing/flip/0018_000000003,flip/0018,3,1,0,0.0,0.0,0.9981548190116882,0.9732968211174011,0.9981548190116882,0.9981548190116882,1,1,1,1
testing/flip/0018_000000004,flip/0018,4,1,0,0.0,0.0,0.9978945851325989,0.9673267006874084,0.9978945851325989,0.9978945851325989,1,1,1,1
testing/flip/0018_000000012,flip/0018,12,1,0,0.0,0.0,0.9999932050704956,0.9990611672401428,0.9999932050704956,0.9999932050704956,1,1,1,1
testing/flip/0018_000000019,flip/0018,19,1,0,0.0,0.0,0.9999715089797974,0.997794508934021,0.9999715089797974,0.9999715089797974,1,1,1,1
testing/flip/0018_000000020,flip/0018,20,1,0,0.0,0.0,0.9999576807022095,0.9983345866203308,0.9999576807022095,0.9999576807022095,1,1,1,1
testing/flip/0019_000000014,flip/0019,14,1,0,0.0,0.0,0.9999983310699463,0.9992108345031738,0.9999983310699463,0.9999983310699463,1,1,1,1
testing/flip/0019_000000025,flip/0019,25,1,0,0.0,0.0,0.9999973773956299,0.9998787641525269,0.9999973773956299,0.9999973773956299,1,1,1,1
testing/flip/0020_000000010,flip/0020,10,1,0,0.0,0.0,0.9999990463256836,0.9967376589775085,0.9999990463256836,0.9999990463256836,1,1,1,1
testing/flip/0020_000000012,flip/0020,12,1,0,0.0,0.0,0.9999995231628418,0.9991220831871033,0.9999995231628418,0.9999995231628418,1,1,1,1
testing/flip/0020_000000015,flip/0020,15,1,0,0.0,0.0,0.9999998807907104,0.999862790107727,0.9999998807907104,0.9999998807907104,1,1,1,1
testing/flip/0020_000000019,flip/0020,19,1,0,0.0,0.0,0.9999997615814209,0.9998859167098999,0.9999997615814209,0.9999997615814209,1,1,1,1
testing/flip/0020_000000020,flip/0020,20,1,0,0.0,0.0,0.9999995231628418,0.9998632669448853,0.9999995231628418,0.9999995231628418,1,1,1,1
testing/flip/0020_000000023,flip/0020,23,1,1,0.17922200287150036,0.17922200287150036,0.9999992847442627,0.9999752044677734,0.9999927282333374,0.9999792575836182,1,1,1,1
testing/flip/0021_000000011,flip/0021,11,1,0,0.0,0.0,0.999998927116394,0.9990664124488831,0.999998927116394,0.999998927116394,1,1,1,1
testing/flip/0021_000000014,flip/0021,14,1,0,0.0,0.0,0.9999969005584717,0.9989988207817078,0.9999969005584717,0.9999969005584717,1,1,1,1
testing/flip/0021_000000015,flip/0021,15,1,0,0.0,0.0,0.9999963045120239,0.9987063407897949,0.9999963045120239,0.9999963045120239,1,1,1,1
testing/flip/0021_000000027,flip/0021,27,1,0,0.0,0.0,0.9999923706054688,0.9999042749404907,0.9999923706054688,0.9999923706054688,1,1,1,1
testing/flip/0022_000000010,flip/0022,10,1,0,0.0,0.0,0.9999206066131592,0.9934161901473999,0.9999206066131592,0.9999206066131592,1,1,1,1
testing/flip/0022_000000020,flip/0022,20,1,1,0.1612414752333094,0.1612414752333094,0.9997088313102722,0.9991195797920227,0.9999575614929199,0.9995711445808411,1,1,1,1
testing/flip/0024_000000017,flip/0024,17,1,1,0.08984655419956927,0.08984655419956927,0.999955415725708,0.9999887943267822,0.9999938011169434,0.99996018409729,1,1,1,1
testing/flip/0024_000000019,flip/0024,19,1,1,0.10070441493180186,0.10070441493180186,0.9998869895935059,0.9999977350234985,0.9999473094940186,0.9999672174453735,1,1,1,1
testing/flip/0024_000000021,flip/0024,21,1,1,0.19040515075376885,0.19040515075376885,0.9992824196815491,0.9999978542327881,0.9999864101409912,0.9999822378158569,1,1,1,1
testing/flip/0026_000000010,flip/0026,10,1,1,0.10138863962670495,0.10138863962670495,0.9999982118606567,0.9999974966049194,1.0,0.9999998807907104,1,1,1,1
testing/flip/0026_000000016,flip/0026,16,1,0,0.0,0.0,0.9998928308486938,0.9999980926513672,0.9998928308486938,0.9998928308486938,1,1,1,1
testing/flip/0026_000000018,flip/0026,18,1,0,0.0,0.0,0.9999921321868896,0.9999998807907104,0.9999921321868896,0.9999921321868896,1,1,1,1
testing/flip/0027_000000016,flip/0027,16,1,1,0.11856155778894473,0.11856155778894473,0.9998083710670471,0.999993085861206,0.9999910593032837,0.9999938011169434,1,1,1,1
testing/flip/0027_000000018,flip/0027,18,1,0,0.0,0.0,0.9999020099639893,0.9999988079071045,0.9999020099639893,0.9999020099639893,1,1,1,1
testing/flip/0027_000000019,flip/0027,19,1,0,0.0,0.0,0.9999572038650513,0.9999988079071045,0.9999572038650513,0.9999572038650513,1,1,1,1
testing/flip/0028_000000015,flip/0028,15,1,0,0.0,0.0,0.999958872795105,0.9999316930770874,0.999958872795105,0.999958872795105,1,1,1,1
testing/flip/0028_000000019,flip/0028,19,1,1,0.11276247307968414,0.11276247307968414,0.9998107552528381,0.9999638795852661,0.9998667240142822,0.9999798536300659,1,1,1,1
testing/flip/0028_000000024,flip/0028,24,1,0,0.0,0.0,0.999990701675415,0.9999991655349731,0.999990701675415,0.999990701675415,1,1,1,1
testing/flip/0029_000000021,flip/0029,21,1,0,0.0,0.0,0.9999979734420776,0.9999974966049194,0.9999979734420776,0.9999979734420776,1,1,1,1
testing/flip/0029_000000024,flip/0029,24,1,1,0.08870244077530509,0.08870244077530509,0.999976396560669,0.9999986886978149,0.9999964237213135,0.9999603033065796,1,1,1,1
testing/flip/0029_000000025,flip/0029,25,1,1,0.08317255922469491,0.08317255922469491,0.999995231628418,0.9999995231628418,0.9999994039535522,0.9999939203262329,1,1,1,1
testing/flip/0029_000000027,flip/0029,27,1,0,0.0,0.0,0.9999988079071045,0.9999995231628418,0.9999988079071045,0.9999988079071045,1,1,1,1
testing/flip/0030_000000003,flip/0030,3,1,0,0.0,0.0,0.9996904134750366,0.9999945163726807,0.9996904134750366,0.9996904134750366,1,1,1,1
testing/flip/0030_000000006,flip/0030,6,1,1,0.0467516152189519,0.0467516152189519,0.9998327493667603,0.9999977350234985,0.9999535083770752,0.999897837638855,1,1,1,1
testing/flip/0030_000000009,flip/0030,9,1,0,0.0,0.0,0.999591052532196,0.9999955892562866,0.999591052532196,0.999591052532196,1,1,1,1
testing/flip/0030_000000012,flip/0030,12,1,0,0.0,0.0,0.9997981190681458,0.9999972581863403,0.9997981190681458,0.9997981190681458,1,1,1,1
testing/flip/0030_000000019,flip/0030,19,1,0,0.0,0.0,0.9998476505279541,0.9999990463256836,0.9998476505279541,0.9998476505279541,1,1,1,1
testing/flip/0030_000000027,flip/0030,27,1,0,0.0,0.0,0.9999654293060303,0.9999997615814209,0.9999654293060303,0.9999654293060303,1,1,1,1
testing/flip/0030_000000031,flip/0030,31,1,0,0.0,0.0,0.9994930028915405,0.9999957084655762,0.9994930028915405,0.9994930028915405,1,1,1,1
testing/flip/0030_000000038,flip/0030,38,1,1,0.0834529791816224,0.0834529791816224,0.9999181032180786,0.9999550580978394,0.9999579191207886,0.9999756813049316,1,1,1,1
testing/flip/0031_000000018,flip/0031,18,1,1,0.09698043790380474,0.09698043790380474,0.9999980926513672,0.9999872446060181,0.9999995231628418,0.9999994039535522,1,1,1,1
testing/flip/0031_000000020,flip/0031,20,1,1,0.08820890165111271,0.08820890165111271,0.9999945163726807,0.9999901056289673,0.9999995231628418,0.999997615814209,1,1,1,1
testing/flip/0031_000000028,flip/0031,28,1,1,0.1621724694903087,0.1621724694903087,0.9997264742851257,0.999997615814209,0.9999890327453613,0.9999594688415527,1,1,1,1
testing/flip/0032_000000010,flip/0032,10,1,1,0.10722137473079685,0.10722137473079685,0.9999809265136719,0.9999866485595703,0.9999985694885254,0.9999980926513672,1,1,1,1
testing/flip/0033_000000016,flip/0033,16,1,1,0.10559493898061738,0.10559493898061738,0.99992835521698,0.9999563694000244,0.999992847442627,0.9999872446060181,1,1,1,1
testing/flip/0033_000000021,flip/0033,21,1,0,0.0,0.0,0.9994250535964966,0.9999974966049194,0.9994250535964966,0.9994250535964966,1,1,1,1
testing/flip/0034_000000015,flip/0034,15,1,1,0.20570486360373294,0.20570486360373294,0.9993177652359009,0.9988909363746643,0.9987724423408508,0.17073363065719604,1,1,1,0
testing/flip/0034_000000016,flip/0034,16,1,1,0.20057878679109836,0.20057878679109836,0.9977922439575195,0.9980702996253967,0.9994780421257019,0.2492065131664276,1,1,1,0
testing/flip/0034_000000019,flip/0034,19,1,1,0.18442659727207467,0.18442659727207467,0.9850650429725647,0.9977824091911316,0.9670370221138,0.3041538596153259,1,1,1,0
testing/flip/0034_000000020,flip/0034,20,1,1,0.18376480617372576,0.18376480617372576,0.9798941016197205,0.9970107078552246,0.9578441977500916,0.9834679365158081,1,1,1,1
testing/flip/0034_000000022,flip/0034,22,1,1,0.16653580402010051,0.16653580402010051,0.9905725121498108,0.9982232451438904,0.775706946849823,0.9960933327674866,1,1,1,1
testing/flip/0035_000000007,flip/0035,7,1,1,0.1305186647523331,0.1305186647523331,0.9551044702529907,0.9310283064842224,0.9349589943885803,0.9078799486160278,1,1,1,1
testing/flip/0035_000000010,flip/0035,10,1,1,0.13135992462311558,0.13135992462311558,0.9994631409645081,0.9955657124519348,0.9994495511054993,0.9983103275299072,1,1,1,1
testing/flip/0035_000000016,flip/0035,16,1,1,0.13343503230437903,0.13343503230437903,0.9986720085144043,0.9995773434638977,0.9985091090202332,0.9988976716995239,1,1,1,1
testing/flip/0036_000000007,flip/0036,7,1,1,0.124775664034458,0.124775664034458,0.7860093712806702,0.8459746241569519,0.46615999937057495,0.7833775877952576,1,1,0,1
testing/flip/0036_000000008,flip/0036,8,1,1,0.1248093144292893,0.1248093144292893,0.803795337677002,0.8200052976608276,0.49080732464790344,0.7518429756164551,1,1,0,1
testing/flip/0036_000000009,flip/0036,9,1,1,0.12394562096195262,0.12394562096195262,0.908255934715271,0.8331754803657532,0.7057074308395386,0.9020386934280396,1,1,1,1
testing/flip/0036_000000011,flip/0036,11,1,1,0.125448671931084,0.125448671931084,0.9656986594200134,0.9060142040252686,0.8812899589538574,0.9603451490402222,1,1,1,1
testing/flip/0036_000000014,flip/0036,14,1,1,0.12415874012921752,0.12415874012921752,0.998607337474823,0.9734535217285156,0.9938551783561707,0.9975295662879944,1,1,1,1
testing/flip/0036_000000015,flip/0036,15,1,1,0.12421482412060302,0.12421482412060302,0.999697208404541,0.9839089512825012,0.998875081539154,0.9992358684539795,1,1,1,1
testing/flip/0036_000000024,flip/0036,24,1,1,0.12608802943287867,0.12608802943287867,0.9999966621398926,0.9999760389328003,0.9999929666519165,0.999997615814209,1,1,1,1
testing/flip/0037_000000006,flip/0037,6,1,1,0.12448402727925341,0.12448402727925341,0.996541440486908,0.9954818487167358,0.9915825724601746,0.9970766305923462,1,1,1,1
testing/flip/0037_000000008,flip/0037,8,1,1,0.12424847451543432,0.12424847451543432,0.9999486207962036,0.998415470123291,0.999906063079834,0.9998693466186523,1,1,1,1
testing/flip/0037_000000011,flip/0037,11,1,1,0.12368763460157932,0.12368763460157932,0.9999786615371704,0.9994078874588013,0.9999709129333496,0.9999474287033081,1,1,1,1
testing/flip/0037_000000013,flip/0037,13,1,1,0.1252355527638191,0.1252355527638191,0.9998144507408142,0.999496340751648,0.9997543692588806,0.9994683861732483,1,1,1,1
testing/flip/0037_000000016,flip/0037,16,1,1,0.12505608399138549,0.12505608399138549,0.9990233182907104,0.9999593496322632,0.99772709608078,0.9989349246025085,1,1,1,1
testing/flip/0037_000000017,flip/0037,17,1,1,0.12672738693467336,0.12672738693467336,0.9991550445556641,0.9999181032180786,0.9981194138526917,0.9996727705001831,1,1,1,1
testing/flip/0037_000000020,flip/0037,20,1,1,0.13361450107681264,0.13361450107681264,0.9997978806495667,0.9997981190681458,0.9995577931404114,0.99959796667099,1,1,1,1
testing/flip/0037_000000024,flip/0037,24,1,0,0.0,0.0,0.9973783493041992,0.9947007894515991,0.9973783493041992,0.9973783493041992,1,1,1,1
testing/flip/0038_000000007,flip/0038,7,1,1,0.12700780689160085,0.12700780689160085,0.9998670816421509,0.9906151294708252,0.9996371269226074,0.9999189376831055,1,1,1,1
testing/flip/0038_000000010,flip/0038,10,1,1,0.1252019023689878,0.1252019023689878,0.9999924898147583,0.9996808767318726,0.9999834299087524,0.9999886751174927,1,1,1,1
testing/flip/0038_000000013,flip/0038,13,1,1,0.12322774587221823,0.12322774587221823,0.9999817609786987,0.9992039799690247,0.9999710321426392,0.9999783039093018,1,1,1,1
testing/flip/0038_000000015,flip/0038,15,1,1,0.1245288944723618,0.1245288944723618,0.9999958276748657,0.9997630715370178,0.9999884366989136,0.999991774559021,1,1,1,1
testing/flip/0038_000000016,flip/0038,16,1,1,0.1248541816223977,0.1248541816223977,0.9999938011169434,0.9996850490570068,0.9999833106994629,0.9999896287918091,1,1,1,1
testing/flip/0038_000000020,flip/0038,20,1,1,0.125448671931084,0.125448671931084,0.9999856948852539,0.9998923540115356,0.9999676942825317,0.9999709129333496,1,1,1,1
testing/flip/0038_000000026,flip/0038,26,1,1,0.12577395908111988,0.12577395908111988,0.999975323677063,0.9998512268066406,0.9999384880065918,0.9999526739120483,1,1,1,1
testing/flip/0038_000000032,flip/0038,32,1,1,0.12528041995692749,0.12528041995692749,0.9998258948326111,0.9988665580749512,0.9996504783630371,0.9997984766960144,1,1,1,1
testing/flip/0038_000000043,flip/0038,43,1,1,0.1351624192390524,0.1351624192390524,0.9999294281005859,0.9995802044868469,0.9997479319572449,0.9999423027038574,1,1,1,1
testing/flip/0038_000000044,flip/0038,44,1,1,0.13778715003589376,0.13778715003589376,0.9999514818191528,0.9996504783630371,0.9997130036354065,0.9999624490737915,1,1,1,1
testing/flip/0038_000000047,flip/0038,47,1,1,0.1257178750897344,0.1257178750897344,0.9995706677436829,0.9994809031486511,0.9979504942893982,0.9990882873535156,1,1,1,1
testing/flip/0038_000000048,flip/0038,48,1,2,0.2865106783919598,0.2865106783919598,0.9980288147926331,0.9978207349777222,0.9146703481674194,0.9832652807235718,1,1,1,1
testing/flip/0039_000000009,flip/0039,9,1,1,0.12438307609475951,0.12438307609475951,0.9969013929367065,0.9978263974189758,0.9940090179443359,0.9954894185066223,1,1,1,1
testing/flip/0040_000000007,flip/0040,7,1,1,0.12303706030150753,0.12303706030150753,0.9999114274978638,0.9976400136947632,0.9998156428337097,0.9999268054962158,1,1,1,1
testing/flip/0040_000000024,flip/0040,24,1,1,0.12900439698492464,0.12900439698492464,0.9999995231628418,0.9999964237213135,0.9999985694885254,0.9999994039535522,1,1,1,1
testing/flip/0040_000000025,flip/0040,25,1,1,0.12745647882268485,0.12745647882268485,0.9999986886978149,0.9999885559082031,0.9999940395355225,0.9999973773956299,1,1,1,1
testing/flip/0040_000000028,flip/0040,28,1,1,0.12187051328068917,0.12187051328068917,0.9997232556343079,0.9996868371963501,0.9991014003753662,0.9993776679039001,1,1,1,1
testing/flip/0041_000000010,flip/0041,10,1,1,0.12763594759511845,0.12763594759511845,0.042028430849313736,0.9810972213745117,0.22678567469120026,0.24830779433250427,0,1,0,0
testing/flip/0041_000000015,flip/0041,15,1,1,0.12365398420674803,0.12365398420674803,0.9908428192138672,0.9998393058776855,0.9986055493354797,0.9942392110824585,1,1,1,1
testing/flip/0041_000000018,flip/0041,18,1,1,0.125112167982771,0.125112167982771,0.8842179179191589,0.9995124340057373,0.9780790209770203,0.9122745394706726,1,1,1,1
testing/flip/0041_000000019,flip/0041,19,1,1,0.12690685570710697,0.12690685570710697,0.8941078782081604,0.9998220801353455,0.9737856984138489,0.9372203946113586,1,1,1,1
testing/flip/0041_000000021,flip/0041,21,1,1,0.12921751615218952,0.12921751615218952,0.9970231652259827,0.9999781847000122,0.9989655017852783,0.9853948354721069,1,1,1,1
testing/flip/0041_000000022,flip/0041,22,1,2,0.26219265972720746,0.26219265972720746,0.99432772397995,0.9999916553497314,0.9952437281608582,0.9996799230575562,1,1,1,1
testing/flip/0041_000000027,flip/0041,27,1,2,0.2802068377602297,0.2802068377602297,0.9871909618377686,0.9994834661483765,0.9848219752311707,0.9992306232452393,1,1,1,1
testing/flip/0042_000000002,flip/0042,2,1,1,0.1199075735821967,0.1199075735821967,0.9025446176528931,0.9951367974281311,0.9291046261787415,0.9848827719688416,1,1,1,1
testing/flip/0042_000000004,flip/0042,4,1,1,0.1195037688442211,0.1195037688442211,0.9726249575614929,0.9964417815208435,0.9853862524032593,0.9965505599975586,1,1,1,1
testing/flip/0042_000000006,flip/0042,6,1,1,0.12119750538406317,0.12119750538406317,0.9857315421104431,0.9983822107315063,0.9903978109359741,0.9979021549224854,1,1,1,1
testing/flip/0042_000000011,flip/0042,11,1,1,0.12095073582196698,0.12095073582196698,0.9975380897521973,0.999380350112915,0.9988875985145569,0.9994539618492126,1,1,1,1
testing/flip/0042_000000012,flip/0042,12,1,1,0.11934673366834171,0.11934673366834171,0.998964786529541,0.9996606111526489,0.9994571805000305,0.999767005443573,1,1,1,1
testing/flip/0042_000000027,flip/0042,27,1,2,0.31632492821249103,0.31632492821249103,0.9999803304672241,0.9999936819076538,0.999969482421875,0.9127340316772461,1,1,1,1
testing/flip/0043_000000015,flip/0043,15,1,1,0.12524676956209618,0.12524676956209618,0.9890523552894592,0.9952667951583862,0.9921254515647888,0.9813700318336487,1,1,1,1
testing/flip/0043_000000023,flip/0043,23,1,0,0.0,0.0,0.9966057538986206,0.9998708963394165,0.9966057538986206,0.9966057538986206,1,1,1,1
testing/flip/0044_000000003,flip/0044,3,1,1,0.12413630653266332,0.12413630653266332,0.9862768650054932,0.9860760569572449,0.9874825477600098,0.992771565914154,1,1,1,1
testing/flip/0044_000000007,flip/0044,7,1,1,0.12416995692749462,0.12416995692749462,0.9933570027351379,0.9908860921859741,0.9944592714309692,0.9967312812805176,1,1,1,1
testing/flip/0044_000000015,flip/0044,15,1,1,0.119941223977028,0.119941223977028,0.9998679161071777,0.9989957213401794,0.9998953342437744,0.9999210834503174,1,1,1,1
testing/flip/0044_000000024,flip/0044,24,1,2,0.2874641062455133,0.2874641062455133,0.9997227787971497,0.9999971389770508,0.9993639588356018,0.9998701810836792,1,1,1,1
testing/flip/0044_000000025,flip/0044,25,1,1,0.16729854630294327,0.16729854630294327,0.9998855590820312,0.9999678134918213,0.9997172951698303,0.9998687505722046,1,1,1,1
testing/flip/0045_000000027,flip/0045,27,1,1,0.13743942928930367,0.13743942928930367,0.9999977350234985,0.9999998807907104,0.9999957084655762,0.9999986886978149,1,1,1,1
testing/flip/0046_000000006,flip/0046,6,1,1,0.12677225412778176,0.12677225412778176,0.9936378598213196,0.9894938468933105,0.989238977432251,0.9881099462509155,1,1,1,1
testing/flip/0046_000000010,flip/0046,10,1,1,0.1259870782483848,0.1259870782483848,0.9999678134918213,0.9991439580917358,0.9999327659606934,0.9999210834503174,1,1,1,1
testing/flip/0046_000000012,flip/0046,12,1,1,0.12482053122756641,0.12482053122756641,0.9999837875366211,0.9997472167015076,0.999971866607666,0.9998830556869507,1,1,1,1
testing/flip/0046_000000013,flip/0046,13,1,1,0.1250448671931084,0.1250448671931084,0.9999591112136841,0.9997472167015076,0.9999282360076904,0.9997765421867371,1,1,1,1
testing/flip/0046_000000016,flip/0046,16,1,1,0.12543745513280688,0.12543745513280688,0.9995465874671936,0.9999295473098755,0.999272882938385,0.9994481205940247,1,1,1,1
testing/flip/0046_000000018,flip/0046,18,1,1,0.1301260768126346,0.1301260768126346,0.9998811483383179,0.9999923706054688,0.9997045397758484,0.9999125003814697,1,1,1,1
testing/flip/0046_000000019,flip/0046,19,1,1,0.13863962670495333,0.13863962670495333,0.999977707862854,0.9999974966049194,0.9999473094940186,0.9999366998672485,1,1,1,1
testing/flip/0046_000000023,flip/0046,23,1,2,0.29306128858578606,0.29306128858578606,0.9989890456199646,0.9997512698173523,0.9699202179908752,0.9819548726081848,1,1,1,1
testing/flip/0046_000000025,flip/0046,25,1,2,0.3155958363244795,0.3155958363244795,0.9910340905189514,0.9995635151863098,0.8985212445259094,0.9973458647727966,1,1,1,1
testing/flip/0047_000000010,flip/0047,10,1,1,0.12886979540559942,0.12886979540559942,0.999030351638794,0.9986721277236938,0.9949018955230713,0.9984814524650574,1,1,1,1
testing/flip/0047_000000015,flip/0047,15,1,1,0.1256393575017947,0.1256393575017947,0.9999167919158936,0.999123752117157,0.999504566192627,0.9996300935745239,1,1,1,1
testing/flip/0047_000000021,flip/0047,21,1,1,0.13068691672648958,0.13068691672648958,0.99125075340271,0.9999336004257202,0.968454122543335,0.9968029260635376,1,1,1,1
testing/flip/0047_000000026,flip/0047,26,1,0,0.0,0.0,0.9997268319129944,0.9999898672103882,0.9997268319129944,0.9997268319129944,1,1,1,1
testing/flip/0048_000000010,flip/0048,10,1,1,0.12851085786073224,0.12851085786073224,0.9890995621681213,0.9997726082801819,0.9121589660644531,0.9813436269760132,1,1,1,1
testing/flip/0048_000000011,flip/0048,11,1,1,0.12860059224694903,0.12860059224694903,0.9929074048995972,0.999783456325531,0.9459778666496277,0.9867777824401855,1,1,1,1
testing/flip/0049_000000017,flip/0049,17,1,1,0.07692480258435032,0.07692480258435032,0.9999542236328125,0.9999979734420776,0.9999984502792358,0.999991774559021,1,1,1,1
testing/flip/0049_000000019,flip/0049,19,1,1,0.07741834170854271,0.07741834170854271,0.9998518228530884,0.9999960660934448,0.999994158744812,0.9999738931655884,1,1,1,1
testing/flip/0049_000000023,flip/0049,23,1,1,0.07718278894472362,0.07718278894472362,0.999919056892395,0.9999988079071045,0.9999954700469971,0.9999840259552002,1,1,1,1
testing/flip/0049_000000025,flip/0049,25,1,2,0.18096060660445082,0.18096060660445082,0.9998645782470703,0.9999997615814209,0.9992983341217041,0.9998328685760498,1,1,1,1
testing/flip/0049_000000027,flip/0049,27,1,2,0.1935346374730797,0.1935346374730797,0.9999583959579468,1.0,0.9999969005584717,0.998005211353302,1,1,1,1
testing/flip/0050_000000023,flip/0050,23,1,1,0.08515793251974156,0.08515793251974156,0.999848484992981,0.9999995231628418,0.999981164932251,0.9999927282333374,1,1,1,1
testing/flip/0050_000000024,flip/0050,24,1,1,0.08306039124192391,0.08306039124192391,0.9999053478240967,0.9999994039535522,0.9999828338623047,0.9999945163726807,1,1,1,1
testing/flip/0051_000000021,flip/0051,21,1,2,0.18538002512562815,0.18538002512562815,0.9998397827148438,0.9999996423721313,0.9998441934585571,0.9999995231628418,1,1,1,1
testing/flip/0051_000000022,flip/0051,22,1,2,0.18185795046661882,0.18185795046661882,0.99977046251297,0.9999996423721313,0.9967922568321228,0.9999986886978149,1,1,1,1
testing/flip/0052_000000017,flip/0052,17,1,1,0.08198357860732233,0.08198357860732233,0.999981164932251,0.9999995231628418,0.9999986886978149,0.9999961853027344,1,1,1,1
testing/flip/0052_000000018,flip/0052,18,1,1,0.0782932519741565,0.0782932519741565,0.999990701675415,0.9999997615814209,0.9999971389770508,0.9999977350234985,1,1,1,1
testing/flip/0052_000000021,flip/0052,21,1,1,0.0885566223977028,0.0885566223977028,0.9999929666519165,0.9999996423721313,0.9999996423721313,0.9999995231628418,1,1,1,1
testing/flip/0053_000000008,flip/0053,8,1,1,0.08891555994257,0.08891555994257,0.9999204874038696,0.9999841451644897,0.999995231628418,0.9999852180480957,1,1,1,1
testing/flip/0053_000000012,flip/0053,12,1,1,0.0888258255563532,0.0888258255563532,0.9999614953994751,0.9999945163726807,0.9999979734420776,0.9999947547912598,1,1,1,1
testing/flip/0053_000000015,flip/0053,15,1,1,0.0886351399856425,0.0886351399856425,0.9999274015426636,0.999997615814209,0.9999934434890747,0.9999771118164062,1,1,1,1
testing/flip/0053_000000018,flip/0053,18,1,1,0.08497846374730797,0.08497846374730797,0.9999370574951172,0.999998927116394,0.9999942779541016,0.9999934434890747,1,1,1,1
testing/flip/0054_000000010,flip/0054,10,1,1,0.08613379396984924,0.08613379396984924,0.9999492168426514,0.9999840259552002,0.9999967813491821,0.999985933303833,1,1,1,1
testing/flip/0054_000000011,flip/0054,11,1,1,0.08627961234745155,0.08627961234745155,0.9999487400054932,0.9999840259552002,0.9999974966049194,0.9999852180480957,1,1,1,1
testing/flip/0054_000000015,flip/0054,15,1,1,0.0830828248384781,0.0830828248384781,0.9999802112579346,0.9999948740005493,0.9999969005584717,0.9999957084655762,1,1,1,1
testing/flip/0054_000000019,flip/0054,19,1,1,0.08024497487437186,0.08024497487437186,0.9999653100967407,0.9999986886978149,0.9999978542327881,0.9999884366989136,1,1,1,1
testing/flip/0054_000000024,flip/0054,24,1,2,0.19045001794687724,0.19045001794687724,0.9999319314956665,0.9999998807907104,0.9996850490570068,0.9981210827827454,1,1,1,1
testing/flip/0054_000000027,flip/0054,27,1,2,0.18622128499641064,0.18622128499641064,0.9997398257255554,0.9999997615814209,0.9978330731391907,0.9828470945358276,1,1,1,1
testing/flip/0055_000000015,flip/0055,15,1,1,0.08207331299353912,0.08207331299353912,0.9999785423278809,0.9999992847442627,0.9999985694885254,0.9999983310699463,1,1,1,1
testing/flip/0055_000000024,flip/0055,24,1,2,0.1825870423546303,0.1825870423546303,0.9999231100082397,0.9999997615814209,1.0,0.9999972581863403,1,1,1,1
testing/flip/0055_000000027,flip/0055,27,1,2,0.21077485642498206,0.21077485642498206,0.9998555183410645,0.9999998807907104,0.9999994039535522,0.9999991655349731,1,1,1,1
testing/flip/0055_000000028,flip/0055,28,1,2,0.21088702440775306,0.21088702440775306,0.9994949102401733,0.9999998807907104,0.9999974966049194,0.9999358654022217,1,1,1,1
testing/flip/0056_000000016,flip/0056,16,1,1,0.08223034816941852,0.08223034816941852,0.9999958276748657,0.9999986886978149,0.9999995231628418,0.9999985694885254,1,1,1,1
testing/flip/0056_000000030,flip/0056,30,1,2,0.18947415649676957,0.18947415649676957,0.9986106157302856,0.9999988079071045,0.9998921155929565,0.9916549921035767,1,1,1,1
testing/flip/0057_000000019,flip/0057,19,1,1,0.08179289303661164,0.08179289303661164,0.9998688697814941,0.9999961853027344,0.9999890327453613,0.9999719858169556,1,1,1,1
testing/flip/0057_000000030,flip/0057,30,1,2,0.1885543790380474,0.1885543790380474,0.970570981502533,0.9999868869781494,0.999782145023346,0.9624540209770203,1,1,1,1
testing/flip/0058_000000003,flip/0058,3,1,1,0.07283067121320891,0.07283067121320891,0.9959859251976013,0.9998959302902222,0.9996668100357056,0.9987419247627258,1,1,1,1
testing/flip/0058_000000004,flip/0058,4,1,1,0.07345881191672649,0.07345881191672649,0.9954001307487488,0.9998849630355835,0.9996575117111206,0.9990583062171936,1,1,1,1
testing/flip/0058_000000006,flip/0058,6,1,1,0.07407573582196698,0.07407573582196698,0.9974615573883057,0.9998677968978882,0.9998478889465332,0.9996544122695923,1,1,1,1
testing/flip/0058_000000019,flip/0058,19,1,1,0.07139492103374014,0.07139492103374014,0.9997749924659729,0.999994158744812,0.9999749660491943,0.9999662637710571,1,1,1,1
testing/flip/0058_000000021,flip/0058,21,1,1,0.06995917085427136,0.06995917085427136,0.9999040365219116,0.9999992847442627,0.9999891519546509,0.9999189376831055,1,1,1,1
testing/flip/0058_000000027,flip/0058,27,1,2,0.20910355348169418,0.20910355348169418,0.9999433755874634,1.0,1.0,0.9999618530273438,1,1,1,1
testing/flip/0059_000000015,flip/0059,15,1,1,0.07216888011486002,0.07216888011486002,0.9999579191207886,0.9999994039535522,0.9999908208847046,0.9999755620956421,1,1,1,1
testing/flip/0059_000000016,flip/0059,16,1,1,0.07189967695620962,0.07189967695620962,0.999958872795105,0.9999996423721313,0.9999916553497314,0.9999815225601196,1,1,1,1
testing/flip/0059_000000017,flip/0059,17,1,1,0.07090138190954774,0.07090138190954774,0.9999293088912964,0.9999996423721313,0.9999842643737793,0.9999624490737915,1,1,1,1
testing/flip/0059_000000020,flip/0059,20,1,2,0.17039438262742282,0.17039438262742282,0.9999196529388428,0.9999994039535522,1.0,0.9999992847442627,1,1,1,1
testing/flip/0059_000000028,flip/0059,28,1,2,0.20476265254845658,0.20476265254845658,0.99992835521698,1.0,0.9995367527008057,0.9994609951972961,1,1,1,1
testing/flip/0060_000000004,flip/0060,4,1,1,0.07433372218234027,0.07433372218234027,0.9994810223579407,0.9999856948852539,0.9999425411224365,0.9998249411582947,1,1,1,1
testing/flip/0060_000000006,flip/0060,6,1,1,0.07385139985642498,0.07385139985642498,0.9998681545257568,0.9999948740005493,0.9999899864196777,0.9999815225601196,1,1,1,1
testing/flip/0060_000000008,flip/0060,8,1,1,0.07340272792534099,0.07340272792534099,0.999927282333374,0.9999957084655762,0.9999935626983643,0.9999912977218628,1,1,1,1
testing/flip/0060_000000013,flip/0060,13,1,1,0.07367193108399138,0.07367193108399138,0.9999974966049194,0.9999985694885254,0.9999998807907104,0.9999994039535522,1,1,1,1
testing/flip/0060_000000032,flip/0060,32,1,1,0.08169194185211773,0.08169194185211773,0.9999992847442627,1.0,1.0,1.0,1,1,1,1
testing/flip/0060_000000037,flip/0060,37,1,1,0.0884893216080402,0.0884893216080402,0.9999839067459106,1.0,0.9999953508377075,0.9999932050704956,1,1,1,1
testing/flip/0060_000000038,flip/0060,38,1,1,0.08625717875089735,0.08625717875089735,0.9999675750732422,1.0,0.9999873638153076,0.9999861717224121,1,1,1,1
testing/flip/0060_000000043,flip/0060,43,1,1,0.09860687365398421,0.09860687365398421,0.9991588592529297,0.9999979734420776,0.9999411106109619,0.9997299313545227,1,1,1,1
testing/flip/0060_000000044,flip/0060,44,1,1,0.09855078966259871,0.09855078966259871,0.9992486834526062,0.9999974966049194,0.9999206066131592,0.999728262424469,1,1,1,1
testing/flip/0060_000000052,flip/0060,52,1,2,0.21581119885139985,0.21581119885139985,0.9963459372520447,0.999971866607666,0.9984070658683777,0.9996906518936157,1,1,1,1
testing/flip/0060_000000053,flip/0060,53,1,2,0.20687141062455133,0.20687141062455133,0.9897534847259521,0.9999442100524902,0.9930207133293152,0.9993758797645569,1,1,1,1
testing/flip/0060_000000055,flip/0060,55,1,2,0.21567659727207467,0.21567659727207467,0.6569206714630127,0.9935463070869446,0.9505077004432678,0.9888771176338196,1,1,1,1
testing/flip/0061_000000010,flip/0061,10,1,1,0.08971195262024408,0.08971195262024408,0.9980185031890869,0.9999072551727295,0.9997091889381409,0.9992384910583496,1,1,1,1
testing/flip/0061_000000011,flip/0061,11,1,1,0.0889379935391242,0.0889379935391242,0.9996769428253174,0.9999765157699585,0.9999321699142456,0.9998862743377686,1,1,1,1
testing/flip/0061_000000018,flip/0061,18,1,1,0.08670585068198133,0.08670585068198133,0.9999644756317139,0.9999992847442627,0.9999967813491821,0.9999872446060181,1,1,1,1
testing/flip/0061_000000026,flip/0061,26,1,2,0.19489187006460876,0.19489187006460876,0.9999722242355347,0.9999998807907104,0.9999133348464966,0.9997497200965881,1,1,1,1
testing/flip/0061_000000027,flip/0061,27,1,2,0.19419642857142858,0.19419642857142858,0.9999234676361084,0.9999997615814209,0.9998618364334106,0.9996138215065002,1,1,1,1
testing/flip/0061_000000029,flip/0061,29,1,2,0.19686602656137833,0.19686602656137833,0.9954407215118408,0.9999833106994629,0.9999775886535645,0.9916853904724121,1,1,1,1
testing/flip/0062_000000003,flip/0062,3,1,1,0.0886014895908112,0.0886014895908112,0.9724489450454712,0.9999099969863892,0.9985285997390747,0.9978731870651245,1,1,1,1
testing/flip/0062_000000006,flip/0062,6,1,1,0.08765927853553482,0.08765927853553482,0.9994627833366394,0.9999923706054688,0.9999388456344604,0.9999569654464722,1,1,1,1
testing/flip/0062_000000009,flip/0062,9,1,1,0.08734520818377603,0.08734520818377603,0.999550998210907,0.9999912977218628,0.9999569654464722,0.9999721050262451,1,1,1,1
testing/flip/0062_000000011,flip/0062,11,1,1,0.08585337401292176,0.08585337401292176,0.9998108744621277,0.9999933242797852,0.9999866485595703,0.9999890327453613,1,1,1,1
testing/flip/0062_000000012,flip/0062,12,1,1,0.08544956927494617,0.08544956927494617,0.9998846054077148,0.9999964237213135,0.9999912977218628,0.9999918937683105,1,1,1,1
testing/flip/0062_000000013,flip/0062,13,1,1,0.08565147164393395,0.08565147164393395,0.9999245405197144,0.9999978542327881,0.9999929666519165,0.9999924898147583,1,1,1,1
testing/flip/0062_000000018,flip/0062,18,1,1,0.08761441134242642,0.08761441134242642,0.9999687671661377,0.9999995231628418,0.999994158744812,0.9999970197677612,1,1,1,1
testing/flip/0062_000000020,flip/0062,20,1,1,0.08444005743000718,0.08444005743000718,0.9999634027481079,0.9999998807907104,0.9999799728393555,0.9999985694885254,1,1,1,1
testing/flip/0063_000000011,flip/0063,11,1,1,0.08677315147164394,0.08677315147164394,0.9999997615814209,0.9999997615814209,1.0,0.9999997615814209,1,1,1,1
testing/flip/0063_000000014,flip/0063,14,1,1,0.08561782124910265,0.08561782124910265,0.99998939037323,0.999998927116394,0.9999992847442627,0.9999958276748657,1,1,1,1
testing/flip/0063_000000023,flip/0063,23,1,1,0.14890299712849964,0.14890299712849964,0.9983816146850586,0.9999985694885254,0.9999299049377441,0.9999402761459351,1,1,1,1
testing/flip/0064_000000027,flip/0064,27,1,2,0.20094894113424264,0.20094894113424264,0.9999556541442871,1.0,0.9999998807907104,0.999065101146698,1,1,1,1
testing/flip/0065_000000001,flip/0065,1,1,1,0.08817525125628141,0.08817525125628141,0.8867394924163818,0.9997602105140686,0.975271999835968,0.9831798076629639,1,1,1,1
testing/flip/0065_000000005,flip/0065,5,1,1,0.08697505384063173,0.08697505384063173,0.9932049512863159,0.9998393058776855,0.9985119700431824,0.9989907145500183,1,1,1,1
testing/flip/0065_000000016,flip/0065,16,1,1,0.08491116295764536,0.08491116295764536,0.9993047714233398,0.9999955892562866,0.9999371767044067,0.9999520778656006,1,1,1,1
testing/flip/0065_000000023,flip/0065,23,1,2,0.21641690595836324,0.21641690595836324,0.9995754361152649,0.9999995231628418,0.9999963045120239,0.9999909400939941,1,1,1,1
testing/flip/0065_000000025,flip/0065,25,1,2,0.21759466977745873,0.21759466977745873,0.9997145533561707,0.9999997615814209,0.9999966621398926,0.9999982118606567,1,1,1,1
testing/flip/0065_000000026,flip/0065,26,1,2,0.21306308327351042,0.21306308327351042,0.9995575547218323,0.9999998807907104,0.9999966621398926,0.999984622001648,1,1,1,1
testing/notflip/0001_000000002,notflip/0001,2,0,1,0.14851040918880115,0.14851040918880115,0.022845979779958725,0.9990851879119873,0.6349470019340515,0.9290408492088318,0,1,1,1
testing/notflip/0001_000000004,notflip/0001,4,0,1,0.14851040918880115,0.14851040918880115,0.022722283378243446,0.9990866184234619,0.6337700486183167,0.9286985397338867,0,1,1,1
testing/notflip/0001_000000009,notflip/0001,9,0,1,0.14886934673366833,0.14886934673366833,0.023552263155579567,0.9991888403892517,0.5530166625976562,0.9081889390945435,0,1,1,1
testing/notflip/0001_000000014,notflip/0001,14,0,1,0.15001346015793252,0.15001346015793252,0.031376913189888,0.9993320107460022,0.6000102758407593,0.9498854279518127,0,1,1,1
testing/notflip/0001_000000024,notflip/0001,24,0,1,0.15203248384781048,0.15203248384781048,0.07595372200012207,0.9992470741271973,0.8203662037849426,0.9876605272293091,0,1,1,1
testing/notflip/0002_000000003,notflip/0002,3,0,1,0.13931263460157933,0.13931263460157933,0.0014146690955385566,0.9853019714355469,0.7416343092918396,0.04891308397054672,0,1,1,0
testing/notflip/0002_000000006,notflip/0002,6,0,1,0.13807878679109836,0.13807878679109836,0.0022539158817380667,0.9947709441184998,0.66730135679245,0.04557540640234947,0,1,1,0
testing/notflip/0002_000000008,notflip/0002,8,0,1,0.13835920674802585,0.13835920674802585,0.0032398090697824955,0.9971386194229126,0.7822414040565491,0.10099604725837708,0,1,1,0
testing/notflip/0002_000000012,notflip/0002,12,0,1,0.13833677315147164,0.13833677315147164,0.0042479922994971275,0.997916042804718,0.8244259357452393,0.16912849247455597,0,1,1,0
testing/notflip/0002_000000015,notflip/0002,15,0,1,0.139951992103374,0.139951992103374,0.004919916391372681,0.9987779259681702,0.8908592462539673,0.18172210454940796,0,1,1,0
testing/notflip/0002_000000026,notflip/0002,26,0,1,0.13926776740847094,0.13926776740847094,0.020278871059417725,0.9998780488967896,0.9690333604812622,0.4537135362625122,0,1,1,0
testing/notflip/0002_000000027,notflip/0002,27,0,1,0.13900978104809764,0.13900978104809764,0.02487584948539734,0.9999032020568848,0.9617806077003479,0.5048403739929199,0,1,1,1
testing/notflip/0002_000000028,notflip/0002,28,0,1,0.13846015793251973,0.13846015793251973,0.028621478006243706,0.9999094009399414,0.9621105194091797,0.5039840340614319,0,1,1,1
testing/notflip/0003_000000004,notflip/0003,4,0,1,0.16393350681981336,0.16393350681981336,0.0006956652505323291,0.9768872261047363,0.006269005127251148,0.00699258828535676,0,1,0,0
testing/notflip/0003_000000018,notflip/0003,18,0,1,0.15913271715721464,0.15913271715721464,0.006623259279876947,0.9985827207565308,0.08359917998313904,0.04727020859718323,0,1,0,0
testing/notflip/0003_000000025,notflip/0003,25,0,1,0.15513953697056712,0.15513953697056712,0.05145779624581337,0.9998437166213989,0.722402036190033,0.38038530945777893,0,1,1,0
testing/notflip/0003_000000030,notflip/0003,30,0,1,0.15722586145010767,0.15722586145010767,0.12263553589582443,0.9999574422836304,0.8749643564224243,0.5174735188484192,0,1,1,1
testing/notflip/0004_000000002,notflip/0004,2,0,2,0.22298994974874373,0.22298994974874373,0.005008345004171133,0.9845439791679382,0.5558000802993774,0.4124312698841095,0,1,1,0
testing/notflip/0004_000000004,notflip/0004,4,0,2,0.22269831299353912,0.22269831299353912,0.003634965978562832,0.9786365032196045,0.47170621156692505,0.35754257440567017,0,1,0,0
testing/notflip/0004_000000010,notflip/0004,10,0,2,0.24112751256281406,0.24112751256281406,0.0037948123645037413,0.9906107783317566,0.007269515655934811,0.46657392382621765,0,1,0,0
testing/notflip/0004_000000012,notflip/0004,12,0,2,0.24748743718592964,0.24748743718592964,0.006907958071678877,0.9977161884307861,0.004222216550260782,0.6353102326393127,0,1,0,1
testing/notflip/0004_000000015,notflip/0004,15,0,1,0.14733264536970567,0.14733264536970567,0.04587811604142189,0.9992503523826599,0.21005398035049438,0.893044650554657,0,1,0,1
testing/notflip/0004_000000016,notflip/0004,16,0,1,0.1471195262024408,0.1471195262024408,0.047556597739458084,0.9996727705001831,0.3309047520160675,0.8613296151161194,0,1,0,1
testing/notflip/0004_000000020,notflip/0004,20,0,1,0.14532483847810482,0.14532483847810482,0.06602651625871658,0.9995617270469666,0.34340888261795044,0.49553045630455017,0,1,0,0
testing/notflip/0004_000000023,notflip/0004,23,0,1,0.14274497487437185,0.14274497487437185,0.0396706648170948,0.9995392560958862,0.3239477872848511,0.06341273337602615,0,1,0,0
testing/notflip/0004_000000029,notflip/0004,29,0,1,0.1408942031586504,0.1408942031586504,0.0226740762591362,0.9989821314811707,0.3360394835472107,0.13178066909313202,0,1,0,0
testing/notflip/0005_000000005,notflip/0005,5,0,2,0.2866789303661163,0.2866789303661163,0.0016780898440629244,0.9990143775939941,0.033107366412878036,0.9826772809028625,0,1,0,1
testing/notflip/0005_000000009,notflip/0005,9,0,2,0.2995894651830581,0.2995894651830581,0.0011657614959403872,0.9991604089736938,0.005928744561970234,0.7315030694007874,0,1,0,1
testing/notflip/0005_000000012,notflip/0005,12,0,2,0.2864321608040201,0.2864321608040201,0.001505924854427576,0.9998190999031067,0.025356300175189972,0.5282706618309021,0,1,0,1
testing/notflip/0005_000000018,notflip/0005,18,0,1,0.15915515075376885,0.15915515075376885,0.0012902048183605075,0.9995054006576538,0.01647362858057022,0.17352554202079773,0,1,0,0
testing/notflip/0005_000000022,notflip/0005,22,0,1,0.15318781407035176,0.15318781407035176,0.010955266654491425,0.9999216794967651,0.20977066457271576,0.9021408557891846,0,1,0,1
testing/notflip/0006_000000009,notflip/0006,9,0,2,0.28958408111988515,0.28958408111988515,0.005662788636982441,0.9959484934806824,0.026578934863209724,0.718121349811554,0,1,0,1
testing/notflip/0006_000000015,notflip/0006,15,0,2,0.2853216977745872,0.2853216977745872,0.005904502235352993,0.9971495270729065,0.006832450162619352,0.7068803906440735,0,1,0,1
testing/notflip/0006_000000016,notflip/0006,16,0,2,0.28427853553481697,0.28427853553481697,0.007858331315219402,0.9965761303901672,0.00435517868027091,0.7331274151802063,0,1,0,1
testing/notflip/0006_000000019,notflip/0006,19,0,2,0.2807003768844221,0.2807003768844221,0.005528931971639395,0.991662859916687,0.004842888098210096,0.9166377782821655,0,1,0,1
testing/notflip/0006_000000021,notflip/0006,21,0,2,0.27892812275664036,0.27892812275664036,0.003548230743035674,0.9890480637550354,0.003837475087493658,0.8641824722290039,0,1,0,1
testing/notflip/0006_000000023,notflip/0006,23,0,2,0.2696181801866475,0.2696181801866475,0.00878049898892641,0.9927074313163757,0.003964979201555252,0.9671342372894287,0,1,0,1
testing/notflip/0006_000000025,notflip/0006,25,0,2,0.26483982412060303,0.26483982412060303,0.0042157662101089954,0.9831662178039551,0.008164809085428715,0.8009628653526306,0,1,0,1
testing/notflip/0006_000000027,notflip/0006,27,0,2,0.26483982412060303,0.26483982412060303,0.003300089156255126,0.9826944470405579,0.009972458705306053,0.6748284697532654,0,1,0,1
testing/notflip/0006_000000028,notflip/0006,28,0,2,0.2659502871500359,0.2659502871500359,0.0011119440896436572,0.9689919352531433,0.004003581125289202,0.5518611073493958,0,1,0,1
testing/notflip/0006_000000029,notflip/0006,29,0,2,0.2653221464465183,0.2653221464465183,0.001130530727095902,0.9691399335861206,0.0037386477924883366,0.48995473980903625,0,1,0,0
testing/notflip/0007_000000010,notflip/0007,10,0,2,0.28968503230437903,0.28968503230437903,0.0011613225797191262,0.9953274726867676,0.052622005343437195,0.946965217590332,0,1,0,1
testing/notflip/0007_000000025,notflip/0007,25,0,2,0.25879396984924624,0.25879396984924624,0.006356585305184126,0.9971613883972168,0.0763777419924736,0.5697763562202454,0,1,0,1
testing/notflip/0008_000000008,notflip/0008,8,0,2,0.28347092605886576,0.28347092605886576,0.00046692643081769347,0.9950454235076904,0.0030414608772844076,0.552301287651062,0,1,0,1
testing/notflip/0008_000000009,notflip/0008,9,0,2,0.2865443287867911,0.2865443287867911,0.0004923454253003001,0.9960668683052063,0.003981960006058216,0.6597707867622375,0,1,0,1
testing/notflip/0008_000000012,notflip/0008,12,0,2,0.2980864142139268,0.2980864142139268,0.0008121936116367579,0.9990134239196777,0.004304124508053064,0.9498491287231445,0,1,0,1
testing/notflip/0008_000000013,notflip/0008,13,0,2,0.3027638190954774,0.3027638190954774,0.0021369196474552155,0.9994200468063354,0.002549190307036042,0.9537125825881958,0,1,0,1
testing/notflip/0008_000000020,notflip/0008,20,0,1,0.1674555814788227,0.1674555814788227,0.0025053811259567738,0.9999109506607056,0.025650182738900185,0.24708759784698486,0,1,0,0
testing/notflip/0008_000000023,notflip/0008,23,0,1,0.16360821966977745,0.16360821966977745,0.009599536657333374,0.9999290704727173,0.16932585835456848,0.5260319709777832,0,1,0,1
testing/notflip/0009_000000002,notflip/0009,2,0,2,0.29035804020100503,0.29035804020100503,0.0013929980341345072,0.9996383190155029,0.7336924076080322,0.9992406368255615,0,1,1,1
testing/notflip/0009_000000003,notflip/0009,3,0,2,0.29041412419239054,0.29041412419239054,0.0014414472971111536,0.9996280670166016,0.7592907547950745,0.999257504940033,0,1,1,1
testing/notflip/0009_000000004,notflip/0009,4,0,2,0.2909300969131371,0.2909300969131371,0.0018118118168786168,0.9997289776802063,0.7839186191558838,0.9960353970527649,0,1,1,1
testing/notflip/0009_000000005,notflip/0009,5,0,2,0.290245872218234,0.290245872218234,0.0014496751828119159,0.9996728897094727,0.687961757183075,0.9593402147293091,0,1,1,1
testing/notflip/0009_000000012,notflip/0009,12,0,2,0.29004396984924624,0.29004396984924624,0.0005724827060475945,0.9982525706291199,0.10920488089323044,0.32801467180252075,0,1,0,0
testing/notflip/0009_000000015,notflip/0009,15,0,1,0.16953068916008615,0.16953068916008615,0.001173762371763587,0.9975899457931519,0.08160235732793808,0.5719770789146423,0,1,0,1
testing/notflip/0009_000000017,notflip/0009,17,0,1,0.1680276381909548,0.1680276381909548,0.0026546206790953875,0.9983243346214294,0.13233788311481476,0.34977462887763977,0,1,0,0
testing/notflip/0009_000000027,notflip/0009,27,0,1,0.1613760768126346,0.1613760768126346,0.006169050466269255,0.9971743822097778,0.32894065976142883,0.5708507299423218,0,1,0,1
testing/notflip/0010_000000007,notflip/0010,7,0,1,0.15463478104809764,0.15463478104809764,0.0018345926655456424,0.9744957089424133,0.18407310545444489,0.3758959174156189,0,1,0,0
testing/notflip/0010_000000009,notflip/0010,9,0,1,0.15257089016511127,0.15257089016511127,0.0028871214017271996,0.9620952010154724,0.1950787752866745,0.4672463834285736,0,1,0,0
testing/notflip/0010_000000026,notflip/0010,26,0,1,0.15337849964106245,0.15337849964106245,0.02943217195570469,0.9995450377464294,0.8918430805206299,0.8802370429039001,0,1,1,1
testing/notflip/0011_000000017,notflip/0011,17,0,2,0.26175520459440055,0.26175520459440055,0.004026596900075674,0.9898478388786316,0.03323989361524582,0.23974399268627167,0,1,0,0
testing/notflip/0011_000000018,notflip/0011,18,0,1,0.15371500358937545,0.15371500358937545,0.004843991249799728,0.9954581260681152,0.04712321609258652,0.14458908140659332,0,1,0,0
testing/notflip/0011_000000027,notflip/0011,27,0,1,0.13989590811198852,0.13989590811198852,0.018014222383499146,0.9988932013511658,0.445975661277771,0.8452630043029785,0,1,0,1
testing/notflip/0015_000000002,notflip/0015,2,0,1,0.22367417444364682,0.22367417444364682,0.041130851954221725,0.8952887654304504,0.22255393862724304,0.07997452467679977,0,1,0,0
testing/notflip/0015_000000003,notflip/0015,3,0,1,0.22294508255563533,0.22294508255563533,0.030032414942979813,0.8315085768699646,0.15639697015285492,0.04499409347772598,0,1,0,0
testing/notflip/0015_000000004,notflip/0015,4,0,1,0.22171123474515433,0.22171123474515433,0.01590888574719429,0.7990325689315796,0.12110348790884018,0.020941786468029022,0,1,0,0
testing/notflip/0015_000000005,notflip/0015,5,0,1,0.22166636755204594,0.22166636755204594,0.009372380562126637,0.7492098808288574,0.08990771323442459,0.013419559225440025,0,1,0,0
testing/notflip/0015_000000018,notflip/0015,18,0,0,0.0,0.0,0.01481021847575903,0.48712578415870667,0.01481021847575903,0.01481021847575903,0,0,0,0
testing/notflip/0015_000000021,notflip/0015,21,0,0,0.0,0.0,0.023670822381973267,0.5312237739562988,0.023670822381973267,0.023670822381973267,0,1,0,0
testing/notflip/0016_000000001,notflip/0016,1,0,1,0.10188217875089735,0.10188217875089735,0.04242779687047005,0.8112637996673584,0.5290437936782837,0.2254391759634018,0,1,1,0
testing/notflip/0016_000000014,notflip/0016,14,0,1,0.11667713567839195,0.11667713567839195,0.10887130349874496,0.9661621451377869,0.7956632375717163,0.627859354019165,0,1,1,1
testing/notflip/0016_000000020,notflip/0016,20,0,1,0.10083901651112706,0.10083901651112706,0.07403068244457245,0.9627028107643127,0.7382752299308777,0.7594359517097473,0,1,1,1
testing/notflip/0016_000000023,notflip/0016,23,0,1,0.11436647523330941,0.11436647523330941,0.11342170834541321,0.9675279855728149,0.6416683793067932,0.8485856056213379,0,1,1,1
testing/notflip/0016_000000025,notflip/0016,25,0,1,0.12093951902368988,0.12093951902368988,0.08819125592708588,0.9563517570495605,0.4471309185028076,0.7799279689788818,0,1,0,1
testing/notflip/0019_000000002,notflip/0019,2,0,1,0.10308237616654702,0.10308237616654702,0.046511512249708176,0.9561993479728699,0.7089679837226868,0.5706470608711243,0,1,1,1
testing/notflip/0019_000000004,notflip/0019,4,0,1,0.10172514357501794,0.10172514357501794,0.032547224313020706,0.9509121179580688,0.3890286684036255,0.5261520147323608,0,1,0,1
testing/notflip/0019_000000012,notflip/0019,12,0,1,0.11048546302943288,0.11048546302943288,0.00848776288330555,0.894008994102478,0.4043612778186798,0.07532434910535812,0,1,0,0
testing/notflip/0019_000000015,notflip/0019,15,0,1,0.10474246231155779,0.10474246231155779,0.020650047808885574,0.922968327999115,0.3360324501991272,0.485616534948349,0,1,0,0
testing/notflip/0019_000000024,notflip/0019,24,0,1,0.10303750897343862,0.10303750897343862,0.03196196258068085,0.9554669260978699,0.48290398716926575,0.7204542756080627,0,1,0,1
testing/notflip/0019_000000025,notflip/0019,25,0,1,0.11074344938980617,0.11074344938980617,0.032976631075143814,0.9414135813713074,0.6559732556343079,0.5067216157913208,0,1,1,1
testing/notflip/0019_000000027,notflip/0019,27,0,1,0.10226354989231874,0.10226354989231874,0.02696719765663147,0.9550147652626038,0.49540945887565613,0.640243649482727,0,1,0,1
testing/notflip/0020_000000004,notflip/0020,4,0,1,0.129722272074659,0.129722272074659,0.011556167155504227,0.6990908980369568,0.25484687089920044,0.41560715436935425,0,1,0,0
testing/notflip/0020_000000010,notflip/0020,10,0,1,0.10839913854989232,0.10839913854989232,0.02087394706904888,0.8515117168426514,0.5303311347961426,0.23452520370483398,0,1,1,0
testing/notflip/0020_000000016,notflip/0020,16,0,1,0.1204347631012204,0.1204347631012204,0.018379701301455498,0.876015305519104,0.3182215988636017,0.4918474555015564,0,1,0,0
testing/notflip/0020_000000019,notflip/0020,19,0,1,0.12207241564967695,0.12207241564967695,0.011511811055243015,0.8238528966903687,0.2756028473377228,0.43431732058525085,0,1,0,0
testing/notflip/0021_000000024,notflip/0021,24,0,1,0.11834843862167983,0.11834843862167983,0.008973661810159683,0.9706889986991882,0.030475124716758728,0.027855349704623222,0,1,0,0
testing/notflip/0021_000000026,notflip/0021,26,0,1,0.11823627063890883,0.11823627063890883,0.016193684190511703,0.9841325283050537,0.05906859412789345,0.05996626615524292,0,1,0,0
testing/notflip/0023_000000014,notflip/0023,14,0,0,0.0,0.0,0.01494771707803011,0.974482536315918,0.01494771707803011,0.01494771707803011,0,1,0,0
testing/notflip/0023_000000020,notflip/0023,20,0,1,0.10309359296482412,0.10309359296482412,0.00422081770375371,0.806359052658081,0.06951896101236343,0.10655637830495834,0,1,0,0
testing/notflip/0023_000000024,notflip/0023,24,0,1,0.09323402727925341,0.09323402727925341,0.002128558699041605,0.7477337121963501,0.026895906776189804,0.03377259522676468,0,1,0,0
testing/notflip/0023_000000029,notflip/0023,29,0,1,0.09962760229720029,0.09962760229720029,0.0031977940816432238,0.8209384083747864,0.025972474366426468,0.027351651340723038,0,1,0,0
testing/notflip/0023_000000030,notflip/0023,30,0,1,0.09733937544867192,0.09733937544867192,0.003380036912858486,0.7658835053443909,0.04458935931324959,0.03508998453617096,0,1,0,0
testing/notflip/0024_000000002,notflip/0024,2,0,1,0.10569589016511127,0.10569589016511127,0.006817297078669071,0.5977714657783508,0.2514181435108185,0.24569372832775116,0,1,0,0
testing/notflip/0024_000000004,notflip/0024,4,0,1,0.10618942928930367,0.10618942928930367,0.023373840376734734,0.6573999524116516,0.4749581217765808,0.42507773637771606,0,1,0,0
testing/notflip/0024_000000006,notflip/0024,6,0,1,0.1093076992103374,0.1093076992103374,0.005224438384175301,0.5135625004768372,0.13114823400974274,0.113401398062706,0,1,0,0
testing/notflip/0024_000000007,notflip/0024,7,0,1,0.10551642139267767,0.10551642139267767,0.004556634929031134,0.5194957852363586,0.13170278072357178,0.14860175549983978,0,1,0,0
testing/notflip/0024_000000019,notflip/0024,19,0,1,0.10814115218951903,0.10814115218951903,0.00808918010443449,0.851172149181366,0.19934852421283722,0.25799793004989624,0,1,0,0
testing/notflip/0024_000000020,notflip/0024,20,0,1,0.10846643933955492,0.10846643933955492,0.0063979774713516235,0.8158292770385742,0.17644667625427246,0.20969286561012268,0,1,0,0
testing/notflip/0024_000000022,notflip/0024,22,0,1,0.10707555635319455,0.10707555635319455,0.004848261829465628,0.753089964389801,0.19547896087169647,0.2111278921365738,0,1,0,0
testing/notflip/0024_000000024,notflip/0024,24,0,1,0.10833183776022973,0.10833183776022973,0.00790133886039257,0.8529947400093079,0.23454242944717407,0.23022694885730743,0,1,0,0
testing/notflip/0024_000000025,notflip/0024,25,0,1,0.10663810122038765,0.10663810122038765,0.010256493464112282,0.8817957639694214,0.2851562798023224,0.3355175852775574,0,1,0,0
testing/notflip/0025_000000010,notflip/0025,10,0,0,0.0,0.0,0.0008983081788755953,0.9841905236244202,0.0008983081788755953,0.0008983081788755953,0,1,0,0
testing/notflip/0025_000000011,notflip/0025,11,0,0,0.0,0.0,0.001741055748425424,0.9859415888786316,0.001741055748425424,0.001741055748425424,0,1,0,0
testing/notflip/0025_000000013,notflip/0025,13,0,1,0.1152077351040919,0.1152077351040919,0.005059436429291964,0.9843555092811584,0.10557103157043457,0.05468729883432388,0,1,0,0
testing/notflip/0025_000000018,notflip/0025,18,0,1,0.11166322684852836,0.11166322684852836,0.0037629532162100077,0.7851092219352722,0.127994105219841,0.07865054905414581,0,1,0,0
testing/notflip/0025_000000021,notflip/0025,21,0,1,0.0935480976310122,0.0935480976310122,0.004209544975310564,0.7622072100639343,0.15541374683380127,0.050119172781705856,0,1,0,0
testing/notflip/0025_000000022,notflip/0025,22,0,1,0.09589240847092606,0.09589240847092606,0.004527520388364792,0.7824700474739075,0.1484110951423645,0.04934791475534439,0,1,0,0
testing/notflip/0025_000000025,notflip/0025,25,0,1,0.10335157932519741,0.10335157932519741,0.0056340997107326984,0.7077052593231201,0.15532273054122925,0.07909511029720306,0,1,0,0
testing/notflip/0026_000000004,notflip/0026,4,0,2,0.2230123833452979,0.2230123833452979,0.0031793040689080954,0.9853543043136597,0.14058370888233185,0.5745312571525574,0,1,0,1
testing/notflip/0026_000000005,notflip/0026,5,0,2,0.22435839913854988,0.22435839913854988,0.0022852469701319933,0.983355700969696,0.16220100224018097,0.47167983651161194,0,1,0,0
testing/notflip/0026_000000010,notflip/0026,10,0,0,0.0,0.0,0.0015398242976516485,0.9890109896659851,0.0015398242976516485,0.0015398242976516485,0,1,0,0
testing/notflip/0026_000000014,notflip/0026,14,0,1,0.09590362526920315,0.09590362526920315,0.02423965372145176,0.9648755788803101,0.33357512950897217,0.15609516203403473,0,1,0,0
testing/notflip/0026_000000024,notflip/0026,24,0,1,0.10089510050251256,0.10089510050251256,0.0014056687941774726,0.7652103304862976,0.025829236954450607,0.039001237601041794,0,1,0,0
testing/notflip/0026_000000029,notflip/0026,29,0,1,0.10163540918880115,0.10163540918880115,0.00351826217956841,0.6739966869354248,0.04693413898348808,0.061206281185150146,0,1,0,0
testing/notflip/0027_000000001,notflip/0027,1,0,1,0.13227970208183776,0.13227970208183776,0.00041707654600031674,0.9281628727912903,0.007201904430985451,0.01607123576104641,0,1,0,0
testing/notflip/0027_000000004,notflip/0027,4,0,1,0.13109072146446518,0.13109072146446518,0.0005184353794902563,0.9472548961639404,0.00881884153932333,0.025327324867248535,0,1,0,0
testing/notflip/0027_000000010,notflip/0027,10,0,1,0.12939698492462312,0.12939698492462312,0.0009140439215116203,0.9228408932685852,0.006818692199885845,0.04640407860279083,0,1,0,0
testing/notflip/0027_000000013,notflip/0027,13,0,1,0.12954280330222542,0.12954280330222542,0.0010019118199124932,0.9428727626800537,0.007148323114961386,0.04637063294649124,0,1,0,0
testing/notflip/0027_000000017,notflip/0027,17,0,1,0.13345746590093324,0.13345746590093324,0.002070413902401924,0.9931930899620056,0.013666749931871891,0.08199793100357056,0,1,0,0
testing/notflip/0027_000000022,notflip/0027,22,0,2,0.29796302943287867,0.29796302943287867,0.0019091007998213172,0.9937136769294739,0.13709568977355957,0.3539537787437439,0,1,0,0
testing/notflip/0027_000000023,notflip/0027,23,0,2,0.29849021895190236,0.29849021895190236,0.001383317052386701,0.9915592074394226,0.12456195801496506,0.12101254612207413,0,1,0,0
testing/notflip/0028_000000004,notflip/0028,4,0,2,0.2798927674084709,0.2798927674084709,0.022420182824134827,0.9452898502349854,0.1331670880317688,0.18709531426429749,0,1,0,0
testing/notflip/0028_000000024,notflip/0028,24,0,1,0.1250112167982771,0.1250112167982771,0.007864091545343399,0.23374420404434204,0.006094878073781729,0.011950097046792507,0,0,0,0
testing/notflip/0029_000000001,notflip/0029,1,0,2,0.28220342785355346,0.28220342785355346,0.053432613611221313,0.961151659488678,0.09621191024780273,0.16643545031547546,0,1,0,0
testing/notflip/0029_000000003,notflip/0029,3,0,2,0.27798591170136394,0.27798591170136394,0.06288041174411774,0.9658236503601074,0.10455771535634995,0.3855624496936798,0,1,0,0
testing/notflip/0029_000000004,notflip/0029,4,0,1,0.13382762024407754,0.13382762024407754,0.060899294912815094,0.9498867988586426,0.035564519464969635,0.09886271506547928,0,1,0,0
testing/notflip/0029_000000005,notflip/0029,5,0,1,0.13134870782483848,0.13134870782483848,0.063243567943573,0.9466336965560913,0.027044981718063354,0.07290812581777573,0,1,0,0
testing/notflip/0029_000000013,notflip/0029,13,0,1,0.12412508973438621,0.12412508973438621,0.014129911549389362,0.6386979222297668,0.007361611817032099,0.016669798642396927,0,1,0,0
testing/notflip/0029_000000017,notflip/0029,17,0,1,0.12628993180186648,0.12628993180186648,0.0018043264281004667,0.5558252334594727,0.0013739897403866053,0.002982304198667407,0,1,0,0
testing/notflip/0029_000000018,notflip/0029,18,0,1,0.12591977745872218,0.12591977745872218,0.0023147924803197384,0.5888081192970276,0.0018730128649622202,0.005067197605967522,0,1,0,0
testing/notflip/0029_000000019,notflip/0029,19,0,1,0.12604316223977027,0.12604316223977027,0.0016192055772989988,0.49860817193984985,0.0013524771202355623,0.0024503690656274557,0,0,0,0
testing/notflip/0029_000000025,notflip/0029,25,0,1,0.12646940057430006,0.12646940057430006,0.005619455594569445,0.542771577835083,0.0031779834534972906,0.009334475733339787,0,1,0,0
testing/notflip/0030_000000001,notflip/0030,1,0,2,0.28680231514716437,0.28680231514716437,0.01837141439318657,0.9454277157783508,0.036997538059949875,0.0069551314227283,0,1,0,0
testing/notflip/0030_000000004,notflip/0030,4,0,2,0.28702665111270637,0.28702665111270637,0.004954189993441105,0.8897560834884644,0.01511207316070795,0.008665996603667736,0,1,0,0
testing/notflip/0030_000000007,notflip/0030,7,0,1,0.1410063711414214,0.1410063711414214,0.005077490117400885,0.9142072796821594,0.0026117966044694185,0.00931151770055294,0,1,0,0
testing/notflip/0030_000000018,notflip/0030,18,0,1,0.12716484206748027,0.12716484206748027,0.03132948651909828,0.2087462693452835,0.010098820552229881,0.017328767105937004,0,0,0,0
testing/notflip/0030_000000022,notflip/0030,22,0,1,0.12622263101220388,0.12622263101220388,0.0375274233520031,0.2576071619987488,0.014057459309697151,0.054940469563007355,0,0,0,0
testing/notflip/0030_000000023,notflip/0030,23,0,1,0.12640209978463748,0.12640209978463748,0.03824234753847122,0.25769734382629395,0.015299448743462563,0.05503379553556442,0,0,0,0
testing/notflip/0030_000000024,notflip/0030,24,0,1,0.12660400215362527,0.12660400215362527,0.03442694991827011,0.30789628624916077,0.012696906924247742,0.03245433419942856,0,0,0,0
testing/notflip/0030_000000028,notflip/0030,28,0,1,0.1255720567121321,0.1255720567121321,0.017047753557562828,0.22273774445056915,0.008168532513082027,0.01445344090461731,0,0,0,0
testing/notflip/0031_000000004,notflip/0031,4,0,2,0.2862863424264178,0.2862863424264178,0.02596704661846161,0.989891767501831,0.016042713075876236,0.022243397310376167,0,1,0,0
testing/notflip/0031_000000008,notflip/0031,8,0,1,0.1297895728643216,0.1297895728643216,0.0015348398592323065,0.9197887778282166,0.0010406278306618333,0.010338407941162586,0,1,0,0
testing/notflip/0031_000000010,notflip/0031,10,0,1,0.12928481694185212,0.12928481694185212,0.0021157728042453527,0.8924119472503662,0.0011058800155296922,0.007490103133022785,0,1,0,0
testing/notflip/0031_000000015,notflip/0031,15,0,1,0.1258300430725054,0.1258300430725054,0.0019305171445012093,0.9065015912055969,0.0011501176049932837,0.0063612740486860275,0,1,0,0
testing/notflip/0031_000000016,notflip/0031,16,0,1,0.12588612706389088,0.12588612706389088,0.0028883435297757387,0.9239361882209778,0.0015648723347112536,0.008639100007712841,0,1,0,0
testing/notflip/0031_000000017,notflip/0031,17,0,1,0.12554962311557788,0.12554962311557788,0.003205407178029418,0.9195581078529358,0.0019217445515096188,0.00784913171082735,0,1,0,0
testing/notflip/0031_000000019,notflip/0031,19,0,1,0.12708632447954055,0.12708632447954055,0.003097537439316511,0.9168764352798462,0.0017174514941871166,0.00642737140879035,0,1,0,0
testing/notflip/0031_000000020,notflip/0031,20,0,1,0.12635723259152906,0.12635723259152906,0.002732825931161642,0.920808732509613,0.001429503783583641,0.006551052909344435,0,1,0,0
testing/notflip/0032_000000003,notflip/0032,3,0,2,0.25849111629576454,0.25849111629576454,0.005135338753461838,0.7167003750801086,0.0929524227976799,0.10682853311300278,0,1,0,0
testing/notflip/0032_000000007,notflip/0032,7,0,2,0.25767229002153624,0.25767229002153624,0.005495828110724688,0.7221775650978088,0.1364252269268036,0.09211275726556778,0,1,0,0
testing/notflip/0032_000000008,notflip/0032,8,0,2,0.25781810839913855,0.25781810839913855,0.007575251627713442,0.7558448910713196,0.07666407525539398,0.16760508716106415,0,1,0,0
testing/notflip/0032_000000010,notflip/0032,10,0,2,0.2587378858578607,0.2587378858578607,0.009074581786990166,0.782815158367157,0.05185995250940323,0.20857921242713928,0,1,0,0
testing/notflip/0032_000000015,notflip/0032,15,0,1,0.12671617013639627,0.12671617013639627,0.004091077949851751,0.3403015732765198,0.003928015939891338,0.010089924558997154,0,0,0,0
testing/notflip/0032_000000029,notflip/0032,29,0,1,0.12255473797559224,0.12255473797559224,0.00619235634803772,0.08470650762319565,0.003452868666499853,0.008310231380164623,0,0,0,0
testing/notflip/0033_000000002,notflip/0033,2,0,2,0.2613401830581479,0.2613401830581479,0.0008740599150769413,0.1832670271396637,0.00213950895704329,0.08923573046922684,0,0,0,0
testing/notflip/0033_000000005,notflip/0033,5,0,1,0.12019921033740129,0.12019921033740129,0.0002034104836639017,0.06630247086286545,0.0006489765946753323,0.0021130796521902084,0,0,0,0
testing/notflip/0033_000000006,notflip/0033,6,0,1,0.12153400933237617,0.12153400933237617,0.0002980854478664696,0.05231323838233948,0.0008680148748680949,0.004681535996496677,0,0,0,0
testing/notflip/0033_000000008,notflip/0033,8,0,1,0.12077126704953338,0.12077126704953338,0.0011622786987572908,0.07191462069749832,0.0032464093528687954,0.011396016925573349,0,0,0,0
testing/notflip/0033_000000015,notflip/0033,15,0,1,0.11795585068198133,0.11795585068198133,0.001585085759870708,0.20650385320186615,0.0033920537680387497,0.012618460692465305,0,0,0,0
testing/notflip/0033_000000019,notflip/0033,19,0,1,0.12027772792534099,0.12027772792534099,0.0010066484101116657,0.33675751090049744,0.0029358770698308945,0.007787235081195831,0,0,0,0
testing/notflip/0033_000000025,notflip/0033,25,0,1,0.12104047020818377,0.12104047020818377,0.0037863512989133596,0.5877306461334229,0.010037110187113285,0.031737882643938065,0,1,0,0
testing/notflip/0033_000000027,notflip/0033,27,0,1,0.1198178391959799,0.1198178391959799,0.003406191011890769,0.5581259727478027,0.00971677340567112,0.020578822121024132,0,1,0,0
testing/notflip/0034_000000008,notflip/0034,8,0,1,0.11472541277817659,0.11472541277817659,6.596597086172551e-05,0.01825113780796528,8.497262751916423e-05,0.00048121786676347256,0,0,0,0
testing/notflip/0034_000000017,notflip/0034,17,0,1,0.12221823402727926,0.12221823402727926,0.00030366398277692497,0.024595074355602264,0.0001606736914254725,0.0017243990441784263,0,0,0,0
testing/notflip/0034_000000025,notflip/0034,25,0,1,0.125224335965542,0.125224335965542,0.0014724222710356116,0.12221642583608627,0.003038437571376562,0.006388193462044001,0,0,0,0
testing/notflip/0034_000000030,notflip/0034,30,0,1,0.12382223618090452,0.12382223618090452,0.0035298364236950874,0.22198009490966797,0.005879070144146681,0.024831941351294518,0,0,0,0
testing/notflip/0035_000000009,notflip/0035,9,0,2,0.2828540021536253,0.2828540021536253,0.0022798695135861635,0.7885206937789917,0.002295250305905938,0.1141512468457222,0,1,0,0
testing/notflip/0035_000000011,notflip/0035,11,0,1,0.12395683776022973,0.12395683776022973,0.0028745061717927456,0.37910348176956177,0.004286170471459627,0.010201039724051952,0,0,0,0
testing/notflip/0035_000000015,notflip/0035,15,0,1,0.12221823402727926,0.12221823402727926,0.0036984486505389214,0.14643844962120056,0.004735730588436127,0.007451365701854229,0,0,0,0
testing/notflip/0035_000000016,notflip/0035,16,0,1,0.12257717157214644,0.12257717157214644,0.005935574881732464,0.12230479717254639,0.006721362471580505,0.01502885203808546,0,0,0,0
testing/notflip/0035_000000026,notflip/0035,26,0,1,0.1201879935391242,0.1201879935391242,0.0014483787817880511,0.04245281219482422,0.0018209664849564433,0.003867764724418521,0,0,0,0
testing/notflip/0036_000000001,notflip/0036,1,0,2,0.2880473797559225,0.2880473797559225,0.014480527490377426,0.9849557280540466,0.5683274269104004,0.19237791001796722,0,1,1,0
testing/notflip/0036_000000004,notflip/0036,4,0,2,0.2878903445800431,0.2878903445800431,0.009597782045602798,0.9519609212875366,0.3636508584022522,0.2810153067111969,0,1,0,0
testing/notflip/0036_000000005,notflip/0036,5,0,2,0.28975233309404164,0.28975233309404164,0.004772302228957415,0.9558418989181519,0.10147789120674133,0.17839837074279785,0,1,0,0
testing/notflip/0036_000000014,notflip/0036,14,0,2,0.2758435032304379,0.2758435032304379,0.0018336235079914331,0.9538093209266663,0.1724986433982849,0.07507258653640747,0,1,0,0
testing/notflip/0036_000000020,notflip/0036,20,0,2,0.27285983488872934,0.27285983488872934,0.0031107142567634583,0.9849069118499756,0.2994438409805298,0.0534287765622139,0,1,0,0
testing/notflip/0036_000000025,notflip/0036,25,0,2,0.26866475233309406,0.26866475233309406,0.0035495394840836525,0.9890875816345215,0.3643202483654022,0.036368586122989655,0,1,0,0
testing/notflip/0036_000000028,notflip/0036,28,0,2,0.2655913496051687,0.2655913496051687,0.0047959089279174805,0.9890080690383911,0.39798861742019653,0.04383814334869385,0,1,0,0
testing/notflip/0036_000000030,notflip/0036,30,0,2,0.26771132447954055,0.26771132447954055,0.005545392166823149,0.9868800640106201,0.35461926460266113,0.048685844987630844,0,1,0,0
testing/notflip/0037_000000002,notflip/0037,2,0,1,0.13810122038765255,0.13810122038765255,0.0009756190702319145,0.9451444745063782,0.0037592498119920492,0.004003299865871668,0,1,0,0
testing/notflip/0037_000000004,notflip/0037,4,0,1,0.13204414931801867,0.13204414931801867,0.0010310560464859009,0.9413379430770874,0.0033288998529314995,0.0023593653459101915,0,1,0,0
testing/notflip/0037_000000007,notflip/0037,7,0,1,0.12741161162957645,0.12741161162957645,0.0012912416132166982,0.8457918167114258,0.004038559272885323,0.0032764985226094723,0,1,0,0
testing/notflip/0037_000000008,notflip/0037,8,0,1,0.12691807250538406,0.12691807250538406,0.0009637048351578414,0.7886965274810791,0.0024681929498910904,0.0017595632234588265,0,1,0,0
testing/notflip/0037_000000010,notflip/0037,10,0,1,0.12745647882268485,0.12745647882268485,0.0009949773084372282,0.7274578213691711,0.003008374711498618,0.0016394149279221892,0,1,0,0
testing/notflip/0037_000000014,notflip/0037,14,0,1,0.12701902368987797,0.12701902368987797,0.0008354794699698687,0.527332603931427,0.0019279115367680788,0.0012554964050650597,0,1,0,0
testing/notflip/0037_000000015,notflip/0037,15,0,1,0.12780419956927494,0.12780419956927494,0.0011673360131680965,0.4702267348766327,0.0020416423212736845,0.002007250441238284,0,0,0,0
testing/notflip/0037_000000018,notflip/0037,18,0,1,0.12666008614501076,0.12666008614501076,0.0012251606676727533,0.45470649003982544,0.002894915174692869,0.0020420290529727936,0,0,0,0
testing/notflip/0037_000000019,notflip/0037,19,0,1,0.12645818377602297,0.12645818377602297,0.0014592583756893873,0.3765980303287506,0.0024668315891176462,0.0019295847741886973,0,0,0,0
testing/notflip/0037_000000025,notflip/0037,25,0,1,0.12659278535534818,0.12659278535534818,0.0050669386982917786,0.2980198860168457,0.0031986087560653687,0.004887374117970467,0,0,0,0
testing/notflip/0037_000000028,notflip/0037,28,0,1,0.12666008614501076,0.12666008614501076,0.008917395956814289,0.30838966369628906,0.004461841192096472,0.009054716676473618,0,0,0,0
testing/notflip/0038_000000005,notflip/0038,5,0,1,0.20459440057430006,0.20459440057430006,0.016069455072283745,0.9041364789009094,0.19341617822647095,0.029778843745589256,0,1,0,0
testing/notflip/0038_000000008,notflip/0038,8,0,2,0.2918723079684135,0.2918723079684135,0.0038029728457331657,0.9134818315505981,0.024884222075343132,0.03397147357463837,0,1,0,0
testing/notflip/0038_000000009,notflip/0038,9,0,2,0.2922536791098349,0.2922536791098349,0.004177042283117771,0.9123548269271851,0.027163667604327202,0.07923907786607742,0,1,0,0
testing/notflip/0038_000000010,notflip/0038,10,0,2,0.2835157932519742,0.2835157932519742,0.004133977927267551,0.8684462308883667,0.021868279203772545,0.06724312156438828,0,1,0,0
testing/notflip/0038_000000011,notflip/0038,11,0,2,0.27652772792534097,0.27652772792534097,0.001548723434098065,0.7927921414375305,0.009642492048442364,0.022006915882229805,0,1,0,0
testing/notflip/0038_000000020,notflip/0038,20,0,1,0.12838747307968412,0.12838747307968412,0.0015995047288015485,0.7429714798927307,0.0014046329306438565,0.004797349683940411,0,1,0,0
testing/notflip/0038_000000022,notflip/0038,22,0,1,0.12916143216080403,0.12916143216080403,0.0010920771164819598,0.6783655285835266,0.0010502701625227928,0.0049748835153877735,0,1,0,0
testing/notflip/0038_000000023,notflip/0038,23,0,2,0.2492821249102656,0.2492821249102656,0.0012583252973854542,0.6800040602684021,0.004435582086443901,0.005833931267261505,0,1,0,0
testing/notflip/0039_000000003,notflip/0039,3,0,2,0.27252333094041636,0.27252333094041636,0.007535766810178757,0.9991752505302429,0.11729437112808228,0.044756799936294556,0,1,0,0
testing/notflip/0039_000000022,notflip/0039,22,0,1,0.1309224694903087,0.1309224694903087,0.007564128842204809,0.979462206363678,0.0028261221013963223,0.010339920409023762,0,1,0,0
testing/notflip/0039_000000026,notflip/0039,26,0,1,0.12966618808327351,0.12966618808327351,0.03132209554314613,0.9883719086647034,0.012289367616176605,0.03587676212191582,0,1,0,0
testing/notflip/0040_000000004,notflip/0040,4,0,2,0.27349919239052406,0.27349919239052406,0.008192085660994053,0.7288950681686401,0.004111807327717543,0.08003903180360794,0,1,0,0
testing/notflip/0040_000000005,notflip/0040,5,0,1,0.13437724335965542,0.13437724335965542,0.010883210226893425,0.6077645421028137,0.005330354440957308,0.029928134754300117,0,1,0,0
testing/notflip/0040_000000006,notflip/0040,6,0,1,0.13294149318018664,0.13294149318018664,0.004737538285553455,0.5142124891281128,0.001965189818292856,0.011302435770630836,0,1,0,0
testing/notflip/0040_000000007,notflip/0040,7,0,1,0.1308215183058148,0.1308215183058148,0.007229049690067768,0.6329763531684875,0.002952187554910779,0.01782969757914543,0,1,0,0
testing/notflip/0040_000000011,notflip/0040,11,0,1,0.13067569992821249,0.13067569992821249,0.0030893220100551844,0.3920745849609375,0.0012909325305372477,0.005973528139293194,0,0,0,0
testing/notflip/0040_000000012,notflip/0040,12,0,1,0.1311580222541278,0.1311580222541278,0.002871639095246792,0.47257184982299805,0.0012959117302671075,0.005830624606460333,0,0,0,0
testing/notflip/0040_000000014,notflip/0040,14,0,1,0.13079908470926058,0.13079908470926058,0.0018229323904961348,0.42661285400390625,0.0006085888016968966,0.0034307921305298805,0,0,0,0
testing/notflip/0040_000000016,notflip/0040,16,0,1,0.13155061019382627,0.13155061019382627,0.0026296484284102917,0.5049801468849182,0.000844256195705384,0.00794423371553421,0,1,0,0
testing/notflip/0040_000000017,notflip/0040,17,0,1,0.13253768844221106,0.13253768844221106,0.0021819386165589094,0.665004551410675,0.0011226015631109476,0.0068964241072535515,0,1,0,0
testing/notflip/0040_000000018,notflip/0040,18,0,1,0.13288540918880115,0.13288540918880115,0.0022959220223128796,0.6927593946456909,0.001304822275415063,0.009599722921848297,0,1,0,0
testing/notflip/0041_000000001,notflip/0041,1,0,1,0.0781698671931084,0.0781698671931084,0.013503922149538994,0.9997745156288147,0.8771300911903381,0.7616350650787354,0,1,1,1
testing/notflip/0041_000000003,notflip/0041,3,0,1,0.0781474335965542,0.0781474335965542,0.013484529219567776,0.9997747540473938,0.8789293169975281,0.7499910593032837,0,1,1,1
testing/notflip/0041_000000006,notflip/0041,6,0,1,0.07843907035175879,0.07843907035175879,0.021024050191044807,0.9998169541358948,0.9164314270019531,0.7784539461135864,0,1,1,1
testing/notflip/0041_000000011,notflip/0041,11,0,1,0.07944858219669777,0.07944858219669777,0.016719771549105644,0.9999198913574219,0.9434217214584351,0.7090332508087158,0,1,1,1
testing/notflip/0041_000000014,notflip/0041,14,0,1,0.08032349246231156,0.08032349246231156,0.008282957598567009,0.9997493624687195,0.8742957711219788,0.5369728207588196,0,1,1,1
testing/notflip/0041_000000015,notflip/0041,15,0,1,0.08230886575735821,0.08230886575735821,0.012469379231333733,0.9997356534004211,0.9222963452339172,0.4372905194759369,0,1,1,0
testing/notflip/0041_000000021,notflip/0041,21,0,1,0.08070486360373295,0.08070486360373295,0.0035764160566031933,0.999702513217926,0.7144023776054382,0.04676181077957153,0,1,1,0
testing/notflip/0041_000000022,notflip/0041,22,0,1,0.08058147882268485,0.08058147882268485,0.0027598224114626646,0.9997071623802185,0.21547329425811768,0.03235842287540436,0,1,0,0
testing/notflip/0041_000000028,notflip/0041,28,0,1,0.08016645728643217,0.08016645728643217,0.002843788592144847,0.9995183944702148,0.18336299061775208,0.04520104080438614,0,1,0,0
testing/notflip/0041_000000034,notflip/0041,34,0,1,0.07899991026561379,0.07899991026561379,0.007604531012475491,0.9998348951339722,0.40031343698501587,0.13490290939807892,0,1,0,0
testing/notflip/0041_000000036,notflip/0041,36,0,1,0.07903356066044508,0.07903356066044508,0.00412748521193862,0.9997500777244568,0.15509331226348877,0.08025933057069778,0,1,0,0
testing/notflip/0042_000000001,notflip/0042,1,0,2,0.2184359296482412,0.2184359296482412,0.001496392535045743,0.9851522445678711,0.6276937127113342,0.17093171179294586,0,1,1,0
testing/notflip/0042_000000006,notflip/0042,6,0,1,0.08712087221823403,0.08712087221823403,0.00028124303207732737,0.7662644386291504,0.01550575066357851,0.003002008656039834,0,1,0,0
testing/notflip/0042_000000007,notflip/0042,7,0,1,0.08643664752333094,0.08643664752333094,0.0002706220548134297,0.7402312159538269,0.016943680122494698,0.004965804051607847,0,1,0,0
testing/notflip/0042_000000013,notflip/0042,13,0,1,0.08782753050969132,0.08782753050969132,0.00040974962757900357,0.9256193041801453,0.026386333629488945,0.009501841850578785,0,1,0,0
testing/notflip/0042_000000021,notflip/0042,21,0,1,0.08984655419956927,0.08984655419956927,0.0011777511099353433,0.9885538816452026,0.04221475496888161,0.026373498141765594,0,1,0,0
testing/notflip/0042_000000024,notflip/0042,24,0,1,0.09128230437903805,0.09128230437903805,0.004872424993664026,0.997983455657959,0.217681422829628,0.07476959377527237,0,1,0,0
testing/notflip/0042_000000027,notflip/0042,27,0,1,0.09103553481694185,0.09103553481694185,0.0457518994808197,0.9988527297973633,0.7643062472343445,0.4203658699989319,0,1,1,0
testing/notflip/0042_000000030,notflip/0042,30,0,1,0.09058686288585786,0.09058686288585786,0.4993220269680023,0.9995779395103455,0.9833388328552246,0.942025899887085,0,1,1,1
testing/notflip/0043_000000023,notflip/0043,23,0,1,0.08946518305814788,0.08946518305814788,0.00026101904222741723,0.7687548398971558,0.004713291302323341,0.0044158827513456345,0,1,0,0
testing/notflip/0043_000000024,notflip/0043,24,0,1,0.08940909906676238,0.08940909906676238,0.00018406182061880827,0.6881784796714783,0.002749162958934903,0.0022303147707134485,0,1,0,0
testing/notflip/0043_000000026,notflip/0043,26,0,1,0.09030644292893036,0.09030644292893036,0.00013957059127278626,0.6857065558433533,0.0032414570450782776,0.0016716952668502927,0,1,0,0
testing/notflip/0044_000000006,notflip/0044,6,0,1,0.09738424264178033,0.09738424264178033,0.0005555498064495623,0.8260035514831543,0.0981636568903923,0.030797405168414116,0,1,0,0
testing/notflip/0044_000000014,notflip/0044,14,0,1,0.09186557788944724,0.09186557788944724,0.0004486663674470037,0.5880337953567505,0.04509719833731651,0.028859471902251244,0,1,0,0
testing/notflip/0044_000000027,notflip/0044,27,0,1,0.09436692390524049,0.09436692390524049,0.004193391650915146,0.9194134473800659,0.3294678330421448,0.15085074305534363,0,1,0,0
testing/notflip/0045_000000005,notflip/0045,5,0,2,0.1978531048097631,0.1978531048097631,0.009731338359415531,0.9891858100891113,0.3362747132778168,0.02138436958193779,0,1,0,0
testing/notflip/0045_000000012,notflip/0045,12,0,1,0.0883098528356066,0.0883098528356066,0.000292426731903106,0.3586188852787018,0.009685658849775791,0.0038880924694240093,0,0,0,0
testing/notflip/0045_000000013,notflip/0045,13,0,1,0.08758076094759512,0.08758076094759512,0.00019848205556627363,0.24348071217536926,0.008174100890755653,0.002713895868510008,0,0,0,0
testing/notflip/0045_000000016,notflip/0045,16,0,1,0.08782753050969132,0.08782753050969132,0.0005660485476255417,0.543073296546936,0.02360575646162033,0.007850413210690022,0,1,0,0
testing/notflip/0045_000000018,notflip/0045,18,0,1,0.08817525125628141,0.08817525125628141,0.0008312738500535488,0.6246812343597412,0.02696634642779827,0.013177969492971897,0,1,0,0
testing/notflip/0045_000000022,notflip/0045,22,0,1,0.08739007537688442,0.08739007537688442,0.0008246031356975436,0.5681754350662231,0.019335847347974777,0.011348411440849304,0,1,0,0
testing/notflip/0045_000000026,notflip/0045,26,0,1,0.08762562814070352,0.08762562814070352,0.006533344741910696,0.9390976428985596,0.11048675328493118,0.09686707705259323,0,1,0,0
testing/notflip/0045_000000028,notflip/0045,28,0,1,0.08900529432878679,0.08900529432878679,0.04190083593130112,0.9849686622619629,0.4769637882709503,0.3245582580566406,0,1,0,0
testing/notflip/0045_000000030,notflip/0045,30,0,1,0.08908381191672649,0.08908381191672649,0.020100578665733337,0.9717185497283936,0.28214094042778015,0.15474236011505127,0,1,0,0
testing/notflip/0046_000000003,notflip/0046,3,0,1,0.08679558506819814,0.08679558506819814,0.0009628531406633556,0.46403518319129944,0.03240068629384041,0.015337525866925716,0,0,0,0
testing/notflip/0046_000000011,notflip/0046,11,0,1,0.08788361450107682,0.08788361450107682,0.004418843891471624,0.8894733190536499,0.11582699418067932,0.054754920303821564,0,1,0,0
testing/notflip/0046_000000012,notflip/0046,12,0,1,0.08716573941134242,0.08716573941134242,0.0052632782608270645,0.885711669921875,0.13534677028656006,0.06919026374816895,0,1,0,0
testing/notflip/0046_000000027,notflip/0046,27,0,1,0.09022792534099067,0.09022792534099067,0.006136777810752392,0.9087127447128296,0.1870276927947998,0.08658801019191742,0,1,0,0
testing/notflip/0046_000000028,notflip/0046,28,0,1,0.09036252692031586,0.09036252692031586,0.007208436727523804,0.9112091660499573,0.21243597567081451,0.10535348951816559,0,1,0,0
testing/notflip/0047_000000006,notflip/0047,6,0,2,0.20090407394113424,0.20090407394113424,0.02226879447698593,0.9989398121833801,0.9965211153030396,0.575141191482544,0,1,1,1
testing/notflip/0047_000000009,notflip/0047,9,0,2,0.1759915649676956,0.1759915649676956,0.0018687263363972306,0.9850732684135437,0.8216105699539185,0.04327983036637306,0,1,1,0
testing/notflip/0047_000000024,notflip/0047,24,0,1,0.08421572146446518,0.08421572146446518,0.0012066880008205771,0.9526970386505127,0.044239629060029984,0.0180976539850235,0,1,0,0
testing/notflip/0047_000000025,notflip/0047,25,0,1,0.083520279971285,0.083520279971285,0.0010417085140943527,0.9509980082511902,0.04161389172077179,0.014934461563825607,0,1,0,0
testing/notflip/0047_000000029,notflip/0047,29,0,1,0.08466439339554918,0.08466439339554918,0.0018768543377518654,0.9659422636032104,0.04598825424909592,0.02999134175479412,0,1,0,0
testing/notflip/0048_000000015,notflip/0048,15,0,1,0.08644786432160805,0.08644786432160805,0.0008500491385348141,0.7262086272239685,0.030123170465230942,0.0097963847219944,0,1,0,0
testing/notflip/0048_000000025,notflip/0048,25,0,1,0.08726669059583632,0.08726669059583632,0.0030856234952807426,0.9075648188591003,0.14413732290267944,0.04089123755693436,0,1,0,0
testing/notflip/0048_000000026,notflip/0048,26,0,1,0.08741250897343862,0.08741250897343862,0.0019970510620623827,0.8843913674354553,0.0754174068570137,0.026269087567925453,0,1,0,0
testing/notflip/0048_000000030,notflip/0048,30,0,1,0.08789483129935391,0.08789483129935391,0.002627389505505562,0.8227724432945251,0.07101516425609589,0.04269177466630936,0,1,0,0
testing/notflip/0049_000000006,notflip/0049,6,0,1,0.0832622936109117,0.0832622936109117,0.0010049149859696627,0.8747463822364807,0.034675270318984985,0.015219513326883316,0,1,0,0
testing/notflip/0049_000000011,notflip/0049,11,0,1,0.0834978463747308,0.0834978463747308,0.0033559147268533707,0.9617497324943542,0.17533385753631592,0.052112746983766556,0,1,0,0
testing/notflip/0049_000000012,notflip/0049,12,0,1,0.08347541277817659,0.08347541277817659,0.004484779201447964,0.9751213192939758,0.1560983806848526,0.05402879789471626,0,1,0,0
testing/notflip/0049_000000018,notflip/0049,18,0,1,0.08484386216798277,0.08484386216798277,0.004790311213582754,0.9804410934448242,0.4044005274772644,0.08464362472295761,0,1,0,0
testing/notflip/0049_000000022,notflip/0049,22,0,1,0.08527010050251256,0.08527010050251256,0.01543432381004095,0.9945793151855469,0.5868306756019592,0.22063221037387848,0,1,1,0
testing/notflip/0049_000000026,notflip/0049,26,0,1,0.08409233668341709,0.08409233668341709,0.009104417636990547,0.9939490556716919,0.4717600643634796,0.15843065083026886,0,1,0,0
testing/notflip/0049_000000028,notflip/0049,28,0,1,0.08400260229720029,0.08400260229720029,0.013917985372245312,0.9943934679031372,0.5132325291633606,0.12032568454742432,0,1,1,0
testing/notflip/0050_000000011,notflip/0050,11,0,2,0.1814204953338119,0.1814204953338119,0.0008164999890141189,0.9117845296859741,0.9390351176261902,0.14561419188976288,0,1,1,0
testing/notflip/0050_000000013,notflip/0050,13,0,1,0.08926328068916009,0.08926328068916009,0.0006195182795636356,0.8682804107666016,0.063348188996315,0.012260477989912033,0,1,0,0
testing/notflip/0051_000000002,notflip/0051,2,0,1,0.07099111629576453,0.07099111629576453,0.00024808529997244477,0.619996190071106,0.008783799596130848,0.005522616673260927,0,1,0,0
testing/notflip/0051_000000012,notflip/0051,12,0,1,0.07315595836324479,0.07315595836324479,0.0006665828404948115,0.9053725600242615,0.028287867084145546,0.02578003704547882,0,1,0,0
testing/notflip/0051_000000025,notflip/0051,25,0,1,0.0729204055994257,0.0729204055994257,0.007559218909591436,0.9861094355583191,0.2462531328201294,0.09358341246843338,0,1,0,0
testing/notflip/0052_000000006,notflip/0052,6,0,1,0.07504038047379756,0.07504038047379756,0.0007984027033671737,0.9100455641746521,0.02266887202858925,0.009329692460596561,0,1,0,0
testing/notflip/0052_000000014,notflip/0052,14,0,1,0.072841888011486,0.072841888011486,0.002450527623295784,0.9594536423683167,0.03599952533841133,0.03256883844733238,0,1,0,0
testing/notflip/0052_000000022,notflip/0052,22,0,1,0.07444589016511127,0.07444589016511127,0.005624842830002308,0.9855619072914124,0.05814027413725853,0.11539435386657715,0,1,0,0
testing/notflip/0052_000000029,notflip/0052,29,0,1,0.07424398779612347,0.07424398779612347,0.008026047609746456,0.9697290062904358,0.09394659847021103,0.1575419008731842,0,1,0,0
testing/notflip/0053_000000001,notflip/0053,1,0,2,0.19378140703517588,0.19378140703517588,0.0063601103611290455,0.9795103669166565,0.17977744340896606,0.015084439888596535,0,1,0,0
testing/notflip/0053_000000008,notflip/0053,8,0,1,0.07139492103374014,0.07139492103374014,0.0005484079010784626,0.6727548241615295,0.012408764101564884,0.010055254213511944,0,1,0,0
testing/notflip/0053_000000011,notflip/0053,11,0,1,0.07154073941134242,0.07154073941134242,0.00045208135270513594,0.7479991912841797,0.00864536315202713,0.008546184748411179,0,1,0,0
testing/notflip/0053_000000016,notflip/0053,16,0,1,0.07161925699928212,0.07161925699928212,0.0013777430867776275,0.9179965853691101,0.03131307661533356,0.02890440821647644,0,1,0,0
testing/notflip/0053_000000017,notflip/0053,17,0,1,0.07182115936826992,0.07182115936826992,0.0028127103578299284,0.9606685638427734,0.04420778527855873,0.04233703017234802,0,1,0,0
testing/notflip/0053_000000025,notflip/0053,25,0,1,0.07214644651830582,0.07214644651830582,0.005557994358241558,0.9854797720909119,0.062264807522296906,0.045013245195150375,0,1,0,0
testing/notflip/0054_000000010,notflip/0054,10,0,2,0.20987751256281406,0.20987751256281406,0.00035368077806197107,0.41699472069740295,0.8533052206039429,0.1129990965127945,0,0,1,0
testing/notflip/0054_000000020,notflip/0054,20,0,1,0.09664393395549174,0.09664393395549174,0.0008175557595677674,0.4234118163585663,0.015247954986989498,0.009309256449341774,0,0,0,0
testing/notflip/0054_000000023,notflip/0054,23,0,1,0.09663271715721465,0.09663271715721465,0.0015195929445326328,0.7589894533157349,0.030007796362042427,0.015888875350356102,0,1,0,0
testing/notflip/0054_000000027,notflip/0054,27,0,1,0.09556712132089017,0.09556712132089017,0.0013935407623648643,0.8079696297645569,0.029112590476870537,0.01797696389257908,0,1,0,0
testing/notflip/0055_000000012,notflip/0055,12,0,1,0.08793969849246232,0.08793969849246232,0.001774876844137907,0.9227723479270935,0.07069134712219238,0.07014769315719604,0,1,0,0
testing/notflip/0055_000000013,notflip/0055,13,0,1,0.08776022972002871,0.08776022972002871,0.0013543294044211507,0.917213499546051,0.053464096039533615,0.04577508568763733,0,1,0,0
testing/notflip/0055_000000016,notflip/0055,16,0,1,0.08726669059583632,0.08726669059583632,0.0023732087574899197,0.9566992521286011,0.05221053957939148,0.08077605068683624,0,1,0,0
testing/notflip/0056_000000004,notflip/0056,4,0,1,0.09599335965541995,0.09599335965541995,0.002218026900663972,0.44388848543167114,0.02218628115952015,0.1314367949962616,0,0,0,0
testing/notflip/0056_000000007,notflip/0056,7,0,1,0.09214599784637473,0.09214599784637473,0.0003529826644808054,0.23877862095832825,0.008306770585477352,0.0014464593259617686,0,0,0,0
testing/notflip/0056_000000011,notflip/0056,11,0,1,0.09137203876525485,0.09137203876525485,0.0004157954826951027,0.3117545545101166,0.006676886696368456,0.003172398079186678,0,0,0,0
testing/notflip/0056_000000013,notflip/0056,13,0,1,0.09158515793251974,0.09158515793251974,0.0006681917584501207,0.6388772130012512,0.01296105608344078,0.0047337980940938,0,1,0,0
testing/notflip/0056_000000022,notflip/0056,22,0,1,0.09047469490308686,0.09047469490308686,0.001547915511764586,0.9054911732673645,0.03480251505970955,0.0021316215861588717,0,1,0,0
testing/notflip/0056_000000024,notflip/0056,24,0,1,0.09106918521177315,0.09106918521177315,0.0029948498122394085,0.9296659231185913,0.0845896303653717,0.006797412410378456,0,1,0,0
testing/notflip/0056_000000027,notflip/0056,27,0,1,0.09068781407035176,0.09068781407035176,0.005612954962998629,0.9775753021240234,0.1276898831129074,0.012292243540287018,0,1,0,0
testing/notflip/0057_000000003,notflip/0057,3,0,1,0.08754711055276382,0.08754711055276382,0.0024577348958700895,0.9556360840797424,0.15272177755832672,0.06241794303059578,0,1,0,0
testing/notflip/0057_000000007,notflip/0057,7,0,1,0.08739007537688442,0.08739007537688442,0.0044724163599312305,0.9686452150344849,0.1577749103307724,0.13747844099998474,0,1,0,0
testing/notflip/0057_000000012,notflip/0057,12,0,1,0.0885117552045944,0.0885117552045944,0.003234553150832653,0.9487438201904297,0.10469123721122742,0.11292356997728348,0,1,0,0
testing/notflip/0057_000000023,notflip/0057,23,0,1,0.09125987078248385,0.09125987078248385,0.006442059762775898,0.9881834387779236,0.22681759297847748,0.1697942465543747,0,1,0,0
testing/notflip/0057_000000027,notflip/0057,27,0,1,0.09129352117731515,0.09129352117731515,0.004848408978432417,0.9775591492652893,0.19439798593521118,0.07931498438119888,0,1,0,0
testing/notflip/0058_000000002,notflip/0058,2,0,2,0.19204280330222542,0.19204280330222542,0.0975654348731041,0.999508261680603,0.03564492613077164,0.11822773516178131,0,1,0,0
testing/notflip/0058_000000004,notflip/0058,4,0,2,0.20036566762383345,0.20036566762383345,0.034164004027843475,0.9997993111610413,0.3698813319206238,0.0427543967962265,0,1,0,0
testing/notflip/0058_000000013,notflip/0058,13,0,1,0.08527010050251256,0.08527010050251256,0.02448265440762043,0.9874672293663025,0.22766412794589996,0.23126661777496338,0,1,0,0
testing/notflip/0058_000000018,notflip/0058,18,0,1,0.08468682699210338,0.08468682699210338,0.019385209307074547,0.9851227402687073,0.24571621417999268,0.20210875570774078,0,1,0,0
testing/notflip/0058_000000020,notflip/0058,20,0,1,0.08515793251974156,0.08515793251974156,0.020811334252357483,0.9863459467887878,0.26574233174324036,0.16175876557826996,0,1,0,0
testing/notflip/0058_000000021,notflip/0058,21,0,1,0.08460830940416368,0.08460830940416368,0.02683447301387787,0.985171914100647,0.3283362090587616,0.17655950784683228,0,1,0,0
testing/notflip/0058_000000025,notflip/0058,25,0,1,0.08496724694903086,0.08496724694903086,0.0269254632294178,0.9903870224952698,0.3232082724571228,0.20656198263168335,0,1,0,0
