bucket,ssim,dhash,phash,path_a,path_b,sequence_a,sequence_b,label_a,label_b
same_sequence_cross_split,0.9999993053355317,0,0,testing/notflip/0001_000000004.jpg,training/notflip/0001_000000003.jpg,notflip__0001,notflip__0001,notflip,notflip
same_sequence_cross_split,0.9999986918783903,0,0,testing/notflip/0001_000000002.jpg,training/notflip/0001_000000003.jpg,notflip__0001,notflip__0001,notflip,notflip
same_sequence_cross_split,0.9999977542760324,0,0,testing/notflip/0041_000000003.jpg,training/notflip/0041_000000002.jpg,notflip__0041,notflip__0041,notflip,notflip
same_sequence_cross_split,0.9999848220229273,0,0,testing/notflip/0016_000000001.jpg,training/notflip/0016_000000003.jpg,notflip__0016,notflip__0016,notflip,notflip
same_sequence_cross_split,0.9999829684084407,0,0,testing/notflip/0016_000000001.jpg,training/notflip/0016_000000002.jpg,notflip__0016,notflip__0016,notflip,notflip
same_sequence_cross_split,0.9999802623038753,0,0,testing/notflip/0001_000000002.jpg,training/notflip/0001_000000001.jpg,notflip__0001,notflip__0001,notflip,notflip
same_sequence_cross_split,0.9999799235805478,0,0,testing/notflip/0001_000000004.jpg,training/notflip/0001_000000001.jpg,notflip__0001,notflip__0001,notflip,notflip
same_sequence_cross_split,0.9999775026721136,0,0,testing/notflip/0041_000000001.jpg,training/notflip/0041_000000002.jpg,notflip__0041,notflip__0041,notflip,notflip
same_sequence_cross_split,0.9999229441844223,0,0,testing/flip/0063_000000014.jpg,training/flip/0063_000000013.jpg,flip__0063,flip__0063,flip,flip
same_sequence_cross_split,0.999897405840798,0,0,testing/flip/0016_000000008.jpg,training/flip/0016_000000009.jpg,flip__0016,flip__0016,flip,flip
same_sequence_cross_split,0.9998884255383078,0,0,testing/flip/0063_000000011.jpg,training/flip/0063_000000010.jpg,flip__0063,flip__0063,flip,flip
same_sequence_cross_split,0.9998864607736834,0,0,testing/notflip/0006_000000021.jpg,training/notflip/0006_000000020.jpg,notflip__0006,notflip__0006,notflip,notflip
same_sequence_cross_split,0.9998818396192414,0,0,testing/flip/0003_000000005.jpg,training/flip/0003_000000006.jpg,flip__0003,flip__0003,flip,flip
same_sequence_cross_split,0.9998785265555934,0,0,testing/notflip/0006_000000023.jpg,training/notflip/0006_000000024.jpg,notflip__0006,notflip__0006,notflip,notflip
same_sequence_cross_split,0.9998726060973375,0,0,testing/notflip/0006_000000025.jpg,training/notflip/0006_000000026.jpg,notflip__0006,notflip__0006,notflip,notflip
same_sequence_cross_split,0.9998233839224074,0,0,testing/flip/0003_000000008.jpg,training/flip/0003_000000007.jpg,flip__0003,flip__0003,flip,flip
same_sequence_cross_split,0.9970116193114698,2,0,testing/notflip/0048_000000025.jpg,training/notflip/0048_000000024.jpg,notflip__0048,notflip__0048,notflip,notflip
same_sequence_cross_split,0.9970073185143005,0,0,testing/notflip/0019_000000027.jpg,training/notflip/0019_000000026.jpg,notflip__0019,notflip__0019,notflip,notflip
same_sequence_cross_split,0.9967931196186194,1,0,testing/notflip/0037_000000028.jpg,training/notflip/0037_000000027.jpg,notflip__0037,notflip__0037,notflip,notflip
same_sequence_cross_split,0.9962042130470731,0,0,testing/notflip/0049_000000018.jpg,training/notflip/0049_000000017.jpg,notflip__0049,notflip__0049,notflip,notflip
same_sequence_cross_split,0.9953842869935804,1,0,testing/notflip/0002_000000008.jpg,training/notflip/0002_000000009.jpg,notflip__0002,notflip__0002,notflip,notflip
same_sequence_cross_split,0.9950738855870298,0,0,testing/notflip/0056_000000027.jpg,training/notflip/0056_000000028.jpg,notflip__0056,notflip__0056,notflip,notflip
same_sequence_cross_split,0.9948945492193929,0,0,testing/notflip/0041_000000003.jpg,training/notflip/0041_000000004.jpg,notflip__0041,notflip__0041,notflip,notflip
same_sequence_cross_split,0.9948851471149972,0,0,testing/notflip/0041_000000001.jpg,training/notflip/0041_000000004.jpg,notflip__0041,notflip__0041,notflip,notflip
same_sequence_cross_split,0.9946346566897175,0,2,testing/notflip/0021_000000024.jpg,training/notflip/0021_000000025.jpg,notflip__0021,notflip__0021,notflip,notflip
same_sequence_cross_split,0.9938715353593087,1,0,testing/notflip/0037_000000015.jpg,training/notflip/0037_000000016.jpg,notflip__0037,notflip__0037,notflip,notflip
same_sequence_cross_split,0.9938112977437944,1,0,testing/notflip/0025_000000021.jpg,training/notflip/0025_000000020.jpg,notflip__0025,notflip__0025,notflip,notflip
same_sequence_cross_split,0.99362970337291,0,0,testing/notflip/0033_000000027.jpg,training/notflip/0033_000000028.jpg,notflip__0033,notflip__0033,notflip,notflip
same_sequence_cross_split,0.9935494810540054,1,0,testing/notflip/0030_000000028.jpg,training/notflip/0030_000000027.jpg,notflip__0030,notflip__0030,notflip,notflip
same_sequence_cross_split,0.9934311033831191,1,0,testing/notflip/0058_000000025.jpg,training/notflip/0058_000000026.jpg,notflip__0058,notflip__0058,notflip,notflip
same_sequence_cross_split,0.9932601373953746,0,0,testing/notflip/0058_000000018.jpg,training/notflip/0058_000000019.jpg,notflip__0058,notflip__0058,notflip,notflip
same_sequence_cross_split,0.9930082694331607,0,0,testing/notflip/0027_000000010.jpg,training/notflip/0027_000000011.jpg,notflip__0027,notflip__0027,notflip,notflip
same_sequence_cross_split,0.9929797372712329,2,0,testing/notflip/0031_000000019.jpg,training/notflip/0031_000000018.jpg,notflip__0031,notflip__0031,notflip,notflip
same_sequence_cross_split,0.9926534414200511,1,0,testing/notflip/0041_000000034.jpg,training/notflip/0041_000000033.jpg,notflip__0041,notflip__0041,notflip,notflip
same_sequence_cross_split,0.9925383698035556,0,0,testing/notflip/0036_000000028.jpg,training/notflip/0036_000000027.jpg,notflip__0036,notflip__0036,notflip,notflip
same_sequence_cross_split,0.9924815884358819,0,0,testing/notflip/0025_000000025.jpg,training/notflip/0025_000000024.jpg,notflip__0025,notflip__0025,notflip,notflip
same_sequence_cross_split,0.9920263266202952,1,2,testing/notflip/0041_000000036.jpg,training/notflip/0041_000000037.jpg,notflip__0041,notflip__0041,notflip,notflip
same_sequence_cross_split,0.9919933914685269,0,0,testing/notflip/0045_000000022.jpg,training/notflip/0045_000000023.jpg,notflip__0045,notflip__0045,notflip,notflip
same_sequence_cross_split,0.9919591441120074,0,0,testing/notflip/0021_000000026.jpg,training/notflip/0021_000000025.jpg,notflip__0021,notflip__0021,notflip,notflip
same_sequence_cross_split,0.9918817773815573,0,0,testing/notflip/0002_000000008.jpg,training/notflip/0002_000000007.jpg,notflip__0002,notflip__0002,notflip,notflip
same_sequence_cross_split,0.9913909220848794,2,0,testing/notflip/0024_000000006.jpg,training/notflip/0024_000000005.jpg,notflip__0024,notflip__0024,notflip,notflip
same_sequence_cross_split,0.9913756863736266,0,0,testing/notflip/0019_000000015.jpg,training/notflip/0019_000000014.jpg,notflip__0019,notflip__0019,notflip,notflip
same_sequence_cross_split,0.9913441855305646,0,0,testing/notflip/0044_000000027.jpg,training/notflip/0044_000000028.jpg,notflip__0044,notflip__0044,notflip,notflip
same_sequence_cross_split,0.9913073348238487,1,2,testing/notflip/0020_000000010.jpg,training/notflip/0020_000000011.jpg,notflip__0020,notflip__0020,notflip,notflip
same_sequence_cross_split,0.9912244513163142,2,0,testing/notflip/0003_000000025.jpg,training/notflip/0003_000000026.jpg,notflip__0003,notflip__0003,notflip,notflip
same_sequence_cross_split,0.9911436866777997,1,0,testing/notflip/0026_000000029.jpg,training/notflip/0026_000000030.jpg,notflip__0026,notflip__0026,notflip,notflip
same_sequence_cross_split,0.9911086846695645,0,0,testing/notflip/0027_000000010.jpg,training/notflip/0027_000000009.jpg,notflip__0027,notflip__0027,notflip,notflip
same_sequence_cross_split,0.9910689154549646,0,0,testing/notflip/0020_000000004.jpg,training/notflip/0020_000000005.jpg,notflip__0020,notflip__0020,notflip,notflip
same_sequence_cross_split,0.9908952858745473,2,0,testing/notflip/0037_000000028.jpg,training/notflip/0037_000000029.jpg,notflip__0037,notflip__0037,notflip,notflip
same_sequence_cross_split,0.9908223982476768,0,2,testing/notflip/0056_000000027.jpg,training/notflip/0056_000000029.jpg,notflip__0056,notflip__0056,notflip,notflip
same_sequence_cross_split,0.9904892174677402,2,0,testing/notflip/0019_000000004.jpg,training/notflip/0019_000000003.jpg,notflip__0019,notflip__0019,notflip,notflip
same_sequence_cross_split,0.9903606656211452,0,0,testing/notflip/0058_000000018.jpg,training/notflip/0058_000000017.jpg,notflip__0058,notflip__0058,notflip,notflip
same_sequence_cross_split,0.9903417994677032,1,0,testing/notflip/0020_000000016.jpg,training/notflip/0020_000000017.jpg,notflip__0020,notflip__0020,notflip,notflip
same_sequence_cross_split,0.9903177935477337,1,2,testing/notflip/0033_000000019.jpg,training/notflip/0033_000000020.jpg,notflip__0033,notflip__0033,notflip,notflip
same_sequence_cross_split,0.9903133999923058,0,0,testing/notflip/0025_000000025.jpg,training/notflip/0025_000000026.jpg,notflip__0025,notflip__0025,notflip,notflip
same_sequence_cross_split,0.9901465286067507,1,0,testing/notflip/0036_000000025.jpg,training/notflip/0036_000000026.jpg,notflip__0036,notflip__0036,notflip,notflip
same_sequence_cross_split,0.98995543769296,0,0,testing/notflip/0047_000000029.jpg,training/notflip/0047_000000030.jpg,notflip__0047,notflip__0047,notflip,notflip
same_sequence_cross_split,0.9898434954318769,0,2,testing/notflip/0036_000000020.jpg,training/notflip/0036_000000021.jpg,notflip__0036,notflip__0036,notflip,notflip
same_sequence_cross_split,0.9897407555147582,1,0,testing/notflip/0049_000000018.jpg,training/notflip/0049_000000019.jpg,notflip__0049,notflip__0049,notflip,notflip
same_sequence_cross_split,0.9897342478552071,0,0,testing/notflip/0036_000000028.jpg,training/notflip/0036_000000026.jpg,notflip__0036,notflip__0036,notflip,notflip
same_sequence_cross_split,0.9897011238974448,0,0,testing/notflip/0006_000000009.jpg,training/notflip/0006_000000010.jpg,notflip__0006,notflip__0006,notflip,notflip
same_sequence_cross_split,0.989595417794815,0,0,testing/notflip/0033_000000025.jpg,training/notflip/0033_000000026.jpg,notflip__0033,notflip__0033,notflip,notflip
same_sequence_cross_split,0.9894768554435509,0,2,testing/notflip/0021_000000026.jpg,training/notflip/0021_000000027.jpg,notflip__0021,notflip__0021,notflip,notflip
same_sequence_cross_split,0.9894390016551441,0,2,testing/notflip/0036_000000025.jpg,training/notflip/0036_000000024.jpg,notflip__0036,notflip__0036,notflip,notflip
same_sequence_cross_split,0.9894110922756783,0,0,testing/notflip/0054_000000023.jpg,training/notflip/0054_000000024.jpg,notflip__0054,notflip__0054,notflip,notflip
same_sequence_cross_split,0.9892157084256468,1,0,testing/notflip/0025_000000022.jpg,training/notflip/0025_000000020.jpg,notflip__0025,notflip__0025,notflip,notflip
same_sequence_cross_split,0.9891675394681321,1,0,testing/notflip/0036_000000030.jpg,training/notflip/0036_000000029.jpg,notflip__0036,notflip__0036,notflip,notflip
same_sequence_cross_split,0.9890664957390951,0,2,testing/notflip/0033_000000027.jpg,training/notflip/0033_000000026.jpg,notflip__0033,notflip__0033,notflip,notflip
same_sequence_cross_split,0.9890062323463437,0,0,testing/notflip/0023_000000029.jpg,training/notflip/0023_000000028.jpg,notflip__0023,notflip__0023,notflip,notflip
same_sequence_cross_split,0.988666227054586,1,0,testing/notflip/0045_000000026.jpg,training/notflip/0045_000000027.jpg,notflip__0045,notflip__0045,notflip,notflip
same_sequence_cross_split,0.9885171058077404,0,0,testing/notflip/0047_000000025.jpg,training/notflip/0047_000000026.jpg,notflip__0047,notflip__0047,notflip,notflip
same_sequence_cross_split,0.9885135888764717,0,0,testing/notflip/0042_000000013.jpg,training/notflip/0042_000000012.jpg,notflip__0042,notflip__0042,notflip,notflip
same_sequence_cross_split,0.988483510849577,0,0,testing/notflip/0002_000000012.jpg,training/notflip/0002_000000013.jpg,notflip__0002,notflip__0002,notflip,notflip
same_sequence_cross_split,0.9884524108963277,2,0,testing/notflip/0016_000000020.jpg,training/notflip/0016_000000019.jpg,notflip__0016,notflip__0016,notflip,notflip
same_sequence_cross_split,0.9883826437485324,1,0,testing/notflip/0040_000000018.jpg,training/notflip/0040_000000019.jpg,notflip__0040,notflip__0040,notflip,notflip
same_sequence_cross_split,0.9882574992734163,0,0,testing/notflip/0002_000000015.jpg,training/notflip/0002_000000016.jpg,notflip__0002,notflip__0002,notflip,notflip
same_sequence_cross_split,0.9881378823824217,2,0,testing/notflip/0054_000000020.jpg,training/notflip/0054_000000019.jpg,notflip__0054,notflip__0054,notflip,notflip
same_sequence_cross_split,0.9881079895710614,0,0,testing/notflip/0041_000000028.jpg,training/notflip/0041_000000027.jpg,notflip__0041,notflip__0041,notflip,notflip
same_sequence_cross_split,0.9880475245888646,0,0,testing/notflip/0005_000000022.jpg,training/notflip/0005_000000023.jpg,notflip__0005,notflip__0005,notflip,notflip
same_sequence_cross_split,0.9880179996894989,2,0,testing/notflip/0035_000000026.jpg,training/notflip/0035_000000027.jpg,notflip__0035,notflip__0035,notflip,notflip
same_sequence_cross_split,0.9879266711565904,1,2,testing/notflip/0020_000000016.jpg,training/notflip/0020_000000015.jpg,notflip__0020,notflip__0020,notflip,notflip
same_sequence_cross_split,0.9878673205670158,0,0,testing/notflip/0045_000000022.jpg,training/notflip/0045_000000021.jpg,notflip__0045,notflip__0045,notflip,notflip
same_sequence_cross_split,0.9878222430867893,0,0,testing/notflip/0048_000000030.jpg,training/notflip/0048_000000029.jpg,notflip__0048,notflip__0048,notflip,notflip
same_sequence_cross_split,0.9877755012724357,0,0,testing/notflip/0041_000000003.jpg,training/notflip/0041_000000005.jpg,notflip__0041,notflip__0041,notflip,notflip
same_sequence_cross_split,0.9877646492971032,0,0,testing/notflip/0041_000000001.jpg,training/notflip/0041_000000005.jpg,notflip__0041,notflip__0041,notflip,notflip
same_sequence_cross_split,0.9876743168297114,0,2,testing/notflip/0019_000000015.jpg,training/notflip/0019_000000016.jpg,notflip__0019,notflip__0019,notflip,notflip
same_sequence_cross_split,0.9876339896618209,0,0,testing/notflip/0049_000000022.jpg,training/notflip/0049_000000021.jpg,notflip__0049,notflip__0049,notflip,notflip
same_sequence_cross_split,0.9875584544988104,2,2,testing/notflip/0044_000000027.jpg,training/notflip/0044_000000026.jpg,notflip__0044,notflip__0044,notflip,notflip
same_sequence_cross_split,0.9875120529130264,1,2,testing/notflip/0020_000000004.jpg,training/notflip/0020_000000006.jpg,notflip__0020,notflip__0020,notflip,notflip
same_sequence_cross_split,0.9874628955409135,0,0,testing/notflip/0045_000000018.jpg,training/notflip/0045_000000017.jpg,notflip__0045,notflip__0045,notflip,notflip
same_sequence_cross_split,0.9874130392479314,0,2,testing/notflip/0049_000000022.jpg,training/notflip/0049_000000023.jpg,notflip__0049,notflip__0049,notflip,notflip
same_sequence_cross_split,0.9872577334715537,0,0,testing/notflip/0058_000000025.jpg,training/notflip/0058_000000024.jpg,notflip__0058,notflip__0058,notflip,notflip
same_sequence_cross_split,0.9871558856909742,1,2,testing/notflip/0033_000000027.jpg,training/notflip/0033_000000029.jpg,notflip__0033,notflip__0033,notflip,notflip
same_sequence_cross_split,0.9870982921287068,0,0,testing/notflip/0034_000000025.jpg,training/notflip/0034_000000026.jpg,notflip__0034,notflip__0034,notflip,notflip
same_sequence_cross_split,0.9870897714922392,3,2,testing/notflip/0024_000000004.jpg,training/notflip/0024_000000003.jpg,notflip__0024,notflip__0024,notflip,notflip
same_sequence_cross_split,0.9870409435643483,1,0,testing/notflip/0002_000000003.jpg,training/notflip/0002_000000002.jpg,notflip__0002,notflip__0002,notflip,notflip
same_sequence_cross_split,0.9870090336356828,1,0,testing/notflip/0041_000000022.jpg,training/notflip/0041_000000023.jpg,notflip__0041,notflip__0041,notflip,notflip
same_sequence_cross_split,0.9869347432096063,0,0,testing/notflip/0056_000000024.jpg,training/notflip/0056_000000025.jpg,notflip__0056,notflip__0056,notflip,notflip
same_sequence_cross_split,0.9868165833832102,0,0,testing/notflip/0021_000000024.jpg,training/notflip/0021_000000023.jpg,notflip__0021,notflip__0021,notflip,notflip
same_sequence_cross_split,0.9867979602878615,1,0,testing/notflip/0037_000000025.jpg,training/notflip/0037_000000026.jpg,notflip__0037,notflip__0037,notflip,notflip
same_sequence_cross_split,0.9867749389673586,0,0,testing/notflip/0037_000000028.jpg,training/notflip/0037_000000026.jpg,notflip__0037,notflip__0037,notflip,notflip
same_sequence_cross_split,0.986712844676253,1,0,testing/notflip/0020_000000004.jpg,training/notflip/0020_000000003.jpg,notflip__0020,notflip__0020,notflip,notflip
same_sequence_cross_split,0.9866404535371237,4,2,testing/notflip/0048_000000025.jpg,training/notflip/0048_000000022.jpg,notflip__0048,notflip__0048,notflip,notflip
same_sequence_cross_split,0.9866279930765823,0,2,testing/notflip/0009_000000027.jpg,training/notflip/0009_000000028.jpg,notflip__0009,notflip__0009,notflip,notflip
same_sequence_cross_split,0.9865301239026779,0,0,testing/notflip/0045_000000030.jpg,training/notflip/0045_000000029.jpg,notflip__0045,notflip__0045,notflip,notflip
same_sequence_cross_split,0.9863679173028244,1,2,testing/notflip/0029_000000025.jpg,training/notflip/0029_000000026.jpg,notflip__0029,notflip__0029,notflip,notflip
same_sequence_cross_split,0.9863410609031705,2,0,testing/notflip/0031_000000020.jpg,training/notflip/0031_000000021.jpg,notflip__0031,notflip__0031,notflip,notflip
same_sequence_cross_split,0.9862194748115438,2,0,testing/notflip/0054_000000020.jpg,training/notflip/0054_000000021.jpg,notflip__0054,notflip__0054,notflip,notflip
same_sequence_cross_split,0.9861630322007757,0,0,testing/notflip/0041_000000028.jpg,training/notflip/0041_000000029.jpg,notflip__0041,notflip__0041,notflip,notflip
same_sequence_cross_split,0.9861193111636987,2,0,testing/notflip/0036_000000028.jpg,training/notflip/0036_000000029.jpg,notflip__0036,notflip__0036,notflip,notflip
same_sequence_cross_split,0.985874870784551,0,0,testing/notflip/0019_000000024.jpg,training/notflip/0019_000000026.jpg,notflip__0019,notflip__0019,notflip,notflip
same_sequence_cross_split,0.9857513204686463,2,2,testing/notflip/0029_000000025.jpg,training/notflip/0029_000000027.jpg,notflip__0029,notflip__0029,notflip,notflip
same_sequence_cross_split,0.9857489284893716,1,0,testing/notflip/0037_000000019.jpg,training/notflip/0037_000000020.jpg,notflip__0037,notflip__0037,notflip,notflip
same_sequence_cross_split,0.9857097087439477,0,0,testing/notflip/0036_000000020.jpg,training/notflip/0036_000000019.jpg,notflip__0036,notflip__0036,notflip,notflip
same_sequence_cross_split,0.9856867439940924,0,0,testing/notflip/0049_000000028.jpg,training/notflip/0049_000000029.jpg,notflip__0049,notflip__0049,notflip,notflip
same_sequence_cross_split,0.9856371835684392,1,0,testing/notflip/0025_000000022.jpg,training/notflip/0025_000000023.jpg,notflip__0025,notflip__0025,notflip,notflip
same_sequence_cross_split,0.9852716568959309,1,0,testing/notflip/0049_000000018.jpg,training/notflip/0049_000000016.jpg,notflip__0049,notflip__0049,notflip,notflip
same_sequence_cross_split,0.9852159769475876,0,0,testing/notflip/0002_000000012.jpg,training/notflip/0002_000000011.jpg,notflip__0002,notflip__0002,notflip,notflip
same_sequence_cross_split,0.9852004282851167,0,0,testing/notflip/0019_000000025.jpg,training/notflip/0019_000000026.jpg,notflip__0019,notflip__0019,notflip,notflip
same_sequence_cross_split,0.985026021146471,0,0,testing/notflip/0047_000000024.jpg,training/notflip/0047_000000026.jpg,notflip__0047,notflip__0047,notflip,notflip
same_sequence_cross_split,0.9850057035876932,0,0,testing/notflip/0058_000000021.jpg,training/notflip/0058_000000022.jpg,notflip__0058,notflip__0058,notflip,notflip
same_sequence_cross_split,0.9849518482912066,0,2,testing/notflip/0035_000000026.jpg,training/notflip/0035_000000025.jpg,notflip__0035,notflip__0035,notflip,notflip
same_sequence_cross_split,0.9849276065698894,4,2,testing/notflip/0046_000000011.jpg,training/notflip/0046_000000010.jpg,notflip__0046,notflip__0046,notflip,notflip
same_sequence_cross_split,0.9848637294130739,0,2,testing/notflip/0009_000000027.jpg,training/notflip/0009_000000026.jpg,notflip__0009,notflip__0009,notflip,notflip
same_sequence_cross_split,0.9848587704304209,0,0,testing/notflip/0016_000000023.jpg,training/notflip/0016_000000022.jpg,notflip__0016,notflip__0016,notflip,notflip
same_sequence_cross_split,0.9848369537023938,0,0,testing/notflip/0056_000000022.jpg,training/notflip/0056_000000021.jpg,notflip__0056,notflip__0056,notflip,notflip
same_sequence_cross_split,0.9847272780088014,0,0,testing/notflip/0056_000000027.jpg,training/notflip/0056_000000030.jpg,notflip__0056,notflip__0056,notflip,notflip
same_sequence_cross_split,0.9847117091808343,2,0,testing/notflip/0024_000000007.jpg,training/notflip/0024_000000005.jpg,notflip__0024,notflip__0024,notflip,notflip
same_sequence_cross_split,0.9846538583415221,1,2,testing/notflip/0027_000000001.jpg,training/notflip/0027_000000002.jpg,notflip__0027,notflip__0027,notflip,notflip
same_sequence_cross_split,0.9845792660546743,1,2,testing/notflip/0025_000000025.jpg,training/notflip/0025_000000023.jpg,notflip__0025,notflip__0025,notflip,notflip
same_sequence_cross_split,0.9843247943941149,1,0,testing/notflip/0019_000000002.jpg,training/notflip/0019_000000003.jpg,notflip__0019,notflip__0019,notflip,notflip
same_sequence_cross_split,0.9842993564097086,0,0,testing/notflip/0056_000000024.jpg,training/notflip/0056_000000026.jpg,notflip__0056,notflip__0056,notflip,notflip
same_sequence_cross_split,0.9842274347820124,0,2,testing/notflip/0002_000000028.jpg,training/notflip/0002_000000029.jpg,notflip__0002,notflip__0002,notflip,notflip
same_sequence_cross_split,0.9841807146795849,1,0,testing/notflip/0036_000000025.jpg,training/notflip/0036_000000027.jpg,notflip__0036,notflip__0036,notflip,notflip
same_sequence_cross_split,0.9840109249437651,0,0,testing/notflip/0047_000000029.jpg,training/notflip/0047_000000028.jpg,notflip__0047,notflip__0047,notflip,notflip
same_sequence_cross_split,0.9839008770518404,0,0,testing/notflip/0041_000000034.jpg,training/notflip/0041_000000035.jpg,notflip__0041,notflip__0041,notflip,notflip
same_sequence_cross_split,0.9838398811405568,1,0,testing/notflip/0042_000000013.jpg,training/notflip/0042_000000014.jpg,notflip__0042,notflip__0042,notflip,notflip
same_sequence_cross_split,0.9838198017466966,0,0,testing/notflip/0027_000000013.jpg,training/notflip/0027_000000012.jpg,notflip__0027,notflip__0027,notflip,notflip
same_sequence_cross_split,0.983717463944617,0,0,testing/notflip/0033_000000019.jpg,training/notflip/0033_000000018.jpg,notflip__0033,notflip__0033,notflip,notflip
same_sequence_cross_split,0.9836589521996048,1,0,testing/notflip/0047_000000024.jpg,training/notflip/0047_000000023.jpg,notflip__0047,notflip__0047,notflip,notflip
same_sequence_cross_split,0.9835936910076432,0,0,testing/notflip/0051_000000025.jpg,training/notflip/0051_000000024.jpg,notflip__0051,notflip__0051,notflip,notflip
same_sequence_cross_split,0.9835891824280165,0,0,testing/notflip/0021_000000024.jpg,training/notflip/0021_000000027.jpg,notflip__0021,notflip__0021,notflip,notflip
same_sequence_cross_split,0.9834626224653097,0,0,testing/notflip/0002_000000006.jpg,training/notflip/0002_000000005.jpg,notflip__0002,notflip__0002,notflip,notflip
same_sequence_cross_split,0.9834237329527331,1,0,testing/notflip/0024_000000007.jpg,training/notflip/0024_000000008.jpg,notflip__0024,notflip__0024,notflip,notflip
same_sequence_cross_split,0.983391183857018,1,2,testing/notflip/0038_000000023.jpg,training/notflip/0038_000000024.jpg,notflip__0038,notflip__0038,notflip,notflip
same_sequence_cross_split,0.9833185159040793,1,0,testing/notflip/0027_000000004.jpg,training/notflip/0027_000000003.jpg,notflip__0027,notflip__0027,notflip,notflip
same_sequence_cross_split,0.9833066276381024,2,0,testing/flip/0062_000000003.jpg,training/flip/0062_000000002.jpg,flip__0062,flip__0062,flip,flip
same_sequence_cross_split,0.9832606684635458,1,0,testing/notflip/0048_000000025.jpg,training/notflip/0048_000000023.jpg,notflip__0048,notflip__0048,notflip,notflip
same_sequence_cross_split,0.9832336923836367,2,0,testing/notflip/0027_000000010.jpg,training/notflip/0027_000000012.jpg,notflip__0027,notflip__0027,notflip,notflip
same_sequence_cross_split,0.9830446701533274,2,0,testing/notflip/0002_000000015.jpg,training/notflip/0002_000000014.jpg,notflip__0002,notflip__0002,notflip,notflip
same_sequence_cross_split,0.9827310193174387,3,0,testing/notflip/0055_000000016.jpg,training/notflip/0055_000000015.jpg,notflip__0055,notflip__0055,notflip,notflip
same_sequence_cross_split,0.9827163493385042,0,4,testing/notflip/0035_000000026.jpg,training/notflip/0035_000000028.jpg,notflip__0035,notflip__0035,notflip,notflip
same_sequence_cross_split,0.9827132317485723,1,0,testing/notflip/0026_000000024.jpg,training/notflip/0026_000000023.jpg,notflip__0026,notflip__0026,notflip,notflip
same_sequence_cross_split,0.982693019940818,1,0,testing/notflip/0002_000000006.jpg,training/notflip/0002_000000007.jpg,notflip__0002,notflip__0002,notflip,notflip
same_sequence_cross_split,0.9826696245683314,0,0,testing/notflip/0001_000000002.jpg,training/notflip/0001_000000005.jpg,notflip__0001,notflip__0001,notflip,notflip
same_sequence_cross_split,0.9826692365070928,0,0,testing/notflip/0001_000000004.jpg,training/notflip/0001_000000005.jpg,notflip__0001,notflip__0001,notflip,notflip
same_sequence_cross_split,0.9826458967845018,1,0,testing/notflip/0025_000000021.jpg,training/notflip/0025_000000019.jpg,notflip__0025,notflip__0025,notflip,notflip
same_sequence_cross_split,0.9826188758937003,0,0,testing/notflip/0020_000000019.jpg,training/notflip/0020_000000020.jpg,notflip__0020,notflip__0020,notflip,notflip
same_sequence_cross_split,0.9825979305309869,1,4,testing/notflip/0024_000000002.jpg,training/notflip/0024_000000003.jpg,notflip__0024,notflip__0024,notflip,notflip
same_sequence_cross_split,0.9825900652133156,0,2,testing/notflip/0039_000000022.jpg,training/notflip/0039_000000021.jpg,notflip__0039,notflip__0039,notflip,notflip
same_sequence_cross_split,0.9825733046610946,1,2,testing/notflip/0055_000000016.jpg,training/notflip/0055_000000017.jpg,notflip__0055,notflip__0055,notflip,notflip
same_sequence_cross_split,0.9824784741905064,0,0,testing/notflip/0019_000000027.jpg,training/notflip/0019_000000028.jpg,notflip__0019,notflip__0019,notflip,notflip
same_sequence_cross_split,0.9824580985039857,0,0,testing/notflip/0027_000000004.jpg,training/notflip/0027_000000005.jpg,notflip__0027,notflip__0027,notflip,notflip
same_sequence_cross_split,0.9824258843690978,1,2,testing/flip/0062_000000003.jpg,training/flip/0062_000000004.jpg,flip__0062,flip__0062,flip,flip
same_sequence_cross_split,0.9822898074228147,0,0,testing/notflip/0023_000000029.jpg,training/notflip/0023_000000027.jpg,notflip__0023,notflip__0023,notflip,notflip
same_sequence_cross_split,0.9822339116709163,0,2,testing/notflip/0057_000000023.jpg,training/notflip/0057_000000022.jpg,notflip__0057,notflip__0057,notflip,notflip
same_sequence_cross_split,0.9821528792706135,1,0,testing/notflip/0040_000000018.jpg,training/notflip/0040_000000020.jpg,notflip__0040,notflip__0040,notflip,notflip
same_sequence_cross_split,0.9821258064772154,1,0,testing/notflip/0025_000000021.jpg,training/notflip/0025_000000023.jpg,notflip__0025,notflip__0025,notflip,notflip
same_sequence_cross_split,0.9820855236559124,2,0,testing/notflip/0002_000000015.jpg,training/notflip/0002_000000017.jpg,notflip__0002,notflip__0002,notflip,notflip
same_sequence_cross_split,0.9820427499364973,1,0,testing/notflip/0020_000000010.jpg,training/notflip/0020_000000009.jpg,notflip__0020,notflip__0020,notflip,notflip
same_sequence_cross_split,0.981949220004325,2,0,testing/notflip/0051_000000012.jpg,training/notflip/0051_000000011.jpg,notflip__0051,notflip__0051,notflip,notflip
same_sequence_cross_split,0.981905195596831,0,2,testing/notflip/0027_000000010.jpg,training/notflip/0027_000000008.jpg,notflip__0027,notflip__0027,notflip,notflip
same_sequence_cross_split,0.9817652162937118,0,0,testing/notflip/0058_000000021.jpg,training/notflip/0058_000000023.jpg,notflip__0058,notflip__0058,notflip,notflip
same_sequence_cross_split,0.9817519650738538,3,0,testing/notflip/0042_000000030.jpg,training/notflip/0042_000000029.jpg,notflip__0042,notflip__0042,notflip,notflip
same_sequence_cross_split,0.9816924727471086,3,0,testing/notflip/0037_000000015.jpg,training/notflip/0037_000000017.jpg,notflip__0037,notflip__0037,notflip,notflip
same_sequence_cross_split,0.9815941218766819,1,0,testing/notflip/0043_000000026.jpg,training/notflip/0043_000000025.jpg,notflip__0043,notflip__0043,notflip,notflip
same_sequence_cross_split,0.9815930118682724,1,0,testing/notflip/0053_000000017.jpg,training/notflip/0053_000000018.jpg,notflip__0053,notflip__0053,notflip,notflip
same_sequence_cross_split,0.9814537236865393,1,0,testing/flip/0062_000000006.jpg,training/flip/0062_000000005.jpg,flip__0062,flip__0062,flip,flip
same_sequence_cross_split,0.9814308484657659,0,0,testing/notflip/0019_000000012.jpg,training/notflip/0019_000000013.jpg,notflip__0019,notflip__0019,notflip,notflip
same_sequence_cross_split,0.9813692381374747,4,2,testing/notflip/0026_000000029.jpg,training/notflip/0026_000000028.jpg,notflip__0026,notflip__0026,notflip,notflip
same_sequence_cross_split,0.9812960939255685,2,4,testing/notflip/0035_000000026.jpg,training/notflip/0035_000000029.jpg,notflip__0035,notflip__0035,notflip,notflip
same_sequence_cross_split,0.9812367976244035,0,0,testing/notflip/0040_000000018.jpg,training/notflip/0040_000000021.jpg,notflip__0040,notflip__0040,notflip,notflip
same_sequence_cross_split,0.9812230291005871,1,0,testing/notflip/0024_000000004.jpg,training/notflip/0024_000000005.jpg,notflip__0024,notflip__0024,notflip,notflip
same_sequence_cross_split,0.9811269985541013,2,2,testing/notflip/0025_000000022.jpg,training/notflip/0025_000000024.jpg,notflip__0025,notflip__0025,notflip,notflip
same_sequence_cross_split,0.9811201822844711,1,0,testing/notflip/0030_000000028.jpg,training/notflip/0030_000000030.jpg,notflip__0030,notflip__0030,notflip,notflip
same_sequence_cross_split,0.9810487446620241,0,0,testing/notflip/0058_000000020.jpg,training/notflip/0058_000000019.jpg,notflip__0058,notflip__0058,notflip,notflip
same_sequence_cross_split,0.9810157052972617,0,0,testing/notflip/0023_000000024.jpg,training/notflip/0023_000000025.jpg,notflip__0023,notflip__0023,notflip,notflip
same_sequence_cross_split,0.9810090040294576,1,0,testing/notflip/0036_000000020.jpg,training/notflip/0036_000000022.jpg,notflip__0036,notflip__0036,notflip,notflip
same_sequence_cross_split,0.9809515156390174,1,0,testing/notflip/0037_000000018.jpg,training/notflip/0037_000000017.jpg,notflip__0037,notflip__0037,notflip,notflip
same_sequence_cross_split,0.9809270017537066,1,0,testing/notflip/0056_000000022.jpg,training/notflip/0056_000000023.jpg,notflip__0056,notflip__0056,notflip,notflip
same_sequence_cross_split,0.9808445930076485,1,0,testing/notflip/0003_000000025.jpg,training/notflip/0003_000000027.jpg,notflip__0003,notflip__0003,notflip,notflip
same_sequence_cross_split,0.9807617053179905,0,0,testing/notflip/0002_000000012.jpg,training/notflip/0002_000000014.jpg,notflip__0002,notflip__0002,notflip,notflip
same_sequence_cross_split,0.9806991844634649,1,0,testing/notflip/0025_000000022.jpg,training/notflip/0025_000000019.jpg,notflip__0025,notflip__0025,notflip,notflip
same_sequence_cross_split,0.9806592946918371,1,0,testing/notflip/0028_000000024.jpg,training/notflip/0028_000000023.jpg,notflip__0028,notflip__0028,notflip,notflip
same_sequence_cross_split,0.9806569119434327,1,0,testing/notflip/0002_000000008.jpg,training/notflip/0002_000000010.jpg,notflip__0002,notflip__0002,notflip,notflip
same_sequence_cross_split,0.9805973463447607,1,0,testing/notflip/0005_000000022.jpg,training/notflip/0005_000000021.jpg,notflip__0005,notflip__0005,notflip,notflip
same_sequence_cross_split,0.980389317556896,0,0,testing/notflip/0056_000000027.jpg,training/notflip/0056_000000026.jpg,notflip__0056,notflip__0056,notflip,notflip
same_sequence_cross_split,0.9803195124249731,1,0,testing/notflip/0043_000000024.jpg,training/notflip/0043_000000025.jpg,notflip__0043,notflip__0043,notflip,notflip
same_sequence_cross_split,0.9802310092201204,1,0,testing/notflip/0048_000000015.jpg,training/notflip/0048_000000014.jpg,notflip__0048,notflip__0048,notflip,notflip
same_sequence_cross_split,0.9801267381261107,0,4,testing/notflip/0037_000000010.jpg,training/notflip/0037_000000011.jpg,notflip__0037,notflip__0037,notflip,notflip
same_sequence_cross_split,0.9801151173579769,1,0,testing/notflip/0056_000000013.jpg,training/notflip/0056_000000014.jpg,notflip__0056,notflip__0056,notflip,notflip
same_sequence_cross_split,0.9800749149926425,2,0,testing/notflip/0054_000000023.jpg,training/notflip/0054_000000022.jpg,notflip__0054,notflip__0054,notflip,notflip
same_sequence_cross_split,0.9798498509548482,0,0,testing/notflip/0002_000000026.jpg,training/notflip/0002_000000025.jpg,notflip__0002,notflip__0002,notflip,notflip
same_sequence_cross_split,0.9798432446271603,3,2,testing/notflip/0025_000000025.jpg,training/notflip/0025_000000020.jpg,notflip__0025,notflip__0025,notflip,notflip
same_sequence_cross_split,0.9797530875899046,1,0,testing/notflip/0031_000000017.jpg,training/notflip/0031_000000018.jpg,notflip__0031,notflip__0031,notflip,notflip
same_sequence_cross_split,0.9797356231637985,1,0,testing/notflip/0025_000000018.jpg,training/notflip/0025_000000017.jpg,notflip__0025,notflip__0025,notflip,notflip
same_sequence_cross_split,0.9796427943087922,1,0,testing/notflip/0047_000000025.jpg,training/notflip/0047_000000023.jpg,notflip__0047,notflip__0047,notflip,notflip
same_sequence_cross_split,0.9796027082131397,0,0,testing/notflip/0028_000000024.jpg,training/notflip/0028_000000025.jpg,notflip__0028,notflip__0028,notflip,notflip
same_sequence_cross_split,0.9794701669561697,1,0,testing/notflip/0037_000000028.jpg,training/notflip/0037_000000030.jpg,notflip__0037,notflip__0037,notflip,notflip
same_sequence_cross_split,0.979403551940612,3,0,testing/notflip/0033_000000025.jpg,training/notflip/0033_000000024.jpg,notflip__0033,notflip__0033,notflip,notflip
same_sequence_cross_split,0.9793670398033316,2,2,testing/notflip/0025_000000021.jpg,training/notflip/0025_000000024.jpg,notflip__0025,notflip__0025,notflip,notflip
same_sequence_cross_split,0.9791930937917359,1,0,testing/notflip/0049_000000018.jpg,training/notflip/0049_000000020.jpg,notflip__0049,notflip__0049,notflip,notflip
same_sequence_cross_split,0.9789996375709228,1,0,testing/notflip/0030_000000028.jpg,training/notflip/0030_000000026.jpg,notflip__0030,notflip__0030,notflip,notflip
same_sequence_cross_split,0.9789600795447239,0,0,testing/notflip/0049_000000026.jpg,training/notflip/0049_000000027.jpg,notflip__0049,notflip__0049,notflip,notflip
same_sequence_cross_split,0.9786995711063587,1,0,testing/notflip/0054_000000027.jpg,training/notflip/0054_000000028.jpg,notflip__0054,notflip__0054,notflip,notflip
same_sequence_cross_split,0.9784354489801812,2,0,testing/notflip/0026_000000024.jpg,training/notflip/0026_000000025.jpg,notflip__0026,notflip__0026,notflip,notflip
same_sequence_cross_split,0.9783628700280557,1,2,testing/notflip/0042_000000027.jpg,training/notflip/0042_000000028.jpg,notflip__0042,notflip__0042,notflip,notflip
same_sequence_cross_split,0.9783457301296081,1,0,testing/notflip/0024_000000020.jpg,training/notflip/0024_000000021.jpg,notflip__0024,notflip__0024,notflip,notflip
same_sequence_cross_split,0.97800004391416,1,2,testing/notflip/0054_000000023.jpg,training/notflip/0054_000000025.jpg,notflip__0054,notflip__0054,notflip,notflip
same_sequence_cross_split,0.9779176138721032,1,0,testing/notflip/0006_000000009.jpg,training/notflip/0006_000000008.jpg,notflip__0006,notflip__0006,notflip,notflip
same_sequence_cross_split,0.9778804273711218,3,4,testing/flip/0044_000000007.jpg,training/flip/0044_000000006.jpg,flip__0044,flip__0044,flip,flip
same_sequence_cross_split,0.9778276720878938,0,2,testing/notflip/0025_000000025.jpg,training/notflip/0025_000000027.jpg,notflip__0025,notflip__0025,notflip,notflip
same_sequence_cross_split,0.9777971600401881,2,0,testing/notflip/0030_000000028.jpg,training/notflip/0030_000000029.jpg,notflip__0030,notflip__0030,notflip,notflip
same_sequence_cross_split,0.977750417270106,1,0,testing/notflip/0020_000000019.jpg,training/notflip/0020_000000018.jpg,notflip__0020,notflip__0020,notflip,notflip
same_sequence_cross_split,0.9776903388585384,0,0,testing/notflip/0001_000000009.jpg,training/notflip/0001_000000008.jpg,notflip__0001,notflip__0001,notflip,notflip
same_sequence_cross_split,0.9776077117189997,2,0,testing/notflip/0048_000000026.jpg,training/notflip/0048_000000023.jpg,notflip__0048,notflip__0048,notflip,notflip
same_sequence_cross_split,0.9774238828353686,2,0,testing/notflip/0048_000000025.jpg,training/notflip/0048_000000021.jpg,notflip__0048,notflip__0048,notflip,notflip
same_sequence_cross_split,0.9774230402254869,2,2,testing/notflip/0054_000000020.jpg,training/notflip/0054_000000018.jpg,notflip__0054,notflip__0054,notflip,notflip
same_sequence_cross_split,0.9774097504603765,0,0,testing/notflip/0045_000000026.jpg,training/notflip/0045_000000025.jpg,notflip__0045,notflip__0045,notflip,notflip
same_sequence_cross_split,0.9772830325683182,2,4,testing/notflip/0035_000000026.jpg,training/notflip/0035_000000030.jpg,notflip__0035,notflip__0035,notflip,notflip
same_sequence_cross_split,0.9771929358497115,0,2,testing/notflip/0023_000000020.jpg,training/notflip/0023_000000021.jpg,notflip__0023,notflip__0023,notflip,notflip
same_sequence_cross_split,0.9768892452621526,1,0,testing/flip/0006_000000001.jpg,training/flip/0006_000000002.jpg,flip__0006,flip__0006,flip,flip
same_sequence_cross_split,0.9768437440826305,2,2,testing/notflip/0042_000000027.jpg,training/notflip/0042_000000026.jpg,notflip__0042,notflip__0042,notflip,notflip
same_sequence_cross_split,0.9768037277474791,3,0,testing/notflip/0037_000000014.jpg,training/notflip/0037_000000016.jpg,notflip__0037,notflip__0037,notflip,notflip
same_sequence_cross_split,0.9767306292196808,2,2,testing/notflip/0025_000000022.jpg,training/notflip/0025_000000026.jpg,notflip__0025,notflip__0025,notflip,notflip
same_sequence_cross_split,0.9766490609804317,4,0,testing/notflip/0034_000000025.jpg,training/notflip/0034_000000024.jpg,notflip__0034,notflip__0034,notflip,notflip
same_sequence_cross_split,0.9765029629103346,1,0,testing/notflip/0019_000000024.jpg,training/notflip/0019_000000023.jpg,notflip__0019,notflip__0019,notflip,notflip
same_sequence_cross_split,0.976406270651321,0,0,testing/notflip/0007_000000025.jpg,training/notflip/0007_000000024.jpg,notflip__0007,notflip__0007,notflip,notflip
same_sequence_cross_split,0.9763805511965968,4,2,testing/notflip/0024_000000006.jpg,training/notflip/0024_000000003.jpg,notflip__0024,notflip__0024,notflip,notflip
same_sequence_cross_split,0.9763310493377669,0,2,testing/notflip/0042_000000024.jpg,training/notflip/0042_000000023.jpg,notflip__0042,notflip__0042,notflip,notflip
same_sequence_cross_split,0.9762999368630422,3,4,testing/notflip/0046_000000011.jpg,training/notflip/0046_000000009.jpg,notflip__0046,notflip__0046,notflip,notflip
same_sequence_cross_split,0.9762891314993793,2,2,testing/flip/0044_000000007.jpg,training/flip/0044_000000008.jpg,flip__0044,flip__0044,flip,flip
same_sequence_cross_split,0.9762032217454207,1,0,testing/notflip/0046_000000028.jpg,training/notflip/0046_000000029.jpg,notflip__0046,notflip__0046,notflip,notflip
same_sequence_cross_split,0.9761987007834163,2,0,testing/notflip/0032_000000029.jpg,training/notflip/0032_000000030.jpg,notflip__0032,notflip__0032,notflip,notflip
same_sequence_cross_split,0.9761924868481947,0,0,testing/notflip/0027_000000013.jpg,training/notflip/0027_000000014.jpg,notflip__0027,notflip__0027,notflip,notflip
same_sequence_cross_split,0.9761806180504968,0,2,testing/notflip/0042_000000024.jpg,training/notflip/0042_000000025.jpg,notflip__0042,notflip__0042,notflip,notflip
same_sequence_cross_split,0.9761204379558978,0,2,testing/flip/0062_000000006.jpg,training/flip/0062_000000007.jpg,flip__0062,flip__0062,flip,flip
same_sequence_cross_split,0.9760441890617263,2,2,testing/notflip/0025_000000021.jpg,training/notflip/0025_000000026.jpg,notflip__0025,notflip__0025,notflip,notflip
same_sequence_cross_split,0.9757783458024185,2,0,testing/notflip/0054_000000027.jpg,training/notflip/0054_000000026.jpg,notflip__0054,notflip__0054,notflip,notflip
same_sequence_cross_split,0.9757246254508631,1,0,testing/notflip/0047_000000024.jpg,training/notflip/0047_000000022.jpg,notflip__0047,notflip__0047,notflip,notflip
same_sequence_cross_split,0.9756833560141471,2,0,testing/notflip/0016_000000020.jpg,training/notflip/0016_000000018.jpg,notflip__0016,notflip__0016,notflip,notflip
same_sequence_cross_split,0.9756422875518076,1,0,testing/notflip/0051_000000012.jpg,training/notflip/0051_000000010.jpg,notflip__0051,notflip__0051,notflip,notflip
same_sequence_cross_split,0.975595689396952,1,2,testing/notflip/0044_000000014.jpg,training/notflip/0044_000000016.jpg,notflip__0044,notflip__0044,notflip,notflip
same_sequence_cross_split,0.9755915252479349,3,0,testing/notflip/0033_000000025.jpg,training/notflip/0033_000000030.jpg,notflip__0033,notflip__0033,notflip,notflip
same_sequence_cross_split,0.9754909731234938,3,2,testing/notflip/0033_000000019.jpg,training/notflip/0033_000000021.jpg,notflip__0033,notflip__0033,notflip,notflip
same_sequence_cross_split,0.975353403957208,2,0,testing/notflip/0027_000000013.jpg,training/notflip/0027_000000011.jpg,notflip__0027,notflip__0027,notflip,notflip
same_sequence_cross_split,0.9752865822105917,1,2,testing/notflip/0030_000000028.jpg,training/notflip/0030_000000025.jpg,notflip__0030,notflip__0030,notflip,notflip
same_sequence_cross_split,0.9752847024642046,2,0,testing/notflip/0044_000000014.jpg,training/notflip/0044_000000015.jpg,notflip__0044,notflip__0044,notflip,notflip
same_sequence_cross_split,0.9752698760375709,0,2,testing/notflip/0021_000000026.jpg,training/notflip/0021_000000023.jpg,notflip__0021,notflip__0021,notflip,notflip
same_sequence_cross_split,0.9752625716219129,3,2,testing/flip/0062_000000003.jpg,training/flip/0062_000000001.jpg,flip__0062,flip__0062,flip,flip
same_sequence_cross_split,0.9751174884975834,0,0,testing/notflip/0009_000000017.jpg,training/notflip/0009_000000016.jpg,notflip__0009,notflip__0009,notflip,notflip
same_sequence_cross_split,0.9750887632495859,1,2,testing/notflip/0029_000000025.jpg,training/notflip/0029_000000029.jpg,notflip__0029,notflip__0029,notflip,notflip
same_sequence_cross_split,0.9750632761585465,2,4,testing/notflip/0035_000000026.jpg,training/notflip/0035_000000031.jpg,notflip__0035,notflip__0035,notflip,notflip
same_sequence_cross_split,0.9749608210851957,1,4,testing/notflip/0023_000000020.jpg,training/notflip/0023_000000022.jpg,notflip__0023,notflip__0023,notflip,notflip
same_sequence_cross_split,0.974960249601995,2,0,testing/notflip/0004_000000004.jpg,training/notflip/0004_000000003.jpg,notflip__0004,notflip__0004,notflip,notflip
same_sequence_cross_split,0.9749006497104215,2,0,testing/notflip/0002_000000015.jpg,training/notflip/0002_000000013.jpg,notflip__0002,notflip__0002,notflip,notflip
same_sequence_cross_split,0.9748239042351975,0,2,testing/notflip/0054_000000027.jpg,training/notflip/0054_000000024.jpg,notflip__0054,notflip__0054,notflip,notflip
same_sequence_cross_split,0.9748024943328071,1,2,testing/flip/0042_000000004.jpg,training/flip/0042_000000005.jpg,flip__0042,flip__0042,flip,flip
same_sequence_cross_split,0.9747769729291947,0,0,testing/notflip/0006_000000015.jpg,training/notflip/0006_000000014.jpg,notflip__0006,notflip__0006,notflip,notflip
same_sequence_cross_split,0.974753760372298,1,2,testing/notflip/0009_000000012.jpg,training/notflip/0009_000000011.jpg,notflip__0009,notflip__0009,notflip,notflip
same_sequence_cross_split,0.9747531049728961,0,2,testing/notflip/0033_000000015.jpg,training/notflip/0033_000000016.jpg,notflip__0033,notflip__0033,notflip,notflip
same_sequence_cross_split,0.9746146049526294,3,0,testing/flip/0006_000000001.jpg,training/flip/0006_000000003.jpg,flip__0006,flip__0006,flip,flip
same_sequence_cross_split,0.9743096102608497,1,2,testing/notflip/0029_000000025.jpg,training/notflip/0029_000000030.jpg,notflip__0029,notflip__0029,notflip,notflip
same_sequence_cross_split,0.9742235993544727,1,0,testing/flip/0007_000000008.jpg,training/flip/0007_000000007.jpg,flip__0007,flip__0007,flip,flip
same_sequence_cross_split,0.9742205639035559,1,0,testing/notflip/0025_000000018.jpg,training/notflip/0025_000000019.jpg,notflip__0025,notflip__0025,notflip,notflip
same_sequence_cross_split,0.974206455691567,2,2,testing/flip/0003_000000008.jpg,training/flip/0003_000000009.jpg,flip__0003,flip__0003,flip,flip
same_sequence_cross_split,0.9741932352468019,1,2,testing/notflip/0024_000000002.jpg,training/notflip/0024_000000001.jpg,notflip__0024,notflip__0024,notflip,notflip
same_sequence_cross_split,0.9738687994519569,0,0,testing/notflip/0019_000000012.jpg,training/notflip/0019_000000010.jpg,notflip__0019,notflip__0019,notflip,notflip
same_sequence_cross_split,0.9737854127363927,1,2,testing/notflip/0023_000000024.jpg,training/notflip/0023_000000023.jpg,notflip__0023,notflip__0023,notflip,notflip
same_sequence_cross_split,0.9737749861232434,2,0,testing/notflip/0049_000000026.jpg,training/notflip/0049_000000025.jpg,notflip__0049,notflip__0049,notflip,notflip
same_sequence_cross_split,0.9737614913840495,1,0,testing/notflip/0019_000000012.jpg,training/notflip/0019_000000019.jpg,notflip__0019,notflip__0019,notflip,notflip
same_sequence_cross_split,0.9737548313474028,0,0,testing/notflip/0020_000000016.jpg,training/notflip/0020_000000018.jpg,notflip__0020,notflip__0020,notflip,notflip
same_sequence_cross_split,0.9736227910422014,0,0,testing/notflip/0046_000000003.jpg,training/notflip/0046_000000004.jpg,notflip__0046,notflip__0046,notflip,notflip
same_sequence_cross_split,0.973526399330669,0,2,testing/notflip/0041_000000028.jpg,training/notflip/0041_000000026.jpg,notflip__0041,notflip__0041,notflip,notflip
same_sequence_cross_split,0.9733946487841306,2,0,testing/notflip/0037_000000025.jpg,training/notflip/0037_000000024.jpg,notflip__0037,notflip__0037,notflip,notflip
same_sequence_cross_split,0.9733616504049794,1,0,testing/notflip/0049_000000028.jpg,training/notflip/0049_000000027.jpg,notflip__0049,notflip__0049,notflip,notflip
same_sequence_cross_split,0.9733466428540306,1,0,testing/notflip/0033_000000025.jpg,training/notflip/0033_000000029.jpg,notflip__0033,notflip__0033,notflip,notflip
same_sequence_cross_split,0.973288358506283,2,0,testing/notflip/0051_000000012.jpg,training/notflip/0051_000000009.jpg,notflip__0051,notflip__0051,notflip,notflip
same_sequence_cross_split,0.9731889714263089,0,2,testing/notflip/0036_000000025.jpg,training/notflip/0036_000000023.jpg,notflip__0036,notflip__0036,notflip,notflip
same_sequence_cross_split,0.973185680436508,0,0,testing/notflip/0041_000000006.jpg,training/notflip/0041_000000005.jpg,notflip__0041,notflip__0041,notflip,notflip
same_sequence_cross_split,0.9730976144140668,3,2,testing/flip/0044_000000003.jpg,training/flip/0044_000000004.jpg,flip__0044,flip__0044,flip,flip
same_sequence_cross_split,0.9729883240547246,0,0,testing/notflip/0002_000000003.jpg,training/notflip/0002_000000004.jpg,notflip__0002,notflip__0002,notflip,notflip
same_sequence_cross_split,0.9728930907175567,1,0,testing/notflip/0034_000000030.jpg,training/notflip/0034_000000029.jpg,notflip__0034,notflip__0034,notflip,notflip
same_sequence_cross_split,0.9728186366321454,1,2,testing/flip/0007_000000008.jpg,training/flip/0007_000000009.jpg,flip__0007,flip__0007,flip,flip
same_sequence_cross_split,0.9727022226440049,1,2,testing/notflip/0038_000000022.jpg,training/notflip/0038_000000024.jpg,notflip__0038,notflip__0038,notflip,notflip
same_sequence_cross_split,0.9726751083988997,1,2,testing/flip/0060_000000004.jpg,training/flip/0060_000000003.jpg,flip__0060,flip__0060,flip,flip
same_sequence_cross_split,0.9726683460128573,2,2,testing/notflip/0035_000000016.jpg,training/notflip/0035_000000017.jpg,notflip__0035,notflip__0035,notflip,notflip
same_sequence_cross_split,0.9726628948387067,1,2,testing/flip/0058_000000006.jpg,training/flip/0058_000000007.jpg,flip__0058,flip__0058,flip,flip
same_sequence_cross_split,0.9726586931659892,0,0,testing/notflip/0019_000000012.jpg,training/notflip/0019_000000011.jpg,notflip__0019,notflip__0019,notflip,notflip
same_sequence_cross_split,0.9726441684606224,1,0,testing/notflip/0056_000000024.jpg,training/notflip/0056_000000023.jpg,notflip__0056,notflip__0056,notflip,notflip
same_sequence_cross_split,0.9724475860877474,3,0,testing/notflip/0048_000000026.jpg,training/notflip/0048_000000024.jpg,notflip__0048,notflip__0048,notflip,notflip
same_sequence_cross_split,0.9722123415856844,4,0,testing/notflip/0040_000000018.jpg,training/notflip/0040_000000022.jpg,notflip__0040,notflip__0040,notflip,notflip
same_sequence_cross_split,0.9722093553003869,1,0,testing/notflip/0030_000000024.jpg,training/notflip/0030_000000021.jpg,notflip__0030,notflip__0030,notflip,notflip
same_sequence_cross_split,0.9721599703583317,2,2,testing/notflip/0055_000000016.jpg,training/notflip/0055_000000014.jpg,notflip__0055,notflip__0055,notflip,notflip
same_sequence_cross_split,0.9720826533874288,0,0,testing/notflip/0009_000000012.jpg,training/notflip/0009_000000013.jpg,notflip__0009,notflip__0009,notflip,notflip
same_sequence_cross_split,0.971939438503577,0,2,testing/notflip/0039_000000022.jpg,training/notflip/0039_000000023.jpg,notflip__0039,notflip__0039,notflip,notflip
same_sequence_cross_split,0.9719118769814252,1,0,testing/notflip/0054_000000027.jpg,training/notflip/0054_000000025.jpg,notflip__0054,notflip__0054,notflip,notflip
same_sequence_cross_split,0.9719106904138984,1,2,testing/notflip/0041_000000015.jpg,training/notflip/0041_000000016.jpg,notflip__0041,notflip__0041,notflip,notflip
same_sequence_cross_split,0.9717800992069169,1,2,testing/notflip/0004_000000004.jpg,training/notflip/0004_000000005.jpg,notflip__0004,notflip__0004,notflip,notflip
same_sequence_cross_split,0.9717737811442398,3,0,testing/flip/0038_000000026.jpg,training/flip/0038_000000025.jpg,flip__0038,flip__0038,flip,flip
same_sequence_cross_split,0.9717619843097943,2,2,testing/notflip/0041_000000014.jpg,training/notflip/0041_000000013.jpg,notflip__0041,notflip__0041,notflip,notflip
same_sequence_cross_split,0.9716575429420418,2,4,testing/flip/0042_000000006.jpg,training/flip/0042_000000005.jpg,flip__0042,flip__0042,flip,flip
same_sequence_cross_split,0.9716486623927245,0,0,testing/notflip/0006_000000016.jpg,training/notflip/0006_000000017.jpg,notflip__0006,notflip__0006,notflip,notflip
same_sequence_cross_split,0.9715404455623844,0,0,testing/notflip/0058_000000020.jpg,training/notflip/0058_000000017.jpg,notflip__0058,notflip__0058,notflip,notflip
same_sequence_cross_split,0.9714916809732758,1,2,testing/notflip/0020_000000016.jpg,training/notflip/0020_000000014.jpg,notflip__0020,notflip__0020,notflip,notflip
same_sequence_cross_split,0.9713100241989288,1,0,testing/notflip/0049_000000018.jpg,training/notflip/0049_000000021.jpg,notflip__0049,notflip__0049,notflip,notflip
same_sequence_cross_split,0.9711784186246121,0,0,testing/flip/0056_000000016.jpg,training/flip/0056_000000015.jpg,flip__0056,flip__0056,flip,flip
same_sequence_cross_split,0.9711064688059182,0,0,testing/notflip/0037_000000025.jpg,training/notflip/0037_000000027.jpg,notflip__0037,notflip__0037,notflip,notflip
same_sequence_cross_split,0.9710837126605597,4,2,testing/notflip/0033_000000015.jpg,training/notflip/0033_000000014.jpg,notflip__0033,notflip__0033,notflip,notflip
same_sequence_cross_split,0.9708338100724978,3,2,testing/flip/0044_000000007.jpg,training/flip/0044_000000005.jpg,flip__0044,flip__0044,flip,flip
same_sequence_cross_split,0.9707844446070566,0,0,testing/notflip/0056_000000022.jpg,training/notflip/0056_000000020.jpg,notflip__0056,notflip__0056,notflip,notflip
same_sequence_cross_split,0.9707495803165723,3,0,testing/notflip/0026_000000024.jpg,training/notflip/0026_000000027.jpg,notflip__0026,notflip__0026,notflip,notflip
same_sequence_cross_split,0.9706135296572732,0,0,testing/notflip/0049_000000011.jpg,training/notflip/0049_000000010.jpg,notflip__0049,notflip__0049,notflip,notflip
same_sequence_cross_split,0.9705714840511532,1,0,testing/notflip/0047_000000025.jpg,training/notflip/0047_000000022.jpg,notflip__0047,notflip__0047,notflip,notflip
same_sequence_cross_split,0.9705361038490233,2,0,testing/notflip/0028_000000004.jpg,training/notflip/0028_000000005.jpg,notflip__0028,notflip__0028,notflip,notflip
same_sequence_cross_split,0.9705201786578911,2,0,testing/notflip/0031_000000015.jpg,training/notflip/0031_000000014.jpg,notflip__0031,notflip__0031,notflip,notflip
same_sequence_cross_split,0.970497209361367,1,2,testing/notflip/0035_000000026.jpg,training/notflip/0035_000000024.jpg,notflip__0035,notflip__0035,notflip,notflip
same_sequence_cross_split,0.9702361856997144,1,2,testing/notflip/0002_000000003.jpg,training/notflip/0002_000000001.jpg,notflip__0002,notflip__0002,notflip,notflip
same_sequence_cross_split,0.9701906157067357,0,0,testing/notflip/0058_000000020.jpg,training/notflip/0058_000000016.jpg,notflip__0058,notflip__0058,notflip,notflip
same_sequence_cross_split,0.97015080160736,0,0,testing/notflip/0024_000000025.jpg,training/notflip/0024_000000026.jpg,notflip__0024,notflip__0024,notflip,notflip
same_sequence_cross_split,0.9700894996740195,2,2,testing/flip/0062_000000006.jpg,training/flip/0062_000000004.jpg,flip__0062,flip__0062,flip,flip
same_sequence_cross_split,0.9700389948803819,2,0,testing/notflip/0027_000000004.jpg,training/notflip/0027_000000006.jpg,notflip__0027,notflip__0027,notflip,notflip
same_sequence_cross_split,0.9699981172203128,2,2,testing/flip/0042_000000002.jpg,training/flip/0042_000000001.jpg,flip__0042,flip__0042,flip,flip
same_sequence_cross_split,0.9699866089588721,2,0,testing/notflip/0027_000000004.jpg,training/notflip/0027_000000002.jpg,notflip__0027,notflip__0027,notflip,notflip
same_sequence_cross_split,0.9699274856554654,2,2,testing/notflip/0042_000000021.jpg,training/notflip/0042_000000020.jpg,notflip__0042,notflip__0042,notflip,notflip
same_sequence_cross_split,0.9698677666123199,2,0,testing/notflip/0027_000000004.jpg,training/notflip/0027_000000007.jpg,notflip__0027,notflip__0027,notflip,notflip
same_sequence_cross_split,0.9697670537730437,2,2,testing/notflip/0027_000000001.jpg,training/notflip/0027_000000003.jpg,notflip__0027,notflip__0027,notflip,notflip
same_sequence_cross_split,0.9696561111888443,1,0,testing/notflip/0043_000000026.jpg,training/notflip/0043_000000027.jpg,notflip__0043,notflip__0043,notflip,notflip
same_sequence_cross_split,0.9695981303140143,3,0,testing/notflip/0026_000000024.jpg,training/notflip/0026_000000026.jpg,notflip__0026,notflip__0026,notflip,notflip
same_sequence_cross_split,0.9695013262999528,0,0,testing/notflip/0058_000000018.jpg,training/notflip/0058_000000016.jpg,notflip__0058,notflip__0058,notflip,notflip
same_sequence_cross_split,0.9694556023591112,2,2,testing/notflip/0054_000000020.jpg,training/notflip/0054_000000017.jpg,notflip__0054,notflip__0054,notflip,notflip
same_sequence_cross_split,0.969454560189066,1,0,testing/notflip/0047_000000024.jpg,training/notflip/0047_000000027.jpg,notflip__0047,notflip__0047,notflip,notflip
same_sequence_cross_split,0.9694016737696052,2,4,testing/notflip/0025_000000022.jpg,training/notflip/0025_000000027.jpg,notflip__0025,notflip__0025,notflip,notflip
same_sequence_cross_split,0.9693459824639622,1,2,testing/notflip/0029_000000025.jpg,training/notflip/0029_000000028.jpg,notflip__0029,notflip__0029,notflip,notflip
same_sequence_cross_split,0.9693392524017095,0,2,testing/flip/0058_000000006.jpg,training/flip/0058_000000005.jpg,flip__0058,flip__0058,flip,flip
same_sequence_cross_split,0.9692587623263026,1,0,testing/notflip/0024_000000006.jpg,training/notflip/0024_000000008.jpg,notflip__0024,notflip__0024,notflip,notflip
same_sequence_cross_split,0.9691699449793958,2,2,testing/flip/0062_000000003.jpg,training/flip/0062_000000005.jpg,flip__0062,flip__0062,flip,flip
same_sequence_cross_split,0.96905318878199,0,0,testing/notflip/0001_000000024.jpg,training/notflip/0001_000000025.jpg,notflip__0001,notflip__0001,notflip,notflip
same_sequence_cross_split,0.9689985605182388,1,2,testing/notflip/0037_000000010.jpg,training/notflip/0037_000000009.jpg,notflip__0037,notflip__0037,notflip,notflip
same_sequence_cross_split,0.9688542494544324,0,0,testing/notflip/0037_000000014.jpg,training/notflip/0037_000000013.jpg,notflip__0037,notflip__0037,notflip,notflip
same_sequence_cross_split,0.9687749079965485,4,0,testing/notflip/0004_000000029.jpg,training/notflip/0004_000000031.jpg,notflip__0004,notflip__0004,notflip,notflip
same_sequence_cross_split,0.968758539825307,0,0,testing/notflip/0023_000000030.jpg,training/notflip/0023_000000028.jpg,notflip__0023,notflip__0023,notflip,notflip
same_sequence_cross_split,0.9686733588433907,2,2,testing/notflip/0054_000000023.jpg,training/notflip/0054_000000026.jpg,notflip__0054,notflip__0054,notflip,notflip
same_sequence_cross_split,0.9686444449263705,2,4,testing/notflip/0025_000000021.jpg,training/notflip/0025_000000027.jpg,notflip__0025,notflip__0025,notflip,notflip
same_sequence_cross_split,0.968623502606379,2,0,testing/notflip/0004_000000029.jpg,training/notflip/0004_000000030.jpg,notflip__0004,notflip__0004,notflip,notflip
same_sequence_cross_split,0.968598746669874,4,2,testing/notflip/0024_000000007.jpg,training/notflip/0024_000000003.jpg,notflip__0024,notflip__0024,notflip,notflip
same_sequence_cross_split,0.9685586102317276,2,2,testing/flip/0060_000000006.jpg,training/flip/0060_000000007.jpg,flip__0060,flip__0060,flip,flip
same_sequence_cross_split,0.9685131585563828,0,0,testing/notflip/0003_000000018.jpg,training/notflip/0003_000000017.jpg,notflip__0003,notflip__0003,notflip,notflip
same_sequence_cross_split,0.9684896342926445,2,2,testing/notflip/0044_000000014.jpg,training/notflip/0044_000000017.jpg,notflip__0044,notflip__0044,notflip,notflip
same_sequence_cross_split,0.9682682917886035,4,0,testing/notflip/0040_000000018.jpg,training/notflip/0040_000000024.jpg,notflip__0040,notflip__0040,notflip,notflip
same_sequence_cross_split,0.9680259792053724,0,2,testing/notflip/0002_000000027.jpg,training/notflip/0002_000000029.jpg,notflip__0002,notflip__0002,notflip,notflip
same_sequence_cross_split,0.967989527999164,0,0,testing/notflip/0058_000000025.jpg,training/notflip/0058_000000023.jpg,notflip__0058,notflip__0058,notflip,notflip
same_sequence_cross_split,0.9679506874849575,1,0,testing/notflip/0051_000000012.jpg,training/notflip/0051_000000013.jpg,notflip__0051,notflip__0051,notflip,notflip
same_sequence_cross_split,0.9679418350531934,1,2,testing/notflip/0038_000000023.jpg,training/notflip/0038_000000025.jpg,notflip__0038,notflip__0038,notflip,notflip
same_sequence_cross_split,0.9678680483617795,1,0,testing/notflip/0020_000000004.jpg,training/notflip/0020_000000002.jpg,notflip__0020,notflip__0020,notflip,notflip
same_sequence_cross_split,0.9677314199568493,0,0,testing/notflip/0021_000000024.jpg,training/notflip/0021_000000022.jpg,notflip__0021,notflip__0021,notflip,notflip
same_sequence_cross_split,0.9676759468115437,0,0,testing/notflip/0029_000000019.jpg,training/notflip/0029_000000020.jpg,notflip__0029,notflip__0029,notflip,notflip
same_sequence_cross_split,0.9676460654391078,1,0,testing/notflip/0024_000000019.jpg,training/notflip/0024_000000018.jpg,notflip__0024,notflip__0024,notflip,notflip
same_sequence_cross_split,0.9676047242234932,3,0,testing/notflip/0031_000000019.jpg,training/notflip/0031_000000021.jpg,notflip__0031,notflip__0031,notflip,notflip
same_sequence_cross_split,0.9675686170091774,1,0,testing/notflip/0053_000000017.jpg,training/notflip/0053_000000019.jpg,notflip__0053,notflip__0053,notflip,notflip
same_sequence_cross_split,0.9675530755140496,1,0,testing/notflip/0041_000000028.jpg,training/notflip/0041_000000024.jpg,notflip__0041,notflip__0041,notflip,notflip
same_sequence_cross_split,0.9674475324302725,0,2,testing/notflip/0046_000000012.jpg,training/notflip/0046_000000013.jpg,notflip__0046,notflip__0046,notflip,notflip
same_sequence_cross_split,0.9673620510552526,2,0,testing/notflip/0027_000000013.jpg,training/notflip/0027_000000009.jpg,notflip__0027,notflip__0027,notflip,notflip
same_sequence_cross_split,0.9672175694956655,2,0,testing/notflip/0056_000000013.jpg,training/notflip/0056_000000012.jpg,notflip__0056,notflip__0056,notflip,notflip
same_sequence_cross_split,0.9671272177464486,3,0,testing/notflip/0040_000000018.jpg,training/notflip/0040_000000023.jpg,notflip__0040,notflip__0040,notflip,notflip
same_sequence_cross_split,0.9670558198482401,1,4,testing/notflip/0004_000000023.jpg,training/notflip/0004_000000022.jpg,notflip__0004,notflip__0004,notflip,notflip
same_sequence_cross_split,0.9670465359552735,0,2,testing/flip/0053_000000008.jpg,training/flip/0053_000000007.jpg,flip__0053,flip__0053,flip,flip
same_sequence_cross_split,0.9669690025739128,1,2,testing/notflip/0020_000000010.jpg,training/notflip/0020_000000012.jpg,notflip__0020,notflip__0020,notflip,notflip
same_sequence_cross_split,0.9668495811975886,3,0,testing/notflip/0036_000000025.jpg,training/notflip/0036_000000029.jpg,notflip__0036,notflip__0036,notflip,notflip
same_sequence_cross_split,0.966794838085659,1,2,testing/notflip/0048_000000015.jpg,training/notflip/0048_000000016.jpg,notflip__0048,notflip__0048,notflip,notflip
same_sequence_cross_split,0.9667378370317116,0,2,testing/flip/0006_000000008.jpg,training/flip/0006_000000007.jpg,flip__0006,flip__0006,flip,flip
same_sequence_cross_split,0.9666365343801615,0,2,testing/notflip/0058_000000013.jpg,training/notflip/0058_000000014.jpg,notflip__0058,notflip__0058,notflip,notflip
same_sequence_cross_split,0.9666034907893142,0,0,testing/notflip/0009_000000017.jpg,training/notflip/0009_000000018.jpg,notflip__0009,notflip__0009,notflip,notflip
same_sequence_cross_split,0.9665956932475397,1,0,testing/notflip/0036_000000020.jpg,training/notflip/0036_000000023.jpg,notflip__0036,notflip__0036,notflip,notflip
same_sequence_cross_split,0.966464281912473,0,0,testing/flip/0038_000000026.jpg,training/flip/0038_000000027.jpg,flip__0038,flip__0038,flip,flip
same_sequence_cross_split,0.9664390379421172,0,0,testing/notflip/0023_000000030.jpg,training/notflip/0023_000000027.jpg,notflip__0023,notflip__0023,notflip,notflip
same_sequence_cross_split,0.9663560385928829,2,0,testing/notflip/0002_000000006.jpg,training/notflip/0002_000000009.jpg,notflip__0002,notflip__0002,notflip,notflip
same_sequence_cross_split,0.9663207097915073,0,2,testing/notflip/0009_000000015.jpg,training/notflip/0009_000000016.jpg,notflip__0009,notflip__0009,notflip,notflip
same_sequence_cross_split,0.966265527025123,0,4,testing/notflip/0037_000000010.jpg,training/notflip/0037_000000012.jpg,notflip__0037,notflip__0037,notflip,notflip
same_sequence_cross_split,0.9662498643097885,1,0,testing/notflip/0032_000000029.jpg,training/notflip/0032_000000028.jpg,notflip__0032,notflip__0032,notflip,notflip
same_sequence_cross_split,0.9662407754086207,1,0,testing/notflip/0044_000000027.jpg,training/notflip/0044_000000029.jpg,notflip__0044,notflip__0044,notflip,notflip
same_sequence_cross_split,0.9661365912825013,1,0,testing/notflip/0049_000000018.jpg,training/notflip/0049_000000015.jpg,notflip__0049,notflip__0049,notflip,notflip
same_sequence_cross_split,0.9661284643624154,0,2,testing/notflip/0048_000000015.jpg,training/notflip/0048_000000018.jpg,notflip__0048,notflip__0048,notflip,notflip
same_sequence_cross_split,0.9660816391568111,1,0,testing/notflip/0048_000000015.jpg,training/notflip/0048_000000013.jpg,notflip__0048,notflip__0048,notflip,notflip
same_sequence_cross_split,0.9660344648104578,1,0,testing/notflip/0041_000000028.jpg,training/notflip/0041_000000025.jpg,notflip__0041,notflip__0041,notflip,notflip
same_sequence_cross_split,0.965969618334779,2,0,testing/notflip/0028_000000004.jpg,training/notflip/0028_000000003.jpg,notflip__0028,notflip__0028,notflip,notflip
same_sequence_cross_split,0.9658570526893301,2,0,testing/notflip/0056_000000011.jpg,training/notflip/0056_000000012.jpg,notflip__0056,notflip__0056,notflip,notflip
same_sequence_cross_split,0.9658055950401818,4,0,testing/notflip/0048_000000025.jpg,training/notflip/0048_000000019.jpg,notflip__0048,notflip__0048,notflip,notflip
same_sequence_cross_split,0.9658029410538264,2,2,testing/flip/0042_000000004.jpg,training/flip/0042_000000003.jpg,flip__0042,flip__0042,flip,flip
same_sequence_cross_split,0.9656819261349248,3,2,testing/notflip/0033_000000027.jpg,training/notflip/0033_000000030.jpg,notflip__0033,notflip__0033,notflip,notflip
same_sequence_cross_split,0.9656487788475013,2,0,testing/flip/0006_000000001.jpg,training/flip/0006_000000004.jpg,flip__0006,flip__0006,flip,flip
same_sequence_cross_split,0.9655720438960607,1,0,testing/notflip/0041_000000028.jpg,training/notflip/0041_000000030.jpg,notflip__0041,notflip__0041,notflip,notflip
same_sequence_cross_split,0.9654872220715877,1,0,testing/flip/0006_000000008.jpg,training/flip/0006_000000009.jpg,flip__0006,flip__0006,flip,flip
same_sequence_cross_split,0.9653852075489643,0,2,testing/notflip/0039_000000026.jpg,training/notflip/0039_000000027.jpg,notflip__0039,notflip__0039,notflip,notflip
same_sequence_cross_split,0.965374633683264,0,0,testing/notflip/0058_000000025.jpg,training/notflip/0058_000000022.jpg,notflip__0058,notflip__0058,notflip,notflip
same_sequence_cross_split,0.9653598016302267,4,0,testing/notflip/0048_000000026.jpg,training/notflip/0048_000000018.jpg,notflip__0048,notflip__0048,notflip,notflip
same_sequence_cross_split,0.9653470887776708,0,0,testing/notflip/0056_000000027.jpg,training/notflip/0056_000000025.jpg,notflip__0056,notflip__0056,notflip,notflip
same_sequence_cross_split,0.9651065894655291,2,0,testing/flip/0006_000000006.jpg,training/flip/0006_000000005.jpg,flip__0006,flip__0006,flip,flip
same_sequence_cross_split,0.9650954736642547,1,0,testing/notflip/0041_000000022.jpg,training/notflip/0041_000000024.jpg,notflip__0041,notflip__0041,notflip,notflip
same_sequence_cross_split,0.9650009957858297,2,0,testing/flip/0042_000000006.jpg,training/flip/0042_000000007.jpg,flip__0042,flip__0042,flip,flip
same_sequence_cross_split,0.964980960081053,1,0,testing/notflip/0037_000000018.jpg,training/notflip/0037_000000020.jpg,notflip__0037,notflip__0037,notflip,notflip
same_sequence_cross_split,0.9649732828552341,0,0,testing/notflip/0009_000000015.jpg,training/notflip/0009_000000014.jpg,notflip__0009,notflip__0009,notflip,notflip
same_sequence_cross_split,0.9648962982833914,2,0,testing/notflip/0051_000000025.jpg,training/notflip/0051_000000026.jpg,notflip__0051,notflip__0051,notflip,notflip
same_sequence_cross_split,0.9648400049282696,2,0,testing/notflip/0034_000000017.jpg,training/notflip/0034_000000016.jpg,notflip__0034,notflip__0034,notflip,notflip
same_sequence_cross_split,0.9648042378308387,0,2,testing/notflip/0057_000000023.jpg,training/notflip/0057_000000021.jpg,notflip__0057,notflip__0057,notflip,notflip
same_sequence_cross_split,0.9645798381987121,1,0,testing/notflip/0042_000000021.jpg,training/notflip/0042_000000022.jpg,notflip__0042,notflip__0042,notflip,notflip
same_sequence_cross_split,0.9644614278119539,1,2,testing/flip/0042_000000011.jpg,training/flip/0042_000000010.jpg,flip__0042,flip__0042,flip,flip
same_sequence_cross_split,0.9643146158660804,1,2,testing/notflip/0036_000000028.jpg,training/notflip/0036_000000024.jpg,notflip__0036,notflip__0036,notflip,notflip
same_sequence_cross_split,0.9643060879758126,1,2,testing/notflip/0042_000000024.jpg,training/notflip/0042_000000022.jpg,notflip__0042,notflip__0042,notflip,notflip
same_sequence_cross_split,0.964267139366856,2,0,testing/notflip/0020_000000010.jpg,training/notflip/0020_000000007.jpg,notflip__0020,notflip__0020,notflip,notflip
same_sequence_cross_split,0.9642284044677628,3,0,testing/flip/0006_000000006.jpg,training/flip/0006_000000007.jpg,flip__0006,flip__0006,flip,flip
same_sequence_cross_split,0.9641871907694639,1,0,testing/notflip/0047_000000025.jpg,training/notflip/0047_000000027.jpg,notflip__0047,notflip__0047,notflip,notflip
same_sequence_cross_split,0.96418381536057,1,2,testing/notflip/0029_000000025.jpg,training/notflip/0029_000000024.jpg,notflip__0029,notflip__0029,notflip,notflip
same_sequence_cross_split,0.9641686476279657,2,0,testing/notflip/0048_000000015.jpg,training/notflip/0048_000000012.jpg,notflip__0048,notflip__0048,notflip,notflip
same_sequence_cross_split,0.9641412646346214,0,0,testing/notflip/0036_000000020.jpg,training/notflip/0036_000000018.jpg,notflip__0036,notflip__0036,notflip,notflip
same_sequence_cross_split,0.9640957682554935,1,0,testing/notflip/0052_000000029.jpg,training/notflip/0052_000000028.jpg,notflip__0052,notflip__0052,notflip,notflip
same_sequence_cross_split,0.9640531736264832,0,2,testing/notflip/0041_000000034.jpg,training/notflip/0041_000000032.jpg,notflip__0041,notflip__0041,notflip,notflip
same_sequence_cross_split,0.9639738521530888,0,0,testing/notflip/0049_000000022.jpg,training/notflip/0049_000000020.jpg,notflip__0049,notflip__0049,notflip,notflip
same_sequence_cross_split,0.9639543428336219,2,0,testing/notflip/0054_000000020.jpg,training/notflip/0054_000000022.jpg,notflip__0054,notflip__0054,notflip,notflip
same_sequence_cross_split,0.9639377659883036,1,2,testing/notflip/0033_000000019.jpg,training/notflip/0033_000000017.jpg,notflip__0033,notflip__0033,notflip,notflip
same_sequence_cross_split,0.9638591847706631,0,0,testing/notflip/0002_000000026.jpg,training/notflip/0002_000000024.jpg,notflip__0002,notflip__0002,notflip,notflip
same_sequence_cross_split,0.9637179606365368,1,0,testing/notflip/0053_000000016.jpg,training/notflip/0053_000000015.jpg,notflip__0053,notflip__0053,notflip,notflip
same_sequence_cross_split,0.9635975574567966,1,0,testing/notflip/0037_000000019.jpg,training/notflip/0037_000000021.jpg,notflip__0037,notflip__0037,notflip,notflip
same_sequence_cross_split,0.9635878254972927,0,0,testing/notflip/0053_000000025.jpg,training/notflip/0053_000000030.jpg,notflip__0053,notflip__0053,notflip,notflip
same_sequence_cross_split,0.9635091526018373,2,4,testing/notflip/0025_000000022.jpg,training/notflip/0025_000000028.jpg,notflip__0025,notflip__0025,notflip,notflip
same_sequence_cross_split,0.9634994750772881,2,2,testing/flip/0044_000000007.jpg,training/flip/0044_000000009.jpg,flip__0044,flip__0044,flip,flip
same_sequence_cross_split,0.9633392986337628,0,0,testing/notflip/0011_000000027.jpg,training/notflip/0011_000000026.jpg,notflip__0011,notflip__0011,notflip,notflip
same_sequence_cross_split,0.9632954415357672,3,0,testing/notflip/0031_000000020.jpg,training/notflip/0031_000000018.jpg,notflip__0031,notflip__0031,notflip,notflip
same_sequence_cross_split,0.963255600414997,0,0,testing/notflip/0058_000000021.jpg,training/notflip/0058_000000024.jpg,notflip__0058,notflip__0058,notflip,notflip
same_sequence_cross_split,0.9630168201930153,0,2,testing/notflip/0004_000000023.jpg,training/notflip/0004_000000024.jpg,notflip__0004,notflip__0004,notflip,notflip
same_sequence_cross_split,0.9630164709697395,1,0,testing/notflip/0041_000000028.jpg,training/notflip/0041_000000023.jpg,notflip__0041,notflip__0041,notflip,notflip
same_sequence_cross_split,0.9628769809881217,2,2,testing/notflip/0027_000000013.jpg,training/notflip/0027_000000008.jpg,notflip__0027,notflip__0027,notflip,notflip
same_sequence_cross_split,0.962865104822589,0,2,testing/notflip/0033_000000025.jpg,training/notflip/0033_000000028.jpg,notflip__0033,notflip__0033,notflip,notflip
same_sequence_cross_split,0.9628208797922264,2,4,testing/notflip/0041_000000015.jpg,training/notflip/0041_000000013.jpg,notflip__0041,notflip__0041,notflip,notflip
same_sequence_cross_split,0.962736816448752,1,0,testing/notflip/0043_000000023.jpg,training/notflip/0043_000000022.jpg,notflip__0043,notflip__0043,notflip,notflip
same_sequence_cross_split,0.9627208791108662,1,2,testing/notflip/0003_000000018.jpg,training/notflip/0003_000000019.jpg,notflip__0003,notflip__0003,notflip,notflip
same_sequence_cross_split,0.9627161658412843,2,4,testing/notflip/0025_000000021.jpg,training/notflip/0025_000000028.jpg,notflip__0025,notflip__0025,notflip,notflip
same_sequence_cross_split,0.9626433870641925,2,2,testing/notflip/0055_000000016.jpg,training/notflip/0055_000000022.jpg,notflip__0055,notflip__0055,notflip,notflip
same_sequence_cross_split,0.962627878375872,1,0,testing/notflip/0001_000000014.jpg,training/notflip/0001_000000015.jpg,notflip__0001,notflip__0001,notflip,notflip
same_sequence_cross_split,0.9626027051591702,0,0,testing/notflip/0002_000000026.jpg,training/notflip/0002_000000023.jpg,notflip__0002,notflip__0002,notflip,notflip
same_sequence_cross_split,0.962482888575003,3,0,testing/notflip/0037_000000014.jpg,training/notflip/0037_000000017.jpg,notflip__0037,notflip__0037,notflip,notflip
same_sequence_cross_split,0.9624505042057401,3,2,testing/notflip/0024_000000019.jpg,training/notflip/0024_000000021.jpg,notflip__0024,notflip__0024,notflip,notflip
same_sequence_cross_split,0.9623891949165191,3,0,testing/notflip/0041_000000036.jpg,training/notflip/0041_000000035.jpg,notflip__0041,notflip__0041,notflip,notflip
same_sequence_cross_split,0.9621889420832599,0,2,testing/notflip/0025_000000025.jpg,training/notflip/0025_000000028.jpg,notflip__0025,notflip__0025,notflip,notflip
same_sequence_cross_split,0.9621843544613748,1,4,testing/notflip/0035_000000026.jpg,training/notflip/0035_000000032.jpg,notflip__0035,notflip__0035,notflip,notflip
same_sequence_cross_split,0.9621423536999363,0,0,testing/notflip/0053_000000025.jpg,training/notflip/0053_000000027.jpg,notflip__0053,notflip__0053,notflip,notflip
same_sequence_cross_split,0.9620510056987258,0,2,testing/notflip/0042_000000021.jpg,training/notflip/0042_000000018.jpg,notflip__0042,notflip__0042,notflip,notflip
same_sequence_cross_split,0.9620396853386161,1,0,testing/notflip/0019_000000025.jpg,training/notflip/0019_000000023.jpg,notflip__0019,notflip__0019,notflip,notflip
same_sequence_cross_split,0.9619966445990641,0,0,testing/flip/0004_000000006.jpg,training/flip/0004_000000005.jpg,flip__0004,flip__0004,flip,flip
same_sequence_cross_split,0.96190569667191,0,0,testing/notflip/0038_000000022.jpg,training/notflip/0038_000000021.jpg,notflip__0038,notflip__0038,notflip,notflip
same_sequence_cross_split,0.9618279331978007,1,0,testing/notflip/0038_000000020.jpg,training/notflip/0038_000000021.jpg,notflip__0038,notflip__0038,notflip,notflip
same_sequence_cross_split,0.9617778645583797,0,0,testing/notflip/0028_000000024.jpg,training/notflip/0028_000000022.jpg,notflip__0028,notflip__0028,notflip,notflip
same_sequence_cross_split,0.9617664105209679,3,0,testing/flip/0058_000000003.jpg,training/flip/0058_000000002.jpg,flip__0058,flip__0058,flip,flip
same_sequence_cross_split,0.9617634789008914,1,2,testing/notflip/0052_000000029.jpg,training/notflip/0052_000000030.jpg,notflip__0052,notflip__0052,notflip,notflip
same_sequence_cross_split,0.961694423372503,1,0,testing/flip/0065_000000005.jpg,training/flip/0065_000000004.jpg,flip__0065,flip__0065,flip,flip
same_sequence_cross_split,0.9616278218734131,2,2,testing/notflip/0055_000000016.jpg,training/notflip/0055_000000018.jpg,notflip__0055,notflip__0055,notflip,notflip
same_sequence_cross_split,0.9616097091617041,3,0,testing/notflip/0036_000000030.jpg,training/notflip/0036_000000027.jpg,notflip__0036,notflip__0036,notflip,notflip
same_sequence_cross_split,0.9615880781177606,0,2,testing/notflip/0053_000000025.jpg,training/notflip/0053_000000022.jpg,notflip__0053,notflip__0053,notflip,notflip
same_sequence_cross_split,0.9615603780589732,1,2,testing/notflip/0058_000000013.jpg,training/notflip/0058_000000016.jpg,notflip__0058,notflip__0058,notflip,notflip
same_sequence_cross_split,0.9614941820395323,0,0,testing/notflip/0007_000000025.jpg,training/notflip/0007_000000026.jpg,notflip__0007,notflip__0007,notflip,notflip
same_sequence_cross_split,0.9614580415372886,3,2,testing/notflip/0051_000000002.jpg,training/notflip/0051_000000003.jpg,notflip__0051,notflip__0051,notflip,notflip
same_sequence_cross_split,0.9612992661356206,0,4,testing/notflip/0033_000000015.jpg,training/notflip/0033_000000017.jpg,notflip__0033,notflip__0033,notflip,notflip
same_sequence_cross_split,0.9612293123927835,1,0,testing/flip/0065_000000001.jpg,training/flip/0065_000000002.jpg,flip__0065,flip__0065,flip,flip
same_sequence_cross_split,0.9612270597377018,0,0,testing/notflip/0001_000000024.jpg,training/notflip/0001_000000026.jpg,notflip__0001,notflip__0001,notflip,notflip
same_sequence_cross_split,0.9611603161275789,2,0,testing/notflip/0045_000000022.jpg,training/notflip/0045_000000020.jpg,notflip__0045,notflip__0045,notflip,notflip
same_sequence_cross_split,0.9611035507018751,2,0,testing/notflip/0045_000000026.jpg,training/notflip/0045_000000019.jpg,notflip__0045,notflip__0045,notflip,notflip
same_sequence_cross_split,0.9610512842436995,1,0,testing/notflip/0037_000000025.jpg,training/notflip/0037_000000029.jpg,notflip__0037,notflip__0037,notflip,notflip
same_sequence_cross_split,0.9610059539998906,0,4,testing/notflip/0057_000000023.jpg,training/notflip/0057_000000020.jpg,notflip__0057,notflip__0057,notflip,notflip
same_sequence_cross_split,0.9609396957423535,1,0,testing/notflip/0023_000000029.jpg,training/notflip/0023_000000026.jpg,notflip__0023,notflip__0023,notflip,notflip
same_sequence_cross_split,0.9608422385991866,1,2,testing/flip/0048_000000010.jpg,training/flip/0048_000000009.jpg,flip__0048,flip__0048,flip,flip
same_sequence_cross_split,0.9606621308246807,3,2,testing/flip/0062_000000006.jpg,training/flip/0062_000000002.jpg,flip__0062,flip__0062,flip,flip
same_sequence_cross_split,0.9606136263801474,2,0,testing/notflip/0054_000000023.jpg,training/notflip/0054_000000021.jpg,notflip__0054,notflip__0054,notflip,notflip
same_sequence_cross_split,0.9606094541697779,3,2,testing/notflip/0037_000000008.jpg,training/notflip/0037_000000009.jpg,notflip__0037,notflip__0037,notflip,notflip
same_sequence_cross_split,0.9605436585446334,1,2,testing/notflip/0010_000000026.jpg,training/notflip/0010_000000025.jpg,notflip__0010,notflip__0010,notflip,notflip
same_sequence_cross_split,0.9604197852839289,1,0,testing/notflip/0048_000000026.jpg,training/notflip/0048_000000027.jpg,notflip__0048,notflip__0048,notflip,notflip
same_sequence_cross_split,0.9602938321711553,3,0,testing/notflip/0036_000000030.jpg,training/notflip/0036_000000026.jpg,notflip__0036,notflip__0036,notflip,notflip
same_sequence_cross_split,0.9601542989698281,2,0,testing/notflip/0054_000000027.jpg,training/notflip/0054_000000029.jpg,notflip__0054,notflip__0054,notflip,notflip
same_sequence_cross_split,0.9601315476311006,0,2,testing/notflip/0057_000000007.jpg,training/notflip/0057_000000008.jpg,notflip__0057,notflip__0057,notflip,notflip
same_sequence_cross_split,0.9600332109898512,0,0,testing/notflip/0047_000000029.jpg,training/notflip/0047_000000027.jpg,notflip__0047,notflip__0047,notflip,notflip
same_sequence_cross_split,0.9600029963325891,2,0,testing/notflip/0026_000000024.jpg,training/notflip/0026_000000028.jpg,notflip__0026,notflip__0026,notflip,notflip
same_sequence_cross_split,0.9599739183245775,3,0,testing/flip/0016_000000004.jpg,training/flip/0016_000000003.jpg,flip__0016,flip__0016,flip,flip
same_sequence_cross_split,0.9599698655690959,2,0,testing/notflip/0041_000000022.jpg,training/notflip/0041_000000027.jpg,notflip__0041,notflip__0041,notflip,notflip
same_sequence_cross_split,0.9599278912560425,1,0,testing/notflip/0046_000000027.jpg,training/notflip/0046_000000026.jpg,notflip__0046,notflip__0046,notflip,notflip
same_sequence_cross_split,0.959915614498034,1,0,testing/notflip/0024_000000022.jpg,training/notflip/0024_000000021.jpg,notflip__0024,notflip__0024,notflip,notflip
same_sequence_cross_split,0.959894641433001,2,2,testing/notflip/0004_000000029.jpg,training/notflip/0004_000000026.jpg,notflip__0004,notflip__0004,notflip,notflip
same_sequence_cross_split,0.9598382229766329,1,2,testing/notflip/0053_000000016.jpg,training/notflip/0053_000000021.jpg,notflip__0053,notflip__0053,notflip,notflip
same_sequence_cross_split,0.9598194219789059,1,0,testing/notflip/0020_000000019.jpg,training/notflip/0020_000000021.jpg,notflip__0020,notflip__0020,notflip,notflip
same_sequence_cross_split,0.9597879488444033,1,0,testing/notflip/0002_000000015.jpg,training/notflip/0002_000000018.jpg,notflip__0002,notflip__0002,notflip,notflip
same_sequence_cross_split,0.9597403794349041,2,0,testing/notflip/0027_000000010.jpg,training/notflip/0027_000000014.jpg,notflip__0027,notflip__0027,notflip,notflip
same_sequence_cross_split,0.9597365311161448,3,2,testing/notflip/0035_000000016.jpg,training/notflip/0035_000000018.jpg,notflip__0035,notflip__0035,notflip,notflip
same_sequence_cross_split,0.9596264581465856,1,0,testing/notflip/0041_000000021.jpg,training/notflip/0041_000000020.jpg,notflip__0041,notflip__0041,notflip,notflip
same_sequence_cross_split,0.9595899110065362,1,0,testing/notflip/0055_000000013.jpg,training/notflip/0055_000000014.jpg,notflip__0055,notflip__0055,notflip,notflip
same_sequence_cross_split,0.959543267508799,2,2,testing/notflip/0027_000000010.jpg,training/notflip/0027_000000006.jpg,notflip__0027,notflip__0027,notflip,notflip
same_sequence_cross_split,0.9595032057572226,2,2,testing/notflip/0027_000000010.jpg,training/notflip/0027_000000007.jpg,notflip__0027,notflip__0027,notflip,notflip
same_sequence_cross_split,0.9594842047640111,0,0,testing/notflip/0041_000000006.jpg,training/notflip/0041_000000004.jpg,notflip__0041,notflip__0041,notflip,notflip
same_sequence_cross_split,0.9591396355690229,3,2,testing/notflip/0035_000000026.jpg,training/notflip/0035_000000023.jpg,notflip__0035,notflip__0035,notflip,notflip
same_sequence_cross_split,0.9591133817535333,3,0,testing/notflip/0008_000000023.jpg,training/notflip/0008_000000024.jpg,notflip__0008,notflip__0008,notflip,notflip
same_sequence_cross_split,0.9589160660244466,0,0,testing/notflip/0045_000000018.jpg,training/notflip/0045_000000019.jpg,notflip__0045,notflip__0045,notflip,notflip
same_sequence_cross_split,0.9588312670308886,0,2,testing/notflip/0019_000000015.jpg,training/notflip/0019_000000013.jpg,notflip__0019,notflip__0019,notflip,notflip
same_sequence_cross_split,0.9588205093366464,2,4,testing/flip/0048_000000011.jpg,training/flip/0048_000000012.jpg,flip__0048,flip__0048,flip,flip
same_sequence_cross_split,0.958810642804593,0,0,testing/notflip/0002_000000012.jpg,training/notflip/0002_000000010.jpg,notflip__0002,notflip__0002,notflip,notflip
same_sequence_cross_split,0.9587764149829171,0,2,testing/notflip/0009_000000027.jpg,training/notflip/0009_000000029.jpg,notflip__0009,notflip__0009,notflip,notflip
same_sequence_cross_split,0.9586875971267074,0,0,testing/notflip/0049_000000012.jpg,training/notflip/0049_000000013.jpg,notflip__0049,notflip__0049,notflip,notflip
same_sequence_cross_split,0.9586216508264631,3,0,testing/notflip/0037_000000018.jpg,training/notflip/0037_000000016.jpg,notflip__0037,notflip__0037,notflip,notflip
same_sequence_cross_split,0.9586195468972022,1,4,testing/notflip/0023_000000020.jpg,training/notflip/0023_000000023.jpg,notflip__0023,notflip__0023,notflip,notflip
same_sequence_cross_split,0.9585785216428768,1,2,testing/notflip/0058_000000013.jpg,training/notflip/0058_000000015.jpg,notflip__0058,notflip__0058,notflip,notflip
same_sequence_cross_split,0.9584160723532387,2,0,testing/flip/0038_000000015.jpg,training/flip/0038_000000014.jpg,flip__0038,flip__0038,flip,flip
same_sequence_cross_split,0.9583521628720626,1,0,testing/notflip/0045_000000028.jpg,training/notflip/0045_000000029.jpg,notflip__0045,notflip__0045,notflip,notflip
same_sequence_cross_split,0.9582452915656559,4,4,testing/notflip/0055_000000012.jpg,training/notflip/0055_000000011.jpg,notflip__0055,notflip__0055,notflip,notflip
same_sequence_cross_split,0.9582415925029596,0,0,testing/notflip/0041_000000006.jpg,training/notflip/0041_000000007.jpg,notflip__0041,notflip__0041,notflip,notflip
same_sequence_cross_split,0.9582408426030922,1,4,testing/notflip/0033_000000019.jpg,training/notflip/0033_000000016.jpg,notflip__0033,notflip__0033,notflip,notflip
same_sequence_cross_split,0.958237277632233,2,0,testing/notflip/0008_000000023.jpg,training/notflip/0008_000000022.jpg,notflip__0008,notflip__0008,notflip,notflip
same_sequence_cross_split,0.9582282326432793,1,0,testing/flip/0014_000000003.jpg,training/flip/0014_000000002.jpg,flip__0014,flip__0014,flip,flip
same_sequence_cross_split,0.9582048154340134,1,0,testing/flip/0014_000000003.jpg,training/flip/0014_000000001.jpg,flip__0014,flip__0014,flip,flip
same_sequence_cross_split,0.958197608403105,1,0,testing/notflip/0024_000000007.jpg,training/notflip/0024_000000009.jpg,notflip__0024,notflip__0024,notflip,notflip
same_sequence_cross_split,0.9580806742655913,1,0,testing/notflip/0023_000000024.jpg,training/notflip/0023_000000026.jpg,notflip__0023,notflip__0023,notflip,notflip
same_sequence_cross_split,0.958048388101359,0,0,testing/notflip/0006_000000027.jpg,training/notflip/0006_000000026.jpg,notflip__0006,notflip__0006,notflip,notflip
same_sequence_cross_split,0.9580388494231489,1,0,testing/notflip/0019_000000004.jpg,training/notflip/0019_000000005.jpg,notflip__0019,notflip__0019,notflip,notflip
same_sequence_cross_split,0.957968541486894,1,0,testing/notflip/0037_000000019.jpg,training/notflip/0037_000000022.jpg,notflip__0037,notflip__0037,notflip,notflip
same_sequence_cross_split,0.9579292236131304,4,4,testing/notflip/0046_000000011.jpg,training/notflip/0046_000000008.jpg,notflip__0046,notflip__0046,notflip,notflip
same_sequence_cross_split,0.9578004243642572,0,0,testing/notflip/0049_000000028.jpg,training/notflip/0049_000000030.jpg,notflip__0049,notflip__0049,notflip,notflip
same_sequence_cross_split,0.9575454899095959,2,2,testing/notflip/0042_000000021.jpg,training/notflip/0042_000000017.jpg,notflip__0042,notflip__0042,notflip,notflip
same_sequence_cross_split,0.9575306743153076,3,0,testing/flip/0062_000000009.jpg,training/flip/0062_000000008.jpg,flip__0062,flip__0062,flip,flip
same_sequence_cross_split,0.9574780362570365,1,0,testing/notflip/0002_000000008.jpg,training/notflip/0002_000000011.jpg,notflip__0002,notflip__0002,notflip,notflip
same_sequence_cross_split,0.95735062549515,0,0,testing/notflip/0006_000000009.jpg,training/notflip/0006_000000011.jpg,notflip__0006,notflip__0006,notflip,notflip
same_sequence_cross_split,0.957313143232823,1,0,testing/flip/0014_000000006.jpg,training/flip/0014_000000005.jpg,flip__0014,flip__0014,flip,flip
same_sequence_cross_split,0.9572229535856457,4,2,testing/notflip/0035_000000015.jpg,training/notflip/0035_000000018.jpg,notflip__0035,notflip__0035,notflip,notflip
same_sequence_cross_split,0.9571804523632174,4,2,testing/notflip/0046_000000012.jpg,training/notflip/0046_000000010.jpg,notflip__0046,notflip__0046,notflip,notflip
same_sequence_cross_split,0.9571539026459613,0,0,testing/notflip/0056_000000024.jpg,training/notflip/0056_000000030.jpg,notflip__0056,notflip__0056,notflip,notflip
same_sequence_cross_split,0.9571122460573622,1,2,testing/notflip/0019_000000012.jpg,training/notflip/0019_000000017.jpg,notflip__0019,notflip__0019,notflip,notflip
same_sequence_cross_split,0.9570506811197509,1,2,testing/flip/0014_000000004.jpg,training/flip/0014_000000005.jpg,flip__0014,flip__0014,flip,flip
same_sequence_cross_split,0.9570354432354843,1,4,testing/notflip/0058_000000013.jpg,training/notflip/0058_000000012.jpg,notflip__0058,notflip__0058,notflip,notflip
same_sequence_cross_split,0.956990094683193,2,2,testing/notflip/0055_000000016.jpg,training/notflip/0055_000000021.jpg,notflip__0055,notflip__0055,notflip,notflip
same_sequence_cross_split,0.9569803374266187,2,2,testing/flip/0060_000000008.jpg,training/flip/0060_000000009.jpg,flip__0060,flip__0060,flip,flip
same_sequence_cross_split,0.9569035954988196,1,0,testing/notflip/0020_000000010.jpg,training/notflip/0020_000000008.jpg,notflip__0020,notflip__0020,notflip,notflip
same_sequence_cross_split,0.9568817360244991,2,0,testing/notflip/0030_000000024.jpg,training/notflip/0030_000000025.jpg,notflip__0030,notflip__0030,notflip,notflip
same_sequence_cross_split,0.9568578998488526,2,0,testing/notflip/0036_000000014.jpg,training/notflip/0036_000000015.jpg,notflip__0036,notflip__0036,notflip,notflip
same_sequence_cross_split,0.95681480488235,1,0,testing/notflip/0045_000000022.jpg,training/notflip/0045_000000024.jpg,notflip__0045,notflip__0045,notflip,notflip
same_sequence_cross_split,0.9568022540197969,4,4,testing/flip/0003_000000008.jpg,training/flip/0003_000000010.jpg,flip__0003,flip__0003,flip,flip
same_sequence_cross_split,0.956763529663206,1,0,testing/notflip/0006_000000019.jpg,training/notflip/0006_000000018.jpg,notflip__0006,notflip__0006,notflip,notflip
same_sequence_cross_split,0.9567111720529746,0,2,testing/notflip/0021_000000026.jpg,training/notflip/0021_000000022.jpg,notflip__0021,notflip__0021,notflip,notflip
same_sequence_cross_split,0.9566958503044484,2,0,testing/notflip/0002_000000006.jpg,training/notflip/0002_000000010.jpg,notflip__0002,notflip__0002,notflip,notflip
same_sequence_cross_split,0.9566730012779119,2,4,testing/notflip/0025_000000022.jpg,training/notflip/0025_000000030.jpg,notflip__0025,notflip__0025,notflip,notflip
same_sequence_cross_split,0.9563847184017691,2,2,testing/notflip/0054_000000020.jpg,training/notflip/0054_000000016.jpg,notflip__0054,notflip__0054,notflip,notflip
same_sequence_cross_split,0.9563261222111118,0,0,testing/notflip/0058_000000021.jpg,training/notflip/0058_000000015.jpg,notflip__0058,notflip__0058,notflip,notflip
same_sequence_cross_split,0.9562987732048047,2,2,testing/flip/0060_000000004.jpg,training/flip/0060_000000005.jpg,flip__0060,flip__0060,flip,flip
same_sequence_cross_split,0.9560442145808314,0,0,testing/notflip/0056_000000024.jpg,training/notflip/0056_000000028.jpg,notflip__0056,notflip__0056,notflip,notflip
same_sequence_cross_split,0.9560118432084793,0,0,testing/notflip/0002_000000027.jpg,training/notflip/0002_000000025.jpg,notflip__0002,notflip__0002,notflip,notflip
same_sequence_cross_split,0.9559892123024897,1,0,testing/notflip/0056_000000027.jpg,training/notflip/0056_000000023.jpg,notflip__0056,notflip__0056,notflip,notflip
same_sequence_cross_split,0.9558450879430289,1,0,testing/notflip/0056_000000022.jpg,training/notflip/0056_000000018.jpg,notflip__0056,notflip__0056,notflip,notflip
same_sequence_cross_split,0.9558359645618719,3,0,testing/notflip/0031_000000016.jpg,training/notflip/0031_000000014.jpg,notflip__0031,notflip__0031,notflip,notflip
same_sequence_cross_split,0.9558263520747757,1,0,testing/notflip/0037_000000019.jpg,training/notflip/0037_000000017.jpg,notflip__0037,notflip__0037,notflip,notflip
same_sequence_cross_split,0.955751724086506,1,0,testing/notflip/0019_000000027.jpg,training/notflip/0019_000000023.jpg,notflip__0019,notflip__0019,notflip,notflip
same_sequence_cross_split,0.9557320574888911,1,2,testing/notflip/0019_000000012.jpg,training/notflip/0019_000000018.jpg,notflip__0019,notflip__0019,notflip,notflip
same_sequence_cross_split,0.9556100905330828,0,0,testing/notflip/0032_000000003.jpg,training/notflip/0032_000000002.jpg,notflip__0032,notflip__0032,notflip,notflip
same_sequence_cross_split,0.9555678466572817,4,2,testing/flip/0062_000000006.jpg,training/flip/0062_000000001.jpg,flip__0062,flip__0062,flip,flip
same_sequence_cross_split,0.9555626587666752,1,2,testing/notflip/0019_000000012.jpg,training/notflip/0019_000000009.jpg,notflip__0019,notflip__0019,notflip,notflip
same_sequence_cross_split,0.9555606077156988,0,0,testing/notflip/0016_000000014.jpg,training/notflip/0016_000000015.jpg,notflip__0016,notflip__0016,notflip,notflip
same_sequence_cross_split,0.9554602305169245,0,2,testing/notflip/0049_000000022.jpg,training/notflip/0049_000000024.jpg,notflip__0049,notflip__0049,notflip,notflip
same_sequence_cross_split,0.9554589491399138,1,0,testing/flip/0038_000000032.jpg,training/flip/0038_000000033.jpg,flip__0038,flip__0038,flip,flip
same_sequence_cross_split,0.955319946166439,2,2,testing/notflip/0036_000000020.jpg,training/notflip/0036_000000017.jpg,notflip__0036,notflip__0036,notflip,notflip
same_sequence_cross_split,0.9552793108845102,0,0,testing/notflip/0057_000000007.jpg,training/notflip/0057_000000006.jpg,notflip__0057,notflip__0057,notflip,notflip
same_sequence_cross_split,0.9550899104916303,0,2,testing/notflip/0038_000000020.jpg,training/notflip/0038_000000019.jpg,notflip__0038,notflip__0038,notflip,notflip
same_sequence_cross_split,0.9549649284408764,1,0,testing/notflip/0049_000000022.jpg,training/notflip/0049_000000017.jpg,notflip__0049,notflip__0049,notflip,notflip
same_sequence_cross_split,0.9549597798450543,1,0,testing/notflip/0023_000000030.jpg,training/notflip/0023_000000026.jpg,notflip__0023,notflip__0023,notflip,notflip
same_sequence_cross_split,0.9549496498809928,2,2,testing/notflip/0042_000000021.jpg,training/notflip/0042_000000025.jpg,notflip__0042,notflip__0042,notflip,notflip
same_sequence_cross_split,0.9548239484015331,0,0,testing/flip/0008_000000007.jpg,training/flip/0008_000000008.jpg,flip__0008,flip__0008,flip,flip
same_sequence_cross_split,0.9547919555569641,1,4,testing/notflip/0033_000000015.jpg,training/notflip/0033_000000018.jpg,notflip__0033,notflip__0033,notflip,notflip
same_sequence_cross_split,0.9547337166059651,2,0,testing/notflip/0041_000000011.jpg,training/notflip/0041_000000010.jpg,notflip__0041,notflip__0041,notflip,notflip
same_sequence_cross_split,0.9547232722172899,3,4,testing/notflip/0046_000000012.jpg,training/notflip/0046_000000009.jpg,notflip__0046,notflip__0046,notflip,notflip
same_sequence_cross_split,0.954577771152991,3,2,testing/notflip/0048_000000030.jpg,training/notflip/0048_000000011.jpg,notflip__0048,notflip__0048,notflip,notflip
same_sequence_cross_split,0.9544839218126189,2,4,testing/notflip/0025_000000021.jpg,training/notflip/0025_000000030.jpg,notflip__0025,notflip__0025,notflip,notflip
same_sequence_cross_split,0.9544819048128049,3,2,testing/notflip/0025_000000025.jpg,training/notflip/0025_000000019.jpg,notflip__0025,notflip__0025,notflip,notflip
same_sequence_cross_split,0.9543190817663325,0,0,testing/notflip/0016_000000023.jpg,training/notflip/0016_000000021.jpg,notflip__0016,notflip__0016,notflip,notflip
same_sequence_cross_split,0.9541872113651819,3,2,testing/notflip/0035_000000015.jpg,training/notflip/0035_000000017.jpg,notflip__0035,notflip__0035,notflip,notflip
same_sequence_cross_split,0.954152933351137,3,2,testing/flip/0053_000000008.jpg,training/flip/0053_000000009.jpg,flip__0053,flip__0053,flip,flip
same_sequence_cross_split,0.9541224433011489,4,4,testing/flip/0060_000000013.jpg,training/flip/0060_000000012.jpg,flip__0060,flip__0060,flip,flip
same_sequence_cross_split,0.9540753148889974,0,2,testing/flip/0003_000000005.jpg,training/flip/0003_000000004.jpg,flip__0003,flip__0003,flip,flip
same_sequence_cross_split,0.954061899245098,3,0,testing/notflip/0004_000000029.jpg,training/notflip/0004_000000032.jpg,notflip__0004,notflip__0004,notflip,notflip
same_sequence_cross_split,0.9540553151438735,2,2,testing/notflip/0048_000000015.jpg,training/notflip/0048_000000017.jpg,notflip__0048,notflip__0048,notflip,notflip
same_sequence_cross_split,0.9539435804971587,0,0,testing/notflip/0004_000000029.jpg,training/notflip/0004_000000027.jpg,notflip__0004,notflip__0004,notflip,notflip
same_sequence_cross_split,0.9538837618685018,1,0,testing/notflip/0007_000000010.jpg,training/notflip/0007_000000011.jpg,notflip__0007,notflip__0007,notflip,notflip
same_sequence_cross_split,0.9538365937657618,0,2,testing/notflip/0027_000000013.jpg,training/notflip/0027_000000015.jpg,notflip__0027,notflip__0027,notflip,notflip
same_sequence_cross_split,0.9538298607304992,2,4,testing/notflip/0025_000000022.jpg,training/notflip/0025_000000029.jpg,notflip__0025,notflip__0025,notflip,notflip
same_sequence_cross_split,0.9537381338864216,0,0,testing/notflip/0053_000000025.jpg,training/notflip/0053_000000026.jpg,notflip__0053,notflip__0053,notflip,notflip
same_sequence_cross_split,0.9536660527682802,4,0,testing/notflip/0051_000000012.jpg,training/notflip/0051_000000021.jpg,notflip__0051,notflip__0051,notflip,notflip
same_sequence_cross_split,0.9536596436062932,2,2,testing/notflip/0044_000000014.jpg,training/notflip/0044_000000018.jpg,notflip__0044,notflip__0044,notflip,notflip
same_sequence_cross_split,0.9536448897059737,3,2,testing/notflip/0033_000000015.jpg,training/notflip/0033_000000013.jpg,notflip__0033,notflip__0033,notflip,notflip
same_sequence_cross_split,0.9536352734241211,2,4,testing/flip/0044_000000007.jpg,training/flip/0044_000000010.jpg,flip__0044,flip__0044,flip,flip
same_sequence_cross_split,0.9536008543139687,3,2,testing/notflip/0048_000000015.jpg,training/notflip/0048_000000028.jpg,notflip__0048,notflip__0048,notflip,notflip
same_sequence_cross_split,0.9536001423649445,2,2,testing/notflip/0041_000000022.jpg,training/notflip/0041_000000026.jpg,notflip__0041,notflip__0041,notflip,notflip
same_sequence_cross_split,0.9535871903135604,2,0,testing/notflip/0002_000000012.jpg,training/notflip/0002_000000016.jpg,notflip__0002,notflip__0002,notflip,notflip
same_sequence_cross_split,0.9535076300940072,2,2,testing/notflip/0044_000000027.jpg,training/notflip/0044_000000025.jpg,notflip__0044,notflip__0044,notflip,notflip
same_sequence_cross_split,0.9534881091872773,2,0,testing/notflip/0002_000000015.jpg,training/notflip/0002_000000011.jpg,notflip__0002,notflip__0002,notflip,notflip
same_sequence_cross_split,0.9534484865410476,1,0,testing/notflip/0047_000000029.jpg,training/notflip/0047_000000021.jpg,notflip__0047,notflip__0047,notflip,notflip
same_sequence_cross_split,0.9532443375421822,2,0,testing/notflip/0009_000000005.jpg,training/notflip/0009_000000006.jpg,notflip__0009,notflip__0009,notflip,notflip
same_sequence_cross_split,0.9531460945016222,0,0,testing/flip/0042_000000012.jpg,training/flip/0042_000000013.jpg,flip__0042,flip__0042,flip,flip
same_sequence_cross_split,0.9531233795993579,1,0,testing/notflip/0002_000000006.jpg,training/notflip/0002_000000004.jpg,notflip__0002,notflip__0002,notflip,notflip
same_sequence_cross_split,0.9531170686183137,2,0,testing/notflip/0051_000000025.jpg,training/notflip/0051_000000023.jpg,notflip__0051,notflip__0051,notflip,notflip
same_sequence_cross_split,0.9530095141184726,0,0,testing/notflip/0056_000000011.jpg,training/notflip/0056_000000028.jpg,notflip__0056,notflip__0056,notflip,notflip
same_sequence_cross_split,0.952907036138378,1,4,testing/notflip/0010_000000026.jpg,training/notflip/0010_000000027.jpg,notflip__0010,notflip__0010,notflip,notflip
same_sequence_cross_split,0.9527100490572789,2,2,testing/notflip/0055_000000016.jpg,training/notflip/0055_000000019.jpg,notflip__0055,notflip__0055,notflip,notflip
same_sequence_cross_split,0.952551224029965,3,2,testing/notflip/0024_000000007.jpg,training/notflip/0024_000000010.jpg,notflip__0024,notflip__0024,notflip,notflip
same_sequence_cross_split,0.9524971117236279,3,2,testing/notflip/0034_000000025.jpg,training/notflip/0034_000000027.jpg,notflip__0034,notflip__0034,notflip,notflip
same_sequence_cross_split,0.9524949619379386,2,0,testing/notflip/0054_000000027.jpg,training/notflip/0054_000000030.jpg,notflip__0054,notflip__0054,notflip,notflip
same_sequence_cross_split,0.9524661420672768,0,0,testing/notflip/0048_000000030.jpg,training/notflip/0048_000000028.jpg,notflip__0048,notflip__0048,notflip,notflip
same_sequence_cross_split,0.9524380615460305,1,0,testing/flip/0041_000000015.jpg,training/flip/0041_000000016.jpg,flip__0041,flip__0041,flip,flip
same_sequence_cross_split,0.952394489192803,2,2,testing/notflip/0047_000000029.jpg,training/notflip/0047_000000015.jpg,notflip__0047,notflip__0047,notflip,notflip
same_sequence_cross_split,0.9523928077664392,2,0,testing/notflip/0047_000000029.jpg,training/notflip/0047_000000020.jpg,notflip__0047,notflip__0047,notflip,notflip
same_sequence_cross_split,0.9523771214072965,1,0,testing/notflip/0053_000000016.jpg,training/notflip/0053_000000027.jpg,notflip__0053,notflip__0053,notflip,notflip
same_sequence_cross_split,0.9522600184147821,0,0,testing/notflip/0053_000000016.jpg,training/notflip/0053_000000019.jpg,notflip__0053,notflip__0053,notflip,notflip
same_sequence_cross_split,0.9521392967038167,4,2,testing/flip/0044_000000007.jpg,training/flip/0044_000000004.jpg,flip__0044,flip__0044,flip,flip
same_sequence_cross_split,0.9519174602755677,3,0,testing/flip/0056_000000016.jpg,training/flip/0056_000000017.jpg,flip__0056,flip__0056,flip,flip
same_sequence_cross_split,0.9519054953369521,2,2,testing/notflip/0027_000000010.jpg,training/notflip/0027_000000005.jpg,notflip__0027,notflip__0027,notflip,notflip
same_sequence_cross_split,0.9518871087772202,2,4,testing/notflip/0025_000000021.jpg,training/notflip/0025_000000029.jpg,notflip__0025,notflip__0025,notflip,notflip
same_sequence_cross_split,0.951866242183961,2,4,testing/notflip/0057_000000023.jpg,training/notflip/0057_000000019.jpg,notflip__0057,notflip__0057,notflip,notflip
same_sequence_cross_split,0.9518598117462811,0,0,testing/notflip/0047_000000024.jpg,training/notflip/0047_000000021.jpg,notflip__0047,notflip__0047,notflip,notflip
same_sequence_cross_split,0.9518378042039504,0,0,testing/notflip/0006_000000015.jpg,training/notflip/0006_000000017.jpg,notflip__0006,notflip__0006,notflip,notflip
same_sequence_cross_split,0.9517988610006616,1,2,testing/notflip/0019_000000015.jpg,training/notflip/0019_000000020.jpg,notflip__0019,notflip__0019,notflip,notflip
same_sequence_cross_split,0.9517632542375825,2,2,testing/notflip/0019_000000012.jpg,training/notflip/0019_000000008.jpg,notflip__0019,notflip__0019,notflip,notflip
same_sequence_cross_split,0.951761887924568,1,0,testing/notflip/0041_000000022.jpg,training/notflip/0041_000000025.jpg,notflip__0041,notflip__0041,notflip,notflip
same_sequence_cross_split,0.9517473394605247,0,2,testing/notflip/0046_000000003.jpg,training/notflip/0046_000000005.jpg,notflip__0046,notflip__0046,notflip,notflip
same_sequence_cross_split,0.9516948439744572,1,0,testing/notflip/0051_000000012.jpg,training/notflip/0051_000000008.jpg,notflip__0051,notflip__0051,notflip,notflip
same_sequence_cross_split,0.9516326171984378,0,0,testing/notflip/0040_000000017.jpg,training/notflip/0040_000000019.jpg,notflip__0040,notflip__0040,notflip,notflip
same_sequence_cross_split,0.9515238819005338,1,2,testing/flip/0062_000000003.jpg,training/flip/0062_000000007.jpg,flip__0062,flip__0062,flip,flip
same_sequence_cross_split,0.9514335414283391,1,2,testing/flip/0039_000000009.jpg,training/flip/0039_000000010.jpg,flip__0039,flip__0039,flip,flip
same_sequence_cross_split,0.9514015060091181,1,0,testing/notflip/0001_000000014.jpg,training/notflip/0001_000000013.jpg,notflip__0001,notflip__0001,notflip,notflip
same_sequence_cross_split,0.9513944388379757,0,0,testing/notflip/0040_000000017.jpg,training/notflip/0040_000000020.jpg,notflip__0040,notflip__0040,notflip,notflip
same_sequence_cross_split,0.9512931785828148,1,0,testing/notflip/0028_000000024.jpg,training/notflip/0028_000000021.jpg,notflip__0028,notflip__0028,notflip,notflip
same_sequence_cross_split,0.9512797876914942,0,2,testing/notflip/0056_000000024.jpg,training/notflip/0056_000000029.jpg,notflip__0056,notflip__0056,notflip,notflip
same_sequence_cross_split,0.9512593749580789,0,2,testing/notflip/0046_000000011.jpg,training/notflip/0046_000000013.jpg,notflip__0046,notflip__0046,notflip,notflip
same_sequence_cross_split,0.9510996916341794,2,0,testing/notflip/0048_000000015.jpg,training/notflip/0048_000000011.jpg,notflip__0048,notflip__0048,notflip,notflip
same_sequence_cross_split,0.9509247543256415,3,2,testing/notflip/0048_000000015.jpg,training/notflip/0048_000000027.jpg,notflip__0048,notflip__0048,notflip,notflip
same_sequence_cross_split,0.9508061116833416,1,4,testing/notflip/0026_000000014.jpg,training/notflip/0026_000000015.jpg,notflip__0026,notflip__0026,notflip,notflip
same_sequence_cross_split,0.9507784355427621,0,0,testing/notflip/0023_000000030.jpg,training/notflip/0023_000000025.jpg,notflip__0023,notflip__0023,notflip,notflip
same_sequence_cross_split,0.9507734587514568,3,0,testing/notflip/0048_000000025.jpg,training/notflip/0048_000000018.jpg,notflip__0048,notflip__0048,notflip,notflip
same_sequence_cross_split,0.9507484448085461,1,2,testing/flip/0004_000000006.jpg,training/flip/0004_000000007.jpg,flip__0004,flip__0004,flip,flip
same_sequence_cross_split,0.9506838001243655,2,2,testing/notflip/0029_000000025.jpg,training/notflip/0029_000000023.jpg,notflip__0029,notflip__0029,notflip,notflip
same_sequence_cross_split,0.9506008025860193,1,0,testing/notflip/0016_000000020.jpg,training/notflip/0016_000000021.jpg,notflip__0016,notflip__0016,notflip,notflip
same_sequence_cross_split,0.9505434940980744,0,2,testing/notflip/0056_000000011.jpg,training/notflip/0056_000000029.jpg,notflip__0056,notflip__0056,notflip,notflip
same_sequence_cross_split,0.9505289701656193,0,0,testing/notflip/0029_000000018.jpg,training/notflip/0029_000000020.jpg,notflip__0029,notflip__0029,notflip,notflip
same_sequence_cross_split,0.9505114637587181,3,2,testing/notflip/0048_000000030.jpg,training/notflip/0048_000000010.jpg,notflip__0048,notflip__0048,notflip,notflip
same_sequence_cross_split,0.9504541772035836,2,2,testing/notflip/0048_000000030.jpg,training/notflip/0048_000000014.jpg,notflip__0048,notflip__0048,notflip,notflip
same_sequence_cross_split,0.9503709437233366,2,0,testing/notflip/0047_000000029.jpg,training/notflip/0047_000000019.jpg,notflip__0047,notflip__0047,notflip,notflip
same_sequence_cross_split,0.9502943537648586,4,0,testing/notflip/0048_000000025.jpg,training/notflip/0048_000000020.jpg,notflip__0048,notflip__0048,notflip,notflip
same_sequence_cross_split,0.9502938907512163,0,0,testing/notflip/0002_000000012.jpg,training/notflip/0002_000000017.jpg,notflip__0002,notflip__0002,notflip,notflip
same_sequence_cross_split,0.9502444512451637,2,0,testing/notflip/0054_000000023.jpg,training/notflip/0054_000000019.jpg,notflip__0054,notflip__0054,notflip,notflip
same_sequence_cross_split,0.9500656714127609,0,0,testing/notflip/0056_000000022.jpg,training/notflip/0056_000000019.jpg,notflip__0056,notflip__0056,notflip,notflip
same_sequence_cross_split,0.9499727041221946,3,0,testing/notflip/0045_000000026.jpg,training/notflip/0045_000000020.jpg,notflip__0045,notflip__0045,notflip,notflip
same_sequence_cross_split,0.9499618784967615,1,0,testing/notflip/0036_000000020.jpg,training/notflip/0036_000000024.jpg,notflip__0036,notflip__0036,notflip,notflip
same_sequence_cross_split,0.949894950070664,0,2,testing/notflip/0046_000000003.jpg,training/notflip/0046_000000006.jpg,notflip__0046,notflip__0046,notflip,notflip
same_sequence_cross_split,0.9497984052834564,3,0,testing/notflip/0003_000000025.jpg,training/notflip/0003_000000024.jpg,notflip__0003,notflip__0003,notflip,notflip
same_sequence_cross_split,0.9497297513671366,3,4,testing/flip/0041_000000015.jpg,training/flip/0041_000000014.jpg,flip__0041,flip__0041,flip,flip
same_sequence_cross_split,0.9497172108682629,1,0,testing/notflip/0044_000000027.jpg,training/notflip/0044_000000030.jpg,notflip__0044,notflip__0044,notflip,notflip
same_sequence_cross_split,0.9496567655571412,1,2,testing/notflip/0005_000000018.jpg,training/notflip/0005_000000019.jpg,notflip__0005,notflip__0005,notflip,notflip
same_sequence_cross_split,0.9494963527709781,1,2,testing/notflip/0019_000000002.jpg,training/notflip/0019_000000001.jpg,notflip__0019,notflip__0019,notflip,notflip
same_sequence_cross_split,0.9494897445907241,2,0,testing/notflip/0028_000000024.jpg,training/notflip/0028_000000020.jpg,notflip__0028,notflip__0028,notflip,notflip
same_sequence_cross_split,0.9494049547107913,0,0,testing/notflip/0008_000000008.jpg,training/notflip/0008_000000007.jpg,notflip__0008,notflip__0008,notflip,notflip
same_sequence_cross_split,0.9492562896718005,1,0,testing/notflip/0053_000000016.jpg,training/notflip/0053_000000020.jpg,notflip__0053,notflip__0053,notflip,notflip
same_sequence_cross_split,0.9492330954926312,1,0,testing/notflip/0041_000000011.jpg,training/notflip/0041_000000012.jpg,notflip__0041,notflip__0041,notflip,notflip
same_sequence_cross_split,0.9491564360543057,0,0,testing/notflip/0024_000000022.jpg,training/notflip/0024_000000023.jpg,notflip__0024,notflip__0024,notflip,notflip
same_sequence_cross_split,0.9491404895979424,1,0,testing/notflip/0002_000000003.jpg,training/notflip/0002_000000005.jpg,notflip__0002,notflip__0002,notflip,notflip
same_sequence_cross_split,0.9491174909603901,0,0,testing/notflip/0058_000000020.jpg,training/notflip/0058_000000015.jpg,notflip__0058,notflip__0058,notflip,notflip
same_sequence_cross_split,0.9491008002473138,2,2,testing/notflip/0044_000000014.jpg,training/notflip/0044_000000019.jpg,notflip__0044,notflip__0044,notflip,notflip
same_sequence_cross_split,0.9490721436616776,1,0,testing/notflip/0053_000000025.jpg,training/notflip/0053_000000029.jpg,notflip__0053,notflip__0053,notflip,notflip
same_sequence_cross_split,0.9490717011962032,0,2,testing/notflip/0036_000000025.jpg,training/notflip/0036_000000022.jpg,notflip__0036,notflip__0036,notflip,notflip
same_sequence_cross_split,0.9490381122796798,1,2,testing/notflip/0055_000000016.jpg,training/notflip/0055_000000023.jpg,notflip__0055,notflip__0055,notflip,notflip
same_sequence_cross_split,0.9489167864866677,2,2,testing/notflip/0020_000000004.jpg,training/notflip/0020_000000007.jpg,notflip__0020,notflip__0020,notflip,notflip
same_sequence_cross_split,0.9488470891165868,3,2,testing/notflip/0033_000000019.jpg,training/notflip/0033_000000022.jpg,notflip__0033,notflip__0033,notflip,notflip
same_sequence_cross_split,0.9487155939756646,2,2,testing/notflip/0045_000000016.jpg,training/notflip/0045_000000027.jpg,notflip__0045,notflip__0045,notflip,notflip
same_sequence_cross_split,0.9486610374035594,3,2,testing/notflip/0024_000000020.jpg,training/notflip/0024_000000018.jpg,notflip__0024,notflip__0024,notflip,notflip
same_sequence_cross_split,0.948620084665269,4,4,testing/notflip/0034_000000008.jpg,training/notflip/0034_000000009.jpg,notflip__0034,notflip__0034,notflip,notflip
same_sequence_cross_split,0.9485895385179917,0,2,testing/flip/0018_000000003.jpg,training/flip/0018_000000002.jpg,flip__0018,flip__0018,flip,flip
same_sequence_cross_split,0.9485822160309733,0,2,testing/notflip/0042_000000021.jpg,training/notflip/0042_000000019.jpg,notflip__0042,notflip__0042,notflip,notflip
same_sequence_cross_split,0.9484487723806061,2,0,testing/notflip/0011_000000027.jpg,training/notflip/0011_000000028.jpg,notflip__0011,notflip__0011,notflip,notflip
same_sequence_cross_split,0.9484296341765006,1,4,testing/flip/0042_000000011.jpg,training/flip/0042_000000009.jpg,flip__0042,flip__0042,flip,flip
same_sequence_cross_split,0.9483063854609312,1,2,testing/notflip/0003_000000018.jpg,training/notflip/0003_000000020.jpg,notflip__0003,notflip__0003,notflip,notflip
same_sequence_cross_split,0.9482001659817763,1,4,testing/flip/0007_000000008.jpg,training/flip/0007_000000010.jpg,flip__0007,flip__0007,flip,flip
same_sequence_cross_split,0.9481897940936029,4,2,testing/notflip/0042_000000030.jpg,training/notflip/0042_000000028.jpg,notflip__0042,notflip__0042,notflip,notflip
same_sequence_cross_split,0.9481866356240559,2,0,testing/notflip/0037_000000025.jpg,training/notflip/0037_000000023.jpg,notflip__0037,notflip__0037,notflip,notflip
same_sequence_cross_split,0.9480376015153391,2,0,testing/notflip/0042_000000021.jpg,training/notflip/0042_000000023.jpg,notflip__0042,notflip__0042,notflip,notflip
same_sequence_cross_split,0.947991778622968,2,2,testing/notflip/0041_000000021.jpg,training/notflip/0041_000000019.jpg,notflip__0041,notflip__0041,notflip,notflip
same_sequence_cross_split,0.9479695633382823,0,0,testing/notflip/0019_000000025.jpg,training/notflip/0019_000000028.jpg,notflip__0019,notflip__0019,notflip,notflip
same_sequence_cross_split,0.9479449737706992,0,0,testing/notflip/0024_000000024.jpg,training/notflip/0024_000000023.jpg,notflip__0024,notflip__0024,notflip,notflip
same_sequence_cross_split,0.947903817550529,2,2,testing/notflip/0024_000000007.jpg,training/notflip/0024_000000011.jpg,notflip__0024,notflip__0024,notflip,notflip
same_sequence_cross_split,0.9478993053885838,2,4,testing/notflip/0048_000000015.jpg,training/notflip/0048_000000010.jpg,notflip__0048,notflip__0048,notflip,notflip
same_sequence_cross_split,0.9478694279070947,1,2,testing/notflip/0038_000000022.jpg,training/notflip/0038_000000025.jpg,notflip__0038,notflip__0038,notflip,notflip
same_sequence_cross_split,0.9478009568044863,1,4,testing/notflip/0040_000000011.jpg,training/notflip/0040_000000010.jpg,notflip__0040,notflip__0040,notflip,notflip
same_sequence_cross_split,0.9477971800747244,0,0,testing/notflip/0037_000000025.jpg,training/notflip/0037_000000030.jpg,notflip__0037,notflip__0037,notflip,notflip
same_sequence_cross_split,0.9477892423247083,4,0,testing/notflip/0056_000000011.jpg,training/notflip/0056_000000010.jpg,notflip__0056,notflip__0056,notflip,notflip
same_sequence_cross_split,0.9477714565486356,2,4,testing/notflip/0025_000000018.jpg,training/notflip/0025_000000029.jpg,notflip__0025,notflip__0025,notflip,notflip
same_sequence_cross_split,0.9476832208346655,2,0,testing/flip/0007_000000008.jpg,training/flip/0007_000000006.jpg,flip__0007,flip__0007,flip,flip
same_sequence_cross_split,0.9476177138933333,3,2,testing/notflip/0048_000000026.jpg,training/notflip/0048_000000014.jpg,notflip__0048,notflip__0048,notflip,notflip
same_sequence_cross_split,0.947605546975828,4,2,testing/notflip/0040_000000014.jpg,training/notflip/0040_000000015.jpg,notflip__0040,notflip__0040,notflip,notflip
same_sequence_cross_split,0.9475739970941459,0,0,testing/notflip/0053_000000016.jpg,training/notflip/0053_000000018.jpg,notflip__0053,notflip__0053,notflip,notflip
same_sequence_cross_split,0.9475396105967022,1,2,testing/notflip/0058_000000013.jpg,training/notflip/0058_000000017.jpg,notflip__0058,notflip__0058,notflip,notflip
same_sequence_cross_split,0.9475151991531937,1,0,testing/notflip/0040_000000017.jpg,training/notflip/0040_000000021.jpg,notflip__0040,notflip__0040,notflip,notflip
same_sequence_cross_split,0.9474638259122288,0,0,testing/notflip/0009_000000002.jpg,training/notflip/0009_000000001.jpg,notflip__0009,notflip__0009,notflip,notflip
same_sequence_cross_split,0.9473576342339305,3,2,testing/notflip/0048_000000026.jpg,training/notflip/0048_000000013.jpg,notflip__0048,notflip__0048,notflip,notflip
same_sequence_cross_split,0.9473306215832688,1,4,testing/notflip/0031_000000010.jpg,training/notflip/0031_000000011.jpg,notflip__0031,notflip__0031,notflip,notflip
same_sequence_cross_split,0.9472988702198174,3,2,testing/flip/0014_000000006.jpg,training/flip/0014_000000007.jpg,flip__0014,flip__0014,flip,flip
same_sequence_cross_split,0.9472534081107802,1,0,testing/notflip/0029_000000013.jpg,training/notflip/0029_000000012.jpg,notflip__0029,notflip__0029,notflip,notflip
same_sequence_cross_split,0.9472083961221264,1,0,testing/notflip/0057_000000027.jpg,training/notflip/0057_000000026.jpg,notflip__0057,notflip__0057,notflip,notflip
same_sequence_cross_split,0.9471718104320133,2,0,testing/notflip/0028_000000004.jpg,training/notflip/0028_000000002.jpg,notflip__0028,notflip__0028,notflip,notflip
same_sequence_cross_split,0.9471717659273695,0,0,testing/notflip/0003_000000018.jpg,training/notflip/0003_000000016.jpg,notflip__0003,notflip__0003,notflip,notflip
same_sequence_cross_split,0.9470827958862593,2,4,testing/flip/0047_000000010.jpg,training/flip/0047_000000009.jpg,flip__0047,flip__0047,flip,flip
same_sequence_cross_split,0.9470574380871216,0,0,testing/notflip/0019_000000012.jpg,training/notflip/0019_000000016.jpg,notflip__0019,notflip__0019,notflip,notflip
same_sequence_cross_split,0.9470192055624137,3,2,testing/notflip/0044_000000014.jpg,training/notflip/0044_000000026.jpg,notflip__0044,notflip__0044,notflip,notflip
same_sequence_cross_split,0.9468838745047757,2,2,testing/notflip/0020_000000019.jpg,training/notflip/0020_000000015.jpg,notflip__0020,notflip__0020,notflip,notflip
same_sequence_cross_split,0.9467881116430775,4,2,testing/notflip/0027_000000013.jpg,training/notflip/0027_000000006.jpg,notflip__0027,notflip__0027,notflip,notflip
same_sequence_cross_split,0.9467168254336973,4,2,testing/notflip/0027_000000013.jpg,training/notflip/0027_000000007.jpg,notflip__0027,notflip__0027,notflip,notflip
same_sequence_cross_split,0.9465421504904761,0,2,testing/notflip/0003_000000030.jpg,training/notflip/0003_000000029.jpg,notflip__0003,notflip__0003,notflip,notflip
same_sequence_cross_split,0.9465264104523609,1,4,testing/notflip/0044_000000014.jpg,training/notflip/0044_000000028.jpg,notflip__0044,notflip__0044,notflip,notflip
same_sequence_cross_split,0.946431141282239,0,2,testing/notflip/0053_000000025.jpg,training/notflip/0053_000000021.jpg,notflip__0053,notflip__0053,notflip,notflip
same_sequence_cross_split,0.9464311251368653,1,2,testing/notflip/0036_000000028.jpg,training/notflip/0036_000000023.jpg,notflip__0036,notflip__0036,notflip,notflip
same_sequence_cross_split,0.9463589360734771,1,4,testing/notflip/0037_000000010.jpg,training/notflip/0037_000000013.jpg,notflip__0037,notflip__0037,notflip,notflip
same_sequence_cross_split,0.9462939351920269,0,0,testing/notflip/0019_000000024.jpg,training/notflip/0019_000000028.jpg,notflip__0019,notflip__0019,notflip,notflip
same_sequence_cross_split,0.9462728044067863,2,0,testing/notflip/0002_000000015.jpg,training/notflip/0002_000000021.jpg,notflip__0002,notflip__0002,notflip,notflip
same_sequence_cross_split,0.9462501987457748,3,2,testing/notflip/0045_000000013.jpg,training/notflip/0045_000000014.jpg,notflip__0045,notflip__0045,notflip,notflip
same_sequence_cross_split,0.946201523159033,1,2,testing/notflip/0052_000000022.jpg,training/notflip/0052_000000021.jpg,notflip__0052,notflip__0052,notflip,notflip
same_sequence_cross_split,0.9461963129726522,0,0,testing/notflip/0023_000000029.jpg,training/notflip/0023_000000025.jpg,notflip__0023,notflip__0023,notflip,notflip
same_sequence_cross_split,0.9461310939060975,1,2,testing/notflip/0037_000000019.jpg,training/notflip/0037_000000023.jpg,notflip__0037,notflip__0037,notflip,notflip
same_sequence_cross_split,0.9459484689728161,2,0,testing/notflip/0027_000000004.jpg,training/notflip/0027_000000008.jpg,notflip__0027,notflip__0027,notflip,notflip
same_sequence_cross_split,0.945947389374666,0,2,testing/notflip/0039_000000026.jpg,training/notflip/0039_000000028.jpg,notflip__0039,notflip__0039,notflip,notflip
same_sequence_cross_split,0.945946301684495,3,0,testing/notflip/0004_000000029.jpg,training/notflip/0004_000000033.jpg,notflip__0004,notflip__0004,notflip,notflip
same_sequence_cross_split,0.945912642605441,2,0,testing/notflip/0056_000000024.jpg,training/notflip/0056_000000017.jpg,notflip__0056,notflip__0056,notflip,notflip
same_sequence_cross_split,0.9457604096576555,2,2,testing/notflip/0020_000000019.jpg,training/notflip/0020_000000014.jpg,notflip__0020,notflip__0020,notflip,notflip
same_sequence_cross_split,0.9455038925710494,1,2,testing/notflip/0030_000000028.jpg,training/notflip/0030_000000019.jpg,notflip__0030,notflip__0030,notflip,notflip
same_sequence_cross_split,0.945502782752691,1,2,testing/notflip/0030_000000028.jpg,training/notflip/0030_000000020.jpg,notflip__0030,notflip__0030,notflip,notflip
same_sequence_cross_split,0.9454999334547548,4,0,testing/notflip/0034_000000025.jpg,training/notflip/0034_000000023.jpg,notflip__0034,notflip__0034,notflip,notflip
same_sequence_cross_split,0.9454738179863521,1,0,testing/notflip/0048_000000026.jpg,training/notflip/0048_000000029.jpg,notflip__0048,notflip__0048,notflip,notflip
same_sequence_cross_split,0.9454465596838484,0,4,testing/notflip/0034_000000008.jpg,training/notflip/0034_000000007.jpg,notflip__0034,notflip__0034,notflip,notflip
same_sequence_cross_split,0.9454169840718637,2,0,testing/flip/0030_000000027.jpg,training/flip/0030_000000028.jpg,flip__0030,flip__0030,flip,flip
same_sequence_cross_split,0.9452740564319694,4,0,testing/notflip/0040_000000018.jpg,training/notflip/0040_000000025.jpg,notflip__0040,notflip__0040,notflip,notflip
same_sequence_cross_split,0.9452203585411713,2,2,testing/notflip/0053_000000017.jpg,training/notflip/0053_000000021.jpg,notflip__0053,notflip__0053,notflip,notflip
same_sequence_cross_split,0.945215090080127,3,4,testing/notflip/0056_000000011.jpg,training/notflip/0056_000000008.jpg,notflip__0056,notflip__0056,notflip,notflip
same_sequence_cross_split,0.9452090437013274,2,4,testing/flip/0016_000000006.jpg,training/flip/0016_000000007.jpg,flip__0016,flip__0016,flip,flip
same_sequence_cross_split,0.945041793697588,2,0,testing/notflip/0054_000000020.jpg,training/notflip/0054_000000024.jpg,notflip__0054,notflip__0054,notflip,notflip
same_sequence_cross_split,0.9450284628032399,4,0,testing/notflip/0031_000000017.jpg,training/notflip/0031_000000021.jpg,notflip__0031,notflip__0031,notflip,notflip
same_sequence_cross_split,0.9449396847981437,0,0,testing/notflip/0041_000000006.jpg,training/notflip/0041_000000002.jpg,notflip__0041,notflip__0041,notflip,notflip
same_sequence_cross_split,0.9449362154071638,0,0,testing/notflip/0049_000000022.jpg,training/notflip/0049_000000019.jpg,notflip__0049,notflip__0049,notflip,notflip
same_sequence_cross_split,0.9448592781332212,2,2,testing/notflip/0027_000000010.jpg,training/notflip/0027_000000015.jpg,notflip__0027,notflip__0027,notflip,notflip
same_sequence_cross_split,0.9448004100977513,0,2,testing/notflip/0039_000000022.jpg,training/notflip/0039_000000024.jpg,notflip__0039,notflip__0039,notflip,notflip
same_sequence_cross_split,0.9446550999246492,1,0,testing/notflip/0037_000000018.jpg,training/notflip/0037_000000022.jpg,notflip__0037,notflip__0037,notflip,notflip
same_sequence_cross_split,0.9446130817750957,0,2,testing/notflip/0025_000000025.jpg,training/notflip/0025_000000030.jpg,notflip__0025,notflip__0025,notflip,notflip
same_sequence_cross_split,0.9445045606541964,1,2,testing/flip/0043_000000015.jpg,training/flip/0043_000000016.jpg,flip__0043,flip__0043,flip,flip
same_sequence_cross_split,0.9444909777797864,4,2,testing/notflip/0027_000000013.jpg,training/notflip/0027_000000005.jpg,notflip__0027,notflip__0027,notflip,notflip
same_sequence_cross_split,0.944395163871413,1,0,testing/notflip/0037_000000018.jpg,training/notflip/0037_000000021.jpg,notflip__0037,notflip__0037,notflip,notflip
same_sequence_cross_split,0.9443478374184764,4,2,testing/flip/0054_000000011.jpg,training/flip/0054_000000012.jpg,flip__0054,flip__0054,flip,flip
same_sequence_cross_split,0.9443233390107831,4,2,testing/flip/0054_000000010.jpg,training/flip/0054_000000012.jpg,flip__0054,flip__0054,flip,flip
same_sequence_cross_split,0.9442198120359764,1,0,testing/notflip/0058_000000020.jpg,training/notflip/0058_000000014.jpg,notflip__0058,notflip__0058,notflip,notflip
same_sequence_cross_split,0.9441715367798488,2,2,testing/notflip/0031_000000015.jpg,training/notflip/0031_000000013.jpg,notflip__0031,notflip__0031,notflip,notflip
same_sequence_cross_split,0.9441700419047347,0,2,testing/notflip/0019_000000015.jpg,training/notflip/0019_000000010.jpg,notflip__0019,notflip__0019,notflip,notflip
same_sequence_cross_split,0.944125132593963,3,2,testing/flip/0060_000000008.jpg,training/flip/0060_000000010.jpg,flip__0060,flip__0060,flip,flip
same_sequence_cross_split,0.9440859549997398,3,2,testing/notflip/0010_000000026.jpg,training/notflip/0010_000000024.jpg,notflip__0010,notflip__0010,notflip,notflip
same_sequence_cross_split,0.944081873916303,1,2,testing/notflip/0019_000000015.jpg,training/notflip/0019_000000019.jpg,notflip__0019,notflip__0019,notflip,notflip
same_sequence_cross_split,0.9439980926217852,4,4,testing/notflip/0046_000000011.jpg,training/notflip/0046_000000007.jpg,notflip__0046,notflip__0046,notflip,notflip
same_sequence_cross_split,0.9439561967656123,1,0,testing/notflip/0048_000000026.jpg,training/notflip/0048_000000028.jpg,notflip__0048,notflip__0048,notflip,notflip
same_sequence_cross_split,0.943907736533887,3,2,testing/notflip/0023_000000024.jpg,training/notflip/0023_000000022.jpg,notflip__0023,notflip__0023,notflip,notflip
same_sequence_cross_split,0.9438914373637227,1,0,testing/notflip/0042_000000013.jpg,training/notflip/0042_000000011.jpg,notflip__0042,notflip__0042,notflip,notflip
same_sequence_cross_split,0.9438577567414752,2,2,testing/notflip/0041_000000014.jpg,training/notflip/0041_000000012.jpg,notflip__0041,notflip__0041,notflip,notflip
same_sequence_cross_split,0.9438162945137474,3,0,testing/flip/0060_000000008.jpg,training/flip/0060_000000007.jpg,flip__0060,flip__0060,flip,flip
same_sequence_cross_split,0.9437873600335204,1,0,testing/notflip/0043_000000026.jpg,training/notflip/0043_000000028.jpg,notflip__0043,notflip__0043,notflip,notflip
same_sequence_cross_split,0.9437837623412677,1,2,testing/notflip/0020_000000016.jpg,training/notflip/0020_000000013.jpg,notflip__0020,notflip__0020,notflip,notflip
same_sequence_cross_split,0.9437604634417227,1,0,testing/notflip/0058_000000021.jpg,training/notflip/0058_000000014.jpg,notflip__0058,notflip__0058,notflip,notflip
same_sequence_cross_split,0.9437223346963421,2,0,testing/notflip/0002_000000006.jpg,training/notflip/0002_000000011.jpg,notflip__0002,notflip__0002,notflip,notflip
same_sequence_cross_split,0.9435784154295305,3,2,testing/flip/0006_000000001.jpg,training/flip/0006_000000005.jpg,flip__0006,flip__0006,flip,flip
same_sequence_cross_split,0.9435296271287181,1,0,testing/notflip/0057_000000027.jpg,training/notflip/0057_000000025.jpg,notflip__0057,notflip__0057,notflip,notflip
same_sequence_cross_split,0.9435123633427339,1,4,testing/notflip/0029_000000019.jpg,training/notflip/0029_000000021.jpg,notflip__0029,notflip__0029,notflip,notflip
same_sequence_cross_split,0.9434787219586515,2,2,testing/notflip/0027_000000004.jpg,training/notflip/0027_000000009.jpg,notflip__0027,notflip__0027,notflip,notflip
same_sequence_cross_split,0.943441472857355,2,0,testing/notflip/0056_000000013.jpg,training/notflip/0056_000000017.jpg,notflip__0056,notflip__0056,notflip,notflip
same_sequence_cross_split,0.9434358784334097,1,0,testing/notflip/0053_000000025.jpg,training/notflip/0053_000000028.jpg,notflip__0053,notflip__0053,notflip,notflip
same_sequence_cross_split,0.9434301549582308,0,2,testing/notflip/0009_000000027.jpg,training/notflip/0009_000000025.jpg,notflip__0009,notflip__0009,notflip,notflip
same_sequence_cross_split,0.9434259427637575,1,2,testing/flip/0039_000000009.jpg,training/flip/0039_000000008.jpg,flip__0039,flip__0039,flip,flip
same_sequence_cross_split,0.9434253490656956,4,2,testing/flip/0044_000000003.jpg,training/flip/0044_000000005.jpg,flip__0044,flip__0044,flip,flip
same_sequence_cross_split,0.9433794812476185,3,2,testing/flip/0062_000000006.jpg,training/flip/0062_000000008.jpg,flip__0062,flip__0062,flip,flip
same_sequence_cross_split,0.9433429845158563,0,2,testing/notflip/0042_000000024.jpg,training/notflip/0042_000000026.jpg,notflip__0042,notflip__0042,notflip,notflip
same_sequence_cross_split,0.9432412101073809,4,2,testing/notflip/0036_000000030.jpg,training/notflip/0036_000000024.jpg,notflip__0036,notflip__0036,notflip,notflip
same_sequence_cross_split,0.9432375941094295,2,2,testing/notflip/0048_000000026.jpg,training/notflip/0048_000000012.jpg,notflip__0048,notflip__0048,notflip,notflip
same_sequence_cross_split,0.9432159711759626,1,2,testing/flip/0061_000000010.jpg,training/flip/0061_000000009.jpg,flip__0061,flip__0061,flip,flip
same_sequence_cross_split,0.9432140149092496,2,4,testing/notflip/0025_000000018.jpg,training/notflip/0025_000000028.jpg,notflip__0025,notflip__0025,notflip,notflip
same_sequence_cross_split,0.9430743018326734,2,4,testing/notflip/0041_000000015.jpg,training/notflip/0041_000000012.jpg,notflip__0041,notflip__0041,notflip,notflip
same_sequence_cross_split,0.943057761994306,1,2,testing/notflip/0042_000000021.jpg,training/notflip/0042_000000016.jpg,notflip__0042,notflip__0042,notflip,notflip
same_sequence_cross_split,0.9430316404890682,2,0,testing/notflip/0026_000000004.jpg,training/notflip/0026_000000003.jpg,notflip__0026,notflip__0026,notflip,notflip
same_sequence_cross_split,0.9429000052708014,0,0,testing/notflip/0045_000000028.jpg,training/notflip/0045_000000027.jpg,notflip__0045,notflip__0045,notflip,notflip
same_sequence_cross_split,0.9428205245213142,0,0,testing/notflip/0004_000000029.jpg,training/notflip/0004_000000028.jpg,notflip__0004,notflip__0004,notflip,notflip
same_sequence_cross_split,0.9427404815427218,0,2,testing/notflip/0019_000000015.jpg,training/notflip/0019_000000011.jpg,notflip__0019,notflip__0019,notflip,notflip
same_sequence_cross_split,0.9426707978241166,0,0,testing/notflip/0047_000000025.jpg,training/notflip/0047_000000021.jpg,notflip__0047,notflip__0047,notflip,notflip
same_sequence_cross_split,0.9426361275266714,2,0,testing/notflip/0056_000000013.jpg,training/notflip/0056_000000015.jpg,notflip__0056,notflip__0056,notflip,notflip
same_sequence_cross_split,0.9426182657382656,0,2,testing/notflip/0039_000000003.jpg,training/notflip/0039_000000002.jpg,notflip__0039,notflip__0039,notflip,notflip
same_sequence_cross_split,0.9426169955762127,0,0,testing/notflip/0007_000000010.jpg,training/notflip/0007_000000009.jpg,notflip__0007,notflip__0007,notflip,notflip
same_sequence_cross_split,0.942583600318906,1,0,testing/notflip/0005_000000022.jpg,training/notflip/0005_000000020.jpg,notflip__0005,notflip__0005,notflip,notflip
same_sequence_cross_split,0.9425728090592251,2,2,testing/notflip/0036_000000020.jpg,training/notflip/0036_000000016.jpg,notflip__0036,notflip__0036,notflip,notflip
same_sequence_cross_split,0.942472402707132,1,0,testing/notflip/0002_000000008.jpg,training/notflip/0002_000000005.jpg,notflip__0002,notflip__0002,notflip,notflip
same_sequence_cross_split,0.9424623945660189,0,0,testing/notflip/0053_000000025.jpg,training/notflip/0053_000000015.jpg,notflip__0053,notflip__0053,notflip,notflip
same_sequence_cross_split,0.942451458975864,2,0,testing/notflip/0004_000000029.jpg,training/notflip/0004_000000034.jpg,notflip__0004,notflip__0004,notflip,notflip
same_sequence_cross_split,0.9423601777773616,2,2,testing/notflip/0030_000000018.jpg,training/notflip/0030_000000027.jpg,notflip__0030,notflip__0030,notflip,notflip
same_sequence_cross_split,0.9423538190854532,2,0,testing/notflip/0031_000000016.jpg,training/notflip/0031_000000018.jpg,notflip__0031,notflip__0031,notflip,notflip
same_sequence_cross_split,0.9422963689367644,1,0,testing/notflip/0041_000000028.jpg,training/notflip/0041_000000037.jpg,notflip__0041,notflip__0041,notflip,notflip
same_sequence_cross_split,0.9422495132738389,1,0,testing/notflip/0023_000000020.jpg,training/notflip/0023_000000019.jpg,notflip__0023,notflip__0023,notflip,notflip
same_sequence_cross_split,0.9422405892980334,1,0,testing/notflip/0043_000000024.jpg,training/notflip/0043_000000027.jpg,notflip__0043,notflip__0043,notflip,notflip
same_sequence_cross_split,0.942219669963689,0,0,testing/notflip/0049_000000022.jpg,training/notflip/0049_000000016.jpg,notflip__0049,notflip__0049,notflip,notflip
same_sequence_cross_split,0.9421815743438476,0,2,testing/flip/0003_000000005.jpg,training/flip/0003_000000007.jpg,flip__0003,flip__0003,flip,flip
same_sequence_cross_split,0.9421293260105876,2,2,testing/notflip/0009_000000012.jpg,training/notflip/0009_000000010.jpg,notflip__0009,notflip__0009,notflip,notflip
same_sequence_cross_split,0.9421215174570237,1,4,testing/notflip/0019_000000015.jpg,training/notflip/0019_000000017.jpg,notflip__0019,notflip__0019,notflip,notflip
same_sequence_cross_split,0.9420993129862488,2,2,testing/flip/0021_000000011.jpg,training/flip/0021_000000010.jpg,flip__0021,flip__0021,flip,flip
same_sequence_cross_split,0.9420883321679027,0,2,testing/flip/0003_000000008.jpg,training/flip/0003_000000006.jpg,flip__0003,flip__0003,flip,flip
same_sequence_cross_split,0.942071298503501,0,2,testing/flip/0030_000000006.jpg,training/flip/0030_000000007.jpg,flip__0030,flip__0030,flip,flip
same_sequence_cross_split,0.9420285757158748,1,4,testing/flip/0008_000000005.jpg,training/flip/0008_000000004.jpg,flip__0008,flip__0008,flip,flip
same_sequence_cross_split,0.9420032468467908,1,2,testing/notflip/0049_000000018.jpg,training/notflip/0049_000000023.jpg,notflip__0049,notflip__0049,notflip,notflip
same_sequence_cross_split,0.9419596144389683,3,2,testing/notflip/0033_000000027.jpg,training/notflip/0033_000000024.jpg,notflip__0033,notflip__0033,notflip,notflip
same_sequence_cross_split,0.9419454169551944,3,2,testing/notflip/0008_000000020.jpg,training/notflip/0008_000000021.jpg,notflip__0008,notflip__0008,notflip,notflip
same_sequence_cross_split,0.9418861767620059,0,0,testing/notflip/0058_000000021.jpg,training/notflip/0058_000000016.jpg,notflip__0058,notflip__0058,notflip,notflip
same_sequence_cross_split,0.9418507508826854,2,2,testing/notflip/0055_000000013.jpg,training/notflip/0055_000000015.jpg,notflip__0055,notflip__0055,notflip,notflip
same_sequence_cross_split,0.94183810776155,3,2,testing/notflip/0048_000000015.jpg,training/notflip/0048_000000029.jpg,notflip__0048,notflip__0048,notflip,notflip
same_sequence_cross_split,0.9418085595300101,4,4,testing/notflip/0033_000000008.jpg,training/notflip/0033_000000009.jpg,notflip__0033,notflip__0033,notflip,notflip
same_sequence_cross_split,0.9417840476165467,0,4,testing/notflip/0057_000000003.jpg,training/notflip/0057_000000004.jpg,notflip__0057,notflip__0057,notflip,notflip
same_sequence_cross_split,0.9417743103136035,1,0,testing/notflip/0049_000000026.jpg,training/notflip/0049_000000030.jpg,notflip__0049,notflip__0049,notflip,notflip
same_sequence_cross_split,0.9416172394610482,1,0,testing/notflip/0057_000000012.jpg,training/notflip/0057_000000013.jpg,notflip__0057,notflip__0057,notflip,notflip
same_sequence_cross_split,0.9416019401399662,1,2,testing/notflip/0016_000000001.jpg,training/notflip/0016_000000004.jpg,notflip__0016,notflip__0016,notflip,notflip
same_sequence_cross_split,0.9415420591271715,3,2,testing/flip/0038_000000013.jpg,training/flip/0038_000000012.jpg,flip__0038,flip__0038,flip,flip
same_sequence_cross_split,0.941539173462175,1,4,testing/notflip/0044_000000027.jpg,training/notflip/0044_000000013.jpg,notflip__0044,notflip__0044,notflip,notflip
same_sequence_cross_split,0.9415310196428568,2,2,testing/notflip/0054_000000023.jpg,training/notflip/0054_000000018.jpg,notflip__0054,notflip__0054,notflip,notflip
same_sequence_cross_split,0.9414621572386568,2,4,testing/notflip/0053_000000011.jpg,training/notflip/0053_000000010.jpg,notflip__0053,notflip__0053,notflip,notflip
same_sequence_cross_split,0.941364764526408,3,0,testing/flip/0007_000000008.jpg,training/flip/0007_000000005.jpg,flip__0007,flip__0007,flip,flip
same_sequence_cross_split,0.9413617038866623,0,0,testing/notflip/0044_000000014.jpg,training/notflip/0044_000000013.jpg,notflip__0044,notflip__0044,notflip,notflip
same_sequence_cross_split,0.9413613805431598,0,0,testing/notflip/0056_000000011.jpg,training/notflip/0056_000000030.jpg,notflip__0056,notflip__0056,notflip,notflip
same_sequence_cross_split,0.9413277513921399,2,2,testing/notflip/0055_000000016.jpg,training/notflip/0055_000000020.jpg,notflip__0055,notflip__0055,notflip,notflip
same_sequence_cross_split,0.9412838802585758,3,0,testing/notflip/0048_000000030.jpg,training/notflip/0048_000000018.jpg,notflip__0048,notflip__0048,notflip,notflip
same_sequence_cross_split,0.9412197074796942,3,0,testing/notflip/0046_000000003.jpg,training/notflip/0046_000000002.jpg,notflip__0046,notflip__0046,notflip,notflip
same_sequence_cross_split,0.9412169255593532,2,2,testing/notflip/0042_000000027.jpg,training/notflip/0042_000000025.jpg,notflip__0042,notflip__0042,notflip,notflip
same_sequence_cross_split,0.9411941771561179,2,0,testing/notflip/0031_000000017.jpg,training/notflip/0031_000000014.jpg,notflip__0031,notflip__0031,notflip,notflip
same_sequence_cross_split,0.9411867384498911,2,0,testing/notflip/0040_000000016.jpg,training/notflip/0040_000000015.jpg,notflip__0040,notflip__0040,notflip,notflip
same_sequence_cross_split,0.9411643260258549,0,0,testing/notflip/0056_000000011.jpg,training/notflip/0056_000000026.jpg,notflip__0056,notflip__0056,notflip,notflip
same_sequence_cross_split,0.9411207383707392,2,0,testing/notflip/0053_000000017.jpg,training/notflip/0053_000000020.jpg,notflip__0053,notflip__0053,notflip,notflip
same_sequence_cross_split,0.941085197361031,3,0,testing/notflip/0024_000000006.jpg,training/notflip/0024_000000009.jpg,notflip__0024,notflip__0024,notflip,notflip
same_sequence_cross_split,0.9410472302360913,1,2,testing/notflip/0020_000000010.jpg,training/notflip/0020_000000013.jpg,notflip__0020,notflip__0020,notflip,notflip
same_sequence_cross_split,0.9410280959679875,0,0,testing/notflip/0002_000000027.jpg,training/notflip/0002_000000023.jpg,notflip__0002,notflip__0002,notflip,notflip
same_sequence_cross_split,0.9408285586850861,1,4,testing/notflip/0045_000000016.jpg,training/notflip/0045_000000014.jpg,notflip__0045,notflip__0045,notflip,notflip
same_sequence_cross_split,0.9407851820757124,2,0,testing/notflip/0025_000000018.jpg,training/notflip/0025_000000016.jpg,notflip__0025,notflip__0025,notflip,notflip
same_sequence_cross_split,0.9407789762938241,1,2,testing/notflip/0024_000000019.jpg,training/notflip/0024_000000017.jpg,notflip__0024,notflip__0024,notflip,notflip
same_sequence_cross_split,0.9407565874486798,2,4,testing/notflip/0025_000000018.jpg,training/notflip/0025_000000030.jpg,notflip__0025,notflip__0025,notflip,notflip
same_sequence_cross_split,0.9407313618590241,2,4,testing/flip/0053_000000012.jpg,training/flip/0053_000000013.jpg,flip__0053,flip__0053,flip,flip
same_sequence_cross_split,0.9406879475743327,0,2,testing/notflip/0036_000000020.jpg,training/notflip/0036_000000015.jpg,notflip__0036,notflip__0036,notflip,notflip
same_sequence_cross_split,0.9406672765190417,1,2,testing/notflip/0005_000000022.jpg,training/notflip/0005_000000024.jpg,notflip__0005,notflip__0005,notflip,notflip
same_sequence_cross_split,0.9405960867721713,3,2,testing/notflip/0044_000000014.jpg,training/notflip/0044_000000025.jpg,notflip__0044,notflip__0044,notflip,notflip
same_sequence_cross_split,0.9405903434400222,2,4,testing/notflip/0042_000000007.jpg,training/notflip/0042_000000008.jpg,notflip__0042,notflip__0042,notflip,notflip
same_sequence_cross_split,0.9405490904138115,1,2,testing/notflip/0048_000000030.jpg,training/notflip/0048_000000012.jpg,notflip__0048,notflip__0048,notflip,notflip
same_sequence_cross_split,0.9405149000830441,1,0,testing/notflip/0029_000000013.jpg,training/notflip/0029_000000014.jpg,notflip__0029,notflip__0029,notflip,notflip
same_sequence_cross_split,0.9405082048494523,0,0,testing/notflip/0002_000000027.jpg,training/notflip/0002_000000024.jpg,notflip__0002,notflip__0002,notflip,notflip
same_sequence_cross_split,0.9404771695180444,2,0,testing/notflip/0020_000000019.jpg,training/notflip/0020_000000017.jpg,notflip__0020,notflip__0020,notflip,notflip
same_sequence_cross_split,0.9404759857596482,3,2,testing/notflip/0028_000000024.jpg,training/notflip/0028_000000019.jpg,notflip__0028,notflip__0028,notflip,notflip
same_sequence_cross_split,0.9404649420756482,2,2,testing/notflip/0037_000000025.jpg,training/notflip/0037_000000022.jpg,notflip__0037,notflip__0037,notflip,notflip
same_sequence_cross_split,0.9404245833666642,1,2,testing/flip/0030_000000006.jpg,training/flip/0030_000000005.jpg,flip__0030,flip__0030,flip,flip
same_sequence_cross_split,0.9404223369801689,1,0,testing/notflip/0026_000000024.jpg,training/notflip/0026_000000022.jpg,notflip__0026,notflip__0026,notflip,notflip
same_sequence_cross_split,0.940393415435211,0,0,testing/flip/0038_000000026.jpg,training/flip/0038_000000028.jpg,flip__0038,flip__0038,flip,flip
same_sequence_cross_split,0.9401664687429486,4,4,testing/notflip/0047_000000029.jpg,training/notflip/0047_000000014.jpg,notflip__0047,notflip__0047,notflip,notflip
same_sequence_cross_split,0.9401636117784815,2,4,testing/flip/0042_000000011.jpg,training/flip/0042_000000008.jpg,flip__0042,flip__0042,flip,flip
same_sequence_cross_split,0.9401074082840191,2,2,testing/flip/0038_000000016.jpg,training/flip/0038_000000014.jpg,flip__0038,flip__0038,flip,flip
same_sequence_cross_split,0.9401055145435763,4,4,testing/notflip/0028_000000024.jpg,training/notflip/0028_000000018.jpg,notflip__0028,notflip__0028,notflip,notflip
same_sequence_cross_split,0.9400950026232564,3,4,testing/flip/0047_000000010.jpg,training/flip/0047_000000011.jpg,flip__0047,flip__0047,flip,flip
same_sequence_cross_split,0.9396605804692953,1,0,testing/notflip/0002_000000015.jpg,training/notflip/0002_000000020.jpg,notflip__0002,notflip__0002,notflip,notflip
same_sequence_cross_split,0.9395877505460214,1,2,testing/flip/0006_000000006.jpg,training/flip/0006_000000004.jpg,flip__0006,flip__0006,flip,flip
same_sequence_cross_split,0.9395688985625424,2,0,testing/notflip/0048_000000030.jpg,training/notflip/0048_000000019.jpg,notflip__0048,notflip__0048,notflip,notflip
same_sequence_cross_split,0.9395087768729093,1,2,testing/notflip/0019_000000015.jpg,training/notflip/0019_000000007.jpg,notflip__0019,notflip__0019,notflip,notflip
same_sequence_cross_split,0.9393472363530143,1,2,testing/notflip/0037_000000018.jpg,training/notflip/0037_000000023.jpg,notflip__0037,notflip__0037,notflip,notflip
same_sequence_cross_split,0.9392944440851069,4,0,testing/notflip/0033_000000025.jpg,training/notflip/0033_000000023.jpg,notflip__0033,notflip__0033,notflip,notflip
same_sequence_cross_split,0.9392637553102625,0,2,testing/notflip/0025_000000025.jpg,training/notflip/0025_000000029.jpg,notflip__0025,notflip__0025,notflip,notflip
same_sequence_cross_split,0.9391492053708191,1,2,testing/notflip/0035_000000026.jpg,training/notflip/0035_000000022.jpg,notflip__0035,notflip__0035,notflip,notflip
same_sequence_cross_split,0.9390941114893194,3,0,testing/notflip/0003_000000025.jpg,training/notflip/0003_000000022.jpg,notflip__0003,notflip__0003,notflip,notflip
same_sequence_cross_split,0.9390902631890355,0,2,testing/notflip/0046_000000028.jpg,training/notflip/0046_000000030.jpg,notflip__0046,notflip__0046,notflip,notflip
same_sequence_cross_split,0.9390763510443026,0,0,testing/notflip/0047_000000029.jpg,training/notflip/0047_000000022.jpg,notflip__0047,notflip__0047,notflip,notflip
same_sequence_cross_split,0.9389948715259627,2,0,testing/notflip/0053_000000017.jpg,training/notflip/0053_000000027.jpg,notflip__0053,notflip__0053,notflip,notflip
same_sequence_cross_split,0.938932858453533,0,0,testing/notflip/0049_000000006.jpg,training/notflip/0049_000000005.jpg,notflip__0049,notflip__0049,notflip,notflip
same_sequence_cross_split,0.9388922014144153,1,2,testing/notflip/0052_000000006.jpg,training/notflip/0052_000000007.jpg,notflip__0052,notflip__0052,notflip,notflip
same_sequence_cross_split,0.9388697905487499,3,2,testing/flip/0042_000000012.jpg,training/flip/0042_000000010.jpg,flip__0042,flip__0042,flip,flip
same_sequence_cross_split,0.9387378658681319,0,0,testing/notflip/0023_000000024.jpg,training/notflip/0023_000000027.jpg,notflip__0023,notflip__0023,notflip,notflip
same_sequence_cross_split,0.938658014008269,2,2,testing/notflip/0010_000000026.jpg,training/notflip/0010_000000023.jpg,notflip__0010,notflip__0010,notflip,notflip
same_sequence_cross_split,0.9386496977879674,2,2,testing/notflip/0008_000000023.jpg,training/notflip/0008_000000021.jpg,notflip__0008,notflip__0008,notflip,notflip
same_sequence_cross_split,0.938642062731787,3,2,testing/notflip/0041_000000036.jpg,training/notflip/0041_000000032.jpg,notflip__0041,notflip__0041,notflip,notflip
same_sequence_cross_split,0.9385472539503202,0,0,testing/notflip/0052_000000014.jpg,training/notflip/0052_000000013.jpg,notflip__0052,notflip__0052,notflip,notflip
same_sequence_cross_split,0.9385375779757991,1,2,testing/notflip/0029_000000017.jpg,training/notflip/0029_000000020.jpg,notflip__0029,notflip__0029,notflip,notflip
same_sequence_cross_split,0.9384764302283123,2,2,testing/notflip/0047_000000029.jpg,training/notflip/0047_000000016.jpg,notflip__0047,notflip__0047,notflip,notflip
same_sequence_cross_split,0.9384572809788077,2,2,testing/notflip/0006_000000023.jpg,training/notflip/0006_000000022.jpg,notflip__0006,notflip__0006,notflip,notflip
same_sequence_cross_split,0.9384034089555184,0,2,testing/notflip/0019_000000012.jpg,training/notflip/0019_000000014.jpg,notflip__0019,notflip__0019,notflip,notflip
same_sequence_cross_split,0.9382949279122849,1,2,testing/flip/0044_000000015.jpg,training/flip/0044_000000014.jpg,flip__0044,flip__0044,flip,flip
same_sequence_cross_split,0.938222007376088,1,0,testing/notflip/0047_000000024.jpg,training/notflip/0047_000000028.jpg,notflip__0047,notflip__0047,notflip,notflip
same_sequence_cross_split,0.938205617638982,0,2,testing/notflip/0002_000000026.jpg,training/notflip/0002_000000029.jpg,notflip__0002,notflip__0002,notflip,notflip
same_sequence_cross_split,0.93810527492019,0,2,testing/flip/0036_000000009.jpg,training/flip/0036_000000010.jpg,flip__0036,flip__0036,flip,flip
same_sequence_cross_split,0.938079121517336,1,0,testing/notflip/0002_000000015.jpg,training/notflip/0002_000000019.jpg,notflip__0002,notflip__0002,notflip,notflip
same_sequence_cross_split,0.938063243392797,2,0,testing/flip/0009_000000007.jpg,training/flip/0009_000000006.jpg,flip__0009,flip__0009,flip,flip
same_sequence_cross_split,0.9380480737265342,0,2,testing/notflip/0057_000000012.jpg,training/notflip/0057_000000011.jpg,notflip__0057,notflip__0057,notflip,notflip
same_sequence_cross_split,0.9380403058969116,2,2,testing/notflip/0031_000000015.jpg,training/notflip/0031_000000012.jpg,notflip__0031,notflip__0031,notflip,notflip
same_sequence_cross_split,0.9379597007041612,1,0,testing/flip/0042_000000006.jpg,training/flip/0042_000000008.jpg,flip__0042,flip__0042,flip,flip
same_sequence_cross_split,0.937802637281902,3,0,testing/notflip/0030_000000018.jpg,training/notflip/0030_000000017.jpg,notflip__0030,notflip__0030,notflip,notflip
same_sequence_cross_split,0.9378016637103558,0,0,testing/notflip/0041_000000021.jpg,training/notflip/0041_000000023.jpg,notflip__0041,notflip__0041,notflip,notflip
same_sequence_cross_split,0.9377612972242518,3,0,testing/notflip/0030_000000018.jpg,training/notflip/0030_000000016.jpg,notflip__0030,notflip__0030,notflip,notflip
same_sequence_cross_split,0.9376398054559492,1,0,testing/notflip/0053_000000016.jpg,training/notflip/0053_000000026.jpg,notflip__0053,notflip__0053,notflip,notflip
same_sequence_cross_split,0.9375688045433436,1,0,testing/flip/0008_000000005.jpg,training/flip/0008_000000006.jpg,flip__0008,flip__0008,flip,flip
same_sequence_cross_split,0.9375523433496702,0,0,testing/notflip/0006_000000016.jpg,training/notflip/0006_000000014.jpg,notflip__0006,notflip__0006,notflip,notflip
same_sequence_cross_split,0.9374745204993109,0,0,testing/notflip/0001_000000024.jpg,training/notflip/0001_000000027.jpg,notflip__0001,notflip__0001,notflip,notflip
same_sequence_cross_split,0.9373767438141025,1,2,testing/notflip/0054_000000020.jpg,training/notflip/0054_000000025.jpg,notflip__0054,notflip__0054,notflip,notflip
same_sequence_cross_split,0.9373221524137985,4,2,testing/notflip/0008_000000023.jpg,training/notflip/0008_000000025.jpg,notflip__0008,notflip__0008,notflip,notflip
same_sequence_cross_split,0.9372643419293795,2,0,testing/notflip/0030_000000022.jpg,training/notflip/0030_000000021.jpg,notflip__0030,notflip__0030,notflip,notflip
same_sequence_cross_split,0.9372007518702968,3,2,testing/notflip/0044_000000014.jpg,training/notflip/0044_000000020.jpg,notflip__0044,notflip__0044,notflip,notflip
same_sequence_cross_split,0.9371782309673794,2,0,testing/notflip/0030_000000023.jpg,training/notflip/0030_000000021.jpg,notflip__0030,notflip__0030,notflip,notflip
same_sequence_cross_split,0.9370923282298665,3,4,testing/flip/0063_000000011.jpg,training/flip/0063_000000012.jpg,flip__0063,flip__0063,flip,flip
same_sequence_cross_split,0.9370589855082748,0,2,testing/notflip/0049_000000006.jpg,training/notflip/0049_000000007.jpg,notflip__0049,notflip__0049,notflip,notflip
same_sequence_cross_split,0.9370107974665383,1,0,testing/notflip/0025_000000018.jpg,training/notflip/0025_000000020.jpg,notflip__0025,notflip__0025,notflip,notflip
same_sequence_cross_split,0.936908556797126,0,2,testing/flip/0053_000000012.jpg,training/flip/0053_000000011.jpg,flip__0053,flip__0053,flip,flip
same_sequence_cross_split,0.9369021253640273,1,2,testing/notflip/0054_000000023.jpg,training/notflip/0054_000000028.jpg,notflip__0054,notflip__0054,notflip,notflip
same_sequence_cross_split,0.9368713794944855,2,2,testing/flip/0011_000000006.jpg,training/flip/0011_000000007.jpg,flip__0011,flip__0011,flip,flip
same_sequence_cross_split,0.9368381286518075,1,2,testing/notflip/0019_000000015.jpg,training/notflip/0019_000000021.jpg,notflip__0019,notflip__0019,notflip,notflip
same_sequence_cross_split,0.9367944735659424,3,4,testing/notflip/0033_000000008.jpg,training/notflip/0033_000000007.jpg,notflip__0033,notflip__0033,notflip,notflip
same_sequence_cross_split,0.9367756567496804,3,0,testing/flip/0058_000000004.jpg,training/flip/0058_000000005.jpg,flip__0058,flip__0058,flip,flip
same_sequence_cross_split,0.9367494812529851,2,2,testing/notflip/0055_000000012.jpg,training/notflip/0055_000000014.jpg,notflip__0055,notflip__0055,notflip,notflip
same_sequence_cross_split,0.936703546692743,0,0,testing/flip/0018_000000004.jpg,training/flip/0018_000000005.jpg,flip__0018,flip__0018,flip,flip
same_sequence_cross_split,0.9365864329877219,1,0,testing/flip/0006_000000008.jpg,training/flip/0006_000000010.jpg,flip__0006,flip__0006,flip,flip
same_sequence_cross_split,0.9364843561775906,2,2,testing/notflip/0054_000000027.jpg,training/notflip/0054_000000022.jpg,notflip__0054,notflip__0054,notflip,notflip
same_sequence_cross_split,0.9364628043591545,1,0,testing/notflip/0041_000000028.jpg,training/notflip/0041_000000031.jpg,notflip__0041,notflip__0041,notflip,notflip
same_sequence_cross_split,0.9363611398785582,1,2,testing/notflip/0041_000000021.jpg,training/notflip/0041_000000018.jpg,notflip__0041,notflip__0041,notflip,notflip
same_sequence_cross_split,0.9363561172990698,1,4,testing/flip/0030_000000027.jpg,training/flip/0030_000000026.jpg,flip__0030,flip__0030,flip,flip
same_sequence_cross_split,0.9361568830191482,2,2,testing/notflip/0042_000000021.jpg,training/notflip/0042_000000026.jpg,notflip__0042,notflip__0042,notflip,notflip
same_sequence_cross_split,0.936150522610871,2,0,testing/flip/0060_000000006.jpg,training/flip/0060_000000005.jpg,flip__0060,flip__0060,flip,flip
same_sequence_cross_split,0.9361220881990971,3,4,testing/notflip/0056_000000027.jpg,training/notflip/0056_000000008.jpg,notflip__0056,notflip__0056,notflip,notflip
same_sequence_cross_split,0.9360379161003912,2,2,testing/notflip/0031_000000019.jpg,training/notflip/0031_000000025.jpg,notflip__0031,notflip__0031,notflip,notflip
same_sequence_cross_split,0.9360254178997726,0,2,testing/notflip/0049_000000011.jpg,training/notflip/0049_000000009.jpg,notflip__0049,notflip__0049,notflip,notflip
same_sequence_cross_split,0.9359403197793108,1,2,testing/notflip/0047_000000029.jpg,training/notflip/0047_000000018.jpg,notflip__0047,notflip__0047,notflip,notflip
same_sequence_cross_split,0.9358550867702218,4,2,testing/notflip/0020_000000010.jpg,training/notflip/0020_000000005.jpg,notflip__0020,notflip__0020,notflip,notflip
same_sequence_cross_split,0.9357348584366794,1,2,testing/notflip/0047_000000024.jpg,training/notflip/0047_000000017.jpg,notflip__0047,notflip__0047,notflip,notflip
same_sequence_cross_split,0.9356718839158014,3,0,testing/notflip/0048_000000026.jpg,training/notflip/0048_000000019.jpg,notflip__0048,notflip__0048,notflip,notflip
same_sequence_cross_split,0.9356236052439838,2,4,testing/notflip/0044_000000014.jpg,training/notflip/0044_000000029.jpg,notflip__0044,notflip__0044,notflip,notflip
same_sequence_cross_split,0.9355713410542786,2,2,testing/notflip/0027_000000017.jpg,training/notflip/0027_000000016.jpg,notflip__0027,notflip__0027,notflip,notflip
same_sequence_cross_split,0.9355115718696775,2,2,testing/notflip/0048_000000030.jpg,training/notflip/0048_000000013.jpg,notflip__0048,notflip__0048,notflip,notflip
same_sequence_cross_split,0.9354726771691648,0,0,testing/flip/0008_000000007.jpg,training/flip/0008_000000006.jpg,flip__0008,flip__0008,flip,flip
same_sequence_cross_split,0.9354699759269123,1,4,testing/notflip/0029_000000018.jpg,training/notflip/0029_000000021.jpg,notflip__0029,notflip__0029,notflip,notflip
same_sequence_cross_split,0.9353783170706357,1,2,testing/notflip/0010_000000007.jpg,training/notflip/0010_000000008.jpg,notflip__0010,notflip__0010,notflip,notflip
same_sequence_cross_split,0.9353582158157865,3,0,testing/notflip/0048_000000026.jpg,training/notflip/0048_000000021.jpg,notflip__0048,notflip__0048,notflip,notflip
same_sequence_cross_split,0.9352387791207553,2,4,testing/notflip/0033_000000015.jpg,training/notflip/0033_000000012.jpg,notflip__0033,notflip__0033,notflip,notflip
same_sequence_cross_split,0.9352082797422064,3,4,testing/flip/0048_000000010.jpg,training/flip/0048_000000012.jpg,flip__0048,flip__0048,flip,flip
same_sequence_cross_split,0.9351880164448166,0,2,testing/notflip/0039_000000026.jpg,training/notflip/0039_000000025.jpg,notflip__0039,notflip__0039,notflip,notflip
same_sequence_cross_split,0.935167765719805,4,4,testing/notflip/0026_000000014.jpg,training/notflip/0026_000000016.jpg,notflip__0026,notflip__0026,notflip,notflip
same_sequence_cross_split,0.9350344644973416,2,0,testing/notflip/0003_000000025.jpg,training/notflip/0003_000000023.jpg,notflip__0003,notflip__0003,notflip,notflip
same_sequence_cross_split,0.9350292668649436,3,0,testing/notflip/0045_000000018.jpg,training/notflip/0045_000000020.jpg,notflip__0045,notflip__0045,notflip,notflip
same_sequence_cross_split,0.9349948626329554,1,2,testing/flip/0014_000000003.jpg,training/flip/0014_000000005.jpg,flip__0014,flip__0014,flip,flip
same_sequence_cross_split,0.9349664888804552,2,0,testing/flip/0016_000000004.jpg,training/flip/0016_000000002.jpg,flip__0016,flip__0016,flip,flip
same_sequence_cross_split,0.9349205840398866,1,2,testing/flip/0062_000000009.jpg,training/flip/0062_000000010.jpg,flip__0062,flip__0062,flip,flip
same_sequence_cross_split,0.9349005334181317,2,0,testing/notflip/0037_000000015.jpg,training/notflip/0037_000000013.jpg,notflip__0037,notflip__0037,notflip,notflip
same_sequence_cross_split,0.9348917408532779,0,2,testing/notflip/0058_000000025.jpg,training/notflip/0058_000000027.jpg,notflip__0058,notflip__0058,notflip,notflip
same_sequence_cross_split,0.9348836803291284,1,0,testing/notflip/0025_000000018.jpg,training/notflip/0025_000000023.jpg,notflip__0025,notflip__0025,notflip,notflip
same_sequence_cross_split,0.9348735780317284,2,0,testing/notflip/0048_000000030.jpg,training/notflip/0048_000000024.jpg,notflip__0048,notflip__0048,notflip,notflip
same_sequence_cross_split,0.9348526045966831,4,2,testing/notflip/0025_000000013.jpg,training/notflip/0025_000000014.jpg,notflip__0025,notflip__0025,notflip,notflip
same_sequence_cross_split,0.9348501983850049,0,0,testing/notflip/0048_000000030.jpg,training/notflip/0048_000000027.jpg,notflip__0048,notflip__0048,notflip,notflip
same_sequence_cross_split,0.9347870243437386,1,2,testing/notflip/0057_000000003.jpg,training/notflip/0057_000000002.jpg,notflip__0057,notflip__0057,notflip,notflip
same_sequence_cross_split,0.9347667626006547,0,2,testing/notflip/0050_000000013.jpg,training/notflip/0050_000000014.jpg,notflip__0050,notflip__0050,notflip,notflip
same_sequence_cross_split,0.9346774964836576,1,2,testing/notflip/0053_000000025.jpg,training/notflip/0053_000000023.jpg,notflip__0053,notflip__0053,notflip,notflip
same_sequence_cross_split,0.9346547398706426,2,2,testing/flip/0041_000000015.jpg,training/flip/0041_000000017.jpg,flip__0041,flip__0041,flip,flip
same_sequence_cross_split,0.9346198190502976,3,2,testing/notflip/0024_000000006.jpg,training/notflip/0024_000000010.jpg,notflip__0024,notflip__0024,notflip,notflip
same_sequence_cross_split,0.9345964861269223,4,4,testing/flip/0060_000000008.jpg,training/flip/0060_000000011.jpg,flip__0060,flip__0060,flip,flip
same_sequence_cross_split,0.9345415922176563,2,4,testing/notflip/0042_000000027.jpg,training/notflip/0042_000000020.jpg,notflip__0042,notflip__0042,notflip,notflip
same_sequence_cross_split,0.9345352519480545,1,0,testing/notflip/0004_000000002.jpg,training/notflip/0004_000000001.jpg,notflip__0004,notflip__0004,notflip,notflip
same_sequence_cross_split,0.9344809433835156,2,0,testing/notflip/0056_000000011.jpg,training/notflip/0056_000000017.jpg,notflip__0056,notflip__0056,notflip,notflip
same_sequence_cross_split,0.9344379478532103,0,0,testing/notflip/0053_000000025.jpg,training/notflip/0053_000000024.jpg,notflip__0053,notflip__0053,notflip,notflip
same_sequence_cross_split,0.9344363625737951,1,2,testing/notflip/0046_000000027.jpg,training/notflip/0046_000000022.jpg,notflip__0046,notflip__0046,notflip,notflip
same_sequence_cross_split,0.9342848334011706,0,0,testing/notflip/0002_000000028.jpg,training/notflip/0002_000000025.jpg,notflip__0002,notflip__0002,notflip,notflip
same_sequence_cross_split,0.9342847158761158,2,0,testing/notflip/0056_000000027.jpg,training/notflip/0056_000000017.jpg,notflip__0056,notflip__0056,notflip,notflip
same_sequence_cross_split,0.9342676826060192,1,0,testing/notflip/0006_000000015.jpg,training/notflip/0006_000000013.jpg,notflip__0006,notflip__0006,notflip,notflip
same_sequence_cross_split,0.9341227244063839,3,0,testing/notflip/0051_000000012.jpg,training/notflip/0051_000000007.jpg,notflip__0051,notflip__0051,notflip,notflip
same_sequence_cross_split,0.9340710478688996,2,2,testing/notflip/0046_000000027.jpg,training/notflip/0046_000000029.jpg,notflip__0046,notflip__0046,notflip,notflip
same_sequence_cross_split,0.9340597381841845,1,2,testing/notflip/0058_000000013.jpg,training/notflip/0058_000000019.jpg,notflip__0058,notflip__0058,notflip,notflip
different_sequence_cross_split_cross_label,0.9340302652601027,2,2,testing/notflip/0045_000000028.jpg,training/flip/0053_000000002.jpg,notflip__0045,flip__0053,notflip,flip
different_sequence_cross_split_cross_label,0.9340228718616729,2,2,testing/notflip/0045_000000028.jpg,training/flip/0053_000000001.jpg,notflip__0045,flip__0053,notflip,flip
same_sequence_cross_split,0.9340005313620339,1,0,testing/notflip/0006_000000019.jpg,training/notflip/0006_000000020.jpg,notflip__0006,notflip__0006,notflip,notflip
same_sequence_cross_split,0.9339105064817806,4,4,testing/flip/0005_000000008.jpg,training/flip/0005_000000009.jpg,flip__0005,flip__0005,flip,flip
same_sequence_cross_split,0.9338960756136796,2,2,testing/notflip/0036_000000014.jpg,training/notflip/0036_000000026.jpg,notflip__0036,notflip__0036,notflip,notflip
same_sequence_cross_split,0.9338661046245442,1,2,testing/notflip/0027_000000013.jpg,training/notflip/0027_000000016.jpg,notflip__0027,notflip__0027,notflip,notflip
same_sequence_cross_split,0.9337680414671942,0,0,testing/notflip/0002_000000012.jpg,training/notflip/0002_000000009.jpg,notflip__0002,notflip__0002,notflip,notflip
same_sequence_cross_split,0.9337558845768414,0,0,testing/notflip/0045_000000016.jpg,training/notflip/0045_000000015.jpg,notflip__0045,notflip__0045,notflip,notflip
same_sequence_cross_split,0.9337520490829563,2,4,testing/flip/0059_000000017.jpg,training/flip/0059_000000018.jpg,flip__0059,flip__0059,flip,flip
same_sequence_cross_split,0.9337288546841297,0,0,testing/notflip/0009_000000017.jpg,training/notflip/0009_000000019.jpg,notflip__0009,notflip__0009,notflip,notflip
same_sequence_cross_split,0.9336715199380419,3,4,testing/flip/0042_000000012.jpg,training/flip/0042_000000009.jpg,flip__0042,flip__0042,flip,flip
same_sequence_cross_split,0.9335661983102826,3,0,testing/notflip/0037_000000019.jpg,training/notflip/0037_000000016.jpg,notflip__0037,notflip__0037,notflip,notflip
same_sequence_cross_split,0.933491278621017,0,0,testing/notflip/0049_000000018.jpg,training/notflip/0049_000000014.jpg,notflip__0049,notflip__0049,notflip,notflip
same_sequence_cross_split,0.9334901682604105,3,0,testing/notflip/0051_000000025.jpg,training/notflip/0051_000000022.jpg,notflip__0051,notflip__0051,notflip,notflip
same_sequence_cross_split,0.9334334979498085,3,4,testing/notflip/0004_000000023.jpg,training/notflip/0004_000000025.jpg,notflip__0004,notflip__0004,notflip,notflip
same_sequence_cross_split,0.9334155687027045,2,0,testing/flip/0038_000000032.jpg,training/flip/0038_000000031.jpg,flip__0038,flip__0038,flip,flip
same_sequence_cross_split,0.9333809237252612,2,2,testing/notflip/0020_000000004.jpg,training/notflip/0020_000000001.jpg,notflip__0020,notflip__0020,notflip,notflip
same_sequence_cross_split,0.9333225605275497,2,2,testing/notflip/0044_000000027.jpg,training/notflip/0044_000000012.jpg,notflip__0044,notflip__0044,notflip,notflip
same_sequence_cross_split,0.9332538257034028,2,2,testing/notflip/0054_000000023.jpg,training/notflip/0054_000000017.jpg,notflip__0054,notflip__0054,notflip,notflip
same_sequence_cross_split,0.9332128687139587,1,2,testing/notflip/0047_000000024.jpg,training/notflip/0047_000000016.jpg,notflip__0047,notflip__0047,notflip,notflip
same_sequence_cross_split,0.9331973400634523,1,2,testing/notflip/0029_000000025.jpg,training/notflip/0029_000000022.jpg,notflip__0029,notflip__0029,notflip,notflip
same_sequence_cross_split,0.933115497730612,2,2,testing/flip/0028_000000019.jpg,training/flip/0028_000000020.jpg,flip__0028,flip__0028,flip,flip
same_sequence_cross_split,0.9330840393004888,2,2,testing/flip/0006_000000006.jpg,training/flip/0006_000000002.jpg,flip__0006,flip__0006,flip,flip
same_sequence_cross_split,0.9330712672041243,0,0,testing/notflip/0056_000000022.jpg,training/notflip/0056_000000030.jpg,notflip__0056,notflip__0056,notflip,notflip
same_sequence_cross_split,0.9330382864951547,2,2,testing/notflip/0054_000000020.jpg,training/notflip/0054_000000026.jpg,notflip__0054,notflip__0054,notflip,notflip
same_sequence_cross_split,0.9328352989762941,2,2,testing/flip/0048_000000011.jpg,training/flip/0048_000000009.jpg,flip__0048,flip__0048,flip,flip
same_sequence_cross_split,0.9328333199116596,2,2,testing/notflip/0036_000000014.jpg,training/notflip/0036_000000027.jpg,notflip__0036,notflip__0036,notflip,notflip
same_sequence_cross_split,0.9326978451505148,4,2,testing/flip/0016_000000004.jpg,training/flip/0016_000000005.jpg,flip__0016,flip__0016,flip,flip
same_sequence_cross_split,0.9326589580141886,2,0,testing/notflip/0003_000000018.jpg,training/notflip/0003_000000014.jpg,notflip__0003,notflip__0003,notflip,notflip
same_sequence_cross_split,0.9326562066385158,3,2,testing/notflip/0031_000000016.jpg,training/notflip/0031_000000013.jpg,notflip__0031,notflip__0031,notflip,notflip
same_sequence_cross_split,0.9325771374599204,1,2,testing/flip/0014_000000004.jpg,training/flip/0014_000000002.jpg,flip__0014,flip__0014,flip,flip
same_sequence_cross_split,0.9325591042688296,1,2,testing/flip/0014_000000004.jpg,training/flip/0014_000000001.jpg,flip__0014,flip__0014,flip,flip
same_sequence_cross_split,0.9325370369210817,2,2,testing/notflip/0038_000000023.jpg,training/notflip/0038_000000026.jpg,notflip__0038,notflip__0038,notflip,notflip
same_sequence_cross_split,0.9324928575073365,2,0,testing/flip/0030_000000012.jpg,training/flip/0030_000000013.jpg,flip__0030,flip__0030,flip,flip
same_sequence_cross_split,0.9324862605501945,2,2,testing/notflip/0041_000000036.jpg,training/notflip/0041_000000027.jpg,notflip__0041,notflip__0041,notflip,notflip
same_sequence_cross_split,0.9324689931907976,1,2,testing/notflip/0011_000000027.jpg,training/notflip/0011_000000025.jpg,notflip__0011,notflip__0011,notflip,notflip
same_sequence_cross_split,0.9324210504217965,4,4,testing/flip/0042_000000012.jpg,training/flip/0042_000000008.jpg,flip__0042,flip__0042,flip,flip
same_sequence_cross_split,0.9323294943485084,3,2,testing/notflip/0027_000000001.jpg,training/notflip/0027_000000005.jpg,notflip__0027,notflip__0027,notflip,notflip
same_sequence_cross_split,0.9322985451340655,1,0,testing/notflip/0016_000000014.jpg,training/notflip/0016_000000013.jpg,notflip__0016,notflip__0016,notflip,notflip
same_sequence_cross_split,0.9322299073757087,2,2,testing/notflip/0041_000000036.jpg,training/notflip/0041_000000029.jpg,notflip__0041,notflip__0041,notflip,notflip
same_sequence_cross_split,0.9322225713369238,1,0,testing/notflip/0036_000000025.jpg,training/notflip/0036_000000021.jpg,notflip__0036,notflip__0036,notflip,notflip
different_sequence_cross_split_cross_label,0.9320689495021507,3,2,testing/flip/0042_000000002.jpg,training/notflip/0033_000000023.jpg,flip__0042,notflip__0033,flip,notflip
same_sequence_cross_split,0.9320162082107052,3,0,testing/notflip/0020_000000010.jpg,training/notflip/0020_000000006.jpg,notflip__0020,notflip__0020,notflip,notflip
same_sequence_cross_split,0.9319731515867743,2,2,testing/notflip/0054_000000023.jpg,training/notflip/0054_000000016.jpg,notflip__0054,notflip__0054,notflip,notflip
same_sequence_cross_split,0.9319455711288964,0,0,testing/flip/0038_000000016.jpg,training/flip/0038_000000017.jpg,flip__0038,flip__0038,flip,flip
same_sequence_cross_split,0.9319430932619838,2,0,testing/flip/0038_000000013.jpg,training/flip/0038_000000014.jpg,flip__0038,flip__0038,flip,flip
same_sequence_cross_split,0.9318236333723057,2,4,testing/notflip/0042_000000024.jpg,training/notflip/0042_000000017.jpg,notflip__0042,notflip__0042,notflip,notflip
same_sequence_cross_split,0.9318150899273557,3,2,testing/notflip/0033_000000006.jpg,training/notflip/0033_000000007.jpg,notflip__0033,notflip__0033,notflip,notflip
same_sequence_cross_split,0.931810228074562,3,0,testing/notflip/0031_000000019.jpg,training/notflip/0031_000000024.jpg,notflip__0031,notflip__0031,notflip,notflip
same_sequence_cross_split,0.931710559025046,1,0,testing/notflip/0030_000000001.jpg,training/notflip/0030_000000002.jpg,notflip__0030,notflip__0030,notflip,notflip
same_sequence_cross_split,0.9316823943804686,1,0,testing/flip/0010_000000004.jpg,training/flip/0010_000000005.jpg,flip__0010,flip__0010,flip,flip
same_sequence_cross_split,0.9316612064431531,4,2,testing/notflip/0027_000000004.jpg,training/notflip/0027_000000012.jpg,notflip__0027,notflip__0027,notflip,notflip
same_sequence_cross_split,0.9316090639372693,2,2,testing/notflip/0023_000000024.jpg,training/notflip/0023_000000021.jpg,notflip__0023,notflip__0023,notflip,notflip
same_sequence_cross_split,0.9315884411160172,4,2,testing/flip/0044_000000003.jpg,training/flip/0044_000000006.jpg,flip__0044,flip__0044,flip,flip
same_sequence_cross_split,0.9315794731861552,3,2,testing/notflip/0031_000000017.jpg,training/notflip/0031_000000026.jpg,notflip__0031,notflip__0031,notflip,notflip
same_sequence_cross_split,0.9314785075033556,2,2,testing/flip/0006_000000006.jpg,training/flip/0006_000000003.jpg,flip__0006,flip__0006,flip,flip
same_sequence_cross_split,0.931274492529445,1,0,testing/notflip/0037_000000014.jpg,training/notflip/0037_000000012.jpg,notflip__0037,notflip__0037,notflip,notflip
same_sequence_cross_split,0.9312364655877606,1,0,testing/notflip/0047_000000025.jpg,training/notflip/0047_000000028.jpg,notflip__0047,notflip__0047,notflip,notflip
same_sequence_cross_split,0.9312109643115956,3,2,testing/notflip/0010_000000026.jpg,training/notflip/0010_000000022.jpg,notflip__0010,notflip__0010,notflip,notflip
same_sequence_cross_split,0.9311851923877001,1,2,testing/flip/0065_000000005.jpg,training/flip/0065_000000003.jpg,flip__0065,flip__0065,flip,flip
same_sequence_cross_split,0.9311448687427848,4,0,testing/notflip/0051_000000012.jpg,training/notflip/0051_000000026.jpg,notflip__0051,notflip__0051,notflip,notflip
same_sequence_cross_split,0.9310864241438811,2,2,testing/notflip/0045_000000028.jpg,training/notflip/0045_000000015.jpg,notflip__0045,notflip__0045,notflip,notflip
same_sequence_cross_split,0.9310667373401808,1,0,testing/notflip/0050_000000011.jpg,training/notflip/0050_000000012.jpg,notflip__0050,notflip__0050,notflip,notflip
different_sequence_cross_split_cross_label,0.9310221855514866,3,4,testing/flip/0062_000000003.jpg,training/notflip/0055_000000030.jpg,flip__0062,notflip__0055,flip,notflip
same_sequence_cross_split,0.9307152537470578,3,0,testing/notflip/0051_000000012.jpg,training/notflip/0051_000000022.jpg,notflip__0051,notflip__0051,notflip,notflip
same_sequence_cross_split,0.9306024078789311,2,0,testing/notflip/0041_000000036.jpg,training/notflip/0041_000000033.jpg,notflip__0041,notflip__0041,notflip,notflip
same_sequence_cross_split,0.9305531361676267,1,2,testing/notflip/0031_000000017.jpg,training/notflip/0031_000000025.jpg,notflip__0031,notflip__0031,notflip,notflip
same_sequence_cross_split,0.9305263614452307,1,2,testing/notflip/0053_000000016.jpg,training/notflip/0053_000000022.jpg,notflip__0053,notflip__0053,notflip,notflip
same_sequence_cross_split,0.9304531844841148,4,2,testing/notflip/0031_000000019.jpg,training/notflip/0031_000000026.jpg,notflip__0031,notflip__0031,notflip,notflip
same_sequence_cross_split,0.9304530458421405,0,0,testing/notflip/0038_000000023.jpg,training/notflip/0038_000000021.jpg,notflip__0038,notflip__0038,notflip,notflip
same_sequence_cross_split,0.9303805922144212,0,2,testing/notflip/0044_000000027.jpg,training/notflip/0044_000000016.jpg,notflip__0044,notflip__0044,notflip,notflip
same_sequence_cross_split,0.9303648104576393,2,0,testing/notflip/0051_000000012.jpg,training/notflip/0051_000000020.jpg,notflip__0051,notflip__0051,notflip,notflip
same_sequence_cross_split,0.9302996771577182,1,2,testing/notflip/0009_000000012.jpg,training/notflip/0009_000000014.jpg,notflip__0009,notflip__0009,notflip,notflip
same_sequence_cross_split,0.9301939434508283,0,4,testing/flip/0030_000000009.jpg,training/flip/0030_000000010.jpg,flip__0030,flip__0030,flip,flip
same_sequence_cross_split,0.930006511687019,1,0,testing/notflip/0047_000000029.jpg,training/notflip/0047_000000026.jpg,notflip__0047,notflip__0047,notflip,notflip
same_sequence_cross_split,0.9299557071673189,2,2,testing/notflip/0048_000000026.jpg,training/notflip/0048_000000011.jpg,notflip__0048,notflip__0048,notflip,notflip
same_sequence_cross_split,0.9299354877317341,2,2,testing/notflip/0027_000000004.jpg,training/notflip/0027_000000011.jpg,notflip__0027,notflip__0027,notflip,notflip
same_sequence_cross_split,0.9299330606742746,2,0,testing/notflip/0048_000000025.jpg,training/notflip/0048_000000029.jpg,notflip__0048,notflip__0048,notflip,notflip
same_sequence_cross_split,0.9299129624703367,0,0,testing/notflip/0056_000000011.jpg,training/notflip/0056_000000025.jpg,notflip__0056,notflip__0056,notflip,notflip
same_sequence_cross_split,0.9299050686386752,2,2,testing/notflip/0030_000000028.jpg,training/notflip/0030_000000021.jpg,notflip__0030,notflip__0030,notflip,notflip
same_sequence_cross_split,0.9298783282689956,2,2,testing/notflip/0010_000000007.jpg,training/notflip/0010_000000006.jpg,notflip__0010,notflip__0010,notflip,notflip
different_sequence_cross_split_cross_label,0.9298342526670469,4,2,testing/flip/0042_000000002.jpg,training/notflip/0033_000000022.jpg,flip__0042,notflip__0033,flip,notflip
same_sequence_cross_split,0.9298204272983217,0,0,testing/notflip/0058_000000018.jpg,training/notflip/0058_000000015.jpg,notflip__0058,notflip__0058,notflip,notflip
same_sequence_cross_split,0.929772493649991,1,4,testing/notflip/0046_000000028.jpg,training/notflip/0046_000000021.jpg,notflip__0046,notflip__0046,notflip,notflip
same_sequence_cross_split,0.9297473520178685,2,0,testing/notflip/0056_000000027.jpg,training/notflip/0056_000000012.jpg,notflip__0056,notflip__0056,notflip,notflip
same_sequence_cross_split,0.9296350721862373,0,2,testing/flip/0038_000000015.jpg,training/flip/0038_000000017.jpg,flip__0038,flip__0038,flip,flip
same_sequence_cross_split,0.9294768221700519,0,0,testing/notflip/0015_000000002.jpg,training/notflip/0015_000000001.jpg,notflip__0015,notflip__0015,notflip,notflip
same_sequence_cross_split,0.9294397956856664,3,0,testing/notflip/0040_000000017.jpg,training/notflip/0040_000000022.jpg,notflip__0040,notflip__0040,notflip,notflip
same_sequence_cross_split,0.9293973495292585,2,4,testing/notflip/0025_000000018.jpg,training/notflip/0025_000000027.jpg,notflip__0025,notflip__0025,notflip,notflip
same_sequence_cross_split,0.9292856063696128,2,0,testing/notflip/0042_000000013.jpg,training/notflip/0042_000000015.jpg,notflip__0042,notflip__0042,notflip,notflip
same_sequence_cross_split,0.9292615910152107,0,2,testing/notflip/0010_000000009.jpg,training/notflip/0010_000000010.jpg,notflip__0010,notflip__0010,notflip,notflip
same_sequence_cross_split,0.9292605674727251,4,0,testing/flip/0042_000000011.jpg,training/flip/0042_000000013.jpg,flip__0042,flip__0042,flip,flip
same_sequence_cross_split,0.9292438521706154,1,0,testing/notflip/0003_000000018.jpg,training/notflip/0003_000000015.jpg,notflip__0003,notflip__0003,notflip,notflip
same_sequence_cross_split,0.9291196416112567,1,4,testing/notflip/0037_000000007.jpg,training/notflip/0037_000000006.jpg,notflip__0037,notflip__0037,notflip,notflip
same_sequence_cross_split,0.9290825092611497,2,0,testing/notflip/0052_000000029.jpg,training/notflip/0052_000000027.jpg,notflip__0052,notflip__0052,notflip,notflip
same_sequence_cross_split,0.9290255183983064,2,4,testing/notflip/0044_000000014.jpg,training/notflip/0044_000000030.jpg,notflip__0044,notflip__0044,notflip,notflip
same_sequence_cross_split,0.9290189798314562,3,4,testing/flip/0042_000000011.jpg,training/flip/0042_000000007.jpg,flip__0042,flip__0042,flip,flip
same_sequence_cross_split,0.9289120057146719,1,0,testing/flip/0021_000000011.jpg,training/flip/0021_000000012.jpg,flip__0021,flip__0021,flip,flip
same_sequence_cross_split,0.9288110604465082,4,0,testing/notflip/0024_000000004.jpg,training/notflip/0024_000000008.jpg,notflip__0024,notflip__0024,notflip,notflip
same_sequence_cross_split,0.928771110947893,1,0,testing/notflip/0058_000000018.jpg,training/notflip/0058_000000014.jpg,notflip__0058,notflip__0058,notflip,notflip
same_sequence_cross_split,0.9287555924055853,4,2,testing/notflip/0052_000000006.jpg,training/notflip/0052_000000005.jpg,notflip__0052,notflip__0052,notflip,notflip
same_sequence_cross_split,0.9287357748918234,1,2,testing/flip/0011_000000027.jpg,training/flip/0011_000000028.jpg,flip__0011,flip__0011,flip,flip
same_sequence_cross_split,0.9287262057800578,3,2,testing/notflip/0027_000000017.jpg,training/notflip/0027_000000018.jpg,notflip__0027,notflip__0027,notflip,notflip
same_sequence_cross_split,0.9286705340433348,2,2,testing/notflip/0033_000000005.jpg,training/notflip/0033_000000004.jpg,notflip__0033,notflip__0033,notflip,notflip
same_sequence_cross_split,0.9286149185702491,2,0,testing/notflip/0002_000000015.jpg,training/notflip/0002_000000022.jpg,notflip__0002,notflip__0002,notflip,notflip
same_sequence_cross_split,0.9285820527810115,3,0,testing/notflip/0041_000000022.jpg,training/notflip/0041_000000037.jpg,notflip__0041,notflip__0041,notflip,notflip
same_sequence_cross_split,0.928540082875202,2,2,testing/notflip/0002_000000012.jpg,training/notflip/0002_000000001.jpg,notflip__0002,notflip__0002,notflip,notflip
same_sequence_cross_split,0.9285328956363769,2,0,testing/notflip/0045_000000026.jpg,training/notflip/0045_000000024.jpg,notflip__0045,notflip__0045,notflip,notflip
same_sequence_cross_split,0.9285307268604385,2,0,testing/notflip/0002_000000015.jpg,training/notflip/0002_000000010.jpg,notflip__0002,notflip__0002,notflip,notflip
same_sequence_cross_split,0.9284920522473309,0,2,testing/flip/0044_000000015.jpg,training/flip/0044_000000016.jpg,flip__0044,flip__0044,flip,flip
same_sequence_cross_split,0.9284010380075222,2,2,testing/notflip/0024_000000006.jpg,training/notflip/0024_000000011.jpg,notflip__0024,notflip__0024,notflip,notflip
same_sequence_cross_split,0.928333303803129,3,2,testing/notflip/0027_000000017.jpg,training/notflip/0027_000000015.jpg,notflip__0027,notflip__0027,notflip,notflip
same_sequence_cross_split,0.9282715439567342,3,2,testing/notflip/0036_000000014.jpg,training/notflip/0036_000000024.jpg,notflip__0036,notflip__0036,notflip,notflip
same_sequence_cross_split,0.9282675454401437,1,2,testing/notflip/0019_000000015.jpg,training/notflip/0019_000000006.jpg,notflip__0019,notflip__0019,notflip,notflip
same_sequence_cross_split,0.9281186365309845,3,4,testing/notflip/0027_000000017.jpg,training/notflip/0027_000000014.jpg,notflip__0027,notflip__0027,notflip,notflip
same_sequence_cross_split,0.9280993626786218,1,2,testing/notflip/0042_000000021.jpg,training/notflip/0042_000000015.jpg,notflip__0042,notflip__0042,notflip,notflip
same_sequence_cross_split,0.9280425553006293,2,0,testing/notflip/0041_000000022.jpg,training/notflip/0041_000000029.jpg,notflip__0041,notflip__0041,notflip,notflip
same_sequence_cross_split,0.9280345186883407,0,0,testing/notflip/0049_000000012.jpg,training/notflip/0049_000000014.jpg,notflip__0049,notflip__0049,notflip,notflip
same_sequence_cross_split,0.9280303622334174,1,2,testing/notflip/0045_000000016.jpg,training/notflip/0045_000000019.jpg,notflip__0045,notflip__0045,notflip,notflip
same_sequence_cross_split,0.9278959796198691,1,2,testing/notflip/0044_000000027.jpg,training/notflip/0044_000000017.jpg,notflip__0044,notflip__0044,notflip,notflip
same_sequence_cross_split,0.9278165887531962,0,0,testing/notflip/0023_000000024.jpg,training/notflip/0023_000000028.jpg,notflip__0023,notflip__0023,notflip,notflip
same_sequence_cross_split,0.9276392229890709,2,4,testing/notflip/0042_000000024.jpg,training/notflip/0042_000000020.jpg,notflip__0042,notflip__0042,notflip,notflip
same_sequence_cross_split,0.9275646552353769,3,4,testing/notflip/0056_000000024.jpg,training/notflip/0056_000000008.jpg,notflip__0056,notflip__0056,notflip,notflip
same_sequence_cross_split,0.9275415873041205,2,4,testing/notflip/0008_000000020.jpg,training/notflip/0008_000000019.jpg,notflip__0008,notflip__0008,notflip,notflip
same_sequence_cross_split,0.9275240630015963,0,0,testing/notflip/0058_000000020.jpg,training/notflip/0058_000000023.jpg,notflip__0058,notflip__0058,notflip,notflip
same_sequence_cross_split,0.9275084154070458,4,4,testing/notflip/0003_000000004.jpg,training/notflip/0003_000000005.jpg,notflip__0003,notflip__0003,notflip,notflip
same_sequence_cross_split,0.927496893101872,0,2,testing/notflip/0047_000000024.jpg,training/notflip/0047_000000018.jpg,notflip__0047,notflip__0047,notflip,notflip
same_sequence_cross_split,0.9273944819800667,2,2,testing/notflip/0048_000000025.jpg,training/notflip/0048_000000014.jpg,notflip__0048,notflip__0048,notflip,notflip
same_sequence_cross_split,0.9273813060613495,0,2,testing/notflip/0002_000000026.jpg,training/notflip/0002_000000022.jpg,notflip__0002,notflip__0002,notflip,notflip
same_sequence_cross_split,0.9273328192794799,4,2,testing/notflip/0036_000000030.jpg,training/notflip/0036_000000023.jpg,notflip__0036,notflip__0036,notflip,notflip
same_sequence_cross_split,0.9273090832480816,2,2,testing/notflip/0036_000000014.jpg,training/notflip/0036_000000013.jpg,notflip__0036,notflip__0036,notflip,notflip
same_sequence_cross_split,0.9272715162758474,2,0,testing/notflip/0043_000000023.jpg,training/notflip/0043_000000027.jpg,notflip__0043,notflip__0043,notflip,notflip
same_sequence_cross_split,0.9272390049631116,4,4,testing/flip/0042_000000012.jpg,training/flip/0042_000000014.jpg,flip__0042,flip__0042,flip,flip
same_sequence_cross_split,0.9272014751951065,1,2,testing/notflip/0009_000000015.jpg,training/notflip/0009_000000013.jpg,notflip__0009,notflip__0009,notflip,notflip
same_sequence_cross_split,0.9272012817640773,3,2,testing/notflip/0010_000000026.jpg,training/notflip/0010_000000019.jpg,notflip__0010,notflip__0010,notflip,notflip
same_sequence_cross_split,0.9271752813403317,1,2,testing/notflip/0036_000000025.jpg,training/notflip/0036_000000015.jpg,notflip__0036,notflip__0036,notflip,notflip
same_sequence_cross_split,0.9271716727878648,2,2,testing/notflip/0048_000000026.jpg,training/notflip/0048_000000010.jpg,notflip__0048,notflip__0048,notflip,notflip
same_sequence_cross_split,0.9270199860799684,0,2,testing/notflip/0006_000000029.jpg,training/notflip/0006_000000030.jpg,notflip__0006,notflip__0006,notflip,notflip
same_sequence_cross_split,0.9270138228748447,0,2,testing/notflip/0006_000000028.jpg,training/notflip/0006_000000030.jpg,notflip__0006,notflip__0006,notflip,notflip
same_sequence_cross_split,0.9270092377580544,3,2,testing/notflip/0027_000000010.jpg,training/notflip/0027_000000016.jpg,notflip__0027,notflip__0027,notflip,notflip
same_sequence_cross_split,0.9270082349570722,2,0,testing/flip/0059_000000020.jpg,training/flip/0059_000000019.jpg,flip__0059,flip__0059,flip,flip
same_sequence_cross_split,0.9269977935310885,0,2,testing/flip/0019_000000014.jpg,training/flip/0019_000000013.jpg,flip__0019,flip__0019,flip,flip
same_sequence_cross_split,0.926928746483694,1,2,testing/notflip/0049_000000018.jpg,training/notflip/0049_000000024.jpg,notflip__0049,notflip__0049,notflip,notflip
same_sequence_cross_split,0.9268349932649451,1,4,testing/notflip/0032_000000015.jpg,training/notflip/0032_000000016.jpg,notflip__0032,notflip__0032,notflip,notflip
same_sequence_cross_split,0.9267939896979327,1,0,testing/notflip/0002_000000012.jpg,training/notflip/0002_000000007.jpg,notflip__0002,notflip__0002,notflip,notflip
same_sequence_cross_split,0.9267920212845427,3,2,testing/notflip/0041_000000036.jpg,training/notflip/0041_000000031.jpg,notflip__0041,notflip__0041,notflip,notflip
same_sequence_cross_split,0.9267748050817068,1,4,testing/notflip/0024_000000019.jpg,training/notflip/0024_000000016.jpg,notflip__0024,notflip__0024,notflip,notflip
same_sequence_cross_split,0.9267559672054135,1,0,testing/notflip/0056_000000011.jpg,training/notflip/0056_000000023.jpg,notflip__0056,notflip__0056,notflip,notflip
same_sequence_cross_split,0.9266390505782056,2,0,testing/notflip/0036_000000001.jpg,training/notflip/0036_000000002.jpg,notflip__0036,notflip__0036,notflip,notflip
same_sequence_cross_split,0.9266150877088758,2,0,testing/notflip/0051_000000012.jpg,training/notflip/0051_000000006.jpg,notflip__0051,notflip__0051,notflip,notflip
same_sequence_cross_split,0.9265682231913763,2,4,testing/notflip/0058_000000021.jpg,training/notflip/0058_000000012.jpg,notflip__0058,notflip__0058,notflip,notflip
same_sequence_cross_split,0.926524341144367,2,2,testing/notflip/0057_000000027.jpg,training/notflip/0057_000000024.jpg,notflip__0057,notflip__0057,notflip,notflip
same_sequence_cross_split,0.9264549657176661,4,4,testing/flip/0065_000000016.jpg,training/flip/0065_000000017.jpg,flip__0065,flip__0065,flip,flip
same_sequence_cross_split,0.9262958054185222,3,2,testing/notflip/0031_000000016.jpg,training/notflip/0031_000000012.jpg,notflip__0031,notflip__0031,notflip,notflip
same_sequence_cross_split,0.9262947152216858,2,4,testing/notflip/0010_000000009.jpg,training/notflip/0010_000000012.jpg,notflip__0010,notflip__0010,notflip,notflip
same_sequence_cross_split,0.926259925617156,4,2,testing/flip/0006_000000006.jpg,training/flip/0006_000000009.jpg,flip__0006,flip__0006,flip,flip
same_sequence_cross_split,0.9262594517641757,3,0,testing/notflip/0034_000000017.jpg,training/notflip/0034_000000015.jpg,notflip__0034,notflip__0034,notflip,notflip
same_sequence_cross_split,0.9262459439561488,0,0,testing/notflip/0047_000000029.jpg,training/notflip/0047_000000023.jpg,notflip__0047,notflip__0047,notflip,notflip
same_sequence_cross_split,0.9262203694971305,2,4,testing/notflip/0055_000000013.jpg,training/notflip/0055_000000017.jpg,notflip__0055,notflip__0055,notflip,notflip
same_sequence_cross_split,0.9261946326588507,1,2,testing/notflip/0047_000000025.jpg,training/notflip/0047_000000017.jpg,notflip__0047,notflip__0047,notflip,notflip
same_sequence_cross_split,0.9260183576639898,1,0,testing/notflip/0010_000000009.jpg,training/notflip/0010_000000008.jpg,notflip__0010,notflip__0010,notflip,notflip
same_sequence_cross_split,0.9260084582730302,2,4,testing/notflip/0042_000000024.jpg,training/notflip/0042_000000018.jpg,notflip__0042,notflip__0042,notflip,notflip
same_sequence_cross_split,0.9259315858457488,0,0,testing/notflip/0058_000000020.jpg,training/notflip/0058_000000022.jpg,notflip__0058,notflip__0058,notflip,notflip
same_sequence_cross_split,0.9258964302771299,2,4,testing/notflip/0030_000000004.jpg,training/notflip/0030_000000003.jpg,notflip__0030,notflip__0030,notflip,notflip
same_sequence_cross_split,0.9258739494262214,4,4,testing/notflip/0042_000000027.jpg,training/notflip/0042_000000019.jpg,notflip__0042,notflip__0042,notflip,notflip
same_sequence_cross_split,0.9258695487786008,1,4,testing/notflip/0040_000000012.jpg,training/notflip/0040_000000013.jpg,notflip__0040,notflip__0040,notflip,notflip
same_sequence_cross_split,0.925820686741126,1,2,testing/flip/0005_000000003.jpg,training/flip/0005_000000002.jpg,flip__0005,flip__0005,flip,flip
same_sequence_cross_split,0.9257842586889046,1,0,testing/flip/0057_000000019.jpg,training/flip/0057_000000020.jpg,flip__0057,flip__0057,flip,flip
same_sequence_cross_split,0.9257581214391124,0,2,testing/flip/0056_000000016.jpg,training/flip/0056_000000014.jpg,flip__0056,flip__0056,flip,flip
same_sequence_cross_split,0.9257071713393429,4,2,testing/notflip/0026_000000029.jpg,training/notflip/0026_000000025.jpg,notflip__0026,notflip__0026,notflip,notflip
same_sequence_cross_split,0.9256884891901092,2,2,testing/flip/0046_000000016.jpg,training/flip/0046_000000015.jpg,flip__0046,flip__0046,flip,flip
same_sequence_cross_split,0.9256363813922156,1,0,testing/notflip/0016_000000014.jpg,training/notflip/0016_000000016.jpg,notflip__0016,notflip__0016,notflip,notflip
same_sequence_cross_split,0.9255451046385287,2,2,testing/flip/0046_000000006.jpg,training/flip/0046_000000007.jpg,flip__0046,flip__0046,flip,flip
same_sequence_cross_split,0.9255318588756606,1,2,testing/notflip/0057_000000007.jpg,training/notflip/0057_000000005.jpg,notflip__0057,notflip__0057,notflip,notflip
same_sequence_cross_split,0.9255220079297087,1,2,testing/notflip/0002_000000028.jpg,training/notflip/0002_000000030.jpg,notflip__0002,notflip__0002,notflip,notflip
same_sequence_cross_split,0.9255102818212144,1,2,testing/notflip/0005_000000018.jpg,training/notflip/0005_000000017.jpg,notflip__0005,notflip__0005,notflip,notflip
same_sequence_cross_split,0.9252662559370649,3,4,testing/notflip/0047_000000024.jpg,training/notflip/0047_000000013.jpg,notflip__0047,notflip__0047,notflip,notflip
same_sequence_cross_split,0.925236127222794,2,4,testing/notflip/0044_000000027.jpg,training/notflip/0044_000000011.jpg,notflip__0044,notflip__0044,notflip,notflip
same_sequence_cross_split,0.9252271224225154,1,2,testing/notflip/0049_000000011.jpg,training/notflip/0049_000000008.jpg,notflip__0049,notflip__0049,notflip,notflip
same_sequence_cross_split,0.9251924794001536,1,0,testing/notflip/0050_000000011.jpg,training/notflip/0050_000000010.jpg,notflip__0050,notflip__0050,notflip,notflip
same_sequence_cross_split,0.925164855016856,4,4,testing/flip/0056_000000016.jpg,training/flip/0056_000000018.jpg,flip__0056,flip__0056,flip,flip
same_sequence_cross_split,0.9251551833879014,1,0,testing/notflip/0002_000000012.jpg,training/notflip/0002_000000018.jpg,notflip__0002,notflip__0002,notflip,notflip
same_sequence_cross_split,0.9249552341937736,1,0,testing/notflip/0043_000000023.jpg,training/notflip/0043_000000021.jpg,notflip__0043,notflip__0043,notflip,notflip
same_sequence_cross_split,0.9247916342189184,2,2,testing/notflip/0054_000000027.jpg,training/notflip/0054_000000021.jpg,notflip__0054,notflip__0054,notflip,notflip
same_sequence_cross_split,0.9247707090282834,3,2,testing/notflip/0036_000000014.jpg,training/notflip/0036_000000023.jpg,notflip__0036,notflip__0036,notflip,notflip
same_sequence_cross_split,0.9247461703956686,2,2,testing/notflip/0030_000000024.jpg,training/notflip/0030_000000027.jpg,notflip__0030,notflip__0030,notflip,notflip
same_sequence_cross_split,0.9246649153222725,4,4,testing/notflip/0040_000000017.jpg,training/notflip/0040_000000013.jpg,notflip__0040,notflip__0040,notflip,notflip
same_sequence_cross_split,0.9246451482450493,1,2,testing/notflip/0019_000000012.jpg,training/notflip/0019_000000007.jpg,notflip__0019,notflip__0019,notflip,notflip
same_sequence_cross_split,0.9246101412271288,1,0,testing/notflip/0002_000000003.jpg,training/notflip/0002_000000013.jpg,notflip__0002,notflip__0002,notflip,notflip
same_sequence_cross_split,0.9245538132788853,3,0,testing/notflip/0040_000000017.jpg,training/notflip/0040_000000024.jpg,notflip__0040,notflip__0040,notflip,notflip
same_sequence_cross_split,0.9245325368993202,4,4,testing/notflip/0041_000000036.jpg,training/notflip/0041_000000016.jpg,notflip__0041,notflip__0041,notflip,notflip
same_sequence_cross_split,0.9244711203900324,3,2,testing/notflip/0010_000000026.jpg,training/notflip/0010_000000020.jpg,notflip__0010,notflip__0010,notflip,notflip
different_sequence_cross_split_cross_label,0.9244558798527162,3,4,testing/flip/0062_000000003.jpg,training/notflip/0055_000000024.jpg,flip__0062,notflip__0055,flip,notflip
same_sequence_cross_split,0.9244200857004314,2,2,testing/flip/0020_000000010.jpg,training/flip/0020_000000009.jpg,flip__0020,flip__0020,flip,flip
same_sequence_cross_split,0.924277422324028,3,2,testing/notflip/0004_000000020.jpg,training/notflip/0004_000000019.jpg,notflip__0004,notflip__0004,notflip,notflip
same_sequence_cross_split,0.9242087873337408,3,2,testing/notflip/0041_000000036.jpg,training/notflip/0041_000000030.jpg,notflip__0041,notflip__0041,notflip,notflip
same_sequence_cross_split,0.9242003672812916,3,4,testing/flip/0047_000000010.jpg,training/flip/0047_000000008.jpg,flip__0047,flip__0047,flip,flip
same_sequence_cross_split,0.9241953758803125,1,4,testing/notflip/0054_000000023.jpg,training/notflip/0054_000000015.jpg,notflip__0054,notflip__0054,notflip,notflip
same_sequence_cross_split,0.924147975349882,2,0,testing/notflip/0056_000000022.jpg,training/notflip/0056_000000012.jpg,notflip__0056,notflip__0056,notflip,notflip
same_sequence_cross_split,0.9241265475652574,2,2,testing/notflip/0046_000000027.jpg,training/notflip/0046_000000021.jpg,notflip__0046,notflip__0046,notflip,notflip
same_sequence_cross_split,0.9241186283318582,4,0,testing/notflip/0056_000000027.jpg,training/notflip/0056_000000010.jpg,notflip__0056,notflip__0056,notflip,notflip
same_sequence_cross_split,0.9240912265054825,2,2,testing/notflip/0031_000000017.jpg,training/notflip/0031_000000013.jpg,notflip__0031,notflip__0031,notflip,notflip
same_sequence_cross_split,0.9239192292054617,1,0,testing/notflip/0004_000000002.jpg,training/notflip/0004_000000003.jpg,notflip__0004,notflip__0004,notflip,notflip
same_sequence_cross_split,0.9239046408440956,0,0,testing/notflip/0056_000000022.jpg,training/notflip/0056_000000028.jpg,notflip__0056,notflip__0056,notflip,notflip
same_sequence_cross_split,0.9238876850553743,1,2,testing/notflip/0026_000000024.jpg,training/notflip/0026_000000030.jpg,notflip__0026,notflip__0026,notflip,notflip
same_sequence_cross_split,0.9238385662633805,2,2,testing/notflip/0054_000000023.jpg,training/notflip/0054_000000030.jpg,notflip__0054,notflip__0054,notflip,notflip
same_sequence_cross_split,0.9238202526102136,1,4,testing/notflip/0033_000000002.jpg,training/notflip/0033_000000003.jpg,notflip__0033,notflip__0033,notflip,notflip
same_sequence_cross_split,0.9238050841302927,2,2,testing/flip/0030_000000006.jpg,training/flip/0030_000000004.jpg,flip__0030,flip__0030,flip,flip
same_sequence_cross_split,0.9237757903563149,3,0,testing/notflip/0048_000000030.jpg,training/notflip/0048_000000023.jpg,notflip__0048,notflip__0048,notflip,notflip
same_sequence_cross_split,0.9236557580631164,2,2,testing/notflip/0054_000000020.jpg,training/notflip/0054_000000030.jpg,notflip__0054,notflip__0054,notflip,notflip
same_sequence_cross_split,0.9236305610307783,2,2,testing/flip/0030_000000012.jpg,training/flip/0030_000000011.jpg,flip__0030,flip__0030,flip,flip
same_sequence_cross_split,0.9235273379058325,2,2,testing/flip/0016_000000006.jpg,training/flip/0016_000000005.jpg,flip__0016,flip__0016,flip,flip
different_sequence_cross_split_cross_label,0.9233998552677514,4,4,testing/flip/0062_000000006.jpg,training/notflip/0055_000000024.jpg,flip__0062,notflip__0055,flip,notflip
same_sequence_cross_split,0.9233831115993859,4,4,testing/flip/0003_000000005.jpg,training/flip/0003_000000010.jpg,flip__0003,flip__0003,flip,flip
same_sequence_cross_split,0.9233811588492206,1,2,testing/notflip/0044_000000027.jpg,training/notflip/0044_000000019.jpg,notflip__0044,notflip__0044,notflip,notflip
same_sequence_cross_split,0.9233445785323915,2,2,testing/notflip/0025_000000018.jpg,training/notflip/0025_000000026.jpg,notflip__0025,notflip__0025,notflip,notflip
same_sequence_cross_split,0.9232658506118774,0,4,testing/notflip/0010_000000009.jpg,training/notflip/0010_000000011.jpg,notflip__0010,notflip__0010,notflip,notflip
same_sequence_cross_split,0.9232585428740013,2,2,testing/notflip/0044_000000014.jpg,training/notflip/0044_000000022.jpg,notflip__0044,notflip__0044,notflip,notflip
same_sequence_cross_split,0.9232455806274051,4,2,testing/notflip/0027_000000004.jpg,training/notflip/0027_000000014.jpg,notflip__0027,notflip__0027,notflip,notflip
same_sequence_cross_split,0.9231959256696891,0,2,testing/notflip/0039_000000026.jpg,training/notflip/0039_000000029.jpg,notflip__0039,notflip__0039,notflip,notflip
same_sequence_cross_split,0.9231292930064559,3,0,testing/notflip/0042_000000013.jpg,training/notflip/0042_000000019.jpg,notflip__0042,notflip__0042,notflip,notflip
same_sequence_cross_split,0.923018038560378,3,4,testing/notflip/0025_000000011.jpg,training/notflip/0025_000000012.jpg,notflip__0025,notflip__0025,notflip,notflip
same_sequence_cross_split,0.9229910768236546,2,0,testing/notflip/0002_000000012.jpg,training/notflip/0002_000000002.jpg,notflip__0002,notflip__0002,notflip,notflip
same_sequence_cross_split,0.9229351581973564,1,2,testing/notflip/0047_000000025.jpg,training/notflip/0047_000000016.jpg,notflip__0047,notflip__0047,notflip,notflip
same_sequence_cross_split,0.9228535967816338,0,2,testing/notflip/0041_000000022.jpg,training/notflip/0041_000000018.jpg,notflip__0041,notflip__0041,notflip,notflip
same_sequence_cross_split,0.9228255368459121,4,4,testing/notflip/0033_000000019.jpg,training/notflip/0033_000000023.jpg,notflip__0033,notflip__0033,notflip,notflip
same_sequence_cross_split,0.9228085518724413,0,2,testing/notflip/0024_000000022.jpg,training/notflip/0024_000000001.jpg,notflip__0024,notflip__0024,notflip,notflip
same_sequence_cross_split,0.922773000694825,2,2,testing/notflip/0037_000000025.jpg,training/notflip/0037_000000021.jpg,notflip__0037,notflip__0037,notflip,notflip
same_sequence_cross_split,0.9227710874627365,1,2,testing/notflip/0046_000000012.jpg,training/notflip/0046_000000014.jpg,notflip__0046,notflip__0046,notflip,notflip
same_sequence_cross_split,0.9227417998211338,2,0,testing/flip/0009_000000007.jpg,training/flip/0009_000000008.jpg,flip__0009,flip__0009,flip,flip
same_sequence_cross_split,0.9227358177006308,2,2,testing/flip/0003_000000005.jpg,training/flip/0003_000000009.jpg,flip__0003,flip__0003,flip,flip
same_sequence_cross_split,0.9226623141262376,1,2,testing/notflip/0037_000000019.jpg,training/notflip/0037_000000024.jpg,notflip__0037,notflip__0037,notflip,notflip
same_sequence_cross_split,0.922551265682381,2,2,testing/notflip/0016_000000001.jpg,training/notflip/0016_000000005.jpg,notflip__0016,notflip__0016,notflip,notflip
same_sequence_cross_split,0.9225280256051158,1,2,testing/notflip/0044_000000014.jpg,training/notflip/0044_000000012.jpg,notflip__0044,notflip__0044,notflip,notflip
same_sequence_cross_split,0.9224881543378287,2,0,testing/notflip/0001_000000014.jpg,training/notflip/0001_000000016.jpg,notflip__0001,notflip__0001,notflip,notflip
same_sequence_cross_split,0.9223562218678395,3,4,testing/notflip/0056_000000007.jpg,training/notflip/0056_000000018.jpg,notflip__0056,notflip__0056,notflip,notflip
same_sequence_cross_split,0.9223257102635187,2,2,testing/notflip/0054_000000023.jpg,training/notflip/0054_000000029.jpg,notflip__0054,notflip__0054,notflip,notflip
same_sequence_cross_split,0.9222732890459737,4,2,testing/notflip/0002_000000015.jpg,training/notflip/0002_000000001.jpg,notflip__0002,notflip__0002,notflip,notflip
same_sequence_cross_split,0.9222435792590059,0,2,testing/notflip/0041_000000034.jpg,training/notflip/0041_000000031.jpg,notflip__0041,notflip__0041,notflip,notflip
same_sequence_cross_split,0.922068489713936,2,4,testing/flip/0057_000000019.jpg,training/flip/0057_000000018.jpg,flip__0057,flip__0057,flip,flip
same_sequence_cross_split,0.9219804604381073,1,4,testing/notflip/0044_000000027.jpg,training/notflip/0044_000000015.jpg,notflip__0044,notflip__0044,notflip,notflip
same_sequence_cross_split,0.9218945860659282,4,2,testing/notflip/0053_000000011.jpg,training/notflip/0053_000000012.jpg,notflip__0053,notflip__0053,notflip,notflip
same_sequence_cross_split,0.9218277569349527,4,4,testing/notflip/0035_000000016.jpg,training/notflip/0035_000000020.jpg,notflip__0035,notflip__0035,notflip,notflip
same_sequence_cross_split,0.9217706823375648,4,4,testing/notflip/0004_000000016.jpg,training/notflip/0004_000000017.jpg,notflip__0004,notflip__0004,notflip,notflip
same_sequence_cross_split,0.9217357392700452,3,2,testing/notflip/0048_000000025.jpg,training/notflip/0048_000000010.jpg,notflip__0048,notflip__0048,notflip,notflip
same_sequence_cross_split,0.921603845027558,1,2,testing/notflip/0044_000000027.jpg,training/notflip/0044_000000018.jpg,notflip__0044,notflip__0044,notflip,notflip
same_sequence_cross_split,0.9215387020726108,4,4,testing/notflip/0046_000000012.jpg,training/notflip/0046_000000008.jpg,notflip__0046,notflip__0046,notflip,notflip
same_sequence_cross_split,0.9214975310038618,4,2,testing/flip/0061_000000011.jpg,training/flip/0061_000000012.jpg,flip__0061,flip__0061,flip,flip
same_sequence_cross_split,0.9214599409449896,1,2,testing/notflip/0044_000000014.jpg,training/notflip/0044_000000023.jpg,notflip__0044,notflip__0044,notflip,notflip
same_sequence_cross_split,0.9214392410681979,4,4,testing/notflip/0055_000000016.jpg,training/notflip/0055_000000011.jpg,notflip__0055,notflip__0055,notflip,notflip
same_sequence_cross_split,0.9212052913862747,3,0,testing/notflip/0034_000000030.jpg,training/notflip/0034_000000028.jpg,notflip__0034,notflip__0034,notflip,notflip
same_sequence_cross_split,0.9211183526168956,3,2,testing/notflip/0050_000000013.jpg,training/notflip/0050_000000012.jpg,notflip__0050,notflip__0050,notflip,notflip
same_sequence_cross_split,0.9210975456393015,2,0,testing/flip/0042_000000006.jpg,training/flip/0042_000000009.jpg,flip__0042,flip__0042,flip,flip
same_sequence_cross_split,0.9209560317750252,1,0,testing/notflip/0001_000000009.jpg,training/notflip/0001_000000007.jpg,notflip__0001,notflip__0001,notflip,notflip
same_sequence_cross_split,0.9209345651508168,1,2,testing/notflip/0036_000000028.jpg,training/notflip/0036_000000022.jpg,notflip__0036,notflip__0036,notflip,notflip
same_sequence_cross_split,0.9208622684343555,3,2,testing/notflip/0041_000000036.jpg,training/notflip/0041_000000023.jpg,notflip__0041,notflip__0041,notflip,notflip
same_sequence_cross_split,0.9208236639672907,2,2,testing/notflip/0019_000000015.jpg,training/notflip/0019_000000008.jpg,notflip__0019,notflip__0019,notflip,notflip
same_sequence_cross_split,0.9207547459458866,0,4,testing/notflip/0029_000000019.jpg,training/notflip/0029_000000022.jpg,notflip__0029,notflip__0029,notflip,notflip
same_sequence_cross_split,0.9207308405513247,2,2,testing/flip/0062_000000011.jpg,training/flip/0062_000000010.jpg,flip__0062,flip__0062,flip,flip
same_sequence_cross_split,0.9207053576976013,1,4,testing/flip/0038_000000020.jpg,training/flip/0038_000000021.jpg,flip__0038,flip__0038,flip,flip
same_sequence_cross_split,0.9205963078262926,3,2,testing/notflip/0010_000000026.jpg,training/notflip/0010_000000021.jpg,notflip__0010,notflip__0010,notflip,notflip
same_sequence_cross_split,0.9205501790251593,2,2,testing/notflip/0041_000000036.jpg,training/notflip/0041_000000026.jpg,notflip__0041,notflip__0041,notflip,notflip
same_sequence_cross_split,0.9205211704048859,3,4,testing/notflip/0055_000000013.jpg,training/notflip/0055_000000022.jpg,notflip__0055,notflip__0055,notflip,notflip
same_sequence_cross_split,0.9204753096010664,1,4,testing/notflip/0031_000000010.jpg,training/notflip/0031_000000012.jpg,notflip__0031,notflip__0031,notflip,notflip
same_sequence_cross_split,0.9204385327296633,2,2,testing/notflip/0025_000000018.jpg,training/notflip/0025_000000024.jpg,notflip__0025,notflip__0025,notflip,notflip
same_sequence_cross_split,0.920389956982708,3,2,testing/notflip/0048_000000025.jpg,training/notflip/0048_000000011.jpg,notflip__0048,notflip__0048,notflip,notflip
same_sequence_cross_split,0.9202387640660405,4,4,testing/notflip/0040_000000012.jpg,training/notflip/0040_000000010.jpg,notflip__0040,notflip__0040,notflip,notflip
same_sequence_cross_split,0.920139904411371,3,4,testing/notflip/0054_000000020.jpg,training/notflip/0054_000000015.jpg,notflip__0054,notflip__0054,notflip,notflip
same_sequence_cross_split,0.9200099268384794,1,4,testing/flip/0005_000000008.jpg,training/flip/0005_000000007.jpg,flip__0005,flip__0005,flip,flip
same_sequence_cross_split,0.9199695396935159,0,0,testing/notflip/0002_000000028.jpg,training/notflip/0002_000000023.jpg,notflip__0002,notflip__0002,notflip,notflip
same_sequence_cross_split,0.9199668872996184,2,0,testing/notflip/0053_000000017.jpg,training/notflip/0053_000000015.jpg,notflip__0053,notflip__0053,notflip,notflip
same_sequence_cross_split,0.9198929943713258,0,0,testing/notflip/0007_000000025.jpg,training/notflip/0007_000000023.jpg,notflip__0007,notflip__0007,notflip,notflip
same_sequence_cross_split,0.9196126766058645,4,2,testing/notflip/0048_000000030.jpg,training/notflip/0048_000000022.jpg,notflip__0048,notflip__0048,notflip,notflip
same_sequence_cross_split,0.9196049191642447,0,0,testing/notflip/0058_000000021.jpg,training/notflip/0058_000000019.jpg,notflip__0058,notflip__0058,notflip,notflip
same_sequence_cross_split,0.9195889055951898,4,0,testing/notflip/0056_000000011.jpg,training/notflip/0056_000000009.jpg,notflip__0056,notflip__0056,notflip,notflip
same_sequence_cross_split,0.9195391307722283,0,0,testing/notflip/0057_000000027.jpg,training/notflip/0057_000000028.jpg,notflip__0057,notflip__0057,notflip,notflip
same_sequence_cross_split,0.9194883814047236,0,2,testing/notflip/0056_000000022.jpg,training/notflip/0056_000000029.jpg,notflip__0056,notflip__0056,notflip,notflip
same_sequence_cross_split,0.9194811551830745,2,0,testing/notflip/0048_000000030.jpg,training/notflip/0048_000000021.jpg,notflip__0048,notflip__0048,notflip,notflip
same_sequence_cross_split,0.9194567555139205,1,2,testing/notflip/0023_000000030.jpg,training/notflip/0023_000000023.jpg,notflip__0023,notflip__0023,notflip,notflip
same_sequence_cross_split,0.9193824280564082,1,0,testing/notflip/0039_000000022.jpg,training/notflip/0039_000000020.jpg,notflip__0039,notflip__0039,notflip,notflip
same_sequence_cross_split,0.9193541048941944,0,2,testing/flip/0014_000000010.jpg,training/flip/0014_000000011.jpg,flip__0014,flip__0014,flip,flip
same_sequence_cross_split,0.9192071699217793,2,2,testing/notflip/0047_000000029.jpg,training/notflip/0047_000000017.jpg,notflip__0047,notflip__0047,notflip,notflip
same_sequence_cross_split,0.9191691607607378,3,4,testing/notflip/0024_000000020.jpg,training/notflip/0024_000000017.jpg,notflip__0024,notflip__0024,notflip,notflip
same_sequence_cross_split,0.919165824168776,1,0,testing/flip/0038_000000026.jpg,training/flip/0038_000000029.jpg,flip__0038,flip__0038,flip,flip
same_sequence_cross_split,0.9191375368293037,1,0,testing/notflip/0025_000000021.jpg,training/notflip/0025_000000017.jpg,notflip__0025,notflip__0025,notflip,notflip
same_sequence_cross_split,0.9191324879109751,0,2,testing/notflip/0030_000000018.jpg,training/notflip/0030_000000026.jpg,notflip__0030,notflip__0030,notflip,notflip
same_sequence_cross_split,0.9191301427589735,2,2,testing/flip/0062_000000003.jpg,training/flip/0062_000000008.jpg,flip__0062,flip__0062,flip,flip
same_sequence_cross_split,0.9189561008666527,4,0,testing/notflip/0048_000000026.jpg,training/notflip/0048_000000017.jpg,notflip__0048,notflip__0048,notflip,notflip
same_sequence_cross_split,0.918940034628511,2,0,testing/notflip/0040_000000017.jpg,training/notflip/0040_000000023.jpg,notflip__0040,notflip__0040,notflip,notflip
same_sequence_cross_split,0.9188766823993327,1,2,testing/notflip/0036_000000025.jpg,training/notflip/0036_000000019.jpg,notflip__0036,notflip__0036,notflip,notflip
same_sequence_cross_split,0.9187799880375257,1,2,testing/notflip/0020_000000016.jpg,training/notflip/0020_000000012.jpg,notflip__0020,notflip__0020,notflip,notflip
same_sequence_cross_split,0.9187447246487191,1,0,testing/notflip/0049_000000012.jpg,training/notflip/0049_000000015.jpg,notflip__0049,notflip__0049,notflip,notflip
same_sequence_cross_split,0.9186325725429648,3,2,testing/notflip/0041_000000036.jpg,training/notflip/0041_000000024.jpg,notflip__0041,notflip__0041,notflip,notflip
same_sequence_cross_split,0.9186282489054874,1,0,testing/notflip/0051_000000025.jpg,training/notflip/0051_000000027.jpg,notflip__0051,notflip__0051,notflip,notflip
same_sequence_cross_split,0.918560849212551,1,0,testing/notflip/0043_000000024.jpg,training/notflip/0043_000000028.jpg,notflip__0043,notflip__0043,notflip,notflip
same_sequence_cross_split,0.9185395126082065,3,2,testing/notflip/0029_000000013.jpg,training/notflip/0029_000000011.jpg,notflip__0029,notflip__0029,notflip,notflip
same_sequence_cross_split,0.918506794693928,0,0,testing/notflip/0002_000000028.jpg,training/notflip/0002_000000024.jpg,notflip__0002,notflip__0002,notflip,notflip
same_sequence_cross_split,0.9184962370946395,2,4,testing/notflip/0056_000000007.jpg,training/notflip/0056_000000019.jpg,notflip__0056,notflip__0056,notflip,notflip
same_sequence_cross_split,0.9184816184985758,3,2,testing/notflip/0027_000000010.jpg,training/notflip/0027_000000003.jpg,notflip__0027,notflip__0027,notflip,notflip
different_sequence_cross_split_cross_label,0.9184639335233853,4,4,testing/flip/0060_000000008.jpg,training/notflip/0053_000000030.jpg,flip__0060,notflip__0053,flip,notflip
same_sequence_cross_split,0.9184614091759916,1,2,testing/notflip/0024_000000002.jpg,training/notflip/0024_000000023.jpg,notflip__0024,notflip__0024,notflip,notflip
same_sequence_cross_split,0.9183819381755345,4,0,testing/notflip/0056_000000024.jpg,training/notflip/0056_000000010.jpg,notflip__0056,notflip__0056,notflip,notflip
same_sequence_cross_split,0.9183556020066447,0,2,testing/notflip/0047_000000025.jpg,training/notflip/0047_000000018.jpg,notflip__0047,notflip__0047,notflip,notflip
same_sequence_cross_split,0.9182783218232038,3,4,testing/notflip/0027_000000017.jpg,training/notflip/0027_000000012.jpg,notflip__0027,notflip__0027,notflip,notflip
same_sequence_cross_split,0.9182766461134619,3,0,testing/notflip/0037_000000028.jpg,training/notflip/0037_000000024.jpg,notflip__0037,notflip__0037,notflip,notflip
same_sequence_cross_split,0.918123131757731,2,4,testing/notflip/0010_000000026.jpg,training/notflip/0010_000000028.jpg,notflip__0010,notflip__0010,notflip,notflip
same_sequence_cross_split,0.9179595891633304,2,2,testing/notflip/0044_000000014.jpg,training/notflip/0044_000000024.jpg,notflip__0044,notflip__0044,notflip,notflip
same_sequence_cross_split,0.9179548435175583,1,4,testing/notflip/0027_000000022.jpg,training/notflip/0027_000000021.jpg,notflip__0027,notflip__0027,notflip,notflip
same_sequence_cross_split,0.91787965846756,2,2,testing/notflip/0046_000000028.jpg,training/notflip/0046_000000026.jpg,notflip__0046,notflip__0046,notflip,notflip
same_sequence_cross_split,0.9177867362843481,2,2,testing/notflip/0048_000000025.jpg,training/notflip/0048_000000013.jpg,notflip__0048,notflip__0048,notflip,notflip
same_sequence_cross_split,0.9177659922978463,2,2,testing/notflip/0054_000000027.jpg,training/notflip/0054_000000019.jpg,notflip__0054,notflip__0054,notflip,notflip
same_sequence_cross_split,0.9177509610635681,3,4,testing/notflip/0047_000000025.jpg,training/notflip/0047_000000013.jpg,notflip__0047,notflip__0047,notflip,notflip
same_sequence_cross_split,0.9177007407669543,2,2,testing/notflip/0030_000000018.jpg,training/notflip/0030_000000030.jpg,notflip__0030,notflip__0030,notflip,notflip
same_sequence_cross_split,0.9176826768058184,2,4,testing/notflip/0055_000000013.jpg,training/notflip/0055_000000023.jpg,notflip__0055,notflip__0055,notflip,notflip
same_sequence_cross_split,0.9176532643190559,2,0,testing/notflip/0002_000000012.jpg,training/notflip/0002_000000005.jpg,notflip__0002,notflip__0002,notflip,notflip
same_sequence_cross_split,0.9176195979987986,1,4,testing/notflip/0019_000000015.jpg,training/notflip/0019_000000009.jpg,notflip__0019,notflip__0019,notflip,notflip
same_sequence_cross_split,0.917564937835664,1,0,testing/notflip/0006_000000016.jpg,training/notflip/0006_000000018.jpg,notflip__0006,notflip__0006,notflip,notflip
same_sequence_cross_split,0.9175138814699701,2,2,testing/flip/0058_000000006.jpg,training/flip/0058_000000008.jpg,flip__0058,flip__0058,flip,flip
same_sequence_cross_split,0.9175050532057709,0,2,testing/notflip/0009_000000015.jpg,training/notflip/0009_000000018.jpg,notflip__0009,notflip__0009,notflip,notflip
same_sequence_cross_split,0.9173591671624162,4,4,testing/notflip/0029_000000013.jpg,training/notflip/0029_000000010.jpg,notflip__0029,notflip__0029,notflip,notflip
same_sequence_cross_split,0.9173530548551949,0,4,testing/flip/0014_000000009.jpg,training/flip/0014_000000008.jpg,flip__0014,flip__0014,flip,flip
same_sequence_cross_split,0.917347432078012,2,0,testing/notflip/0031_000000019.jpg,training/notflip/0031_000000022.jpg,notflip__0031,notflip__0031,notflip,notflip
same_sequence_cross_split,0.9173421908879151,2,2,testing/notflip/0044_000000014.jpg,training/notflip/0044_000000021.jpg,notflip__0044,notflip__0044,notflip,notflip
same_sequence_cross_split,0.9172322137978381,4,2,testing/flip/0006_000000006.jpg,training/flip/0006_000000010.jpg,flip__0006,flip__0006,flip,flip
same_sequence_cross_split,0.9171540976902908,1,2,testing/flip/0044_000000015.jpg,training/flip/0044_000000013.jpg,flip__0044,flip__0044,flip,flip
same_sequence_cross_split,0.9171519378934058,2,0,testing/notflip/0002_000000006.jpg,training/notflip/0002_000000013.jpg,notflip__0002,notflip__0002,notflip,notflip
same_sequence_cross_split,0.9171415192449057,2,2,testing/flip/0020_000000010.jpg,training/flip/0020_000000011.jpg,flip__0020,flip__0020,flip,flip
same_sequence_cross_split,0.9171380963155513,0,2,testing/notflip/0003_000000004.jpg,training/notflip/0003_000000003.jpg,notflip__0003,notflip__0003,notflip,notflip
same_sequence_cross_split,0.9170834126672013,1,2,testing/flip/0030_000000019.jpg,training/flip/0030_000000018.jpg,flip__0030,flip__0030,flip,flip
same_sequence_cross_split,0.9169612906124414,0,2,testing/notflip/0041_000000022.jpg,training/notflip/0041_000000017.jpg,notflip__0041,notflip__0041,notflip,notflip
same_sequence_cross_split,0.916918586266506,3,0,testing/notflip/0045_000000026.jpg,training/notflip/0045_000000021.jpg,notflip__0045,notflip__0045,notflip,notflip
same_sequence_cross_split,0.9169149034247496,4,2,testing/notflip/0048_000000015.jpg,training/notflip/0048_000000023.jpg,notflip__0048,notflip__0048,notflip,notflip
same_sequence_cross_split,0.9168425303548674,2,2,testing/notflip/0035_000000026.jpg,training/notflip/0035_000000021.jpg,notflip__0035,notflip__0035,notflip,notflip
same_sequence_cross_split,0.9167772645148246,3,2,testing/notflip/0046_000000011.jpg,training/notflip/0046_000000006.jpg,notflip__0046,notflip__0046,notflip,notflip
same_sequence_cross_split,0.9166896307781027,1,2,testing/flip/0011_000000006.jpg,training/flip/0011_000000005.jpg,flip__0011,flip__0011,flip,flip
same_sequence_cross_split,0.9166578733868107,3,4,testing/notflip/0028_000000004.jpg,training/notflip/0028_000000001.jpg,notflip__0028,notflip__0028,notflip,notflip
same_sequence_cross_split,0.916598709103619,1,0,testing/notflip/0041_000000021.jpg,training/notflip/0041_000000027.jpg,notflip__0041,notflip__0041,notflip,notflip
same_sequence_cross_split,0.9165750144259894,2,0,testing/flip/0058_000000003.jpg,training/flip/0058_000000001.jpg,flip__0058,flip__0058,flip,flip
same_sequence_cross_split,0.9165444922511273,1,0,testing/notflip/0031_000000015.jpg,training/notflip/0031_000000018.jpg,notflip__0031,notflip__0031,notflip,notflip
same_sequence_cross_split,0.9164393549576545,0,0,testing/notflip/0058_000000021.jpg,training/notflip/0058_000000017.jpg,notflip__0058,notflip__0058,notflip,notflip
same_sequence_cross_split,0.9164386912690574,1,2,testing/notflip/0008_000000009.jpg,training/notflip/0008_000000010.jpg,notflip__0008,notflip__0008,notflip,notflip
same_sequence_cross_split,0.9164298209672539,1,2,testing/notflip/0037_000000018.jpg,training/notflip/0037_000000024.jpg,notflip__0037,notflip__0037,notflip,notflip
same_sequence_cross_split,0.9164105279373057,1,0,testing/notflip/0025_000000022.jpg,training/notflip/0025_000000017.jpg,notflip__0025,notflip__0025,notflip,notflip
same_sequence_cross_split,0.916391949366533,2,2,testing/flip/0040_000000007.jpg,training/flip/0040_000000006.jpg,flip__0040,flip__0040,flip,flip
same_sequence_cross_split,0.9163885397152968,2,2,testing/notflip/0020_000000019.jpg,training/notflip/0020_000000013.jpg,notflip__0020,notflip__0020,notflip,notflip
same_sequence_cross_split,0.9163729564116169,1,4,testing/flip/0021_000000014.jpg,training/flip/0021_000000013.jpg,flip__0021,flip__0021,flip,flip
same_sequence_cross_split,0.9161076955502099,3,4,testing/notflip/0020_000000004.jpg,training/notflip/0020_000000011.jpg,notflip__0020,notflip__0020,notflip,notflip
same_sequence_cross_split,0.9159548511405384,1,0,testing/notflip/0026_000000005.jpg,training/notflip/0026_000000006.jpg,notflip__0026,notflip__0026,notflip,notflip
same_sequence_cross_split,0.9159504602319204,2,0,testing/notflip/0038_000000005.jpg,training/notflip/0038_000000004.jpg,notflip__0038,notflip__0038,notflip,notflip
same_sequence_cross_split,0.9159408428614357,2,2,testing/notflip/0041_000000028.jpg,training/notflip/0041_000000017.jpg,notflip__0041,notflip__0041,notflip,notflip
same_sequence_cross_split,0.9159263974488296,1,4,testing/notflip/0016_000000001.jpg,training/notflip/0016_000000006.jpg,notflip__0016,notflip__0016,notflip,notflip
same_sequence_cross_split,0.915884346995918,2,4,testing/notflip/0058_000000020.jpg,training/notflip/0058_000000012.jpg,notflip__0058,notflip__0058,notflip,notflip
same_sequence_cross_split,0.9158452158701366,1,0,testing/notflip/0045_000000018.jpg,training/notflip/0045_000000027.jpg,notflip__0045,notflip__0045,notflip,notflip
same_sequence_cross_split,0.9157591676375583,4,0,testing/notflip/0040_000000018.jpg,training/notflip/0040_000000026.jpg,notflip__0040,notflip__0040,notflip,notflip
same_sequence_cross_split,0.9156627202402023,0,2,testing/notflip/0009_000000017.jpg,training/notflip/0009_000000014.jpg,notflip__0009,notflip__0009,notflip,notflip
same_sequence_cross_split,0.915649240124517,3,2,testing/notflip/0034_000000025.jpg,training/notflip/0034_000000028.jpg,notflip__0034,notflip__0034,notflip,notflip
same_sequence_cross_split,0.9156279285923614,2,4,testing/notflip/0004_000000020.jpg,training/notflip/0004_000000021.jpg,notflip__0004,notflip__0004,notflip,notflip
same_sequence_cross_split,0.9155932542973066,3,0,testing/notflip/0056_000000024.jpg,training/notflip/0056_000000014.jpg,notflip__0056,notflip__0056,notflip,notflip
same_sequence_cross_split,0.9155327327549001,1,0,testing/notflip/0058_000000021.jpg,training/notflip/0058_000000026.jpg,notflip__0058,notflip__0058,notflip,notflip
same_sequence_cross_split,0.9154698643665904,1,0,testing/notflip/0053_000000017.jpg,training/notflip/0053_000000028.jpg,notflip__0053,notflip__0053,notflip,notflip
same_sequence_cross_split,0.9154525750629425,2,0,testing/flip/0054_000000015.jpg,training/flip/0054_000000014.jpg,flip__0054,flip__0054,flip,flip
same_sequence_cross_split,0.9154215732727774,4,4,testing/notflip/0033_000000006.jpg,training/notflip/0033_000000004.jpg,notflip__0033,notflip__0033,notflip,notflip
same_sequence_cross_split,0.9153824797162982,2,2,testing/notflip/0031_000000004.jpg,training/notflip/0031_000000005.jpg,notflip__0031,notflip__0031,notflip,notflip
different_sequence_cross_split_cross_label,0.9153476764571103,4,4,testing/flip/0042_000000002.jpg,training/notflip/0033_000000017.jpg,flip__0042,notflip__0033,flip,notflip
same_sequence_cross_split,0.9153305273437676,1,2,testing/notflip/0048_000000015.jpg,training/notflip/0048_000000019.jpg,notflip__0048,notflip__0048,notflip,notflip
same_sequence_cross_split,0.9152344572851033,3,0,testing/notflip/0056_000000013.jpg,training/notflip/0056_000000023.jpg,notflip__0056,notflip__0056,notflip,notflip
same_sequence_cross_split,0.9151634880383435,3,4,testing/notflip/0010_000000009.jpg,training/notflip/0010_000000013.jpg,notflip__0010,notflip__0010,notflip,notflip
same_sequence_cross_split,0.9151437757876802,2,0,testing/notflip/0033_000000002.jpg,training/notflip/0033_000000001.jpg,notflip__0033,notflip__0033,notflip,notflip
same_sequence_cross_split,0.9151405430449796,2,4,testing/notflip/0055_000000016.jpg,training/notflip/0055_000000024.jpg,notflip__0055,notflip__0055,notflip,notflip
same_sequence_cross_split,0.9150153376112413,1,2,testing/notflip/0026_000000029.jpg,training/notflip/0026_000000023.jpg,notflip__0026,notflip__0026,notflip,notflip
same_sequence_cross_split,0.9149248476671124,2,0,testing/notflip/0056_000000024.jpg,training/notflip/0056_000000012.jpg,notflip__0056,notflip__0056,notflip,notflip
same_sequence_cross_split,0.9149170457635146,0,2,testing/notflip/0036_000000028.jpg,training/notflip/0036_000000015.jpg,notflip__0036,notflip__0036,notflip,notflip
same_sequence_cross_split,0.9148045855409543,2,2,testing/notflip/0010_000000026.jpg,training/notflip/0010_000000018.jpg,notflip__0010,notflip__0010,notflip,notflip
same_sequence_cross_split,0.9147880385986864,3,2,testing/notflip/0048_000000025.jpg,training/notflip/0048_000000012.jpg,notflip__0048,notflip__0048,notflip,notflip
same_sequence_cross_split,0.9146595163925619,1,2,testing/flip/0015_000000011.jpg,training/flip/0015_000000010.jpg,flip__0015,flip__0015,flip,flip
same_sequence_cross_split,0.9145283671994264,2,0,testing/notflip/0002_000000012.jpg,training/notflip/0002_000000021.jpg,notflip__0002,notflip__0002,notflip,notflip
same_sequence_cross_split,0.914471859759429,4,0,testing/notflip/0041_000000036.jpg,training/notflip/0041_000000017.jpg,notflip__0041,notflip__0041,notflip,notflip
same_sequence_cross_split,0.9144478755290564,3,2,testing/notflip/0041_000000036.jpg,training/notflip/0041_000000025.jpg,notflip__0041,notflip__0041,notflip,notflip
same_sequence_cross_split,0.9144276336817742,2,0,testing/notflip/0038_000000005.jpg,training/notflip/0038_000000006.jpg,notflip__0038,notflip__0038,notflip,notflip
same_sequence_cross_split,0.9142853859205478,2,0,testing/notflip/0002_000000008.jpg,training/notflip/0002_000000004.jpg,notflip__0002,notflip__0002,notflip,notflip
same_sequence_cross_split,0.9142736800125117,2,4,testing/notflip/0056_000000007.jpg,training/notflip/0056_000000020.jpg,notflip__0056,notflip__0056,notflip,notflip
same_sequence_cross_split,0.9141882173720782,4,2,testing/notflip/0036_000000014.jpg,training/notflip/0036_000000016.jpg,notflip__0036,notflip__0036,notflip,notflip
same_sequence_cross_split,0.9141363061068088,1,0,testing/notflip/0053_000000016.jpg,training/notflip/0053_000000030.jpg,notflip__0053,notflip__0053,notflip,notflip
same_sequence_cross_split,0.9140966967525938,2,2,testing/notflip/0053_000000017.jpg,training/notflip/0053_000000022.jpg,notflip__0053,notflip__0053,notflip,notflip
different_sequence_cross_split_cross_label,0.9140939338639797,4,2,testing/flip/0042_000000002.jpg,training/notflip/0033_000000024.jpg,flip__0042,notflip__0033,flip,notflip
same_sequence_cross_split,0.914057692434212,1,0,testing/notflip/0049_000000026.jpg,training/notflip/0049_000000024.jpg,notflip__0049,notflip__0049,notflip,notflip
same_sequence_cross_split,0.9137865172311361,0,2,testing/notflip/0049_000000018.jpg,training/notflip/0049_000000025.jpg,notflip__0049,notflip__0049,notflip,notflip
same_sequence_cross_split,0.9136221086224067,1,2,testing/notflip/0046_000000011.jpg,training/notflip/0046_000000014.jpg,notflip__0046,notflip__0046,notflip,notflip
same_sequence_cross_split,0.9135543301388351,4,0,testing/notflip/0002_000000006.jpg,training/notflip/0002_000000016.jpg,notflip__0002,notflip__0002,notflip,notflip
same_sequence_cross_split,0.9134562671009006,2,2,testing/notflip/0004_000000004.jpg,training/notflip/0004_000000006.jpg,notflip__0004,notflip__0004,notflip,notflip
same_sequence_cross_split,0.9133993095380595,1,2,testing/flip/0030_000000009.jpg,training/flip/0030_000000008.jpg,flip__0030,flip__0030,flip,flip
same_sequence_cross_split,0.9133980717401082,1,4,testing/notflip/0042_000000024.jpg,training/notflip/0042_000000016.jpg,notflip__0042,notflip__0042,notflip,notflip
same_sequence_cross_split,0.9133816547450946,2,2,testing/notflip/0036_000000014.jpg,training/notflip/0036_000000017.jpg,notflip__0036,notflip__0036,notflip,notflip
same_sequence_cross_split,0.9133586675465788,3,2,testing/notflip/0055_000000012.jpg,training/notflip/0055_000000015.jpg,notflip__0055,notflip__0055,notflip,notflip
same_sequence_cross_split,0.9133555691023225,3,4,testing/notflip/0056_000000013.jpg,training/notflip/0056_000000008.jpg,notflip__0056,notflip__0056,notflip,notflip
same_sequence_cross_split,0.913355365787851,2,0,testing/notflip/0056_000000013.jpg,training/notflip/0056_000000025.jpg,notflip__0056,notflip__0056,notflip,notflip
same_sequence_cross_split,0.9133396586197838,3,2,testing/notflip/0036_000000014.jpg,training/notflip/0036_000000022.jpg,notflip__0036,notflip__0036,notflip,notflip
same_sequence_cross_split,0.9133214212337102,0,0,testing/notflip/0056_000000022.jpg,training/notflip/0056_000000026.jpg,notflip__0056,notflip__0056,notflip,notflip
same_sequence_cross_split,0.9132563757311445,4,4,testing/notflip/0038_000000011.jpg,training/notflip/0038_000000012.jpg,notflip__0038,notflip__0038,notflip,notflip
same_sequence_cross_split,0.9131944684504328,1,2,testing/notflip/0045_000000016.jpg,training/notflip/0045_000000017.jpg,notflip__0045,notflip__0045,notflip,notflip
same_sequence_cross_split,0.9131718927866825,1,2,testing/notflip/0032_000000003.jpg,training/notflip/0032_000000001.jpg,notflip__0032,notflip__0032,notflip,notflip
same_sequence_cross_split,0.9131162674005575,4,2,testing/notflip/0008_000000023.jpg,training/notflip/0008_000000026.jpg,notflip__0008,notflip__0008,notflip,notflip
same_sequence_cross_split,0.9130968212234427,0,2,testing/notflip/0036_000000020.jpg,training/notflip/0036_000000026.jpg,notflip__0036,notflip__0036,notflip,notflip
same_sequence_cross_split,0.9130751163109087,1,0,testing/notflip/0002_000000008.jpg,training/notflip/0002_000000013.jpg,notflip__0002,notflip__0002,notflip,notflip
same_sequence_cross_split,0.9130602881270519,1,4,testing/notflip/0038_000000020.jpg,training/notflip/0038_000000018.jpg,notflip__0038,notflip__0038,notflip,notflip
same_sequence_cross_split,0.9128948768111407,2,2,testing/flip/0037_000000006.jpg,training/flip/0037_000000005.jpg,flip__0037,flip__0037,flip,flip
same_sequence_cross_split,0.9128745925298207,3,0,testing/notflip/0031_000000016.jpg,training/notflip/0031_000000021.jpg,notflip__0031,notflip__0031,notflip,notflip
same_sequence_cross_split,0.9128630188886144,1,0,testing/notflip/0053_000000025.jpg,training/notflip/0053_000000019.jpg,notflip__0053,notflip__0053,notflip,notflip
same_sequence_cross_split,0.9128524970439779,1,2,testing/notflip/0003_000000018.jpg,training/notflip/0003_000000021.jpg,notflip__0003,notflip__0003,notflip,notflip
same_sequence_cross_split,0.9128101813197536,0,4,testing/notflip/0029_000000018.jpg,training/notflip/0029_000000022.jpg,notflip__0029,notflip__0029,notflip,notflip
same_sequence_cross_split,0.912797223662358,2,2,testing/flip/0042_000000006.jpg,training/flip/0042_000000010.jpg,flip__0042,flip__0042,flip,flip
same_sequence_cross_split,0.9127214588637859,3,0,testing/notflip/0056_000000011.jpg,training/notflip/0056_000000014.jpg,notflip__0056,notflip__0056,notflip,notflip
same_sequence_cross_split,0.9127010963113815,2,0,testing/notflip/0043_000000023.jpg,training/notflip/0043_000000028.jpg,notflip__0043,notflip__0043,notflip,notflip
same_sequence_cross_split,0.9126975412101013,2,4,testing/notflip/0046_000000028.jpg,training/notflip/0046_000000022.jpg,notflip__0046,notflip__0046,notflip,notflip
same_sequence_cross_split,0.912673198772937,1,0,testing/notflip/0006_000000009.jpg,training/notflip/0006_000000007.jpg,notflip__0006,notflip__0006,notflip,notflip
same_sequence_cross_split,0.912619456395584,1,0,testing/notflip/0053_000000025.jpg,training/notflip/0053_000000014.jpg,notflip__0053,notflip__0053,notflip,notflip
same_sequence_cross_split,0.9125490833851513,0,2,testing/notflip/0039_000000022.jpg,training/notflip/0039_000000025.jpg,notflip__0039,notflip__0039,notflip,notflip
same_sequence_cross_split,0.912492919400857,3,2,testing/notflip/0027_000000023.jpg,training/notflip/0027_000000024.jpg,notflip__0027,notflip__0027,notflip,notflip
same_sequence_cross_split,0.912468548786647,2,0,testing/notflip/0002_000000015.jpg,training/notflip/0002_000000009.jpg,notflip__0002,notflip__0002,notflip,notflip
same_sequence_cross_split,0.9122248543438031,2,4,testing/notflip/0054_000000027.jpg,training/notflip/0054_000000016.jpg,notflip__0054,notflip__0054,notflip,notflip
same_sequence_cross_split,0.912144272026574,3,2,testing/flip/0035_000000007.jpg,training/flip/0035_000000008.jpg,flip__0035,flip__0035,flip,flip
same_sequence_cross_split,0.9120832877079047,2,2,testing/notflip/0044_000000027.jpg,training/notflip/0044_000000020.jpg,notflip__0044,notflip__0044,notflip,notflip
same_sequence_cross_split,0.9119988122393334,2,2,testing/notflip/0052_000000006.jpg,training/notflip/0052_000000008.jpg,notflip__0052,notflip__0052,notflip,notflip
same_sequence_cross_split,0.9119265710008455,0,2,testing/notflip/0034_000000025.jpg,training/notflip/0034_000000022.jpg,notflip__0034,notflip__0034,notflip,notflip
same_sequence_cross_split,0.9118937679113793,3,4,testing/notflip/0042_000000021.jpg,training/notflip/0042_000000010.jpg,notflip__0042,notflip__0042,notflip,notflip
same_sequence_cross_split,0.9118641334613885,3,4,testing/notflip/0046_000000027.jpg,training/notflip/0046_000000030.jpg,notflip__0046,notflip__0046,notflip,notflip
same_sequence_cross_split,0.9118342643815811,2,2,testing/notflip/0031_000000017.jpg,training/notflip/0031_000000012.jpg,notflip__0031,notflip__0031,notflip,notflip
same_sequence_cross_split,0.9118176907568275,3,2,testing/notflip/0031_000000020.jpg,training/notflip/0031_000000025.jpg,notflip__0031,notflip__0031,notflip,notflip
same_sequence_cross_split,0.9117871070939567,0,4,testing/notflip/0030_000000018.jpg,training/notflip/0030_000000025.jpg,notflip__0030,notflip__0030,notflip,notflip
same_sequence_cross_split,0.9117842180421173,2,4,testing/notflip/0042_000000027.jpg,training/notflip/0042_000000011.jpg,notflip__0042,notflip__0042,notflip,notflip
same_sequence_cross_split,0.91168693517651,2,0,testing/notflip/0030_000000018.jpg,training/notflip/0030_000000015.jpg,notflip__0030,notflip__0030,notflip,notflip
same_sequence_cross_split,0.9116803928829748,3,0,testing/notflip/0030_000000018.jpg,training/notflip/0030_000000014.jpg,notflip__0030,notflip__0030,notflip,notflip
same_sequence_cross_split,0.9116508389076267,1,0,testing/notflip/0041_000000028.jpg,training/notflip/0041_000000032.jpg,notflip__0041,notflip__0041,notflip,notflip
same_sequence_cross_split,0.9113983905140774,4,2,testing/notflip/0036_000000014.jpg,training/notflip/0036_000000029.jpg,notflip__0036,notflip__0036,notflip,notflip
same_sequence_cross_split,0.9113302938483658,2,0,testing/notflip/0056_000000013.jpg,training/notflip/0056_000000026.jpg,notflip__0056,notflip__0056,notflip,notflip
same_sequence_cross_split,0.911328456165464,0,0,testing/notflip/0007_000000010.jpg,training/notflip/0007_000000012.jpg,notflip__0007,notflip__0007,notflip,notflip
same_sequence_cross_split,0.9112842484346386,3,2,testing/flip/0005_000000003.jpg,training/flip/0005_000000004.jpg,flip__0005,flip__0005,flip,flip
same_sequence_cross_split,0.9112551762619562,2,2,testing/notflip/0042_000000013.jpg,training/notflip/0042_000000010.jpg,notflip__0042,notflip__0042,notflip,notflip
same_sequence_cross_split,0.9112544628333261,3,2,testing/flip/0006_000000008.jpg,training/flip/0006_000000005.jpg,flip__0006,flip__0006,flip,flip
same_sequence_cross_split,0.911219983322262,4,2,testing/notflip/0027_000000010.jpg,training/notflip/0027_000000002.jpg,notflip__0027,notflip__0027,notflip,notflip
same_sequence_cross_split,0.9112035125797491,3,2,testing/flip/0037_000000024.jpg,training/flip/0037_000000025.jpg,flip__0037,flip__0037,flip,flip
same_sequence_cross_split,0.9112008898557019,1,4,testing/notflip/0057_000000007.jpg,training/notflip/0057_000000009.jpg,notflip__0057,notflip__0057,notflip,notflip
same_sequence_cross_split,0.9111809682984277,1,0,testing/notflip/0006_000000015.jpg,training/notflip/0006_000000018.jpg,notflip__0006,notflip__0006,notflip,notflip
different_sequence_cross_split_cross_label,0.9110690069109191,4,0,testing/flip/0042_000000002.jpg,training/notflip/0033_000000021.jpg,flip__0042,notflip__0033,flip,notflip
same_sequence_cross_split,0.9108890717249429,1,0,testing/notflip/0002_000000003.jpg,training/notflip/0002_000000011.jpg,notflip__0002,notflip__0002,notflip,notflip
same_sequence_cross_split,0.9108195991308774,1,2,testing/notflip/0030_000000024.jpg,training/notflip/0030_000000029.jpg,notflip__0030,notflip__0030,notflip,notflip
same_sequence_cross_split,0.9107172435801275,0,2,testing/notflip/0030_000000024.jpg,training/notflip/0030_000000030.jpg,notflip__0030,notflip__0030,notflip,notflip
same_sequence_cross_split,0.9107026330129052,0,0,testing/notflip/0049_000000022.jpg,training/notflip/0049_000000015.jpg,notflip__0049,notflip__0049,notflip,notflip
same_sequence_cross_split,0.9106897077481313,2,2,testing/notflip/0057_000000012.jpg,training/notflip/0057_000000010.jpg,notflip__0057,notflip__0057,notflip,notflip
same_sequence_cross_split,0.91061367418293,2,2,testing/notflip/0030_000000024.jpg,training/notflip/0030_000000026.jpg,notflip__0030,notflip__0030,notflip,notflip
same_sequence_cross_split,0.9105253429485952,2,2,testing/notflip/0031_000000015.jpg,training/notflip/0031_000000011.jpg,notflip__0031,notflip__0031,notflip,notflip
same_sequence_cross_split,0.910508602659612,2,2,testing/flip/0016_000000008.jpg,training/flip/0016_000000007.jpg,flip__0016,flip__0016,flip,flip
same_sequence_cross_split,0.910505788365417,1,2,testing/notflip/0002_000000026.jpg,training/notflip/0002_000000019.jpg,notflip__0002,notflip__0002,notflip,notflip
same_sequence_cross_split,0.910340367968636,3,0,testing/notflip/0002_000000008.jpg,training/notflip/0002_000000016.jpg,notflip__0002,notflip__0002,notflip,notflip
same_sequence_cross_split,0.9101642289708777,4,4,testing/notflip/0027_000000004.jpg,training/notflip/0027_000000015.jpg,notflip__0027,notflip__0027,notflip,notflip
same_sequence_cross_split,0.9101153347887562,3,2,testing/notflip/0042_000000024.jpg,training/notflip/0042_000000028.jpg,notflip__0042,notflip__0042,notflip,notflip
same_sequence_cross_split,0.9100738413971222,1,2,testing/notflip/0009_000000005.jpg,training/notflip/0009_000000007.jpg,notflip__0009,notflip__0009,notflip,notflip
same_sequence_cross_split,0.9100486985146704,2,2,testing/notflip/0029_000000025.jpg,training/notflip/0029_000000021.jpg,notflip__0029,notflip__0029,notflip,notflip
same_sequence_cross_split,0.9100316925751637,1,2,testing/notflip/0019_000000027.jpg,training/notflip/0019_000000019.jpg,notflip__0019,notflip__0019,notflip,notflip
same_sequence_cross_split,0.9099815655248729,2,4,testing/notflip/0054_000000027.jpg,training/notflip/0054_000000017.jpg,notflip__0054,notflip__0054,notflip,notflip
same_sequence_cross_split,0.9099421982837244,1,0,testing/notflip/0020_000000016.jpg,training/notflip/0020_000000020.jpg,notflip__0020,notflip__0020,notflip,notflip
same_sequence_cross_split,0.9099303715856303,1,2,testing/notflip/0038_000000023.jpg,training/notflip/0038_000000027.jpg,notflip__0038,notflip__0038,notflip,notflip
same_sequence_cross_split,0.9098700538601804,2,2,testing/notflip/0038_000000022.jpg,training/notflip/0038_000000026.jpg,notflip__0038,notflip__0038,notflip,notflip
different_sequence_cross_split_cross_label,0.9098620122794401,3,2,testing/flip/0042_000000002.jpg,training/notflip/0033_000000018.jpg,flip__0042,notflip__0033,flip,notflip
same_sequence_cross_split,0.9098212170377957,2,4,testing/notflip/0056_000000007.jpg,training/notflip/0056_000000021.jpg,notflip__0056,notflip__0056,notflip,notflip
same_sequence_cross_split,0.9096709315844618,0,0,testing/notflip/0053_000000016.jpg,training/notflip/0053_000000028.jpg,notflip__0053,notflip__0053,notflip,notflip
same_sequence_cross_split,0.9095586616727412,2,0,testing/notflip/0045_000000026.jpg,training/notflip/0045_000000017.jpg,notflip__0045,notflip__0045,notflip,notflip
same_sequence_cross_split,0.9093789579061924,2,0,testing/notflip/0048_000000025.jpg,training/notflip/0048_000000027.jpg,notflip__0048,notflip__0048,notflip,notflip
different_sequence_cross_split_cross_label,0.9093551445651484,1,0,testing/flip/0065_000000001.jpg,training/notflip/0058_000000030.jpg,flip__0065,notflip__0058,flip,notflip
same_sequence_cross_split,0.9092749342704607,3,4,testing/notflip/0027_000000023.jpg,training/notflip/0027_000000026.jpg,notflip__0027,notflip__0027,notflip,notflip
same_sequence_cross_split,0.9092501711785667,4,2,testing/notflip/0019_000000004.jpg,training/notflip/0019_000000001.jpg,notflip__0019,notflip__0019,notflip,notflip
same_sequence_cross_split,0.9091698635491237,2,4,testing/notflip/0054_000000027.jpg,training/notflip/0054_000000018.jpg,notflip__0054,notflip__0054,notflip,notflip
same_sequence_cross_split,0.9091661614874658,1,2,testing/notflip/0002_000000026.jpg,training/notflip/0002_000000020.jpg,notflip__0002,notflip__0002,notflip,notflip
same_sequence_cross_split,0.9091383894521327,3,2,testing/notflip/0048_000000015.jpg,training/notflip/0048_000000024.jpg,notflip__0048,notflip__0048,notflip,notflip
same_sequence_cross_split,0.9091122909072629,2,0,testing/notflip/0048_000000030.jpg,training/notflip/0048_000000020.jpg,notflip__0048,notflip__0048,notflip,notflip
same_sequence_cross_split,0.9090714795610702,4,2,testing/notflip/0033_000000027.jpg,training/notflip/0033_000000023.jpg,notflip__0033,notflip__0033,notflip,notflip
same_sequence_cross_split,0.9089756782706587,4,2,testing/notflip/0031_000000016.jpg,training/notflip/0031_000000026.jpg,notflip__0031,notflip__0031,notflip,notflip
same_sequence_cross_split,0.9089726918853791,2,4,testing/notflip/0042_000000024.jpg,training/notflip/0042_000000019.jpg,notflip__0042,notflip__0042,notflip,notflip
different_sequence_cross_split_cross_label,0.9088979464891951,4,4,testing/flip/0062_000000009.jpg,training/notflip/0055_000000022.jpg,flip__0062,notflip__0055,flip,notflip
same_sequence_cross_split,0.9088411469534359,0,2,testing/notflip/0019_000000024.jpg,training/notflip/0019_000000011.jpg,notflip__0019,notflip__0019,notflip,notflip
same_sequence_cross_split,0.9087598896328556,3,0,testing/notflip/0045_000000022.jpg,training/notflip/0045_000000025.jpg,notflip__0045,notflip__0045,notflip,notflip
same_sequence_cross_split,0.9087442039260729,2,2,testing/notflip/0036_000000014.jpg,training/notflip/0036_000000021.jpg,notflip__0036,notflip__0036,notflip,notflip
same_sequence_cross_split,0.9086797444943359,3,2,testing/notflip/0046_000000012.jpg,training/notflip/0046_000000006.jpg,notflip__0046,notflip__0046,notflip,notflip
same_sequence_cross_split,0.9086578373471279,0,2,testing/notflip/0036_000000020.jpg,training/notflip/0036_000000027.jpg,notflip__0036,notflip__0036,notflip,notflip
same_sequence_cross_split,0.9086127732606126,1,2,testing/notflip/0019_000000024.jpg,training/notflip/0019_000000019.jpg,notflip__0019,notflip__0019,notflip,notflip
same_sequence_cross_split,0.9086122917345106,3,2,testing/flip/0006_000000008.jpg,training/flip/0006_000000011.jpg,flip__0006,flip__0006,flip,flip
same_sequence_cross_split,0.9086007993831492,1,2,testing/flip/0008_000000007.jpg,training/flip/0008_000000009.jpg,flip__0008,flip__0008,flip,flip
same_sequence_cross_split,0.9085274251120667,2,2,testing/notflip/0009_000000012.jpg,training/notflip/0009_000000009.jpg,notflip__0009,notflip__0009,notflip,notflip
same_sequence_cross_split,0.9085071953832876,2,2,testing/notflip/0023_000000020.jpg,training/notflip/0023_000000025.jpg,notflip__0023,notflip__0023,notflip,notflip
same_sequence_cross_split,0.9084698957800691,0,0,testing/notflip/0053_000000025.jpg,training/notflip/0053_000000020.jpg,notflip__0053,notflip__0053,notflip,notflip
same_sequence_cross_split,0.9084696006959789,3,4,testing/notflip/0004_000000012.jpg,training/notflip/0004_000000013.jpg,notflip__0004,notflip__0004,notflip,notflip
same_sequence_cross_split,0.9083632873411939,1,2,testing/flip/0014_000000006.jpg,training/flip/0014_000000001.jpg,flip__0014,flip__0014,flip,flip
same_sequence_cross_split,0.9083387103221484,1,2,testing/flip/0014_000000006.jpg,training/flip/0014_000000002.jpg,flip__0014,flip__0014,flip,flip
same_sequence_cross_split,0.9082672452332999,4,0,testing/notflip/0041_000000011.jpg,training/notflip/0041_000000009.jpg,notflip__0041,notflip__0041,notflip,notflip
same_sequence_cross_split,0.9082301415671047,0,0,testing/notflip/0015_000000005.jpg,training/notflip/0015_000000006.jpg,notflip__0015,notflip__0015,notflip,notflip
same_sequence_cross_split,0.9081988595480858,3,2,testing/notflip/0045_000000016.jpg,training/notflip/0045_000000025.jpg,notflip__0045,notflip__0045,notflip,notflip
same_sequence_cross_split,0.9081701711988844,0,0,testing/notflip/0002_000000006.jpg,training/notflip/0002_000000002.jpg,notflip__0002,notflip__0002,notflip,notflip
same_sequence_cross_split,0.9081465676193076,4,0,testing/notflip/0051_000000012.jpg,training/notflip/0051_000000028.jpg,notflip__0051,notflip__0051,notflip,notflip
same_sequence_cross_split,0.9080973764202901,2,4,testing/flip/0055_000000024.jpg,training/flip/0055_000000023.jpg,flip__0055,flip__0055,flip,flip
same_sequence_cross_split,0.9080087802417561,2,0,testing/notflip/0056_000000013.jpg,training/notflip/0056_000000028.jpg,notflip__0056,notflip__0056,notflip,notflip
same_sequence_cross_split,0.9080042157788173,3,0,testing/notflip/0002_000000015.jpg,training/notflip/0002_000000007.jpg,notflip__0002,notflip__0002,notflip,notflip
same_sequence_cross_split,0.90782284493011,4,4,testing/notflip/0049_000000006.jpg,training/notflip/0049_000000003.jpg,notflip__0049,notflip__0049,notflip,notflip
same_sequence_cross_split,0.9078094559735036,3,2,testing/notflip/0011_000000018.jpg,training/notflip/0011_000000019.jpg,notflip__0011,notflip__0011,notflip,notflip
same_sequence_cross_split,0.9077921682034393,0,0,testing/notflip/0041_000000021.jpg,training/notflip/0041_000000024.jpg,notflip__0041,notflip__0041,notflip,notflip
same_sequence_cross_split,0.9077685108150516,1,0,testing/notflip/0019_000000024.jpg,training/notflip/0019_000000017.jpg,notflip__0019,notflip__0019,notflip,notflip
same_sequence_cross_split,0.9077380395641597,1,2,testing/notflip/0032_000000008.jpg,training/notflip/0032_000000009.jpg,notflip__0032,notflip__0032,notflip,notflip
same_sequence_cross_split,0.9077346509000965,3,4,testing/notflip/0005_000000012.jpg,training/notflip/0005_000000013.jpg,notflip__0005,notflip__0005,notflip,notflip
same_sequence_cross_split,0.9077336236454742,3,4,testing/notflip/0031_000000010.jpg,training/notflip/0031_000000013.jpg,notflip__0031,notflip__0031,notflip,notflip
same_sequence_cross_split,0.9077172758917542,4,0,testing/notflip/0051_000000025.jpg,training/notflip/0051_000000020.jpg,notflip__0051,notflip__0051,notflip,notflip
same_sequence_cross_split,0.9075625730524145,0,0,testing/notflip/0056_000000007.jpg,training/notflip/0056_000000006.jpg,notflip__0056,notflip__0056,notflip,notflip
same_sequence_cross_split,0.9075559626496255,4,4,testing/notflip/0042_000000027.jpg,training/notflip/0042_000000018.jpg,notflip__0042,notflip__0042,notflip,notflip
different_sequence_cross_split_cross_label,0.9075386001031472,4,4,testing/flip/0062_000000006.jpg,training/notflip/0055_000000030.jpg,flip__0062,notflip__0055,flip,notflip
same_sequence_cross_split,0.9075109836163987,1,2,testing/notflip/0019_000000012.jpg,training/notflip/0019_000000023.jpg,notflip__0019,notflip__0019,notflip,notflip
same_sequence_cross_split,0.9074928502734558,3,4,testing/notflip/0027_000000023.jpg,training/notflip/0027_000000025.jpg,notflip__0027,notflip__0027,notflip,notflip
same_sequence_cross_split,0.907426042187738,1,0,testing/notflip/0049_000000026.jpg,training/notflip/0049_000000029.jpg,notflip__0049,notflip__0049,notflip,notflip
same_sequence_cross_split,0.9073742200442311,0,2,testing/flip/0003_000000008.jpg,training/flip/0003_000000004.jpg,flip__0003,flip__0003,flip,flip
same_sequence_cross_split,0.9073590422232907,3,2,testing/notflip/0020_000000004.jpg,training/notflip/0020_000000009.jpg,notflip__0020,notflip__0020,notflip,notflip
same_sequence_cross_split,0.9073468601471802,1,2,testing/notflip/0058_000000013.jpg,training/notflip/0058_000000023.jpg,notflip__0058,notflip__0058,notflip,notflip
same_sequence_cross_split,0.907270734391027,4,2,testing/flip/0046_000000025.jpg,training/flip/0046_000000026.jpg,flip__0046,flip__0046,flip,flip
same_sequence_cross_split,0.907133357315448,1,0,testing/notflip/0002_000000003.jpg,training/notflip/0002_000000014.jpg,notflip__0002,notflip__0002,notflip,notflip
same_sequence_cross_split,0.9069394470241038,1,0,testing/flip/0031_000000018.jpg,training/flip/0031_000000019.jpg,flip__0031,flip__0031,flip,flip
same_sequence_cross_split,0.9069104900952633,4,0,testing/flip/0020_000000015.jpg,training/flip/0020_000000016.jpg,flip__0020,flip__0020,flip,flip
same_sequence_cross_split,0.9068738923481997,1,0,testing/notflip/0045_000000028.jpg,training/notflip/0045_000000025.jpg,notflip__0045,notflip__0045,notflip,notflip
same_sequence_cross_split,0.9068428952371748,1,0,testing/notflip/0002_000000012.jpg,training/notflip/0002_000000020.jpg,notflip__0002,notflip__0002,notflip,notflip
same_sequence_cross_split,0.9068168932836134,4,0,testing/notflip/0002_000000015.jpg,training/notflip/0002_000000002.jpg,notflip__0002,notflip__0002,notflip,notflip
different_sequence_cross_split_cross_label,0.9068157643297491,2,2,testing/notflip/0045_000000028.jpg,training/flip/0053_000000003.jpg,notflip__0045,flip__0053,notflip,flip
same_sequence_cross_split,0.9067810566167479,4,4,testing/notflip/0046_000000012.jpg,training/notflip/0046_000000007.jpg,notflip__0046,notflip__0046,notflip,notflip
same_sequence_cross_split,0.9067753323500204,1,2,testing/notflip/0009_000000027.jpg,training/notflip/0009_000000030.jpg,notflip__0009,notflip__0009,notflip,notflip
same_sequence_cross_split,0.9067463038006407,2,4,testing/notflip/0011_000000017.jpg,training/notflip/0011_000000016.jpg,notflip__0011,notflip__0011,notflip,notflip
same_sequence_cross_split,0.9066150124952822,1,0,testing/notflip/0043_000000023.jpg,training/notflip/0043_000000020.jpg,notflip__0043,notflip__0043,notflip,notflip
same_sequence_cross_split,0.9066109535862733,2,2,testing/notflip/0003_000000025.jpg,training/notflip/0003_000000021.jpg,notflip__0003,notflip__0003,notflip,notflip
same_sequence_cross_split,0.9066087600177928,1,2,testing/notflip/0049_000000022.jpg,training/notflip/0049_000000025.jpg,notflip__0049,notflip__0049,notflip,notflip
same_sequence_cross_split,0.9065990633081759,2,0,testing/notflip/0053_000000017.jpg,training/notflip/0053_000000026.jpg,notflip__0053,notflip__0053,notflip,notflip
same_sequence_cross_split,0.906579127881598,2,4,testing/flip/0044_000000015.jpg,training/flip/0044_000000017.jpg,flip__0044,flip__0044,flip,flip
same_sequence_cross_split,0.9065769208149503,2,0,testing/notflip/0001_000000009.jpg,training/notflip/0001_000000010.jpg,notflip__0001,notflip__0001,notflip,notflip
same_sequence_cross_split,0.9065510987308499,0,0,testing/notflip/0036_000000028.jpg,training/notflip/0036_000000021.jpg,notflip__0036,notflip__0036,notflip,notflip
same_sequence_cross_split,0.9065321589302733,1,0,testing/notflip/0024_000000025.jpg,training/notflip/0024_000000027.jpg,notflip__0024,notflip__0024,notflip,notflip
same_sequence_cross_split,0.9065285499953308,2,2,testing/notflip/0036_000000014.jpg,training/notflip/0036_000000018.jpg,notflip__0036,notflip__0036,notflip,notflip
same_sequence_cross_split,0.9065208585909262,0,0,testing/flip/0040_000000007.jpg,training/flip/0040_000000008.jpg,flip__0040,flip__0040,flip,flip
same_sequence_cross_split,0.9064818017561997,1,4,testing/notflip/0010_000000009.jpg,training/notflip/0010_000000014.jpg,notflip__0010,notflip__0010,notflip,notflip
same_sequence_cross_split,0.9064579943168547,1,0,testing/notflip/0019_000000027.jpg,training/notflip/0019_000000017.jpg,notflip__0019,notflip__0019,notflip,notflip
same_sequence_cross_split,0.9063704025023425,3,0,testing/notflip/0031_000000019.jpg,training/notflip/0031_000000014.jpg,notflip__0031,notflip__0031,notflip,notflip
same_sequence_cross_split,0.9063692557875626,4,4,testing/flip/0014_000000006.jpg,training/flip/0014_000000008.jpg,flip__0014,flip__0014,flip,flip
same_sequence_cross_split,0.9063540813020932,0,0,testing/notflip/0019_000000027.jpg,training/notflip/0019_000000029.jpg,notflip__0019,notflip__0019,notflip,notflip
same_sequence_cross_split,0.9062520871900986,0,2,testing/notflip/0019_000000012.jpg,training/notflip/0019_000000026.jpg,notflip__0019,notflip__0019,notflip,notflip
same_sequence_cross_split,0.9062461436984314,2,2,testing/notflip/0037_000000025.jpg,training/notflip/0037_000000020.jpg,notflip__0037,notflip__0037,notflip,notflip
same_sequence_cross_split,0.9061295679345217,4,0,testing/notflip/0051_000000025.jpg,training/notflip/0051_000000021.jpg,notflip__0051,notflip__0051,notflip,notflip
same_sequence_cross_split,0.9060871024022369,4,4,testing/notflip/0033_000000005.jpg,training/notflip/0033_000000003.jpg,notflip__0033,notflip__0033,notflip,notflip
same_sequence_cross_split,0.9059692208367149,2,0,testing/notflip/0056_000000013.jpg,training/notflip/0056_000000030.jpg,notflip__0056,notflip__0056,notflip,notflip
same_sequence_cross_split,0.9059450723143071,4,4,testing/notflip/0048_000000026.jpg,training/notflip/0048_000000006.jpg,notflip__0048,notflip__0048,notflip,notflip
same_sequence_cross_split,0.905907760954058,1,2,testing/notflip/0030_000000018.jpg,training/notflip/0030_000000029.jpg,notflip__0030,notflip__0030,notflip,notflip
same_sequence_cross_split,0.9058328225255308,0,2,testing/notflip/0031_000000008.jpg,training/notflip/0031_000000009.jpg,notflip__0031,notflip__0031,notflip,notflip
same_sequence_cross_split,0.9057352147166533,2,0,testing/notflip/0056_000000022.jpg,training/notflip/0056_000000017.jpg,notflip__0056,notflip__0056,notflip,notflip
same_sequence_cross_split,0.9056357352849381,1,0,testing/notflip/0051_000000012.jpg,training/notflip/0051_000000014.jpg,notflip__0051,notflip__0051,notflip,notflip
same_sequence_cross_split,0.9056267404732057,0,0,testing/notflip/0053_000000016.jpg,training/notflip/0053_000000029.jpg,notflip__0053,notflip__0053,notflip,notflip
same_sequence_cross_split,0.905577437996604,1,2,testing/flip/0036_000000008.jpg,training/flip/0036_000000010.jpg,flip__0036,flip__0036,flip,flip
same_sequence_cross_split,0.9055478717800209,2,0,testing/notflip/0056_000000013.jpg,training/notflip/0056_000000016.jpg,notflip__0056,notflip__0056,notflip,notflip
same_sequence_cross_split,0.9055423621906109,1,0,testing/notflip/0002_000000008.jpg,training/notflip/0002_000000014.jpg,notflip__0002,notflip__0002,notflip,notflip
same_sequence_cross_split,0.9054947994744885,1,4,testing/flip/0044_000000015.jpg,training/flip/0044_000000012.jpg,flip__0044,flip__0044,flip,flip
same_sequence_cross_split,0.9054168909610294,1,0,testing/notflip/0041_000000022.jpg,training/notflip/0041_000000030.jpg,notflip__0041,notflip__0041,notflip,notflip
same_sequence_cross_split,0.9053630919091743,3,4,testing/flip/0037_000000006.jpg,training/flip/0037_000000007.jpg,flip__0037,flip__0037,flip,flip
same_sequence_cross_split,0.9053570201411649,3,2,testing/notflip/0056_000000004.jpg,training/notflip/0056_000000005.jpg,notflip__0056,notflip__0056,notflip,notflip
same_sequence_cross_split,0.9052911887023242,2,0,testing/flip/0030_000000003.jpg,training/flip/0030_000000002.jpg,flip__0030,flip__0030,flip,flip
same_sequence_cross_split,0.9051843947163124,2,0,testing/flip/0004_000000013.jpg,training/flip/0004_000000012.jpg,flip__0004,flip__0004,flip,flip
same_sequence_cross_split,0.9051437375111077,2,0,testing/notflip/0056_000000013.jpg,training/notflip/0056_000000010.jpg,notflip__0056,notflip__0056,notflip,notflip
same_sequence_cross_split,0.9051031049512263,4,0,testing/notflip/0056_000000027.jpg,training/notflip/0056_000000009.jpg,notflip__0056,notflip__0056,notflip,notflip
same_sequence_cross_split,0.9050540614184583,0,0,testing/notflip/0049_000000018.jpg,training/notflip/0049_000000013.jpg,notflip__0049,notflip__0049,notflip,notflip
same_sequence_cross_split,0.9050324988755616,2,2,testing/notflip/0036_000000014.jpg,training/notflip/0036_000000019.jpg,notflip__0036,notflip__0036,notflip,notflip
same_sequence_cross_split,0.9050301750571539,0,2,testing/notflip/0019_000000027.jpg,training/notflip/0019_000000011.jpg,notflip__0019,notflip__0019,notflip,notflip
same_sequence_cross_split,0.9048518139667999,4,0,testing/notflip/0056_000000024.jpg,training/notflip/0056_000000009.jpg,notflip__0056,notflip__0056,notflip,notflip
same_sequence_cross_split,0.904851425488529,2,2,testing/notflip/0056_000000013.jpg,training/notflip/0056_000000029.jpg,notflip__0056,notflip__0056,notflip,notflip
same_sequence_cross_split,0.904758057465783,1,2,testing/notflip/0042_000000013.jpg,training/notflip/0042_000000020.jpg,notflip__0042,notflip__0042,notflip,notflip
same_sequence_cross_split,0.9047278326211999,2,2,testing/notflip/0054_000000020.jpg,training/notflip/0054_000000029.jpg,notflip__0054,notflip__0054,notflip,notflip
same_sequence_cross_split,0.9046959024673238,2,2,testing/notflip/0053_000000001.jpg,training/notflip/0053_000000002.jpg,notflip__0053,notflip__0053,notflip,notflip
same_sequence_cross_split,0.904603404685892,1,0,testing/notflip/0002_000000012.jpg,training/notflip/0002_000000019.jpg,notflip__0002,notflip__0002,notflip,notflip
same_sequence_cross_split,0.9046020180520395,2,4,testing/notflip/0040_000000011.jpg,training/notflip/0040_000000013.jpg,notflip__0040,notflip__0040,notflip,notflip
same_sequence_cross_split,0.9045312082113579,1,0,testing/notflip/0002_000000003.jpg,training/notflip/0002_000000010.jpg,notflip__0002,notflip__0002,notflip,notflip
same_sequence_cross_split,0.9045272940524646,2,0,testing/notflip/0002_000000006.jpg,training/notflip/0002_000000014.jpg,notflip__0002,notflip__0002,notflip,notflip
different_sequence_cross_split_cross_label,0.904428762205569,3,2,testing/notflip/0045_000000026.jpg,training/flip/0053_000000001.jpg,notflip__0045,flip__0053,notflip,flip
different_sequence_cross_split_cross_label,0.9044243814945693,3,2,testing/notflip/0045_000000026.jpg,training/flip/0053_000000002.jpg,notflip__0045,flip__0053,notflip,flip
same_sequence_cross_split,0.9042412765818437,1,2,testing/notflip/0019_000000015.jpg,training/notflip/0019_000000022.jpg,notflip__0019,notflip__0019,notflip,notflip
same_sequence_cross_split,0.904131946037966,1,2,testing/notflip/0056_000000004.jpg,training/notflip/0056_000000003.jpg,notflip__0056,notflip__0056,notflip,notflip
same_sequence_cross_split,0.9041196483215952,2,0,testing/flip/0065_000000001.jpg,training/flip/0065_000000003.jpg,flip__0065,flip__0065,flip,flip
same_sequence_cross_split,0.9041116913822757,2,0,testing/notflip/0006_000000019.jpg,training/notflip/0006_000000017.jpg,notflip__0006,notflip__0006,notflip,notflip
same_sequence_cross_split,0.9040915518552807,1,0,testing/notflip/0048_000000015.jpg,training/notflip/0048_000000022.jpg,notflip__0048,notflip__0048,notflip,notflip
same_sequence_cross_split,0.9040902951695095,3,0,testing/notflip/0048_000000026.jpg,training/notflip/0048_000000020.jpg,notflip__0048,notflip__0048,notflip,notflip
same_sequence_cross_split,0.9040511176231151,0,0,testing/notflip/0009_000000017.jpg,training/notflip/0009_000000020.jpg,notflip__0009,notflip__0009,notflip,notflip
same_sequence_cross_split,0.9040464784047431,3,0,testing/notflip/0036_000000025.jpg,training/notflip/0036_000000017.jpg,notflip__0036,notflip__0036,notflip,notflip
different_sequence_cross_split_cross_label,0.9039037278129178,4,2,testing/notflip/0045_000000016.jpg,training/flip/0053_000000001.jpg,notflip__0045,flip__0053,notflip,flip
different_sequence_cross_split_cross_label,0.9039002930440054,4,2,testing/notflip/0045_000000016.jpg,training/flip/0053_000000002.jpg,notflip__0045,flip__0053,notflip,flip
same_sequence_cross_split,0.9038638319018659,1,0,testing/notflip/0053_000000025.jpg,training/notflip/0053_000000018.jpg,notflip__0053,notflip__0053,notflip,notflip
same_sequence_cross_split,0.903821345594524,2,2,testing/notflip/0031_000000016.jpg,training/notflip/0031_000000025.jpg,notflip__0031,notflip__0031,notflip,notflip
same_sequence_cross_split,0.9037440435114623,0,0,testing/notflip/0006_000000009.jpg,training/notflip/0006_000000012.jpg,notflip__0006,notflip__0006,notflip,notflip
same_sequence_cross_split,0.9037348488033297,3,4,testing/notflip/0047_000000024.jpg,training/notflip/0047_000000014.jpg,notflip__0047,notflip__0047,notflip,notflip
same_sequence_cross_split,0.903669838561869,4,0,testing/notflip/0002_000000015.jpg,training/notflip/0002_000000005.jpg,notflip__0002,notflip__0002,notflip,notflip
same_sequence_cross_split,0.9036643356847585,1,2,testing/notflip/0047_000000024.jpg,training/notflip/0047_000000015.jpg,notflip__0047,notflip__0047,notflip,notflip
same_sequence_cross_split,0.9036082124969987,2,2,testing/notflip/0039_000000003.jpg,training/notflip/0039_000000004.jpg,notflip__0039,notflip__0039,notflip,notflip
same_sequence_cross_split,0.9035904608858321,3,0,testing/notflip/0004_000000029.jpg,training/notflip/0004_000000035.jpg,notflip__0004,notflip__0004,notflip,notflip
same_sequence_cross_split,0.9035829640592037,1,0,testing/notflip/0037_000000014.jpg,training/notflip/0037_000000011.jpg,notflip__0037,notflip__0037,notflip,notflip
same_sequence_cross_split,0.9035794059011596,0,2,testing/notflip/0050_000000013.jpg,training/notflip/0050_000000015.jpg,notflip__0050,notflip__0050,notflip,notflip
same_sequence_cross_split,0.9034215144035348,1,0,testing/notflip/0053_000000017.jpg,training/notflip/0053_000000029.jpg,notflip__0053,notflip__0053,notflip,notflip
same_sequence_cross_split,0.9032627468752691,1,0,testing/notflip/0002_000000012.jpg,training/notflip/0002_000000004.jpg,notflip__0002,notflip__0002,notflip,notflip
same_sequence_cross_split,0.9032189884733269,1,0,testing/notflip/0049_000000028.jpg,training/notflip/0049_000000025.jpg,notflip__0049,notflip__0049,notflip,notflip
same_sequence_cross_split,0.9031437900171106,3,0,testing/notflip/0037_000000014.jpg,training/notflip/0037_000000020.jpg,notflip__0037,notflip__0037,notflip,notflip
same_sequence_cross_split,0.9031064018619755,0,2,testing/flip/0007_000000018.jpg,training/flip/0007_000000017.jpg,flip__0007,flip__0007,flip,flip
same_sequence_cross_split,0.9030577707276767,2,0,testing/notflip/0053_000000016.jpg,training/notflip/0053_000000014.jpg,notflip__0053,notflip__0053,notflip,notflip
same_sequence_cross_split,0.9030000449777654,0,0,testing/notflip/0058_000000025.jpg,training/notflip/0058_000000015.jpg,notflip__0058,notflip__0058,notflip,notflip
same_sequence_cross_split,0.9029123387537806,0,2,testing/notflip/0039_000000026.jpg,training/notflip/0039_000000030.jpg,notflip__0039,notflip__0039,notflip,notflip
different_sequence_cross_split_cross_label,0.9028150243410407,1,0,testing/flip/0065_000000001.jpg,training/notflip/0058_000000029.jpg,flip__0065,notflip__0058,flip,notflip
different_sequence_cross_split_cross_label,0.9027609790770306,4,4,testing/flip/0062_000000009.jpg,training/notflip/0055_000000021.jpg,flip__0062,notflip__0055,flip,notflip
same_sequence_cross_split,0.9025816966450131,1,2,testing/notflip/0058_000000013.jpg,training/notflip/0058_000000022.jpg,notflip__0058,notflip__0058,notflip,notflip
same_sequence_cross_split,0.9023860465229422,4,4,testing/notflip/0045_000000013.jpg,training/notflip/0045_000000015.jpg,notflip__0045,notflip__0045,notflip,notflip
same_sequence_cross_split,0.9023508285262577,1,4,testing/notflip/0057_000000012.jpg,training/notflip/0057_000000014.jpg,notflip__0057,notflip__0057,notflip,notflip
same_sequence_cross_split,0.9022445162877156,2,2,testing/notflip/0032_000000010.jpg,training/notflip/0032_000000011.jpg,notflip__0032,notflip__0032,notflip,notflip
same_sequence_cross_split,0.9022328596001649,3,2,testing/notflip/0023_000000024.jpg,training/notflip/0023_000000019.jpg,notflip__0023,notflip__0023,notflip,notflip
same_sequence_cross_split,0.9022182145449382,4,2,testing/notflip/0042_000000021.jpg,training/notflip/0042_000000011.jpg,notflip__0042,notflip__0042,notflip,notflip
different_sequence_cross_split_cross_label,0.9021209674888642,4,4,testing/flip/0060_000000008.jpg,training/notflip/0053_000000024.jpg,flip__0060,notflip__0053,flip,notflip
same_sequence_cross_split,0.9020031637248243,3,2,testing/notflip/0044_000000027.jpg,training/notflip/0044_000000024.jpg,notflip__0044,notflip__0044,notflip,notflip
same_sequence_cross_split,0.9019609709953896,1,2,testing/notflip/0023_000000029.jpg,training/notflip/0023_000000023.jpg,notflip__0023,notflip__0023,notflip,notflip
same_sequence_cross_split,0.9019156231001046,1,4,testing/notflip/0055_000000012.jpg,training/notflip/0055_000000017.jpg,notflip__0055,notflip__0055,notflip,notflip
same_sequence_cross_split,0.9019143237827273,0,0,testing/flip/0036_000000011.jpg,training/flip/0036_000000010.jpg,flip__0036,flip__0036,flip,flip
same_sequence_cross_split,0.9018041030449367,1,2,testing/notflip/0036_000000025.jpg,training/notflip/0036_000000018.jpg,notflip__0036,notflip__0036,notflip,notflip
same_sequence_cross_split,0.9017798150518953,3,4,testing/flip/0028_000000019.jpg,training/flip/0028_000000021.jpg,flip__0028,flip__0028,flip,flip
same_sequence_cross_split,0.9016662536675568,3,2,testing/notflip/0054_000000020.jpg,training/notflip/0054_000000028.jpg,notflip__0054,notflip__0054,notflip,notflip
same_sequence_cross_split,0.9015696433554005,1,2,testing/notflip/0002_000000027.jpg,training/notflip/0002_000000030.jpg,notflip__0002,notflip__0002,notflip,notflip
same_sequence_cross_split,0.9015578097175727,1,2,testing/notflip/0038_000000022.jpg,training/notflip/0038_000000027.jpg,notflip__0038,notflip__0038,notflip,notflip
same_sequence_cross_split,0.9013426946886584,4,2,testing/notflip/0035_000000026.jpg,training/notflip/0035_000000020.jpg,notflip__0035,notflip__0035,notflip,notflip
same_sequence_cross_split,0.9012450608658651,0,2,testing/notflip/0002_000000006.jpg,training/notflip/0002_000000001.jpg,notflip__0002,notflip__0002,notflip,notflip
same_sequence_cross_split,0.901059782680587,2,0,testing/notflip/0052_000000029.jpg,training/notflip/0052_000000026.jpg,notflip__0052,notflip__0052,notflip,notflip
different_sequence_cross_split_cross_label,0.9010532421575828,4,4,testing/flip/0060_000000008.jpg,training/notflip/0053_000000027.jpg,flip__0060,notflip__0053,flip,notflip
same_sequence_cross_split,0.9010474782733678,3,0,testing/notflip/0042_000000013.jpg,training/notflip/0042_000000018.jpg,notflip__0042,notflip__0042,notflip,notflip
same_sequence_cross_split,0.9010185360953405,4,4,testing/notflip/0031_000000019.jpg,training/notflip/0031_000000027.jpg,notflip__0031,notflip__0031,notflip,notflip
same_sequence_cross_split,0.9009384708585425,3,0,testing/notflip/0036_000000025.jpg,training/notflip/0036_000000016.jpg,notflip__0036,notflip__0036,notflip,notflip
same_sequence_cross_split,0.9009086103852004,0,4,testing/flip/0061_000000011.jpg,training/flip/0061_000000009.jpg,flip__0061,flip__0061,flip,flip
same_sequence_cross_split,0.9008552059594096,0,0,testing/notflip/0043_000000026.jpg,training/notflip/0043_000000029.jpg,notflip__0043,notflip__0043,notflip,notflip
same_sequence_cross_split,0.9007916853038602,2,2,testing/flip/0018_000000019.jpg,training/flip/0018_000000018.jpg,flip__0018,flip__0018,flip,flip
different_sequence_cross_split_cross_label,0.9007103463253038,4,0,testing/flip/0042_000000002.jpg,training/notflip/0033_000000020.jpg,flip__0042,notflip__0033,flip,notflip
same_sequence_cross_split,0.9007048467978627,3,4,testing/notflip/0011_000000017.jpg,training/notflip/0011_000000015.jpg,notflip__0011,notflip__0011,notflip,notflip
same_sequence_cross_split,0.9006788554917854,1,0,testing/notflip/0049_000000012.jpg,training/notflip/0049_000000016.jpg,notflip__0049,notflip__0049,notflip,notflip
same_sequence_cross_split,0.9006700076548649,3,2,testing/notflip/0005_000000012.jpg,training/notflip/0005_000000011.jpg,notflip__0005,notflip__0005,notflip,notflip
same_sequence_cross_split,0.9005987395621675,1,0,testing/notflip/0002_000000008.jpg,training/notflip/0002_000000017.jpg,notflip__0002,notflip__0002,notflip,notflip
same_sequence_cross_split,0.9004189935420114,2,0,testing/notflip/0025_000000021.jpg,training/notflip/0025_000000016.jpg,notflip__0025,notflip__0025,notflip,notflip
same_sequence_cross_split,0.9003836930136588,1,0,testing/notflip/0016_000000023.jpg,training/notflip/0016_000000018.jpg,notflip__0016,notflip__0016,notflip,notflip
same_sequence_cross_split,0.9003655288195977,3,2,testing/notflip/0046_000000012.jpg,training/notflip/0046_000000015.jpg,notflip__0046,notflip__0046,notflip,notflip
same_sequence_cross_split,0.9003476886721629,2,0,testing/notflip/0048_000000025.jpg,training/notflip/0048_000000028.jpg,notflip__0048,notflip__0048,notflip,notflip
same_sequence_cross_split,0.9003461702495742,0,0,testing/notflip/0058_000000020.jpg,training/notflip/0058_000000024.jpg,notflip__0058,notflip__0058,notflip,notflip
same_sequence_cross_split,0.9002528212241668,0,2,testing/notflip/0044_000000027.jpg,training/notflip/0044_000000023.jpg,notflip__0044,notflip__0044,notflip,notflip
same_sequence_cross_split,0.900221193569793,2,0,testing/notflip/0002_000000003.jpg,training/notflip/0002_000000007.jpg,notflip__0002,notflip__0002,notflip,notflip
same_sequence_cross_split,0.9001424671518224,1,2,testing/notflip/0044_000000027.jpg,training/notflip/0044_000000022.jpg,notflip__0044,notflip__0044,notflip,notflip
same_sequence_cross_split,0.9000603407233747,1,2,testing/notflip/0041_000000021.jpg,training/notflip/0041_000000026.jpg,notflip__0041,notflip__0041,notflip,notflip
same_sequence_cross_split,0.9000022233960189,3,4,testing/flip/0038_000000013.jpg,training/flip/0038_000000011.jpg,flip__0038,flip__0038,flip,flip
same_sequence_cross_split,0.8999728982228689,3,4,testing/notflip/0055_000000013.jpg,training/notflip/0055_000000018.jpg,notflip__0055,notflip__0055,notflip,notflip
same_sequence_cross_split,0.8999107426462166,3,2,testing/notflip/0031_000000019.jpg,training/notflip/0031_000000013.jpg,notflip__0031,notflip__0031,notflip,notflip
same_sequence_cross_split,0.899724756152687,2,0,testing/notflip/0025_000000022.jpg,training/notflip/0025_000000016.jpg,notflip__0025,notflip__0025,notflip,notflip
same_sequence_cross_split,0.8997180034933964,2,0,testing/notflip/0053_000000017.jpg,training/notflip/0053_000000030.jpg,notflip__0053,notflip__0053,notflip,notflip
different_sequence_cross_split_cross_label,0.8996890575708023,4,2,testing/flip/0062_000000009.jpg,training/notflip/0055_000000024.jpg,flip__0062,notflip__0055,flip,notflip
same_sequence_cross_split,0.8996688004389739,2,0,testing/notflip/0031_000000017.jpg,training/notflip/0031_000000024.jpg,notflip__0031,notflip__0031,notflip,notflip
same_sequence_cross_split,0.8995641038734147,1,0,testing/notflip/0016_000000014.jpg,training/notflip/0016_000000017.jpg,notflip__0016,notflip__0016,notflip,notflip
same_sequence_cross_split,0.899521372716499,3,4,testing/notflip/0044_000000006.jpg,training/notflip/0044_000000007.jpg,notflip__0044,notflip__0044,notflip,notflip
same_sequence_cross_split,0.8994747030888012,4,0,testing/flip/0062_000000009.jpg,training/flip/0062_000000004.jpg,flip__0062,flip__0062,flip,flip
same_sequence_cross_split,0.8994358105765748,3,4,testing/notflip/0033_000000019.jpg,training/notflip/0033_000000024.jpg,notflip__0033,notflip__0033,notflip,notflip
same_sequence_cross_split,0.8993188725661425,3,4,testing/notflip/0038_000000020.jpg,training/notflip/0038_000000016.jpg,notflip__0038,notflip__0038,notflip,notflip
different_sequence_cross_split_cross_label,0.8992553488158823,4,4,testing/flip/0062_000000009.jpg,training/notflip/0055_000000018.jpg,flip__0062,notflip__0055,flip,notflip
same_sequence_cross_split,0.899222275630074,1,0,testing/flip/0038_000000032.jpg,training/flip/0038_000000034.jpg,flip__0038,flip__0038,flip,flip
same_sequence_cross_split,0.8991609866747273,3,0,testing/notflip/0002_000000003.jpg,training/notflip/0002_000000016.jpg,notflip__0002,notflip__0002,notflip,notflip
same_sequence_cross_split,0.8991519836163959,4,4,testing/flip/0044_000000003.jpg,training/flip/0044_000000012.jpg,flip__0044,flip__0044,flip,flip
same_sequence_cross_split,0.8991425713500227,4,0,testing/notflip/0024_000000004.jpg,training/notflip/0024_000000009.jpg,notflip__0024,notflip__0024,notflip,notflip
same_sequence_cross_split,0.8990830725653018,2,4,testing/notflip/0055_000000012.jpg,training/notflip/0055_000000022.jpg,notflip__0055,notflip__0055,notflip,notflip
different_sequence_cross_split_cross_label,0.8987912572280191,3,4,testing/flip/0065_000000005.jpg,training/notflip/0058_000000026.jpg,flip__0065,notflip__0058,flip,notflip
same_sequence_cross_split,0.8987830084798217,1,4,testing/notflip/0055_000000012.jpg,training/notflip/0055_000000023.jpg,notflip__0055,notflip__0055,notflip,notflip
same_sequence_cross_split,0.8986210008396122,0,2,testing/notflip/0036_000000028.jpg,training/notflip/0036_000000019.jpg,notflip__0036,notflip__0036,notflip,notflip
same_sequence_cross_split,0.8986141460908841,1,4,testing/notflip/0050_000000011.jpg,training/notflip/0050_000000007.jpg,notflip__0050,notflip__0050,notflip,notflip
same_sequence_cross_split,0.8986028184654241,1,0,testing/notflip/0047_000000024.jpg,training/notflip/0047_000000019.jpg,notflip__0047,notflip__0047,notflip,notflip
same_sequence_cross_split,0.8983634593794965,4,2,testing/notflip/0026_000000010.jpg,training/notflip/0026_000000011.jpg,notflip__0026,notflip__0026,notflip,notflip
same_sequence_cross_split,0.8983568736755175,0,2,testing/notflip/0002_000000026.jpg,training/notflip/0002_000000021.jpg,notflip__0002,notflip__0002,notflip,notflip
same_sequence_cross_split,0.8983393212351988,4,2,testing/notflip/0036_000000030.jpg,training/notflip/0036_000000022.jpg,notflip__0036,notflip__0036,notflip,notflip
same_sequence_cross_split,0.8983212183954817,1,0,testing/notflip/0047_000000024.jpg,training/notflip/0047_000000020.jpg,notflip__0047,notflip__0047,notflip,notflip
same_sequence_cross_split,0.8982580054952556,1,0,testing/notflip/0006_000000016.jpg,training/notflip/0006_000000013.jpg,notflip__0006,notflip__0006,notflip,notflip
different_sequence_cross_split_cross_label,0.8982113972836213,3,4,testing/notflip/0058_000000018.jpg,training/flip/0065_000000007.jpg,notflip__0058,flip__0065,notflip,flip
same_sequence_cross_split,0.8981776018680757,2,0,testing/notflip/0006_000000015.jpg,training/notflip/0006_000000012.jpg,notflip__0006,notflip__0006,notflip,notflip
same_sequence_cross_split,0.8981564833649206,1,4,testing/flip/0019_000000014.jpg,training/flip/0019_000000012.jpg,flip__0019,flip__0019,flip,flip
same_sequence_cross_split,0.8981196737679622,3,4,testing/notflip/0056_000000022.jpg,training/notflip/0056_000000008.jpg,notflip__0056,notflip__0056,notflip,notflip
same_sequence_cross_split,0.8980342903289085,1,0,testing/notflip/0041_000000011.jpg,training/notflip/0041_000000013.jpg,notflip__0041,notflip__0041,notflip,notflip
same_sequence_cross_split,0.8980247423785851,2,0,testing/notflip/0003_000000018.jpg,training/notflip/0003_000000013.jpg,notflip__0003,notflip__0003,notflip,notflip
same_sequence_cross_split,0.8978955218024327,3,2,testing/flip/0030_000000006.jpg,training/flip/0030_000000008.jpg,flip__0030,flip__0030,flip,flip
same_sequence_cross_split,0.8978507959411892,3,4,testing/flip/0054_000000010.jpg,training/flip/0054_000000008.jpg,flip__0054,flip__0054,flip,flip
same_sequence_cross_split,0.8978391403099721,3,4,testing/flip/0054_000000010.jpg,training/flip/0054_000000009.jpg,flip__0054,flip__0054,flip,flip
same_sequence_cross_split,0.8977486804901577,3,4,testing/flip/0054_000000011.jpg,training/flip/0054_000000008.jpg,flip__0054,flip__0054,flip,flip
same_sequence_cross_split,0.897738988876551,3,4,testing/flip/0054_000000011.jpg,training/flip/0054_000000009.jpg,flip__0054,flip__0054,flip,flip
same_sequence_cross_split,0.8977096025144333,2,0,testing/notflip/0002_000000012.jpg,training/notflip/0002_000000022.jpg,notflip__0002,notflip__0002,notflip,notflip
same_sequence_cross_split,0.8976065093304506,1,4,testing/flip/0013_000000008.jpg,training/flip/0013_000000009.jpg,flip__0013,flip__0013,flip,flip
same_sequence_cross_split,0.8976032963104944,2,0,testing/notflip/0043_000000023.jpg,training/notflip/0043_000000025.jpg,notflip__0043,notflip__0043,notflip,notflip
same_sequence_cross_split,0.8976027959265177,1,2,testing/flip/0065_000000005.jpg,training/flip/0065_000000009.jpg,flip__0065,flip__0065,flip,flip
same_sequence_cross_split,0.8974202752054949,3,0,testing/notflip/0051_000000012.jpg,training/notflip/0051_000000005.jpg,notflip__0051,notflip__0051,notflip,notflip
same_sequence_cross_split,0.8973019998288074,3,2,testing/notflip/0032_000000010.jpg,training/notflip/0032_000000009.jpg,notflip__0032,notflip__0032,notflip,notflip
same_sequence_cross_split,0.8971419088599599,4,2,testing/flip/0006_000000001.jpg,training/flip/0006_000000007.jpg,flip__0006,flip__0006,flip,flip
same_sequence_cross_split,0.8971352234567551,2,2,testing/notflip/0038_000000023.jpg,training/notflip/0038_000000028.jpg,notflip__0038,notflip__0038,notflip,notflip
same_sequence_cross_split,0.8971098649298075,0,0,testing/notflip/0056_000000022.jpg,training/notflip/0056_000000025.jpg,notflip__0056,notflip__0056,notflip,notflip
same_sequence_cross_split,0.8969857622598629,2,2,testing/notflip/0030_000000028.jpg,training/notflip/0030_000000017.jpg,notflip__0030,notflip__0030,notflip,notflip
same_sequence_cross_split,0.8969376849645054,2,2,testing/notflip/0030_000000028.jpg,training/notflip/0030_000000016.jpg,notflip__0030,notflip__0030,notflip,notflip
same_sequence_cross_split,0.8969168227950999,2,0,testing/notflip/0002_000000006.jpg,training/notflip/0002_000000017.jpg,notflip__0002,notflip__0002,notflip,notflip
same_sequence_cross_split,0.896849071122904,2,4,testing/notflip/0042_000000027.jpg,training/notflip/0042_000000014.jpg,notflip__0042,notflip__0042,notflip,notflip
same_sequence_cross_split,0.8968474807317949,2,4,testing/notflip/0058_000000018.jpg,training/notflip/0058_000000012.jpg,notflip__0058,notflip__0058,notflip,notflip
same_sequence_cross_split,0.8968258120599862,1,2,testing/notflip/0041_000000022.jpg,training/notflip/0041_000000019.jpg,notflip__0041,notflip__0041,notflip,notflip
same_sequence_cross_split,0.896788229135993,0,2,testing/notflip/0019_000000025.jpg,training/notflip/0019_000000011.jpg,notflip__0019,notflip__0019,notflip,notflip
same_sequence_cross_split,0.8967236826518573,4,4,testing/notflip/0053_000000011.jpg,training/notflip/0053_000000013.jpg,notflip__0053,notflip__0053,notflip,notflip
same_sequence_cross_split,0.8967169439211198,3,4,testing/flip/0010_000000021.jpg,training/flip/0010_000000020.jpg,flip__0010,flip__0010,flip,flip
same_sequence_cross_split,0.8967107698775922,4,4,testing/notflip/0008_000000013.jpg,training/notflip/0008_000000014.jpg,notflip__0008,notflip__0008,notflip,notflip
same_sequence_cross_split,0.8966569160213292,4,0,testing/notflip/0031_000000020.jpg,training/notflip/0031_000000014.jpg,notflip__0031,notflip__0031,notflip,notflip
same_sequence_cross_split,0.896637722234718,2,0,testing/notflip/0001_000000002.jpg,training/notflip/0001_000000006.jpg,notflip__0001,notflip__0001,notflip,notflip
same_sequence_cross_split,0.8966348437557491,2,0,testing/notflip/0001_000000004.jpg,training/notflip/0001_000000006.jpg,notflip__0001,notflip__0001,notflip,notflip
same_sequence_cross_split,0.8965764420627519,1,0,testing/notflip/0049_000000012.jpg,training/notflip/0049_000000020.jpg,notflip__0049,notflip__0049,notflip,notflip
same_sequence_cross_split,0.8965585657439551,1,4,testing/notflip/0046_000000003.jpg,training/notflip/0046_000000007.jpg,notflip__0046,notflip__0046,notflip,notflip
same_sequence_cross_split,0.8965537522645723,0,0,testing/notflip/0057_000000027.jpg,training/notflip/0057_000000029.jpg,notflip__0057,notflip__0057,notflip,notflip
different_sequence_cross_split_cross_label,0.8965513316216542,4,4,testing/flip/0062_000000003.jpg,training/notflip/0055_000000023.jpg,flip__0062,notflip__0055,flip,notflip
same_sequence_cross_split,0.8964703852360991,4,2,testing/notflip/0045_000000016.jpg,training/notflip/0045_000000020.jpg,notflip__0045,notflip__0045,notflip,notflip
same_sequence_cross_split,0.8964553530864736,1,0,testing/notflip/0007_000000025.jpg,training/notflip/0007_000000029.jpg,notflip__0007,notflip__0007,notflip,notflip
same_sequence_cross_split,0.8963945447846975,3,4,testing/notflip/0055_000000013.jpg,training/notflip/0055_000000021.jpg,notflip__0055,notflip__0055,notflip,notflip
same_sequence_cross_split,0.8963810520011478,3,2,testing/flip/0031_000000020.jpg,training/flip/0031_000000019.jpg,flip__0031,flip__0031,flip,flip
same_sequence_cross_split,0.8962951496731986,0,2,testing/notflip/0002_000000027.jpg,training/notflip/0002_000000022.jpg,notflip__0002,notflip__0002,notflip,notflip
same_sequence_cross_split,0.8961230434786547,3,2,testing/notflip/0037_000000028.jpg,training/notflip/0037_000000022.jpg,notflip__0037,notflip__0037,notflip,notflip
same_sequence_cross_split,0.8959668564018772,4,0,testing/notflip/0019_000000002.jpg,training/notflip/0019_000000005.jpg,notflip__0019,notflip__0019,notflip,notflip
same_sequence_cross_split,0.8959000645419554,3,0,testing/flip/0038_000000020.jpg,training/flip/0038_000000019.jpg,flip__0038,flip__0038,flip,flip
same_sequence_cross_split,0.8958615367936565,3,0,testing/flip/0058_000000004.jpg,training/flip/0058_000000002.jpg,flip__0058,flip__0058,flip,flip
same_sequence_cross_split,0.8958072417174845,3,2,testing/notflip/0031_000000016.jpg,training/notflip/0031_000000011.jpg,notflip__0031,notflip__0031,notflip,notflip
same_sequence_cross_split,0.8956928079639157,1,2,testing/notflip/0020_000000010.jpg,training/notflip/0020_000000014.jpg,notflip__0020,notflip__0020,notflip,notflip
same_sequence_cross_split,0.8956862410855309,3,4,testing/notflip/0055_000000013.jpg,training/notflip/0055_000000024.jpg,notflip__0055,notflip__0055,notflip,notflip
same_sequence_cross_split,0.8956825055473805,1,2,testing/flip/0008_000000005.jpg,training/flip/0008_000000003.jpg,flip__0008,flip__0008,flip,flip
same_sequence_cross_split,0.895590658072121,3,0,testing/notflip/0037_000000015.jpg,training/notflip/0037_000000012.jpg,notflip__0037,notflip__0037,notflip,notflip
same_sequence_cross_split,0.8955617192775581,1,2,testing/notflip/0019_000000025.jpg,training/notflip/0019_000000019.jpg,notflip__0019,notflip__0019,notflip,notflip
same_sequence_cross_split,0.8955362701297497,3,2,testing/notflip/0031_000000015.jpg,training/notflip/0031_000000026.jpg,notflip__0031,notflip__0031,notflip,notflip
same_sequence_cross_split,0.8955172993604342,1,0,testing/notflip/0008_000000008.jpg,training/notflip/0008_000000006.jpg,notflip__0008,notflip__0008,notflip,notflip
same_sequence_cross_split,0.8954439371540031,0,0,testing/notflip/0020_000000016.jpg,training/notflip/0020_000000021.jpg,notflip__0020,notflip__0020,notflip,notflip
same_sequence_cross_split,0.8953859879000763,2,0,testing/notflip/0036_000000004.jpg,training/notflip/0036_000000003.jpg,notflip__0036,notflip__0036,notflip,notflip
same_sequence_cross_split,0.89516574129562,3,2,testing/notflip/0029_000000013.jpg,training/notflip/0029_000000015.jpg,notflip__0029,notflip__0029,notflip,notflip
same_sequence_cross_split,0.8950684184933368,2,4,testing/notflip/0046_000000003.jpg,training/notflip/0046_000000014.jpg,notflip__0046,notflip__0046,notflip,notflip
same_sequence_cross_split,0.8950668179512834,1,4,testing/notflip/0054_000000023.jpg,training/notflip/0054_000000014.jpg,notflip__0054,notflip__0054,notflip,notflip
same_sequence_cross_split,0.8949941331832689,3,4,testing/notflip/0047_000000025.jpg,training/notflip/0047_000000014.jpg,notflip__0047,notflip__0047,notflip,notflip
same_sequence_cross_split,0.894908469832891,3,0,testing/notflip/0040_000000017.jpg,training/notflip/0040_000000025.jpg,notflip__0040,notflip__0040,notflip,notflip
same_sequence_cross_split,0.8948057819860605,1,2,testing/notflip/0019_000000015.jpg,training/notflip/0019_000000018.jpg,notflip__0019,notflip__0019,notflip,notflip
same_sequence_cross_split,0.8946850704318716,0,2,testing/notflip/0009_000000015.jpg,training/notflip/0009_000000019.jpg,notflip__0009,notflip__0009,notflip,notflip
same_sequence_cross_split,0.8946710674125294,1,2,testing/notflip/0047_000000025.jpg,training/notflip/0047_000000015.jpg,notflip__0047,notflip__0047,notflip,notflip
same_sequence_cross_split,0.8946368931805875,3,4,testing/flip/0006_000000008.jpg,training/flip/0006_000000002.jpg,flip__0006,flip__0006,flip,flip
same_sequence_cross_split,0.8946239329003987,3,4,testing/notflip/0046_000000028.jpg,training/notflip/0046_000000020.jpg,notflip__0046,notflip__0046,notflip,notflip
same_sequence_cross_split,0.8946054911061103,1,0,testing/notflip/0001_000000002.jpg,training/notflip/0001_000000011.jpg,notflip__0001,notflip__0001,notflip,notflip
same_sequence_cross_split,0.894602556036946,1,0,testing/notflip/0001_000000004.jpg,training/notflip/0001_000000011.jpg,notflip__0001,notflip__0001,notflip,notflip
same_sequence_cross_split,0.8945168497371929,2,2,testing/flip/0014_000000016.jpg,training/flip/0014_000000017.jpg,flip__0014,flip__0014,flip,flip
same_sequence_cross_split,0.8944344094464691,2,0,testing/notflip/0031_000000020.jpg,training/notflip/0031_000000024.jpg,notflip__0031,notflip__0031,notflip,notflip
same_sequence_cross_split,0.8944253450103474,3,2,testing/notflip/0049_000000011.jpg,training/notflip/0049_000000007.jpg,notflip__0049,notflip__0049,notflip,notflip
same_sequence_cross_split,0.8943663359014051,2,2,testing/notflip/0038_000000022.jpg,training/notflip/0038_000000028.jpg,notflip__0038,notflip__0038,notflip,notflip
same_sequence_cross_split,0.8943455122254917,2,4,testing/notflip/0026_000000010.jpg,training/notflip/0026_000000009.jpg,notflip__0026,notflip__0026,notflip,notflip
same_sequence_cross_split,0.8943241232006659,2,0,testing/notflip/0006_000000021.jpg,training/notflip/0006_000000018.jpg,notflip__0006,notflip__0006,notflip,notflip
same_sequence_cross_split,0.8942758422691324,4,0,testing/notflip/0030_000000018.jpg,training/notflip/0030_000000013.jpg,notflip__0030,notflip__0030,notflip,notflip
same_sequence_cross_split,0.894202258361598,3,2,testing/notflip/0036_000000030.jpg,training/notflip/0036_000000015.jpg,notflip__0036,notflip__0036,notflip,notflip
same_sequence_cross_split,0.8941697487789367,1,2,testing/notflip/0019_000000012.jpg,training/notflip/0019_000000020.jpg,notflip__0019,notflip__0019,notflip,notflip
same_sequence_cross_split,0.8941660884931703,2,4,testing/notflip/0049_000000006.jpg,training/notflip/0049_000000004.jpg,notflip__0049,notflip__0049,notflip,notflip
different_sequence_cross_split_cross_label,0.894150099492858,3,4,testing/notflip/0033_000000019.jpg,training/flip/0042_000000001.jpg,notflip__0033,flip__0042,notflip,flip
same_sequence_cross_split,0.8941409610820497,0,0,testing/notflip/0041_000000022.jpg,training/notflip/0041_000000020.jpg,notflip__0041,notflip__0041,notflip,notflip
same_sequence_cross_split,0.8941266888627041,4,4,testing/notflip/0010_000000009.jpg,training/notflip/0010_000000015.jpg,notflip__0010,notflip__0010,notflip,notflip
same_sequence_cross_split,0.8940909335361776,3,0,testing/notflip/0056_000000027.jpg,training/notflip/0056_000000014.jpg,notflip__0056,notflip__0056,notflip,notflip
same_sequence_cross_split,0.8940536594411401,1,4,testing/notflip/0042_000000024.jpg,training/notflip/0042_000000015.jpg,notflip__0042,notflip__0042,notflip,notflip
different_sequence_cross_split_cross_label,0.89394254017495,4,4,testing/flip/0062_000000009.jpg,training/notflip/0055_000000019.jpg,flip__0062,notflip__0055,flip,notflip
same_sequence_cross_split,0.8938562240474773,3,2,testing/notflip/0023_000000030.jpg,training/notflip/0023_000000022.jpg,notflip__0023,notflip__0023,notflip,notflip
same_sequence_cross_split,0.8938176977094615,1,2,testing/notflip/0019_000000027.jpg,training/notflip/0019_000000018.jpg,notflip__0019,notflip__0019,notflip,notflip
same_sequence_cross_split,0.8936543231632181,0,0,testing/notflip/0056_000000027.jpg,training/notflip/0056_000000021.jpg,notflip__0056,notflip__0056,notflip,notflip
same_sequence_cross_split,0.8935619439279845,1,0,testing/notflip/0019_000000025.jpg,training/notflip/0019_000000017.jpg,notflip__0019,notflip__0019,notflip,notflip
same_sequence_cross_split,0.893502381711569,4,0,testing/notflip/0048_000000030.jpg,training/notflip/0048_000000016.jpg,notflip__0048,notflip__0048,notflip,notflip
same_sequence_cross_split,0.8934990380406205,2,2,testing/notflip/0024_000000007.jpg,training/notflip/0024_000000012.jpg,notflip__0024,notflip__0024,notflip,notflip
same_sequence_cross_split,0.8934578835360865,3,0,testing/notflip/0002_000000015.jpg,training/notflip/0002_000000004.jpg,notflip__0002,notflip__0002,notflip,notflip
same_sequence_cross_split,0.8932640673232923,1,0,testing/notflip/0049_000000012.jpg,training/notflip/0049_000000019.jpg,notflip__0049,notflip__0049,notflip,notflip
same_sequence_cross_split,0.8931968236979035,0,2,testing/flip/0046_000000010.jpg,training/flip/0046_000000009.jpg,flip__0046,flip__0046,flip,flip
same_sequence_cross_split,0.8931708060517348,4,4,testing/notflip/0052_000000006.jpg,training/notflip/0052_000000009.jpg,notflip__0052,notflip__0052,notflip,notflip
same_sequence_cross_split,0.8930285183263451,1,0,testing/notflip/0029_000000017.jpg,training/notflip/0029_000000016.jpg,notflip__0029,notflip__0029,notflip,notflip
same_sequence_cross_split,0.8930230599888751,3,2,testing/notflip/0030_000000004.jpg,training/notflip/0030_000000005.jpg,notflip__0030,notflip__0030,notflip,notflip
same_sequence_cross_split,0.8930155592038058,1,2,testing/notflip/0006_000000021.jpg,training/notflip/0006_000000022.jpg,notflip__0006,notflip__0006,notflip,notflip
same_sequence_cross_split,0.8930040455343746,2,2,testing/notflip/0041_000000034.jpg,training/notflip/0041_000000037.jpg,notflip__0041,notflip__0041,notflip,notflip
same_sequence_cross_split,0.89299730907664,1,0,testing/notflip/0043_000000023.jpg,training/notflip/0043_000000019.jpg,notflip__0043,notflip__0043,notflip,notflip
same_sequence_cross_split,0.8929092150067497,3,2,testing/flip/0009_000000020.jpg,training/flip/0009_000000021.jpg,flip__0009,flip__0009,flip,flip
same_sequence_cross_split,0.8926982325957172,0,0,testing/notflip/0041_000000021.jpg,training/notflip/0041_000000025.jpg,notflip__0041,notflip__0041,notflip,notflip
same_sequence_cross_split,0.8926253632179869,2,2,testing/flip/0008_000000005.jpg,training/flip/0008_000000009.jpg,flip__0008,flip__0008,flip,flip
same_sequence_cross_split,0.8925425844265495,1,0,testing/notflip/0056_000000011.jpg,training/notflip/0056_000000018.jpg,notflip__0056,notflip__0056,notflip,notflip
same_sequence_cross_split,0.8924785588367329,3,0,testing/notflip/0037_000000028.jpg,training/notflip/0037_000000023.jpg,notflip__0037,notflip__0037,notflip,notflip
same_sequence_cross_split,0.8923904663433921,0,2,testing/notflip/0040_000000014.jpg,training/notflip/0040_000000013.jpg,notflip__0040,notflip__0040,notflip,notflip
same_sequence_cross_split,0.8923562656922738,2,0,testing/notflip/0056_000000013.jpg,training/notflip/0056_000000009.jpg,notflip__0056,notflip__0056,notflip,notflip
same_sequence_cross_split,0.8923191813899692,1,0,testing/notflip/0002_000000003.jpg,training/notflip/0002_000000009.jpg,notflip__0002,notflip__0002,notflip,notflip
same_sequence_cross_split,0.8922799872721309,0,2,testing/notflip/0007_000000010.jpg,training/notflip/0007_000000008.jpg,notflip__0007,notflip__0007,notflip,notflip
same_sequence_cross_split,0.8922798248969734,1,2,testing/notflip/0056_000000007.jpg,training/notflip/0056_000000008.jpg,notflip__0056,notflip__0056,notflip,notflip
same_sequence_cross_split,0.8920382615748815,2,4,testing/flip/0015_000000029.jpg,training/flip/0015_000000030.jpg,flip__0015,flip__0015,flip,flip
same_sequence_cross_split,0.8917094938464643,2,0,testing/flip/0013_000000013.jpg,training/flip/0013_000000012.jpg,flip__0013,flip__0013,flip,flip
same_sequence_cross_split,0.8915922005687333,4,4,testing/notflip/0040_000000016.jpg,training/notflip/0040_000000013.jpg,notflip__0040,notflip__0040,notflip,notflip
same_sequence_cross_split,0.8915352142683742,1,2,testing/notflip/0044_000000027.jpg,training/notflip/0044_000000021.jpg,notflip__0044,notflip__0044,notflip,notflip
same_sequence_cross_split,0.8914205215691952,2,0,testing/notflip/0008_000000012.jpg,training/notflip/0008_000000011.jpg,notflip__0008,notflip__0008,notflip,notflip
same_sequence_cross_split,0.8913687792866499,3,4,testing/flip/0049_000000019.jpg,training/flip/0049_000000018.jpg,flip__0049,flip__0049,flip,flip
same_sequence_cross_split,0.8913432044295488,2,0,testing/notflip/0045_000000018.jpg,training/notflip/0045_000000025.jpg,notflip__0045,notflip__0045,notflip,notflip
same_sequence_cross_split,0.8913179669630452,4,0,testing/notflip/0040_000000018.jpg,training/notflip/0040_000000027.jpg,notflip__0040,notflip__0040,notflip,notflip
same_sequence_cross_split,0.8913120737424215,1,2,testing/notflip/0041_000000021.jpg,training/notflip/0041_000000017.jpg,notflip__0041,notflip__0041,notflip,notflip
same_sequence_cross_split,0.8912850169792745,1,2,testing/notflip/0038_000000023.jpg,training/notflip/0038_000000029.jpg,notflip__0038,notflip__0038,notflip,notflip
same_sequence_cross_split,0.8912696358407904,2,4,testing/notflip/0056_000000007.jpg,training/notflip/0056_000000012.jpg,notflip__0056,notflip__0056,notflip,notflip
same_sequence_cross_split,0.8912186391899091,3,2,testing/flip/0019_000000014.jpg,training/flip/0019_000000015.jpg,flip__0019,flip__0019,flip,flip
same_sequence_cross_split,0.8911176085046922,1,2,testing/flip/0018_000000003.jpg,training/flip/0018_000000001.jpg,flip__0018,flip__0018,flip,flip
same_sequence_cross_split,0.8910718102305712,2,4,testing/notflip/0030_000000018.jpg,training/notflip/0030_000000019.jpg,notflip__0030,notflip__0030,notflip,notflip
same_sequence_cross_split,0.8910405367352735,2,4,testing/notflip/0030_000000018.jpg,training/notflip/0030_000000020.jpg,notflip__0030,notflip__0030,notflip,notflip
same_sequence_cross_split,0.8909191728024703,1,2,testing/notflip/0041_000000028.jpg,training/notflip/0041_000000035.jpg,notflip__0041,notflip__0041,notflip,notflip
same_sequence_cross_split,0.8908611217506619,3,4,testing/notflip/0006_000000029.jpg,training/notflip/0006_000000022.jpg,notflip__0006,notflip__0006,notflip,notflip
same_sequence_cross_split,0.8908579085333438,3,4,testing/notflip/0006_000000028.jpg,training/notflip/0006_000000022.jpg,notflip__0006,notflip__0006,notflip,notflip
same_sequence_cross_split,0.8908506170000029,0,0,testing/notflip/0056_000000024.jpg,training/notflip/0056_000000015.jpg,notflip__0056,notflip__0056,notflip,notflip
same_sequence_cross_split,0.8908236073309954,1,2,testing/notflip/0038_000000022.jpg,training/notflip/0038_000000029.jpg,notflip__0038,notflip__0038,notflip,notflip
same_sequence_cross_split,0.8908219912829036,2,2,testing/notflip/0046_000000027.jpg,training/notflip/0046_000000020.jpg,notflip__0046,notflip__0046,notflip,notflip
same_sequence_cross_split,0.8908070762127683,2,2,testing/notflip/0041_000000028.jpg,training/notflip/0041_000000018.jpg,notflip__0041,notflip__0041,notflip,notflip
same_sequence_cross_split,0.8904578060749649,1,4,testing/notflip/0042_000000027.jpg,training/notflip/0042_000000012.jpg,notflip__0042,notflip__0042,notflip,notflip
same_sequence_cross_split,0.8904348869716973,3,4,testing/notflip/0048_000000030.jpg,training/notflip/0048_000000006.jpg,notflip__0048,notflip__0048,notflip,notflip
same_sequence_cross_split,0.8903748238719537,3,4,testing/notflip/0010_000000009.jpg,training/notflip/0010_000000016.jpg,notflip__0010,notflip__0010,notflip,notflip
different_sequence_cross_split_cross_label,0.8902974202442457,4,4,testing/flip/0062_000000009.jpg,training/notflip/0055_000000020.jpg,flip__0062,notflip__0055,flip,notflip
same_sequence_cross_split,0.8902907425203653,1,4,testing/notflip/0009_000000017.jpg,training/notflip/0009_000000013.jpg,notflip__0009,notflip__0009,notflip,notflip
same_sequence_cross_split,0.8902359916633891,3,0,testing/notflip/0037_000000014.jpg,training/notflip/0037_000000021.jpg,notflip__0037,notflip__0037,notflip,notflip
same_sequence_cross_split,0.8902267309529962,0,0,testing/notflip/0049_000000012.jpg,training/notflip/0049_000000017.jpg,notflip__0049,notflip__0049,notflip,notflip
same_sequence_cross_split,0.8902140808138133,3,2,testing/notflip/0035_000000026.jpg,training/notflip/0035_000000019.jpg,notflip__0035,notflip__0035,notflip,notflip
same_sequence_cross_split,0.8901917895962411,1,0,testing/flip/0011_000000026.jpg,training/flip/0011_000000025.jpg,flip__0011,flip__0011,flip,flip
same_sequence_cross_split,0.8901654957619871,2,2,testing/notflip/0009_000000004.jpg,training/notflip/0009_000000006.jpg,notflip__0009,notflip__0009,notflip,notflip
same_sequence_cross_split,0.8900934345251819,3,4,testing/notflip/0020_000000016.jpg,training/notflip/0020_000000008.jpg,notflip__0020,notflip__0020,notflip,notflip
same_sequence_cross_split,0.8898671172832247,0,2,testing/notflip/0019_000000012.jpg,training/notflip/0019_000000028.jpg,notflip__0019,notflip__0019,notflip,notflip
same_sequence_cross_split,0.8898642619501457,3,2,testing/notflip/0020_000000004.jpg,training/notflip/0020_000000008.jpg,notflip__0020,notflip__0020,notflip,notflip
same_sequence_cross_split,0.8898000514861836,0,0,testing/notflip/0057_000000027.jpg,training/notflip/0057_000000030.jpg,notflip__0057,notflip__0057,notflip,notflip
same_sequence_cross_split,0.8897633401686973,0,2,testing/flip/0065_000000005.jpg,training/flip/0065_000000006.jpg,flip__0065,flip__0065,flip,flip
same_sequence_cross_split,0.8896483394837273,1,0,testing/notflip/0047_000000025.jpg,training/notflip/0047_000000019.jpg,notflip__0047,notflip__0047,notflip,notflip
same_sequence_cross_split,0.8896465018145923,2,2,testing/notflip/0042_000000013.jpg,training/notflip/0042_000000028.jpg,notflip__0042,notflip__0042,notflip,notflip
same_sequence_cross_split,0.8894789576304268,1,2,testing/notflip/0058_000000013.jpg,training/notflip/0058_000000024.jpg,notflip__0058,notflip__0058,notflip,notflip
same_sequence_cross_split,0.8893517894395566,2,0,testing/notflip/0041_000000021.jpg,training/notflip/0041_000000037.jpg,notflip__0041,notflip__0041,notflip,notflip
same_sequence_cross_split,0.8892761928470626,3,2,testing/notflip/0025_000000025.jpg,training/notflip/0025_000000017.jpg,notflip__0025,notflip__0025,notflip,notflip
same_sequence_cross_split,0.889185236499394,2,2,testing/notflip/0036_000000020.jpg,training/notflip/0036_000000029.jpg,notflip__0036,notflip__0036,notflip,notflip
same_sequence_cross_split,0.8891688843429647,3,2,testing/notflip/0029_000000013.jpg,training/notflip/0029_000000016.jpg,notflip__0029,notflip__0029,notflip,notflip
same_sequence_cross_split,0.8890793847347016,1,2,testing/notflip/0031_000000015.jpg,training/notflip/0031_000000025.jpg,notflip__0031,notflip__0031,notflip,notflip
same_sequence_cross_split,0.8890720825972789,1,4,testing/notflip/0057_000000027.jpg,training/notflip/0057_000000019.jpg,notflip__0057,notflip__0057,notflip,notflip
same_sequence_cross_split,0.8890487404854419,1,0,testing/notflip/0047_000000025.jpg,training/notflip/0047_000000020.jpg,notflip__0047,notflip__0047,notflip,notflip
same_sequence_cross_split,0.8889194349957964,4,2,testing/notflip/0008_000000023.jpg,training/notflip/0008_000000027.jpg,notflip__0008,notflip__0008,notflip,notflip
same_sequence_cross_split,0.8888320936936388,1,2,testing/notflip/0026_000000029.jpg,training/notflip/0026_000000022.jpg,notflip__0026,notflip__0026,notflip,notflip
same_sequence_cross_split,0.8887927395544902,3,2,testing/notflip/0037_000000028.jpg,training/notflip/0037_000000021.jpg,notflip__0037,notflip__0037,notflip,notflip
same_sequence_cross_split,0.8887350516491033,1,0,testing/notflip/0049_000000012.jpg,training/notflip/0049_000000010.jpg,notflip__0049,notflip__0049,notflip,notflip
same_sequence_cross_split,0.8886025394803553,2,2,testing/notflip/0042_000000021.jpg,training/notflip/0042_000000014.jpg,notflip__0042,notflip__0042,notflip,notflip
same_sequence_cross_split,0.888579741736979,4,4,testing/notflip/0056_000000004.jpg,training/notflip/0056_000000002.jpg,notflip__0056,notflip__0056,notflip,notflip
same_sequence_cross_split,0.8884745528463144,1,2,testing/notflip/0005_000000009.jpg,training/notflip/0005_000000008.jpg,notflip__0005,notflip__0005,notflip,notflip
same_sequence_cross_split,0.8883767135352388,1,2,testing/notflip/0038_000000022.jpg,training/notflip/0038_000000019.jpg,notflip__0038,notflip__0038,notflip,notflip
same_sequence_cross_split,0.8883039411592688,4,2,testing/notflip/0008_000000023.jpg,training/notflip/0008_000000028.jpg,notflip__0008,notflip__0008,notflip,notflip
same_sequence_cross_split,0.8882408763787839,3,2,testing/notflip/0034_000000030.jpg,training/notflip/0034_000000027.jpg,notflip__0034,notflip__0034,notflip,notflip
same_sequence_cross_split,0.888109392409668,1,2,testing/flip/0038_000000026.jpg,training/flip/0038_000000030.jpg,flip__0038,flip__0038,flip,flip
same_sequence_cross_split,0.8879295577055953,4,0,testing/notflip/0031_000000015.jpg,training/notflip/0031_000000021.jpg,notflip__0031,notflip__0031,notflip,notflip
same_sequence_cross_split,0.8878998817467307,1,2,testing/notflip/0019_000000024.jpg,training/notflip/0019_000000022.jpg,notflip__0019,notflip__0019,notflip,notflip
same_sequence_cross_split,0.8878418634401938,1,2,testing/notflip/0046_000000027.jpg,training/notflip/0046_000000025.jpg,notflip__0046,notflip__0046,notflip,notflip
same_sequence_cross_split,0.8878365998577039,2,0,testing/notflip/0036_000000028.jpg,training/notflip/0036_000000017.jpg,notflip__0036,notflip__0036,notflip,notflip
same_sequence_cross_split,0.8878221621747366,2,2,testing/notflip/0020_000000019.jpg,training/notflip/0020_000000012.jpg,notflip__0020,notflip__0020,notflip,notflip
same_sequence_cross_split,0.8876924590699975,1,0,testing/notflip/0030_000000022.jpg,training/notflip/0030_000000025.jpg,notflip__0030,notflip__0030,notflip,notflip
same_sequence_cross_split,0.8876327399146455,1,0,testing/notflip/0030_000000023.jpg,training/notflip/0030_000000025.jpg,notflip__0030,notflip__0030,notflip,notflip
same_sequence_cross_split,0.8876019186468694,2,2,testing/notflip/0023_000000030.jpg,training/notflip/0023_000000021.jpg,notflip__0023,notflip__0023,notflip,notflip
same_sequence_cross_split,0.8875750083347607,3,4,testing/flip/0006_000000008.jpg,training/flip/0006_000000003.jpg,flip__0006,flip__0006,flip,flip
same_sequence_cross_split,0.8875356948515448,0,0,testing/notflip/0056_000000024.jpg,training/notflip/0056_000000021.jpg,notflip__0056,notflip__0056,notflip,notflip
same_sequence_cross_split,0.887502173264298,2,4,testing/notflip/0050_000000011.jpg,training/notflip/0050_000000006.jpg,notflip__0050,notflip__0050,notflip,notflip
same_sequence_cross_split,0.8874545272832867,2,0,testing/flip/0030_000000019.jpg,training/flip/0030_000000020.jpg,flip__0030,flip__0030,flip,flip
same_sequence_cross_split,0.887389311020205,3,4,testing/notflip/0055_000000013.jpg,training/notflip/0055_000000019.jpg,notflip__0055,notflip__0055,notflip,notflip
same_sequence_cross_split,0.8873777359144588,3,2,testing/notflip/0010_000000026.jpg,training/notflip/0010_000000017.jpg,notflip__0010,notflip__0010,notflip,notflip
same_sequence_cross_split,0.8872927827259242,1,0,testing/notflip/0043_000000023.jpg,training/notflip/0043_000000029.jpg,notflip__0043,notflip__0043,notflip,notflip
same_sequence_cross_split,0.8872800467091981,2,4,testing/flip/0053_000000018.jpg,training/flip/0053_000000019.jpg,flip__0053,flip__0053,flip,flip
same_sequence_cross_split,0.8872301749534551,4,0,testing/notflip/0026_000000004.jpg,training/notflip/0026_000000002.jpg,notflip__0026,notflip__0026,notflip,notflip
same_sequence_cross_split,0.8871195959989693,4,4,testing/notflip/0047_000000029.jpg,training/notflip/0047_000000013.jpg,notflip__0047,notflip__0047,notflip,notflip
same_sequence_cross_split,0.88699695023588,1,0,testing/notflip/0058_000000025.jpg,training/notflip/0058_000000014.jpg,notflip__0058,notflip__0058,notflip,notflip
same_sequence_cross_split,0.8869491181281866,4,0,testing/notflip/0045_000000018.jpg,training/notflip/0045_000000024.jpg,notflip__0045,notflip__0045,notflip,notflip
same_sequence_cross_split,0.886880526678246,4,4,testing/flip/0006_000000008.jpg,training/flip/0006_000000004.jpg,flip__0006,flip__0006,flip,flip
same_sequence_cross_split,0.8866472408156862,2,4,testing/notflip/0058_000000025.jpg,training/notflip/0058_000000012.jpg,notflip__0058,notflip__0058,notflip,notflip
same_sequence_cross_split,0.8865996016318821,4,4,testing/notflip/0033_000000025.jpg,training/notflip/0033_000000018.jpg,notflip__0033,notflip__0033,notflip,notflip
same_sequence_cross_split,0.8865643234256383,3,0,testing/notflip/0058_000000002.jpg,training/notflip/0058_000000003.jpg,notflip__0058,notflip__0058,notflip,notflip
same_sequence_cross_split,0.8864771215089307,4,4,testing/flip/0044_000000015.jpg,training/flip/0044_000000010.jpg,flip__0044,flip__0044,flip,flip
same_sequence_cross_split,0.8862435360798248,3,4,testing/notflip/0039_000000003.jpg,training/notflip/0039_000000001.jpg,notflip__0039,notflip__0039,notflip,notflip
same_sequence_cross_split,0.8862352514675553,2,2,testing/notflip/0004_000000012.jpg,training/notflip/0004_000000011.jpg,notflip__0004,notflip__0004,notflip,notflip
same_sequence_cross_split,0.8862057076423312,0,0,testing/notflip/0029_000000003.jpg,training/notflip/0029_000000002.jpg,notflip__0029,notflip__0029,notflip,notflip
same_sequence_cross_split,0.8861372021136483,3,0,testing/notflip/0002_000000008.jpg,training/notflip/0002_000000021.jpg,notflip__0002,notflip__0002,notflip,notflip
same_sequence_cross_split,0.8861259289313956,2,2,testing/flip/0040_000000028.jpg,training/flip/0040_000000029.jpg,flip__0040,flip__0040,flip,flip
different_sequence_cross_split_cross_label,0.8861131250385623,3,4,testing/notflip/0058_000000020.jpg,training/flip/0065_000000007.jpg,notflip__0058,flip__0065,notflip,flip
same_sequence_cross_split,0.8860774613157807,3,4,testing/notflip/0042_000000027.jpg,training/notflip/0042_000000015.jpg,notflip__0042,notflip__0042,notflip,notflip
same_sequence_cross_split,0.8860733903804474,0,2,testing/notflip/0019_000000024.jpg,training/notflip/0019_000000013.jpg,notflip__0019,notflip__0019,notflip,notflip
same_sequence_cross_split,0.8859348026095517,4,4,testing/flip/0044_000000015.jpg,training/flip/0044_000000009.jpg,flip__0044,flip__0044,flip,flip
same_sequence_cross_split,0.8859210918828463,4,2,testing/flip/0020_000000012.jpg,training/flip/0020_000000011.jpg,flip__0020,flip__0020,flip,flip
same_sequence_cross_split,0.8856832681942938,2,0,testing/notflip/0036_000000028.jpg,training/notflip/0036_000000016.jpg,notflip__0036,notflip__0036,notflip,notflip
same_sequence_cross_split,0.8856792575726707,1,2,testing/flip/0044_000000025.jpg,training/flip/0044_000000026.jpg,flip__0044,flip__0044,flip,flip
different_sequence_cross_split_cross_label,0.885672719142269,1,0,testing/flip/0065_000000001.jpg,training/notflip/0058_000000028.jpg,flip__0065,notflip__0058,flip,notflip
same_sequence_cross_split,0.8855911209668991,1,0,testing/flip/0046_000000025.jpg,training/flip/0046_000000024.jpg,flip__0046,flip__0046,flip,flip
same_sequence_cross_split,0.8855657631939616,1,0,testing/notflip/0002_000000003.jpg,training/notflip/0002_000000017.jpg,notflip__0002,notflip__0002,notflip,notflip
same_sequence_cross_split,0.8855644902876846,3,4,testing/flip/0014_000000004.jpg,training/flip/0014_000000007.jpg,flip__0014,flip__0014,flip,flip
same_sequence_cross_split,0.885480670616128,0,2,testing/notflip/0019_000000027.jpg,training/notflip/0019_000000013.jpg,notflip__0019,notflip__0019,notflip,notflip
different_sequence_cross_split_cross_label,0.8854615786614971,4,2,testing/flip/0065_000000005.jpg,training/notflip/0058_000000027.jpg,flip__0065,notflip__0058,flip,notflip
same_sequence_cross_split,0.8853469657399256,1,0,testing/notflip/0056_000000027.jpg,training/notflip/0056_000000018.jpg,notflip__0056,notflip__0056,notflip,notflip
different_sequence_cross_split_cross_label,0.8853380342740752,4,2,testing/flip/0062_000000006.jpg,training/notflip/0055_000000022.jpg,flip__0062,notflip__0055,flip,notflip
same_sequence_cross_split,0.885233490529945,3,2,testing/notflip/0046_000000011.jpg,training/notflip/0046_000000015.jpg,notflip__0046,notflip__0046,notflip,notflip
same_sequence_cross_split,0.8851512122127713,2,2,testing/notflip/0002_000000015.jpg,training/notflip/0002_000000023.jpg,notflip__0002,notflip__0002,notflip,notflip
same_sequence_cross_split,0.8851285728721952,3,0,testing/notflip/0036_000000030.jpg,training/notflip/0036_000000021.jpg,notflip__0036,notflip__0036,notflip,notflip
same_sequence_cross_split,0.8850973236842227,2,2,testing/notflip/0038_000000022.jpg,training/notflip/0038_000000030.jpg,notflip__0038,notflip__0038,notflip,notflip
same_sequence_cross_split,0.8850394730280711,1,2,testing/notflip/0026_000000024.jpg,training/notflip/0026_000000021.jpg,notflip__0026,notflip__0026,notflip,notflip
same_sequence_cross_split,0.8850128137484213,1,0,testing/notflip/0007_000000010.jpg,training/notflip/0007_000000013.jpg,notflip__0007,notflip__0007,notflip,notflip
same_sequence_cross_split,0.885011787140839,4,2,testing/flip/0030_000000003.jpg,training/flip/0030_000000001.jpg,flip__0030,flip__0030,flip,flip
same_sequence_cross_split,0.8849887479180379,3,2,testing/notflip/0004_000000029.jpg,training/notflip/0004_000000025.jpg,notflip__0004,notflip__0004,notflip,notflip
same_sequence_cross_split,0.884957352454158,3,0,testing/notflip/0048_000000030.jpg,training/notflip/0048_000000017.jpg,notflip__0048,notflip__0048,notflip,notflip
same_sequence_cross_split,0.8849117958769056,1,4,testing/flip/0005_000000003.jpg,training/flip/0005_000000001.jpg,flip__0005,flip__0005,flip,flip
same_sequence_cross_split,0.8848981328893857,2,0,testing/notflip/0056_000000024.jpg,training/notflip/0056_000000016.jpg,notflip__0056,notflip__0056,notflip,notflip
same_sequence_cross_split,0.8848976371711359,3,4,testing/flip/0055_000000024.jpg,training/flip/0055_000000025.jpg,flip__0055,flip__0055,flip,flip
same_sequence_cross_split,0.8848465272957913,1,2,testing/notflip/0043_000000023.jpg,training/notflip/0043_000000018.jpg,notflip__0043,notflip__0043,notflip,notflip
same_sequence_cross_split,0.8848301110869374,4,2,testing/notflip/0025_000000025.jpg,training/notflip/0025_000000016.jpg,notflip__0025,notflip__0025,notflip,notflip
same_sequence_cross_split,0.8848038824969303,0,0,testing/notflip/0004_000000010.jpg,training/notflip/0004_000000009.jpg,notflip__0004,notflip__0004,notflip,notflip
same_sequence_cross_split,0.8846509825567508,3,2,testing/notflip/0023_000000020.jpg,training/notflip/0023_000000026.jpg,notflip__0023,notflip__0023,notflip,notflip
same_sequence_cross_split,0.8845462585445398,4,2,testing/notflip/0031_000000020.jpg,training/notflip/0031_000000013.jpg,notflip__0031,notflip__0031,notflip,notflip
same_sequence_cross_split,0.8845243088195488,3,4,testing/flip/0014_000000003.jpg,training/flip/0014_000000007.jpg,flip__0014,flip__0014,flip,flip
same_sequence_cross_split,0.8845177405119836,1,0,testing/notflip/0028_000000024.jpg,training/notflip/0028_000000026.jpg,notflip__0028,notflip__0028,notflip,notflip
same_sequence_cross_split,0.884497488231506,3,0,testing/notflip/0037_000000014.jpg,training/notflip/0037_000000022.jpg,notflip__0037,notflip__0037,notflip,notflip
same_sequence_cross_split,0.8844804712297601,3,4,testing/flip/0054_000000010.jpg,training/flip/0054_000000013.jpg,flip__0054,flip__0054,flip,flip
same_sequence_cross_split,0.8844694058121918,3,4,testing/flip/0054_000000011.jpg,training/flip/0054_000000013.jpg,flip__0054,flip__0054,flip,flip
same_sequence_cross_split,0.8844086314882991,1,2,testing/notflip/0048_000000015.jpg,training/notflip/0048_000000021.jpg,notflip__0048,notflip__0048,notflip,notflip
same_sequence_cross_split,0.8842968857324859,3,2,testing/flip/0062_000000020.jpg,training/flip/0062_000000019.jpg,flip__0062,flip__0062,flip,flip
same_sequence_cross_split,0.8841926174645345,1,4,testing/notflip/0019_000000015.jpg,training/notflip/0019_000000023.jpg,notflip__0019,notflip__0019,notflip,notflip
same_sequence_cross_split,0.8841714247813878,1,4,testing/notflip/0029_000000019.jpg,training/notflip/0029_000000023.jpg,notflip__0029,notflip__0029,notflip,notflip
same_sequence_cross_split,0.8841645809054587,0,2,testing/notflip/0036_000000028.jpg,training/notflip/0036_000000018.jpg,notflip__0036,notflip__0036,notflip,notflip
same_sequence_cross_split,0.8841303507128538,0,0,testing/notflip/0056_000000011.jpg,training/notflip/0056_000000021.jpg,notflip__0056,notflip__0056,notflip,notflip
same_sequence_cross_split,0.8840217307430026,2,2,testing/notflip/0002_000000015.jpg,training/notflip/0002_000000024.jpg,notflip__0002,notflip__0002,notflip,notflip
same_sequence_cross_split,0.8839972214797116,1,0,testing/notflip/0002_000000008.jpg,training/notflip/0002_000000002.jpg,notflip__0002,notflip__0002,notflip,notflip
same_sequence_cross_split,0.8839799104057662,2,2,testing/notflip/0038_000000020.jpg,training/notflip/0038_000000024.jpg,notflip__0038,notflip__0038,notflip,notflip
same_sequence_cross_split,0.8836714367977224,2,0,testing/notflip/0037_000000018.jpg,training/notflip/0037_000000013.jpg,notflip__0037,notflip__0037,notflip,notflip
same_sequence_cross_split,0.8835192178107116,4,4,testing/flip/0061_000000011.jpg,training/flip/0061_000000013.jpg,flip__0061,flip__0061,flip,flip
same_sequence_cross_split,0.8834483924337275,1,2,testing/notflip/0028_000000004.jpg,training/notflip/0028_000000006.jpg,notflip__0028,notflip__0028,notflip,notflip
same_sequence_cross_split,0.8833736332031475,4,0,testing/notflip/0051_000000012.jpg,training/notflip/0051_000000023.jpg,notflip__0051,notflip__0051,notflip,notflip
same_sequence_cross_split,0.8833440356244252,0,2,testing/notflip/0039_000000026.jpg,training/notflip/0039_000000024.jpg,notflip__0039,notflip__0039,notflip,notflip
same_sequence_cross_split,0.8833103502180696,1,2,testing/notflip/0049_000000026.jpg,training/notflip/0049_000000019.jpg,notflip__0049,notflip__0049,notflip,notflip
same_sequence_cross_split,0.8832843827788165,1,2,testing/notflip/0034_000000025.jpg,training/notflip/0034_000000021.jpg,notflip__0034,notflip__0034,notflip,notflip
same_sequence_cross_split,0.8832015506076579,4,0,testing/flip/0057_000000019.jpg,training/flip/0057_000000021.jpg,flip__0057,flip__0057,flip,flip
different_sequence_cross_split_cross_label,0.8831339154688539,4,4,testing/flip/0065_000000005.jpg,training/notflip/0058_000000024.jpg,flip__0065,notflip__0058,flip,notflip
same_sequence_cross_split,0.8830442285745699,4,0,testing/flip/0054_000000019.jpg,training/flip/0054_000000018.jpg,flip__0054,flip__0054,flip,flip
same_sequence_cross_split,0.8830069042361359,2,2,testing/flip/0009_000000007.jpg,training/flip/0009_000000009.jpg,flip__0009,flip__0009,flip,flip
different_sequence_cross_split_cross_label,0.8829642173168553,4,4,testing/flip/0060_000000008.jpg,training/notflip/0053_000000015.jpg,flip__0060,notflip__0053,flip,notflip
same_sequence_cross_split,0.8828006241882427,1,4,testing/notflip/0029_000000001.jpg,training/notflip/0029_000000002.jpg,notflip__0029,notflip__0029,notflip,notflip
same_sequence_cross_split,0.8826362044851429,4,0,testing/notflip/0002_000000006.jpg,training/notflip/0002_000000021.jpg,notflip__0002,notflip__0002,notflip,notflip
same_sequence_cross_split,0.8826020163024515,3,2,testing/notflip/0040_000000004.jpg,training/notflip/0040_000000003.jpg,notflip__0040,notflip__0040,notflip,notflip
same_sequence_cross_split,0.8825902234389372,3,4,testing/notflip/0057_000000027.jpg,training/notflip/0057_000000022.jpg,notflip__0057,notflip__0057,notflip,notflip
same_sequence_cross_split,0.8825769187913546,3,4,testing/flip/0056_000000030.jpg,training/flip/0056_000000029.jpg,flip__0056,flip__0056,flip,flip
same_sequence_cross_split,0.8824851543748087,3,2,testing/flip/0015_000000029.jpg,training/flip/0015_000000028.jpg,flip__0015,flip__0015,flip,flip
same_sequence_cross_split,0.8823666953352054,2,2,testing/notflip/0007_000000025.jpg,training/notflip/0007_000000022.jpg,notflip__0007,notflip__0007,notflip,notflip
same_sequence_cross_split,0.8823568385788073,3,2,testing/notflip/0006_000000023.jpg,training/notflip/0006_000000020.jpg,notflip__0006,notflip__0006,notflip,notflip
same_sequence_cross_split,0.8822929569721224,3,2,testing/notflip/0006_000000021.jpg,training/notflip/0006_000000024.jpg,notflip__0006,notflip__0006,notflip,notflip
same_sequence_cross_split,0.8822539028202074,1,0,testing/notflip/0003_000000018.jpg,training/notflip/0003_000000023.jpg,notflip__0003,notflip__0003,notflip,notflip
same_sequence_cross_split,0.882198383126646,1,0,testing/notflip/0016_000000020.jpg,training/notflip/0016_000000024.jpg,notflip__0016,notflip__0016,notflip,notflip
same_sequence_cross_split,0.8821285955487159,3,2,testing/notflip/0009_000000017.jpg,training/notflip/0009_000000023.jpg,notflip__0009,notflip__0009,notflip,notflip
same_sequence_cross_split,0.882056223438856,4,4,testing/notflip/0003_000000004.jpg,training/notflip/0003_000000006.jpg,notflip__0003,notflip__0003,notflip,notflip
same_sequence_cross_split,0.882009491637099,4,4,testing/flip/0046_000000023.jpg,training/flip/0046_000000022.jpg,flip__0046,flip__0046,flip,flip
same_sequence_cross_split,0.8819947157929635,3,2,testing/notflip/0019_000000015.jpg,training/notflip/0019_000000005.jpg,notflip__0019,notflip__0019,notflip,notflip
same_sequence_cross_split,0.8819720619367405,2,4,testing/notflip/0046_000000003.jpg,training/notflip/0046_000000015.jpg,notflip__0046,notflip__0046,notflip,notflip
same_sequence_cross_split,0.8819376906890409,3,2,testing/notflip/0058_000000002.jpg,training/notflip/0058_000000001.jpg,notflip__0058,notflip__0058,notflip,notflip
same_sequence_cross_split,0.8818929289767387,3,2,testing/notflip/0031_000000019.jpg,training/notflip/0031_000000012.jpg,notflip__0031,notflip__0031,notflip,notflip
same_sequence_cross_split,0.8817816239336973,1,2,testing/notflip/0036_000000014.jpg,training/notflip/0036_000000012.jpg,notflip__0036,notflip__0036,notflip,notflip
same_sequence_cross_split,0.8817549426310244,3,2,testing/notflip/0046_000000012.jpg,training/notflip/0046_000000005.jpg,notflip__0046,notflip__0046,notflip,notflip
same_sequence_cross_split,0.8815042626331496,2,4,testing/notflip/0055_000000012.jpg,training/notflip/0055_000000024.jpg,notflip__0055,notflip__0055,notflip,notflip
different_sequence_cross_split_cross_label,0.8814893015876204,4,4,testing/notflip/0058_000000020.jpg,training/flip/0065_000000013.jpg,notflip__0058,flip__0065,notflip,flip
same_sequence_cross_split,0.881477414770858,2,0,testing/notflip/0002_000000008.jpg,training/notflip/0002_000000018.jpg,notflip__0002,notflip__0002,notflip,notflip
same_sequence_cross_split,0.8814761482403151,3,2,testing/notflip/0045_000000030.jpg,training/notflip/0045_000000015.jpg,notflip__0045,notflip__0045,notflip,notflip
same_sequence_cross_split,0.8814184559591643,2,2,testing/notflip/0009_000000012.jpg,training/notflip/0009_000000008.jpg,notflip__0009,notflip__0009,notflip,notflip
same_sequence_cross_split,0.881379633466129,0,2,testing/notflip/0019_000000027.jpg,training/notflip/0019_000000010.jpg,notflip__0019,notflip__0019,notflip,notflip
same_sequence_cross_split,0.8813554269919034,3,2,testing/notflip/0023_000000030.jpg,training/notflip/0023_000000019.jpg,notflip__0023,notflip__0023,notflip,notflip
same_sequence_cross_split,0.8812936338870695,2,2,testing/flip/0038_000000043.jpg,training/flip/0038_000000042.jpg,flip__0038,flip__0038,flip,flip
same_sequence_cross_split,0.8812382326142275,2,0,testing/notflip/0043_000000024.jpg,training/notflip/0043_000000029.jpg,notflip__0043,notflip__0043,notflip,notflip
same_sequence_cross_split,0.8812377056286566,2,2,testing/notflip/0009_000000027.jpg,training/notflip/0009_000000024.jpg,notflip__0009,notflip__0009,notflip,notflip
same_sequence_cross_split,0.8811309886564759,3,4,testing/notflip/0053_000000025.jpg,training/notflip/0053_000000013.jpg,notflip__0053,notflip__0053,notflip,notflip
same_sequence_cross_split,0.8810771213940215,1,4,testing/flip/0004_000000006.jpg,training/flip/0004_000000008.jpg,flip__0004,flip__0004,flip,flip
same_sequence_cross_split,0.8810678808217334,2,0,testing/notflip/0057_000000027.jpg,training/notflip/0057_000000016.jpg,notflip__0057,notflip__0057,notflip,notflip
same_sequence_cross_split,0.8810260603859289,4,0,testing/notflip/0002_000000006.jpg,training/notflip/0002_000000022.jpg,notflip__0002,notflip__0002,notflip,notflip
same_sequence_cross_split,0.8809183154521558,3,0,testing/notflip/0051_000000012.jpg,training/notflip/0051_000000029.jpg,notflip__0051,notflip__0051,notflip,notflip
same_sequence_cross_split,0.8807702494150811,2,0,testing/notflip/0002_000000008.jpg,training/notflip/0002_000000020.jpg,notflip__0002,notflip__0002,notflip,notflip
same_sequence_cross_split,0.8807492848269025,4,2,testing/flip/0014_000000019.jpg,training/flip/0014_000000018.jpg,flip__0014,flip__0014,flip,flip
same_sequence_cross_split,0.8806620828594156,3,0,testing/notflip/0045_000000026.jpg,training/notflip/0045_000000023.jpg,notflip__0045,notflip__0045,notflip,notflip
same_sequence_cross_split,0.8806524830828165,4,2,testing/notflip/0049_000000012.jpg,training/notflip/0049_000000007.jpg,notflip__0049,notflip__0049,notflip,notflip
different_sequence_cross_split_cross_label,0.8806183885098176,3,4,testing/flip/0058_000000006.jpg,training/notflip/0051_000000019.jpg,flip__0058,notflip__0051,flip,notflip
same_sequence_cross_split,0.8805506167431533,3,4,testing/flip/0047_000000010.jpg,training/flip/0047_000000012.jpg,flip__0047,flip__0047,flip,flip
same_sequence_cross_split,0.8804825769391429,3,4,testing/notflip/0054_000000020.jpg,training/notflip/0054_000000014.jpg,notflip__0054,notflip__0054,notflip,notflip
same_sequence_cross_split,0.8804558206967863,2,2,testing/notflip/0049_000000026.jpg,training/notflip/0049_000000017.jpg,notflip__0049,notflip__0049,notflip,notflip
same_sequence_cross_split,0.8803997781697416,4,2,testing/notflip/0037_000000025.jpg,training/notflip/0037_000000017.jpg,notflip__0037,notflip__0037,notflip,notflip
different_sequence_cross_split_cross_label,0.8803905244422714,4,4,testing/notflip/0058_000000021.jpg,training/flip/0065_000000006.jpg,notflip__0058,flip__0065,notflip,flip
same_sequence_cross_split,0.8803595955042574,1,0,testing/notflip/0045_000000028.jpg,training/notflip/0045_000000019.jpg,notflip__0045,notflip__0045,notflip,notflip
same_sequence_cross_split,0.8803580517915796,1,0,testing/notflip/0056_000000013.jpg,training/notflip/0056_000000018.jpg,notflip__0056,notflip__0056,notflip,notflip
same_sequence_cross_split,0.8803445097642318,3,2,testing/flip/0031_000000020.jpg,training/flip/0031_000000021.jpg,flip__0031,flip__0031,flip,flip
same_sequence_cross_split,0.8803199906836989,0,2,testing/notflip/0053_000000016.jpg,training/notflip/0053_000000023.jpg,notflip__0053,notflip__0053,notflip,notflip
same_sequence_cross_split,0.8802861957606595,3,0,testing/notflip/0002_000000008.jpg,training/notflip/0002_000000022.jpg,notflip__0002,notflip__0002,notflip,notflip
same_sequence_cross_split,0.8802780154085492,4,4,testing/flip/0058_000000004.jpg,training/flip/0058_000000007.jpg,flip__0058,flip__0058,flip,flip
same_sequence_cross_split,0.8801275618359105,3,2,testing/flip/0062_000000009.jpg,training/flip/0062_000000002.jpg,flip__0062,flip__0062,flip,flip
different_sequence_cross_split_cross_label,0.8801198265993333,3,4,testing/flip/0060_000000008.jpg,training/notflip/0053_000000014.jpg,flip__0060,notflip__0053,flip,notflip
same_sequence_cross_split,0.8800991411011917,2,2,testing/flip/0065_000000005.jpg,training/flip/0065_000000002.jpg,flip__0065,flip__0065,flip,flip
same_sequence_cross_split,0.8800711572839042,2,4,testing/notflip/0037_000000014.jpg,training/notflip/0037_000000009.jpg,notflip__0037,notflip__0037,notflip,notflip
same_sequence_cross_split,0.8800695980614757,4,4,testing/notflip/0056_000000004.jpg,training/notflip/0056_000000006.jpg,notflip__0056,notflip__0056,notflip,notflip
same_sequence_cross_split,0.8800345977352894,3,2,testing/flip/0004_000000014.jpg,training/flip/0004_000000015.jpg,flip__0004,flip__0004,flip,flip
same_sequence_cross_split,0.8799828953963534,4,4,testing/notflip/0052_000000006.jpg,training/notflip/0052_000000010.jpg,notflip__0052,notflip__0052,notflip,notflip
same_sequence_cross_split,0.8798846683463293,4,4,testing/flip/0009_000000016.jpg,training/flip/0009_000000017.jpg,flip__0009,flip__0009,flip,flip
different_sequence_cross_split_cross_label,0.879862774055778,4,2,testing/flip/0042_000000002.jpg,training/notflip/0033_000000029.jpg,flip__0042,notflip__0033,flip,notflip
same_sequence_cross_split,0.8798466233408142,1,4,testing/notflip/0056_000000007.jpg,training/notflip/0056_000000023.jpg,notflip__0056,notflip__0056,notflip,notflip
same_sequence_cross_split,0.879816871098559,0,2,testing/notflip/0019_000000024.jpg,training/notflip/0019_000000010.jpg,notflip__0019,notflip__0019,notflip,notflip
same_sequence_cross_split,0.8797992080785262,3,4,testing/notflip/0030_000000018.jpg,training/notflip/0030_000000021.jpg,notflip__0030,notflip__0030,notflip,notflip
same_sequence_cross_split,0.8796990782669725,1,4,testing/notflip/0054_000000010.jpg,training/notflip/0054_000000009.jpg,notflip__0054,notflip__0054,notflip,notflip
same_sequence_cross_split,0.8796662760287802,4,0,testing/notflip/0048_000000025.jpg,training/notflip/0048_000000016.jpg,notflip__0048,notflip__0048,notflip,notflip
same_sequence_cross_split,0.8795487336772355,1,2,testing/notflip/0005_000000018.jpg,training/notflip/0005_000000020.jpg,notflip__0005,notflip__0005,notflip,notflip
same_sequence_cross_split,0.8794544903898112,1,4,testing/notflip/0041_000000034.jpg,training/notflip/0041_000000016.jpg,notflip__0041,notflip__0041,notflip,notflip
same_sequence_cross_split,0.8793886412455058,4,2,testing/flip/0010_000000009.jpg,training/flip/0010_000000010.jpg,flip__0010,flip__0010,flip,flip
same_sequence_cross_split,0.8792861443737252,3,0,testing/notflip/0057_000000027.jpg,training/notflip/0057_000000018.jpg,notflip__0057,notflip__0057,notflip,notflip
same_sequence_cross_split,0.879075436759648,4,4,testing/notflip/0004_000000004.jpg,training/notflip/0004_000000007.jpg,notflip__0004,notflip__0004,notflip,notflip
same_sequence_cross_split,0.878932522565202,1,2,testing/notflip/0009_000000017.jpg,training/notflip/0009_000000021.jpg,notflip__0009,notflip__0009,notflip,notflip
same_sequence_cross_split,0.8789119348839798,3,2,testing/flip/0013_000000011.jpg,training/flip/0013_000000010.jpg,flip__0013,flip__0013,flip,flip
same_sequence_cross_split,0.8788690702596786,3,2,testing/flip/0012_000000025.jpg,training/flip/0012_000000024.jpg,flip__0012,flip__0012,flip,flip
same_sequence_cross_split,0.8788644133354133,3,2,testing/notflip/0036_000000030.jpg,training/notflip/0036_000000019.jpg,notflip__0036,notflip__0036,notflip,notflip
same_sequence_cross_split,0.8788545875280103,2,0,testing/flip/0021_000000011.jpg,training/flip/0021_000000013.jpg,flip__0021,flip__0021,flip,flip
same_sequence_cross_split,0.8787864378739247,1,2,testing/notflip/0002_000000008.jpg,training/notflip/0002_000000001.jpg,notflip__0002,notflip__0002,notflip,notflip
same_sequence_cross_split,0.8787662566233834,1,0,testing/notflip/0049_000000012.jpg,training/notflip/0049_000000021.jpg,notflip__0049,notflip__0049,notflip,notflip
same_sequence_cross_split,0.8787340774661645,2,2,testing/notflip/0038_000000023.jpg,training/notflip/0038_000000030.jpg,notflip__0038,notflip__0038,notflip,notflip
same_sequence_cross_split,0.8787177681047974,3,0,testing/notflip/0002_000000006.jpg,training/notflip/0002_000000020.jpg,notflip__0002,notflip__0002,notflip,notflip
same_sequence_cross_split,0.8786781911422697,0,0,testing/notflip/0056_000000027.jpg,training/notflip/0056_000000020.jpg,notflip__0056,notflip__0056,notflip,notflip
same_sequence_cross_split,0.8786475099097343,1,0,testing/notflip/0047_000000024.jpg,training/notflip/0047_000000030.jpg,notflip__0047,notflip__0047,notflip,notflip
same_sequence_cross_split,0.8785904702029191,3,2,testing/notflip/0046_000000027.jpg,training/notflip/0046_000000019.jpg,notflip__0046,notflip__0046,notflip,notflip
different_sequence_cross_split_cross_label,0.8785433288087271,3,4,testing/flip/0062_000000003.jpg,training/notflip/0055_000000022.jpg,flip__0062,notflip__0055,flip,notflip
same_sequence_cross_split,0.8784951643782558,3,4,testing/notflip/0020_000000016.jpg,training/notflip/0020_000000009.jpg,notflip__0020,notflip__0020,notflip,notflip
different_sequence_cross_split_cross_label,0.8784909246956113,4,4,testing/notflip/0058_000000020.jpg,training/flip/0065_000000006.jpg,notflip__0058,flip__0065,notflip,flip
same_sequence_cross_split,0.8784145531103779,1,2,testing/notflip/0019_000000024.jpg,training/notflip/0019_000000018.jpg,notflip__0019,notflip__0019,notflip,notflip
same_sequence_cross_split,0.8782646310409621,1,0,testing/notflip/0016_000000023.jpg,training/notflip/0016_000000019.jpg,notflip__0016,notflip__0016,notflip,notflip
same_sequence_cross_split,0.8781439170399659,0,2,testing/notflip/0003_000000030.jpg,training/notflip/0003_000000028.jpg,notflip__0003,notflip__0003,notflip,notflip
same_sequence_cross_split,0.87813903245856,4,4,testing/notflip/0053_000000016.jpg,training/notflip/0053_000000013.jpg,notflip__0053,notflip__0053,notflip,notflip
same_sequence_cross_split,0.8781021238398975,2,0,testing/notflip/0049_000000028.jpg,training/notflip/0049_000000024.jpg,notflip__0049,notflip__0049,notflip,notflip
same_sequence_cross_split,0.8780480797449645,3,4,testing/flip/0060_000000038.jpg,training/flip/0060_000000039.jpg,flip__0060,flip__0060,flip,flip
same_sequence_cross_split,0.8779069860643663,1,2,testing/notflip/0002_000000027.jpg,training/notflip/0002_000000019.jpg,notflip__0002,notflip__0002,notflip,notflip
same_sequence_cross_split,0.8779007871747989,3,2,testing/notflip/0011_000000027.jpg,training/notflip/0011_000000024.jpg,notflip__0011,notflip__0011,notflip,notflip
same_sequence_cross_split,0.8778916971799108,2,0,testing/notflip/0043_000000024.jpg,training/notflip/0043_000000022.jpg,notflip__0043,notflip__0043,notflip,notflip
same_sequence_cross_split,0.8778483584616521,2,0,testing/notflip/0030_000000024.jpg,training/notflip/0030_000000019.jpg,notflip__0030,notflip__0030,notflip,notflip
same_sequence_cross_split,0.877847391614881,2,0,testing/notflip/0030_000000024.jpg,training/notflip/0030_000000020.jpg,notflip__0030,notflip__0030,notflip,notflip
different_sequence_cross_split_cross_label,0.8778448985025901,4,2,testing/flip/0006_000000001.jpg,training/notflip/0007_000000028.jpg,flip__0006,notflip__0007,flip,notflip
same_sequence_cross_split,0.8778313647495648,4,0,testing/notflip/0051_000000025.jpg,training/notflip/0051_000000011.jpg,notflip__0051,notflip__0051,notflip,notflip
same_sequence_cross_split,0.8778291250408908,4,0,testing/flip/0030_000000012.jpg,training/flip/0030_000000014.jpg,flip__0030,flip__0030,flip,flip
same_sequence_cross_split,0.8778211073985297,3,4,testing/notflip/0031_000000017.jpg,training/notflip/0031_000000027.jpg,notflip__0031,notflip__0031,notflip,notflip
same_sequence_cross_split,0.8776036862372231,1,0,testing/notflip/0049_000000026.jpg,training/notflip/0049_000000023.jpg,notflip__0049,notflip__0049,notflip,notflip
same_sequence_cross_split,0.8772329682943588,1,4,testing/flip/0030_000000009.jpg,training/flip/0030_000000011.jpg,flip__0030,flip__0030,flip,flip
same_sequence_cross_split,0.8772164419605764,3,0,testing/notflip/0001_000000014.jpg,training/notflip/0001_000000008.jpg,notflip__0001,notflip__0001,notflip,notflip
same_sequence_cross_split,0.8772140986537298,3,0,testing/notflip/0001_000000014.jpg,training/notflip/0001_000000020.jpg,notflip__0001,notflip__0001,notflip,notflip
same_sequence_cross_split,0.8771749611654408,1,2,testing/notflip/0056_000000007.jpg,training/notflip/0056_000000005.jpg,notflip__0056,notflip__0056,notflip,notflip
same_sequence_cross_split,0.8771717492062392,0,0,testing/notflip/0058_000000018.jpg,training/notflip/0058_000000023.jpg,notflip__0058,notflip__0058,notflip,notflip
same_sequence_cross_split,0.8771693781433036,3,2,testing/notflip/0009_000000017.jpg,training/notflip/0009_000000022.jpg,notflip__0009,notflip__0009,notflip,notflip
different_sequence_cross_split_cross_label,0.8770909822849883,4,4,testing/notflip/0058_000000021.jpg,training/flip/0065_000000013.jpg,notflip__0058,flip__0065,notflip,flip
same_sequence_cross_split,0.8770015628428774,1,4,testing/notflip/0029_000000018.jpg,training/notflip/0029_000000023.jpg,notflip__0029,notflip__0029,notflip,notflip
same_sequence_cross_split,0.8769782517077355,2,0,testing/notflip/0036_000000028.jpg,training/notflip/0036_000000013.jpg,notflip__0036,notflip__0036,notflip,notflip
different_sequence_cross_split_cross_label,0.8769629272002517,4,2,testing/flip/0062_000000006.jpg,training/notflip/0055_000000018.jpg,flip__0062,notflip__0055,flip,notflip
same_sequence_cross_split,0.8769139860864753,2,4,testing/notflip/0055_000000012.jpg,training/notflip/0055_000000018.jpg,notflip__0055,notflip__0055,notflip,notflip
same_sequence_cross_split,0.8767622591389946,2,4,testing/notflip/0056_000000007.jpg,training/notflip/0056_000000030.jpg,notflip__0056,notflip__0056,notflip,notflip
same_sequence_cross_split,0.8766400061427339,3,0,testing/notflip/0002_000000006.jpg,training/notflip/0002_000000018.jpg,notflip__0002,notflip__0002,notflip,notflip
same_sequence_cross_split,0.8766173193563889,4,2,testing/notflip/0031_000000020.jpg,training/notflip/0031_000000012.jpg,notflip__0031,notflip__0031,notflip,notflip
same_sequence_cross_split,0.8766088628551,4,2,testing/flip/0015_000000011.jpg,training/flip/0015_000000012.jpg,flip__0015,flip__0015,flip,flip
same_sequence_cross_split,0.8765999883180677,3,4,testing/notflip/0042_000000013.jpg,training/notflip/0042_000000026.jpg,notflip__0042,notflip__0042,notflip,notflip
same_sequence_cross_split,0.8764730412305843,1,2,testing/notflip/0049_000000026.jpg,training/notflip/0049_000000016.jpg,notflip__0049,notflip__0049,notflip,notflip
same_sequence_cross_split,0.876449022486218,1,2,testing/notflip/0002_000000027.jpg,training/notflip/0002_000000020.jpg,notflip__0002,notflip__0002,notflip,notflip
same_sequence_cross_split,0.8763937652023974,0,2,testing/notflip/0019_000000024.jpg,training/notflip/0019_000000016.jpg,notflip__0019,notflip__0019,notflip,notflip
same_sequence_cross_split,0.8763808251994301,1,2,testing/notflip/0024_000000024.jpg,training/notflip/0024_000000026.jpg,notflip__0024,notflip__0024,notflip,notflip
same_sequence_cross_split,0.8763779165570187,4,4,testing/flip/0053_000000008.jpg,training/flip/0053_000000010.jpg,flip__0053,flip__0053,flip,flip
same_sequence_cross_split,0.8762796383653213,3,2,testing/notflip/0046_000000011.jpg,training/notflip/0046_000000005.jpg,notflip__0046,notflip__0046,notflip,notflip
same_sequence_cross_split,0.8762392159794566,0,4,testing/notflip/0050_000000013.jpg,training/notflip/0050_000000016.jpg,notflip__0050,notflip__0050,notflip,notflip
same_sequence_cross_split,0.8761871268174932,4,0,testing/notflip/0001_000000009.jpg,training/notflip/0001_000000013.jpg,notflip__0001,notflip__0001,notflip,notflip
same_sequence_cross_split,0.8761530775785665,2,0,testing/notflip/0002_000000008.jpg,training/notflip/0002_000000019.jpg,notflip__0002,notflip__0002,notflip,notflip
same_sequence_cross_split,0.8761291703457812,1,0,testing/notflip/0001_000000014.jpg,training/notflip/0001_000000019.jpg,notflip__0001,notflip__0001,notflip,notflip
same_sequence_cross_split,0.8759904736218513,3,2,testing/flip/0061_000000010.jpg,training/flip/0061_000000012.jpg,flip__0061,flip__0061,flip,flip
same_sequence_cross_split,0.8759603781545447,2,0,testing/notflip/0052_000000029.jpg,training/notflip/0052_000000024.jpg,notflip__0052,notflip__0052,notflip,notflip
same_sequence_cross_split,0.8759559784952654,0,0,testing/notflip/0056_000000011.jpg,training/notflip/0056_000000015.jpg,notflip__0056,notflip__0056,notflip,notflip
same_sequence_cross_split,0.8758441477345776,1,2,testing/notflip/0049_000000026.jpg,training/notflip/0049_000000020.jpg,notflip__0049,notflip__0049,notflip,notflip
same_sequence_cross_split,0.8758332755212335,1,4,testing/flip/0008_000000005.jpg,training/flip/0008_000000001.jpg,flip__0008,flip__0008,flip,flip
same_sequence_cross_split,0.8758274266126658,4,4,testing/flip/0035_000000007.jpg,training/flip/0035_000000009.jpg,flip__0035,flip__0035,flip,flip
same_sequence_cross_split,0.8757926976867924,2,2,testing/notflip/0009_000000005.jpg,training/notflip/0009_000000008.jpg,notflip__0009,notflip__0009,notflip,notflip
same_sequence_cross_split,0.8757497728021338,1,4,testing/notflip/0004_000000010.jpg,training/notflip/0004_000000011.jpg,notflip__0004,notflip__0004,notflip,notflip
same_sequence_cross_split,0.8757301104490859,3,2,testing/notflip/0005_000000018.jpg,training/notflip/0005_000000024.jpg,notflip__0005,notflip__0005,notflip,notflip
same_sequence_cross_split,0.8757111763736846,1,2,testing/notflip/0046_000000012.jpg,training/notflip/0046_000000020.jpg,notflip__0046,notflip__0046,notflip,notflip
same_sequence_cross_split,0.8756636185834856,1,0,testing/notflip/0031_000000020.jpg,training/notflip/0031_000000022.jpg,notflip__0031,notflip__0031,notflip,notflip
same_sequence_cross_split,0.875568673118283,1,0,testing/notflip/0041_000000021.jpg,training/notflip/0041_000000029.jpg,notflip__0041,notflip__0041,notflip,notflip
same_sequence_cross_split,0.8755372372463386,4,2,testing/notflip/0008_000000023.jpg,training/notflip/0008_000000029.jpg,notflip__0008,notflip__0008,notflip,notflip
different_sequence_cross_split_cross_label,0.8754646458450238,4,4,testing/notflip/0058_000000013.jpg,training/flip/0065_000000007.jpg,notflip__0058,flip__0065,notflip,flip
same_sequence_cross_split,0.8754574260948812,2,0,testing/notflip/0031_000000019.jpg,training/notflip/0031_000000023.jpg,notflip__0031,notflip__0031,notflip,notflip
same_sequence_cross_split,0.875401937609966,2,2,testing/flip/0062_000000009.jpg,training/flip/0062_000000001.jpg,flip__0062,flip__0062,flip,flip
same_sequence_cross_split,0.8752987905222812,2,0,testing/notflip/0052_000000029.jpg,training/notflip/0052_000000025.jpg,notflip__0052,notflip__0052,notflip,notflip
same_sequence_cross_split,0.8752735211240843,0,2,testing/notflip/0019_000000025.jpg,training/notflip/0019_000000013.jpg,notflip__0019,notflip__0019,notflip,notflip
same_sequence_cross_split,0.8752603139009724,3,0,testing/notflip/0002_000000006.jpg,training/notflip/0002_000000019.jpg,notflip__0002,notflip__0002,notflip,notflip
same_sequence_cross_split,0.8751982554135014,4,2,testing/notflip/0037_000000025.jpg,training/notflip/0037_000000016.jpg,notflip__0037,notflip__0037,notflip,notflip
same_sequence_cross_split,0.8751609695314515,3,0,testing/notflip/0036_000000025.jpg,training/notflip/0036_000000013.jpg,notflip__0036,notflip__0036,notflip,notflip
same_sequence_cross_split,0.8750437728824261,1,2,testing/notflip/0020_000000010.jpg,training/notflip/0020_000000015.jpg,notflip__0020,notflip__0020,notflip,notflip
same_sequence_cross_split,0.8748670063632865,1,0,testing/notflip/0029_000000017.jpg,training/notflip/0029_000000015.jpg,notflip__0029,notflip__0029,notflip,notflip
same_sequence_cross_split,0.8748669075861867,1,0,testing/notflip/0007_000000025.jpg,training/notflip/0007_000000028.jpg,notflip__0007,notflip__0007,notflip,notflip
same_sequence_cross_split,0.8748432206870288,2,4,testing/notflip/0056_000000007.jpg,training/notflip/0056_000000028.jpg,notflip__0056,notflip__0056,notflip,notflip
same_sequence_cross_split,0.874727413696354,4,4,testing/notflip/0042_000000024.jpg,training/notflip/0042_000000011.jpg,notflip__0042,notflip__0042,notflip,notflip
same_sequence_cross_split,0.8746131358317095,3,4,testing/notflip/0057_000000027.jpg,training/notflip/0057_000000021.jpg,notflip__0057,notflip__0057,notflip,notflip
same_sequence_cross_split,0.8745024588514766,0,0,testing/notflip/0056_000000011.jpg,training/notflip/0056_000000020.jpg,notflip__0056,notflip__0056,notflip,notflip
same_sequence_cross_split,0.8744888436685342,1,2,testing/notflip/0002_000000026.jpg,training/notflip/0002_000000018.jpg,notflip__0002,notflip__0002,notflip,notflip
same_sequence_cross_split,0.8744406262009681,3,2,testing/flip/0005_000000003.jpg,training/flip/0005_000000005.jpg,flip__0005,flip__0005,flip,flip
same_sequence_cross_split,0.8744140736913509,2,0,testing/notflip/0006_000000019.jpg,training/notflip/0006_000000014.jpg,notflip__0006,notflip__0006,notflip,notflip
different_sequence_cross_split_cross_label,0.8742964426426946,4,2,testing/notflip/0058_000000020.jpg,training/flip/0065_000000011.jpg,notflip__0058,flip__0065,notflip,flip
same_sequence_cross_split,0.8742938345893221,0,2,testing/notflip/0058_000000025.jpg,training/notflip/0058_000000028.jpg,notflip__0058,notflip__0058,notflip,notflip
same_sequence_cross_split,0.874241228783552,1,2,testing/flip/0040_000000007.jpg,training/flip/0040_000000009.jpg,flip__0040,flip__0040,flip,flip
same_sequence_cross_split,0.8741997982840256,2,4,testing/flip/0021_000000014.jpg,training/flip/0021_000000012.jpg,flip__0021,flip__0021,flip,flip
same_sequence_cross_split,0.8740251387701033,1,2,testing/notflip/0019_000000025.jpg,training/notflip/0019_000000022.jpg,notflip__0019,notflip__0019,notflip,notflip
same_sequence_cross_split,0.8740030047922703,4,0,testing/notflip/0026_000000004.jpg,training/notflip/0026_000000001.jpg,notflip__0026,notflip__0026,notflip,notflip
same_sequence_cross_split,0.8739888006639798,3,2,testing/notflip/0008_000000012.jpg,training/notflip/0008_000000010.jpg,notflip__0008,notflip__0008,notflip,notflip
same_sequence_cross_split,0.8739320977921641,2,4,testing/notflip/0052_000000022.jpg,training/notflip/0052_000000017.jpg,notflip__0052,notflip__0052,notflip,notflip
same_sequence_cross_split,0.873865005580842,0,0,testing/notflip/0040_000000016.jpg,training/notflip/0040_000000020.jpg,notflip__0040,notflip__0040,notflip,notflip
same_sequence_cross_split,0.8737162641232156,1,0,testing/notflip/0049_000000011.jpg,training/notflip/0049_000000013.jpg,notflip__0049,notflip__0049,notflip,notflip
same_sequence_cross_split,0.8737110482229603,4,4,testing/notflip/0033_000000019.jpg,training/notflip/0033_000000026.jpg,notflip__0033,notflip__0033,notflip,notflip
same_sequence_cross_split,0.8736405185084487,1,0,testing/flip/0018_000000003.jpg,training/flip/0018_000000005.jpg,flip__0018,flip__0018,flip,flip
same_sequence_cross_split,0.873592984987398,1,2,testing/flip/0018_000000004.jpg,training/flip/0018_000000002.jpg,flip__0018,flip__0018,flip,flip
same_sequence_cross_split,0.8733454976358206,2,0,testing/notflip/0016_000000025.jpg,training/notflip/0016_000000024.jpg,notflip__0016,notflip__0016,notflip,notflip
same_sequence_cross_split,0.8732742905146726,2,2,testing/notflip/0036_000000020.jpg,training/notflip/0036_000000013.jpg,notflip__0036,notflip__0036,notflip,notflip
same_sequence_cross_split,0.8732610178057114,1,2,testing/notflip/0049_000000026.jpg,training/notflip/0049_000000021.jpg,notflip__0049,notflip__0049,notflip,notflip
same_sequence_cross_split,0.8732589465065829,1,0,testing/notflip/0016_000000020.jpg,training/notflip/0016_000000022.jpg,notflip__0016,notflip__0016,notflip,notflip
same_sequence_cross_split,0.8732209629031602,2,4,testing/notflip/0055_000000012.jpg,training/notflip/0055_000000021.jpg,notflip__0055,notflip__0055,notflip,notflip
same_sequence_cross_split,0.873197828518412,4,4,testing/notflip/0043_000000023.jpg,training/notflip/0043_000000016.jpg,notflip__0043,notflip__0043,notflip,notflip
same_sequence_cross_split,0.8731964305854497,0,0,testing/notflip/0058_000000018.jpg,training/notflip/0058_000000022.jpg,notflip__0058,notflip__0058,notflip,notflip
different_sequence_cross_split_cross_label,0.8730665379743655,3,4,testing/notflip/0058_000000020.jpg,training/flip/0065_000000008.jpg,notflip__0058,flip__0065,notflip,flip
same_sequence_cross_split,0.8730464175219281,2,2,testing/flip/0030_000000031.jpg,training/flip/0030_000000030.jpg,flip__0030,flip__0030,flip,flip
same_sequence_cross_split,0.8729245194654208,3,2,testing/notflip/0043_000000023.jpg,training/notflip/0043_000000017.jpg,notflip__0043,notflip__0043,notflip,notflip
same_sequence_cross_split,0.8729069691167173,4,2,testing/flip/0011_000000014.jpg,training/flip/0011_000000015.jpg,flip__0011,flip__0011,flip,flip
same_sequence_cross_split,0.8727388698111618,2,2,testing/notflip/0050_000000011.jpg,training/notflip/0050_000000009.jpg,notflip__0050,notflip__0050,notflip,notflip
same_sequence_cross_split,0.8727193527622271,2,2,testing/flip/0008_000000005.jpg,training/flip/0008_000000010.jpg,flip__0008,flip__0008,flip,flip
same_sequence_cross_split,0.872697721209364,0,2,testing/notflip/0002_000000028.jpg,training/notflip/0002_000000022.jpg,notflip__0002,notflip__0002,notflip,notflip
same_sequence_cross_split,0.8726409202875209,2,2,testing/notflip/0041_000000028.jpg,training/notflip/0041_000000033.jpg,notflip__0041,notflip__0041,notflip,notflip
same_sequence_cross_split,0.8726011818045312,1,0,testing/notflip/0001_000000002.jpg,training/notflip/0001_000000012.jpg,notflip__0001,notflip__0001,notflip,notflip
same_sequence_cross_split,0.8725991355170991,1,0,testing/notflip/0001_000000004.jpg,training/notflip/0001_000000012.jpg,notflip__0001,notflip__0001,notflip,notflip
same_sequence_cross_split,0.8725007167580078,0,0,testing/notflip/0016_000000023.jpg,training/notflip/0016_000000024.jpg,notflip__0016,notflip__0016,notflip,notflip
same_sequence_cross_split,0.8724818483848831,1,0,testing/notflip/0047_000000025.jpg,training/notflip/0047_000000030.jpg,notflip__0047,notflip__0047,notflip,notflip
same_sequence_cross_split,0.8724310978524938,2,4,testing/flip/0046_000000012.jpg,training/flip/0046_000000011.jpg,flip__0046,flip__0046,flip,flip
same_sequence_cross_split,0.8722759430981951,3,4,testing/notflip/0011_000000018.jpg,training/notflip/0011_000000016.jpg,notflip__0011,notflip__0011,notflip,notflip
same_sequence_cross_split,0.8721669556763798,1,4,testing/notflip/0050_000000011.jpg,training/notflip/0050_000000008.jpg,notflip__0050,notflip__0050,notflip,notflip
same_sequence_cross_split,0.8721415660507125,3,4,testing/notflip/0006_000000028.jpg,training/notflip/0006_000000024.jpg,notflip__0006,notflip__0006,notflip,notflip
same_sequence_cross_split,0.8721151506309031,3,4,testing/notflip/0006_000000029.jpg,training/notflip/0006_000000024.jpg,notflip__0006,notflip__0006,notflip,notflip
same_sequence_cross_split,0.8718978403460337,3,2,testing/notflip/0048_000000015.jpg,training/notflip/0048_000000020.jpg,notflip__0048,notflip__0048,notflip,notflip
same_sequence_cross_split,0.8718526822715968,0,0,testing/notflip/0001_000000024.jpg,training/notflip/0001_000000023.jpg,notflip__0001,notflip__0001,notflip,notflip
same_sequence_cross_split,0.871840102684022,0,0,testing/notflip/0049_000000011.jpg,training/notflip/0049_000000021.jpg,notflip__0049,notflip__0049,notflip,notflip
different_sequence_cross_split_cross_label,0.8717677758261857,4,2,testing/flip/0058_000000004.jpg,training/notflip/0051_000000017.jpg,flip__0058,notflip__0051,flip,notflip
same_sequence_cross_split,0.8716945783711864,4,4,testing/flip/0044_000000003.jpg,training/flip/0044_000000014.jpg,flip__0044,flip__0044,flip,flip
same_sequence_cross_split,0.8716704485154089,0,2,testing/notflip/0041_000000034.jpg,training/notflip/0041_000000030.jpg,notflip__0041,notflip__0041,notflip,notflip
same_sequence_cross_split,0.8715467639915077,2,2,testing/flip/0038_000000007.jpg,training/flip/0038_000000006.jpg,flip__0038,flip__0038,flip,flip
same_sequence_cross_split,0.8714972035895714,0,2,testing/notflip/0009_000000015.jpg,training/notflip/0009_000000020.jpg,notflip__0009,notflip__0009,notflip,notflip
same_sequence_cross_split,0.8714951595033936,0,0,testing/notflip/0049_000000011.jpg,training/notflip/0049_000000020.jpg,notflip__0049,notflip__0049,notflip,notflip
same_sequence_cross_split,0.8714783342353472,3,0,testing/notflip/0009_000000027.jpg,training/notflip/0009_000000022.jpg,notflip__0009,notflip__0009,notflip,notflip
same_sequence_cross_split,0.8714677260821447,4,4,testing/notflip/0056_000000004.jpg,training/notflip/0056_000000019.jpg,notflip__0056,notflip__0056,notflip,notflip
different_sequence_cross_split_cross_label,0.8714232702034861,4,4,testing/flip/0062_000000009.jpg,training/notflip/0055_000000025.jpg,flip__0062,notflip__0055,flip,notflip
same_sequence_cross_split,0.8714150810376977,3,0,testing/notflip/0053_000000017.jpg,training/notflip/0053_000000014.jpg,notflip__0053,notflip__0053,notflip,notflip
same_sequence_cross_split,0.8713585797097689,1,0,testing/notflip/0041_000000022.jpg,training/notflip/0041_000000031.jpg,notflip__0041,notflip__0041,notflip,notflip
same_sequence_cross_split,0.8713526422030589,3,0,testing/notflip/0056_000000022.jpg,training/notflip/0056_000000014.jpg,notflip__0056,notflip__0056,notflip,notflip
same_sequence_cross_split,0.871322511951148,0,2,testing/notflip/0031_000000010.jpg,training/notflip/0031_000000009.jpg,notflip__0031,notflip__0031,notflip,notflip
same_sequence_cross_split,0.871298009671445,3,2,testing/notflip/0008_000000013.jpg,training/notflip/0008_000000011.jpg,notflip__0008,notflip__0008,notflip,notflip
different_sequence_cross_split_cross_label,0.8712577769099235,4,2,testing/flip/0062_000000006.jpg,training/notflip/0055_000000021.jpg,flip__0062,notflip__0055,flip,notflip
same_sequence_cross_split,0.8711759596861133,1,4,testing/flip/0009_000000007.jpg,training/flip/0009_000000010.jpg,flip__0009,flip__0009,flip,flip
same_sequence_cross_split,0.8711510796621506,0,2,testing/notflip/0029_000000018.jpg,training/notflip/0029_000000016.jpg,notflip__0029,notflip__0029,notflip,notflip
same_sequence_cross_split,0.871069969744059,2,4,testing/notflip/0049_000000006.jpg,training/notflip/0049_000000008.jpg,notflip__0049,notflip__0049,notflip,notflip
same_sequence_cross_split,0.8710684122824652,2,0,testing/notflip/0003_000000018.jpg,training/notflip/0003_000000022.jpg,notflip__0003,notflip__0003,notflip,notflip
same_sequence_cross_split,0.8709064421119713,3,2,testing/notflip/0023_000000029.jpg,training/notflip/0023_000000022.jpg,notflip__0023,notflip__0023,notflip,notflip
same_sequence_cross_split,0.8708592633121008,0,2,testing/notflip/0052_000000022.jpg,training/notflip/0052_000000023.jpg,notflip__0052,notflip__0052,notflip,notflip
same_sequence_cross_split,0.8708111411605494,2,2,testing/notflip/0046_000000012.jpg,training/notflip/0046_000000016.jpg,notflip__0046,notflip__0046,notflip,notflip
different_sequence_cross_split_cross_label,0.8707872142255575,3,2,testing/notflip/0045_000000030.jpg,training/flip/0053_000000003.jpg,notflip__0045,flip__0053,notflip,flip
same_sequence_cross_split,0.8707720025730808,1,0,testing/notflip/0049_000000022.jpg,training/notflip/0049_000000014.jpg,notflip__0049,notflip__0049,notflip,notflip
same_sequence_cross_split,0.8707057158576011,1,2,testing/notflip/0009_000000003.jpg,training/notflip/0009_000000001.jpg,notflip__0009,notflip__0009,notflip,notflip
same_sequence_cross_split,0.8706457565158057,2,2,testing/notflip/0024_000000006.jpg,training/notflip/0024_000000012.jpg,notflip__0024,notflip__0024,notflip,notflip
different_sequence_cross_split_cross_label,0.8706135439684123,3,4,testing/flip/0062_000000003.jpg,training/notflip/0055_000000018.jpg,flip__0062,notflip__0055,flip,notflip
same_sequence_cross_split,0.870573137659397,2,0,testing/notflip/0056_000000013.jpg,training/notflip/0056_000000021.jpg,notflip__0056,notflip__0056,notflip,notflip
same_sequence_cross_split,0.8704891909734065,3,4,testing/notflip/0055_000000013.jpg,training/notflip/0055_000000020.jpg,notflip__0055,notflip__0055,notflip,notflip
same_sequence_cross_split,0.8704287653300741,2,0,testing/notflip/0037_000000019.jpg,training/notflip/0037_000000013.jpg,notflip__0037,notflip__0037,notflip,notflip
same_sequence_cross_split,0.8703800609477662,4,4,testing/flip/0058_000000004.jpg,training/flip/0058_000000009.jpg,flip__0058,flip__0058,flip,flip
same_sequence_cross_split,0.8703477213910711,3,2,testing/flip/0030_000000012.jpg,training/flip/0030_000000010.jpg,flip__0030,flip__0030,flip,flip
same_sequence_cross_split,0.8703155360769249,3,0,testing/notflip/0036_000000030.jpg,training/notflip/0036_000000013.jpg,notflip__0036,notflip__0036,notflip,notflip
same_sequence_cross_split,0.8702238435231681,0,2,testing/notflip/0019_000000025.jpg,training/notflip/0019_000000010.jpg,notflip__0019,notflip__0019,notflip,notflip
same_sequence_cross_split,0.8701280862863103,3,4,testing/notflip/0020_000000004.jpg,training/notflip/0020_000000012.jpg,notflip__0020,notflip__0020,notflip,notflip
same_sequence_cross_split,0.870026862121547,2,2,testing/notflip/0042_000000027.jpg,training/notflip/0042_000000023.jpg,notflip__0042,notflip__0042,notflip,notflip
different_sequence_cross_split_cross_label,0.8699498129230836,2,2,testing/notflip/0042_000000030.jpg,training/flip/0050_000000017.jpg,notflip__0042,flip__0050,notflip,flip
same_sequence_cross_split,0.8698734994896521,4,4,testing/notflip/0046_000000028.jpg,training/notflip/0046_000000019.jpg,notflip__0046,notflip__0046,notflip,notflip
same_sequence_cross_split,0.8698674728544995,0,2,testing/notflip/0024_000000024.jpg,training/notflip/0024_000000001.jpg,notflip__0024,notflip__0024,notflip,notflip
same_sequence_cross_split,0.869822744177844,4,4,testing/flip/0010_000000021.jpg,training/flip/0010_000000022.jpg,flip__0010,flip__0010,flip,flip
same_sequence_cross_split,0.8698143699972346,2,4,testing/notflip/0008_000000009.jpg,training/notflip/0008_000000011.jpg,notflip__0008,notflip__0008,notflip,notflip
same_sequence_cross_split,0.8697463130172118,0,4,testing/notflip/0039_000000026.jpg,training/notflip/0039_000000023.jpg,notflip__0039,notflip__0039,notflip,notflip
same_sequence_cross_split,0.8697413454607731,2,2,testing/notflip/0002_000000015.jpg,training/notflip/0002_000000025.jpg,notflip__0002,notflip__0002,notflip,notflip
same_sequence_cross_split,0.8697313095982093,3,4,testing/notflip/0054_000000010.jpg,training/notflip/0054_000000011.jpg,notflip__0054,notflip__0054,notflip,notflip
same_sequence_cross_split,0.8696871585366918,2,2,testing/notflip/0049_000000012.jpg,training/notflip/0049_000000008.jpg,notflip__0049,notflip__0049,notflip,notflip
same_sequence_cross_split,0.869479678447079,2,0,testing/flip/0038_000000010.jpg,training/flip/0038_000000011.jpg,flip__0038,flip__0038,flip,flip
same_sequence_cross_split,0.869458502793706,2,2,testing/notflip/0038_000000005.jpg,training/notflip/0038_000000003.jpg,notflip__0038,notflip__0038,notflip,notflip
same_sequence_cross_split,0.86938295627024,1,2,testing/notflip/0038_000000023.jpg,training/notflip/0038_000000019.jpg,notflip__0038,notflip__0038,notflip,notflip
same_sequence_cross_split,0.8693460149577784,3,2,testing/notflip/0042_000000027.jpg,training/notflip/0042_000000022.jpg,notflip__0042,notflip__0042,notflip,notflip
same_sequence_cross_split,0.8692718619520979,4,2,testing/notflip/0037_000000019.jpg,training/notflip/0037_000000026.jpg,notflip__0037,notflip__0037,notflip,notflip
same_sequence_cross_split,0.869267142184556,4,4,testing/notflip/0042_000000027.jpg,training/notflip/0042_000000017.jpg,notflip__0042,notflip__0042,notflip,notflip
same_sequence_cross_split,0.869244952929106,3,4,testing/flip/0016_000000006.jpg,training/flip/0016_000000003.jpg,flip__0016,flip__0016,flip,flip
same_sequence_cross_split,0.8692414257899785,2,4,testing/notflip/0019_000000027.jpg,training/notflip/0019_000000008.jpg,notflip__0019,notflip__0019,notflip,notflip
same_sequence_cross_split,0.8692125907440877,2,2,testing/flip/0022_000000010.jpg,training/flip/0022_000000011.jpg,flip__0022,flip__0022,flip,flip
same_sequence_cross_split,0.8691978657475904,1,4,testing/notflip/0009_000000012.jpg,training/notflip/0009_000000016.jpg,notflip__0009,notflip__0009,notflip,notflip
same_sequence_cross_split,0.8690814024814345,3,2,testing/notflip/0046_000000003.jpg,training/notflip/0046_000000013.jpg,notflip__0046,notflip__0046,notflip,notflip
same_sequence_cross_split,0.8690605067639045,4,4,testing/notflip/0009_000000017.jpg,training/notflip/0009_000000024.jpg,notflip__0009,notflip__0009,notflip,notflip
same_sequence_cross_split,0.8690349760994234,0,4,testing/notflip/0029_000000019.jpg,training/notflip/0029_000000026.jpg,notflip__0029,notflip__0029,notflip,notflip
same_sequence_cross_split,0.8689268402470856,3,2,testing/notflip/0037_000000014.jpg,training/notflip/0037_000000023.jpg,notflip__0037,notflip__0037,notflip,notflip
same_sequence_cross_split,0.8688504025461191,2,4,testing/notflip/0010_000000007.jpg,training/notflip/0010_000000010.jpg,notflip__0010,notflip__0010,notflip,notflip
same_sequence_cross_split,0.8688375625566428,0,0,testing/notflip/0040_000000016.jpg,training/notflip/0040_000000019.jpg,notflip__0040,notflip__0040,notflip,notflip
same_sequence_cross_split,0.8688358462392621,3,4,testing/flip/0011_000000014.jpg,training/flip/0011_000000013.jpg,flip__0011,flip__0011,flip,flip
different_sequence_cross_split_cross_label,0.8687959614983005,3,4,testing/notflip/0058_000000025.jpg,training/flip/0065_000000004.jpg,notflip__0058,flip__0065,notflip,flip
same_sequence_cross_split,0.8687270315633432,1,2,testing/notflip/0020_000000016.jpg,training/notflip/0020_000000011.jpg,notflip__0020,notflip__0020,notflip,notflip
same_sequence_cross_split,0.8687203385371411,4,4,testing/notflip/0056_000000004.jpg,training/notflip/0056_000000020.jpg,notflip__0056,notflip__0056,notflip,notflip
different_sequence_cross_split_cross_label,0.8686639078637816,4,2,testing/flip/0062_000000006.jpg,training/notflip/0055_000000019.jpg,flip__0062,notflip__0055,flip,notflip
same_sequence_cross_split,0.8686002654272222,2,0,testing/notflip/0007_000000025.jpg,training/notflip/0007_000000027.jpg,notflip__0007,notflip__0007,notflip,notflip
same_sequence_cross_split,0.868577811052571,2,2,testing/notflip/0049_000000022.jpg,training/notflip/0049_000000030.jpg,notflip__0049,notflip__0049,notflip,notflip
same_sequence_cross_split,0.868558399789556,3,2,testing/flip/0031_000000018.jpg,training/flip/0031_000000017.jpg,flip__0031,flip__0031,flip,flip
same_sequence_cross_split,0.8685090567698971,3,2,testing/notflip/0052_000000014.jpg,training/notflip/0052_000000012.jpg,notflip__0052,notflip__0052,notflip,notflip
same_sequence_cross_split,0.8684605290398533,0,2,testing/notflip/0019_000000027.jpg,training/notflip/0019_000000016.jpg,notflip__0019,notflip__0019,notflip,notflip
same_sequence_cross_split,0.8684529752543272,1,2,testing/notflip/0019_000000012.jpg,training/notflip/0019_000000006.jpg,notflip__0019,notflip__0019,notflip,notflip
same_sequence_cross_split,0.8684283580031682,3,0,testing/notflip/0009_000000027.jpg,training/notflip/0009_000000023.jpg,notflip__0009,notflip__0009,notflip,notflip
same_sequence_cross_split,0.8682963473677925,1,2,testing/notflip/0019_000000024.jpg,training/notflip/0019_000000020.jpg,notflip__0019,notflip__0019,notflip,notflip
different_sequence_cross_split_cross_label,0.8681511734665655,4,4,testing/notflip/0058_000000018.jpg,training/flip/0065_000000006.jpg,notflip__0058,flip__0065,notflip,flip
same_sequence_cross_split,0.8681173080692404,4,4,testing/flip/0016_000000006.jpg,training/flip/0016_000000009.jpg,flip__0016,flip__0016,flip,flip
same_sequence_cross_split,0.868096010204351,3,2,testing/notflip/0042_000000021.jpg,training/notflip/0042_000000012.jpg,notflip__0042,notflip__0042,notflip,notflip
same_sequence_cross_split,0.8680790481507055,2,0,testing/notflip/0003_000000018.jpg,training/notflip/0003_000000024.jpg,notflip__0003,notflip__0003,notflip,notflip
same_sequence_cross_split,0.8680748455423225,2,0,testing/notflip/0042_000000013.jpg,training/notflip/0042_000000016.jpg,notflip__0042,notflip__0042,notflip,notflip
same_sequence_cross_split,0.868013716557109,4,2,testing/notflip/0008_000000023.jpg,training/notflip/0008_000000030.jpg,notflip__0008,notflip__0008,notflip,notflip
same_sequence_cross_split,0.8679081884946896,2,4,testing/notflip/0019_000000024.jpg,training/notflip/0019_000000008.jpg,notflip__0019,notflip__0019,notflip,notflip
same_sequence_cross_split,0.8678472697770304,4,2,testing/notflip/0042_000000030.jpg,training/notflip/0042_000000022.jpg,notflip__0042,notflip__0042,notflip,notflip
different_sequence_cross_split_cross_label,0.867788694402264,4,2,testing/notflip/0058_000000018.jpg,training/flip/0065_000000011.jpg,notflip__0058,flip__0065,notflip,flip
same_sequence_cross_split,0.8677748622306177,1,2,testing/notflip/0005_000000022.jpg,training/notflip/0005_000000019.jpg,notflip__0005,notflip__0005,notflip,notflip
same_sequence_cross_split,0.8677677761036305,0,4,testing/notflip/0045_000000005.jpg,training/notflip/0045_000000006.jpg,notflip__0045,notflip__0045,notflip,notflip
same_sequence_cross_split,0.8677140098075914,2,0,testing/notflip/0001_000000014.jpg,training/notflip/0001_000000018.jpg,notflip__0001,notflip__0001,notflip,notflip
same_sequence_cross_split,0.8676904852964177,1,2,testing/notflip/0019_000000025.jpg,training/notflip/0019_000000018.jpg,notflip__0019,notflip__0019,notflip,notflip
same_sequence_cross_split,0.867681336411316,4,0,testing/notflip/0041_000000036.jpg,training/notflip/0041_000000018.jpg,notflip__0041,notflip__0041,notflip,notflip
same_sequence_cross_split,0.8675445797262203,3,0,testing/notflip/0042_000000013.jpg,training/notflip/0042_000000017.jpg,notflip__0042,notflip__0042,notflip,notflip
same_sequence_cross_split,0.8674856616418476,1,2,testing/notflip/0053_000000017.jpg,training/notflip/0053_000000023.jpg,notflip__0053,notflip__0053,notflip,notflip
same_sequence_cross_split,0.8674798258019739,1,2,testing/notflip/0019_000000027.jpg,training/notflip/0019_000000009.jpg,notflip__0019,notflip__0019,notflip,notflip
same_sequence_cross_split,0.8674037118002474,0,2,testing/notflip/0019_000000025.jpg,training/notflip/0019_000000016.jpg,notflip__0019,notflip__0019,notflip,notflip
different_sequence_cross_split_cross_label,0.8673808615757963,4,4,testing/notflip/0058_000000025.jpg,training/flip/0065_000000006.jpg,notflip__0058,flip__0065,notflip,flip
same_sequence_cross_split,0.8673615957620707,3,4,testing/notflip/0033_000000019.jpg,training/notflip/0033_000000029.jpg,notflip__0033,notflip__0033,notflip,notflip
same_sequence_cross_split,0.8672180575192824,1,2,testing/notflip/0030_000000028.jpg,training/notflip/0030_000000015.jpg,notflip__0030,notflip__0030,notflip,notflip
same_sequence_cross_split,0.8672078580479751,2,2,testing/notflip/0030_000000028.jpg,training/notflip/0030_000000014.jpg,notflip__0030,notflip__0030,notflip,notflip
different_sequence_cross_split_cross_label,0.8671087520738752,4,4,testing/notflip/0058_000000013.jpg,training/flip/0065_000000008.jpg,notflip__0058,flip__0065,notflip,flip
same_sequence_cross_split,0.8670286889174931,2,2,testing/notflip/0031_000000017.jpg,training/notflip/0031_000000011.jpg,notflip__0031,notflip__0031,notflip,notflip
same_sequence_cross_split,0.866987220713239,3,2,testing/flip/0046_000000023.jpg,training/flip/0046_000000024.jpg,flip__0046,flip__0046,flip,flip
same_sequence_cross_split,0.866941897678118,2,2,testing/notflip/0003_000000025.jpg,training/notflip/0003_000000020.jpg,notflip__0003,notflip__0003,notflip,notflip
different_sequence_cross_split_cross_label,0.8668147680247209,4,4,testing/flip/0058_000000006.jpg,training/notflip/0051_000000005.jpg,flip__0058,notflip__0051,flip,notflip
same_sequence_cross_split,0.8667205208467862,2,0,testing/notflip/0006_000000016.jpg,training/notflip/0006_000000012.jpg,notflip__0006,notflip__0006,notflip,notflip
same_sequence_cross_split,0.8666990072836136,1,0,testing/notflip/0040_000000016.jpg,training/notflip/0040_000000021.jpg,notflip__0040,notflip__0040,notflip,notflip
same_sequence_cross_split,0.8665905554181966,3,0,testing/notflip/0037_000000015.jpg,training/notflip/0037_000000011.jpg,notflip__0037,notflip__0037,notflip,notflip
same_sequence_cross_split,0.8665287730056952,2,2,testing/notflip/0007_000000025.jpg,training/notflip/0007_000000030.jpg,notflip__0007,notflip__0007,notflip,notflip
same_sequence_cross_split,0.8665075675301119,0,0,testing/notflip/0056_000000024.jpg,training/notflip/0056_000000020.jpg,notflip__0056,notflip__0056,notflip,notflip
same_sequence_cross_split,0.8664987880242493,3,2,testing/notflip/0026_000000005.jpg,training/notflip/0026_000000003.jpg,notflip__0026,notflip__0026,notflip,notflip
same_sequence_cross_split,0.8663736243364232,3,2,testing/notflip/0046_000000012.jpg,training/notflip/0046_000000021.jpg,notflip__0046,notflip__0046,notflip,notflip
same_sequence_cross_split,0.8663701716458322,1,2,testing/notflip/0046_000000011.jpg,training/notflip/0046_000000020.jpg,notflip__0046,notflip__0046,notflip,notflip
same_sequence_cross_split,0.866326884161993,1,0,testing/notflip/0056_000000024.jpg,training/notflip/0056_000000018.jpg,notflip__0056,notflip__0056,notflip,notflip
same_sequence_cross_split,0.8661519065211187,1,0,testing/notflip/0049_000000011.jpg,training/notflip/0049_000000017.jpg,notflip__0049,notflip__0049,notflip,notflip
different_sequence_cross_split_cross_label,0.8660715126227797,4,2,testing/flip/0065_000000005.jpg,training/notflip/0058_000000028.jpg,flip__0065,notflip__0058,flip,notflip
same_sequence_cross_split,0.8660077283203413,0,2,testing/notflip/0007_000000010.jpg,training/notflip/0007_000000007.jpg,notflip__0007,notflip__0007,notflip,notflip
same_sequence_cross_split,0.8659763197232057,3,2,testing/notflip/0037_000000028.jpg,training/notflip/0037_000000020.jpg,notflip__0037,notflip__0037,notflip,notflip
same_sequence_cross_split,0.8659642831613383,3,0,testing/flip/0058_000000003.jpg,training/flip/0058_000000005.jpg,flip__0058,flip__0058,flip,flip
same_sequence_cross_split,0.8658293007261549,2,2,testing/flip/0008_000000005.jpg,training/flip/0008_000000002.jpg,flip__0008,flip__0008,flip,flip
same_sequence_cross_split,0.8658112037826954,2,4,testing/flip/0020_000000010.jpg,training/flip/0020_000000008.jpg,flip__0020,flip__0020,flip,flip
same_sequence_cross_split,0.8658083522274711,1,2,testing/flip/0033_000000021.jpg,training/flip/0033_000000022.jpg,flip__0033,flip__0033,flip,flip
different_sequence_cross_split_cross_label,0.8657920708699438,3,2,testing/flip/0060_000000008.jpg,training/notflip/0053_000000013.jpg,flip__0060,notflip__0053,flip,notflip
different_sequence_cross_split_cross_label,0.8657645388962895,3,4,testing/notflip/0058_000000018.jpg,training/flip/0065_000000008.jpg,notflip__0058,flip__0065,notflip,flip
same_sequence_cross_split,0.8657562812611909,3,4,testing/notflip/0046_000000003.jpg,training/notflip/0046_000000008.jpg,notflip__0046,notflip__0046,notflip,notflip
same_sequence_cross_split,0.8657468313290909,0,0,testing/notflip/0049_000000011.jpg,training/notflip/0049_000000016.jpg,notflip__0049,notflip__0049,notflip,notflip
same_sequence_cross_split,0.8655741624750414,0,2,testing/notflip/0029_000000019.jpg,training/notflip/0029_000000016.jpg,notflip__0029,notflip__0029,notflip,notflip
same_sequence_cross_split,0.8654756975051774,4,2,testing/notflip/0038_000000008.jpg,training/notflip/0038_000000007.jpg,notflip__0038,notflip__0038,notflip,notflip
same_sequence_cross_split,0.8654246861482571,1,2,testing/notflip/0041_000000034.jpg,training/notflip/0041_000000029.jpg,notflip__0041,notflip__0041,notflip,notflip
same_sequence_cross_split,0.8653895074069966,1,2,testing/notflip/0005_000000018.jpg,training/notflip/0005_000000021.jpg,notflip__0005,notflip__0005,notflip,notflip
same_sequence_cross_split,0.8653113151392081,0,0,testing/notflip/0056_000000011.jpg,training/notflip/0056_000000019.jpg,notflip__0056,notflip__0056,notflip,notflip
same_sequence_cross_split,0.865283871926143,2,2,testing/flip/0065_000000001.jpg,training/flip/0065_000000004.jpg,flip__0065,flip__0065,flip,flip
same_sequence_cross_split,0.865277025757012,2,0,testing/notflip/0057_000000027.jpg,training/notflip/0057_000000017.jpg,notflip__0057,notflip__0057,notflip,notflip
same_sequence_cross_split,0.8652141951645516,0,0,testing/notflip/0043_000000026.jpg,training/notflip/0043_000000030.jpg,notflip__0043,notflip__0043,notflip,notflip
different_sequence_cross_split_cross_label,0.8651791479299491,3,4,testing/flip/0058_000000006.jpg,training/notflip/0051_000000006.jpg,flip__0058,notflip__0051,flip,notflip
same_sequence_cross_split,0.865172892644495,4,2,testing/notflip/0002_000000006.jpg,training/notflip/0002_000000023.jpg,notflip__0002,notflip__0002,notflip,notflip
same_sequence_cross_split,0.865102730693364,1,2,testing/notflip/0002_000000026.jpg,training/notflip/0002_000000030.jpg,notflip__0002,notflip__0002,notflip,notflip
same_sequence_cross_split,0.865102576614762,0,4,testing/flip/0012_000000025.jpg,training/flip/0012_000000026.jpg,flip__0012,flip__0012,flip,flip
same_sequence_cross_split,0.8650832427765783,0,2,testing/notflip/0002_000000027.jpg,training/notflip/0002_000000021.jpg,notflip__0002,notflip__0002,notflip,notflip
same_sequence_cross_split,0.8650754619734957,2,4,testing/notflip/0055_000000012.jpg,training/notflip/0055_000000019.jpg,notflip__0055,notflip__0055,notflip,notflip
different_sequence_cross_split_cross_label,0.8649423795673324,4,4,testing/flip/0065_000000005.jpg,training/notflip/0058_000000022.jpg,flip__0065,notflip__0058,flip,notflip
same_sequence_cross_split,0.8648919283314616,2,0,testing/notflip/0052_000000014.jpg,training/notflip/0052_000000015.jpg,notflip__0052,notflip__0052,notflip,notflip
same_sequence_cross_split,0.8647476690857097,0,0,testing/notflip/0049_000000011.jpg,training/notflip/0049_000000015.jpg,notflip__0049,notflip__0049,notflip,notflip
same_sequence_cross_split,0.8647232128332604,0,0,testing/notflip/0056_000000027.jpg,training/notflip/0056_000000015.jpg,notflip__0056,notflip__0056,notflip,notflip
same_sequence_cross_split,0.8645165652368056,4,4,testing/notflip/0035_000000026.jpg,training/notflip/0035_000000017.jpg,notflip__0035,notflip__0035,notflip,notflip
same_sequence_cross_split,0.8643687527546543,0,0,testing/notflip/0041_000000003.jpg,training/notflip/0041_000000007.jpg,notflip__0041,notflip__0041,notflip,notflip
same_sequence_cross_split,0.8643664786111592,0,0,testing/notflip/0041_000000001.jpg,training/notflip/0041_000000007.jpg,notflip__0041,notflip__0041,notflip,notflip
same_sequence_cross_split,0.8642754264830991,1,2,testing/notflip/0005_000000022.jpg,training/notflip/0005_000000025.jpg,notflip__0005,notflip__0005,notflip,notflip
same_sequence_cross_split,0.8642492910023661,1,0,testing/notflip/0043_000000023.jpg,training/notflip/0043_000000030.jpg,notflip__0043,notflip__0043,notflip,notflip
same_sequence_cross_split,0.8641699275054076,0,0,testing/notflip/0056_000000027.jpg,training/notflip/0056_000000019.jpg,notflip__0056,notflip__0056,notflip,notflip
same_sequence_cross_split,0.8641681187819994,1,2,testing/flip/0014_000000009.jpg,training/flip/0014_000000011.jpg,flip__0014,flip__0014,flip,flip
different_sequence_cross_split_cross_label,0.8641637349190524,4,4,testing/flip/0065_000000005.jpg,training/notflip/0058_000000023.jpg,flip__0065,notflip__0058,flip,notflip
same_sequence_cross_split,0.864093799893306,3,0,testing/notflip/0040_000000017.jpg,training/notflip/0040_000000026.jpg,notflip__0040,notflip__0040,notflip,notflip
same_sequence_cross_split,0.8640821753072675,2,2,testing/notflip/0023_000000029.jpg,training/notflip/0023_000000021.jpg,notflip__0023,notflip__0023,notflip,notflip
same_sequence_cross_split,0.8639827313601459,4,2,testing/flip/0010_000000008.jpg,training/flip/0010_000000007.jpg,flip__0010,flip__0010,flip,flip
same_sequence_cross_split,0.8639739734437282,1,2,testing/notflip/0046_000000027.jpg,training/notflip/0046_000000023.jpg,notflip__0046,notflip__0046,notflip,notflip
same_sequence_cross_split,0.8639214545378958,4,4,testing/flip/0016_000000006.jpg,training/flip/0016_000000002.jpg,flip__0016,flip__0016,flip,flip
same_sequence_cross_split,0.8638906162053955,1,0,testing/notflip/0001_000000014.jpg,training/notflip/0001_000000010.jpg,notflip__0001,notflip__0001,notflip,notflip
same_sequence_cross_split,0.8638708637845065,2,4,testing/flip/0013_000000008.jpg,training/flip/0013_000000007.jpg,flip__0013,flip__0013,flip,flip
same_sequence_cross_split,0.8638690862333275,2,2,testing/flip/0060_000000044.jpg,training/flip/0060_000000045.jpg,flip__0060,flip__0060,flip,flip
same_sequence_cross_split,0.863857543214354,3,2,testing/notflip/0036_000000030.jpg,training/notflip/0036_000000018.jpg,notflip__0036,notflip__0036,notflip,notflip
same_sequence_cross_split,0.8638416126479818,3,2,testing/notflip/0025_000000025.jpg,training/notflip/0025_000000015.jpg,notflip__0025,notflip__0025,notflip,notflip
same_sequence_cross_split,0.8637907587701494,4,4,testing/notflip/0008_000000013.jpg,training/notflip/0008_000000010.jpg,notflip__0008,notflip__0008,notflip,notflip
different_sequence_cross_split_cross_label,0.8637406591157926,3,4,testing/flip/0062_000000003.jpg,training/notflip/0055_000000021.jpg,flip__0062,notflip__0055,flip,notflip
same_sequence_cross_split,0.8637137863509121,2,4,testing/flip/0047_000000026.jpg,training/flip/0047_000000027.jpg,flip__0047,flip__0047,flip,flip
same_sequence_cross_split,0.8635736698839908,4,4,testing/notflip/0005_000000018.jpg,training/notflip/0005_000000016.jpg,notflip__0005,notflip__0005,notflip,notflip
different_sequence_cross_split_cross_label,0.8635729521793576,4,4,testing/flip/0062_000000003.jpg,training/notflip/0055_000000017.jpg,flip__0062,notflip__0055,flip,notflip
same_sequence_cross_split,0.8635470880809012,4,2,testing/notflip/0005_000000009.jpg,training/notflip/0005_000000007.jpg,notflip__0005,notflip__0005,notflip,notflip
same_sequence_cross_split,0.8635357762978929,3,2,testing/flip/0058_000000006.jpg,training/flip/0058_000000009.jpg,flip__0058,flip__0058,flip,flip
same_sequence_cross_split,0.8635032415871121,0,0,testing/notflip/0058_000000025.jpg,training/notflip/0058_000000016.jpg,notflip__0058,notflip__0058,notflip,notflip
same_sequence_cross_split,0.8634587208163785,4,2,testing/notflip/0046_000000027.jpg,training/notflip/0046_000000018.jpg,notflip__0046,notflip__0046,notflip,notflip
same_sequence_cross_split,0.8634550498449407,4,2,testing/notflip/0002_000000006.jpg,training/notflip/0002_000000024.jpg,notflip__0002,notflip__0002,notflip,notflip
same_sequence_cross_split,0.8634543851339109,2,0,testing/notflip/0008_000000008.jpg,training/notflip/0008_000000005.jpg,notflip__0008,notflip__0008,notflip,notflip
same_sequence_cross_split,0.8633927277885883,3,2,testing/notflip/0046_000000011.jpg,training/notflip/0046_000000021.jpg,notflip__0046,notflip__0046,notflip,notflip
different_sequence_cross_split_cross_label,0.8633697143039105,4,4,testing/notflip/0058_000000020.jpg,training/flip/0065_000000010.jpg,notflip__0058,flip__0065,notflip,flip
same_sequence_cross_split,0.8633540532210703,3,2,testing/notflip/0045_000000026.jpg,training/notflip/0045_000000015.jpg,notflip__0045,notflip__0045,notflip,notflip
same_sequence_cross_split,0.8633378498967237,0,4,testing/notflip/0029_000000018.jpg,training/notflip/0029_000000026.jpg,notflip__0029,notflip__0029,notflip,notflip
same_sequence_cross_split,0.863330249173195,1,2,testing/notflip/0049_000000012.jpg,training/notflip/0049_000000009.jpg,notflip__0049,notflip__0049,notflip,notflip
same_sequence_cross_split,0.8633260051428197,2,0,testing/notflip/0002_000000003.jpg,training/notflip/0002_000000018.jpg,notflip__0002,notflip__0002,notflip,notflip
same_sequence_cross_split,0.8633168699649114,2,2,testing/notflip/0023_000000020.jpg,training/notflip/0023_000000027.jpg,notflip__0023,notflip__0023,notflip,notflip
same_sequence_cross_split,0.8632820761257927,3,0,testing/notflip/0036_000000030.jpg,training/notflip/0036_000000016.jpg,notflip__0036,notflip__0036,notflip,notflip
different_sequence_cross_split_cross_label,0.8630429975760333,4,4,testing/notflip/0058_000000021.jpg,training/flip/0065_000000010.jpg,notflip__0058,flip__0065,notflip,flip
same_sequence_cross_split,0.8629575385298915,2,4,testing/notflip/0042_000000024.jpg,training/notflip/0042_000000014.jpg,notflip__0042,notflip__0042,notflip,notflip
different_sequence_cross_split_cross_label,0.8629259017401989,3,4,testing/flip/0062_000000003.jpg,training/notflip/0055_000000019.jpg,flip__0062,notflip__0055,flip,notflip
same_sequence_cross_split,0.8629022391971857,2,2,testing/flip/0028_000000024.jpg,training/flip/0028_000000025.jpg,flip__0028,flip__0028,flip,flip
same_sequence_cross_split,0.8627325606868669,3,4,testing/notflip/0031_000000020.jpg,training/notflip/0031_000000027.jpg,notflip__0031,notflip__0031,notflip,notflip
same_sequence_cross_split,0.8626124580758603,4,4,testing/flip/0021_000000015.jpg,training/flip/0021_000000013.jpg,flip__0021,flip__0021,flip,flip
same_sequence_cross_split,0.8625631441454366,2,0,testing/notflip/0056_000000013.jpg,training/notflip/0056_000000020.jpg,notflip__0056,notflip__0056,notflip,notflip
same_sequence_cross_split,0.8624763136878068,0,0,testing/notflip/0019_000000025.jpg,training/notflip/0019_000000029.jpg,notflip__0019,notflip__0019,notflip,notflip
same_sequence_cross_split,0.862205648123157,1,4,testing/flip/0040_000000007.jpg,training/flip/0040_000000010.jpg,flip__0040,flip__0040,flip,flip
same_sequence_cross_split,0.8619657719555103,2,2,testing/notflip/0006_000000027.jpg,training/notflip/0006_000000024.jpg,notflip__0006,notflip__0006,notflip,notflip
different_sequence_cross_split_cross_label,0.8619523752947146,4,2,testing/flip/0065_000000005.jpg,training/notflip/0058_000000029.jpg,flip__0065,notflip__0058,flip,notflip
same_sequence_cross_split,0.8618942524783249,4,2,testing/notflip/0037_000000018.jpg,training/notflip/0037_000000026.jpg,notflip__0037,notflip__0037,notflip,notflip
same_sequence_cross_split,0.861840627496112,4,4,testing/notflip/0046_000000011.jpg,training/notflip/0046_000000030.jpg,notflip__0046,notflip__0046,notflip,notflip
different_sequence_cross_split_cross_label,0.8617831239269516,4,2,testing/flip/0006_000000001.jpg,training/notflip/0007_000000029.jpg,flip__0006,notflip__0007,flip,notflip
same_sequence_cross_split,0.8617312675042095,2,0,testing/notflip/0051_000000025.jpg,training/notflip/0051_000000028.jpg,notflip__0051,notflip__0051,notflip,notflip
same_sequence_cross_split,0.8616915027948171,0,0,testing/notflip/0049_000000011.jpg,training/notflip/0049_000000019.jpg,notflip__0049,notflip__0049,notflip,notflip
same_sequence_cross_split,0.8616766889720032,3,2,testing/notflip/0024_000000022.jpg,training/notflip/0024_000000018.jpg,notflip__0024,notflip__0024,notflip,notflip
same_sequence_cross_split,0.8615898744122326,2,2,testing/notflip/0034_000000025.jpg,training/notflip/0034_000000020.jpg,notflip__0034,notflip__0034,notflip,notflip
same_sequence_cross_split,0.8614043766326924,2,2,testing/notflip/0026_000000005.jpg,training/notflip/0026_000000007.jpg,notflip__0026,notflip__0026,notflip,notflip
same_sequence_cross_split,0.8613607954471801,2,0,testing/notflip/0051_000000025.jpg,training/notflip/0051_000000004.jpg,notflip__0051,notflip__0051,notflip,notflip
different_sequence_cross_split_cross_label,0.861331102049865,4,4,testing/flip/0058_000000006.jpg,training/notflip/0051_000000014.jpg,flip__0058,notflip__0051,flip,notflip
different_sequence_cross_split_cross_label,0.861297175947054,4,4,testing/notflip/0058_000000018.jpg,training/flip/0065_000000013.jpg,notflip__0058,flip__0065,notflip,flip
different_sequence_cross_split_cross_label,0.8612593219603075,3,4,testing/notflip/0058_000000021.jpg,training/flip/0065_000000008.jpg,notflip__0058,flip__0065,notflip,flip
same_sequence_cross_split,0.8612441492273417,1,2,testing/notflip/0019_000000024.jpg,training/notflip/0019_000000009.jpg,notflip__0019,notflip__0019,notflip,notflip
same_sequence_cross_split,0.8612367507990846,4,4,testing/notflip/0056_000000004.jpg,training/notflip/0056_000000021.jpg,notflip__0056,notflip__0056,notflip,notflip
same_sequence_cross_split,0.8612178377156625,3,4,testing/flip/0021_000000015.jpg,training/flip/0021_000000012.jpg,flip__0021,flip__0021,flip,flip
same_sequence_cross_split,0.8610985527918814,0,4,testing/notflip/0019_000000024.jpg,training/notflip/0019_000000014.jpg,notflip__0019,notflip__0019,notflip,notflip
same_sequence_cross_split,0.8610866908253453,1,0,testing/notflip/0006_000000009.jpg,training/notflip/0006_000000013.jpg,notflip__0006,notflip__0006,notflip,notflip
same_sequence_cross_split,0.8610598442830183,0,0,testing/notflip/0019_000000024.jpg,training/notflip/0019_000000029.jpg,notflip__0019,notflip__0019,notflip,notflip
same_sequence_cross_split,0.8610407902997693,0,2,testing/notflip/0005_000000005.jpg,training/notflip/0005_000000004.jpg,notflip__0005,notflip__0005,notflip,notflip
same_sequence_cross_split,0.8610293589782247,1,0,testing/notflip/0001_000000014.jpg,training/notflip/0001_000000017.jpg,notflip__0001,notflip__0001,notflip,notflip
same_sequence_cross_split,0.861026459707628,3,2,testing/notflip/0046_000000003.jpg,training/notflip/0046_000000001.jpg,notflip__0046,notflip__0046,notflip,notflip
same_sequence_cross_split,0.8610197750490339,1,0,testing/notflip/0019_000000012.jpg,training/notflip/0019_000000022.jpg,notflip__0019,notflip__0019,notflip,notflip
same_sequence_cross_split,0.8609734442732115,2,4,testing/notflip/0020_000000010.jpg,training/notflip/0020_000000021.jpg,notflip__0020,notflip__0020,notflip,notflip
same_sequence_cross_split,0.8609479995642549,2,2,testing/flip/0030_000000009.jpg,training/flip/0030_000000007.jpg,flip__0030,flip__0030,flip,flip
same_sequence_cross_split,0.8609356642480815,2,2,testing/flip/0030_000000019.jpg,training/flip/0030_000000017.jpg,flip__0030,flip__0030,flip,flip
same_sequence_cross_split,0.8608719564260716,1,4,testing/notflip/0015_000000004.jpg,training/notflip/0015_000000006.jpg,notflip__0015,notflip__0015,notflip,notflip
same_sequence_cross_split,0.8607394757330784,1,2,testing/notflip/0049_000000026.jpg,training/notflip/0049_000000015.jpg,notflip__0049,notflip__0049,notflip,notflip
same_sequence_cross_split,0.8606397141219011,2,2,testing/flip/0065_000000005.jpg,training/flip/0065_000000010.jpg,flip__0065,flip__0065,flip,flip
same_sequence_cross_split,0.8606263489867655,1,2,testing/notflip/0029_000000025.jpg,training/notflip/0029_000000020.jpg,notflip__0029,notflip__0029,notflip,notflip
same_sequence_cross_split,0.8606158246180756,2,2,testing/notflip/0049_000000018.jpg,training/notflip/0049_000000027.jpg,notflip__0049,notflip__0049,notflip,notflip
same_sequence_cross_split,0.8604906679887243,1,0,testing/notflip/0053_000000016.jpg,training/notflip/0053_000000024.jpg,notflip__0053,notflip__0053,notflip,notflip
same_sequence_cross_split,0.8604316108552211,1,0,testing/notflip/0007_000000010.jpg,training/notflip/0007_000000014.jpg,notflip__0007,notflip__0007,notflip,notflip
same_sequence_cross_split,0.8604020705166714,2,0,testing/notflip/0043_000000026.jpg,training/notflip/0043_000000022.jpg,notflip__0043,notflip__0043,notflip,notflip
same_sequence_cross_split,0.8603791542411781,2,2,testing/flip/0026_000000010.jpg,training/flip/0026_000000009.jpg,flip__0026,flip__0026,flip,flip
same_sequence_cross_split,0.8600471621264758,3,2,testing/notflip/0005_000000022.jpg,training/notflip/0005_000000017.jpg,notflip__0005,notflip__0005,notflip,notflip
same_sequence_cross_split,0.8599034033974856,3,2,testing/flip/0004_000000013.jpg,training/flip/0004_000000011.jpg,flip__0004,flip__0004,flip,flip
same_sequence_cross_split,0.8598646269851392,3,2,testing/notflip/0002_000000008.jpg,training/notflip/0002_000000024.jpg,notflip__0002,notflip__0002,notflip,notflip
different_sequence_cross_split_cross_label,0.8597798501804857,4,2,testing/notflip/0058_000000021.jpg,training/flip/0065_000000011.jpg,notflip__0058,flip__0065,notflip,flip
same_sequence_cross_split,0.8597457336383788,3,0,testing/notflip/0002_000000003.jpg,training/notflip/0002_000000021.jpg,notflip__0002,notflip__0002,notflip,notflip
same_sequence_cross_split,0.8597176754743479,3,4,testing/notflip/0056_000000004.jpg,training/notflip/0056_000000018.jpg,notflip__0056,notflip__0056,notflip,notflip
same_sequence_cross_split,0.8596018646455584,2,0,testing/notflip/0049_000000028.jpg,training/notflip/0049_000000023.jpg,notflip__0049,notflip__0049,notflip,notflip
same_sequence_cross_split,0.8595913684826019,3,2,testing/flip/0054_000000015.jpg,training/flip/0054_000000013.jpg,flip__0054,flip__0054,flip,flip
same_sequence_cross_split,0.8595853395273998,3,2,testing/notflip/0002_000000008.jpg,training/notflip/0002_000000023.jpg,notflip__0002,notflip__0002,notflip,notflip
different_sequence_cross_split_cross_label,0.8594296304908721,4,2,testing/flip/0062_000000006.jpg,training/notflip/0055_000000014.jpg,flip__0062,notflip__0055,flip,notflip
same_sequence_cross_split,0.8594065222011844,4,2,testing/flip/0009_000000007.jpg,training/flip/0009_000000002.jpg,flip__0009,flip__0009,flip,flip
same_sequence_cross_split,0.8593989025327892,0,2,testing/notflip/0029_000000018.jpg,training/notflip/0029_000000015.jpg,notflip__0029,notflip__0029,notflip,notflip
same_sequence_cross_split,0.8592993976799336,3,2,testing/notflip/0009_000000015.jpg,training/notflip/0009_000000023.jpg,notflip__0009,notflip__0009,notflip,notflip
same_sequence_cross_split,0.8592507995161623,1,4,testing/notflip/0009_000000004.jpg,training/notflip/0009_000000007.jpg,notflip__0009,notflip__0009,notflip,notflip
same_sequence_cross_split,0.8592008656747501,1,2,testing/notflip/0031_000000008.jpg,training/notflip/0031_000000007.jpg,notflip__0031,notflip__0031,notflip,notflip
same_sequence_cross_split,0.8591969384485043,3,4,testing/flip/0044_000000003.jpg,training/flip/0044_000000016.jpg,flip__0044,flip__0044,flip,flip
same_sequence_cross_split,0.859150257294377,2,2,testing/notflip/0002_000000026.jpg,training/notflip/0002_000000016.jpg,notflip__0002,notflip__0002,notflip,notflip
same_sequence_cross_split,0.8588068200330697,2,2,testing/flip/0037_000000024.jpg,training/flip/0037_000000026.jpg,flip__0037,flip__0037,flip,flip
same_sequence_cross_split,0.8586565560845316,4,2,testing/flip/0004_000000013.jpg,training/flip/0004_000000010.jpg,flip__0004,flip__0004,flip,flip
same_sequence_cross_split,0.8586506809052922,2,4,testing/notflip/0046_000000003.jpg,training/notflip/0046_000000009.jpg,notflip__0046,notflip__0046,notflip,notflip
same_sequence_cross_split,0.8586281546490141,4,4,testing/notflip/0010_000000007.jpg,training/notflip/0010_000000005.jpg,notflip__0010,notflip__0010,notflip,notflip
same_sequence_cross_split,0.8586261276945187,2,4,testing/notflip/0019_000000025.jpg,training/notflip/0019_000000008.jpg,notflip__0019,notflip__0019,notflip,notflip
same_sequence_cross_split,0.8585377482132978,1,2,testing/notflip/0058_000000004.jpg,training/notflip/0058_000000003.jpg,notflip__0058,notflip__0058,notflip,notflip
same_sequence_cross_split,0.8584716608501696,1,4,testing/notflip/0019_000000024.jpg,training/notflip/0019_000000007.jpg,notflip__0019,notflip__0019,notflip,notflip
same_sequence_cross_split,0.8584637065539625,1,2,testing/notflip/0049_000000022.jpg,training/notflip/0049_000000027.jpg,notflip__0049,notflip__0049,notflip,notflip
same_sequence_cross_split,0.8584362593828819,2,2,testing/notflip/0005_000000018.jpg,training/notflip/0005_000000023.jpg,notflip__0005,notflip__0005,notflip,notflip
same_sequence_cross_split,0.8583828202994351,4,4,testing/flip/0055_000000027.jpg,training/flip/0055_000000026.jpg,flip__0055,flip__0055,flip,flip
same_sequence_cross_split,0.8582403834362754,3,4,testing/notflip/0042_000000027.jpg,training/notflip/0042_000000016.jpg,notflip__0042,notflip__0042,notflip,notflip
same_sequence_cross_split,0.8580089630540725,1,4,testing/notflip/0031_000000004.jpg,training/notflip/0031_000000003.jpg,notflip__0031,notflip__0031,notflip,notflip
same_sequence_cross_split,0.857994707632395,1,0,testing/notflip/0016_000000020.jpg,training/notflip/0016_000000017.jpg,notflip__0016,notflip__0016,notflip,notflip
same_sequence_cross_split,0.8579088222401235,3,2,testing/notflip/0019_000000004.jpg,training/notflip/0019_000000006.jpg,notflip__0019,notflip__0019,notflip,notflip
same_sequence_cross_split,0.8579026260240524,1,0,testing/flip/0008_000000005.jpg,training/flip/0008_000000008.jpg,flip__0008,flip__0008,flip,flip
same_sequence_cross_split,0.8575284772740147,1,4,testing/notflip/0039_000000026.jpg,training/notflip/0039_000000020.jpg,notflip__0039,notflip__0039,notflip,notflip
same_sequence_cross_split,0.8575274443669316,2,2,testing/notflip/0002_000000012.jpg,training/notflip/0002_000000023.jpg,notflip__0002,notflip__0002,notflip,notflip
same_sequence_cross_split,0.8575033796335922,3,4,testing/notflip/0046_000000011.jpg,training/notflip/0046_000000029.jpg,notflip__0046,notflip__0046,notflip,notflip
same_sequence_cross_split,0.857353389093333,4,4,testing/notflip/0004_000000020.jpg,training/notflip/0004_000000018.jpg,notflip__0004,notflip__0004,notflip,notflip
same_sequence_cross_split,0.8572874168372587,1,0,testing/notflip/0031_000000016.jpg,training/notflip/0031_000000024.jpg,notflip__0031,notflip__0031,notflip,notflip
same_sequence_cross_split,0.8568775237873509,2,2,testing/notflip/0002_000000012.jpg,training/notflip/0002_000000024.jpg,notflip__0002,notflip__0002,notflip,notflip
same_sequence_cross_split,0.8567894698436304,2,2,testing/notflip/0046_000000012.jpg,training/notflip/0046_000000019.jpg,notflip__0046,notflip__0046,notflip,notflip
same_sequence_cross_split,0.8567588910708568,3,4,testing/notflip/0046_000000028.jpg,training/notflip/0046_000000018.jpg,notflip__0046,notflip__0046,notflip,notflip
same_sequence_cross_split,0.8567351737452579,3,4,testing/notflip/0036_000000014.jpg,training/notflip/0036_000000011.jpg,notflip__0036,notflip__0036,notflip,notflip
same_sequence_cross_split,0.8566481118624293,1,0,testing/notflip/0003_000000025.jpg,training/notflip/0003_000000028.jpg,notflip__0003,notflip__0003,notflip,notflip
same_sequence_cross_split,0.8566244762038472,1,2,testing/notflip/0019_000000027.jpg,training/notflip/0019_000000022.jpg,notflip__0019,notflip__0019,notflip,notflip
same_sequence_cross_split,0.8566041202695424,0,0,testing/notflip/0016_000000023.jpg,training/notflip/0016_000000017.jpg,notflip__0016,notflip__0016,notflip,notflip
same_sequence_cross_split,0.8564274751026507,2,0,testing/notflip/0002_000000003.jpg,training/notflip/0002_000000020.jpg,notflip__0002,notflip__0002,notflip,notflip
same_sequence_cross_split,0.8562827555353438,3,2,testing/flip/0065_000000005.jpg,training/flip/0065_000000008.jpg,flip__0065,flip__0065,flip,flip
same_sequence_cross_split,0.8562742412894151,2,0,testing/notflip/0056_000000011.jpg,training/notflip/0056_000000016.jpg,notflip__0056,notflip__0056,notflip,notflip
same_sequence_cross_split,0.8561919637463569,4,0,testing/notflip/0045_000000022.jpg,training/notflip/0045_000000027.jpg,notflip__0045,notflip__0045,notflip,notflip
same_sequence_cross_split,0.8561750213082038,3,0,testing/notflip/0006_000000021.jpg,training/notflip/0006_000000017.jpg,notflip__0006,notflip__0006,notflip,notflip
same_sequence_cross_split,0.8561430710490617,2,0,testing/notflip/0056_000000027.jpg,training/notflip/0056_000000016.jpg,notflip__0056,notflip__0056,notflip,notflip
same_sequence_cross_split,0.856135524803815,2,0,testing/notflip/0002_000000003.jpg,training/notflip/0002_000000019.jpg,notflip__0002,notflip__0002,notflip,notflip
same_sequence_cross_split,0.85610915230338,1,0,testing/notflip/0041_000000022.jpg,training/notflip/0041_000000032.jpg,notflip__0041,notflip__0041,notflip,notflip
same_sequence_cross_split,0.8560404005427777,3,2,testing/notflip/0025_000000025.jpg,training/notflip/0025_000000014.jpg,notflip__0025,notflip__0025,notflip,notflip
same_sequence_cross_split,0.8560265557926058,3,4,testing/notflip/0042_000000013.jpg,training/notflip/0042_000000025.jpg,notflip__0042,notflip__0042,notflip,notflip
same_sequence_cross_split,0.8560255881969644,1,2,testing/notflip/0030_000000022.jpg,training/notflip/0030_000000027.jpg,notflip__0030,notflip__0030,notflip,notflip
same_sequence_cross_split,0.8559706412458723,1,2,testing/notflip/0030_000000023.jpg,training/notflip/0030_000000027.jpg,notflip__0030,notflip__0030,notflip,notflip
same_sequence_cross_split,0.8559196293127976,3,4,testing/notflip/0046_000000012.jpg,training/notflip/0046_000000004.jpg,notflip__0046,notflip__0046,notflip,notflip
same_sequence_cross_split,0.8558946018238839,3,0,testing/notflip/0031_000000017.jpg,training/notflip/0031_000000022.jpg,notflip__0031,notflip__0031,notflip,notflip
different_sequence_cross_split_cross_label,0.8558818787070455,2,2,testing/notflip/0042_000000030.jpg,training/flip/0050_000000018.jpg,notflip__0042,flip__0050,notflip,flip
different_sequence_cross_split_cross_label,0.8557330423514189,4,2,testing/flip/0062_000000006.jpg,training/notflip/0055_000000020.jpg,flip__0062,notflip__0055,flip,notflip
same_sequence_cross_split,0.8554777204355506,4,2,testing/notflip/0034_000000030.jpg,training/notflip/0034_000000023.jpg,notflip__0034,notflip__0034,notflip,notflip
same_sequence_cross_split,0.855268077669143,3,2,testing/flip/0032_000000010.jpg,training/flip/0032_000000011.jpg,flip__0032,flip__0032,flip,flip
same_sequence_cross_split,0.8552360043361237,0,0,testing/notflip/0024_000000020.jpg,training/notflip/0024_000000023.jpg,notflip__0024,notflip__0024,notflip,notflip
same_sequence_cross_split,0.8552176741807774,3,2,testing/notflip/0046_000000012.jpg,training/notflip/0046_000000018.jpg,notflip__0046,notflip__0046,notflip,notflip
different_sequence_cross_split_cross_label,0.8550969676095538,3,2,testing/notflip/0055_000000016.jpg,training/flip/0062_000000002.jpg,notflip__0055,flip__0062,notflip,flip
same_sequence_cross_split,0.8550407084596704,2,4,testing/notflip/0038_000000022.jpg,training/notflip/0038_000000018.jpg,notflip__0038,notflip__0038,notflip,notflip
same_sequence_cross_split,0.8548465063017198,1,2,testing/notflip/0019_000000025.jpg,training/notflip/0019_000000020.jpg,notflip__0019,notflip__0019,notflip,notflip
same_sequence_cross_split,0.8547655806743277,2,0,testing/notflip/0057_000000027.jpg,training/notflip/0057_000000015.jpg,notflip__0057,notflip__0057,notflip,notflip
same_sequence_cross_split,0.8547639580548939,4,4,testing/notflip/0010_000000009.jpg,training/notflip/0010_000000006.jpg,notflip__0010,notflip__0010,notflip,notflip
different_sequence_cross_split_cross_label,0.8547460144180765,3,4,testing/flip/0062_000000003.jpg,training/notflip/0055_000000014.jpg,flip__0062,notflip__0055,flip,notflip
same_sequence_cross_split,0.8545525921831084,4,0,testing/notflip/0051_000000025.jpg,training/notflip/0051_000000019.jpg,notflip__0051,notflip__0051,notflip,notflip
same_sequence_cross_split,0.854509262079473,1,2,testing/notflip/0002_000000028.jpg,training/notflip/0002_000000019.jpg,notflip__0002,notflip__0002,notflip,notflip
same_sequence_cross_split,0.8543550456611688,3,0,testing/notflip/0002_000000003.jpg,training/notflip/0002_000000022.jpg,notflip__0002,notflip__0002,notflip,notflip
same_sequence_cross_split,0.8542731926022148,3,2,testing/notflip/0036_000000020.jpg,training/notflip/0036_000000012.jpg,notflip__0036,notflip__0036,notflip,notflip
same_sequence_cross_split,0.8537388715048007,3,0,testing/notflip/0037_000000018.jpg,training/notflip/0037_000000012.jpg,notflip__0037,notflip__0037,notflip,notflip
same_sequence_cross_split,0.8536533482986679,2,4,testing/notflip/0046_000000028.jpg,training/notflip/0046_000000025.jpg,notflip__0046,notflip__0046,notflip,notflip
same_sequence_cross_split,0.8536466857799839,2,0,testing/flip/0038_000000032.jpg,training/flip/0038_000000030.jpg,flip__0038,flip__0038,flip,flip
same_sequence_cross_split,0.8536409951275735,3,2,testing/notflip/0023_000000029.jpg,training/notflip/0023_000000019.jpg,notflip__0023,notflip__0023,notflip,notflip
same_sequence_cross_split,0.8535839894209422,2,2,testing/notflip/0009_000000005.jpg,training/notflip/0009_000000009.jpg,notflip__0009,notflip__0009,notflip,notflip
same_sequence_cross_split,0.8535793912846126,1,2,testing/notflip/0019_000000025.jpg,training/notflip/0019_000000009.jpg,notflip__0019,notflip__0019,notflip,notflip
different_sequence_cross_split_cross_label,0.853557494923838,4,4,testing/flip/0060_000000006.jpg,training/notflip/0053_000000013.jpg,flip__0060,notflip__0053,flip,notflip
same_sequence_cross_split,0.8535208826085335,4,4,testing/flip/0058_000000004.jpg,training/flip/0058_000000010.jpg,flip__0058,flip__0058,flip,flip
same_sequence_cross_split,0.8534144181603877,0,2,testing/notflip/0058_000000025.jpg,training/notflip/0058_000000029.jpg,notflip__0058,notflip__0058,notflip,notflip
same_sequence_cross_split,0.853383084872044,4,4,testing/notflip/0037_000000010.jpg,training/notflip/0037_000000016.jpg,notflip__0037,notflip__0037,notflip,notflip
same_sequence_cross_split,0.8532968144252498,3,4,testing/notflip/0046_000000011.jpg,training/notflip/0046_000000004.jpg,notflip__0046,notflip__0046,notflip,notflip
same_sequence_cross_split,0.8532646645738631,2,2,testing/notflip/0003_000000025.jpg,training/notflip/0003_000000019.jpg,notflip__0003,notflip__0003,notflip,notflip
same_sequence_cross_split,0.853193348390603,3,2,testing/notflip/0046_000000012.jpg,training/notflip/0046_000000017.jpg,notflip__0046,notflip__0046,notflip,notflip
same_sequence_cross_split,0.8531857341484765,1,2,testing/notflip/0041_000000022.jpg,training/notflip/0041_000000035.jpg,notflip__0041,notflip__0041,notflip,notflip
same_sequence_cross_split,0.8530818586024379,4,0,testing/notflip/0045_000000028.jpg,training/notflip/0045_000000020.jpg,notflip__0045,notflip__0045,notflip,notflip
same_sequence_cross_split,0.853046425876122,1,2,testing/notflip/0002_000000028.jpg,training/notflip/0002_000000020.jpg,notflip__0002,notflip__0002,notflip,notflip
same_sequence_cross_split,0.8530217803549347,2,4,testing/flip/0038_000000015.jpg,training/flip/0038_000000018.jpg,flip__0038,flip__0038,flip,flip
same_sequence_cross_split,0.8529902330817103,1,2,testing/notflip/0052_000000022.jpg,training/notflip/0052_000000016.jpg,notflip__0052,notflip__0052,notflip,notflip
same_sequence_cross_split,0.8529690634723305,2,2,testing/notflip/0024_000000007.jpg,training/notflip/0024_000000013.jpg,notflip__0024,notflip__0024,notflip,notflip
same_sequence_cross_split,0.852967436948078,2,0,testing/notflip/0056_000000013.jpg,training/notflip/0056_000000019.jpg,notflip__0056,notflip__0056,notflip,notflip
same_sequence_cross_split,0.8529533828447268,2,2,testing/notflip/0023_000000020.jpg,training/notflip/0023_000000028.jpg,notflip__0023,notflip__0023,notflip,notflip
same_sequence_cross_split,0.8528787492202213,0,2,testing/notflip/0029_000000019.jpg,training/notflip/0029_000000015.jpg,notflip__0029,notflip__0029,notflip,notflip
same_sequence_cross_split,0.8527067310556047,2,2,testing/notflip/0026_000000004.jpg,training/notflip/0026_000000006.jpg,notflip__0026,notflip__0026,notflip,notflip
same_sequence_cross_split,0.8526403360990303,2,2,testing/flip/0047_000000010.jpg,training/flip/0047_000000013.jpg,flip__0047,flip__0047,flip,flip
same_sequence_cross_split,0.8523902629667125,1,0,testing/notflip/0049_000000011.jpg,training/notflip/0049_000000014.jpg,notflip__0049,notflip__0049,notflip,notflip
same_sequence_cross_split,0.8523470688298557,3,4,testing/flip/0047_000000021.jpg,training/flip/0047_000000022.jpg,flip__0047,flip__0047,flip,flip
same_sequence_cross_split,0.8523448019892086,2,4,testing/notflip/0009_000000015.jpg,training/notflip/0009_000000011.jpg,notflip__0009,notflip__0009,notflip,notflip
same_sequence_cross_split,0.8523426602422526,3,2,testing/notflip/0009_000000015.jpg,training/notflip/0009_000000022.jpg,notflip__0009,notflip__0009,notflip,notflip
same_sequence_cross_split,0.8522384352214311,3,2,testing/notflip/0037_000000019.jpg,training/notflip/0037_000000027.jpg,notflip__0037,notflip__0037,notflip,notflip
same_sequence_cross_split,0.8522199848968269,0,4,testing/notflip/0007_000000010.jpg,training/notflip/0007_000000006.jpg,notflip__0007,notflip__0007,notflip,notflip
same_sequence_cross_split,0.8521401742607984,0,4,testing/notflip/0019_000000025.jpg,training/notflip/0019_000000014.jpg,notflip__0019,notflip__0019,notflip,notflip
same_sequence_cross_split,0.8519296918189971,2,0,testing/notflip/0043_000000024.jpg,training/notflip/0043_000000020.jpg,notflip__0043,notflip__0043,notflip,notflip
same_sequence_cross_split,0.8518922559259037,1,2,testing/notflip/0009_000000012.jpg,training/notflip/0009_000000007.jpg,notflip__0009,notflip__0009,notflip,notflip
same_sequence_cross_split,0.8518776849578374,0,0,testing/notflip/0058_000000018.jpg,training/notflip/0058_000000024.jpg,notflip__0058,notflip__0058,notflip,notflip
same_sequence_cross_split,0.8518198303988146,4,2,testing/notflip/0037_000000015.jpg,training/notflip/0037_000000026.jpg,notflip__0037,notflip__0037,notflip,notflip
same_sequence_cross_split,0.8517103242807633,1,2,testing/notflip/0009_000000015.jpg,training/notflip/0009_000000021.jpg,notflip__0009,notflip__0009,notflip,notflip
same_sequence_cross_split,0.8516756880246881,2,2,testing/flip/0018_000000004.jpg,training/flip/0018_000000001.jpg,flip__0018,flip__0018,flip,flip
different_sequence_cross_split_cross_label,0.85165124846947,4,2,testing/notflip/0045_000000016.jpg,training/flip/0053_000000003.jpg,notflip__0045,flip__0053,notflip,flip
same_sequence_cross_split,0.8516392618911236,3,4,testing/notflip/0052_000000022.jpg,training/notflip/0052_000000018.jpg,notflip__0052,notflip__0052,notflip,notflip
same_sequence_cross_split,0.8516227626479729,1,2,testing/notflip/0026_000000029.jpg,training/notflip/0026_000000021.jpg,notflip__0026,notflip__0026,notflip,notflip
same_sequence_cross_split,0.8514455899400694,3,4,testing/notflip/0053_000000017.jpg,training/notflip/0053_000000013.jpg,notflip__0053,notflip__0053,notflip,notflip
same_sequence_cross_split,0.8514207947363729,1,2,testing/notflip/0046_000000003.jpg,training/notflip/0046_000000019.jpg,notflip__0046,notflip__0046,notflip,notflip
same_sequence_cross_split,0.851374322719,4,4,testing/notflip/0034_000000030.jpg,training/notflip/0034_000000022.jpg,notflip__0034,notflip__0034,notflip,notflip
same_sequence_cross_split,0.8513440059186476,0,2,testing/notflip/0049_000000011.jpg,training/notflip/0049_000000023.jpg,notflip__0049,notflip__0049,notflip,notflip
same_sequence_cross_split,0.8513073875286477,1,0,testing/notflip/0049_000000022.jpg,training/notflip/0049_000000013.jpg,notflip__0049,notflip__0049,notflip,notflip
same_sequence_cross_split,0.8512860430336489,1,4,testing/flip/0044_000000003.jpg,training/flip/0044_000000017.jpg,flip__0044,flip__0044,flip,flip
same_sequence_cross_split,0.8512065003935533,2,0,testing/notflip/0040_000000017.jpg,training/notflip/0040_000000015.jpg,notflip__0040,notflip__0040,notflip,notflip
different_sequence_cross_split_cross_label,0.8511288221285707,4,2,testing/flip/0062_000000003.jpg,training/notflip/0055_000000015.jpg,flip__0062,notflip__0055,flip,notflip
different_sequence_cross_split_cross_label,0.8510209219143808,4,2,testing/notflip/0055_000000016.jpg,training/flip/0062_000000001.jpg,notflip__0055,flip__0062,notflip,flip
same_sequence_cross_split,0.8508784315544476,0,4,testing/notflip/0019_000000027.jpg,training/notflip/0019_000000014.jpg,notflip__0019,notflip__0019,notflip,notflip
same_sequence_cross_split,0.8508719723091727,4,2,testing/notflip/0034_000000030.jpg,training/notflip/0034_000000026.jpg,notflip__0034,notflip__0034,notflip,notflip
same_sequence_cross_split,0.8508249411003874,1,2,testing/notflip/0041_000000006.jpg,training/notflip/0041_000000008.jpg,notflip__0041,notflip__0041,notflip,notflip
same_sequence_cross_split,0.8508181141421498,3,2,testing/notflip/0045_000000016.jpg,training/notflip/0045_000000029.jpg,notflip__0045,notflip__0045,notflip,notflip
same_sequence_cross_split,0.8507654226721729,4,4,testing/notflip/0049_000000006.jpg,training/notflip/0049_000000013.jpg,notflip__0049,notflip__0049,notflip,notflip
same_sequence_cross_split,0.8507637435913039,1,2,testing/notflip/0024_000000025.jpg,training/notflip/0024_000000023.jpg,notflip__0024,notflip__0024,notflip,notflip
same_sequence_cross_split,0.8506558648747081,3,4,testing/flip/0015_000000019.jpg,training/flip/0015_000000018.jpg,flip__0015,flip__0015,flip,flip
same_sequence_cross_split,0.8505658580102015,0,0,testing/notflip/0041_000000021.jpg,training/notflip/0041_000000030.jpg,notflip__0041,notflip__0041,notflip,notflip
different_sequence_cross_split_cross_label,0.8505628200271254,4,2,testing/flip/0065_000000005.jpg,training/notflip/0058_000000030.jpg,flip__0065,notflip__0058,flip,notflip
same_sequence_cross_split,0.8505303612979292,3,2,testing/notflip/0037_000000014.jpg,training/notflip/0037_000000024.jpg,notflip__0037,notflip__0037,notflip,notflip
same_sequence_cross_split,0.8504792625566778,2,4,testing/notflip/0031_000000004.jpg,training/notflip/0031_000000001.jpg,notflip__0031,notflip__0031,notflip,notflip
same_sequence_cross_split,0.8503054963489657,2,4,testing/notflip/0056_000000007.jpg,training/notflip/0056_000000017.jpg,notflip__0056,notflip__0056,notflip,notflip
different_sequence_cross_split_cross_label,0.8502509039903936,4,4,testing/notflip/0058_000000018.jpg,training/flip/0065_000000010.jpg,notflip__0058,flip__0065,notflip,flip
same_sequence_cross_split,0.8501905421777696,3,2,testing/notflip/0005_000000018.jpg,training/notflip/0005_000000025.jpg,notflip__0005,notflip__0005,notflip,notflip
same_sequence_cross_split,0.8501349294687001,3,0,testing/notflip/0006_000000019.jpg,training/notflip/0006_000000013.jpg,notflip__0006,notflip__0006,notflip,notflip
same_sequence_cross_split,0.8499756593691787,1,4,testing/notflip/0029_000000019.jpg,training/notflip/0029_000000027.jpg,notflip__0029,notflip__0029,notflip,notflip
same_sequence_cross_split,0.8499619528142935,2,2,testing/notflip/0049_000000022.jpg,training/notflip/0049_000000029.jpg,notflip__0049,notflip__0049,notflip,notflip
same_sequence_cross_split,0.8499000260927767,4,4,testing/notflip/0010_000000009.jpg,training/notflip/0010_000000018.jpg,notflip__0010,notflip__0010,notflip,notflip
same_sequence_cross_split,0.8498914600354303,0,4,testing/notflip/0050_000000013.jpg,training/notflip/0050_000000017.jpg,notflip__0050,notflip__0050,notflip,notflip
same_sequence_cross_split,0.8498148384729363,1,4,testing/notflip/0003_000000004.jpg,training/notflip/0003_000000002.jpg,notflip__0003,notflip__0003,notflip,notflip
same_sequence_cross_split,0.8498060656086013,1,2,testing/notflip/0049_000000018.jpg,training/notflip/0049_000000030.jpg,notflip__0049,notflip__0049,notflip,notflip
same_sequence_cross_split,0.849795056100699,0,0,testing/notflip/0049_000000022.jpg,training/notflip/0049_000000010.jpg,notflip__0049,notflip__0049,notflip,notflip
same_sequence_cross_split,0.8497233415065844,1,2,testing/flip/0036_000000014.jpg,training/flip/0036_000000013.jpg,flip__0036,flip__0036,flip,flip
same_sequence_cross_split,0.8496368592418785,4,2,testing/notflip/0034_000000025.jpg,training/notflip/0034_000000019.jpg,notflip__0034,notflip__0034,notflip,notflip
same_sequence_cross_split,0.8495278697459776,3,2,testing/notflip/0030_000000028.jpg,training/notflip/0030_000000013.jpg,notflip__0030,notflip__0030,notflip,notflip
same_sequence_cross_split,0.8491285982144895,2,4,testing/notflip/0052_000000022.jpg,training/notflip/0052_000000019.jpg,notflip__0052,notflip__0052,notflip,notflip
same_sequence_cross_split,0.8491047063200315,3,4,testing/notflip/0046_000000012.jpg,training/notflip/0046_000000029.jpg,notflip__0046,notflip__0046,notflip,notflip
same_sequence_cross_split,0.8489875900533835,0,2,testing/notflip/0041_000000034.jpg,training/notflip/0041_000000025.jpg,notflip__0041,notflip__0041,notflip,notflip
same_sequence_cross_split,0.8489395995691882,4,0,testing/flip/0037_000000020.jpg,training/flip/0037_000000021.jpg,flip__0037,flip__0037,flip,flip
different_sequence_cross_split_cross_label,0.8488872111002913,4,4,testing/notflip/0047_000000029.jpg,training/flip/0055_000000011.jpg,notflip__0047,flip__0055,notflip,flip
same_sequence_cross_split,0.8488793722290453,4,2,testing/notflip/0002_000000006.jpg,training/notflip/0002_000000025.jpg,notflip__0002,notflip__0002,notflip,notflip
same_sequence_cross_split,0.8488747706872722,0,4,testing/notflip/0019_000000015.jpg,training/notflip/0019_000000026.jpg,notflip__0019,notflip__0019,notflip,notflip
different_sequence_cross_split_cross_label,0.8488339283867694,4,4,testing/notflip/0058_000000025.jpg,training/flip/0065_000000010.jpg,notflip__0058,flip__0065,notflip,flip
same_sequence_cross_split,0.8487632088896653,1,2,testing/notflip/0046_000000027.jpg,training/notflip/0046_000000024.jpg,notflip__0046,notflip__0046,notflip,notflip
same_sequence_cross_split,0.8486487170704146,3,2,testing/flip/0022_000000010.jpg,training/flip/0022_000000012.jpg,flip__0022,flip__0022,flip,flip
same_sequence_cross_split,0.848599095630585,1,4,testing/notflip/0019_000000025.jpg,training/notflip/0019_000000007.jpg,notflip__0019,notflip__0019,notflip,notflip
same_sequence_cross_split,0.8484728044023975,4,4,testing/notflip/0009_000000015.jpg,training/notflip/0009_000000024.jpg,notflip__0009,notflip__0009,notflip,notflip
different_sequence_cross_split_cross_label,0.848268213251045,3,4,testing/flip/0062_000000003.jpg,training/notflip/0055_000000020.jpg,flip__0062,notflip__0055,flip,notflip
same_sequence_cross_split,0.8482476968830043,3,2,testing/flip/0017_000000015.jpg,training/flip/0017_000000014.jpg,flip__0017,flip__0017,flip,flip
different_sequence_cross_split_cross_label,0.8482201852744956,3,4,testing/notflip/0058_000000021.jpg,training/flip/0065_000000007.jpg,notflip__0058,flip__0065,notflip,flip
same_sequence_cross_split,0.8482200030442889,3,0,testing/notflip/0052_000000029.jpg,training/notflip/0052_000000023.jpg,notflip__0052,notflip__0052,notflip,notflip
same_sequence_cross_split,0.8481733242956712,2,0,testing/notflip/0001_000000014.jpg,training/notflip/0001_000000007.jpg,notflip__0001,notflip__0001,notflip,notflip
same_sequence_cross_split,0.8478631727542318,4,2,testing/flip/0046_000000025.jpg,training/flip/0046_000000027.jpg,flip__0046,flip__0046,flip,flip
same_sequence_cross_split,0.847853767714503,4,0,testing/notflip/0036_000000025.jpg,training/notflip/0036_000000012.jpg,notflip__0036,notflip__0036,notflip,notflip
same_sequence_cross_split,0.8478391075890197,2,0,testing/notflip/0043_000000024.jpg,training/notflip/0043_000000021.jpg,notflip__0043,notflip__0043,notflip,notflip
same_sequence_cross_split,0.8478211436483538,1,4,testing/flip/0014_000000010.jpg,training/flip/0014_000000008.jpg,flip__0014,flip__0014,flip,flip
same_sequence_cross_split,0.8477694852969265,2,0,testing/notflip/0053_000000017.jpg,training/notflip/0053_000000024.jpg,notflip__0053,notflip__0053,notflip,notflip
same_sequence_cross_split,0.8477323020966999,2,4,testing/notflip/0055_000000012.jpg,training/notflip/0055_000000020.jpg,notflip__0055,notflip__0055,notflip,notflip
different_sequence_cross_split_cross_label,0.8476472597354712,4,2,testing/flip/0058_000000004.jpg,training/notflip/0051_000000019.jpg,flip__0058,notflip__0051,flip,notflip
different_sequence_cross_split_cross_label,0.8475435068164315,3,4,testing/flip/0060_000000008.jpg,training/notflip/0053_000000012.jpg,flip__0060,notflip__0053,flip,notflip
same_sequence_cross_split,0.8473835445057378,1,2,testing/notflip/0005_000000005.jpg,training/notflip/0005_000000006.jpg,notflip__0005,notflip__0005,notflip,notflip
different_sequence_cross_split_cross_label,0.8472582864561681,4,4,testing/flip/0058_000000006.jpg,training/notflip/0051_000000007.jpg,flip__0058,notflip__0051,flip,notflip
same_sequence_cross_split,0.8472319859791513,1,2,testing/flip/0010_000000004.jpg,training/flip/0010_000000006.jpg,flip__0010,flip__0010,flip,flip
same_sequence_cross_split,0.8471833943190785,1,0,testing/flip/0038_000000032.jpg,training/flip/0038_000000035.jpg,flip__0038,flip__0038,flip,flip
same_sequence_cross_split,0.8471622645829261,2,2,testing/flip/0036_000000015.jpg,training/flip/0036_000000016.jpg,flip__0036,flip__0036,flip,flip
different_sequence_cross_split_cross_label,0.8471412078072158,3,4,testing/flip/0006_000000001.jpg,training/notflip/0007_000000030.jpg,flip__0006,notflip__0007,flip,notflip
different_sequence_cross_split_cross_label,0.8471179779811202,3,2,testing/notflip/0058_000000025.jpg,training/flip/0065_000000003.jpg,notflip__0058,flip__0065,notflip,flip
same_sequence_cross_split,0.8470909400981612,2,2,testing/notflip/0002_000000026.jpg,training/notflip/0002_000000017.jpg,notflip__0002,notflip__0002,notflip,notflip
same_sequence_cross_split,0.8470661644076845,2,2,testing/flip/0038_000000013.jpg,training/flip/0038_000000017.jpg,flip__0038,flip__0038,flip,flip
same_sequence_cross_split,0.8470332548815821,4,0,testing/notflip/0056_000000022.jpg,training/notflip/0056_000000010.jpg,notflip__0056,notflip__0056,notflip,notflip
same_sequence_cross_split,0.8470269218579997,1,4,testing/flip/0038_000000007.jpg,training/flip/0038_000000008.jpg,flip__0038,flip__0038,flip,flip
same_sequence_cross_split,0.8469842749865684,3,0,testing/notflip/0001_000000014.jpg,training/notflip/0001_000000021.jpg,notflip__0001,notflip__0001,notflip,notflip
same_sequence_cross_split,0.8469393842250489,2,0,testing/notflip/0043_000000024.jpg,training/notflip/0043_000000030.jpg,notflip__0043,notflip__0043,notflip,notflip
same_sequence_cross_split,0.8469031895707859,2,2,testing/notflip/0049_000000028.jpg,training/notflip/0049_000000021.jpg,notflip__0049,notflip__0049,notflip,notflip
same_sequence_cross_split,0.846714822242129,2,2,testing/notflip/0046_000000011.jpg,training/notflip/0046_000000019.jpg,notflip__0046,notflip__0046,notflip,notflip
same_sequence_cross_split,0.8466134697011308,3,2,testing/notflip/0011_000000027.jpg,training/notflip/0011_000000030.jpg,notflip__0011,notflip__0011,notflip,notflip
same_sequence_cross_split,0.8465858545932873,1,4,testing/notflip/0019_000000027.jpg,training/notflip/0019_000000007.jpg,notflip__0019,notflip__0019,notflip,notflip
same_sequence_cross_split,0.8465235234427789,0,2,testing/notflip/0041_000000034.jpg,training/notflip/0041_000000024.jpg,notflip__0041,notflip__0041,notflip,notflip
different_sequence_cross_split_cross_label,0.846496501610817,3,2,testing/notflip/0045_000000030.jpg,training/flip/0053_000000002.jpg,notflip__0045,flip__0053,notflip,flip
different_sequence_cross_split_cross_label,0.8464830682653115,3,2,testing/notflip/0045_000000030.jpg,training/flip/0053_000000001.jpg,notflip__0045,flip__0053,notflip,flip
same_sequence_cross_split,0.8463768391591668,3,0,testing/notflip/0037_000000019.jpg,training/notflip/0037_000000012.jpg,notflip__0037,notflip__0037,notflip,notflip
same_sequence_cross_split,0.8463237240757221,2,0,testing/flip/0058_000000004.jpg,training/flip/0058_000000001.jpg,flip__0058,flip__0058,flip,flip
same_sequence_cross_split,0.846225300554489,3,2,testing/notflip/0039_000000003.jpg,training/notflip/0039_000000005.jpg,notflip__0039,notflip__0039,notflip,notflip
same_sequence_cross_split,0.8460526961832552,2,2,testing/notflip/0007_000000025.jpg,training/notflip/0007_000000021.jpg,notflip__0007,notflip__0007,notflip,notflip
same_sequence_cross_split,0.8459224633797108,0,0,testing/notflip/0056_000000024.jpg,training/notflip/0056_000000019.jpg,notflip__0056,notflip__0056,notflip,notflip
same_sequence_cross_split,0.8459216377664467,3,2,testing/notflip/0011_000000027.jpg,training/notflip/0011_000000029.jpg,notflip__0011,notflip__0011,notflip,notflip
same_sequence_cross_split,0.8459180429515951,4,0,testing/notflip/0006_000000021.jpg,training/notflip/0006_000000013.jpg,notflip__0006,notflip__0006,notflip,notflip
same_sequence_cross_split,0.8458646369545958,2,2,testing/notflip/0026_000000005.jpg,training/notflip/0026_000000008.jpg,notflip__0026,notflip__0026,notflip,notflip
same_sequence_cross_split,0.8458586123915397,4,4,testing/notflip/0006_000000019.jpg,training/notflip/0006_000000026.jpg,notflip__0006,notflip__0006,notflip,notflip
same_sequence_cross_split,0.8458342869098348,3,2,testing/flip/0011_000000023.jpg,training/flip/0011_000000024.jpg,flip__0011,flip__0011,flip,flip
same_sequence_cross_split,0.8458051059668572,4,2,testing/notflip/0031_000000020.jpg,training/notflip/0031_000000011.jpg,notflip__0031,notflip__0031,notflip,notflip
same_sequence_cross_split,0.8457730139894702,3,2,testing/notflip/0002_000000008.jpg,training/notflip/0002_000000025.jpg,notflip__0002,notflip__0002,notflip,notflip
same_sequence_cross_split,0.8457484178608512,3,0,testing/notflip/0006_000000021.jpg,training/notflip/0006_000000014.jpg,notflip__0006,notflip__0006,notflip,notflip
same_sequence_cross_split,0.8457415225883625,3,0,testing/notflip/0036_000000028.jpg,training/notflip/0036_000000012.jpg,notflip__0036,notflip__0036,notflip,notflip
same_sequence_cross_split,0.8456437301522345,0,4,testing/notflip/0029_000000019.jpg,training/notflip/0029_000000030.jpg,notflip__0029,notflip__0029,notflip,notflip
same_sequence_cross_split,0.8456128949923346,2,2,testing/flip/0011_000000026.jpg,training/flip/0011_000000028.jpg,flip__0011,flip__0011,flip,flip
same_sequence_cross_split,0.845462025494938,3,2,testing/notflip/0041_000000028.jpg,training/notflip/0041_000000019.jpg,notflip__0041,notflip__0041,notflip,notflip
same_sequence_cross_split,0.845179135275075,2,2,testing/notflip/0002_000000012.jpg,training/notflip/0002_000000025.jpg,notflip__0002,notflip__0002,notflip,notflip
different_sequence_cross_split_cross_label,0.8451721373720378,4,4,testing/flip/0060_000000008.jpg,training/notflip/0053_000000026.jpg,flip__0060,notflip__0053,flip,notflip
same_sequence_cross_split,0.8451015493620962,1,2,testing/notflip/0045_000000005.jpg,training/notflip/0045_000000004.jpg,notflip__0045,notflip__0045,notflip,notflip
same_sequence_cross_split,0.8450598181349823,1,2,testing/notflip/0041_000000034.jpg,training/notflip/0041_000000026.jpg,notflip__0041,notflip__0041,notflip,notflip
same_sequence_cross_split,0.8450449246646334,3,4,testing/flip/0037_000000024.jpg,training/flip/0037_000000023.jpg,flip__0037,flip__0037,flip,flip
different_sequence_cross_split_cross_label,0.8450445024573395,4,4,testing/flip/0060_000000008.jpg,training/notflip/0053_000000020.jpg,flip__0060,notflip__0053,flip,notflip
same_sequence_cross_split,0.8449577277712251,1,2,testing/notflip/0019_000000027.jpg,training/notflip/0019_000000020.jpg,notflip__0019,notflip__0019,notflip,notflip
same_sequence_cross_split,0.8448897346234503,1,0,testing/notflip/0001_000000024.jpg,training/notflip/0001_000000030.jpg,notflip__0001,notflip__0001,notflip,notflip
same_sequence_cross_split,0.8448876773991332,4,4,testing/notflip/0046_000000012.jpg,training/notflip/0046_000000030.jpg,notflip__0046,notflip__0046,notflip,notflip
same_sequence_cross_split,0.8448774416501125,3,4,testing/notflip/0034_000000030.jpg,training/notflip/0034_000000021.jpg,notflip__0034,notflip__0034,notflip,notflip
same_sequence_cross_split,0.8448349958161855,3,4,testing/notflip/0042_000000024.jpg,training/notflip/0042_000000012.jpg,notflip__0042,notflip__0042,notflip,notflip
same_sequence_cross_split,0.8448226200102048,2,2,testing/notflip/0026_000000024.jpg,training/notflip/0026_000000020.jpg,notflip__0026,notflip__0026,notflip,notflip
same_sequence_cross_split,0.8444503118985055,3,4,testing/notflip/0006_000000027.jpg,training/notflip/0006_000000020.jpg,notflip__0006,notflip__0006,notflip,notflip
different_sequence_cross_split_cross_label,0.844429248897315,4,4,testing/flip/0058_000000006.jpg,training/notflip/0051_000000013.jpg,flip__0058,notflip__0051,flip,notflip
same_sequence_cross_split,0.8442578388595916,3,0,testing/notflip/0045_000000028.jpg,training/notflip/0045_000000024.jpg,notflip__0045,notflip__0045,notflip,notflip
same_sequence_cross_split,0.8440358958030741,1,2,testing/notflip/0019_000000012.jpg,training/notflip/0019_000000021.jpg,notflip__0019,notflip__0019,notflip,notflip
same_sequence_cross_split,0.8437731778143774,0,2,testing/notflip/0024_000000020.jpg,training/notflip/0024_000000001.jpg,notflip__0024,notflip__0024,notflip,notflip
same_sequence_cross_split,0.8437154619916335,0,4,testing/flip/0008_000000007.jpg,training/flip/0008_000000004.jpg,flip__0008,flip__0008,flip,flip
same_sequence_cross_split,0.843628669273422,4,2,testing/notflip/0006_000000019.jpg,training/notflip/0006_000000024.jpg,notflip__0006,notflip__0006,notflip,notflip
same_sequence_cross_split,0.8436022333985904,4,2,testing/notflip/0037_000000019.jpg,training/notflip/0037_000000029.jpg,notflip__0037,notflip__0037,notflip,notflip
same_sequence_cross_split,0.8434816834465704,2,2,testing/notflip/0038_000000020.jpg,training/notflip/0038_000000025.jpg,notflip__0038,notflip__0038,notflip,notflip
same_sequence_cross_split,0.8434673192618899,1,4,testing/notflip/0029_000000018.jpg,training/notflip/0029_000000027.jpg,notflip__0029,notflip__0029,notflip,notflip
same_sequence_cross_split,0.8434319193106882,2,4,testing/notflip/0056_000000022.jpg,training/notflip/0056_000000006.jpg,notflip__0056,notflip__0056,notflip,notflip
same_sequence_cross_split,0.8433792628348638,4,4,testing/notflip/0037_000000015.jpg,training/notflip/0037_000000009.jpg,notflip__0037,notflip__0037,notflip,notflip
same_sequence_cross_split,0.8433610310987638,1,4,testing/notflip/0046_000000003.jpg,training/notflip/0046_000000016.jpg,notflip__0046,notflip__0046,notflip,notflip
same_sequence_cross_split,0.8433567142055779,4,4,testing/notflip/0038_000000022.jpg,training/notflip/0038_000000016.jpg,notflip__0038,notflip__0038,notflip,notflip
different_sequence_cross_split_cross_label,0.8433252370904388,4,4,testing/notflip/0055_000000013.jpg,training/flip/0062_000000002.jpg,notflip__0055,flip__0062,notflip,flip
same_sequence_cross_split,0.8432347047205333,3,4,testing/flip/0011_000000006.jpg,training/flip/0011_000000008.jpg,flip__0011,flip__0011,flip,flip
same_sequence_cross_split,0.8431095266868752,1,0,testing/notflip/0058_000000020.jpg,training/notflip/0058_000000026.jpg,notflip__0058,notflip__0058,notflip,notflip
same_sequence_cross_split,0.8429656951330328,4,0,testing/flip/0004_000000014.jpg,training/flip/0004_000000012.jpg,flip__0004,flip__0004,flip,flip
same_sequence_cross_split,0.8429633484622474,4,4,testing/notflip/0020_000000019.jpg,training/notflip/0020_000000008.jpg,notflip__0020,notflip__0020,notflip,notflip
same_sequence_cross_split,0.8429331930941534,3,2,testing/flip/0038_000000010.jpg,training/flip/0038_000000009.jpg,flip__0038,flip__0038,flip,flip
same_sequence_cross_split,0.8429097080645804,2,0,testing/notflip/0043_000000024.jpg,training/notflip/0043_000000019.jpg,notflip__0043,notflip__0043,notflip,notflip
same_sequence_cross_split,0.8428823463515895,1,0,testing/notflip/0030_000000001.jpg,training/notflip/0030_000000003.jpg,notflip__0030,notflip__0030,notflip,notflip
same_sequence_cross_split,0.8428584363023419,3,2,testing/notflip/0037_000000018.jpg,training/notflip/0037_000000027.jpg,notflip__0037,notflip__0037,notflip,notflip
same_sequence_cross_split,0.8427965121486914,1,2,testing/notflip/0041_000000034.jpg,training/notflip/0041_000000027.jpg,notflip__0041,notflip__0041,notflip,notflip
same_sequence_cross_split,0.842724475243794,1,2,testing/notflip/0029_000000004.jpg,training/notflip/0029_000000002.jpg,notflip__0029,notflip__0029,notflip,notflip
different_sequence_cross_split_cross_label,0.8426966881470418,4,4,testing/flip/0058_000000006.jpg,training/notflip/0051_000000008.jpg,flip__0058,notflip__0051,flip,notflip
same_sequence_cross_split,0.8426726083681798,2,2,testing/notflip/0046_000000011.jpg,training/notflip/0046_000000016.jpg,notflip__0046,notflip__0046,notflip,notflip
same_sequence_cross_split,0.8424739348191179,2,4,testing/notflip/0056_000000007.jpg,training/notflip/0056_000000026.jpg,notflip__0056,notflip__0056,notflip,notflip
same_sequence_cross_split,0.8423061209419338,2,4,testing/notflip/0038_000000023.jpg,training/notflip/0038_000000018.jpg,notflip__0038,notflip__0038,notflip,notflip
same_sequence_cross_split,0.8421814469816605,3,0,testing/notflip/0040_000000017.jpg,training/notflip/0040_000000027.jpg,notflip__0040,notflip__0040,notflip,notflip
same_sequence_cross_split,0.8421594206393572,3,4,testing/notflip/0049_000000006.jpg,training/notflip/0049_000000009.jpg,notflip__0049,notflip__0049,notflip,notflip
same_sequence_cross_split,0.8418918681134939,4,4,testing/flip/0020_000000010.jpg,training/flip/0020_000000007.jpg,flip__0020,flip__0020,flip,flip
same_sequence_cross_split,0.8416175668561938,0,2,testing/notflip/0002_000000028.jpg,training/notflip/0002_000000021.jpg,notflip__0002,notflip__0002,notflip,notflip
same_sequence_cross_split,0.8415510113562759,1,4,testing/notflip/0031_000000004.jpg,training/notflip/0031_000000002.jpg,notflip__0031,notflip__0031,notflip,notflip
same_sequence_cross_split,0.8414639648137883,2,2,testing/notflip/0006_000000025.jpg,training/notflip/0006_000000024.jpg,notflip__0006,notflip__0006,notflip,notflip
same_sequence_cross_split,0.841426086509876,3,4,testing/notflip/0040_000000005.jpg,training/notflip/0040_000000003.jpg,notflip__0040,notflip__0040,notflip,notflip
same_sequence_cross_split,0.8413950274199803,1,4,testing/flip/0044_000000025.jpg,training/flip/0044_000000027.jpg,flip__0044,flip__0044,flip,flip
same_sequence_cross_split,0.8413615369377083,2,2,testing/notflip/0006_000000023.jpg,training/notflip/0006_000000026.jpg,notflip__0006,notflip__0006,notflip,notflip
same_sequence_cross_split,0.8411927531958865,2,2,testing/notflip/0046_000000003.jpg,training/notflip/0046_000000020.jpg,notflip__0046,notflip__0046,notflip,notflip
same_sequence_cross_split,0.8410921470360997,2,2,testing/notflip/0024_000000002.jpg,training/notflip/0024_000000021.jpg,notflip__0024,notflip__0024,notflip,notflip
same_sequence_cross_split,0.8410799129445446,1,4,testing/notflip/0052_000000014.jpg,training/notflip/0052_000000011.jpg,notflip__0052,notflip__0052,notflip,notflip
same_sequence_cross_split,0.8410077788061366,0,4,testing/notflip/0007_000000010.jpg,training/notflip/0007_000000005.jpg,notflip__0007,notflip__0007,notflip,notflip
same_sequence_cross_split,0.8409862736690527,0,4,testing/notflip/0050_000000013.jpg,training/notflip/0050_000000018.jpg,notflip__0050,notflip__0050,notflip,notflip
same_sequence_cross_split,0.8407974469573218,1,2,testing/notflip/0002_000000027.jpg,training/notflip/0002_000000018.jpg,notflip__0002,notflip__0002,notflip,notflip
same_sequence_cross_split,0.8407097451031605,4,2,testing/notflip/0019_000000004.jpg,training/notflip/0019_000000014.jpg,notflip__0019,notflip__0019,notflip,notflip
same_sequence_cross_split,0.8406715320878058,0,0,testing/notflip/0045_000000026.jpg,training/notflip/0045_000000029.jpg,notflip__0045,notflip__0045,notflip,notflip
same_sequence_cross_split,0.8406116585516993,4,4,testing/notflip/0011_000000018.jpg,training/notflip/0011_000000015.jpg,notflip__0011,notflip__0011,notflip,notflip
same_sequence_cross_split,0.8405007233053072,2,0,testing/flip/0018_000000004.jpg,training/flip/0018_000000006.jpg,flip__0018,flip__0018,flip,flip
different_sequence_cross_split_cross_label,0.8403844358475391,3,2,testing/notflip/0042_000000030.jpg,training/flip/0050_000000019.jpg,notflip__0042,flip__0050,notflip,flip
different_sequence_cross_split_cross_label,0.8403174367102337,3,4,testing/flip/0058_000000006.jpg,training/notflip/0051_000000017.jpg,flip__0058,notflip__0051,flip,notflip
same_sequence_cross_split,0.8402786267971202,4,4,testing/notflip/0020_000000019.jpg,training/notflip/0020_000000009.jpg,notflip__0020,notflip__0020,notflip,notflip
same_sequence_cross_split,0.8400088123126582,0,2,testing/notflip/0049_000000011.jpg,training/notflip/0049_000000024.jpg,notflip__0049,notflip__0049,notflip,notflip
same_sequence_cross_split,0.8397278118561523,0,2,testing/notflip/0058_000000025.jpg,training/notflip/0058_000000030.jpg,notflip__0058,notflip__0058,notflip,notflip
same_sequence_cross_split,0.8396402783540468,2,4,testing/notflip/0031_000000016.jpg,training/notflip/0031_000000027.jpg,notflip__0031,notflip__0031,notflip,notflip
same_sequence_cross_split,0.839616801850953,2,0,testing/notflip/0006_000000015.jpg,training/notflip/0006_000000011.jpg,notflip__0006,notflip__0006,notflip,notflip
different_sequence_cross_split_cross_label,0.8395416586247343,4,4,testing/notflip/0053_000000011.jpg,training/flip/0060_000000010.jpg,notflip__0053,flip__0060,notflip,flip
same_sequence_cross_split,0.8391803253944606,2,2,testing/notflip/0058_000000013.jpg,training/notflip/0058_000000026.jpg,notflip__0058,notflip__0058,notflip,notflip
same_sequence_cross_split,0.8391690535534382,4,4,testing/notflip/0037_000000010.jpg,training/notflip/0037_000000017.jpg,notflip__0037,notflip__0037,notflip,notflip
same_sequence_cross_split,0.8390452881198446,1,2,testing/notflip/0030_000000022.jpg,training/notflip/0030_000000030.jpg,notflip__0030,notflip__0030,notflip,notflip
different_sequence_cross_split_cross_label,0.8390239595262249,4,2,testing/flip/0062_000000009.jpg,training/notflip/0055_000000030.jpg,flip__0062,notflip__0055,flip,notflip
same_sequence_cross_split,0.8389645728078619,2,2,testing/notflip/0030_000000022.jpg,training/notflip/0030_000000029.jpg,notflip__0030,notflip__0030,notflip,notflip
same_sequence_cross_split,0.8389552059236994,1,2,testing/notflip/0030_000000023.jpg,training/notflip/0030_000000030.jpg,notflip__0030,notflip__0030,notflip,notflip
same_sequence_cross_split,0.8388743010327878,2,2,testing/notflip/0030_000000023.jpg,training/notflip/0030_000000029.jpg,notflip__0030,notflip__0030,notflip,notflip
same_sequence_cross_split,0.8387675846504549,4,0,testing/notflip/0001_000000009.jpg,training/notflip/0001_000000015.jpg,notflip__0001,notflip__0001,notflip,notflip
different_sequence_cross_split_cross_label,0.8387230237302018,4,4,testing/notflip/0058_000000025.jpg,training/flip/0065_000000013.jpg,notflip__0058,flip__0065,notflip,flip
same_sequence_cross_split,0.8386943370505009,1,0,testing/notflip/0049_000000018.jpg,training/notflip/0049_000000010.jpg,notflip__0049,notflip__0049,notflip,notflip
same_sequence_cross_split,0.8386806542295694,1,2,testing/notflip/0049_000000028.jpg,training/notflip/0049_000000017.jpg,notflip__0049,notflip__0049,notflip,notflip
same_sequence_cross_split,0.8386726681828779,2,2,testing/notflip/0049_000000026.jpg,training/notflip/0049_000000014.jpg,notflip__0049,notflip__0049,notflip,notflip
same_sequence_cross_split,0.8385299459855463,4,4,testing/notflip/0006_000000028.jpg,training/notflip/0006_000000020.jpg,notflip__0006,notflip__0006,notflip,notflip
same_sequence_cross_split,0.838514670903297,4,4,testing/notflip/0006_000000029.jpg,training/notflip/0006_000000020.jpg,notflip__0006,notflip__0006,notflip,notflip
same_sequence_cross_split,0.8384627696645214,2,2,testing/notflip/0020_000000019.jpg,training/notflip/0020_000000011.jpg,notflip__0020,notflip__0020,notflip,notflip
same_sequence_cross_split,0.8384587047090081,1,0,testing/notflip/0041_000000034.jpg,training/notflip/0041_000000017.jpg,notflip__0041,notflip__0041,notflip,notflip
same_sequence_cross_split,0.8383665001124547,4,4,testing/flip/0018_000000012.jpg,training/flip/0018_000000013.jpg,flip__0018,flip__0018,flip,flip
same_sequence_cross_split,0.8383540510272444,4,0,testing/notflip/0036_000000030.jpg,training/notflip/0036_000000012.jpg,notflip__0036,notflip__0036,notflip,notflip
same_sequence_cross_split,0.8380087075686149,2,4,testing/notflip/0030_000000004.jpg,training/notflip/0030_000000002.jpg,notflip__0030,notflip__0030,notflip,notflip
different_sequence_cross_split_cross_label,0.8377626496482085,4,4,testing/notflip/0045_000000030.jpg,training/flip/0053_000000004.jpg,notflip__0045,flip__0053,notflip,flip
different_sequence_cross_split_cross_label,0.837745560065044,4,4,testing/notflip/0045_000000030.jpg,training/flip/0053_000000005.jpg,notflip__0045,flip__0053,notflip,flip
same_sequence_cross_split,0.8376902715669773,2,0,testing/notflip/0043_000000026.jpg,training/notflip/0043_000000021.jpg,notflip__0043,notflip__0043,notflip,notflip
different_sequence_cross_split_cross_label,0.8376366403317713,1,0,testing/flip/0065_000000001.jpg,training/notflip/0058_000000027.jpg,flip__0065,notflip__0058,flip,notflip
different_sequence_cross_split_cross_label,0.8376058330277995,4,4,testing/flip/0062_000000009.jpg,training/notflip/0055_000000027.jpg,flip__0062,notflip__0055,flip,notflip
same_sequence_cross_split,0.837547516379868,4,4,testing/notflip/0010_000000026.jpg,training/notflip/0010_000000011.jpg,notflip__0010,notflip__0010,notflip,notflip
same_sequence_cross_split,0.8375457180174627,2,2,testing/notflip/0009_000000003.jpg,training/notflip/0009_000000006.jpg,notflip__0009,notflip__0009,notflip,notflip
different_sequence_cross_split_cross_label,0.8373666677893012,4,4,testing/flip/0062_000000009.jpg,training/notflip/0055_000000026.jpg,flip__0062,notflip__0055,flip,notflip
same_sequence_cross_split,0.8373063866619761,4,2,testing/notflip/0046_000000027.jpg,training/notflip/0046_000000017.jpg,notflip__0046,notflip__0046,notflip,notflip
same_sequence_cross_split,0.8372543790376588,4,4,testing/notflip/0049_000000006.jpg,training/notflip/0049_000000014.jpg,notflip__0049,notflip__0049,notflip,notflip
same_sequence_cross_split,0.8370576819277201,2,0,testing/notflip/0031_000000015.jpg,training/notflip/0031_000000024.jpg,notflip__0031,notflip__0031,notflip,notflip
same_sequence_cross_split,0.837027630036801,4,4,testing/flip/0061_000000029.jpg,training/flip/0061_000000028.jpg,flip__0061,flip__0061,flip,flip
same_sequence_cross_split,0.8366472258326643,2,0,testing/notflip/0043_000000026.jpg,training/notflip/0043_000000020.jpg,notflip__0043,notflip__0043,notflip,notflip
same_sequence_cross_split,0.8364075231189988,3,4,testing/notflip/0020_000000004.jpg,training/notflip/0020_000000013.jpg,notflip__0020,notflip__0020,notflip,notflip
same_sequence_cross_split,0.836366966549979,0,4,testing/notflip/0029_000000018.jpg,training/notflip/0029_000000030.jpg,notflip__0029,notflip__0029,notflip,notflip
same_sequence_cross_split,0.8362350903025741,0,2,testing/notflip/0019_000000012.jpg,training/notflip/0019_000000029.jpg,notflip__0019,notflip__0019,notflip,notflip
same_sequence_cross_split,0.8361839707181778,4,2,testing/flip/0060_000000055.jpg,training/flip/0060_000000054.jpg,flip__0060,flip__0060,flip,flip
same_sequence_cross_split,0.8361698134056069,3,4,testing/notflip/0054_000000023.jpg,training/notflip/0054_000000013.jpg,notflip__0054,notflip__0054,notflip,notflip
same_sequence_cross_split,0.836166183288171,2,2,testing/notflip/0049_000000028.jpg,training/notflip/0049_000000020.jpg,notflip__0049,notflip__0049,notflip,notflip
different_sequence_cross_split_cross_label,0.8360485997859888,4,2,testing/flip/0058_000000003.jpg,training/notflip/0051_000000017.jpg,flip__0058,notflip__0051,flip,notflip
same_sequence_cross_split,0.8358356246845471,1,4,testing/notflip/0056_000000022.jpg,training/notflip/0056_000000005.jpg,notflip__0056,notflip__0056,notflip,notflip
same_sequence_cross_split,0.8358236950622022,4,4,testing/flip/0058_000000004.jpg,training/flip/0058_000000011.jpg,flip__0058,flip__0058,flip,flip
same_sequence_cross_split,0.8357593430389084,0,0,testing/notflip/0056_000000022.jpg,training/notflip/0056_000000015.jpg,notflip__0056,notflip__0056,notflip,notflip
same_sequence_cross_split,0.8357268612351597,3,2,testing/notflip/0046_000000011.jpg,training/notflip/0046_000000018.jpg,notflip__0046,notflip__0046,notflip,notflip
same_sequence_cross_split,0.8356262669975011,3,0,testing/notflip/0040_000000016.jpg,training/notflip/0040_000000022.jpg,notflip__0040,notflip__0040,notflip,notflip
same_sequence_cross_split,0.83561802865183,4,4,testing/notflip/0020_000000010.jpg,training/notflip/0020_000000001.jpg,notflip__0020,notflip__0020,notflip,notflip
same_sequence_cross_split,0.8355570757199637,2,4,testing/notflip/0046_000000028.jpg,training/notflip/0046_000000023.jpg,notflip__0046,notflip__0046,notflip,notflip
same_sequence_cross_split,0.8354504050244439,0,2,testing/notflip/0015_000000005.jpg,training/notflip/0015_000000007.jpg,notflip__0015,notflip__0015,notflip,notflip
same_sequence_cross_split,0.8353388507036464,2,2,testing/notflip/0009_000000005.jpg,training/notflip/0009_000000010.jpg,notflip__0009,notflip__0009,notflip,notflip
same_sequence_cross_split,0.8352112498051953,4,0,testing/notflip/0032_000000008.jpg,training/notflip/0032_000000006.jpg,notflip__0032,notflip__0032,notflip,notflip
same_sequence_cross_split,0.8349554355445608,2,2,testing/notflip/0046_000000003.jpg,training/notflip/0046_000000018.jpg,notflip__0046,notflip__0046,notflip,notflip
same_sequence_cross_split,0.8348303521858372,3,2,testing/notflip/0037_000000019.jpg,training/notflip/0037_000000030.jpg,notflip__0037,notflip__0037,notflip,notflip
same_sequence_cross_split,0.8347496997108733,2,0,testing/notflip/0041_000000028.jpg,training/notflip/0041_000000020.jpg,notflip__0041,notflip__0041,notflip,notflip
same_sequence_cross_split,0.8347156941282443,3,4,testing/notflip/0056_000000004.jpg,training/notflip/0056_000000008.jpg,notflip__0056,notflip__0056,notflip,notflip
different_sequence_cross_split_cross_label,0.8345720240157423,3,4,testing/notflip/0058_000000025.jpg,training/flip/0065_000000008.jpg,notflip__0058,flip__0065,notflip,flip
same_sequence_cross_split,0.8344655899598163,2,2,testing/notflip/0049_000000028.jpg,training/notflip/0049_000000019.jpg,notflip__0049,notflip__0049,notflip,notflip
same_sequence_cross_split,0.8343387990674717,4,2,testing/notflip/0037_000000018.jpg,training/notflip/0037_000000029.jpg,notflip__0037,notflip__0037,notflip,notflip
same_sequence_cross_split,0.8342571713551691,1,2,testing/notflip/0049_000000012.jpg,training/notflip/0049_000000023.jpg,notflip__0049,notflip__0049,notflip,notflip
same_sequence_cross_split,0.8339804530362066,3,4,testing/notflip/0046_000000028.jpg,training/notflip/0046_000000017.jpg,notflip__0046,notflip__0046,notflip,notflip
same_sequence_cross_split,0.8339091146201567,1,4,testing/flip/0008_000000005.jpg,training/flip/0008_000000011.jpg,flip__0008,flip__0008,flip,flip
different_sequence_cross_split_cross_label,0.8338975200168254,4,4,testing/flip/0058_000000006.jpg,training/notflip/0051_000000022.jpg,flip__0058,notflip__0051,flip,notflip
same_sequence_cross_split,0.8336152937081605,0,2,testing/notflip/0049_000000012.jpg,training/notflip/0049_000000025.jpg,notflip__0049,notflip__0049,notflip,notflip
different_sequence_cross_split_cross_label,0.833517531156893,3,4,testing/notflip/0055_000000012.jpg,training/flip/0062_000000002.jpg,notflip__0055,flip__0062,notflip,flip
same_sequence_cross_split,0.8333629334972252,3,4,testing/notflip/0044_000000006.jpg,training/notflip/0044_000000005.jpg,notflip__0044,notflip__0044,notflip,notflip
same_sequence_cross_split,0.8333549559277096,4,4,testing/flip/0058_000000003.jpg,training/flip/0058_000000010.jpg,flip__0058,flip__0058,flip,flip
same_sequence_cross_split,0.8333321739540008,3,2,testing/notflip/0037_000000028.jpg,training/notflip/0037_000000016.jpg,notflip__0037,notflip__0037,notflip,notflip
same_sequence_cross_split,0.8333161200694452,1,2,testing/notflip/0030_000000022.jpg,training/notflip/0030_000000026.jpg,notflip__0030,notflip__0030,notflip,notflip
same_sequence_cross_split,0.8332497446073662,1,2,testing/notflip/0030_000000023.jpg,training/notflip/0030_000000026.jpg,notflip__0030,notflip__0030,notflip,notflip
different_sequence_cross_split_cross_label,0.8332003397943667,3,4,testing/notflip/0045_000000028.jpg,training/flip/0053_000000004.jpg,notflip__0045,flip__0053,notflip,flip
different_sequence_cross_split_cross_label,0.8331869782009922,3,4,testing/notflip/0045_000000028.jpg,training/flip/0053_000000005.jpg,notflip__0045,flip__0053,notflip,flip
same_sequence_cross_split,0.8329977954429614,1,0,testing/notflip/0006_000000009.jpg,training/notflip/0006_000000006.jpg,notflip__0006,notflip__0006,notflip,notflip
same_sequence_cross_split,0.8329223122990301,3,4,testing/notflip/0010_000000009.jpg,training/notflip/0010_000000019.jpg,notflip__0010,notflip__0010,notflip,notflip
same_sequence_cross_split,0.8329034189151417,0,2,testing/notflip/0049_000000022.jpg,training/notflip/0049_000000009.jpg,notflip__0049,notflip__0049,notflip,notflip
different_sequence_cross_split_cross_label,0.8328204550582122,4,2,testing/notflip/0058_000000025.jpg,training/flip/0065_000000011.jpg,notflip__0058,flip__0065,notflip,flip
same_sequence_cross_split,0.8327830710866126,0,2,testing/notflip/0039_000000026.jpg,training/notflip/0039_000000021.jpg,notflip__0039,notflip__0039,notflip,notflip
same_sequence_cross_split,0.8327506981648244,2,2,testing/notflip/0046_000000003.jpg,training/notflip/0046_000000017.jpg,notflip__0046,notflip__0046,notflip,notflip
same_sequence_cross_split,0.8325752984568178,4,2,testing/notflip/0042_000000013.jpg,training/notflip/0042_000000022.jpg,notflip__0042,notflip__0042,notflip,notflip
same_sequence_cross_split,0.8325541275775833,3,4,testing/flip/0047_000000026.jpg,training/flip/0047_000000028.jpg,flip__0047,flip__0047,flip,flip
same_sequence_cross_split,0.8325383252271563,2,0,testing/notflip/0051_000000012.jpg,training/notflip/0051_000000019.jpg,notflip__0051,notflip__0051,notflip,notflip
same_sequence_cross_split,0.8325244882460424,2,2,testing/flip/0038_000000026.jpg,training/flip/0038_000000036.jpg,flip__0038,flip__0038,flip,flip
same_sequence_cross_split,0.8323785520509306,0,4,testing/notflip/0031_000000008.jpg,training/notflip/0031_000000006.jpg,notflip__0031,notflip__0031,notflip,notflip
same_sequence_cross_split,0.8323444752224061,4,4,testing/flip/0058_000000003.jpg,training/flip/0058_000000009.jpg,flip__0058,flip__0058,flip,flip
same_sequence_cross_split,0.8321559707035358,2,2,testing/flip/0011_000000027.jpg,training/flip/0011_000000029.jpg,flip__0011,flip__0011,flip,flip
same_sequence_cross_split,0.8321357353173707,0,0,testing/notflip/0015_000000003.jpg,training/notflip/0015_000000001.jpg,notflip__0015,notflip__0015,notflip,notflip
same_sequence_cross_split,0.8321165677722,3,2,testing/flip/0020_000000012.jpg,training/flip/0020_000000013.jpg,flip__0020,flip__0020,flip,flip
same_sequence_cross_split,0.8318475062453642,1,2,testing/flip/0008_000000007.jpg,training/flip/0008_000000010.jpg,flip__0008,flip__0008,flip,flip
same_sequence_cross_split,0.8318253603662487,1,4,testing/flip/0061_000000029.jpg,training/flip/0061_000000030.jpg,flip__0061,flip__0061,flip,flip
same_sequence_cross_split,0.8317073011954398,2,2,testing/flip/0030_000000019.jpg,training/flip/0030_000000016.jpg,flip__0030,flip__0030,flip,flip
same_sequence_cross_split,0.8316863177928211,4,4,testing/notflip/0034_000000030.jpg,training/notflip/0034_000000020.jpg,notflip__0034,notflip__0034,notflip,notflip
same_sequence_cross_split,0.8314796918814229,2,2,testing/notflip/0049_000000028.jpg,training/notflip/0049_000000016.jpg,notflip__0049,notflip__0049,notflip,notflip
same_sequence_cross_split,0.8314517854310527,4,4,testing/notflip/0038_000000023.jpg,training/notflip/0038_000000016.jpg,notflip__0038,notflip__0038,notflip,notflip
same_sequence_cross_split,0.8314160041771503,2,2,testing/notflip/0024_000000019.jpg,training/notflip/0024_000000023.jpg,notflip__0024,notflip__0024,notflip,notflip
same_sequence_cross_split,0.8312074648241338,3,0,testing/notflip/0006_000000015.jpg,training/notflip/0006_000000020.jpg,notflip__0006,notflip__0006,notflip,notflip
same_sequence_cross_split,0.8311975199453412,4,4,testing/flip/0031_000000020.jpg,training/flip/0031_000000022.jpg,flip__0031,flip__0031,flip,flip
same_sequence_cross_split,0.8311129361958052,3,2,testing/notflip/0002_000000003.jpg,training/notflip/0002_000000023.jpg,notflip__0002,notflip__0002,notflip,notflip
same_sequence_cross_split,0.8310140624910755,3,4,testing/flip/0037_000000008.jpg,training/flip/0037_000000004.jpg,flip__0037,flip__0037,flip,flip
same_sequence_cross_split,0.8310058554758918,2,4,testing/notflip/0009_000000004.jpg,training/notflip/0009_000000008.jpg,notflip__0009,notflip__0009,notflip,notflip
same_sequence_cross_split,0.8309688122493043,2,2,testing/notflip/0009_000000012.jpg,training/notflip/0009_000000006.jpg,notflip__0009,notflip__0009,notflip,notflip
same_sequence_cross_split,0.830921009147986,2,2,testing/notflip/0024_000000006.jpg,training/notflip/0024_000000013.jpg,notflip__0024,notflip__0024,notflip,notflip
same_sequence_cross_split,0.8309002762407964,1,2,testing/notflip/0049_000000011.jpg,training/notflip/0049_000000025.jpg,notflip__0049,notflip__0049,notflip,notflip
same_sequence_cross_split,0.8307178630390074,0,2,testing/notflip/0041_000000034.jpg,training/notflip/0041_000000023.jpg,notflip__0041,notflip__0041,notflip,notflip
same_sequence_cross_split,0.8307003269680435,3,2,testing/flip/0004_000000013.jpg,training/flip/0004_000000009.jpg,flip__0004,flip__0004,flip,flip
same_sequence_cross_split,0.8305302087867814,3,0,testing/notflip/0037_000000018.jpg,training/notflip/0037_000000011.jpg,notflip__0037,notflip__0037,notflip,notflip
same_sequence_cross_split,0.8304843552118861,3,4,testing/flip/0017_000000015.jpg,training/flip/0017_000000016.jpg,flip__0017,flip__0017,flip,flip
same_sequence_cross_split,0.8300889770483152,4,0,testing/notflip/0056_000000022.jpg,training/notflip/0056_000000009.jpg,notflip__0056,notflip__0056,notflip,notflip
same_sequence_cross_split,0.8299039955471592,2,2,testing/notflip/0002_000000027.jpg,training/notflip/0002_000000016.jpg,notflip__0002,notflip__0002,notflip,notflip
same_sequence_cross_split,0.8298983796057458,2,4,testing/notflip/0036_000000014.jpg,training/notflip/0036_000000010.jpg,notflip__0036,notflip__0036,notflip,notflip
same_sequence_cross_split,0.829897614289283,0,0,testing/notflip/0058_000000025.jpg,training/notflip/0058_000000017.jpg,notflip__0058,notflip__0058,notflip,notflip
same_sequence_cross_split,0.8297670156716211,3,2,testing/notflip/0002_000000003.jpg,training/notflip/0002_000000024.jpg,notflip__0002,notflip__0002,notflip,notflip
same_sequence_cross_split,0.8296060796681707,4,4,testing/notflip/0046_000000028.jpg,training/notflip/0046_000000013.jpg,notflip__0046,notflip__0046,notflip,notflip
same_sequence_cross_split,0.8295715468828788,2,4,testing/notflip/0055_000000016.jpg,training/notflip/0055_000000030.jpg,notflip__0055,notflip__0055,notflip,notflip
same_sequence_cross_split,0.8295645028181292,2,4,testing/flip/0038_000000016.jpg,training/flip/0038_000000018.jpg,flip__0038,flip__0038,flip,flip
different_sequence_cross_split_cross_label,0.8294977849461516,4,4,testing/flip/0065_000000005.jpg,training/notflip/0058_000000015.jpg,flip__0065,notflip__0058,flip,notflip
same_sequence_cross_split,0.8293874226135699,2,0,testing/notflip/0001_000000014.jpg,training/notflip/0001_000000022.jpg,notflip__0001,notflip__0001,notflip,notflip
same_sequence_cross_split,0.829362591792286,3,2,testing/notflip/0042_000000013.jpg,training/notflip/0042_000000023.jpg,notflip__0042,notflip__0042,notflip,notflip
same_sequence_cross_split,0.8293312621278472,4,4,testing/flip/0040_000000025.jpg,training/flip/0040_000000026.jpg,flip__0040,flip__0040,flip,flip
same_sequence_cross_split,0.8293292660132994,4,4,testing/notflip/0046_000000011.jpg,training/notflip/0046_000000002.jpg,notflip__0046,notflip__0046,notflip,notflip
same_sequence_cross_split,0.8291673081488319,2,2,testing/notflip/0006_000000019.jpg,training/notflip/0006_000000022.jpg,notflip__0006,notflip__0006,notflip,notflip
same_sequence_cross_split,0.8289930053767736,2,0,testing/notflip/0032_000000029.jpg,training/notflip/0032_000000027.jpg,notflip__0032,notflip__0032,notflip,notflip
same_sequence_cross_split,0.8289650629118437,0,0,testing/notflip/0016_000000014.jpg,training/notflip/0016_000000018.jpg,notflip__0016,notflip__0016,notflip,notflip
same_sequence_cross_split,0.8289489916988007,2,4,testing/notflip/0052_000000014.jpg,training/notflip/0052_000000010.jpg,notflip__0052,notflip__0052,notflip,notflip
different_sequence_cross_split_cross_label,0.8285859232911725,4,4,testing/notflip/0055_000000012.jpg,training/flip/0062_000000001.jpg,notflip__0055,flip__0062,notflip,flip
same_sequence_cross_split,0.8284001112824864,1,4,testing/notflip/0019_000000024.jpg,training/notflip/0019_000000006.jpg,notflip__0019,notflip__0019,notflip,notflip
same_sequence_cross_split,0.8282308720563758,3,4,testing/notflip/0009_000000015.jpg,training/notflip/0009_000000010.jpg,notflip__0009,notflip__0009,notflip,notflip
same_sequence_cross_split,0.828206873402611,4,2,testing/notflip/0019_000000004.jpg,training/notflip/0019_000000016.jpg,notflip__0019,notflip__0019,notflip,notflip
same_sequence_cross_split,0.828142847077514,4,4,testing/notflip/0029_000000018.jpg,training/notflip/0029_000000014.jpg,notflip__0029,notflip__0029,notflip,notflip
different_sequence_cross_split_cross_label,0.8280834254924759,3,2,testing/notflip/0045_000000018.jpg,training/flip/0053_000000001.jpg,notflip__0045,flip__0053,notflip,flip
different_sequence_cross_split_cross_label,0.8280727690658517,3,2,testing/notflip/0045_000000018.jpg,training/flip/0053_000000002.jpg,notflip__0045,flip__0053,notflip,flip
same_sequence_cross_split,0.8280340595692379,4,2,testing/notflip/0002_000000026.jpg,training/notflip/0002_000000005.jpg,notflip__0002,notflip__0002,notflip,notflip
same_sequence_cross_split,0.8279751715619839,4,2,testing/notflip/0010_000000009.jpg,training/notflip/0010_000000023.jpg,notflip__0010,notflip__0010,notflip,notflip
same_sequence_cross_split,0.8278313673159889,3,2,testing/notflip/0038_000000020.jpg,training/notflip/0038_000000030.jpg,notflip__0038,notflip__0038,notflip,notflip
same_sequence_cross_split,0.8277914100020292,4,2,testing/notflip/0040_000000014.jpg,training/notflip/0040_000000020.jpg,notflip__0040,notflip__0040,notflip,notflip
same_sequence_cross_split,0.8277225852527779,0,4,testing/notflip/0050_000000013.jpg,training/notflip/0050_000000019.jpg,notflip__0050,notflip__0050,notflip,notflip
same_sequence_cross_split,0.8277140667175586,2,2,testing/notflip/0046_000000011.jpg,training/notflip/0046_000000022.jpg,notflip__0046,notflip__0046,notflip,notflip
same_sequence_cross_split,0.8276728745408009,4,2,testing/notflip/0037_000000014.jpg,training/notflip/0037_000000026.jpg,notflip__0037,notflip__0037,notflip,notflip
same_sequence_cross_split,0.8276659494873504,3,0,testing/notflip/0037_000000019.jpg,training/notflip/0037_000000011.jpg,notflip__0037,notflip__0037,notflip,notflip
same_sequence_cross_split,0.8276236667087535,3,0,testing/notflip/0051_000000012.jpg,training/notflip/0051_000000030.jpg,notflip__0051,notflip__0051,notflip,notflip
same_sequence_cross_split,0.8275413921680924,3,2,testing/notflip/0002_000000026.jpg,training/notflip/0002_000000004.jpg,notflip__0002,notflip__0002,notflip,notflip
same_sequence_cross_split,0.82744486932981,4,4,testing/notflip/0046_000000027.jpg,training/notflip/0046_000000015.jpg,notflip__0046,notflip__0046,notflip,notflip
same_sequence_cross_split,0.8274177607031377,3,0,testing/notflip/0001_000000004.jpg,training/notflip/0001_000000026.jpg,notflip__0001,notflip__0001,notflip,notflip
same_sequence_cross_split,0.8274170110434234,3,0,testing/notflip/0001_000000002.jpg,training/notflip/0001_000000026.jpg,notflip__0001,notflip__0001,notflip,notflip
same_sequence_cross_split,0.8272676135426433,4,4,testing/flip/0005_000000018.jpg,training/flip/0005_000000017.jpg,flip__0005,flip__0005,flip,flip
same_sequence_cross_split,0.827001756454739,4,2,testing/notflip/0038_000000005.jpg,training/notflip/0038_000000007.jpg,notflip__0038,notflip__0038,notflip,notflip
same_sequence_cross_split,0.8268417031961394,0,4,testing/notflip/0029_000000019.jpg,training/notflip/0029_000000024.jpg,notflip__0029,notflip__0029,notflip,notflip
same_sequence_cross_split,0.8268334315844823,3,2,testing/notflip/0046_000000011.jpg,training/notflip/0046_000000017.jpg,notflip__0046,notflip__0046,notflip,notflip
same_sequence_cross_split,0.8268234542711291,4,4,testing/notflip/0036_000000014.jpg,training/notflip/0036_000000009.jpg,notflip__0036,notflip__0036,notflip,notflip
same_sequence_cross_split,0.8264275684297108,3,2,testing/notflip/0010_000000009.jpg,training/notflip/0010_000000022.jpg,notflip__0010,notflip__0010,notflip,notflip
same_sequence_cross_split,0.8262587453775884,0,2,testing/notflip/0058_000000021.jpg,training/notflip/0058_000000027.jpg,notflip__0058,notflip__0058,notflip,notflip
same_sequence_cross_split,0.8259256303543878,3,2,testing/notflip/0031_000000019.jpg,training/notflip/0031_000000011.jpg,notflip__0031,notflip__0031,notflip,notflip
same_sequence_cross_split,0.8258196608427347,2,2,testing/notflip/0041_000000022.jpg,training/notflip/0041_000000033.jpg,notflip__0041,notflip__0041,notflip,notflip
same_sequence_cross_split,0.825717505959461,4,4,testing/flip/0058_000000003.jpg,training/flip/0058_000000011.jpg,flip__0058,flip__0058,flip,flip
same_sequence_cross_split,0.8256364911558843,1,2,testing/notflip/0049_000000018.jpg,training/notflip/0049_000000009.jpg,notflip__0049,notflip__0049,notflip,notflip
same_sequence_cross_split,0.8255936627628169,2,2,testing/flip/0038_000000026.jpg,training/flip/0038_000000035.jpg,flip__0038,flip__0038,flip,flip
same_sequence_cross_split,0.8255903267082276,1,2,testing/notflip/0049_000000018.jpg,training/notflip/0049_000000029.jpg,notflip__0049,notflip__0049,notflip,notflip
same_sequence_cross_split,0.8254700836406621,3,0,testing/notflip/0040_000000016.jpg,training/notflip/0040_000000024.jpg,notflip__0040,notflip__0040,notflip,notflip
same_sequence_cross_split,0.8254646928299701,3,4,testing/notflip/0031_000000015.jpg,training/notflip/0031_000000027.jpg,notflip__0031,notflip__0031,notflip,notflip
same_sequence_cross_split,0.8252766613897388,4,4,testing/notflip/0056_000000004.jpg,training/notflip/0056_000000030.jpg,notflip__0056,notflip__0056,notflip,notflip
same_sequence_cross_split,0.8250698068213822,3,4,testing/notflip/0046_000000027.jpg,training/notflip/0046_000000016.jpg,notflip__0046,notflip__0046,notflip,notflip
same_sequence_cross_split,0.8250678083350422,4,2,testing/notflip/0032_000000007.jpg,training/notflip/0032_000000009.jpg,notflip__0032,notflip__0032,notflip,notflip
same_sequence_cross_split,0.8250639254386042,4,4,testing/notflip/0010_000000026.jpg,training/notflip/0010_000000010.jpg,notflip__0010,notflip__0010,notflip,notflip
same_sequence_cross_split,0.8249806324292992,3,4,testing/notflip/0020_000000010.jpg,training/notflip/0020_000000020.jpg,notflip__0020,notflip__0020,notflip,notflip
same_sequence_cross_split,0.8249784679621819,4,4,testing/notflip/0056_000000004.jpg,training/notflip/0056_000000028.jpg,notflip__0056,notflip__0056,notflip,notflip
same_sequence_cross_split,0.8249411703525571,2,0,testing/notflip/0043_000000026.jpg,training/notflip/0043_000000019.jpg,notflip__0043,notflip__0043,notflip,notflip
same_sequence_cross_split,0.824910756455395,3,2,testing/flip/0058_000000006.jpg,training/flip/0058_000000010.jpg,flip__0058,flip__0058,flip,flip
same_sequence_cross_split,0.8248926907599777,4,4,testing/notflip/0036_000000020.jpg,training/notflip/0036_000000010.jpg,notflip__0036,notflip__0036,notflip,notflip
same_sequence_cross_split,0.8247852872680097,2,2,testing/notflip/0049_000000026.jpg,training/notflip/0049_000000013.jpg,notflip__0049,notflip__0049,notflip,notflip
same_sequence_cross_split,0.8247611372719864,4,2,testing/flip/0012_000000022.jpg,training/flip/0012_000000023.jpg,flip__0012,flip__0012,flip,flip
same_sequence_cross_split,0.8247231288386777,2,2,testing/notflip/0049_000000018.jpg,training/notflip/0049_000000008.jpg,notflip__0049,notflip__0049,notflip,notflip
same_sequence_cross_split,0.8246733351935636,2,4,testing/notflip/0031_000000010.jpg,training/notflip/0031_000000026.jpg,notflip__0031,notflip__0031,notflip,notflip
same_sequence_cross_split,0.8245757504358845,3,0,testing/notflip/0040_000000018.jpg,training/notflip/0040_000000028.jpg,notflip__0040,notflip__0040,notflip,notflip
same_sequence_cross_split,0.8245097335824824,3,2,testing/notflip/0041_000000011.jpg,training/notflip/0041_000000008.jpg,notflip__0041,notflip__0041,notflip,notflip
same_sequence_cross_split,0.8245024845348045,4,4,testing/notflip/0020_000000016.jpg,training/notflip/0020_000000007.jpg,notflip__0020,notflip__0020,notflip,notflip
same_sequence_cross_split,0.8244495442987303,3,2,testing/notflip/0037_000000018.jpg,training/notflip/0037_000000030.jpg,notflip__0037,notflip__0037,notflip,notflip
same_sequence_cross_split,0.8243890159869348,3,4,testing/notflip/0039_000000003.jpg,training/notflip/0039_000000006.jpg,notflip__0039,notflip__0039,notflip,notflip
different_sequence_cross_split_cross_label,0.8243725549357065,4,4,testing/flip/0058_000000006.jpg,training/notflip/0051_000000016.jpg,flip__0058,notflip__0051,flip,notflip
same_sequence_cross_split,0.824324097682211,3,2,testing/notflip/0002_000000026.jpg,training/notflip/0002_000000007.jpg,notflip__0002,notflip__0002,notflip,notflip
same_sequence_cross_split,0.824308772524635,3,4,testing/notflip/0049_000000006.jpg,training/notflip/0049_000000010.jpg,notflip__0049,notflip__0049,notflip,notflip
same_sequence_cross_split,0.8242432555571767,3,0,testing/notflip/0006_000000016.jpg,training/notflip/0006_000000020.jpg,notflip__0006,notflip__0006,notflip,notflip
same_sequence_cross_split,0.8241675189161555,1,0,testing/notflip/0031_000000020.jpg,training/notflip/0031_000000023.jpg,notflip__0031,notflip__0031,notflip,notflip
same_sequence_cross_split,0.8241406472400526,1,0,testing/notflip/0024_000000025.jpg,training/notflip/0024_000000028.jpg,notflip__0024,notflip__0024,notflip,notflip
different_sequence_cross_split_cross_label,0.8240767134289843,0,2,testing/notflip/0039_000000022.jpg,training/flip/0048_000000009.jpg,notflip__0039,flip__0048,notflip,flip
same_sequence_cross_split,0.824055717705761,4,4,testing/notflip/0052_000000014.jpg,training/notflip/0052_000000008.jpg,notflip__0052,notflip__0052,notflip,notflip
same_sequence_cross_split,0.824005474632652,1,0,testing/notflip/0001_000000014.jpg,training/notflip/0001_000000012.jpg,notflip__0001,notflip__0001,notflip,notflip
same_sequence_cross_split,0.8239605452370483,3,4,testing/notflip/0003_000000004.jpg,training/notflip/0003_000000001.jpg,notflip__0003,notflip__0003,notflip,notflip
same_sequence_cross_split,0.8238839437069266,1,4,testing/flip/0030_000000009.jpg,training/flip/0030_000000005.jpg,flip__0030,flip__0030,flip,flip
same_sequence_cross_split,0.8238273321064452,2,2,testing/notflip/0004_000000002.jpg,training/notflip/0004_000000005.jpg,notflip__0004,notflip__0004,notflip,notflip
same_sequence_cross_split,0.8236931459743809,2,4,testing/notflip/0031_000000010.jpg,training/notflip/0031_000000025.jpg,notflip__0031,notflip__0031,notflip,notflip
same_sequence_cross_split,0.8236692168468089,1,2,testing/notflip/0019_000000024.jpg,training/notflip/0019_000000021.jpg,notflip__0019,notflip__0019,notflip,notflip
same_sequence_cross_split,0.8233126852164286,4,2,testing/notflip/0049_000000018.jpg,training/notflip/0049_000000007.jpg,notflip__0049,notflip__0049,notflip,notflip
same_sequence_cross_split,0.8231722088876846,3,0,testing/notflip/0051_000000012.jpg,training/notflip/0051_000000015.jpg,notflip__0051,notflip__0051,notflip,notflip
same_sequence_cross_split,0.823137090450232,4,2,testing/notflip/0046_000000003.jpg,training/notflip/0046_000000021.jpg,notflip__0046,notflip__0046,notflip,notflip
same_sequence_cross_split,0.8230872054936583,3,0,testing/notflip/0001_000000024.jpg,training/notflip/0001_000000005.jpg,notflip__0001,notflip__0001,notflip,notflip
same_sequence_cross_split,0.8230810900075668,3,0,testing/notflip/0001_000000024.jpg,training/notflip/0001_000000001.jpg,notflip__0001,notflip__0001,notflip,notflip
same_sequence_cross_split,0.8230536920778042,3,0,testing/notflip/0001_000000024.jpg,training/notflip/0001_000000003.jpg,notflip__0001,notflip__0001,notflip,notflip
different_sequence_cross_split_cross_label,0.823014497396006,3,2,testing/notflip/0045_000000026.jpg,training/flip/0053_000000003.jpg,notflip__0045,flip__0053,notflip,flip
same_sequence_cross_split,0.8229983797407472,1,4,testing/notflip/0020_000000010.jpg,training/notflip/0020_000000017.jpg,notflip__0020,notflip__0020,notflip,notflip
same_sequence_cross_split,0.8229057654776423,2,2,testing/notflip/0038_000000020.jpg,training/notflip/0038_000000027.jpg,notflip__0038,notflip__0038,notflip,notflip
same_sequence_cross_split,0.8228522708593677,2,2,testing/notflip/0024_000000019.jpg,training/notflip/0024_000000001.jpg,notflip__0024,notflip__0024,notflip,notflip
same_sequence_cross_split,0.8228521387561699,4,2,testing/flip/0065_000000005.jpg,training/flip/0065_000000011.jpg,flip__0065,flip__0065,flip,flip
same_sequence_cross_split,0.8227484851092624,3,2,testing/flip/0060_000000006.jpg,training/flip/0060_000000003.jpg,flip__0060,flip__0060,flip,flip
same_sequence_cross_split,0.8226689151899004,3,4,testing/notflip/0026_000000004.jpg,training/notflip/0026_000000007.jpg,notflip__0026,notflip__0026,notflip,notflip
same_sequence_cross_split,0.8225665362669434,2,4,testing/notflip/0056_000000007.jpg,training/notflip/0056_000000010.jpg,notflip__0056,notflip__0056,notflip,notflip
same_sequence_cross_split,0.8222592794210981,4,4,testing/notflip/0052_000000014.jpg,training/notflip/0052_000000009.jpg,notflip__0052,notflip__0052,notflip,notflip
same_sequence_cross_split,0.8221479189247317,3,4,testing/notflip/0024_000000022.jpg,training/notflip/0024_000000017.jpg,notflip__0024,notflip__0024,notflip,notflip
same_sequence_cross_split,0.8221065687399322,2,4,testing/notflip/0056_000000007.jpg,training/notflip/0056_000000025.jpg,notflip__0056,notflip__0056,notflip,notflip
same_sequence_cross_split,0.8220136963287489,1,2,testing/notflip/0049_000000012.jpg,training/notflip/0049_000000024.jpg,notflip__0049,notflip__0049,notflip,notflip
same_sequence_cross_split,0.8219553836976691,4,0,testing/flip/0030_000000012.jpg,training/flip/0030_000000015.jpg,flip__0030,flip__0030,flip,flip
same_sequence_cross_split,0.8218445745392515,1,2,testing/notflip/0049_000000022.jpg,training/notflip/0049_000000008.jpg,notflip__0049,notflip__0049,notflip,notflip
same_sequence_cross_split,0.8217616789663669,3,2,testing/notflip/0002_000000003.jpg,training/notflip/0002_000000025.jpg,notflip__0002,notflip__0002,notflip,notflip
same_sequence_cross_split,0.8217532642982083,2,4,testing/flip/0060_000000032.jpg,training/flip/0060_000000033.jpg,flip__0060,flip__0060,flip,flip
same_sequence_cross_split,0.8216171594498021,2,2,testing/notflip/0038_000000020.jpg,training/notflip/0038_000000029.jpg,notflip__0038,notflip__0038,notflip,notflip
same_sequence_cross_split,0.8216090090612543,3,2,testing/notflip/0038_000000020.jpg,training/notflip/0038_000000028.jpg,notflip__0038,notflip__0038,notflip,notflip
same_sequence_cross_split,0.82148796794725,1,2,testing/flip/0038_000000026.jpg,training/flip/0038_000000031.jpg,flip__0038,flip__0038,flip,flip
same_sequence_cross_split,0.8207843404684422,3,0,testing/notflip/0051_000000025.jpg,training/notflip/0051_000000029.jpg,notflip__0051,notflip__0051,notflip,notflip
same_sequence_cross_split,0.8207738520917127,4,2,testing/notflip/0040_000000014.jpg,training/notflip/0040_000000019.jpg,notflip__0040,notflip__0040,notflip,notflip
same_sequence_cross_split,0.8207049680743069,2,0,testing/flip/0011_000000027.jpg,training/flip/0011_000000025.jpg,flip__0011,flip__0011,flip,flip
same_sequence_cross_split,0.8205731519772274,2,4,testing/flip/0012_000000029.jpg,training/flip/0012_000000028.jpg,flip__0012,flip__0012,flip,flip
same_sequence_cross_split,0.8204847656559219,3,4,testing/notflip/0049_000000006.jpg,training/notflip/0049_000000015.jpg,notflip__0049,notflip__0049,notflip,notflip
same_sequence_cross_split,0.8203005069422218,1,4,testing/notflip/0009_000000012.jpg,training/notflip/0009_000000018.jpg,notflip__0009,notflip__0009,notflip,notflip
same_sequence_cross_split,0.8201817079177792,4,0,testing/notflip/0006_000000019.jpg,training/notflip/0006_000000012.jpg,notflip__0006,notflip__0006,notflip,notflip
same_sequence_cross_split,0.8201026610201493,2,2,testing/notflip/0002_000000026.jpg,training/notflip/0002_000000009.jpg,notflip__0002,notflip__0002,notflip,notflip
same_sequence_cross_split,0.8198510609104193,2,4,testing/notflip/0046_000000028.jpg,training/notflip/0046_000000024.jpg,notflip__0046,notflip__0046,notflip,notflip
same_sequence_cross_split,0.8197179292346545,1,4,testing/notflip/0019_000000025.jpg,training/notflip/0019_000000006.jpg,notflip__0019,notflip__0019,notflip,notflip
same_sequence_cross_split,0.8196627876688846,4,4,testing/notflip/0036_000000020.jpg,training/notflip/0036_000000009.jpg,notflip__0036,notflip__0036,notflip,notflip
same_sequence_cross_split,0.8196293417288258,0,4,testing/notflip/0029_000000018.jpg,training/notflip/0029_000000024.jpg,notflip__0029,notflip__0029,notflip,notflip
same_sequence_cross_split,0.8195935392928106,2,0,testing/notflip/0040_000000016.jpg,training/notflip/0040_000000023.jpg,notflip__0040,notflip__0040,notflip,notflip
same_sequence_cross_split,0.8193339451934442,2,4,testing/flip/0038_000000007.jpg,training/flip/0038_000000005.jpg,flip__0038,flip__0038,flip,flip
same_sequence_cross_split,0.8191432002050894,1,4,testing/notflip/0009_000000003.jpg,training/notflip/0009_000000007.jpg,notflip__0009,notflip__0009,notflip,notflip
same_sequence_cross_split,0.8191347815875911,2,4,testing/notflip/0009_000000017.jpg,training/notflip/0009_000000011.jpg,notflip__0009,notflip__0009,notflip,notflip
same_sequence_cross_split,0.8190938074416886,2,4,testing/notflip/0020_000000010.jpg,training/notflip/0020_000000018.jpg,notflip__0020,notflip__0020,notflip,notflip
same_sequence_cross_split,0.8188490993957739,3,4,testing/flip/0021_000000027.jpg,training/flip/0021_000000026.jpg,flip__0021,flip__0021,flip,flip
same_sequence_cross_split,0.8188412839306607,4,4,testing/notflip/0037_000000010.jpg,training/notflip/0037_000000020.jpg,notflip__0037,notflip__0037,notflip,notflip
same_sequence_cross_split,0.8188207212942625,4,4,testing/notflip/0056_000000004.jpg,training/notflip/0056_000000012.jpg,notflip__0056,notflip__0056,notflip,notflip
same_sequence_cross_split,0.8187968302715041,4,4,testing/notflip/0049_000000012.jpg,training/notflip/0049_000000005.jpg,notflip__0049,notflip__0049,notflip,notflip
same_sequence_cross_split,0.8184424986537092,3,4,testing/notflip/0055_000000013.jpg,training/notflip/0055_000000030.jpg,notflip__0055,notflip__0055,notflip,notflip
same_sequence_cross_split,0.8182896147172881,1,2,testing/notflip/0002_000000028.jpg,training/notflip/0002_000000018.jpg,notflip__0002,notflip__0002,notflip,notflip
same_sequence_cross_split,0.8179739678030394,4,4,testing/notflip/0029_000000019.jpg,training/notflip/0029_000000014.jpg,notflip__0029,notflip__0029,notflip,notflip
same_sequence_cross_split,0.8178680951341373,1,0,testing/notflip/0016_000000014.jpg,training/notflip/0016_000000022.jpg,notflip__0016,notflip__0016,notflip,notflip
same_sequence_cross_split,0.8177674636163033,0,0,testing/notflip/0058_000000025.jpg,training/notflip/0058_000000019.jpg,notflip__0058,notflip__0058,notflip,notflip
same_sequence_cross_split,0.8175508453380839,1,2,testing/notflip/0009_000000004.jpg,training/notflip/0009_000000001.jpg,notflip__0009,notflip__0009,notflip,notflip
same_sequence_cross_split,0.8174284714370162,2,2,testing/flip/0038_000000032.jpg,training/flip/0038_000000029.jpg,flip__0038,flip__0038,flip,flip
same_sequence_cross_split,0.8169750529661978,1,0,testing/notflip/0024_000000025.jpg,training/notflip/0024_000000030.jpg,notflip__0024,notflip__0024,notflip,notflip
same_sequence_cross_split,0.8169175990827479,2,2,testing/flip/0038_000000010.jpg,training/flip/0038_000000012.jpg,flip__0038,flip__0038,flip,flip
same_sequence_cross_split,0.8167486458110357,1,0,testing/notflip/0031_000000017.jpg,training/notflip/0031_000000023.jpg,notflip__0031,notflip__0031,notflip,notflip
same_sequence_cross_split,0.81664554498586,4,4,testing/notflip/0036_000000025.jpg,training/notflip/0036_000000008.jpg,notflip__0036,notflip__0036,notflip,notflip
same_sequence_cross_split,0.8162618494534372,2,4,testing/notflip/0046_000000027.jpg,training/notflip/0046_000000014.jpg,notflip__0046,notflip__0046,notflip,notflip
same_sequence_cross_split,0.8161508548144978,0,4,testing/notflip/0007_000000010.jpg,training/notflip/0007_000000004.jpg,notflip__0007,notflip__0007,notflip,notflip
same_sequence_cross_split,0.8159865592728216,2,2,testing/notflip/0026_000000029.jpg,training/notflip/0026_000000020.jpg,notflip__0026,notflip__0026,notflip,notflip
same_sequence_cross_split,0.8159807909980076,3,4,testing/notflip/0056_000000007.jpg,training/notflip/0056_000000014.jpg,notflip__0056,notflip__0056,notflip,notflip
same_sequence_cross_split,0.8158462050496578,2,2,testing/notflip/0002_000000027.jpg,training/notflip/0002_000000017.jpg,notflip__0002,notflip__0002,notflip,notflip
same_sequence_cross_split,0.8158414088765567,4,2,testing/flip/0040_000000028.jpg,training/flip/0040_000000027.jpg,flip__0040,flip__0040,flip,flip
same_sequence_cross_split,0.8156226818482897,0,4,testing/notflip/0019_000000015.jpg,training/notflip/0019_000000028.jpg,notflip__0019,notflip__0019,notflip,notflip
same_sequence_cross_split,0.8154409512539635,1,0,testing/notflip/0045_000000028.jpg,training/notflip/0045_000000017.jpg,notflip__0045,notflip__0045,notflip,notflip
same_sequence_cross_split,0.8151927927938646,1,2,testing/notflip/0009_000000005.jpg,training/notflip/0009_000000011.jpg,notflip__0009,notflip__0009,notflip,notflip
same_sequence_cross_split,0.8151009601770612,3,4,testing/notflip/0006_000000023.jpg,training/notflip/0006_000000030.jpg,notflip__0006,notflip__0006,notflip,notflip
same_sequence_cross_split,0.8147089974087898,1,2,testing/notflip/0019_000000025.jpg,training/notflip/0019_000000021.jpg,notflip__0019,notflip__0019,notflip,notflip
same_sequence_cross_split,0.8146941241033591,3,4,testing/notflip/0006_000000021.jpg,training/notflip/0006_000000026.jpg,notflip__0006,notflip__0006,notflip,notflip
same_sequence_cross_split,0.81468716619872,3,4,testing/notflip/0006_000000025.jpg,training/notflip/0006_000000020.jpg,notflip__0006,notflip__0006,notflip,notflip
same_sequence_cross_split,0.8145018603126457,4,4,testing/notflip/0011_000000027.jpg,training/notflip/0011_000000023.jpg,notflip__0011,notflip__0011,notflip,notflip
same_sequence_cross_split,0.8142687281382838,1,4,testing/notflip/0057_000000003.jpg,training/notflip/0057_000000009.jpg,notflip__0057,notflip__0057,notflip,notflip
same_sequence_cross_split,0.8140102154105668,1,0,testing/notflip/0008_000000008.jpg,training/notflip/0008_000000004.jpg,notflip__0008,notflip__0008,notflip,notflip
same_sequence_cross_split,0.8139761900312685,4,4,testing/notflip/0043_000000024.jpg,training/notflip/0043_000000009.jpg,notflip__0043,notflip__0043,notflip,notflip
same_sequence_cross_split,0.813879617762631,2,0,testing/notflip/0056_000000022.jpg,training/notflip/0056_000000016.jpg,notflip__0056,notflip__0056,notflip,notflip
same_sequence_cross_split,0.8138627570067685,3,2,testing/notflip/0032_000000029.jpg,training/notflip/0032_000000022.jpg,notflip__0032,notflip__0032,notflip,notflip
same_sequence_cross_split,0.8136376056438398,4,2,testing/notflip/0036_000000028.jpg,training/notflip/0036_000000010.jpg,notflip__0036,notflip__0036,notflip,notflip
same_sequence_cross_split,0.8136047816629849,2,4,testing/notflip/0009_000000004.jpg,training/notflip/0009_000000009.jpg,notflip__0009,notflip__0009,notflip,notflip
same_sequence_cross_split,0.8134797291619188,2,2,testing/notflip/0046_000000012.jpg,training/notflip/0046_000000022.jpg,notflip__0046,notflip__0046,notflip,notflip
same_sequence_cross_split,0.8134714241098014,3,2,testing/notflip/0029_000000005.jpg,training/notflip/0029_000000002.jpg,notflip__0029,notflip__0029,notflip,notflip
same_sequence_cross_split,0.8134594487605964,4,4,testing/notflip/0010_000000026.jpg,training/notflip/0010_000000015.jpg,notflip__0010,notflip__0010,notflip,notflip
same_sequence_cross_split,0.8133490736102332,2,4,testing/flip/0036_000000014.jpg,training/flip/0036_000000012.jpg,flip__0036,flip__0036,flip,flip
same_sequence_cross_split,0.8131787911732171,3,4,testing/flip/0020_000000010.jpg,training/flip/0020_000000006.jpg,flip__0020,flip__0020,flip,flip
same_sequence_cross_split,0.813173468098992,4,2,testing/notflip/0002_000000027.jpg,training/notflip/0002_000000005.jpg,notflip__0002,notflip__0002,notflip,notflip
same_sequence_cross_split,0.8130492340602562,3,2,testing/notflip/0032_000000029.jpg,training/notflip/0032_000000023.jpg,notflip__0032,notflip__0032,notflip,notflip
same_sequence_cross_split,0.8126745429758445,3,2,testing/notflip/0002_000000027.jpg,training/notflip/0002_000000004.jpg,notflip__0002,notflip__0002,notflip,notflip
same_sequence_cross_split,0.8124110407112615,0,0,testing/notflip/0041_000000021.jpg,training/notflip/0041_000000031.jpg,notflip__0041,notflip__0041,notflip,notflip
same_sequence_cross_split,0.8121709292432033,3,2,testing/notflip/0038_000000020.jpg,training/notflip/0038_000000026.jpg,notflip__0038,notflip__0038,notflip,notflip
same_sequence_cross_split,0.8121285613316821,4,2,testing/notflip/0026_000000024.jpg,training/notflip/0026_000000019.jpg,notflip__0026,notflip__0026,notflip,notflip
same_sequence_cross_split,0.8119726914886813,3,4,testing/notflip/0026_000000004.jpg,training/notflip/0026_000000008.jpg,notflip__0026,notflip__0026,notflip,notflip
same_sequence_cross_split,0.811896827813115,4,4,testing/flip/0060_000000008.jpg,training/flip/0060_000000003.jpg,flip__0060,flip__0060,flip,flip
same_sequence_cross_split,0.8117933893151079,4,4,testing/flip/0060_000000008.jpg,training/flip/0060_000000001.jpg,flip__0060,flip__0060,flip,flip
same_sequence_cross_split,0.8116136875522794,4,2,testing/notflip/0036_000000028.jpg,training/notflip/0036_000000009.jpg,notflip__0036,notflip__0036,notflip,notflip
same_sequence_cross_split,0.8115382625295645,2,4,testing/notflip/0043_000000026.jpg,training/notflip/0043_000000009.jpg,notflip__0043,notflip__0043,notflip,notflip
same_sequence_cross_split,0.8115317141267708,2,2,testing/notflip/0024_000000007.jpg,training/notflip/0024_000000014.jpg,notflip__0024,notflip__0024,notflip,notflip
different_sequence_cross_split_cross_label,0.8112120026730006,3,2,testing/flip/0036_000000007.jpg,training/notflip/0028_000000030.jpg,flip__0036,notflip__0028,flip,notflip
same_sequence_cross_split,0.8111991926834426,4,4,testing/flip/0058_000000003.jpg,training/flip/0058_000000007.jpg,flip__0058,flip__0058,flip,flip
same_sequence_cross_split,0.8111982507746756,4,4,testing/notflip/0037_000000018.jpg,training/notflip/0037_000000009.jpg,notflip__0037,notflip__0037,notflip,notflip
same_sequence_cross_split,0.8111050232217182,4,4,testing/flip/0060_000000008.jpg,training/flip/0060_000000002.jpg,flip__0060,flip__0060,flip,flip
same_sequence_cross_split,0.8110894225510998,4,0,testing/notflip/0001_000000009.jpg,training/notflip/0001_000000017.jpg,notflip__0001,notflip__0001,notflip,notflip
same_sequence_cross_split,0.8108568061213021,1,4,testing/flip/0009_000000007.jpg,training/flip/0009_000000014.jpg,flip__0009,flip__0009,flip,flip
same_sequence_cross_split,0.8106787419496135,4,4,testing/flip/0060_000000004.jpg,training/flip/0060_000000007.jpg,flip__0060,flip__0060,flip,flip
same_sequence_cross_split,0.8106368219925435,3,2,testing/notflip/0019_000000004.jpg,training/notflip/0019_000000007.jpg,notflip__0019,notflip__0019,notflip,notflip
same_sequence_cross_split,0.8105808154601152,2,4,testing/notflip/0055_000000012.jpg,training/notflip/0055_000000030.jpg,notflip__0055,notflip__0055,notflip,notflip
same_sequence_cross_split,0.8105663892512355,1,4,testing/notflip/0004_000000010.jpg,training/notflip/0004_000000008.jpg,notflip__0004,notflip__0004,notflip,notflip
same_sequence_cross_split,0.8102989140883936,4,2,testing/notflip/0019_000000004.jpg,training/notflip/0019_000000011.jpg,notflip__0019,notflip__0019,notflip,notflip
same_sequence_cross_split,0.8102482566607458,2,2,testing/notflip/0002_000000028.jpg,training/notflip/0002_000000016.jpg,notflip__0002,notflip__0002,notflip,notflip
same_sequence_cross_split,0.8102406375250788,2,2,testing/notflip/0049_000000028.jpg,training/notflip/0049_000000015.jpg,notflip__0049,notflip__0049,notflip,notflip
same_sequence_cross_split,0.8101941574193914,4,4,testing/flip/0054_000000015.jpg,training/flip/0054_000000012.jpg,flip__0054,flip__0054,flip,flip
same_sequence_cross_split,0.8101898555690863,4,4,testing/notflip/0037_000000019.jpg,training/notflip/0037_000000009.jpg,notflip__0037,notflip__0037,notflip,notflip
same_sequence_cross_split,0.8101238967749241,2,4,testing/notflip/0056_000000011.jpg,training/notflip/0056_000000006.jpg,notflip__0056,notflip__0056,notflip,notflip
different_sequence_cross_split_cross_label,0.8099121839195184,3,4,testing/flip/0006_000000001.jpg,training/notflip/0007_000000021.jpg,flip__0006,notflip__0007,flip,notflip
same_sequence_cross_split,0.80975580770983,3,0,testing/notflip/0001_000000004.jpg,training/notflip/0001_000000025.jpg,notflip__0001,notflip__0001,notflip,notflip
same_sequence_cross_split,0.8097557236645982,3,0,testing/notflip/0001_000000002.jpg,training/notflip/0001_000000025.jpg,notflip__0001,notflip__0001,notflip,notflip
same_sequence_cross_split,0.8096899821385587,1,2,testing/notflip/0046_000000027.jpg,training/notflip/0046_000000013.jpg,notflip__0046,notflip__0046,notflip,notflip
same_sequence_cross_split,0.809661261498775,1,0,testing/notflip/0045_000000030.jpg,training/notflip/0045_000000027.jpg,notflip__0045,notflip__0045,notflip,notflip
same_sequence_cross_split,0.8095630495313906,2,0,testing/notflip/0006_000000009.jpg,training/notflip/0006_000000014.jpg,notflip__0006,notflip__0006,notflip,notflip
same_sequence_cross_split,0.8094415960143012,2,0,testing/flip/0011_000000026.jpg,training/flip/0011_000000024.jpg,flip__0011,flip__0011,flip,flip
same_sequence_cross_split,0.809437222691131,3,2,testing/notflip/0051_000000002.jpg,training/notflip/0051_000000024.jpg,notflip__0051,notflip__0051,notflip,notflip
same_sequence_cross_split,0.809360374662806,2,0,testing/notflip/0006_000000016.jpg,training/notflip/0006_000000011.jpg,notflip__0006,notflip__0006,notflip,notflip
different_sequence_cross_split_cross_label,0.8093455124219965,1,4,testing/flip/0048_000000010.jpg,training/notflip/0039_000000021.jpg,flip__0048,notflip__0039,flip,notflip
same_sequence_cross_split,0.8089522202841073,2,2,testing/notflip/0049_000000011.jpg,training/notflip/0049_000000030.jpg,notflip__0049,notflip__0049,notflip,notflip
same_sequence_cross_split,0.8089291567528633,2,4,testing/notflip/0006_000000027.jpg,training/notflip/0006_000000022.jpg,notflip__0006,notflip__0006,notflip,notflip
same_sequence_cross_split,0.8087839828825734,2,2,testing/notflip/0043_000000024.jpg,training/notflip/0043_000000018.jpg,notflip__0043,notflip__0043,notflip,notflip
different_sequence_cross_split_cross_label,0.8087213993106549,3,4,testing/flip/0006_000000001.jpg,training/notflip/0007_000000020.jpg,flip__0006,notflip__0007,flip,notflip
same_sequence_cross_split,0.8085831130434908,4,2,testing/notflip/0041_000000036.jpg,training/notflip/0041_000000020.jpg,notflip__0041,notflip__0041,notflip,notflip
same_sequence_cross_split,0.8084099743717805,1,4,testing/notflip/0015_000000004.jpg,training/notflip/0015_000000007.jpg,notflip__0015,notflip__0015,notflip,notflip
same_sequence_cross_split,0.8083707151701658,1,0,testing/notflip/0024_000000025.jpg,training/notflip/0024_000000029.jpg,notflip__0024,notflip__0024,notflip,notflip
same_sequence_cross_split,0.8082935890740003,2,4,testing/notflip/0016_000000001.jpg,training/notflip/0016_000000007.jpg,notflip__0016,notflip__0016,notflip,notflip
same_sequence_cross_split,0.8082855960108295,4,4,testing/notflip/0037_000000010.jpg,training/notflip/0037_000000021.jpg,notflip__0037,notflip__0037,notflip,notflip
same_sequence_cross_split,0.8082471409542459,2,2,testing/notflip/0007_000000025.jpg,training/notflip/0007_000000020.jpg,notflip__0007,notflip__0007,notflip,notflip
same_sequence_cross_split,0.8082431670492954,3,2,testing/notflip/0002_000000027.jpg,training/notflip/0002_000000007.jpg,notflip__0002,notflip__0002,notflip,notflip
same_sequence_cross_split,0.8073782248555682,2,2,testing/notflip/0002_000000026.jpg,training/notflip/0002_000000011.jpg,notflip__0002,notflip__0002,notflip,notflip
same_sequence_cross_split,0.8071807143634814,2,2,testing/notflip/0002_000000026.jpg,training/notflip/0002_000000010.jpg,notflip__0002,notflip__0002,notflip,notflip
same_sequence_cross_split,0.807048758907616,0,4,testing/notflip/0029_000000019.jpg,training/notflip/0029_000000029.jpg,notflip__0029,notflip__0029,notflip,notflip
different_sequence_cross_split_cross_label,0.806947137683265,2,2,testing/notflip/0058_000000025.jpg,training/flip/0065_000000002.jpg,notflip__0058,flip__0065,notflip,flip
same_sequence_cross_split,0.8069228434136472,2,2,testing/notflip/0016_000000020.jpg,training/notflip/0016_000000010.jpg,notflip__0016,notflip__0016,notflip,notflip
same_sequence_cross_split,0.8067487329021993,2,0,testing/notflip/0051_000000025.jpg,training/notflip/0051_000000003.jpg,notflip__0051,notflip__0051,notflip,notflip
same_sequence_cross_split,0.8067089625985828,0,2,testing/notflip/0024_000000024.jpg,training/notflip/0024_000000027.jpg,notflip__0024,notflip__0024,notflip,notflip
same_sequence_cross_split,0.8066799489677764,1,2,testing/notflip/0006_000000009.jpg,training/notflip/0006_000000002.jpg,notflip__0006,notflip__0006,notflip,notflip
same_sequence_cross_split,0.8066445798454237,2,2,testing/notflip/0057_000000027.jpg,training/notflip/0057_000000014.jpg,notflip__0057,notflip__0057,notflip,notflip
same_sequence_cross_split,0.8062487055325402,1,4,testing/notflip/0056_000000011.jpg,training/notflip/0056_000000005.jpg,notflip__0056,notflip__0056,notflip,notflip
same_sequence_cross_split,0.8061842334758786,3,0,testing/flip/0038_000000032.jpg,training/flip/0038_000000037.jpg,flip__0038,flip__0038,flip,flip
same_sequence_cross_split,0.8061766517459971,2,4,testing/notflip/0056_000000007.jpg,training/notflip/0056_000000009.jpg,notflip__0056,notflip__0056,notflip,notflip
same_sequence_cross_split,0.8061496862285396,3,0,testing/notflip/0016_000000020.jpg,training/notflip/0016_000000013.jpg,notflip__0016,notflip__0016,notflip,notflip
same_sequence_cross_split,0.8061401239783705,3,4,testing/notflip/0043_000000026.jpg,training/notflip/0043_000000016.jpg,notflip__0043,notflip__0043,notflip,notflip
same_sequence_cross_split,0.8059576598545808,1,4,testing/notflip/0019_000000027.jpg,training/notflip/0019_000000006.jpg,notflip__0019,notflip__0019,notflip,notflip
same_sequence_cross_split,0.8055914865054881,3,2,testing/notflip/0041_000000014.jpg,training/notflip/0041_000000010.jpg,notflip__0041,notflip__0041,notflip,notflip
same_sequence_cross_split,0.805495756049541,2,4,testing/flip/0030_000000009.jpg,training/flip/0030_000000004.jpg,flip__0030,flip__0030,flip,flip
same_sequence_cross_split,0.8054403801898672,2,2,testing/notflip/0049_000000012.jpg,training/notflip/0049_000000027.jpg,notflip__0049,notflip__0049,notflip,notflip
same_sequence_cross_split,0.8054254399416664,3,4,testing/notflip/0041_000000015.jpg,training/notflip/0041_000000010.jpg,notflip__0041,notflip__0041,notflip,notflip
same_sequence_cross_split,0.805421192069561,0,2,testing/notflip/0016_000000014.jpg,training/notflip/0016_000000009.jpg,notflip__0016,notflip__0016,notflip,notflip
same_sequence_cross_split,0.8054064790664283,2,4,testing/notflip/0004_000000020.jpg,training/notflip/0004_000000022.jpg,notflip__0004,notflip__0004,notflip,notflip
same_sequence_cross_split,0.8051330733716967,3,2,testing/flip/0058_000000006.jpg,training/flip/0058_000000011.jpg,flip__0058,flip__0058,flip,flip
same_sequence_cross_split,0.8048935751764017,3,2,testing/flip/0021_000000027.jpg,training/flip/0021_000000028.jpg,flip__0021,flip__0021,flip,flip
same_sequence_cross_split,0.8048857513597403,4,0,testing/notflip/0045_000000028.jpg,training/notflip/0045_000000021.jpg,notflip__0045,notflip__0045,notflip,notflip
same_sequence_cross_split,0.8046924039246389,1,0,testing/notflip/0030_000000022.jpg,training/notflip/0030_000000019.jpg,notflip__0030,notflip__0030,notflip,notflip
same_sequence_cross_split,0.8046639315434057,1,0,testing/notflip/0030_000000022.jpg,training/notflip/0030_000000020.jpg,notflip__0030,notflip__0030,notflip,notflip
same_sequence_cross_split,0.8046618229899993,0,2,testing/notflip/0041_000000021.jpg,training/notflip/0041_000000035.jpg,notflip__0041,notflip__0041,notflip,notflip
same_sequence_cross_split,0.804580833452376,1,0,testing/notflip/0030_000000023.jpg,training/notflip/0030_000000019.jpg,notflip__0030,notflip__0030,notflip,notflip
same_sequence_cross_split,0.8045754755457577,3,4,testing/notflip/0009_000000015.jpg,training/notflip/0009_000000009.jpg,notflip__0009,notflip__0009,notflip,notflip
same_sequence_cross_split,0.804552627542919,1,0,testing/notflip/0030_000000023.jpg,training/notflip/0030_000000020.jpg,notflip__0030,notflip__0030,notflip,notflip
same_sequence_cross_split,0.8044713563775909,1,2,testing/notflip/0049_000000011.jpg,training/notflip/0049_000000027.jpg,notflip__0049,notflip__0049,notflip,notflip
same_sequence_cross_split,0.804375880287744,0,2,testing/notflip/0043_000000026.jpg,training/notflip/0043_000000018.jpg,notflip__0043,notflip__0043,notflip,notflip
same_sequence_cross_split,0.8043513269090455,2,0,testing/notflip/0031_000000016.jpg,training/notflip/0031_000000022.jpg,notflip__0031,notflip__0031,notflip,notflip
same_sequence_cross_split,0.8042112358947756,0,4,testing/notflip/0039_000000022.jpg,training/notflip/0039_000000027.jpg,notflip__0039,notflip__0039,notflip,notflip
same_sequence_cross_split,0.8037509220014766,3,2,testing/notflip/0019_000000012.jpg,training/notflip/0019_000000005.jpg,notflip__0019,notflip__0019,notflip,notflip
same_sequence_cross_split,0.803512516158478,0,0,testing/notflip/0045_000000030.jpg,training/notflip/0045_000000025.jpg,notflip__0045,notflip__0045,notflip,notflip
different_sequence_cross_split_cross_label,0.8032260662940194,3,4,testing/notflip/0058_000000025.jpg,training/flip/0065_000000007.jpg,notflip__0058,flip__0065,notflip,flip
same_sequence_cross_split,0.8028273222210272,3,4,testing/flip/0016_000000026.jpg,training/flip/0016_000000027.jpg,flip__0016,flip__0016,flip,flip
same_sequence_cross_split,0.8026599073552063,4,2,testing/flip/0009_000000007.jpg,training/flip/0009_000000001.jpg,flip__0009,flip__0009,flip,flip
same_sequence_cross_split,0.8024316752610133,1,2,testing/flip/0065_000000005.jpg,training/flip/0065_000000007.jpg,flip__0065,flip__0065,flip,flip
different_sequence_cross_split_cross_label,0.802141811449928,2,4,testing/flip/0048_000000011.jpg,training/notflip/0039_000000021.jpg,flip__0048,notflip__0039,flip,notflip
same_sequence_cross_split,0.8020915014787368,2,2,testing/notflip/0002_000000027.jpg,training/notflip/0002_000000009.jpg,notflip__0002,notflip__0002,notflip,notflip
same_sequence_cross_split,0.8019420074682684,1,2,testing/notflip/0032_000000029.jpg,training/notflip/0032_000000024.jpg,notflip__0032,notflip__0032,notflip,notflip
same_sequence_cross_split,0.801844008746638,0,4,testing/notflip/0039_000000022.jpg,training/notflip/0039_000000030.jpg,notflip__0039,notflip__0039,notflip,notflip
same_sequence_cross_split,0.8016736079365004,2,0,testing/notflip/0016_000000020.jpg,training/notflip/0016_000000012.jpg,notflip__0016,notflip__0016,notflip,notflip
same_sequence_cross_split,0.801546008350503,4,2,testing/notflip/0043_000000024.jpg,training/notflip/0043_000000017.jpg,notflip__0043,notflip__0043,notflip,notflip
same_sequence_cross_split,0.801250191157235,3,4,testing/flip/0030_000000019.jpg,training/flip/0030_000000015.jpg,flip__0030,flip__0030,flip,flip
same_sequence_cross_split,0.8012097937304066,2,2,testing/notflip/0005_000000018.jpg,training/notflip/0005_000000026.jpg,notflip__0005,notflip__0005,notflip,notflip
same_sequence_cross_split,0.8011645872934143,2,2,testing/notflip/0043_000000026.jpg,training/notflip/0043_000000017.jpg,notflip__0043,notflip__0043,notflip,notflip
same_sequence_cross_split,0.801146211582483,3,2,testing/notflip/0002_000000028.jpg,training/notflip/0002_000000004.jpg,notflip__0002,notflip__0002,notflip,notflip
same_sequence_cross_split,0.8010330243761733,4,4,testing/notflip/0040_000000004.jpg,training/notflip/0040_000000002.jpg,notflip__0040,notflip__0040,notflip,notflip
same_sequence_cross_split,0.800992866011052,4,4,testing/notflip/0046_000000027.jpg,training/notflip/0046_000000006.jpg,notflip__0046,notflip__0046,notflip,notflip
same_sequence_cross_split,0.8009515360898519,3,4,testing/notflip/0043_000000023.jpg,training/notflip/0043_000000009.jpg,notflip__0043,notflip__0043,notflip,notflip
same_sequence_cross_split,0.8008033380362308,1,0,testing/flip/0038_000000032.jpg,training/flip/0038_000000036.jpg,flip__0038,flip__0038,flip,flip
same_sequence_cross_split,0.8007481260661194,2,2,testing/notflip/0028_000000004.jpg,training/notflip/0028_000000007.jpg,notflip__0028,notflip__0028,notflip,notflip
same_sequence_cross_split,0.8007101124679354,1,2,testing/notflip/0045_000000018.jpg,training/notflip/0045_000000015.jpg,notflip__0045,notflip__0045,notflip,notflip
same_sequence_cross_split,0.8007029858276086,4,2,testing/notflip/0002_000000028.jpg,training/notflip/0002_000000005.jpg,notflip__0002,notflip__0002,notflip,notflip
same_sequence_cross_split,0.8006751266545191,0,0,testing/notflip/0041_000000021.jpg,training/notflip/0041_000000032.jpg,notflip__0041,notflip__0041,notflip,notflip
same_sequence_cross_split,0.8006281754747389,4,2,testing/flip/0038_000000026.jpg,training/flip/0038_000000037.jpg,flip__0038,flip__0038,flip,flip
same_sequence_cross_split,0.8005009296171145,4,2,testing/flip/0010_000000008.jpg,training/flip/0010_000000010.jpg,flip__0010,flip__0010,flip,flip
same_sequence_cross_split,0.8004695957337352,3,2,testing/notflip/0009_000000002.jpg,training/notflip/0009_000000006.jpg,notflip__0009,notflip__0009,notflip,notflip
same_sequence_cross_split,0.8004614433360984,3,2,testing/notflip/0049_000000022.jpg,training/notflip/0049_000000007.jpg,notflip__0049,notflip__0049,notflip,notflip
same_sequence_cross_split,0.8004479758226779,3,4,testing/notflip/0049_000000006.jpg,training/notflip/0049_000000016.jpg,notflip__0049,notflip__0049,notflip,notflip
same_sequence_cross_split,0.8004273261403833,1,0,testing/notflip/0001_000000014.jpg,training/notflip/0001_000000011.jpg,notflip__0001,notflip__0001,notflip,notflip
same_sequence_cross_split,0.800360536141273,2,4,testing/notflip/0009_000000003.jpg,training/notflip/0009_000000008.jpg,notflip__0009,notflip__0009,notflip,notflip
same_sequence_cross_split,0.8002525539231343,0,2,testing/flip/0008_000000007.jpg,training/flip/0008_000000003.jpg,flip__0008,flip__0008,flip,flip
same_sequence_cross_split,0.8002484938526584,4,0,testing/notflip/0051_000000012.jpg,training/notflip/0051_000000018.jpg,notflip__0051,notflip__0051,notflip,notflip
different_sequence_cross_split_cross_label,0.8001567678359431,4,4,testing/notflip/0007_000000025.jpg,training/flip/0006_000000005.jpg,notflip__0007,flip__0006,notflip,flip
same_sequence_cross_split,0.8000601772633927,4,0,testing/notflip/0001_000000009.jpg,training/notflip/0001_000000019.jpg,notflip__0001,notflip__0001,notflip,notflip
same_sequence_cross_split,0.7996703280395885,2,2,testing/flip/0037_000000024.jpg,training/flip/0037_000000027.jpg,flip__0037,flip__0037,flip,flip
same_sequence_cross_split,0.7992934255783845,4,0,testing/notflip/0051_000000025.jpg,training/notflip/0051_000000017.jpg,notflip__0051,notflip__0051,notflip,notflip
different_sequence_cross_split_cross_label,0.7990604368076742,3,4,testing/notflip/0058_000000021.jpg,training/flip/0065_000000004.jpg,notflip__0058,flip__0065,notflip,flip
same_sequence_cross_split,0.798943809195819,2,4,testing/flip/0008_000000007.jpg,training/flip/0008_000000001.jpg,flip__0008,flip__0008,flip,flip
same_sequence_cross_split,0.7987550555287769,3,0,testing/notflip/0001_000000004.jpg,training/notflip/0001_000000027.jpg,notflip__0001,notflip__0001,notflip,notflip
same_sequence_cross_split,0.7987538810037874,3,0,testing/notflip/0001_000000002.jpg,training/notflip/0001_000000027.jpg,notflip__0001,notflip__0001,notflip,notflip
same_sequence_cross_split,0.7986369633222347,2,2,testing/notflip/0002_000000026.jpg,training/notflip/0002_000000013.jpg,notflip__0002,notflip__0002,notflip,notflip
same_sequence_cross_split,0.7984747403228017,4,2,testing/notflip/0050_000000011.jpg,training/notflip/0050_000000014.jpg,notflip__0050,notflip__0050,notflip,notflip
same_sequence_cross_split,0.7983762456814948,3,2,testing/flip/0016_000000008.jpg,training/flip/0016_000000010.jpg,flip__0016,flip__0016,flip,flip
same_sequence_cross_split,0.79831849977208,2,2,testing/notflip/0016_000000020.jpg,training/notflip/0016_000000009.jpg,notflip__0016,notflip__0016,notflip,notflip
different_sequence_cross_split_cross_label,0.7982350577828575,3,4,testing/flip/0006_000000001.jpg,training/notflip/0007_000000022.jpg,flip__0006,notflip__0007,flip,notflip
same_sequence_cross_split,0.7981664245669762,3,2,testing/notflip/0003_000000018.jpg,training/notflip/0003_000000012.jpg,notflip__0003,notflip__0003,notflip,notflip
same_sequence_cross_split,0.7980741423744951,1,0,testing/notflip/0058_000000018.jpg,training/notflip/0058_000000026.jpg,notflip__0058,notflip__0058,notflip,notflip
same_sequence_cross_split,0.7978336679728243,4,4,testing/notflip/0056_000000004.jpg,training/notflip/0056_000000026.jpg,notflip__0056,notflip__0056,notflip,notflip
same_sequence_cross_split,0.7977628235128404,0,2,testing/notflip/0006_000000009.jpg,training/notflip/0006_000000003.jpg,notflip__0006,notflip__0006,notflip,notflip
different_sequence_cross_split_cross_label,0.7977238084185027,4,2,testing/notflip/0007_000000025.jpg,training/flip/0006_000000003.jpg,notflip__0007,flip__0006,notflip,flip
different_sequence_cross_split_cross_label,0.7976454521762736,4,4,testing/flip/0006_000000001.jpg,training/notflip/0007_000000019.jpg,flip__0006,notflip__0007,flip,notflip
same_sequence_cross_split,0.7970087534106778,3,4,testing/notflip/0046_000000027.jpg,training/notflip/0046_000000002.jpg,notflip__0046,notflip__0046,notflip,notflip
same_sequence_cross_split,0.7970067048142097,0,4,testing/notflip/0029_000000018.jpg,training/notflip/0029_000000029.jpg,notflip__0029,notflip__0029,notflip,notflip
same_sequence_cross_split,0.7968384429000273,3,4,testing/notflip/0049_000000006.jpg,training/notflip/0049_000000019.jpg,notflip__0049,notflip__0049,notflip,notflip
same_sequence_cross_split,0.7968260615060331,4,4,testing/notflip/0046_000000012.jpg,training/notflip/0046_000000002.jpg,notflip__0046,notflip__0046,notflip,notflip
same_sequence_cross_split,0.7965773541278448,3,4,testing/notflip/0029_000000013.jpg,training/notflip/0029_000000020.jpg,notflip__0029,notflip__0029,notflip,notflip
same_sequence_cross_split,0.7964689738974673,0,2,testing/notflip/0019_000000027.jpg,training/notflip/0019_000000030.jpg,notflip__0019,notflip__0019,notflip,notflip
same_sequence_cross_split,0.7963609402978978,1,2,testing/notflip/0019_000000027.jpg,training/notflip/0019_000000021.jpg,notflip__0019,notflip__0019,notflip,notflip
same_sequence_cross_split,0.7958703917999308,3,4,testing/notflip/0009_000000017.jpg,training/notflip/0009_000000010.jpg,notflip__0009,notflip__0009,notflip,notflip
same_sequence_cross_split,0.7954989260463836,2,2,testing/notflip/0002_000000028.jpg,training/notflip/0002_000000017.jpg,notflip__0002,notflip__0002,notflip,notflip
same_sequence_cross_split,0.7954672107216665,1,0,testing/notflip/0016_000000014.jpg,training/notflip/0016_000000021.jpg,notflip__0016,notflip__0016,notflip,notflip
same_sequence_cross_split,0.7953601096822966,1,4,testing/notflip/0009_000000012.jpg,training/notflip/0009_000000019.jpg,notflip__0009,notflip__0009,notflip,notflip
same_sequence_cross_split,0.7953307605440374,3,4,testing/notflip/0010_000000009.jpg,training/notflip/0010_000000027.jpg,notflip__0010,notflip__0010,notflip,notflip
same_sequence_cross_split,0.7951985935037572,1,4,testing/flip/0008_000000005.jpg,training/flip/0008_000000012.jpg,flip__0008,flip__0008,flip,flip
same_sequence_cross_split,0.7951306422443387,2,4,testing/notflip/0009_000000004.jpg,training/notflip/0009_000000010.jpg,notflip__0009,notflip__0009,notflip,notflip
same_sequence_cross_split,0.7950327374409065,4,4,testing/notflip/0037_000000010.jpg,training/notflip/0037_000000022.jpg,notflip__0037,notflip__0037,notflip,notflip
same_sequence_cross_split,0.7949910440533104,4,4,testing/notflip/0052_000000029.jpg,training/notflip/0052_000000016.jpg,notflip__0052,notflip__0052,notflip,notflip
same_sequence_cross_split,0.7947510000412036,1,4,testing/notflip/0056_000000027.jpg,training/notflip/0056_000000005.jpg,notflip__0056,notflip__0056,notflip,notflip
same_sequence_cross_split,0.7947233507355215,4,2,testing/notflip/0019_000000004.jpg,training/notflip/0019_000000013.jpg,notflip__0019,notflip__0019,notflip,notflip
same_sequence_cross_split,0.7946658360942932,1,2,testing/notflip/0049_000000026.jpg,training/notflip/0049_000000010.jpg,notflip__0049,notflip__0049,notflip,notflip
same_sequence_cross_split,0.7946462220226058,3,2,testing/notflip/0019_000000024.jpg,training/notflip/0019_000000005.jpg,notflip__0019,notflip__0019,notflip,notflip
same_sequence_cross_split,0.7945351455751782,3,4,testing/flip/0030_000000019.jpg,training/flip/0030_000000021.jpg,flip__0030,flip__0030,flip,flip
same_sequence_cross_split,0.7945177710121123,1,4,testing/flip/0004_000000006.jpg,training/flip/0004_000000009.jpg,flip__0004,flip__0004,flip,flip
same_sequence_cross_split,0.7944911593646161,3,2,testing/notflip/0002_000000028.jpg,training/notflip/0002_000000007.jpg,notflip__0002,notflip__0002,notflip,notflip
same_sequence_cross_split,0.794359817708317,4,4,testing/notflip/0031_000000019.jpg,training/notflip/0031_000000028.jpg,notflip__0031,notflip__0031,notflip,notflip
same_sequence_cross_split,0.7939692197397296,3,4,testing/notflip/0049_000000006.jpg,training/notflip/0049_000000020.jpg,notflip__0049,notflip__0049,notflip,notflip
same_sequence_cross_split,0.7938610816779956,3,0,testing/notflip/0001_000000002.jpg,training/notflip/0001_000000023.jpg,notflip__0001,notflip__0001,notflip,notflip
same_sequence_cross_split,0.7938608060858193,3,0,testing/notflip/0001_000000004.jpg,training/notflip/0001_000000023.jpg,notflip__0001,notflip__0001,notflip,notflip
same_sequence_cross_split,0.7937676898455918,2,4,testing/notflip/0056_000000027.jpg,training/notflip/0056_000000006.jpg,notflip__0056,notflip__0056,notflip,notflip
different_sequence_cross_split_cross_label,0.7936423126141772,3,4,testing/notflip/0047_000000024.jpg,training/flip/0055_000000011.jpg,notflip__0047,flip__0055,notflip,flip
same_sequence_cross_split,0.7935788575090871,3,4,testing/notflip/0007_000000010.jpg,training/notflip/0007_000000001.jpg,notflip__0007,notflip__0007,notflip,notflip
same_sequence_cross_split,0.7934277284964062,1,2,testing/notflip/0016_000000014.jpg,training/notflip/0016_000000008.jpg,notflip__0016,notflip__0016,notflip,notflip
same_sequence_cross_split,0.7930830348676782,2,2,testing/notflip/0002_000000026.jpg,training/notflip/0002_000000014.jpg,notflip__0002,notflip__0002,notflip,notflip
same_sequence_cross_split,0.7930398437181061,2,0,testing/notflip/0001_000000024.jpg,training/notflip/0001_000000028.jpg,notflip__0001,notflip__0001,notflip,notflip
different_sequence_cross_split_cross_label,0.7927025911451638,4,4,testing/flip/0065_000000005.jpg,training/notflip/0058_000000016.jpg,flip__0065,notflip__0058,flip,notflip
same_sequence_cross_split,0.7926920317503268,4,2,testing/flip/0018_000000012.jpg,training/flip/0018_000000014.jpg,flip__0018,flip__0018,flip,flip
same_sequence_cross_split,0.7925732899128107,3,0,testing/notflip/0003_000000018.jpg,training/notflip/0003_000000026.jpg,notflip__0003,notflip__0003,notflip,notflip
same_sequence_cross_split,0.7921358545419734,2,4,testing/notflip/0032_000000029.jpg,training/notflip/0032_000000020.jpg,notflip__0032,notflip__0032,notflip,notflip
same_sequence_cross_split,0.7917955062959279,2,2,testing/flip/0038_000000026.jpg,training/flip/0038_000000034.jpg,flip__0038,flip__0038,flip,flip
same_sequence_cross_split,0.7914206945110711,2,4,testing/notflip/0030_000000024.jpg,training/notflip/0030_000000013.jpg,notflip__0030,notflip__0030,notflip,notflip
same_sequence_cross_split,0.791352107993924,0,4,testing/notflip/0039_000000022.jpg,training/notflip/0039_000000028.jpg,notflip__0039,notflip__0039,notflip,notflip
same_sequence_cross_split,0.7912369733146599,1,4,testing/notflip/0050_000000013.jpg,training/notflip/0050_000000020.jpg,notflip__0050,notflip__0050,notflip,notflip
same_sequence_cross_split,0.7910582642250542,1,2,testing/flip/0038_000000032.jpg,training/flip/0038_000000028.jpg,flip__0038,flip__0038,flip,flip
same_sequence_cross_split,0.7910201942140885,3,0,testing/notflip/0001_000000009.jpg,training/notflip/0001_000000006.jpg,notflip__0001,notflip__0001,notflip,notflip
same_sequence_cross_split,0.79083611295331,2,2,testing/notflip/0024_000000006.jpg,training/notflip/0024_000000014.jpg,notflip__0024,notflip__0024,notflip,notflip
different_sequence_cross_split_cross_label,0.79071320505921,3,4,testing/notflip/0047_000000025.jpg,training/flip/0055_000000011.jpg,notflip__0047,flip__0055,notflip,flip
same_sequence_cross_split,0.7905562332528964,2,4,testing/notflip/0007_000000010.jpg,training/notflip/0007_000000002.jpg,notflip__0007,notflip__0007,notflip,notflip
same_sequence_cross_split,0.7904393400575425,2,2,testing/notflip/0057_000000012.jpg,training/notflip/0057_000000019.jpg,notflip__0057,notflip__0057,notflip,notflip
same_sequence_cross_split,0.7904338884503697,4,4,testing/flip/0015_000000029.jpg,training/flip/0015_000000027.jpg,flip__0015,flip__0015,flip,flip
same_sequence_cross_split,0.7902602616441352,4,4,testing/notflip/0049_000000006.jpg,training/notflip/0049_000000017.jpg,notflip__0049,notflip__0049,notflip,notflip
same_sequence_cross_split,0.7901338589607156,2,0,testing/notflip/0007_000000010.jpg,training/notflip/0007_000000015.jpg,notflip__0007,notflip__0007,notflip,notflip
same_sequence_cross_split,0.7900665633196217,2,4,testing/notflip/0009_000000002.jpg,training/notflip/0009_000000007.jpg,notflip__0009,notflip__0009,notflip,notflip
same_sequence_cross_split,0.7900242998506704,4,2,testing/notflip/0026_000000029.jpg,training/notflip/0026_000000019.jpg,notflip__0026,notflip__0026,notflip,notflip
same_sequence_cross_split,0.7897787940983094,1,2,testing/notflip/0049_000000012.jpg,training/notflip/0049_000000030.jpg,notflip__0049,notflip__0049,notflip,notflip
same_sequence_cross_split,0.7896002152487998,2,4,testing/notflip/0056_000000004.jpg,training/notflip/0056_000000010.jpg,notflip__0056,notflip__0056,notflip,notflip
same_sequence_cross_split,0.7892684751959136,3,2,testing/notflip/0007_000000025.jpg,training/notflip/0007_000000019.jpg,notflip__0007,notflip__0007,notflip,notflip
same_sequence_cross_split,0.7892046335901557,2,0,testing/notflip/0001_000000009.jpg,training/notflip/0001_000000011.jpg,notflip__0001,notflip__0001,notflip,notflip
same_sequence_cross_split,0.7889588969077197,1,4,testing/notflip/0030_000000024.jpg,training/notflip/0030_000000014.jpg,notflip__0030,notflip__0030,notflip,notflip
same_sequence_cross_split,0.7889560099732154,0,4,testing/notflip/0030_000000024.jpg,training/notflip/0030_000000015.jpg,notflip__0030,notflip__0030,notflip,notflip
same_sequence_cross_split,0.7889263959094918,4,0,testing/notflip/0003_000000018.jpg,training/notflip/0003_000000027.jpg,notflip__0003,notflip__0003,notflip,notflip
same_sequence_cross_split,0.7884198361466132,2,0,testing/notflip/0016_000000023.jpg,training/notflip/0016_000000013.jpg,notflip__0016,notflip__0016,notflip,notflip
same_sequence_cross_split,0.7879244141726691,4,4,testing/notflip/0029_000000018.jpg,training/notflip/0029_000000012.jpg,notflip__0029,notflip__0029,notflip,notflip
same_sequence_cross_split,0.7878861298943307,3,2,testing/notflip/0019_000000025.jpg,training/notflip/0019_000000005.jpg,notflip__0019,notflip__0019,notflip,notflip
same_sequence_cross_split,0.7877213681571505,2,2,testing/notflip/0002_000000028.jpg,training/notflip/0002_000000009.jpg,notflip__0002,notflip__0002,notflip,notflip
same_sequence_cross_split,0.787621404104802,0,4,testing/notflip/0029_000000019.jpg,training/notflip/0029_000000028.jpg,notflip__0029,notflip__0029,notflip,notflip
different_sequence_cross_split_same_label,0.7874659456422353,4,2,testing/notflip/0026_000000010.jpg,training/notflip/0025_000000009.jpg,notflip__0026,notflip__0025,notflip,notflip
same_sequence_cross_split,0.7873315655819013,4,4,testing/notflip/0046_000000027.jpg,training/notflip/0046_000000005.jpg,notflip__0046,notflip__0046,notflip,notflip
same_sequence_cross_split,0.7872617630335085,4,2,testing/flip/0011_000000023.jpg,training/flip/0011_000000025.jpg,flip__0011,flip__0011,flip,flip
same_sequence_cross_split,0.7869200810133483,1,0,testing/notflip/0016_000000023.jpg,training/notflip/0016_000000015.jpg,notflip__0016,notflip__0016,notflip,notflip
same_sequence_cross_split,0.7867465862852432,0,0,testing/notflip/0016_000000014.jpg,training/notflip/0016_000000019.jpg,notflip__0016,notflip__0016,notflip,notflip
same_sequence_cross_split,0.7866176440485289,4,4,testing/notflip/0002_000000026.jpg,training/notflip/0002_000000001.jpg,notflip__0002,notflip__0002,notflip,notflip
same_sequence_cross_split,0.7865324958189114,0,0,testing/notflip/0016_000000023.jpg,training/notflip/0016_000000016.jpg,notflip__0016,notflip__0016,notflip,notflip
different_sequence_cross_split_cross_label,0.7861097895937046,4,2,testing/flip/0058_000000003.jpg,training/notflip/0051_000000019.jpg,flip__0058,notflip__0051,flip,notflip
same_sequence_cross_split,0.786054927490862,4,4,testing/notflip/0056_000000004.jpg,training/notflip/0056_000000017.jpg,notflip__0056,notflip__0056,notflip,notflip
same_sequence_cross_split,0.7858613800890092,3,0,testing/notflip/0007_000000010.jpg,training/notflip/0007_000000016.jpg,notflip__0007,notflip__0007,notflip,notflip
same_sequence_cross_split,0.7856626418785105,3,4,testing/notflip/0020_000000004.jpg,training/notflip/0020_000000014.jpg,notflip__0020,notflip__0020,notflip,notflip
same_sequence_cross_split,0.7854969185162264,4,0,testing/notflip/0001_000000009.jpg,training/notflip/0001_000000012.jpg,notflip__0001,notflip__0001,notflip,notflip
same_sequence_cross_split,0.7851211418344579,2,2,testing/notflip/0049_000000011.jpg,training/notflip/0049_000000029.jpg,notflip__0049,notflip__0049,notflip,notflip
same_sequence_cross_split,0.785060261190267,2,2,testing/notflip/0002_000000027.jpg,training/notflip/0002_000000010.jpg,notflip__0002,notflip__0002,notflip,notflip
same_sequence_cross_split,0.7848641820185769,1,2,testing/notflip/0049_000000028.jpg,training/notflip/0049_000000014.jpg,notflip__0049,notflip__0049,notflip,notflip
same_sequence_cross_split,0.7848462915726695,1,4,testing/notflip/0029_000000025.jpg,training/notflip/0029_000000016.jpg,notflip__0029,notflip__0029,notflip,notflip
same_sequence_cross_split,0.7845800794233331,3,0,testing/notflip/0040_000000018.jpg,training/notflip/0040_000000015.jpg,notflip__0040,notflip__0040,notflip,notflip
same_sequence_cross_split,0.7844659992593075,1,2,testing/notflip/0049_000000026.jpg,training/notflip/0049_000000009.jpg,notflip__0049,notflip__0049,notflip,notflip
same_sequence_cross_split,0.7844245643817889,4,4,testing/notflip/0029_000000019.jpg,training/notflip/0029_000000012.jpg,notflip__0029,notflip__0029,notflip,notflip
same_sequence_cross_split,0.78436666337863,1,4,testing/notflip/0024_000000025.jpg,training/notflip/0024_000000001.jpg,notflip__0024,notflip__0024,notflip,notflip
same_sequence_cross_split,0.7843012424778454,3,4,testing/flip/0030_000000031.jpg,training/flip/0030_000000029.jpg,flip__0030,flip__0030,flip,flip
same_sequence_cross_split,0.7838545307220387,4,2,testing/notflip/0037_000000028.jpg,training/notflip/0037_000000013.jpg,notflip__0037,notflip__0037,notflip,notflip
same_sequence_cross_split,0.7838067990607533,2,2,testing/notflip/0049_000000026.jpg,training/notflip/0049_000000008.jpg,notflip__0049,notflip__0049,notflip,notflip
same_sequence_cross_split,0.7837202071549517,3,0,testing/notflip/0051_000000025.jpg,training/notflip/0051_000000030.jpg,notflip__0051,notflip__0051,notflip,notflip
same_sequence_cross_split,0.7836890545184044,4,4,testing/notflip/0046_000000027.jpg,training/notflip/0046_000000004.jpg,notflip__0046,notflip__0046,notflip,notflip
same_sequence_cross_split,0.7836804227931823,1,2,testing/notflip/0015_000000005.jpg,training/notflip/0015_000000008.jpg,notflip__0015,notflip__0015,notflip,notflip
same_sequence_cross_split,0.7836547822846817,2,4,testing/notflip/0009_000000003.jpg,training/notflip/0009_000000009.jpg,notflip__0009,notflip__0009,notflip,notflip
same_sequence_cross_split,0.783630758263314,2,4,testing/notflip/0056_000000007.jpg,training/notflip/0056_000000015.jpg,notflip__0056,notflip__0056,notflip,notflip
same_sequence_cross_split,0.7833682345341715,1,2,testing/notflip/0016_000000023.jpg,training/notflip/0016_000000009.jpg,notflip__0016,notflip__0016,notflip,notflip
same_sequence_cross_split,0.7833466504430839,3,4,testing/notflip/0009_000000015.jpg,training/notflip/0009_000000008.jpg,notflip__0009,notflip__0009,notflip,notflip
same_sequence_cross_split,0.7831992362411527,2,2,testing/notflip/0049_000000028.jpg,training/notflip/0049_000000010.jpg,notflip__0049,notflip__0049,notflip,notflip
same_sequence_cross_split,0.7830604820847198,2,4,testing/notflip/0056_000000004.jpg,training/notflip/0056_000000009.jpg,notflip__0056,notflip__0056,notflip,notflip
same_sequence_cross_split,0.783016488655424,3,2,testing/notflip/0010_000000026.jpg,training/notflip/0010_000000008.jpg,notflip__0010,notflip__0010,notflip,notflip
same_sequence_cross_split,0.7828873643648252,1,2,testing/notflip/0009_000000005.jpg,training/notflip/0009_000000001.jpg,notflip__0009,notflip__0009,notflip,notflip
same_sequence_cross_split,0.7826447433893031,3,2,testing/flip/0004_000000013.jpg,training/flip/0004_000000008.jpg,flip__0004,flip__0004,flip,flip
same_sequence_cross_split,0.7826060483487737,3,0,testing/notflip/0031_000000015.jpg,training/notflip/0031_000000022.jpg,notflip__0031,notflip__0031,notflip,notflip
same_sequence_cross_split,0.7825220422791588,2,4,testing/notflip/0041_000000006.jpg,training/notflip/0041_000000009.jpg,notflip__0041,notflip__0041,notflip,notflip
same_sequence_cross_split,0.7821268824136683,4,2,testing/notflip/0002_000000026.jpg,training/notflip/0002_000000002.jpg,notflip__0002,notflip__0002,notflip,notflip
same_sequence_cross_split,0.7821234663492177,4,4,testing/notflip/0056_000000004.jpg,training/notflip/0056_000000025.jpg,notflip__0056,notflip__0056,notflip,notflip
same_sequence_cross_split,0.7820938922138243,2,2,testing/flip/0010_000000004.jpg,training/flip/0010_000000007.jpg,flip__0010,flip__0010,flip,flip
same_sequence_cross_split,0.7817413506500315,1,0,testing/notflip/0001_000000002.jpg,training/notflip/0001_000000010.jpg,notflip__0001,notflip__0001,notflip,notflip
same_sequence_cross_split,0.7817379006498781,2,2,testing/notflip/0002_000000027.jpg,training/notflip/0002_000000011.jpg,notflip__0002,notflip__0002,notflip,notflip
same_sequence_cross_split,0.781737417120236,1,0,testing/notflip/0001_000000004.jpg,training/notflip/0001_000000010.jpg,notflip__0001,notflip__0001,notflip,notflip
same_sequence_cross_split,0.7815711803045352,3,0,testing/notflip/0007_000000010.jpg,training/notflip/0007_000000017.jpg,notflip__0007,notflip__0007,notflip,notflip
same_sequence_cross_split,0.7812103389064322,4,2,testing/flip/0010_000000009.jpg,training/flip/0010_000000007.jpg,flip__0010,flip__0010,flip,flip
same_sequence_cross_split,0.7809073840518681,4,4,testing/notflip/0024_000000019.jpg,training/notflip/0024_000000003.jpg,notflip__0024,notflip__0024,notflip,notflip
same_sequence_cross_split,0.7808968830828427,4,4,testing/notflip/0031_000000010.jpg,training/notflip/0031_000000027.jpg,notflip__0031,notflip__0031,notflip,notflip
same_sequence_cross_split,0.780813064363174,2,0,testing/notflip/0001_000000024.jpg,training/notflip/0001_000000029.jpg,notflip__0001,notflip__0001,notflip,notflip
same_sequence_cross_split,0.7806987379669402,4,4,testing/notflip/0010_000000007.jpg,training/notflip/0010_000000023.jpg,notflip__0010,notflip__0010,notflip,notflip
same_sequence_cross_split,0.7805910494848177,1,2,testing/notflip/0041_000000003.jpg,training/notflip/0041_000000008.jpg,notflip__0041,notflip__0041,notflip,notflip
same_sequence_cross_split,0.7805886159019644,1,2,testing/notflip/0041_000000001.jpg,training/notflip/0041_000000008.jpg,notflip__0041,notflip__0041,notflip,notflip
same_sequence_cross_split,0.7797577927899214,4,2,testing/notflip/0050_000000011.jpg,training/notflip/0050_000000015.jpg,notflip__0050,notflip__0050,notflip,notflip
same_sequence_cross_split,0.7797350429206023,3,4,testing/notflip/0049_000000011.jpg,training/notflip/0049_000000005.jpg,notflip__0049,notflip__0049,notflip,notflip
same_sequence_cross_split,0.7795554195911079,1,2,testing/flip/0008_000000007.jpg,training/flip/0008_000000002.jpg,flip__0008,flip__0008,flip,flip
same_sequence_cross_split,0.7794001402358619,4,2,testing/notflip/0016_000000025.jpg,training/notflip/0016_000000011.jpg,notflip__0016,notflip__0016,notflip,notflip
same_sequence_cross_split,0.7791195296638159,4,4,testing/notflip/0049_000000026.jpg,training/notflip/0049_000000007.jpg,notflip__0049,notflip__0049,notflip,notflip
different_sequence_cross_split_cross_label,0.7790765309933964,3,2,testing/notflip/0045_000000016.jpg,training/flip/0053_000000004.jpg,notflip__0045,flip__0053,notflip,flip
different_sequence_cross_split_cross_label,0.7790436374444826,3,2,testing/notflip/0045_000000016.jpg,training/flip/0053_000000005.jpg,notflip__0045,flip__0053,notflip,flip
same_sequence_cross_split,0.7785442069406112,3,2,testing/flip/0011_000000026.jpg,training/flip/0011_000000029.jpg,flip__0011,flip__0011,flip,flip
same_sequence_cross_split,0.7783980608753354,3,0,testing/notflip/0040_000000016.jpg,training/notflip/0040_000000025.jpg,notflip__0040,notflip__0040,notflip,notflip
same_sequence_cross_split,0.7783127972870529,0,4,testing/notflip/0029_000000018.jpg,training/notflip/0029_000000028.jpg,notflip__0029,notflip__0029,notflip,notflip
same_sequence_cross_split,0.7782474242605698,0,2,testing/notflip/0015_000000004.jpg,training/notflip/0015_000000001.jpg,notflip__0015,notflip__0015,notflip,notflip
same_sequence_cross_split,0.7776729070425265,1,4,testing/notflip/0005_000000005.jpg,training/notflip/0005_000000003.jpg,notflip__0005,notflip__0005,notflip,notflip
same_sequence_cross_split,0.7772890994245574,2,4,testing/notflip/0046_000000011.jpg,training/notflip/0046_000000026.jpg,notflip__0046,notflip__0046,notflip,notflip
same_sequence_cross_split,0.777183756051773,0,2,testing/notflip/0005_000000022.jpg,training/notflip/0005_000000026.jpg,notflip__0005,notflip__0005,notflip,notflip
same_sequence_cross_split,0.7771386950781338,1,4,testing/notflip/0030_000000024.jpg,training/notflip/0030_000000017.jpg,notflip__0030,notflip__0030,notflip,notflip
same_sequence_cross_split,0.7771111052126377,1,4,testing/notflip/0030_000000024.jpg,training/notflip/0030_000000016.jpg,notflip__0030,notflip__0030,notflip,notflip
same_sequence_cross_split,0.7770622119318709,4,2,testing/notflip/0019_000000004.jpg,training/notflip/0019_000000010.jpg,notflip__0019,notflip__0019,notflip,notflip
same_sequence_cross_split,0.776275607213974,1,2,testing/notflip/0041_000000021.jpg,training/notflip/0041_000000033.jpg,notflip__0041,notflip__0041,notflip,notflip
same_sequence_cross_split,0.7757869893025237,1,4,testing/notflip/0057_000000023.jpg,training/notflip/0057_000000013.jpg,notflip__0057,notflip__0057,notflip,notflip
same_sequence_cross_split,0.775547067601478,3,4,testing/notflip/0052_000000014.jpg,training/notflip/0052_000000017.jpg,notflip__0052,notflip__0052,notflip,notflip
same_sequence_cross_split,0.7752186681725681,1,4,testing/notflip/0009_000000012.jpg,training/notflip/0009_000000020.jpg,notflip__0009,notflip__0009,notflip,notflip
same_sequence_cross_split,0.7752132990544134,2,0,testing/notflip/0001_000000014.jpg,training/notflip/0001_000000006.jpg,notflip__0001,notflip__0001,notflip,notflip
different_sequence_cross_split_cross_label,0.7751441252274358,4,4,testing/notflip/0045_000000016.jpg,training/flip/0053_000000006.jpg,notflip__0045,flip__0053,notflip,flip
different_sequence_cross_split_cross_label,0.7750529749042131,4,4,testing/flip/0058_000000006.jpg,training/notflip/0051_000000010.jpg,flip__0058,notflip__0051,flip,notflip
same_sequence_cross_split,0.7749962682536883,3,0,testing/notflip/0007_000000010.jpg,training/notflip/0007_000000018.jpg,notflip__0007,notflip__0007,notflip,notflip
same_sequence_cross_split,0.7749723269300565,2,0,testing/notflip/0006_000000015.jpg,training/notflip/0006_000000010.jpg,notflip__0006,notflip__0006,notflip,notflip
same_sequence_cross_split,0.7748494492156872,1,0,testing/notflip/0028_000000024.jpg,training/notflip/0028_000000027.jpg,notflip__0028,notflip__0028,notflip,notflip
different_sequence_cross_split_cross_label,0.7748487306965153,3,4,testing/flip/0048_000000011.jpg,training/notflip/0039_000000020.jpg,flip__0048,notflip__0039,flip,notflip
same_sequence_cross_split,0.7747471028212894,2,4,testing/notflip/0006_000000025.jpg,training/notflip/0006_000000022.jpg,notflip__0006,notflip__0006,notflip,notflip
different_sequence_cross_split_same_label,0.7746940271588437,3,2,testing/notflip/0025_000000010.jpg,training/notflip/0026_000000011.jpg,notflip__0025,notflip__0026,notflip,notflip
same_sequence_cross_split,0.774243972364134,0,4,testing/notflip/0039_000000022.jpg,training/notflip/0039_000000029.jpg,notflip__0039,notflip__0039,notflip,notflip
same_sequence_cross_split,0.7741953967963887,3,4,testing/notflip/0009_000000017.jpg,training/notflip/0009_000000009.jpg,notflip__0009,notflip__0009,notflip,notflip
same_sequence_cross_split,0.774190274864687,3,4,testing/flip/0038_000000010.jpg,training/flip/0038_000000008.jpg,flip__0038,flip__0038,flip,flip
same_sequence_cross_split,0.7741459360875294,1,0,testing/notflip/0024_000000024.jpg,training/notflip/0024_000000021.jpg,notflip__0024,notflip__0024,notflip,notflip
same_sequence_cross_split,0.77413007751711,1,0,testing/notflip/0006_000000009.jpg,training/notflip/0006_000000005.jpg,notflip__0006,notflip__0006,notflip,notflip
same_sequence_cross_split,0.7741203327413835,1,4,testing/notflip/0009_000000004.jpg,training/notflip/0009_000000011.jpg,notflip__0009,notflip__0009,notflip,notflip
different_sequence_cross_split_cross_label,0.7739816056285178,4,2,testing/notflip/0045_000000022.jpg,training/flip/0053_000000001.jpg,notflip__0045,flip__0053,notflip,flip
different_sequence_cross_split_cross_label,0.7739611161927092,4,2,testing/notflip/0045_000000022.jpg,training/flip/0053_000000002.jpg,notflip__0045,flip__0053,notflip,flip
same_sequence_cross_split,0.7738553355096851,4,0,testing/notflip/0045_000000028.jpg,training/notflip/0045_000000023.jpg,notflip__0045,notflip__0045,notflip,notflip
same_sequence_cross_split,0.7737377996034802,3,4,testing/notflip/0052_000000022.jpg,training/notflip/0052_000000015.jpg,notflip__0052,notflip__0052,notflip,notflip
same_sequence_cross_split,0.7735494681542412,4,4,testing/notflip/0006_000000021.jpg,training/notflip/0006_000000030.jpg,notflip__0006,notflip__0006,notflip,notflip
different_sequence_cross_split_cross_label,0.7734307850178613,2,4,testing/flip/0048_000000010.jpg,training/notflip/0039_000000020.jpg,flip__0048,notflip__0039,flip,notflip
same_sequence_cross_split,0.7733867624470601,4,0,testing/notflip/0006_000000019.jpg,training/notflip/0006_000000011.jpg,notflip__0006,notflip__0006,notflip,notflip
same_sequence_cross_split,0.7733063825400122,1,2,testing/notflip/0049_000000028.jpg,training/notflip/0049_000000013.jpg,notflip__0049,notflip__0049,notflip,notflip
same_sequence_cross_split,0.773231983562111,4,2,testing/notflip/0040_000000014.jpg,training/notflip/0040_000000023.jpg,notflip__0040,notflip__0040,notflip,notflip
same_sequence_cross_split,0.7731951248454753,4,2,testing/notflip/0003_000000018.jpg,training/notflip/0003_000000011.jpg,notflip__0003,notflip__0003,notflip,notflip
same_sequence_cross_split,0.772907698158673,4,0,testing/notflip/0040_000000017.jpg,training/notflip/0040_000000028.jpg,notflip__0040,notflip__0040,notflip,notflip
same_sequence_cross_split,0.7728426440196109,3,4,testing/notflip/0009_000000002.jpg,training/notflip/0009_000000008.jpg,notflip__0009,notflip__0009,notflip,notflip
same_sequence_cross_split,0.7727819587748606,4,4,testing/notflip/0040_000000005.jpg,training/notflip/0040_000000002.jpg,notflip__0040,notflip__0040,notflip,notflip
same_sequence_cross_split,0.7727523444603224,4,4,testing/flip/0019_000000014.jpg,training/flip/0019_000000016.jpg,flip__0019,flip__0019,flip,flip
different_sequence_cross_split_cross_label,0.7725877136456448,3,2,testing/notflip/0058_000000021.jpg,training/flip/0065_000000003.jpg,notflip__0058,flip__0065,notflip,flip
same_sequence_cross_split,0.772437699244776,3,4,testing/notflip/0049_000000006.jpg,training/notflip/0049_000000021.jpg,notflip__0049,notflip__0049,notflip,notflip
same_sequence_cross_split,0.7723665366924544,0,4,testing/notflip/0057_000000012.jpg,training/notflip/0057_000000020.jpg,notflip__0057,notflip__0057,notflip,notflip
same_sequence_cross_split,0.7722608732392233,2,2,testing/notflip/0049_000000028.jpg,training/notflip/0049_000000009.jpg,notflip__0049,notflip__0049,notflip,notflip
same_sequence_cross_split,0.7720482839690436,3,2,testing/notflip/0052_000000022.jpg,training/notflip/0052_000000027.jpg,notflip__0052,notflip__0052,notflip,notflip
same_sequence_cross_split,0.7719681438863779,0,2,testing/notflip/0003_000000030.jpg,training/notflip/0003_000000027.jpg,notflip__0003,notflip__0003,notflip,notflip
same_sequence_cross_split,0.7717225274037454,4,2,testing/notflip/0006_000000015.jpg,training/notflip/0006_000000022.jpg,notflip__0006,notflip__0006,notflip,notflip
same_sequence_cross_split,0.7716829828075266,4,4,testing/notflip/0056_000000013.jpg,training/notflip/0056_000000006.jpg,notflip__0056,notflip__0056,notflip,notflip
same_sequence_cross_split,0.7715051924191493,2,2,testing/notflip/0002_000000027.jpg,training/notflip/0002_000000013.jpg,notflip__0002,notflip__0002,notflip,notflip
same_sequence_cross_split,0.7714922176428664,0,2,testing/notflip/0058_000000021.jpg,training/notflip/0058_000000028.jpg,notflip__0058,notflip__0058,notflip,notflip
same_sequence_cross_split,0.7712815028447022,2,2,testing/notflip/0052_000000014.jpg,training/notflip/0052_000000016.jpg,notflip__0052,notflip__0052,notflip,notflip
same_sequence_cross_split,0.7710256751969703,1,0,testing/notflip/0032_000000029.jpg,training/notflip/0032_000000025.jpg,notflip__0032,notflip__0032,notflip,notflip
same_sequence_cross_split,0.7708466808599527,1,0,testing/notflip/0041_000000034.jpg,training/notflip/0041_000000018.jpg,notflip__0041,notflip__0041,notflip,notflip
same_sequence_cross_split,0.7707575866794043,4,4,testing/notflip/0052_000000014.jpg,training/notflip/0052_000000020.jpg,notflip__0052,notflip__0052,notflip,notflip
same_sequence_cross_split,0.770405419467041,4,4,testing/flip/0060_000000044.jpg,training/flip/0060_000000046.jpg,flip__0060,flip__0060,flip,flip
different_sequence_cross_split_cross_label,0.7702439814679432,4,4,testing/flip/0006_000000001.jpg,training/notflip/0007_000000018.jpg,flip__0006,notflip__0007,flip,notflip
same_sequence_cross_split,0.7702146088457481,2,4,testing/notflip/0052_000000014.jpg,training/notflip/0052_000000021.jpg,notflip__0052,notflip__0052,notflip,notflip
same_sequence_cross_split,0.7701158162479633,2,2,testing/flip/0011_000000027.jpg,training/flip/0011_000000030.jpg,flip__0011,flip__0011,flip,flip
same_sequence_cross_split,0.76968167377503,2,2,testing/notflip/0002_000000028.jpg,training/notflip/0002_000000010.jpg,notflip__0002,notflip__0002,notflip,notflip
same_sequence_cross_split,0.7686727026908678,2,2,testing/notflip/0046_000000011.jpg,training/notflip/0046_000000023.jpg,notflip__0046,notflip__0046,notflip,notflip
same_sequence_cross_split,0.7686160408733771,4,4,testing/notflip/0020_000000004.jpg,training/notflip/0020_000000021.jpg,notflip__0020,notflip__0020,notflip,notflip
same_sequence_cross_split,0.7685976448595053,3,0,testing/flip/0011_000000027.jpg,training/flip/0011_000000024.jpg,flip__0011,flip__0011,flip,flip
same_sequence_cross_split,0.7681080187164694,2,4,testing/flip/0008_000000007.jpg,training/flip/0008_000000011.jpg,flip__0008,flip__0008,flip,flip
same_sequence_cross_split,0.7679139217389346,0,4,testing/notflip/0057_000000012.jpg,training/notflip/0057_000000021.jpg,notflip__0057,notflip__0057,notflip,notflip
same_sequence_cross_split,0.7674605108467393,1,2,testing/notflip/0003_000000030.jpg,training/notflip/0003_000000026.jpg,notflip__0003,notflip__0003,notflip,notflip
same_sequence_cross_split,0.767398977236769,1,4,testing/notflip/0056_000000024.jpg,training/notflip/0056_000000005.jpg,notflip__0056,notflip__0056,notflip,notflip
same_sequence_cross_split,0.7670869052102449,4,4,testing/flip/0038_000000013.jpg,training/flip/0038_000000018.jpg,flip__0038,flip__0038,flip,flip
same_sequence_cross_split,0.7666344937899552,3,4,testing/notflip/0020_000000004.jpg,training/notflip/0020_000000015.jpg,notflip__0020,notflip__0020,notflip,notflip
same_sequence_cross_split,0.7666121578072357,2,4,testing/notflip/0056_000000007.jpg,training/notflip/0056_000000016.jpg,notflip__0056,notflip__0056,notflip,notflip
same_sequence_cross_split,0.7664294678404162,2,4,testing/notflip/0052_000000014.jpg,training/notflip/0052_000000024.jpg,notflip__0052,notflip__0052,notflip,notflip
same_sequence_cross_split,0.7661878749348493,4,4,testing/notflip/0002_000000006.jpg,training/notflip/0002_000000029.jpg,notflip__0002,notflip__0002,notflip,notflip
same_sequence_cross_split,0.7659330858233421,0,0,testing/notflip/0031_000000016.jpg,training/notflip/0031_000000023.jpg,notflip__0031,notflip__0031,notflip,notflip
same_sequence_cross_split,0.7657922518904623,2,4,testing/notflip/0004_000000010.jpg,training/notflip/0004_000000007.jpg,notflip__0004,notflip__0004,notflip,notflip
same_sequence_cross_split,0.7657354395720831,3,4,testing/flip/0030_000000019.jpg,training/flip/0030_000000014.jpg,flip__0030,flip__0030,flip,flip
same_sequence_cross_split,0.765367981894854,2,4,testing/notflip/0046_000000012.jpg,training/notflip/0046_000000026.jpg,notflip__0046,notflip__0046,notflip,notflip
same_sequence_cross_split,0.765291551281104,2,2,testing/notflip/0002_000000028.jpg,training/notflip/0002_000000011.jpg,notflip__0002,notflip__0002,notflip,notflip
same_sequence_cross_split,0.7652652780552518,2,2,testing/notflip/0009_000000005.jpg,training/notflip/0009_000000013.jpg,notflip__0009,notflip__0009,notflip,notflip
same_sequence_cross_split,0.7652521738767141,2,2,testing/notflip/0002_000000027.jpg,training/notflip/0002_000000014.jpg,notflip__0002,notflip__0002,notflip,notflip
same_sequence_cross_split,0.7651420845872657,4,4,testing/notflip/0052_000000014.jpg,training/notflip/0052_000000018.jpg,notflip__0052,notflip__0052,notflip,notflip
same_sequence_cross_split,0.7649537953568004,2,2,testing/notflip/0052_000000022.jpg,training/notflip/0052_000000028.jpg,notflip__0052,notflip__0052,notflip,notflip
same_sequence_cross_split,0.7648251988261345,4,4,testing/notflip/0046_000000011.jpg,training/notflip/0046_000000001.jpg,notflip__0046,notflip__0046,notflip,notflip
same_sequence_cross_split,0.764785043878345,2,4,testing/notflip/0056_000000024.jpg,training/notflip/0056_000000006.jpg,notflip__0056,notflip__0056,notflip,notflip
same_sequence_cross_split,0.7644886883859212,3,2,testing/notflip/0049_000000028.jpg,training/notflip/0049_000000008.jpg,notflip__0049,notflip__0049,notflip,notflip
same_sequence_cross_split,0.764454252295878,2,4,testing/notflip/0009_000000003.jpg,training/notflip/0009_000000010.jpg,notflip__0009,notflip__0009,notflip,notflip
same_sequence_cross_split,0.7641561533483523,1,2,testing/notflip/0049_000000012.jpg,training/notflip/0049_000000029.jpg,notflip__0049,notflip__0049,notflip,notflip
same_sequence_cross_split,0.7639711107749997,3,2,testing/notflip/0019_000000027.jpg,training/notflip/0019_000000005.jpg,notflip__0019,notflip__0019,notflip,notflip
same_sequence_cross_split,0.763963014050675,1,2,testing/notflip/0006_000000028.jpg,training/notflip/0006_000000026.jpg,notflip__0006,notflip__0006,notflip,notflip
same_sequence_cross_split,0.7639145312057539,1,2,testing/notflip/0006_000000029.jpg,training/notflip/0006_000000026.jpg,notflip__0006,notflip__0006,notflip,notflip
same_sequence_cross_split,0.7638645976167452,2,0,testing/notflip/0051_000000012.jpg,training/notflip/0051_000000017.jpg,notflip__0051,notflip__0051,notflip,notflip
different_sequence_cross_split_cross_label,0.7637457489390748,4,4,testing/flip/0065_000000005.jpg,training/notflip/0058_000000017.jpg,flip__0065,notflip__0058,flip,notflip
different_sequence_cross_split_same_label,0.7637252221046245,3,4,testing/notflip/0025_000000010.jpg,training/notflip/0026_000000013.jpg,notflip__0025,notflip__0026,notflip,notflip
same_sequence_cross_split,0.7633900408546384,1,2,testing/notflip/0052_000000022.jpg,training/notflip/0052_000000024.jpg,notflip__0052,notflip__0052,notflip,notflip
same_sequence_cross_split,0.7633582296554069,3,4,testing/notflip/0032_000000029.jpg,training/notflip/0032_000000021.jpg,notflip__0032,notflip__0032,notflip,notflip
same_sequence_cross_split,0.7633264582186348,4,2,testing/notflip/0006_000000016.jpg,training/notflip/0006_000000022.jpg,notflip__0006,notflip__0006,notflip,notflip
same_sequence_cross_split,0.7631960219085572,2,2,testing/notflip/0009_000000015.jpg,training/notflip/0009_000000007.jpg,notflip__0009,notflip__0009,notflip,notflip
same_sequence_cross_split,0.7629278212868078,3,4,testing/notflip/0052_000000014.jpg,training/notflip/0052_000000019.jpg,notflip__0052,notflip__0052,notflip,notflip
different_sequence_cross_split_cross_label,0.7628301365888388,4,4,testing/flip/0006_000000001.jpg,training/notflip/0007_000000017.jpg,flip__0006,notflip__0007,flip,notflip
same_sequence_cross_split,0.7627062228831457,4,0,testing/notflip/0008_000000008.jpg,training/notflip/0008_000000003.jpg,notflip__0008,notflip__0008,notflip,notflip
same_sequence_cross_split,0.7625759399214778,3,4,testing/notflip/0056_000000013.jpg,training/notflip/0056_000000005.jpg,notflip__0056,notflip__0056,notflip,notflip
same_sequence_cross_split,0.7616916098563588,3,0,testing/flip/0018_000000003.jpg,training/flip/0018_000000006.jpg,flip__0018,flip__0018,flip,flip
same_sequence_cross_split,0.7615772564911757,3,2,testing/notflip/0016_000000025.jpg,training/notflip/0016_000000010.jpg,notflip__0016,notflip__0016,notflip,notflip
same_sequence_cross_split,0.7615590114800358,4,4,testing/notflip/0050_000000011.jpg,training/notflip/0050_000000016.jpg,notflip__0050,notflip__0050,notflip,notflip
same_sequence_cross_split,0.7613242488781918,2,2,testing/notflip/0003_000000018.jpg,training/notflip/0003_000000010.jpg,notflip__0003,notflip__0003,notflip,notflip
same_sequence_cross_split,0.7612530760567657,4,4,testing/notflip/0002_000000027.jpg,training/notflip/0002_000000001.jpg,notflip__0002,notflip__0002,notflip,notflip
same_sequence_cross_split,0.7609494485385353,1,2,testing/notflip/0058_000000013.jpg,training/notflip/0058_000000027.jpg,notflip__0058,notflip__0058,notflip,notflip
different_sequence_cross_split_same_label,0.7607745280674982,4,4,testing/notflip/0026_000000004.jpg,training/notflip/0025_000000004.jpg,notflip__0026,notflip__0025,notflip,notflip
same_sequence_cross_split,0.7607243998523447,2,0,testing/notflip/0006_000000009.jpg,training/notflip/0006_000000017.jpg,notflip__0006,notflip__0006,notflip,notflip
same_sequence_cross_split,0.7606368175380261,4,4,testing/notflip/0009_000000012.jpg,training/notflip/0009_000000023.jpg,notflip__0009,notflip__0009,notflip,notflip
same_sequence_cross_split,0.7603357238289056,4,4,testing/notflip/0057_000000012.jpg,training/notflip/0057_000000002.jpg,notflip__0057,notflip__0057,notflip,notflip
different_sequence_cross_split_cross_label,0.7601974269462782,4,4,testing/flip/0006_000000001.jpg,training/notflip/0007_000000016.jpg,flip__0006,notflip__0007,flip,notflip
same_sequence_cross_split,0.7601250379713728,1,4,testing/notflip/0052_000000014.jpg,training/notflip/0052_000000023.jpg,notflip__0052,notflip__0052,notflip,notflip
same_sequence_cross_split,0.7601218752644454,0,2,testing/notflip/0058_000000020.jpg,training/notflip/0058_000000027.jpg,notflip__0058,notflip__0058,notflip,notflip
different_sequence_cross_split_same_label,0.7600827053486057,1,2,testing/notflip/0025_000000011.jpg,training/notflip/0026_000000012.jpg,notflip__0025,notflip__0026,notflip,notflip
different_sequence_cross_split_cross_label,0.7599568528606151,2,2,testing/flip/0065_000000001.jpg,training/notflip/0058_000000026.jpg,flip__0065,notflip__0058,flip,notflip
same_sequence_cross_split,0.75969311226048,2,0,testing/notflip/0001_000000002.jpg,training/notflip/0001_000000007.jpg,notflip__0001,notflip__0001,notflip,notflip
same_sequence_cross_split,0.7596891275691546,2,0,testing/notflip/0001_000000004.jpg,training/notflip/0001_000000007.jpg,notflip__0001,notflip__0001,notflip,notflip
same_sequence_cross_split,0.7592897538327594,4,4,testing/notflip/0050_000000013.jpg,training/notflip/0050_000000009.jpg,notflip__0050,notflip__0050,notflip,notflip
different_sequence_cross_split_same_label,0.7589326158237387,4,4,testing/flip/0046_000000012.jpg,training/flip/0045_000000009.jpg,flip__0046,flip__0045,flip,flip
same_sequence_cross_split,0.7589325972286005,4,0,testing/notflip/0001_000000024.jpg,training/notflip/0001_000000011.jpg,notflip__0001,notflip__0001,notflip,notflip
same_sequence_cross_split,0.7588871805197954,2,4,testing/notflip/0009_000000012.jpg,training/notflip/0009_000000021.jpg,notflip__0009,notflip__0009,notflip,notflip
same_sequence_cross_split,0.7588661117562571,4,4,testing/notflip/0041_000000011.jpg,training/notflip/0041_000000007.jpg,notflip__0041,notflip__0041,notflip,notflip
same_sequence_cross_split,0.7581826008153523,0,2,testing/notflip/0019_000000025.jpg,training/notflip/0019_000000030.jpg,notflip__0019,notflip__0019,notflip,notflip
same_sequence_cross_split,0.7581037871365434,2,0,testing/notflip/0045_000000030.jpg,training/notflip/0045_000000019.jpg,notflip__0045,notflip__0045,notflip,notflip
same_sequence_cross_split,0.7581033872540431,2,4,testing/notflip/0015_000000004.jpg,training/notflip/0015_000000008.jpg,notflip__0015,notflip__0015,notflip,notflip
same_sequence_cross_split,0.7578277771709967,4,2,testing/notflip/0002_000000027.jpg,training/notflip/0002_000000002.jpg,notflip__0002,notflip__0002,notflip,notflip
same_sequence_cross_split,0.7576479077487055,3,4,testing/notflip/0002_000000008.jpg,training/notflip/0002_000000029.jpg,notflip__0002,notflip__0002,notflip,notflip
same_sequence_cross_split,0.7576037386581254,2,2,testing/notflip/0019_000000004.jpg,training/notflip/0019_000000008.jpg,notflip__0019,notflip__0019,notflip,notflip
same_sequence_cross_split,0.7575614551651251,1,4,testing/flip/0008_000000005.jpg,training/flip/0008_000000013.jpg,flip__0008,flip__0008,flip,flip
same_sequence_cross_split,0.7574817750716936,3,4,testing/notflip/0009_000000002.jpg,training/notflip/0009_000000009.jpg,notflip__0009,notflip__0009,notflip,notflip
different_sequence_cross_split_cross_label,0.7573731851105316,3,4,testing/flip/0006_000000001.jpg,training/notflip/0007_000000015.jpg,flip__0006,notflip__0007,flip,notflip
same_sequence_cross_split,0.7571330387503288,1,4,testing/notflip/0029_000000025.jpg,training/notflip/0029_000000015.jpg,notflip__0029,notflip__0029,notflip,notflip
same_sequence_cross_split,0.7568879489009573,4,4,testing/notflip/0041_000000006.jpg,training/notflip/0041_000000010.jpg,notflip__0041,notflip__0041,notflip,notflip
same_sequence_cross_split,0.7566081640087154,4,4,testing/notflip/0009_000000012.jpg,training/notflip/0009_000000022.jpg,notflip__0009,notflip__0009,notflip,notflip
same_sequence_cross_split,0.7563427803486386,2,0,testing/notflip/0001_000000024.jpg,training/notflip/0001_000000012.jpg,notflip__0001,notflip__0001,notflip,notflip
same_sequence_cross_split,0.7562416882185975,0,4,testing/notflip/0057_000000012.jpg,training/notflip/0057_000000022.jpg,notflip__0057,notflip__0057,notflip,notflip
different_sequence_cross_split_same_label,0.7562168500773568,2,2,testing/notflip/0025_000000010.jpg,training/notflip/0026_000000012.jpg,notflip__0025,notflip__0026,notflip,notflip
same_sequence_cross_split,0.7561555941331848,2,4,testing/notflip/0046_000000011.jpg,training/notflip/0046_000000025.jpg,notflip__0046,notflip__0046,notflip,notflip
same_sequence_cross_split,0.7560917549453497,1,2,testing/notflip/0052_000000022.jpg,training/notflip/0052_000000026.jpg,notflip__0052,notflip__0052,notflip,notflip
same_sequence_cross_split,0.756041864660849,3,0,testing/notflip/0006_000000015.jpg,training/notflip/0006_000000008.jpg,notflip__0006,notflip__0006,notflip,notflip
same_sequence_cross_split,0.7560338095335403,1,0,testing/notflip/0016_000000020.jpg,training/notflip/0016_000000016.jpg,notflip__0016,notflip__0016,notflip,notflip
same_sequence_cross_split,0.7559686073833095,2,4,testing/notflip/0052_000000014.jpg,training/notflip/0052_000000026.jpg,notflip__0052,notflip__0052,notflip,notflip
same_sequence_cross_split,0.7553952341482637,2,0,testing/notflip/0016_000000020.jpg,training/notflip/0016_000000015.jpg,notflip__0016,notflip__0016,notflip,notflip
same_sequence_cross_split,0.7553488165822628,1,4,testing/notflip/0005_000000018.jpg,training/notflip/0005_000000027.jpg,notflip__0005,notflip__0005,notflip,notflip
different_sequence_cross_split_cross_label,0.7552883426033022,3,2,testing/notflip/0045_000000018.jpg,training/flip/0053_000000003.jpg,notflip__0045,flip__0053,notflip,flip
different_sequence_cross_split_cross_label,0.7552459805466111,3,2,testing/notflip/0051_000000012.jpg,training/flip/0058_000000005.jpg,notflip__0051,flip__0058,notflip,flip
same_sequence_cross_split,0.7551848071949433,3,2,testing/notflip/0005_000000005.jpg,training/notflip/0005_000000007.jpg,notflip__0005,notflip__0005,notflip,notflip
same_sequence_cross_split,0.7549138711830138,4,0,testing/notflip/0040_000000018.jpg,training/notflip/0040_000000029.jpg,notflip__0040,notflip__0040,notflip,notflip
same_sequence_cross_split,0.754774924002307,2,2,testing/notflip/0002_000000028.jpg,training/notflip/0002_000000013.jpg,notflip__0002,notflip__0002,notflip,notflip
same_sequence_cross_split,0.7547602866687761,2,0,testing/notflip/0045_000000030.jpg,training/notflip/0045_000000024.jpg,notflip__0045,notflip__0045,notflip,notflip
same_sequence_cross_split,0.7546045422065081,2,4,testing/notflip/0052_000000014.jpg,training/notflip/0052_000000025.jpg,notflip__0052,notflip__0052,notflip,notflip
same_sequence_cross_split,0.7543429660850137,0,2,testing/notflip/0058_000000021.jpg,training/notflip/0058_000000029.jpg,notflip__0058,notflip__0058,notflip,notflip
same_sequence_cross_split,0.7532781928192674,1,0,testing/notflip/0051_000000012.jpg,training/notflip/0051_000000016.jpg,notflip__0051,notflip__0051,notflip,notflip
same_sequence_cross_split,0.752785477043269,4,2,testing/notflip/0024_000000002.jpg,training/notflip/0024_000000018.jpg,notflip__0024,notflip__0024,notflip,notflip
same_sequence_cross_split,0.7527097052740018,4,4,testing/notflip/0057_000000003.jpg,training/notflip/0057_000000013.jpg,notflip__0057,notflip__0057,notflip,notflip
same_sequence_cross_split,0.7525920979312578,4,4,testing/notflip/0006_000000015.jpg,training/notflip/0006_000000001.jpg,notflip__0006,notflip__0006,notflip,notflip
same_sequence_cross_split,0.7525515772944819,4,4,testing/notflip/0052_000000014.jpg,training/notflip/0052_000000027.jpg,notflip__0052,notflip__0052,notflip,notflip
same_sequence_cross_split,0.7524861529964495,3,4,testing/notflip/0056_000000004.jpg,training/notflip/0056_000000014.jpg,notflip__0056,notflip__0056,notflip,notflip
same_sequence_cross_split,0.7523625108836237,1,2,testing/notflip/0052_000000022.jpg,training/notflip/0052_000000025.jpg,notflip__0052,notflip__0052,notflip,notflip
same_sequence_cross_split,0.75218425635148,2,2,testing/notflip/0046_000000012.jpg,training/notflip/0046_000000023.jpg,notflip__0046,notflip__0046,notflip,notflip
same_sequence_cross_split,0.7521354937580668,3,4,testing/notflip/0052_000000014.jpg,training/notflip/0052_000000028.jpg,notflip__0052,notflip__0052,notflip,notflip
same_sequence_cross_split,0.751865381395649,0,2,testing/notflip/0019_000000024.jpg,training/notflip/0019_000000030.jpg,notflip__0019,notflip__0019,notflip,notflip
same_sequence_cross_split,0.7518348592888732,4,4,testing/notflip/0039_000000022.jpg,training/notflip/0039_000000019.jpg,notflip__0039,notflip__0039,notflip,notflip
different_sequence_cross_split_cross_label,0.751509034933712,4,4,testing/flip/0065_000000005.jpg,training/notflip/0058_000000019.jpg,flip__0065,notflip__0058,flip,notflip
same_sequence_cross_split,0.7513296106046671,2,2,testing/notflip/0046_000000011.jpg,training/notflip/0046_000000024.jpg,notflip__0046,notflip__0046,notflip,notflip
different_sequence_cross_split_cross_label,0.7512791450028046,4,4,testing/notflip/0058_000000013.jpg,training/flip/0065_000000004.jpg,notflip__0058,flip__0065,notflip,flip
same_sequence_cross_split,0.7511637389940518,0,0,testing/notflip/0006_000000009.jpg,training/notflip/0006_000000004.jpg,notflip__0006,notflip__0006,notflip,notflip
same_sequence_cross_split,0.7504391344427116,3,4,testing/notflip/0009_000000015.jpg,training/notflip/0009_000000006.jpg,notflip__0009,notflip__0009,notflip,notflip
same_sequence_cross_split,0.750177173154832,4,2,testing/flip/0058_000000006.jpg,training/flip/0058_000000002.jpg,flip__0058,flip__0058,flip,flip
same_sequence_cross_split,0.750023038995973,4,0,testing/notflip/0001_000000004.jpg,training/notflip/0001_000000030.jpg,notflip__0001,notflip__0001,notflip,notflip
same_sequence_cross_split,0.7500222275057905,4,0,testing/notflip/0001_000000002.jpg,training/notflip/0001_000000030.jpg,notflip__0001,notflip__0001,notflip,notflip
same_sequence_cross_split,0.7498942287260445,3,4,testing/notflip/0031_000000017.jpg,training/notflip/0031_000000028.jpg,notflip__0031,notflip__0031,notflip,notflip
different_sequence_cross_split_same_label,0.7498934842777185,4,4,testing/flip/0056_000000016.jpg,training/flip/0055_000000016.jpg,flip__0056,flip__0055,flip,flip
same_sequence_cross_split,0.7497259649592705,1,0,testing/notflip/0001_000000002.jpg,training/notflip/0001_000000013.jpg,notflip__0001,notflip__0001,notflip,notflip
same_sequence_cross_split,0.7497230268994106,1,0,testing/notflip/0001_000000004.jpg,training/notflip/0001_000000013.jpg,notflip__0001,notflip__0001,notflip,notflip
same_sequence_cross_split,0.7496388305095528,2,2,testing/flip/0038_000000026.jpg,training/flip/0038_000000033.jpg,flip__0038,flip__0038,flip,flip
same_sequence_cross_split,0.7492394543526795,1,2,testing/notflip/0016_000000023.jpg,training/notflip/0016_000000010.jpg,notflip__0016,notflip__0016,notflip,notflip
same_sequence_cross_split,0.7486224116263661,3,4,testing/flip/0015_000000029.jpg,training/flip/0015_000000026.jpg,flip__0015,flip__0015,flip,flip
same_sequence_cross_split,0.7481153569510642,2,2,testing/notflip/0002_000000028.jpg,training/notflip/0002_000000014.jpg,notflip__0002,notflip__0002,notflip,notflip
same_sequence_cross_split,0.7476775120483489,2,0,testing/notflip/0006_000000016.jpg,training/notflip/0006_000000010.jpg,notflip__0006,notflip__0006,notflip,notflip
same_sequence_cross_split,0.7474342958570028,0,4,testing/notflip/0019_000000012.jpg,training/notflip/0019_000000030.jpg,notflip__0019,notflip__0019,notflip,notflip
same_sequence_cross_split,0.7470348085223543,3,2,testing/notflip/0016_000000020.jpg,training/notflip/0016_000000008.jpg,notflip__0016,notflip__0016,notflip,notflip
same_sequence_cross_split,0.7470103233040428,1,4,testing/notflip/0009_000000003.jpg,training/notflip/0009_000000011.jpg,notflip__0009,notflip__0009,notflip,notflip
same_sequence_cross_split,0.7467563213146243,0,2,testing/notflip/0024_000000024.jpg,training/notflip/0024_000000030.jpg,notflip__0024,notflip__0024,notflip,notflip
same_sequence_cross_split,0.7467321016084483,2,4,testing/notflip/0002_000000015.jpg,training/notflip/0002_000000029.jpg,notflip__0002,notflip__0002,notflip,notflip
same_sequence_cross_split,0.7467173939072854,4,4,testing/notflip/0049_000000018.jpg,training/notflip/0049_000000005.jpg,notflip__0049,notflip__0049,notflip,notflip
same_sequence_cross_split,0.7462125192855366,2,4,testing/notflip/0041_000000003.jpg,training/notflip/0041_000000009.jpg,notflip__0041,notflip__0041,notflip,notflip
same_sequence_cross_split,0.7462115923261379,1,0,testing/notflip/0031_000000015.jpg,training/notflip/0031_000000023.jpg,notflip__0031,notflip__0031,notflip,notflip
same_sequence_cross_split,0.7462058285880233,2,4,testing/notflip/0041_000000001.jpg,training/notflip/0041_000000009.jpg,notflip__0041,notflip__0041,notflip,notflip
same_sequence_cross_split,0.7460833683338197,2,0,testing/notflip/0004_000000004.jpg,training/notflip/0004_000000001.jpg,notflip__0004,notflip__0004,notflip,notflip
different_sequence_cross_split_same_label,0.7460248098894388,2,4,testing/notflip/0025_000000011.jpg,training/notflip/0026_000000013.jpg,notflip__0025,notflip__0026,notflip,notflip
same_sequence_cross_split,0.7459572449504541,1,2,testing/flip/0038_000000032.jpg,training/flip/0038_000000027.jpg,flip__0038,flip__0038,flip,flip
same_sequence_cross_split,0.7456762554114946,2,2,testing/notflip/0016_000000023.jpg,training/notflip/0016_000000008.jpg,notflip__0016,notflip__0016,notflip,notflip
same_sequence_cross_split,0.7455310889670252,1,2,testing/notflip/0004_000000002.jpg,training/notflip/0004_000000006.jpg,notflip__0004,notflip__0004,notflip,notflip
same_sequence_cross_split,0.7454848716254218,3,0,testing/notflip/0040_000000016.jpg,training/notflip/0040_000000026.jpg,notflip__0040,notflip__0040,notflip,notflip
same_sequence_cross_split,0.7454735558120222,4,4,testing/notflip/0002_000000028.jpg,training/notflip/0002_000000001.jpg,notflip__0002,notflip__0002,notflip,notflip
same_sequence_cross_split,0.7454287728791008,2,4,testing/notflip/0046_000000012.jpg,training/notflip/0046_000000025.jpg,notflip__0046,notflip__0046,notflip,notflip
same_sequence_cross_split,0.7453945336003394,1,4,testing/notflip/0052_000000022.jpg,training/notflip/0052_000000013.jpg,notflip__0052,notflip__0052,notflip,notflip
same_sequence_cross_split,0.7453744799208245,3,0,testing/notflip/0007_000000010.jpg,training/notflip/0007_000000019.jpg,notflip__0007,notflip__0007,notflip,notflip
same_sequence_cross_split,0.7451375646928586,0,2,testing/notflip/0058_000000021.jpg,training/notflip/0058_000000030.jpg,notflip__0058,notflip__0058,notflip,notflip
same_sequence_cross_split,0.7450467514755444,4,4,testing/notflip/0050_000000011.jpg,training/notflip/0050_000000017.jpg,notflip__0050,notflip__0050,notflip,notflip
different_sequence_cross_split_cross_label,0.7450305432974303,4,4,testing/notflip/0045_000000026.jpg,training/flip/0053_000000004.jpg,notflip__0045,flip__0053,notflip,flip
different_sequence_cross_split_cross_label,0.7450002816153373,4,4,testing/notflip/0045_000000026.jpg,training/flip/0053_000000005.jpg,notflip__0045,flip__0053,notflip,flip
same_sequence_cross_split,0.7448221001993214,3,0,testing/notflip/0045_000000030.jpg,training/notflip/0045_000000020.jpg,notflip__0045,notflip__0045,notflip,notflip
same_sequence_cross_split,0.7445057453242371,3,4,testing/notflip/0009_000000002.jpg,training/notflip/0009_000000010.jpg,notflip__0009,notflip__0009,notflip,notflip
same_sequence_cross_split,0.744329774911498,4,0,testing/notflip/0007_000000010.jpg,training/notflip/0007_000000020.jpg,notflip__0007,notflip__0007,notflip,notflip
same_sequence_cross_split,0.7443073168849433,0,0,testing/notflip/0016_000000014.jpg,training/notflip/0016_000000012.jpg,notflip__0016,notflip__0016,notflip,notflip
same_sequence_cross_split,0.7436347517769295,0,2,testing/notflip/0057_000000023.jpg,training/notflip/0057_000000011.jpg,notflip__0057,notflip__0057,notflip,notflip
same_sequence_cross_split,0.7436077320710861,4,2,testing/notflip/0007_000000025.jpg,training/notflip/0007_000000015.jpg,notflip__0007,notflip__0007,notflip,notflip
same_sequence_cross_split,0.7433601641507313,4,4,testing/notflip/0006_000000016.jpg,training/notflip/0006_000000001.jpg,notflip__0006,notflip__0006,notflip,notflip
same_sequence_cross_split,0.7432077946575636,0,4,testing/notflip/0019_000000015.jpg,training/notflip/0019_000000029.jpg,notflip__0019,notflip__0019,notflip,notflip
same_sequence_cross_split,0.7431045422470448,3,4,testing/notflip/0009_000000005.jpg,training/notflip/0009_000000014.jpg,notflip__0009,notflip__0009,notflip,notflip
same_sequence_cross_split,0.743074498929973,4,2,testing/notflip/0002_000000028.jpg,training/notflip/0002_000000002.jpg,notflip__0002,notflip__0002,notflip,notflip
different_sequence_cross_split_cross_label,0.742801279020015,3,4,testing/notflip/0058_000000020.jpg,training/flip/0065_000000004.jpg,notflip__0058,flip__0065,notflip,flip
same_sequence_cross_split,0.7427380152049282,4,0,testing/notflip/0007_000000010.jpg,training/notflip/0007_000000021.jpg,notflip__0007,notflip__0007,notflip,notflip
same_sequence_cross_split,0.7426778672745568,4,2,testing/notflip/0019_000000004.jpg,training/notflip/0019_000000026.jpg,notflip__0019,notflip__0019,notflip,notflip
same_sequence_cross_split,0.7415698072630446,1,0,testing/notflip/0016_000000023.jpg,training/notflip/0016_000000012.jpg,notflip__0016,notflip__0016,notflip,notflip
same_sequence_cross_split,0.7412079594916903,3,4,testing/notflip/0031_000000020.jpg,training/notflip/0031_000000028.jpg,notflip__0031,notflip__0031,notflip,notflip
same_sequence_cross_split,0.7409818822040171,4,4,testing/notflip/0052_000000022.jpg,training/notflip/0052_000000030.jpg,notflip__0052,notflip__0052,notflip,notflip
same_sequence_cross_split,0.7406680848688332,2,0,testing/flip/0060_000000043.jpg,training/flip/0060_000000040.jpg,flip__0060,flip__0060,flip,flip
different_sequence_cross_split_cross_label,0.7405481637238683,3,4,testing/notflip/0046_000000028.jpg,training/flip/0054_000000008.jpg,notflip__0046,flip__0054,notflip,flip
different_sequence_cross_split_cross_label,0.7405155374715049,3,4,testing/notflip/0046_000000028.jpg,training/flip/0054_000000009.jpg,notflip__0046,flip__0054,notflip,flip
same_sequence_cross_split,0.740274467078233,2,2,testing/notflip/0046_000000012.jpg,training/notflip/0046_000000024.jpg,notflip__0046,notflip__0046,notflip,notflip
same_sequence_cross_split,0.7402625467757611,4,4,testing/flip/0012_000000030.jpg,training/flip/0012_000000028.jpg,flip__0012,flip__0012,flip,flip
same_sequence_cross_split,0.7399757503397045,3,4,testing/notflip/0030_000000022.jpg,training/notflip/0030_000000013.jpg,notflip__0030,notflip__0030,notflip,notflip
same_sequence_cross_split,0.7398843133679865,3,4,testing/notflip/0030_000000023.jpg,training/notflip/0030_000000013.jpg,notflip__0030,notflip__0030,notflip,notflip
same_sequence_cross_split,0.7395230217414662,3,0,testing/notflip/0003_000000025.jpg,training/notflip/0003_000000017.jpg,notflip__0003,notflip__0003,notflip,notflip
same_sequence_cross_split,0.739036298562269,4,4,testing/notflip/0020_000000016.jpg,training/notflip/0020_000000005.jpg,notflip__0020,notflip__0020,notflip,notflip
same_sequence_cross_split,0.7384804678093454,1,4,testing/notflip/0006_000000027.jpg,training/notflip/0006_000000030.jpg,notflip__0006,notflip__0006,notflip,notflip
same_sequence_cross_split,0.7382425214328268,2,0,testing/notflip/0045_000000018.jpg,training/notflip/0045_000000029.jpg,notflip__0045,notflip__0045,notflip,notflip
same_sequence_cross_split,0.7381553458355143,4,0,testing/notflip/0008_000000008.jpg,training/notflip/0008_000000002.jpg,notflip__0008,notflip__0008,notflip,notflip
different_sequence_cross_split_cross_label,0.7380666264950937,0,4,testing/notflip/0039_000000026.jpg,training/flip/0048_000000009.jpg,notflip__0039,flip__0048,notflip,flip
same_sequence_cross_split,0.7377708824964264,0,4,testing/notflip/0050_000000013.jpg,training/notflip/0050_000000021.jpg,notflip__0050,notflip__0050,notflip,notflip
same_sequence_cross_split,0.7376978650663097,3,0,testing/notflip/0040_000000018.jpg,training/notflip/0040_000000030.jpg,notflip__0040,notflip__0040,notflip,notflip
same_sequence_cross_split,0.7375347275174245,3,4,testing/notflip/0019_000000004.jpg,training/notflip/0019_000000009.jpg,notflip__0019,notflip__0019,notflip,notflip
same_sequence_cross_split,0.7370580621955896,2,4,testing/notflip/0009_000000017.jpg,training/notflip/0009_000000007.jpg,notflip__0009,notflip__0009,notflip,notflip
same_sequence_cross_split,0.7369180209157482,4,0,testing/notflip/0007_000000010.jpg,training/notflip/0007_000000022.jpg,notflip__0007,notflip__0007,notflip,notflip
same_sequence_cross_split,0.7367689656013904,4,4,testing/notflip/0052_000000029.jpg,training/notflip/0052_000000013.jpg,notflip__0052,notflip__0052,notflip,notflip
same_sequence_cross_split,0.7367059625227244,3,2,testing/flip/0011_000000026.jpg,training/flip/0011_000000030.jpg,flip__0011,flip__0011,flip,flip
same_sequence_cross_split,0.736670677175343,4,4,testing/notflip/0050_000000011.jpg,training/notflip/0050_000000018.jpg,notflip__0050,notflip__0050,notflip,notflip
same_sequence_cross_split,0.736354429190469,3,0,testing/notflip/0016_000000025.jpg,training/notflip/0016_000000012.jpg,notflip__0016,notflip__0016,notflip,notflip
same_sequence_cross_split,0.7359359519654209,4,2,testing/flip/0004_000000014.jpg,training/flip/0004_000000005.jpg,flip__0004,flip__0004,flip,flip
same_sequence_cross_split,0.735793526103049,3,0,testing/flip/0004_000000013.jpg,training/flip/0004_000000007.jpg,flip__0004,flip__0004,flip,flip
different_sequence_cross_split_same_label,0.7356731675906623,4,4,testing/notflip/0025_000000011.jpg,training/notflip/0026_000000011.jpg,notflip__0025,notflip__0026,notflip,notflip
same_sequence_cross_split,0.7353145818174142,0,2,testing/notflip/0024_000000024.jpg,training/notflip/0024_000000028.jpg,notflip__0024,notflip__0024,notflip,notflip
same_sequence_cross_split,0.7351977213942543,2,4,testing/notflip/0006_000000009.jpg,training/notflip/0006_000000001.jpg,notflip__0006,notflip__0006,notflip,notflip
same_sequence_cross_split,0.7351812472965682,2,0,testing/notflip/0041_000000034.jpg,training/notflip/0041_000000019.jpg,notflip__0041,notflip__0041,notflip,notflip
same_sequence_cross_split,0.735172904506575,4,4,testing/notflip/0041_000000003.jpg,training/notflip/0041_000000010.jpg,notflip__0041,notflip__0041,notflip,notflip
same_sequence_cross_split,0.7351631580532424,4,4,testing/notflip/0041_000000001.jpg,training/notflip/0041_000000010.jpg,notflip__0041,notflip__0041,notflip,notflip
same_sequence_cross_split,0.7350414397929924,3,2,testing/notflip/0024_000000007.jpg,training/notflip/0024_000000015.jpg,notflip__0024,notflip__0024,notflip,notflip
same_sequence_cross_split,0.7347032633164079,4,4,testing/notflip/0046_000000012.jpg,training/notflip/0046_000000001.jpg,notflip__0046,notflip__0046,notflip,notflip
same_sequence_cross_split,0.7346048401886526,4,2,testing/flip/0038_000000032.jpg,training/flip/0038_000000025.jpg,flip__0038,flip__0038,flip,flip
same_sequence_cross_split,0.7341206448628809,4,4,testing/notflip/0041_000000011.jpg,training/notflip/0041_000000004.jpg,notflip__0041,notflip__0041,notflip,notflip
same_sequence_cross_split,0.7339853250109114,1,0,testing/notflip/0028_000000024.jpg,training/notflip/0028_000000028.jpg,notflip__0028,notflip__0028,notflip,notflip
same_sequence_cross_split,0.7336767190434668,3,2,testing/notflip/0016_000000020.jpg,training/notflip/0016_000000011.jpg,notflip__0016,notflip__0016,notflip,notflip
same_sequence_cross_split,0.7331823613189912,3,4,testing/notflip/0040_000000004.jpg,training/notflip/0040_000000001.jpg,notflip__0040,notflip__0040,notflip,notflip
same_sequence_cross_split,0.7331723835229851,4,0,testing/notflip/0008_000000008.jpg,training/notflip/0008_000000001.jpg,notflip__0008,notflip__0008,notflip,notflip
same_sequence_cross_split,0.7331561144513908,3,4,testing/notflip/0004_000000002.jpg,training/notflip/0004_000000007.jpg,notflip__0004,notflip__0004,notflip,notflip
same_sequence_cross_split,0.7330838032982891,2,4,testing/notflip/0002_000000012.jpg,training/notflip/0002_000000029.jpg,notflip__0002,notflip__0002,notflip,notflip
same_sequence_cross_split,0.7330731602758725,4,4,testing/notflip/0041_000000011.jpg,training/notflip/0041_000000005.jpg,notflip__0041,notflip__0041,notflip,notflip
same_sequence_cross_split,0.7325458342346481,4,4,testing/notflip/0056_000000004.jpg,training/notflip/0056_000000015.jpg,notflip__0056,notflip__0056,notflip,notflip
same_sequence_cross_split,0.7323607190425679,3,4,testing/notflip/0002_000000003.jpg,training/notflip/0002_000000029.jpg,notflip__0002,notflip__0002,notflip,notflip
same_sequence_cross_split,0.7323276567878315,4,4,testing/notflip/0041_000000011.jpg,training/notflip/0041_000000002.jpg,notflip__0041,notflip__0041,notflip,notflip
same_sequence_cross_split,0.7323091408057998,3,0,testing/notflip/0006_000000016.jpg,training/notflip/0006_000000008.jpg,notflip__0006,notflip__0006,notflip,notflip
same_sequence_cross_split,0.732085431231204,2,4,testing/notflip/0009_000000002.jpg,training/notflip/0009_000000011.jpg,notflip__0009,notflip__0009,notflip,notflip
same_sequence_cross_split,0.7316965855913501,2,4,testing/notflip/0024_000000002.jpg,training/notflip/0024_000000026.jpg,notflip__0024,notflip__0024,notflip,notflip
same_sequence_cross_split,0.7313032971882893,2,4,testing/notflip/0030_000000022.jpg,training/notflip/0030_000000014.jpg,notflip__0030,notflip__0030,notflip,notflip
same_sequence_cross_split,0.73129146702828,1,4,testing/notflip/0030_000000022.jpg,training/notflip/0030_000000015.jpg,notflip__0030,notflip__0030,notflip,notflip
same_sequence_cross_split,0.7312200392457079,2,4,testing/notflip/0030_000000023.jpg,training/notflip/0030_000000014.jpg,notflip__0030,notflip__0030,notflip,notflip
same_sequence_cross_split,0.7312093375031585,1,4,testing/notflip/0030_000000023.jpg,training/notflip/0030_000000015.jpg,notflip__0030,notflip__0030,notflip,notflip
same_sequence_cross_split,0.731071960287381,1,0,testing/notflip/0001_000000002.jpg,training/notflip/0001_000000017.jpg,notflip__0001,notflip__0001,notflip,notflip
same_sequence_cross_split,0.7310713634476373,1,0,testing/notflip/0001_000000004.jpg,training/notflip/0001_000000017.jpg,notflip__0001,notflip__0001,notflip,notflip
different_sequence_cross_split_cross_label,0.7309055675155351,2,2,testing/notflip/0058_000000021.jpg,training/flip/0065_000000002.jpg,notflip__0058,flip__0065,notflip,flip
same_sequence_cross_split,0.730479754964439,1,4,testing/notflip/0057_000000012.jpg,training/notflip/0057_000000024.jpg,notflip__0057,notflip__0057,notflip,notflip
same_sequence_cross_split,0.7304485854857165,1,2,testing/notflip/0041_000000034.jpg,training/notflip/0041_000000020.jpg,notflip__0041,notflip__0041,notflip,notflip
same_sequence_cross_split,0.7297640288164082,4,4,testing/notflip/0056_000000004.jpg,training/notflip/0056_000000016.jpg,notflip__0056,notflip__0056,notflip,notflip
same_sequence_cross_split,0.7296910849078629,0,2,testing/notflip/0024_000000024.jpg,training/notflip/0024_000000029.jpg,notflip__0024,notflip__0024,notflip,notflip
same_sequence_cross_split,0.7293245362848275,2,4,testing/notflip/0009_000000004.jpg,training/notflip/0009_000000013.jpg,notflip__0009,notflip__0009,notflip,notflip
same_sequence_cross_split,0.7285614244605463,3,0,testing/notflip/0003_000000025.jpg,training/notflip/0003_000000016.jpg,notflip__0003,notflip__0003,notflip,notflip
same_sequence_cross_split,0.7285524422988222,3,0,testing/notflip/0006_000000009.jpg,training/notflip/0006_000000018.jpg,notflip__0006,notflip__0006,notflip,notflip
different_sequence_cross_split_same_label,0.7282723942877521,3,2,testing/notflip/0026_000000014.jpg,training/notflip/0025_000000012.jpg,notflip__0026,notflip__0025,notflip,notflip
same_sequence_cross_split,0.7280426416602064,0,2,testing/notflip/0058_000000018.jpg,training/notflip/0058_000000027.jpg,notflip__0058,notflip__0058,notflip,notflip
different_sequence_cross_split_same_label,0.7277919669915145,4,4,testing/notflip/0026_000000010.jpg,training/notflip/0025_000000008.jpg,notflip__0026,notflip__0025,notflip,notflip
same_sequence_cross_split,0.7273811364384459,4,2,testing/notflip/0050_000000011.jpg,training/notflip/0050_000000019.jpg,notflip__0050,notflip__0050,notflip,notflip
different_sequence_cross_split_cross_label,0.7269860435908511,4,2,testing/notflip/0058_000000013.jpg,training/flip/0065_000000003.jpg,notflip__0058,flip__0065,notflip,flip
same_sequence_cross_split,0.7262971101376292,2,4,testing/flip/0008_000000007.jpg,training/flip/0008_000000012.jpg,flip__0008,flip__0008,flip,flip
same_sequence_cross_split,0.7261952732929147,1,0,testing/notflip/0032_000000029.jpg,training/notflip/0032_000000026.jpg,notflip__0032,notflip__0032,notflip,notflip
same_sequence_cross_split,0.7259044397622535,3,2,testing/notflip/0015_000000005.jpg,training/notflip/0015_000000009.jpg,notflip__0015,notflip__0015,notflip,notflip
same_sequence_cross_split,0.7257945700789816,4,2,testing/notflip/0007_000000010.jpg,training/notflip/0007_000000023.jpg,notflip__0007,notflip__0007,notflip,notflip
same_sequence_cross_split,0.725507316858705,3,0,testing/notflip/0040_000000016.jpg,training/notflip/0040_000000027.jpg,notflip__0040,notflip__0040,notflip,notflip
different_sequence_cross_split_same_label,0.7254745815395071,4,4,testing/notflip/0047_000000024.jpg,training/notflip/0049_000000024.jpg,notflip__0047,notflip__0049,notflip,notflip
same_sequence_cross_split,0.7249043801345008,3,0,testing/notflip/0003_000000025.jpg,training/notflip/0003_000000014.jpg,notflip__0003,notflip__0003,notflip,notflip
different_sequence_cross_split_same_label,0.7246010743507708,3,4,testing/notflip/0047_000000009.jpg,training/notflip/0043_000000010.jpg,notflip__0047,notflip__0043,notflip,notflip
different_sequence_cross_split_same_label,0.7245914779084015,4,4,testing/notflip/0047_000000025.jpg,training/notflip/0049_000000024.jpg,notflip__0047,notflip__0049,notflip,notflip
different_sequence_cross_split_cross_label,0.7238350447136848,3,2,testing/flip/0036_000000007.jpg,training/notflip/0028_000000029.jpg,flip__0036,notflip__0028,flip,notflip
same_sequence_cross_split,0.7236812058355651,2,2,testing/notflip/0057_000000023.jpg,training/notflip/0057_000000010.jpg,notflip__0057,notflip__0057,notflip,notflip
same_sequence_cross_split,0.7235985776128915,3,4,testing/notflip/0020_000000004.jpg,training/notflip/0020_000000017.jpg,notflip__0020,notflip__0020,notflip,notflip
different_sequence_cross_split_same_label,0.7235563670894776,4,4,testing/notflip/0047_000000025.jpg,training/notflip/0049_000000030.jpg,notflip__0047,notflip__0049,notflip,notflip
different_sequence_cross_split_cross_label,0.7232479989347612,2,4,testing/notflip/0029_000000013.jpg,training/flip/0037_000000005.jpg,notflip__0029,flip__0037,notflip,flip
different_sequence_cross_split_same_label,0.7229415361161393,4,4,testing/notflip/0047_000000024.jpg,training/notflip/0049_000000030.jpg,notflip__0047,notflip__0049,notflip,notflip
same_sequence_cross_split,0.7228957222821405,4,4,testing/notflip/0024_000000002.jpg,training/notflip/0024_000000017.jpg,notflip__0024,notflip__0024,notflip,notflip
same_sequence_cross_split,0.7225860624633471,3,4,testing/notflip/0002_000000006.jpg,training/notflip/0002_000000030.jpg,notflip__0002,notflip__0002,notflip,notflip
same_sequence_cross_split,0.7223703899208619,1,0,testing/notflip/0001_000000024.jpg,training/notflip/0001_000000022.jpg,notflip__0001,notflip__0001,notflip,notflip
same_sequence_cross_split,0.7220620016714315,2,0,testing/notflip/0003_000000025.jpg,training/notflip/0003_000000015.jpg,notflip__0003,notflip__0003,notflip,notflip
same_sequence_cross_split,0.7210600548630838,4,2,testing/notflip/0052_000000029.jpg,training/notflip/0052_000000021.jpg,notflip__0052,notflip__0052,notflip,notflip
same_sequence_cross_split,0.7209376272148404,1,2,testing/notflip/0058_000000013.jpg,training/notflip/0058_000000028.jpg,notflip__0058,notflip__0058,notflip,notflip
different_sequence_cross_split_same_label,0.7201790876090371,4,4,testing/notflip/0047_000000024.jpg,training/notflip/0049_000000023.jpg,notflip__0047,notflip__0049,notflip,notflip
same_sequence_cross_split,0.7200183492727624,0,2,testing/notflip/0058_000000020.jpg,training/notflip/0058_000000028.jpg,notflip__0058,notflip__0058,notflip,notflip
same_sequence_cross_split,0.719409955049495,4,0,testing/notflip/0006_000000019.jpg,training/notflip/0006_000000010.jpg,notflip__0006,notflip__0006,notflip,notflip
same_sequence_cross_split,0.7193568839943282,3,2,testing/flip/0058_000000006.jpg,training/flip/0058_000000001.jpg,flip__0058,flip__0058,flip,flip
same_sequence_cross_split,0.7193242047576668,1,2,testing/notflip/0003_000000025.jpg,training/notflip/0003_000000029.jpg,notflip__0003,notflip__0003,notflip,notflip
different_sequence_cross_split_same_label,0.7191832513473128,2,4,testing/notflip/0044_000000027.jpg,training/notflip/0048_000000011.jpg,notflip__0044,notflip__0048,notflip,notflip
different_sequence_cross_split_same_label,0.71900038196949,4,4,testing/notflip/0047_000000025.jpg,training/notflip/0049_000000023.jpg,notflip__0047,notflip__0049,notflip,notflip
same_sequence_cross_split,0.7184777067367245,4,4,testing/notflip/0052_000000022.jpg,training/notflip/0052_000000012.jpg,notflip__0052,notflip__0052,notflip,notflip
different_sequence_cross_split_cross_label,0.718429360987374,1,2,testing/flip/0065_000000001.jpg,training/notflip/0058_000000024.jpg,flip__0065,notflip__0058,flip,notflip
different_sequence_cross_split_same_label,0.7183456715728845,4,4,testing/notflip/0049_000000022.jpg,training/notflip/0047_000000018.jpg,notflip__0049,notflip__0047,notflip,notflip
different_sequence_cross_split_cross_label,0.7177980347408516,3,2,testing/notflip/0058_000000020.jpg,training/flip/0065_000000003.jpg,notflip__0058,flip__0065,notflip,flip
same_sequence_cross_split,0.7177682167688554,3,4,testing/notflip/0049_000000022.jpg,training/notflip/0049_000000005.jpg,notflip__0049,notflip__0049,notflip,notflip
same_sequence_cross_split,0.7177314915639024,2,4,testing/notflip/0002_000000008.jpg,training/notflip/0002_000000030.jpg,notflip__0002,notflip__0002,notflip,notflip
same_sequence_cross_split,0.7170326206326708,3,0,testing/notflip/0001_000000014.jpg,training/notflip/0001_000000023.jpg,notflip__0001,notflip__0001,notflip,notflip
same_sequence_cross_split,0.716962521473502,3,2,testing/notflip/0024_000000006.jpg,training/notflip/0024_000000015.jpg,notflip__0024,notflip__0024,notflip,notflip
same_sequence_cross_split,0.7168209167462146,2,4,testing/notflip/0003_000000018.jpg,training/notflip/0003_000000009.jpg,notflip__0003,notflip__0003,notflip,notflip
same_sequence_cross_split,0.7163170453575276,4,4,testing/notflip/0020_000000004.jpg,training/notflip/0020_000000018.jpg,notflip__0020,notflip__0020,notflip,notflip
different_sequence_cross_split_same_label,0.7159190101543764,3,4,testing/notflip/0048_000000030.jpg,training/notflip/0044_000000012.jpg,notflip__0048,notflip__0044,notflip,notflip
different_sequence_cross_split_same_label,0.7153011177690991,3,2,testing/notflip/0049_000000022.jpg,training/notflip/0047_000000019.jpg,notflip__0049,notflip__0047,notflip,notflip
different_sequence_cross_split_same_label,0.7151536616531974,3,4,testing/notflip/0044_000000014.jpg,training/notflip/0048_000000011.jpg,notflip__0044,notflip__0048,notflip,notflip
different_sequence_cross_split_same_label,0.7149015092128458,2,4,testing/notflip/0044_000000027.jpg,training/notflip/0048_000000010.jpg,notflip__0044,notflip__0048,notflip,notflip
same_sequence_cross_split,0.7145585755404513,1,4,testing/notflip/0050_000000013.jpg,training/notflip/0050_000000022.jpg,notflip__0050,notflip__0050,notflip,notflip
different_sequence_cross_split_same_label,0.7144320030914442,3,2,testing/flip/0063_000000011.jpg,training/flip/0061_000000013.jpg,flip__0063,flip__0061,flip,flip
different_sequence_cross_split_same_label,0.7143814819921378,3,2,testing/notflip/0049_000000022.jpg,training/notflip/0047_000000013.jpg,notflip__0049,notflip__0047,notflip,notflip
same_sequence_cross_split,0.7140665278213174,4,2,testing/notflip/0051_000000002.jpg,training/notflip/0051_000000027.jpg,notflip__0051,notflip__0051,notflip,notflip
different_sequence_cross_split_same_label,0.7140159621081277,3,4,testing/notflip/0047_000000025.jpg,training/notflip/0049_000000027.jpg,notflip__0047,notflip__0049,notflip,notflip
same_sequence_cross_split,0.7138124158833428,1,4,testing/notflip/0005_000000022.jpg,training/notflip/0005_000000027.jpg,notflip__0005,notflip__0005,notflip,notflip
different_sequence_cross_split_same_label,0.7137777243778481,3,2,testing/notflip/0049_000000022.jpg,training/notflip/0047_000000020.jpg,notflip__0049,notflip__0047,notflip,notflip
same_sequence_cross_split,0.7137316957727786,2,0,testing/notflip/0001_000000024.jpg,training/notflip/0001_000000017.jpg,notflip__0001,notflip__0001,notflip,notflip
different_sequence_cross_split_same_label,0.7137206494713938,4,2,testing/notflip/0049_000000022.jpg,training/notflip/0047_000000021.jpg,notflip__0049,notflip__0047,notflip,notflip
different_sequence_cross_split_same_label,0.7133267814272509,3,4,testing/notflip/0048_000000015.jpg,training/notflip/0044_000000013.jpg,notflip__0048,notflip__0044,notflip,notflip
different_sequence_cross_split_same_label,0.7132847563455327,4,4,testing/notflip/0047_000000025.jpg,training/notflip/0049_000000029.jpg,notflip__0047,notflip__0049,notflip,notflip
same_sequence_cross_split,0.7129592235708878,4,4,testing/notflip/0024_000000002.jpg,training/notflip/0024_000000016.jpg,notflip__0024,notflip__0024,notflip,notflip
same_sequence_cross_split,0.7127671658800079,3,0,testing/notflip/0045_000000030.jpg,training/notflip/0045_000000021.jpg,notflip__0045,notflip__0045,notflip,notflip
same_sequence_cross_split,0.7126458892936962,3,0,testing/notflip/0045_000000022.jpg,training/notflip/0045_000000029.jpg,notflip__0045,notflip__0045,notflip,notflip
different_sequence_cross_split_same_label,0.712629570604094,3,4,testing/notflip/0047_000000024.jpg,training/notflip/0049_000000027.jpg,notflip__0047,notflip__0049,notflip,notflip
same_sequence_cross_split,0.712604846810296,2,4,testing/notflip/0009_000000003.jpg,training/notflip/0009_000000013.jpg,notflip__0009,notflip__0009,notflip,notflip
different_sequence_cross_split_same_label,0.7124718865914019,0,4,testing/notflip/0044_000000027.jpg,training/notflip/0048_000000012.jpg,notflip__0044,notflip__0048,notflip,notflip
different_sequence_cross_split_same_label,0.7124134493701143,4,4,testing/notflip/0047_000000024.jpg,training/notflip/0049_000000029.jpg,notflip__0047,notflip__0049,notflip,notflip
different_sequence_cross_split_same_label,0.7123885020675934,3,2,testing/notflip/0044_000000027.jpg,training/notflip/0048_000000020.jpg,notflip__0044,notflip__0048,notflip,notflip
different_sequence_cross_split_cross_label,0.7117846430926575,3,4,testing/notflip/0058_000000018.jpg,training/flip/0065_000000004.jpg,notflip__0058,flip__0065,notflip,flip
same_sequence_cross_split,0.7114618994194303,4,4,testing/notflip/0030_000000001.jpg,training/notflip/0030_000000005.jpg,notflip__0030,notflip__0030,notflip,notflip
different_sequence_cross_split_same_label,0.71137990608796,4,2,testing/notflip/0047_000000024.jpg,training/notflip/0045_000000020.jpg,notflip__0047,notflip__0045,notflip,notflip
different_sequence_cross_split_same_label,0.7111305650084296,1,2,testing/notflip/0044_000000027.jpg,training/notflip/0048_000000019.jpg,notflip__0044,notflip__0048,notflip,notflip
different_sequence_cross_split_same_label,0.7109978291511806,3,4,testing/notflip/0048_000000030.jpg,training/notflip/0044_000000026.jpg,notflip__0048,notflip__0044,notflip,notflip
different_sequence_cross_split_same_label,0.7108227152530019,1,2,testing/notflip/0048_000000030.jpg,training/notflip/0044_000000028.jpg,notflip__0048,notflip__0044,notflip,notflip
different_sequence_cross_split_same_label,0.7107157200475073,4,2,testing/notflip/0049_000000022.jpg,training/notflip/0047_000000026.jpg,notflip__0049,notflip__0047,notflip,notflip
different_sequence_cross_split_same_label,0.7106203600137808,3,2,testing/notflip/0047_000000024.jpg,training/notflip/0045_000000024.jpg,notflip__0047,notflip__0045,notflip,notflip
different_sequence_cross_split_same_label,0.7102518465777966,3,2,testing/notflip/0047_000000025.jpg,training/notflip/0045_000000024.jpg,notflip__0047,notflip__0045,notflip,notflip
different_sequence_cross_split_same_label,0.7102452913422549,1,4,testing/notflip/0044_000000027.jpg,training/notflip/0048_000000014.jpg,notflip__0044,notflip__0048,notflip,notflip
different_sequence_cross_split_same_label,0.7101777372704613,4,2,testing/notflip/0047_000000025.jpg,training/notflip/0045_000000020.jpg,notflip__0047,notflip__0045,notflip,notflip
different_sequence_cross_split_same_label,0.710136556283938,1,2,testing/notflip/0044_000000027.jpg,training/notflip/0048_000000029.jpg,notflip__0044,notflip__0048,notflip,notflip
same_sequence_cross_split,0.7099879297130816,4,0,testing/notflip/0007_000000010.jpg,training/notflip/0007_000000030.jpg,notflip__0007,notflip__0007,notflip,notflip
different_sequence_cross_split_same_label,0.7098150977081839,4,2,testing/notflip/0047_000000024.jpg,training/notflip/0045_000000021.jpg,notflip__0047,notflip__0045,notflip,notflip
different_sequence_cross_split_same_label,0.7097739878790731,3,4,testing/notflip/0049_000000026.jpg,training/notflip/0047_000000026.jpg,notflip__0049,notflip__0047,notflip,notflip
same_sequence_cross_split,0.7094100042342861,3,2,testing/notflip/0007_000000025.jpg,training/notflip/0007_000000014.jpg,notflip__0007,notflip__0007,notflip,notflip
different_sequence_cross_split_same_label,0.709392317869572,4,2,testing/notflip/0047_000000024.jpg,training/notflip/0049_000000021.jpg,notflip__0047,notflip__0049,notflip,notflip
same_sequence_cross_split,0.708960027747608,3,4,testing/notflip/0020_000000016.jpg,training/notflip/0020_000000003.jpg,notflip__0020,notflip__0020,notflip,notflip
same_sequence_cross_split,0.7088654026988297,2,0,testing/notflip/0016_000000025.jpg,training/notflip/0016_000000021.jpg,notflip__0016,notflip__0016,notflip,notflip
different_sequence_cross_split_same_label,0.7087885680281318,4,2,testing/notflip/0047_000000025.jpg,training/notflip/0045_000000021.jpg,notflip__0047,notflip__0045,notflip,notflip
different_sequence_cross_split_same_label,0.7086846325253958,4,4,testing/notflip/0025_000000013.jpg,training/notflip/0026_000000015.jpg,notflip__0025,notflip__0026,notflip,notflip
same_sequence_cross_split,0.7086602521610286,4,2,testing/flip/0004_000000013.jpg,training/flip/0004_000000005.jpg,flip__0004,flip__0004,flip,flip
same_sequence_cross_split,0.7086260293743941,2,4,testing/notflip/0030_000000022.jpg,training/notflip/0030_000000017.jpg,notflip__0030,notflip__0030,notflip,notflip
same_sequence_cross_split,0.7086025691514518,2,4,testing/notflip/0030_000000022.jpg,training/notflip/0030_000000016.jpg,notflip__0030,notflip__0030,notflip,notflip
different_sequence_cross_split_cross_label,0.7085922314339045,4,4,testing/flip/0006_000000001.jpg,training/notflip/0007_000000014.jpg,flip__0006,notflip__0007,flip,notflip
same_sequence_cross_split,0.7085491300189296,2,4,testing/notflip/0030_000000023.jpg,training/notflip/0030_000000017.jpg,notflip__0030,notflip__0030,notflip,notflip
same_sequence_cross_split,0.708525412882117,2,4,testing/notflip/0030_000000023.jpg,training/notflip/0030_000000016.jpg,notflip__0030,notflip__0030,notflip,notflip
different_sequence_cross_split_same_label,0.7084948274981502,4,2,testing/notflip/0047_000000025.jpg,training/notflip/0049_000000021.jpg,notflip__0047,notflip__0049,notflip,notflip
different_sequence_cross_split_same_label,0.7083997803168107,4,4,testing/notflip/0049_000000026.jpg,training/notflip/0047_000000013.jpg,notflip__0049,notflip__0047,notflip,notflip
different_sequence_cross_split_same_label,0.7083273578850197,3,2,testing/notflip/0047_000000024.jpg,training/notflip/0045_000000019.jpg,notflip__0047,notflip__0045,notflip,notflip
different_sequence_cross_split_same_label,0.7082626702147367,3,2,testing/notflip/0045_000000028.jpg,training/notflip/0047_000000030.jpg,notflip__0045,notflip__0047,notflip,notflip
different_sequence_cross_split_same_label,0.7081071358740567,2,2,testing/notflip/0047_000000029.jpg,training/notflip/0045_000000029.jpg,notflip__0047,notflip__0045,notflip,notflip
different_sequence_cross_split_same_label,0.7080355372263683,3,2,testing/notflip/0044_000000027.jpg,training/notflip/0048_000000021.jpg,notflip__0044,notflip__0048,notflip,notflip
different_sequence_cross_split_same_label,0.7079830019589161,3,2,testing/notflip/0045_000000028.jpg,training/notflip/0047_000000028.jpg,notflip__0045,notflip__0047,notflip,notflip
same_sequence_cross_split,0.7078235928285865,1,2,testing/notflip/0058_000000013.jpg,training/notflip/0058_000000029.jpg,notflip__0058,notflip__0058,notflip,notflip
different_sequence_cross_split_same_label,0.7077902951929974,4,2,testing/notflip/0047_000000024.jpg,training/notflip/0045_000000023.jpg,notflip__0047,notflip__0045,notflip,notflip
different_sequence_cross_split_same_label,0.7077480526423506,1,4,testing/notflip/0044_000000027.jpg,training/notflip/0048_000000013.jpg,notflip__0044,notflip__0048,notflip,notflip
different_sequence_cross_split_same_label,0.7077229806602054,4,2,testing/notflip/0049_000000018.jpg,training/notflip/0047_000000013.jpg,notflip__0049,notflip__0047,notflip,notflip
different_sequence_cross_split_same_label,0.7076982318939543,2,2,testing/notflip/0048_000000030.jpg,training/notflip/0044_000000029.jpg,notflip__0048,notflip__0044,notflip,notflip
different_sequence_cross_split_same_label,0.707640670793132,4,2,testing/notflip/0047_000000025.jpg,training/notflip/0045_000000023.jpg,notflip__0047,notflip__0045,notflip,notflip
different_sequence_cross_split_same_label,0.7076301810129798,2,2,testing/notflip/0045_000000026.jpg,training/notflip/0047_000000028.jpg,notflip__0045,notflip__0047,notflip,notflip
different_sequence_cross_split_same_label,0.7075016344499109,4,4,testing/notflip/0049_000000026.jpg,training/notflip/0047_000000023.jpg,notflip__0049,notflip__0047,notflip,notflip
different_sequence_cross_split_same_label,0.7074058465180113,4,2,testing/notflip/0049_000000018.jpg,training/notflip/0047_000000019.jpg,notflip__0049,notflip__0047,notflip,notflip
different_sequence_cross_split_same_label,0.7071253456622831,1,4,testing/notflip/0044_000000014.jpg,training/notflip/0048_000000012.jpg,notflip__0044,notflip__0048,notflip,notflip
different_sequence_cross_split_same_label,0.707100586138854,3,2,testing/notflip/0047_000000025.jpg,training/notflip/0045_000000019.jpg,notflip__0047,notflip__0045,notflip,notflip
different_sequence_cross_split_same_label,0.707039840796191,3,2,testing/notflip/0047_000000024.jpg,training/notflip/0045_000000025.jpg,notflip__0047,notflip__0045,notflip,notflip
same_sequence_cross_split,0.7069121344669314,2,4,testing/flip/0004_000000006.jpg,training/flip/0004_000000010.jpg,flip__0004,flip__0004,flip,flip
same_sequence_cross_split,0.7068647672315985,2,2,testing/notflip/0003_000000030.jpg,training/notflip/0003_000000024.jpg,notflip__0003,notflip__0003,notflip,notflip
different_sequence_cross_split_same_label,0.7067659184952577,2,4,testing/notflip/0048_000000015.jpg,training/notflip/0044_000000028.jpg,notflip__0048,notflip__0044,notflip,notflip
different_sequence_cross_split_same_label,0.7067527170203703,4,4,testing/notflip/0048_000000026.jpg,training/notflip/0044_000000012.jpg,notflip__0048,notflip__0044,notflip,notflip
different_sequence_cross_split_same_label,0.7067446464430892,4,2,testing/notflip/0047_000000024.jpg,training/notflip/0049_000000016.jpg,notflip__0047,notflip__0049,notflip,notflip
different_sequence_cross_split_same_label,0.7063797564119128,2,4,testing/notflip/0044_000000014.jpg,training/notflip/0048_000000014.jpg,notflip__0044,notflip__0048,notflip,notflip
same_sequence_cross_split,0.7062380861173777,2,4,testing/notflip/0031_000000016.jpg,training/notflip/0031_000000028.jpg,notflip__0031,notflip__0031,notflip,notflip
same_sequence_cross_split,0.7061653579172193,0,2,testing/notflip/0058_000000020.jpg,training/notflip/0058_000000029.jpg,notflip__0058,notflip__0058,notflip,notflip
different_sequence_cross_split_same_label,0.7060935939401312,2,2,testing/notflip/0045_000000026.jpg,training/notflip/0047_000000027.jpg,notflip__0045,notflip__0047,notflip,notflip
different_sequence_cross_split_same_label,0.7060554375365676,3,2,testing/notflip/0047_000000025.jpg,training/notflip/0045_000000025.jpg,notflip__0047,notflip__0045,notflip,notflip
different_sequence_cross_split_same_label,0.7059949007742855,2,2,testing/notflip/0045_000000030.jpg,training/notflip/0047_000000030.jpg,notflip__0045,notflip__0047,notflip,notflip
different_sequence_cross_split_same_label,0.7058410715529945,4,2,testing/notflip/0049_000000018.jpg,training/notflip/0047_000000020.jpg,notflip__0049,notflip__0047,notflip,notflip
same_sequence_cross_split,0.7056700865732628,2,2,testing/notflip/0003_000000030.jpg,training/notflip/0003_000000022.jpg,notflip__0003,notflip__0003,notflip,notflip
same_sequence_cross_split,0.7056264733901271,3,2,testing/notflip/0009_000000002.jpg,training/notflip/0009_000000013.jpg,notflip__0009,notflip__0009,notflip,notflip
different_sequence_cross_split_same_label,0.7055844689580976,4,4,testing/notflip/0045_000000016.jpg,training/notflip/0047_000000018.jpg,notflip__0045,notflip__0047,notflip,notflip
different_sequence_cross_split_same_label,0.7055784551489404,3,4,testing/notflip/0048_000000015.jpg,training/notflip/0044_000000029.jpg,notflip__0048,notflip__0044,notflip,notflip
different_sequence_cross_split_same_label,0.7055760863281568,2,2,testing/notflip/0047_000000029.jpg,training/notflip/0045_000000025.jpg,notflip__0047,notflip__0045,notflip,notflip
different_sequence_cross_split_same_label,0.705487876121769,3,4,testing/notflip/0045_000000016.jpg,training/notflip/0047_000000020.jpg,notflip__0045,notflip__0047,notflip,notflip
different_sequence_cross_split_same_label,0.7054118794391557,4,2,testing/notflip/0047_000000025.jpg,training/notflip/0049_000000016.jpg,notflip__0047,notflip__0049,notflip,notflip
different_sequence_cross_split_same_label,0.7053792519565288,4,4,testing/notflip/0049_000000026.jpg,training/notflip/0047_000000016.jpg,notflip__0049,notflip__0047,notflip,notflip
same_sequence_cross_split,0.7053691970567104,2,0,testing/notflip/0045_000000030.jpg,training/notflip/0045_000000017.jpg,notflip__0045,notflip__0045,notflip,notflip
different_sequence_cross_split_same_label,0.705250638564504,4,4,testing/notflip/0045_000000016.jpg,training/notflip/0047_000000021.jpg,notflip__0045,notflip__0047,notflip,notflip
different_sequence_cross_split_same_label,0.7052207691036058,3,4,testing/notflip/0045_000000016.jpg,training/notflip/0047_000000019.jpg,notflip__0045,notflip__0047,notflip,notflip
different_sequence_cross_split_same_label,0.705153316893027,4,4,testing/notflip/0049_000000026.jpg,training/notflip/0047_000000022.jpg,notflip__0049,notflip__0047,notflip,notflip
different_sequence_cross_split_cross_label,0.7050957605704702,4,4,testing/notflip/0045_000000018.jpg,training/flip/0053_000000004.jpg,notflip__0045,flip__0053,notflip,flip
different_sequence_cross_split_cross_label,0.7050383016757308,4,4,testing/notflip/0045_000000018.jpg,training/flip/0053_000000005.jpg,notflip__0045,flip__0053,notflip,flip
same_sequence_cross_split,0.7047802423270167,3,0,testing/notflip/0016_000000025.jpg,training/notflip/0016_000000019.jpg,notflip__0016,notflip__0016,notflip,notflip
different_sequence_cross_split_same_label,0.7047107358043205,3,2,testing/notflip/0044_000000027.jpg,training/notflip/0048_000000024.jpg,notflip__0044,notflip__0048,notflip,notflip
different_sequence_cross_split_same_label,0.704353756977181,3,2,testing/notflip/0047_000000029.jpg,training/notflip/0045_000000027.jpg,notflip__0047,notflip__0045,notflip,notflip
same_sequence_cross_split,0.7043017817218429,3,0,testing/notflip/0040_000000017.jpg,training/notflip/0040_000000029.jpg,notflip__0040,notflip__0040,notflip,notflip
different_sequence_cross_split_same_label,0.7042501700038128,4,2,testing/notflip/0047_000000024.jpg,training/notflip/0049_000000019.jpg,notflip__0047,notflip__0049,notflip,notflip
different_sequence_cross_split_same_label,0.7042373719733799,3,2,testing/notflip/0048_000000025.jpg,training/notflip/0044_000000028.jpg,notflip__0048,notflip__0044,notflip,notflip
different_sequence_cross_split_same_label,0.7040652526138368,4,4,testing/notflip/0049_000000028.jpg,training/notflip/0047_000000026.jpg,notflip__0049,notflip__0047,notflip,notflip
different_sequence_cross_split_same_label,0.704055894671173,3,2,testing/notflip/0045_000000026.jpg,training/notflip/0047_000000021.jpg,notflip__0045,notflip__0047,notflip,notflip
different_sequence_cross_split_same_label,0.7039710930091791,4,2,testing/notflip/0047_000000024.jpg,training/notflip/0049_000000020.jpg,notflip__0047,notflip__0049,notflip,notflip
different_sequence_cross_split_same_label,0.703889189409521,3,4,testing/notflip/0045_000000016.jpg,training/notflip/0047_000000017.jpg,notflip__0045,notflip__0047,notflip,notflip
different_sequence_cross_split_same_label,0.7038822414226749,3,2,testing/notflip/0045_000000028.jpg,training/notflip/0047_000000027.jpg,notflip__0045,notflip__0047,notflip,notflip
different_sequence_cross_split_same_label,0.703856563810766,4,4,testing/notflip/0049_000000026.jpg,training/notflip/0047_000000017.jpg,notflip__0049,notflip__0047,notflip,notflip
different_sequence_cross_split_same_label,0.7037403284864191,4,2,testing/notflip/0045_000000022.jpg,training/notflip/0047_000000026.jpg,notflip__0045,notflip__0047,notflip,notflip
different_sequence_cross_split_same_label,0.7036855434227437,3,4,testing/notflip/0048_000000030.jpg,training/notflip/0044_000000025.jpg,notflip__0048,notflip__0044,notflip,notflip
different_sequence_cross_split_same_label,0.7034576953084639,3,4,testing/notflip/0048_000000025.jpg,training/notflip/0044_000000026.jpg,notflip__0048,notflip__0044,notflip,notflip
different_sequence_cross_split_cross_label,0.7034387602206915,1,2,testing/flip/0065_000000001.jpg,training/notflip/0058_000000022.jpg,flip__0065,notflip__0058,flip,notflip
different_sequence_cross_split_same_label,0.7034146724177669,4,2,testing/notflip/0048_000000025.jpg,training/notflip/0044_000000029.jpg,notflip__0048,notflip__0044,notflip,notflip
different_sequence_cross_split_same_label,0.7033762683836952,4,2,testing/notflip/0047_000000025.jpg,training/notflip/0049_000000019.jpg,notflip__0047,notflip__0049,notflip,notflip
different_sequence_cross_split_same_label,0.70337091290667,2,2,testing/notflip/0048_000000030.jpg,training/notflip/0044_000000030.jpg,notflip__0048,notflip__0044,notflip,notflip
same_sequence_cross_split,0.7033439796471121,3,2,testing/notflip/0024_000000006.jpg,training/notflip/0024_000000016.jpg,notflip__0024,notflip__0024,notflip,notflip
same_sequence_cross_split,0.7032214849392554,4,2,testing/notflip/0007_000000010.jpg,training/notflip/0007_000000027.jpg,notflip__0007,notflip__0007,notflip,notflip
same_sequence_cross_split,0.7031477929350964,1,4,testing/notflip/0002_000000015.jpg,training/notflip/0002_000000030.jpg,notflip__0002,notflip__0002,notflip,notflip
same_sequence_cross_split,0.7030165530031331,3,2,testing/notflip/0007_000000010.jpg,training/notflip/0007_000000028.jpg,notflip__0007,notflip__0007,notflip,notflip
different_sequence_cross_split_same_label,0.7030129199281931,4,2,testing/notflip/0047_000000025.jpg,training/notflip/0049_000000020.jpg,notflip__0047,notflip__0049,notflip,notflip
different_sequence_cross_split_same_label,0.7029635637242114,2,4,testing/notflip/0048_000000015.jpg,training/notflip/0044_000000026.jpg,notflip__0048,notflip__0044,notflip,notflip
different_sequence_cross_split_same_label,0.7028526678226326,3,4,testing/notflip/0045_000000016.jpg,training/notflip/0047_000000016.jpg,notflip__0045,notflip__0047,notflip,notflip
same_sequence_cross_split,0.7028347961559689,4,2,testing/flip/0065_000000001.jpg,training/flip/0065_000000009.jpg,flip__0065,flip__0065,flip,flip
different_sequence_cross_split_cross_label,0.7027474185584914,4,4,testing/flip/0058_000000006.jpg,training/notflip/0051_000000029.jpg,flip__0058,notflip__0051,flip,notflip
different_sequence_cross_split_cross_label,0.7026134015217402,3,2,testing/notflip/0049_000000022.jpg,training/flip/0055_000000011.jpg,notflip__0049,flip__0055,notflip,flip
different_sequence_cross_split_same_label,0.7026111039425414,2,4,testing/notflip/0048_000000030.jpg,training/notflip/0044_000000017.jpg,notflip__0048,notflip__0044,notflip,notflip
different_sequence_cross_split_same_label,0.7026036028730618,1,4,testing/notflip/0048_000000030.jpg,training/notflip/0044_000000016.jpg,notflip__0048,notflip__0044,notflip,notflip
same_sequence_cross_split,0.7025191602874689,4,2,testing/notflip/0007_000000025.jpg,training/notflip/0007_000000012.jpg,notflip__0007,notflip__0007,notflip,notflip
different_sequence_cross_split_same_label,0.7024859245796286,4,2,testing/notflip/0045_000000026.jpg,training/notflip/0047_000000020.jpg,notflip__0045,notflip__0047,notflip,notflip
different_sequence_cross_split_same_label,0.7023894113570228,3,4,testing/notflip/0045_000000016.jpg,training/notflip/0047_000000028.jpg,notflip__0045,notflip__0047,notflip,notflip
different_sequence_cross_split_same_label,0.7023337619120237,3,2,testing/notflip/0045_000000026.jpg,training/notflip/0047_000000018.jpg,notflip__0045,notflip__0047,notflip,notflip
same_sequence_cross_split,0.7022675545455437,3,4,testing/notflip/0040_000000005.jpg,training/notflip/0040_000000001.jpg,notflip__0040,notflip__0040,notflip,notflip
different_sequence_cross_split_same_label,0.7022638289628224,4,2,testing/notflip/0045_000000026.jpg,training/notflip/0047_000000017.jpg,notflip__0045,notflip__0047,notflip,notflip
different_sequence_cross_split_same_label,0.7021724459351908,2,4,testing/notflip/0044_000000014.jpg,training/notflip/0048_000000013.jpg,notflip__0044,notflip__0048,notflip,notflip
different_sequence_cross_split_same_label,0.7021215729102627,4,4,testing/notflip/0049_000000026.jpg,training/notflip/0047_000000027.jpg,notflip__0049,notflip__0047,notflip,notflip
same_sequence_cross_split,0.7020014037338785,0,0,testing/notflip/0001_000000014.jpg,training/notflip/0001_000000005.jpg,notflip__0001,notflip__0001,notflip,notflip
same_sequence_cross_split,0.7019494456043789,3,2,testing/notflip/0007_000000025.jpg,training/notflip/0007_000000013.jpg,notflip__0007,notflip__0007,notflip,notflip
different_sequence_cross_split_cross_label,0.7019081194215142,4,4,testing/flip/0006_000000001.jpg,training/notflip/0007_000000011.jpg,flip__0006,notflip__0007,flip,notflip
different_sequence_cross_split_same_label,0.701757591501982,4,2,testing/notflip/0045_000000018.jpg,training/notflip/0047_000000017.jpg,notflip__0045,notflip__0047,notflip,notflip
different_sequence_cross_split_same_label,0.7017122259744778,3,2,testing/notflip/0026_000000004.jpg,training/notflip/0025_000000005.jpg,notflip__0026,notflip__0025,notflip,notflip
different_sequence_cross_split_same_label,0.7017052207542885,3,4,testing/notflip/0048_000000015.jpg,training/notflip/0044_000000030.jpg,notflip__0048,notflip__0044,notflip,notflip
same_sequence_cross_split,0.7016085216333641,1,2,testing/notflip/0058_000000013.jpg,training/notflip/0058_000000030.jpg,notflip__0058,notflip__0058,notflip,notflip
different_sequence_cross_split_same_label,0.7016053035025537,3,2,testing/notflip/0045_000000028.jpg,training/notflip/0047_000000020.jpg,notflip__0045,notflip__0047,notflip,notflip
same_sequence_cross_split,0.7015875680558835,3,2,testing/notflip/0009_000000012.jpg,training/notflip/0009_000000001.jpg,notflip__0009,notflip__0009,notflip,notflip
different_sequence_cross_split_same_label,0.70132045691911,3,4,testing/notflip/0045_000000016.jpg,training/notflip/0047_000000022.jpg,notflip__0045,notflip__0047,notflip,notflip
different_sequence_cross_split_same_label,0.7012916942430396,2,4,testing/notflip/0048_000000030.jpg,training/notflip/0044_000000019.jpg,notflip__0048,notflip__0044,notflip,notflip
same_sequence_cross_split,0.7012768213174416,4,2,testing/notflip/0007_000000010.jpg,training/notflip/0007_000000024.jpg,notflip__0007,notflip__0007,notflip,notflip
same_sequence_cross_split,0.7012480441819504,3,0,testing/notflip/0045_000000030.jpg,training/notflip/0045_000000023.jpg,notflip__0045,notflip__0045,notflip,notflip
different_sequence_cross_split_same_label,0.7012407637335973,3,4,testing/notflip/0045_000000016.jpg,training/notflip/0047_000000015.jpg,notflip__0045,notflip__0047,notflip,notflip
different_sequence_cross_split_same_label,0.7012314811424847,4,2,testing/notflip/0045_000000026.jpg,training/notflip/0047_000000019.jpg,notflip__0045,notflip__0047,notflip,notflip
different_sequence_cross_split_same_label,0.7012203972689528,3,2,testing/notflip/0045_000000026.jpg,training/notflip/0047_000000026.jpg,notflip__0045,notflip__0047,notflip,notflip
different_sequence_cross_split_same_label,0.7011691290691272,3,4,testing/notflip/0044_000000027.jpg,training/notflip/0048_000000022.jpg,notflip__0044,notflip__0048,notflip,notflip
different_sequence_cross_split_same_label,0.7011608611287072,2,2,testing/notflip/0048_000000026.jpg,training/notflip/0044_000000028.jpg,notflip__0048,notflip__0044,notflip,notflip
different_sequence_cross_split_same_label,0.7011271445372081,3,4,testing/notflip/0045_000000016.jpg,training/notflip/0047_000000027.jpg,notflip__0045,notflip__0047,notflip,notflip
different_sequence_cross_split_same_label,0.7011188407853346,3,2,testing/notflip/0045_000000028.jpg,training/notflip/0047_000000019.jpg,notflip__0045,notflip__0047,notflip,notflip
different_sequence_cross_split_same_label,0.7010704277500255,3,4,testing/notflip/0043_000000023.jpg,training/notflip/0044_000000010.jpg,notflip__0043,notflip__0044,notflip,notflip
different_sequence_cross_split_same_label,0.7010414287773566,2,2,testing/notflip/0045_000000026.jpg,training/notflip/0047_000000022.jpg,notflip__0045,notflip__0047,notflip,notflip
different_sequence_cross_split_same_label,0.7010202086531221,3,2,testing/notflip/0045_000000018.jpg,training/notflip/0047_000000018.jpg,notflip__0045,notflip__0047,notflip,notflip
different_sequence_cross_split_same_label,0.7009250542453045,3,2,testing/notflip/0048_000000026.jpg,training/notflip/0044_000000029.jpg,notflip__0048,notflip__0044,notflip,notflip
same_sequence_cross_split,0.7008299991460619,3,2,testing/notflip/0007_000000010.jpg,training/notflip/0007_000000029.jpg,notflip__0007,notflip__0007,notflip,notflip
different_sequence_cross_split_same_label,0.7007824552707772,4,2,testing/notflip/0045_000000026.jpg,training/notflip/0047_000000016.jpg,notflip__0045,notflip__0047,notflip,notflip
different_sequence_cross_split_same_label,0.7007645909111683,3,2,testing/notflip/0045_000000018.jpg,training/notflip/0047_000000021.jpg,notflip__0045,notflip__0047,notflip,notflip
different_sequence_cross_split_same_label,0.7007428084607519,4,2,testing/notflip/0045_000000028.jpg,training/notflip/0047_000000021.jpg,notflip__0045,notflip__0047,notflip,notflip
same_sequence_cross_split,0.7006048125372754,2,0,testing/notflip/0001_000000004.jpg,training/notflip/0001_000000018.jpg,notflip__0001,notflip__0001,notflip,notflip
same_sequence_cross_split,0.7006045992215989,2,0,testing/notflip/0001_000000002.jpg,training/notflip/0001_000000018.jpg,notflip__0001,notflip__0001,notflip,notflip
different_sequence_cross_split_same_label,0.7005914092720259,2,4,testing/notflip/0048_000000030.jpg,training/notflip/0044_000000018.jpg,notflip__0048,notflip__0044,notflip,notflip
different_sequence_cross_split_cross_label,0.7005473882459425,4,4,testing/notflip/0049_000000022.jpg,training/flip/0055_000000012.jpg,notflip__0049,flip__0055,notflip,flip
same_sequence_cross_split,0.7004796260367859,3,0,testing/notflip/0003_000000025.jpg,training/notflip/0003_000000013.jpg,notflip__0003,notflip__0003,notflip,notflip
different_sequence_cross_split_same_label,0.7004271384748717,2,2,testing/notflip/0045_000000026.jpg,training/notflip/0047_000000023.jpg,notflip__0045,notflip__0047,notflip,notflip
different_sequence_cross_split_same_label,0.700343947569489,4,4,testing/notflip/0049_000000026.jpg,training/notflip/0047_000000015.jpg,notflip__0049,notflip__0047,notflip,notflip
different_sequence_cross_split_same_label,0.700243278884938,1,2,testing/notflip/0044_000000027.jpg,training/notflip/0048_000000028.jpg,notflip__0044,notflip__0048,notflip,notflip
different_sequence_cross_split_same_label,0.7000467299068415,2,2,testing/notflip/0045_000000026.jpg,training/notflip/0047_000000030.jpg,notflip__0045,notflip__0047,notflip,notflip
different_sequence_cross_split_same_label,0.7000374267889081,2,2,testing/notflip/0045_000000018.jpg,training/notflip/0047_000000020.jpg,notflip__0045,notflip__0047,notflip,notflip
different_sequence_cross_split_same_label,0.6999627620724479,3,4,testing/notflip/0045_000000016.jpg,training/notflip/0047_000000023.jpg,notflip__0045,notflip__0047,notflip,notflip
different_sequence_cross_split_same_label,0.6999532334630988,3,4,testing/notflip/0048_000000030.jpg,training/notflip/0044_000000020.jpg,notflip__0048,notflip__0044,notflip,notflip
same_sequence_cross_split,0.6998065721737894,0,2,testing/notflip/0058_000000020.jpg,training/notflip/0058_000000030.jpg,notflip__0058,notflip__0058,notflip,notflip
different_sequence_cross_split_same_label,0.6997852934910191,4,4,testing/notflip/0049_000000026.jpg,training/notflip/0047_000000014.jpg,notflip__0049,notflip__0047,notflip,notflip
different_sequence_cross_split_cross_label,0.6997179764643374,1,2,testing/flip/0065_000000001.jpg,training/notflip/0058_000000023.jpg,flip__0065,notflip__0058,flip,notflip
different_sequence_cross_split_same_label,0.6995616233918918,4,2,testing/notflip/0048_000000025.jpg,training/notflip/0044_000000030.jpg,notflip__0048,notflip__0044,notflip,notflip
different_sequence_cross_split_same_label,0.6995582197215027,3,2,testing/flip/0052_000000017.jpg,training/flip/0051_000000018.jpg,flip__0052,flip__0051,flip,flip
different_sequence_cross_split_same_label,0.6994846304849776,2,2,testing/notflip/0044_000000027.jpg,training/notflip/0048_000000018.jpg,notflip__0044,notflip__0048,notflip,notflip
different_sequence_cross_split_same_label,0.6994803070336139,3,4,testing/notflip/0049_000000026.jpg,training/notflip/0047_000000021.jpg,notflip__0049,notflip__0047,notflip,notflip
different_sequence_cross_split_same_label,0.699349741121886,4,2,testing/notflip/0045_000000028.jpg,training/notflip/0047_000000018.jpg,notflip__0045,notflip__0047,notflip,notflip
different_sequence_cross_split_same_label,0.6993313570358474,3,4,testing/notflip/0049_000000026.jpg,training/notflip/0047_000000018.jpg,notflip__0049,notflip__0047,notflip,notflip
different_sequence_cross_split_cross_label,0.6992193971314176,4,4,testing/notflip/0007_000000010.jpg,training/flip/0006_000000003.jpg,notflip__0007,flip__0006,notflip,flip
different_sequence_cross_split_same_label,0.6991454605822242,4,2,testing/notflip/0045_000000022.jpg,training/notflip/0047_000000021.jpg,notflip__0045,notflip__0047,notflip,notflip
different_sequence_cross_split_same_label,0.6988692513352021,4,4,testing/notflip/0043_000000024.jpg,training/notflip/0044_000000010.jpg,notflip__0043,notflip__0044,notflip,notflip
different_sequence_cross_split_same_label,0.6988217400552855,3,4,testing/notflip/0047_000000029.jpg,training/notflip/0045_000000015.jpg,notflip__0047,notflip__0045,notflip,notflip
different_sequence_cross_split_same_label,0.6987268849773958,3,4,testing/notflip/0026_000000005.jpg,training/notflip/0025_000000003.jpg,notflip__0026,notflip__0025,notflip,notflip
different_sequence_cross_split_same_label,0.6986054153341626,4,4,testing/notflip/0048_000000025.jpg,training/notflip/0044_000000019.jpg,notflip__0048,notflip__0044,notflip,notflip
different_sequence_cross_split_same_label,0.698445392796325,2,2,testing/notflip/0045_000000030.jpg,training/notflip/0047_000000028.jpg,notflip__0045,notflip__0047,notflip,notflip
different_sequence_cross_split_cross_label,0.6984141414283643,3,2,testing/notflip/0049_000000011.jpg,training/flip/0055_000000011.jpg,notflip__0049,flip__0055,notflip,flip
different_sequence_cross_split_same_label,0.69838666502205,4,2,testing/notflip/0047_000000024.jpg,training/notflip/0049_000000015.jpg,notflip__0047,notflip__0049,notflip,notflip
different_sequence_cross_split_same_label,0.6983831163643873,2,2,testing/notflip/0045_000000018.jpg,training/notflip/0047_000000019.jpg,notflip__0045,notflip__0047,notflip,notflip
different_sequence_cross_split_same_label,0.6983107577167961,4,4,testing/notflip/0048_000000026.jpg,training/notflip/0044_000000026.jpg,notflip__0048,notflip__0044,notflip,notflip
different_sequence_cross_split_same_label,0.6982693918081908,4,2,testing/notflip/0045_000000028.jpg,training/notflip/0047_000000026.jpg,notflip__0045,notflip__0047,notflip,notflip
different_sequence_cross_split_same_label,0.6982342013846692,4,2,testing/notflip/0044_000000027.jpg,training/notflip/0048_000000023.jpg,notflip__0044,notflip__0048,notflip,notflip
different_sequence_cross_split_same_label,0.6981919297638772,3,4,testing/notflip/0047_000000009.jpg,training/notflip/0049_000000001.jpg,notflip__0047,notflip__0049,notflip,notflip
different_sequence_cross_split_same_label,0.6981649875547201,4,4,testing/notflip/0044_000000014.jpg,training/notflip/0048_000000022.jpg,notflip__0044,notflip__0048,notflip,notflip
different_sequence_cross_split_same_label,0.6979140668963879,2,2,testing/notflip/0045_000000018.jpg,training/notflip/0047_000000027.jpg,notflip__0045,notflip__0047,notflip,notflip
different_sequence_cross_split_same_label,0.6979130560785195,2,4,testing/notflip/0048_000000030.jpg,training/notflip/0044_000000022.jpg,notflip__0048,notflip__0044,notflip,notflip
different_sequence_cross_split_same_label,0.6978103766992436,2,2,testing/notflip/0047_000000029.jpg,training/notflip/0045_000000019.jpg,notflip__0047,notflip__0045,notflip,notflip
different_sequence_cross_split_same_label,0.6977772909355573,2,4,testing/notflip/0048_000000030.jpg,training/notflip/0044_000000021.jpg,notflip__0048,notflip__0044,notflip,notflip
different_sequence_cross_split_same_label,0.6977459942327899,1,4,testing/notflip/0048_000000030.jpg,training/notflip/0044_000000023.jpg,notflip__0048,notflip__0044,notflip,notflip
different_sequence_cross_split_cross_label,0.6976463341206203,4,4,testing/notflip/0049_000000011.jpg,training/flip/0055_000000012.jpg,notflip__0049,flip__0055,notflip,flip
same_sequence_cross_split,0.6975880008821321,0,2,testing/notflip/0058_000000018.jpg,training/notflip/0058_000000028.jpg,notflip__0058,notflip__0058,notflip,notflip
different_sequence_cross_split_cross_label,0.6975535820484218,4,4,testing/flip/0006_000000001.jpg,training/notflip/0007_000000013.jpg,flip__0006,notflip__0007,flip,notflip
different_sequence_cross_split_same_label,0.6974616816422158,3,2,testing/notflip/0048_000000015.jpg,training/notflip/0044_000000019.jpg,notflip__0048,notflip__0044,notflip,notflip
different_sequence_cross_split_same_label,0.6974038328891251,4,4,testing/notflip/0045_000000016.jpg,training/notflip/0047_000000026.jpg,notflip__0045,notflip__0047,notflip,notflip
different_sequence_cross_split_same_label,0.6972719936384247,4,4,testing/notflip/0048_000000025.jpg,training/notflip/0044_000000017.jpg,notflip__0048,notflip__0044,notflip,notflip
different_sequence_cross_split_same_label,0.6972570995656872,4,2,testing/notflip/0047_000000029.jpg,training/notflip/0045_000000024.jpg,notflip__0047,notflip__0045,notflip,notflip
different_sequence_cross_split_same_label,0.6972270650976456,4,2,testing/notflip/0047_000000024.jpg,training/notflip/0045_000000027.jpg,notflip__0047,notflip__0045,notflip,notflip
different_sequence_cross_split_same_label,0.697197798862325,1,2,testing/notflip/0044_000000027.jpg,training/notflip/0048_000000027.jpg,notflip__0044,notflip__0048,notflip,notflip
different_sequence_cross_split_same_label,0.6971435646091483,3,2,testing/notflip/0047_000000024.jpg,training/notflip/0045_000000017.jpg,notflip__0047,notflip__0045,notflip,notflip
different_sequence_cross_split_same_label,0.6971227597479499,3,2,testing/notflip/0048_000000026.jpg,training/notflip/0044_000000030.jpg,notflip__0048,notflip__0044,notflip,notflip
different_sequence_cross_split_same_label,0.6970727607890228,4,2,testing/notflip/0045_000000018.jpg,training/notflip/0047_000000016.jpg,notflip__0045,notflip__0047,notflip,notflip
same_sequence_cross_split,0.6970532221155586,3,2,testing/notflip/0003_000000030.jpg,training/notflip/0003_000000023.jpg,notflip__0003,notflip__0003,notflip,notflip
different_sequence_cross_split_same_label,0.6969946068524994,3,2,testing/notflip/0045_000000028.jpg,training/notflip/0047_000000022.jpg,notflip__0045,notflip__0047,notflip,notflip
different_sequence_cross_split_same_label,0.6969236217245871,3,2,testing/notflip/0048_000000015.jpg,training/notflip/0044_000000017.jpg,notflip__0048,notflip__0044,notflip,notflip
different_sequence_cross_split_same_label,0.6969167719915739,3,4,testing/notflip/0048_000000025.jpg,training/notflip/0044_000000016.jpg,notflip__0048,notflip__0044,notflip,notflip
different_sequence_cross_split_same_label,0.6968461997680343,2,4,testing/notflip/0048_000000025.jpg,training/notflip/0044_000000018.jpg,notflip__0048,notflip__0044,notflip,notflip
different_sequence_cross_split_same_label,0.696809818036958,4,4,testing/notflip/0048_000000030.jpg,training/notflip/0044_000000024.jpg,notflip__0048,notflip__0044,notflip,notflip
different_sequence_cross_split_same_label,0.696806295606364,2,2,testing/notflip/0048_000000015.jpg,training/notflip/0044_000000016.jpg,notflip__0048,notflip__0044,notflip,notflip
different_sequence_cross_split_same_label,0.69676467596159,1,4,testing/notflip/0048_000000015.jpg,training/notflip/0044_000000015.jpg,notflip__0048,notflip__0044,notflip,notflip
different_sequence_cross_split_same_label,0.6966989024467577,4,2,testing/notflip/0045_000000026.jpg,training/notflip/0047_000000015.jpg,notflip__0045,notflip__0047,notflip,notflip
different_sequence_cross_split_same_label,0.6966660449247637,3,4,testing/notflip/0045_000000016.jpg,training/notflip/0047_000000030.jpg,notflip__0045,notflip__0047,notflip,notflip
different_sequence_cross_split_same_label,0.6965863661755263,4,2,testing/notflip/0009_000000017.jpg,training/notflip/0008_000000014.jpg,notflip__0009,notflip__0008,notflip,notflip
different_sequence_cross_split_same_label,0.6965737718943978,4,2,testing/notflip/0047_000000025.jpg,training/notflip/0049_000000015.jpg,notflip__0047,notflip__0049,notflip,notflip
same_sequence_cross_split,0.6965449812744393,4,4,testing/notflip/0003_000000018.jpg,training/notflip/0003_000000007.jpg,notflip__0003,notflip__0003,notflip,notflip
same_sequence_cross_split,0.6965388507553172,4,4,testing/notflip/0015_000000004.jpg,training/notflip/0015_000000009.jpg,notflip__0015,notflip__0015,notflip,notflip
different_sequence_cross_split_same_label,0.6965027627632592,2,2,testing/notflip/0048_000000015.jpg,training/notflip/0044_000000020.jpg,notflip__0048,notflip__0044,notflip,notflip
different_sequence_cross_split_same_label,0.6964903412247282,3,4,testing/notflip/0048_000000025.jpg,training/notflip/0044_000000020.jpg,notflip__0048,notflip__0044,notflip,notflip
different_sequence_cross_split_same_label,0.696414266268637,4,4,testing/notflip/0045_000000012.jpg,training/notflip/0047_000000014.jpg,notflip__0045,notflip__0047,notflip,notflip
different_sequence_cross_split_same_label,0.6963010724263609,3,4,testing/notflip/0048_000000025.jpg,training/notflip/0044_000000025.jpg,notflip__0048,notflip__0044,notflip,notflip
same_sequence_cross_split,0.6962516607520132,4,4,testing/notflip/0009_000000002.jpg,training/notflip/0009_000000014.jpg,notflip__0009,notflip__0009,notflip,notflip
different_sequence_cross_split_same_label,0.6962267000527231,2,2,testing/notflip/0045_000000018.jpg,training/notflip/0047_000000028.jpg,notflip__0045,notflip__0047,notflip,notflip
different_sequence_cross_split_cross_label,0.6960208205227288,4,2,testing/notflip/0049_000000012.jpg,training/flip/0055_000000011.jpg,notflip__0049,flip__0055,notflip,flip
different_sequence_cross_split_same_label,0.696006230961914,2,4,testing/notflip/0048_000000015.jpg,training/notflip/0044_000000025.jpg,notflip__0048,notflip__0044,notflip,notflip
different_sequence_cross_split_same_label,0.6959954751352799,4,4,testing/notflip/0009_000000015.jpg,training/notflip/0008_000000014.jpg,notflip__0009,notflip__0008,notflip,notflip
different_sequence_cross_split_same_label,0.6958883816423084,3,2,testing/notflip/0047_000000029.jpg,training/notflip/0045_000000020.jpg,notflip__0047,notflip__0045,notflip,notflip
different_sequence_cross_split_same_label,0.6958779495781666,1,2,testing/notflip/0048_000000015.jpg,training/notflip/0044_000000018.jpg,notflip__0048,notflip__0044,notflip,notflip
same_sequence_cross_split,0.6958604212086779,3,0,testing/notflip/0006_000000015.jpg,training/notflip/0006_000000007.jpg,notflip__0006,notflip__0006,notflip,notflip
different_sequence_cross_split_same_label,0.6956615224509333,2,2,testing/notflip/0045_000000018.jpg,training/notflip/0047_000000022.jpg,notflip__0045,notflip__0047,notflip,notflip
different_sequence_cross_split_same_label,0.6956473957521829,3,2,testing/notflip/0044_000000027.jpg,training/notflip/0048_000000016.jpg,notflip__0044,notflip__0048,notflip,notflip
different_sequence_cross_split_same_label,0.6954635410987493,2,2,testing/notflip/0045_000000030.jpg,training/notflip/0047_000000027.jpg,notflip__0045,notflip__0047,notflip,notflip
same_sequence_cross_split,0.6954033800559641,1,4,testing/notflip/0050_000000013.jpg,training/notflip/0050_000000023.jpg,notflip__0050,notflip__0050,notflip,notflip
different_sequence_cross_split_same_label,0.6953598694481664,3,2,testing/notflip/0045_000000028.jpg,training/notflip/0047_000000023.jpg,notflip__0045,notflip__0047,notflip,notflip
different_sequence_cross_split_same_label,0.695359201599883,4,2,testing/notflip/0047_000000025.jpg,training/notflip/0045_000000027.jpg,notflip__0047,notflip__0045,notflip,notflip
same_sequence_cross_split,0.6952492453817793,1,4,testing/notflip/0006_000000025.jpg,training/notflip/0006_000000030.jpg,notflip__0006,notflip__0006,notflip,notflip
same_sequence_cross_split,0.6951757306827653,4,4,testing/notflip/0039_000000026.jpg,training/notflip/0039_000000019.jpg,notflip__0039,notflip__0039,notflip,notflip
different_sequence_cross_split_same_label,0.6950250247759563,3,2,testing/notflip/0048_000000015.jpg,training/notflip/0044_000000021.jpg,notflip__0048,notflip__0044,notflip,notflip
different_sequence_cross_split_same_label,0.6949257521131642,4,2,testing/notflip/0045_000000022.jpg,training/notflip/0047_000000018.jpg,notflip__0045,notflip__0047,notflip,notflip
different_sequence_cross_split_same_label,0.694823774588164,4,4,testing/notflip/0049_000000026.jpg,training/notflip/0047_000000028.jpg,notflip__0049,notflip__0047,notflip,notflip
different_sequence_cross_split_same_label,0.6946610481412592,3,4,testing/notflip/0048_000000026.jpg,training/notflip/0044_000000019.jpg,notflip__0048,notflip__0044,notflip,notflip
different_sequence_cross_split_same_label,0.6945861285454711,3,2,testing/notflip/0047_000000025.jpg,training/notflip/0045_000000017.jpg,notflip__0047,notflip__0045,notflip,notflip
same_sequence_cross_split,0.6945355779450604,3,2,testing/notflip/0024_000000024.jpg,training/notflip/0024_000000018.jpg,notflip__0024,notflip__0024,notflip,notflip
same_sequence_cross_split,0.6943650897356947,1,0,testing/notflip/0001_000000024.jpg,training/notflip/0001_000000018.jpg,notflip__0001,notflip__0001,notflip,notflip
same_sequence_cross_split,0.6942763228832343,1,2,testing/notflip/0024_000000022.jpg,training/notflip/0024_000000026.jpg,notflip__0024,notflip__0024,notflip,notflip
same_sequence_cross_split,0.6941847395640083,1,4,testing/notflip/0002_000000012.jpg,training/notflip/0002_000000030.jpg,notflip__0002,notflip__0002,notflip,notflip
different_sequence_cross_split_same_label,0.6941433948307053,4,2,testing/notflip/0046_000000012.jpg,training/notflip/0048_000000009.jpg,notflip__0046,notflip__0048,notflip,notflip
different_sequence_cross_split_same_label,0.6941320073013679,2,2,testing/notflip/0045_000000018.jpg,training/notflip/0047_000000023.jpg,notflip__0045,notflip__0047,notflip,notflip
different_sequence_cross_split_same_label,0.6941012828778111,3,2,testing/notflip/0045_000000030.jpg,training/notflip/0047_000000026.jpg,notflip__0045,notflip__0047,notflip,notflip
same_sequence_cross_split,0.6940490382510764,2,4,testing/flip/0008_000000007.jpg,training/flip/0008_000000013.jpg,flip__0008,flip__0008,flip,flip
different_sequence_cross_split_same_label,0.6938518711863764,3,2,testing/notflip/0045_000000018.jpg,training/notflip/0047_000000026.jpg,notflip__0045,notflip__0047,notflip,notflip
different_sequence_cross_split_same_label,0.6936194789055203,3,2,testing/notflip/0048_000000015.jpg,training/notflip/0044_000000022.jpg,notflip__0048,notflip__0044,notflip,notflip
same_sequence_cross_split,0.6935925893969579,4,2,testing/notflip/0007_000000010.jpg,training/notflip/0007_000000026.jpg,notflip__0007,notflip__0007,notflip,notflip
different_sequence_cross_split_same_label,0.6934881026232897,4,4,testing/notflip/0047_000000009.jpg,training/notflip/0046_000000004.jpg,notflip__0047,notflip__0046,notflip,notflip
different_sequence_cross_split_same_label,0.6933718453613064,4,4,testing/notflip/0048_000000025.jpg,training/notflip/0044_000000021.jpg,notflip__0048,notflip__0044,notflip,notflip
different_sequence_cross_split_same_label,0.693365427261091,3,4,testing/notflip/0048_000000026.jpg,training/notflip/0044_000000017.jpg,notflip__0048,notflip__0044,notflip,notflip
same_sequence_cross_split,0.6931714116175286,1,0,testing/flip/0018_000000004.jpg,training/flip/0018_000000007.jpg,flip__0018,flip__0018,flip,flip
different_sequence_cross_split_same_label,0.6929405019954127,3,4,testing/notflip/0048_000000026.jpg,training/notflip/0044_000000018.jpg,notflip__0048,notflip__0044,notflip,notflip
same_sequence_cross_split,0.6929318398750126,3,4,testing/notflip/0031_000000015.jpg,training/notflip/0031_000000028.jpg,notflip__0031,notflip__0031,notflip,notflip
different_sequence_cross_split_cross_label,0.6928923861845893,3,2,testing/notflip/0058_000000013.jpg,training/flip/0065_000000002.jpg,notflip__0058,flip__0065,notflip,flip
different_sequence_cross_split_same_label,0.692867524248528,2,4,testing/notflip/0048_000000026.jpg,training/notflip/0044_000000016.jpg,notflip__0048,notflip__0044,notflip,notflip
different_sequence_cross_split_same_label,0.6927999845366376,4,4,testing/notflip/0048_000000026.jpg,training/notflip/0044_000000020.jpg,notflip__0048,notflip__0044,notflip,notflip
different_sequence_cross_split_same_label,0.6927860210912402,2,4,testing/notflip/0043_000000026.jpg,training/notflip/0044_000000010.jpg,notflip__0043,notflip__0044,notflip,notflip
same_sequence_cross_split,0.6927219236085171,4,4,testing/notflip/0003_000000018.jpg,training/notflip/0003_000000008.jpg,notflip__0003,notflip__0003,notflip,notflip
different_sequence_cross_split_cross_label,0.6926671814416686,4,2,testing/notflip/0049_000000018.jpg,training/flip/0055_000000011.jpg,notflip__0049,flip__0055,notflip,flip
different_sequence_cross_split_same_label,0.6926624993155895,4,4,testing/notflip/0049_000000028.jpg,training/notflip/0047_000000021.jpg,notflip__0049,notflip__0047,notflip,notflip
same_sequence_cross_split,0.6926587026380102,2,2,testing/notflip/0024_000000025.jpg,training/notflip/0024_000000021.jpg,notflip__0024,notflip__0024,notflip,notflip
different_sequence_cross_split_same_label,0.6926473123030573,3,4,testing/notflip/0047_000000009.jpg,training/notflip/0043_000000017.jpg,notflip__0047,notflip__0043,notflip,notflip
different_sequence_cross_split_same_label,0.6925657845014367,3,4,testing/notflip/0045_000000016.jpg,training/notflip/0047_000000013.jpg,notflip__0045,notflip__0047,notflip,notflip
same_sequence_cross_split,0.6924840631448494,4,4,testing/notflip/0020_000000019.jpg,training/notflip/0020_000000003.jpg,notflip__0020,notflip__0020,notflip,notflip
different_sequence_cross_split_same_label,0.6924314796145971,2,4,testing/notflip/0048_000000015.jpg,training/notflip/0044_000000023.jpg,notflip__0048,notflip__0044,notflip,notflip
different_sequence_cross_split_cross_label,0.6924161178345618,4,2,testing/notflip/0045_000000022.jpg,training/flip/0053_000000003.jpg,notflip__0045,flip__0053,notflip,flip
different_sequence_cross_split_same_label,0.6922766861451044,4,2,testing/notflip/0045_000000018.jpg,training/notflip/0047_000000015.jpg,notflip__0045,notflip__0047,notflip,notflip
different_sequence_cross_split_same_label,0.6922634168304383,4,2,testing/notflip/0045_000000030.jpg,training/notflip/0047_000000015.jpg,notflip__0045,notflip__0047,notflip,notflip
different_sequence_cross_split_cross_label,0.6920357912541408,4,4,testing/flip/0058_000000006.jpg,training/notflip/0051_000000030.jpg,flip__0058,notflip__0051,flip,notflip
different_sequence_cross_split_same_label,0.6919417654522325,3,2,testing/notflip/0045_000000030.jpg,training/notflip/0047_000000021.jpg,notflip__0045,notflip__0047,notflip,notflip
different_sequence_cross_split_same_label,0.6917124989906156,4,4,testing/notflip/0049_000000011.jpg,training/notflip/0047_000000018.jpg,notflip__0049,notflip__0047,notflip,notflip
different_sequence_cross_split_same_label,0.6916879358080283,2,2,testing/notflip/0045_000000030.jpg,training/notflip/0047_000000022.jpg,notflip__0045,notflip__0047,notflip,notflip
different_sequence_cross_split_same_label,0.6916033216689449,4,4,testing/notflip/0048_000000025.jpg,training/notflip/0044_000000022.jpg,notflip__0048,notflip__0044,notflip,notflip
different_sequence_cross_split_same_label,0.6915813399585771,2,2,testing/notflip/0044_000000027.jpg,training/notflip/0048_000000017.jpg,notflip__0044,notflip__0048,notflip,notflip
same_sequence_cross_split,0.6914802749185296,3,2,testing/notflip/0006_000000015.jpg,training/notflip/0006_000000002.jpg,notflip__0006,notflip__0006,notflip,notflip
same_sequence_cross_split,0.6912445929913072,4,2,testing/notflip/0032_000000008.jpg,training/notflip/0032_000000004.jpg,notflip__0032,notflip__0032,notflip,notflip
different_sequence_cross_split_same_label,0.691114713887,4,4,testing/notflip/0048_000000026.jpg,training/notflip/0044_000000025.jpg,notflip__0048,notflip__0044,notflip,notflip
different_sequence_cross_split_same_label,0.6910350313813254,3,4,testing/notflip/0048_000000015.jpg,training/notflip/0044_000000024.jpg,notflip__0048,notflip__0044,notflip,notflip
same_sequence_cross_split,0.6908843117207789,1,4,testing/notflip/0005_000000018.jpg,training/notflip/0005_000000028.jpg,notflip__0005,notflip__0005,notflip,notflip
same_sequence_cross_split,0.6907507631033758,3,2,testing/flip/0065_000000001.jpg,training/flip/0065_000000006.jpg,flip__0065,flip__0065,flip,flip
different_sequence_cross_split_same_label,0.6907389327315057,2,2,testing/notflip/0045_000000030.jpg,training/notflip/0047_000000023.jpg,notflip__0045,notflip__0047,notflip,notflip
different_sequence_cross_split_same_label,0.6907050199315116,3,2,testing/notflip/0047_000000024.jpg,training/notflip/0045_000000029.jpg,notflip__0047,notflip__0045,notflip,notflip
different_sequence_cross_split_same_label,0.6906824642715729,4,2,testing/notflip/0049_000000012.jpg,training/notflip/0047_000000019.jpg,notflip__0049,notflip__0047,notflip,notflip
same_sequence_cross_split,0.6906656105546545,4,0,testing/notflip/0001_000000024.jpg,training/notflip/0001_000000010.jpg,notflip__0001,notflip__0001,notflip,notflip
different_sequence_cross_split_same_label,0.6905140683739752,4,2,testing/notflip/0026_000000005.jpg,training/notflip/0025_000000005.jpg,notflip__0026,notflip__0025,notflip,notflip
different_sequence_cross_split_cross_label,0.6905003307458616,3,2,testing/notflip/0058_000000018.jpg,training/flip/0065_000000003.jpg,notflip__0058,flip__0065,notflip,flip
different_sequence_cross_split_same_label,0.6903736999758999,3,4,testing/notflip/0048_000000025.jpg,training/notflip/0044_000000023.jpg,notflip__0048,notflip__0044,notflip,notflip
different_sequence_cross_split_same_label,0.6903663063273116,3,2,testing/notflip/0047_000000025.jpg,training/notflip/0045_000000029.jpg,notflip__0047,notflip__0045,notflip,notflip
different_sequence_cross_split_same_label,0.6903002219499588,4,2,testing/notflip/0045_000000028.jpg,training/notflip/0049_000000024.jpg,notflip__0045,notflip__0049,notflip,notflip
different_sequence_cross_split_same_label,0.6902689450433244,4,4,testing/notflip/0024_000000002.jpg,training/notflip/0025_000000029.jpg,notflip__0024,notflip__0025,notflip,notflip
different_sequence_cross_split_same_label,0.6902481028841442,3,2,testing/notflip/0049_000000011.jpg,training/notflip/0047_000000019.jpg,notflip__0049,notflip__0047,notflip,notflip
different_sequence_cross_split_same_label,0.6901387348355499,4,2,testing/notflip/0045_000000030.jpg,training/notflip/0047_000000020.jpg,notflip__0045,notflip__0047,notflip,notflip
different_sequence_cross_split_same_label,0.6901160470502624,3,4,testing/notflip/0048_000000026.jpg,training/notflip/0044_000000021.jpg,notflip__0048,notflip__0044,notflip,notflip
different_sequence_cross_split_same_label,0.6900195669535744,4,4,testing/notflip/0049_000000026.jpg,training/notflip/0047_000000019.jpg,notflip__0049,notflip__0047,notflip,notflip
same_sequence_cross_split,0.6899581938418435,2,0,testing/notflip/0001_000000024.jpg,training/notflip/0001_000000021.jpg,notflip__0001,notflip__0001,notflip,notflip
different_sequence_cross_split_same_label,0.6899487655345519,4,2,testing/notflip/0045_000000028.jpg,training/notflip/0049_000000023.jpg,notflip__0045,notflip__0049,notflip,notflip
different_sequence_cross_split_same_label,0.6899338659147813,4,4,testing/notflip/0049_000000028.jpg,training/notflip/0047_000000018.jpg,notflip__0049,notflip__0047,notflip,notflip
different_sequence_cross_split_same_label,0.6898285117145752,3,4,testing/notflip/0047_000000009.jpg,training/notflip/0043_000000019.jpg,notflip__0047,notflip__0043,notflip,notflip
different_sequence_cross_split_same_label,0.6897757371884707,3,2,testing/notflip/0026_000000005.jpg,training/notflip/0025_000000006.jpg,notflip__0026,notflip__0025,notflip,notflip
different_sequence_cross_split_same_label,0.6897460223756633,4,2,testing/notflip/0045_000000030.jpg,training/notflip/0047_000000019.jpg,notflip__0045,notflip__0047,notflip,notflip
different_sequence_cross_split_same_label,0.6897208074826588,4,4,testing/notflip/0047_000000009.jpg,training/notflip/0043_000000025.jpg,notflip__0047,notflip__0043,notflip,notflip
different_sequence_cross_split_same_label,0.6896636985413407,4,2,testing/notflip/0049_000000026.jpg,training/notflip/0045_000000024.jpg,notflip__0049,notflip__0045,notflip,notflip
different_sequence_cross_split_same_label,0.6896340713582712,4,4,testing/notflip/0049_000000022.jpg,training/notflip/0045_000000027.jpg,notflip__0049,notflip__0045,notflip,notflip
same_sequence_cross_split,0.68943094251098,2,4,testing/notflip/0002_000000003.jpg,training/notflip/0002_000000030.jpg,notflip__0002,notflip__0002,notflip,notflip
different_sequence_cross_split_same_label,0.689362605264678,3,4,testing/notflip/0026_000000010.jpg,training/notflip/0025_000000007.jpg,notflip__0026,notflip__0025,notflip,notflip
different_sequence_cross_split_same_label,0.6893126199295059,4,2,testing/notflip/0049_000000012.jpg,training/notflip/0047_000000020.jpg,notflip__0049,notflip__0047,notflip,notflip
same_sequence_cross_split,0.6893056844355209,4,2,testing/notflip/0019_000000004.jpg,training/notflip/0019_000000028.jpg,notflip__0019,notflip__0019,notflip,notflip
different_sequence_cross_split_same_label,0.6891305351218496,4,4,testing/notflip/0048_000000025.jpg,training/notflip/0044_000000024.jpg,notflip__0048,notflip__0044,notflip,notflip
same_sequence_cross_split,0.6891215752983801,4,0,testing/notflip/0040_000000017.jpg,training/notflip/0040_000000030.jpg,notflip__0040,notflip__0040,notflip,notflip
different_sequence_cross_split_same_label,0.6888760940371137,3,2,testing/notflip/0049_000000011.jpg,training/notflip/0047_000000020.jpg,notflip__0049,notflip__0047,notflip,notflip
different_sequence_cross_split_same_label,0.6888611490575832,4,4,testing/notflip/0047_000000024.jpg,training/notflip/0045_000000015.jpg,notflip__0047,notflip__0045,notflip,notflip
same_sequence_cross_split,0.6888123067497786,3,2,testing/flip/0065_000000001.jpg,training/flip/0065_000000010.jpg,flip__0065,flip__0065,flip,flip
different_sequence_cross_split_same_label,0.6886202307753397,4,4,testing/notflip/0024_000000002.jpg,training/notflip/0025_000000030.jpg,notflip__0024,notflip__0025,notflip,notflip
different_sequence_cross_split_same_label,0.6884445113553301,2,2,testing/notflip/0047_000000029.jpg,training/notflip/0045_000000017.jpg,notflip__0047,notflip__0045,notflip,notflip
different_sequence_cross_split_same_label,0.6884094061850824,4,2,testing/notflip/0046_000000011.jpg,training/notflip/0048_000000009.jpg,notflip__0046,notflip__0048,notflip,notflip
different_sequence_cross_split_same_label,0.6882380949085675,3,4,testing/notflip/0048_000000026.jpg,training/notflip/0044_000000022.jpg,notflip__0048,notflip__0044,notflip,notflip
different_sequence_cross_split_same_label,0.6881274780528681,4,4,testing/notflip/0049_000000026.jpg,training/notflip/0047_000000020.jpg,notflip__0049,notflip__0047,notflip,notflip
different_sequence_cross_split_same_label,0.6880818615507808,4,2,testing/notflip/0045_000000030.jpg,training/notflip/0047_000000016.jpg,notflip__0045,notflip__0047,notflip,notflip
same_sequence_cross_split,0.6879196280184132,3,0,testing/notflip/0001_000000009.jpg,training/notflip/0001_000000005.jpg,notflip__0001,notflip__0001,notflip,notflip
different_sequence_cross_split_same_label,0.6873206713597062,4,4,testing/notflip/0049_000000026.jpg,training/notflip/0047_000000030.jpg,notflip__0049,notflip__0047,notflip,notflip
different_sequence_cross_split_same_label,0.687270606709096,2,4,testing/notflip/0043_000000023.jpg,training/notflip/0044_000000009.jpg,notflip__0043,notflip__0044,notflip,notflip
different_sequence_cross_split_same_label,0.6872142131625881,3,2,testing/notflip/0045_000000030.jpg,training/notflip/0047_000000018.jpg,notflip__0045,notflip__0047,notflip,notflip
same_sequence_cross_split,0.6871286917458714,2,0,testing/notflip/0001_000000004.jpg,training/notflip/0001_000000022.jpg,notflip__0001,notflip__0001,notflip,notflip
same_sequence_cross_split,0.6871283180277071,2,0,testing/notflip/0001_000000002.jpg,training/notflip/0001_000000022.jpg,notflip__0001,notflip__0001,notflip,notflip
different_sequence_cross_split_same_label,0.687017345847016,2,4,testing/notflip/0046_000000012.jpg,training/notflip/0044_000000011.jpg,notflip__0046,notflip__0044,notflip,notflip
same_sequence_cross_split,0.6869964664700638,0,2,testing/notflip/0016_000000014.jpg,training/notflip/0016_000000010.jpg,notflip__0016,notflip__0016,notflip,notflip
different_sequence_cross_split_same_label,0.686849154084227,2,4,testing/notflip/0048_000000026.jpg,training/notflip/0044_000000023.jpg,notflip__0048,notflip__0044,notflip,notflip
different_sequence_cross_split_same_label,0.6867107839472807,4,4,testing/notflip/0047_000000025.jpg,training/notflip/0045_000000015.jpg,notflip__0047,notflip__0045,notflip,notflip
same_sequence_cross_split,0.6864041618280226,0,2,testing/notflip/0058_000000018.jpg,training/notflip/0058_000000029.jpg,notflip__0058,notflip__0058,notflip,notflip
different_sequence_cross_split_same_label,0.6857986866986795,4,4,testing/notflip/0024_000000002.jpg,training/notflip/0025_000000028.jpg,notflip__0024,notflip__0025,notflip,notflip
different_sequence_cross_split_same_label,0.6854394645367715,4,2,testing/notflip/0049_000000026.jpg,training/notflip/0045_000000025.jpg,notflip__0049,notflip__0045,notflip,notflip
different_sequence_cross_split_same_label,0.6853672376108896,4,4,testing/notflip/0047_000000029.jpg,training/notflip/0049_000000027.jpg,notflip__0047,notflip__0049,notflip,notflip
different_sequence_cross_split_same_label,0.6851279478232145,2,2,testing/notflip/0045_000000018.jpg,training/notflip/0047_000000030.jpg,notflip__0045,notflip__0047,notflip,notflip
same_sequence_cross_split,0.6850443940970509,1,0,testing/notflip/0016_000000014.jpg,training/notflip/0016_000000024.jpg,notflip__0016,notflip__0016,notflip,notflip
different_sequence_cross_split_same_label,0.6847255961999991,4,4,testing/notflip/0045_000000028.jpg,training/notflip/0049_000000021.jpg,notflip__0045,notflip__0049,notflip,notflip
different_sequence_cross_split_cross_label,0.6845278431949257,4,4,testing/notflip/0047_000000024.jpg,training/flip/0053_000000001.jpg,notflip__0047,flip__0053,notflip,flip
different_sequence_cross_split_cross_label,0.6845218683853465,4,4,testing/notflip/0047_000000024.jpg,training/flip/0053_000000002.jpg,notflip__0047,flip__0053,notflip,flip
different_sequence_cross_split_same_label,0.6844236139836888,3,4,testing/notflip/0043_000000024.jpg,training/notflip/0044_000000009.jpg,notflip__0043,notflip__0044,notflip,notflip
different_sequence_cross_split_same_label,0.6844039939451529,4,2,testing/notflip/0045_000000030.jpg,training/notflip/0047_000000017.jpg,notflip__0045,notflip__0047,notflip,notflip
different_sequence_cross_split_same_label,0.684280640814233,3,4,testing/notflip/0047_000000009.jpg,training/notflip/0043_000000020.jpg,notflip__0047,notflip__0043,notflip,notflip
different_sequence_cross_split_cross_label,0.6841956299101614,2,2,testing/notflip/0058_000000020.jpg,training/flip/0065_000000002.jpg,notflip__0058,flip__0065,notflip,flip
different_sequence_cross_split_same_label,0.6840900174930127,4,4,testing/notflip/0044_000000027.jpg,training/notflip/0046_000000030.jpg,notflip__0044,notflip__0046,notflip,notflip
same_sequence_cross_split,0.6840213168283026,4,0,testing/notflip/0003_000000018.jpg,training/notflip/0003_000000028.jpg,notflip__0003,notflip__0003,notflip,notflip
different_sequence_cross_split_same_label,0.6837958543385688,4,4,testing/notflip/0024_000000002.jpg,training/notflip/0025_000000024.jpg,notflip__0024,notflip__0025,notflip,notflip
different_sequence_cross_split_same_label,0.6836459605291885,3,4,testing/notflip/0047_000000009.jpg,training/notflip/0043_000000022.jpg,notflip__0047,notflip__0043,notflip,notflip
same_sequence_cross_split,0.6834389065311474,2,2,testing/notflip/0016_000000023.jpg,training/notflip/0016_000000011.jpg,notflip__0016,notflip__0016,notflip,notflip
different_sequence_cross_split_same_label,0.6833674585511801,4,2,testing/notflip/0049_000000011.jpg,training/notflip/0047_000000021.jpg,notflip__0049,notflip__0047,notflip,notflip
different_sequence_cross_split_same_label,0.6830780623726407,3,4,testing/notflip/0026_000000005.jpg,training/notflip/0025_000000007.jpg,notflip__0026,notflip__0025,notflip,notflip
same_sequence_cross_split,0.6830289591204707,3,4,testing/notflip/0020_000000016.jpg,training/notflip/0020_000000002.jpg,notflip__0020,notflip__0020,notflip,notflip
different_sequence_cross_split_same_label,0.6829910777067304,4,4,testing/notflip/0024_000000002.jpg,training/notflip/0025_000000026.jpg,notflip__0024,notflip__0025,notflip,notflip
different_sequence_cross_split_same_label,0.6829679990473623,4,2,testing/notflip/0049_000000012.jpg,training/notflip/0047_000000013.jpg,notflip__0049,notflip__0047,notflip,notflip
different_sequence_cross_split_same_label,0.6829303776666132,3,2,testing/notflip/0049_000000011.jpg,training/notflip/0047_000000013.jpg,notflip__0049,notflip__0047,notflip,notflip
different_sequence_cross_split_same_label,0.6828788784673325,4,4,testing/notflip/0024_000000002.jpg,training/notflip/0025_000000027.jpg,notflip__0024,notflip__0025,notflip,notflip
different_sequence_cross_split_same_label,0.6826138192154332,4,4,testing/notflip/0026_000000004.jpg,training/notflip/0025_000000006.jpg,notflip__0026,notflip__0025,notflip,notflip
different_sequence_cross_split_cross_label,0.682547394666254,4,4,testing/notflip/0049_000000022.jpg,training/flip/0053_000000001.jpg,notflip__0049,flip__0053,notflip,flip
different_sequence_cross_split_cross_label,0.6825352070355114,4,4,testing/notflip/0049_000000022.jpg,training/flip/0053_000000002.jpg,notflip__0049,flip__0053,notflip,flip
different_sequence_cross_split_cross_label,0.6823149702108722,4,4,testing/notflip/0047_000000025.jpg,training/flip/0053_000000001.jpg,notflip__0047,flip__0053,notflip,flip
different_sequence_cross_split_cross_label,0.6823109285018704,4,4,testing/notflip/0047_000000025.jpg,training/flip/0053_000000002.jpg,notflip__0047,flip__0053,notflip,flip
same_sequence_cross_split,0.6821719719751854,3,2,testing/notflip/0003_000000030.jpg,training/notflip/0003_000000021.jpg,notflip__0003,notflip__0003,notflip,notflip
same_sequence_cross_split,0.6821706966784883,0,2,testing/notflip/0058_000000018.jpg,training/notflip/0058_000000030.jpg,notflip__0058,notflip__0058,notflip,notflip
different_sequence_cross_split_same_label,0.6821422861517209,4,4,testing/flip/0055_000000027.jpg,training/flip/0053_000000023.jpg,flip__0055,flip__0053,flip,flip
different_sequence_cross_split_same_label,0.6821399619924824,4,4,testing/notflip/0045_000000028.jpg,training/notflip/0049_000000020.jpg,notflip__0045,notflip__0049,notflip,notflip
different_sequence_cross_split_same_label,0.6821091188368131,3,4,testing/notflip/0044_000000014.jpg,training/notflip/0046_000000030.jpg,notflip__0044,notflip__0046,notflip,notflip
different_sequence_cross_split_same_label,0.6820811955917584,3,4,testing/flip/0054_000000015.jpg,training/flip/0051_000000016.jpg,flip__0054,flip__0051,flip,flip
different_sequence_cross_split_same_label,0.6819521028823703,4,4,testing/notflip/0045_000000028.jpg,training/notflip/0049_000000019.jpg,notflip__0045,notflip__0049,notflip,notflip
different_sequence_cross_split_same_label,0.6816360978562596,4,4,testing/notflip/0045_000000028.jpg,training/notflip/0049_000000016.jpg,notflip__0045,notflip__0049,notflip,notflip
different_sequence_cross_split_same_label,0.6815805774001498,2,4,testing/notflip/0046_000000011.jpg,training/notflip/0044_000000011.jpg,notflip__0046,notflip__0044,notflip,notflip
different_sequence_cross_split_same_label,0.6813995287384526,4,4,testing/notflip/0047_000000009.jpg,training/notflip/0043_000000027.jpg,notflip__0047,notflip__0043,notflip,notflip
different_sequence_cross_split_same_label,0.6813432031021271,3,4,testing/flip/0054_000000015.jpg,training/flip/0051_000000014.jpg,flip__0054,flip__0051,flip,flip
different_sequence_cross_split_cross_label,0.6812734710506169,4,4,testing/notflip/0029_000000017.jpg,training/flip/0037_000000005.jpg,notflip__0029,flip__0037,notflip,flip
different_sequence_cross_split_same_label,0.6811475020135557,2,4,testing/flip/0032_000000010.jpg,training/flip/0024_000000016.jpg,flip__0032,flip__0024,flip,flip
same_sequence_cross_split,0.6804665596664334,1,4,testing/notflip/0050_000000013.jpg,training/notflip/0050_000000026.jpg,notflip__0050,notflip__0050,notflip,notflip
different_sequence_cross_split_same_label,0.6803039775792725,3,4,testing/notflip/0047_000000009.jpg,training/notflip/0043_000000021.jpg,notflip__0047,notflip__0043,notflip,notflip
different_sequence_cross_split_same_label,0.6800121209773524,1,2,testing/notflip/0043_000000023.jpg,training/notflip/0046_000000008.jpg,notflip__0043,notflip__0046,notflip,notflip
same_sequence_cross_split,0.6799350702069873,4,2,testing/notflip/0007_000000025.jpg,training/notflip/0007_000000009.jpg,notflip__0007,notflip__0007,notflip,notflip
different_sequence_cross_split_same_label,0.6799130615438459,3,2,testing/notflip/0043_000000023.jpg,training/notflip/0046_000000007.jpg,notflip__0043,notflip__0046,notflip,notflip
same_sequence_cross_split,0.6798171125543002,2,2,testing/flip/0004_000000006.jpg,training/flip/0004_000000012.jpg,flip__0004,flip__0004,flip,flip
same_sequence_cross_split,0.6794853263143443,1,4,testing/notflip/0050_000000013.jpg,training/notflip/0050_000000027.jpg,notflip__0050,notflip__0050,notflip,notflip
different_sequence_cross_split_same_label,0.6793719748784376,2,2,testing/notflip/0046_000000012.jpg,training/notflip/0044_000000010.jpg,notflip__0046,notflip__0044,notflip,notflip
different_sequence_cross_split_same_label,0.6792186142033756,3,4,testing/notflip/0046_000000028.jpg,training/notflip/0044_000000013.jpg,notflip__0046,notflip__0044,notflip,notflip
different_sequence_cross_split_same_label,0.6791830648033903,2,2,testing/notflip/0043_000000024.jpg,training/notflip/0046_000000008.jpg,notflip__0043,notflip__0046,notflip,notflip
same_sequence_cross_split,0.6789377678354738,4,2,testing/flip/0065_000000001.jpg,training/flip/0065_000000008.jpg,flip__0065,flip__0065,flip,flip
different_sequence_cross_split_same_label,0.6788878949482374,1,4,testing/notflip/0043_000000026.jpg,training/notflip/0044_000000009.jpg,notflip__0043,notflip__0044,notflip,notflip
different_sequence_cross_split_same_label,0.6788233254001248,4,2,testing/notflip/0049_000000011.jpg,training/notflip/0047_000000026.jpg,notflip__0049,notflip__0047,notflip,notflip
different_sequence_cross_split_cross_label,0.6787872706423921,4,4,testing/notflip/0045_000000028.jpg,training/flip/0051_000000012.jpg,notflip__0045,flip__0051,notflip,flip
same_sequence_cross_split,0.6787394853293249,4,4,testing/notflip/0031_000000010.jpg,training/notflip/0031_000000028.jpg,notflip__0031,notflip__0031,notflip,notflip
different_sequence_cross_split_cross_label,0.6787195018360929,4,4,testing/notflip/0049_000000022.jpg,training/flip/0053_000000003.jpg,notflip__0049,flip__0053,notflip,flip
different_sequence_cross_split_same_label,0.6787110535635255,4,4,testing/notflip/0043_000000023.jpg,training/notflip/0044_000000008.jpg,notflip__0043,notflip__0044,notflip,notflip
same_sequence_cross_split,0.6786236564262026,1,4,testing/notflip/0050_000000013.jpg,training/notflip/0050_000000029.jpg,notflip__0050,notflip__0050,notflip,notflip
different_sequence_cross_split_same_label,0.6781752964848035,4,4,testing/flip/0054_000000011.jpg,training/flip/0051_000000013.jpg,flip__0054,flip__0051,flip,flip
different_sequence_cross_split_same_label,0.6781586830398759,4,4,testing/flip/0054_000000010.jpg,training/flip/0051_000000013.jpg,flip__0054,flip__0051,flip,flip
different_sequence_cross_split_same_label,0.6779221779048474,4,2,testing/notflip/0043_000000024.jpg,training/notflip/0046_000000007.jpg,notflip__0043,notflip__0046,notflip,notflip
different_sequence_cross_split_same_label,0.6776946966800558,4,4,testing/notflip/0045_000000028.jpg,training/notflip/0049_000000015.jpg,notflip__0045,notflip__0049,notflip,notflip
different_sequence_cross_split_same_label,0.677569956385355,4,2,testing/notflip/0047_000000024.jpg,training/notflip/0049_000000010.jpg,notflip__0047,notflip__0049,notflip,notflip
same_sequence_cross_split,0.6771671520495935,3,0,testing/notflip/0006_000000016.jpg,training/notflip/0006_000000007.jpg,notflip__0006,notflip__0006,notflip,notflip
different_sequence_cross_split_same_label,0.6770211247608182,4,4,testing/flip/0054_000000011.jpg,training/flip/0051_000000012.jpg,flip__0054,flip__0051,flip,flip
different_sequence_cross_split_same_label,0.6770020464356351,4,4,testing/flip/0054_000000010.jpg,training/flip/0051_000000012.jpg,flip__0054,flip__0051,flip,flip
different_sequence_cross_split_same_label,0.6768671557516578,4,2,testing/notflip/0047_000000025.jpg,training/notflip/0049_000000010.jpg,notflip__0047,notflip__0049,notflip,notflip
different_sequence_cross_split_same_label,0.6768177561370892,4,2,testing/notflip/0049_000000026.jpg,training/notflip/0045_000000029.jpg,notflip__0049,notflip__0045,notflip,notflip
different_sequence_cross_split_same_label,0.6763543244233104,4,4,testing/notflip/0047_000000009.jpg,training/notflip/0043_000000028.jpg,notflip__0047,notflip__0043,notflip,notflip
different_sequence_cross_split_same_label,0.6762575921379115,4,2,testing/notflip/0045_000000026.jpg,training/notflip/0049_000000027.jpg,notflip__0045,notflip__0049,notflip,notflip
different_sequence_cross_split_same_label,0.6762466081929682,2,2,testing/notflip/0043_000000026.jpg,training/notflip/0046_000000008.jpg,notflip__0043,notflip__0046,notflip,notflip
same_sequence_cross_split,0.6761484635123906,1,4,testing/notflip/0050_000000013.jpg,training/notflip/0050_000000028.jpg,notflip__0050,notflip__0050,notflip,notflip
different_sequence_cross_split_same_label,0.6760316130586584,2,2,testing/notflip/0046_000000011.jpg,training/notflip/0044_000000010.jpg,notflip__0046,notflip__0044,notflip,notflip
different_sequence_cross_split_same_label,0.6759575172598529,4,2,testing/notflip/0045_000000030.jpg,training/notflip/0049_000000027.jpg,notflip__0045,notflip__0049,notflip,notflip
different_sequence_cross_split_same_label,0.6759030252858302,4,2,testing/notflip/0043_000000026.jpg,training/notflip/0046_000000007.jpg,notflip__0043,notflip__0046,notflip,notflip
same_sequence_cross_split,0.6756077173619525,1,4,testing/notflip/0005_000000022.jpg,training/notflip/0005_000000028.jpg,notflip__0005,notflip__0005,notflip,notflip
different_sequence_cross_split_same_label,0.6754025811208108,2,4,testing/flip/0054_000000015.jpg,training/flip/0051_000000015.jpg,flip__0054,flip__0051,flip,flip
same_sequence_cross_split,0.6751622159251301,1,4,testing/notflip/0050_000000013.jpg,training/notflip/0050_000000024.jpg,notflip__0050,notflip__0050,notflip,notflip
different_sequence_cross_split_same_label,0.6751332914765389,2,2,testing/notflip/0043_000000023.jpg,training/notflip/0046_000000009.jpg,notflip__0043,notflip__0046,notflip,notflip
different_sequence_cross_split_cross_label,0.6750539681568241,4,4,testing/notflip/0045_000000028.jpg,training/flip/0051_000000013.jpg,notflip__0045,flip__0051,notflip,flip
different_sequence_cross_split_cross_label,0.6747386736664838,4,4,testing/flip/0054_000000015.jpg,training/notflip/0044_000000016.jpg,flip__0054,notflip__0044,flip,notflip
same_sequence_cross_split,0.6746702656890466,4,4,testing/notflip/0009_000000015.jpg,training/notflip/0009_000000001.jpg,notflip__0009,notflip__0009,notflip,notflip
different_sequence_cross_split_cross_label,0.6741191209938631,1,2,testing/flip/0065_000000001.jpg,training/notflip/0058_000000015.jpg,flip__0065,notflip__0058,flip,notflip
same_sequence_cross_split,0.674105647492496,4,2,testing/notflip/0050_000000011.jpg,training/notflip/0050_000000021.jpg,notflip__0050,notflip__0050,notflip,notflip
same_sequence_cross_split,0.6740904801645847,1,4,testing/notflip/0050_000000013.jpg,training/notflip/0050_000000025.jpg,notflip__0050,notflip__0050,notflip,notflip
different_sequence_cross_split_same_label,0.6735797007286332,1,2,testing/notflip/0043_000000023.jpg,training/notflip/0046_000000010.jpg,notflip__0043,notflip__0046,notflip,notflip
same_sequence_cross_split,0.6734265185304427,4,4,testing/notflip/0007_000000025.jpg,training/notflip/0007_000000008.jpg,notflip__0007,notflip__0007,notflip,notflip
different_sequence_cross_split_same_label,0.6734058460830058,4,4,testing/notflip/0046_000000028.jpg,training/notflip/0044_000000012.jpg,notflip__0046,notflip__0044,notflip,notflip
different_sequence_cross_split_same_label,0.6733386135575935,3,4,testing/notflip/0046_000000011.jpg,training/notflip/0043_000000025.jpg,notflip__0046,notflip__0043,notflip,notflip
same_sequence_cross_split,0.6729633582298362,3,2,testing/notflip/0006_000000016.jpg,training/notflip/0006_000000002.jpg,notflip__0006,notflip__0006,notflip,notflip
different_sequence_cross_split_same_label,0.6727047028251211,3,2,testing/notflip/0043_000000024.jpg,training/notflip/0046_000000009.jpg,notflip__0043,notflip__0046,notflip,notflip
different_sequence_cross_split_cross_label,0.67263757121128,3,4,testing/flip/0065_000000001.jpg,training/notflip/0058_000000012.jpg,flip__0065,notflip__0058,flip,notflip
different_sequence_cross_split_same_label,0.6721922452307068,4,4,testing/notflip/0024_000000019.jpg,training/notflip/0025_000000019.jpg,notflip__0024,notflip__0025,notflip,notflip
different_sequence_cross_split_same_label,0.6721037489863118,4,4,testing/notflip/0044_000000014.jpg,training/notflip/0046_000000029.jpg,notflip__0044,notflip__0046,notflip,notflip
different_sequence_cross_split_same_label,0.6720197188460251,4,4,testing/notflip/0043_000000023.jpg,training/notflip/0046_000000006.jpg,notflip__0043,notflip__0046,notflip,notflip
different_sequence_cross_split_same_label,0.6717215754903112,2,2,testing/notflip/0043_000000024.jpg,training/notflip/0046_000000010.jpg,notflip__0043,notflip__0046,notflip,notflip
different_sequence_cross_split_same_label,0.6715838518261276,4,4,testing/notflip/0049_000000011.jpg,training/notflip/0045_000000027.jpg,notflip__0049,notflip__0045,notflip,notflip
different_sequence_cross_split_cross_label,0.6712767346183928,2,2,testing/flip/0065_000000001.jpg,training/notflip/0058_000000014.jpg,flip__0065,notflip__0058,flip,notflip
same_sequence_cross_split,0.6711576049813203,0,0,testing/notflip/0001_000000014.jpg,training/notflip/0001_000000001.jpg,notflip__0001,notflip__0001,notflip,notflip
same_sequence_cross_split,0.6711347289229851,0,0,testing/notflip/0001_000000014.jpg,training/notflip/0001_000000003.jpg,notflip__0001,notflip__0001,notflip,notflip
different_sequence_cross_split_same_label,0.6710607307512866,3,4,testing/notflip/0046_000000012.jpg,training/notflip/0043_000000025.jpg,notflip__0046,notflip__0043,notflip,notflip
same_sequence_cross_split,0.6710549163169683,4,4,testing/notflip/0007_000000025.jpg,training/notflip/0007_000000007.jpg,notflip__0007,notflip__0007,notflip,notflip
different_sequence_cross_split_same_label,0.6704204609743626,4,4,testing/notflip/0043_000000026.jpg,training/notflip/0046_000000002.jpg,notflip__0043,notflip__0046,notflip,notflip
same_sequence_cross_split,0.6704182373089088,3,0,testing/notflip/0016_000000025.jpg,training/notflip/0016_000000018.jpg,notflip__0016,notflip__0016,notflip,notflip
different_sequence_cross_split_same_label,0.6696223151776439,4,2,testing/notflip/0043_000000024.jpg,training/notflip/0046_000000001.jpg,notflip__0043,notflip__0046,notflip,notflip
different_sequence_cross_split_same_label,0.6695681825908303,4,2,testing/notflip/0043_000000026.jpg,training/notflip/0046_000000001.jpg,notflip__0043,notflip__0046,notflip,notflip
different_sequence_cross_split_same_label,0.6694421156597296,4,4,testing/notflip/0047_000000024.jpg,training/notflip/0049_000000009.jpg,notflip__0047,notflip__0049,notflip,notflip
different_sequence_cross_split_cross_label,0.6690886451190384,4,4,testing/notflip/0047_000000024.jpg,training/flip/0053_000000003.jpg,notflip__0047,flip__0053,notflip,flip
different_sequence_cross_split_same_label,0.6690189002709452,3,4,testing/flip/0055_000000027.jpg,training/flip/0053_000000024.jpg,flip__0055,flip__0053,flip,flip
different_sequence_cross_split_same_label,0.6688576676153619,4,4,testing/notflip/0047_000000025.jpg,training/notflip/0049_000000009.jpg,notflip__0047,notflip__0049,notflip,notflip
different_sequence_cross_split_same_label,0.6687624335181122,4,4,testing/notflip/0046_000000012.jpg,training/notflip/0043_000000022.jpg,notflip__0046,notflip__0043,notflip,notflip
different_sequence_cross_split_same_label,0.6687277812088698,4,4,testing/notflip/0043_000000024.jpg,training/notflip/0046_000000002.jpg,notflip__0043,notflip__0046,notflip,notflip
different_sequence_cross_split_same_label,0.6685556406840649,3,4,testing/notflip/0043_000000024.jpg,training/notflip/0046_000000006.jpg,notflip__0043,notflip__0046,notflip,notflip
different_sequence_cross_split_same_label,0.6685368537296731,4,4,testing/notflip/0046_000000012.jpg,training/notflip/0043_000000017.jpg,notflip__0046,notflip__0043,notflip,notflip
different_sequence_cross_split_same_label,0.6685229131338002,4,4,testing/notflip/0046_000000012.jpg,training/notflip/0043_000000018.jpg,notflip__0046,notflip__0043,notflip,notflip
same_sequence_cross_split,0.6683265321465274,4,0,testing/notflip/0040_000000016.jpg,training/notflip/0040_000000028.jpg,notflip__0040,notflip__0040,notflip,notflip
different_sequence_cross_split_same_label,0.6682017261832863,3,2,testing/notflip/0043_000000026.jpg,training/notflip/0046_000000009.jpg,notflip__0043,notflip__0046,notflip,notflip
different_sequence_cross_split_same_label,0.6676234548187557,4,4,testing/notflip/0046_000000011.jpg,training/notflip/0043_000000018.jpg,notflip__0046,notflip__0043,notflip,notflip
same_sequence_cross_split,0.667402752662728,1,4,testing/notflip/0024_000000002.jpg,training/notflip/0024_000000027.jpg,notflip__0024,notflip__0024,notflip,notflip
different_sequence_cross_split_same_label,0.6673341644038363,4,4,testing/notflip/0043_000000023.jpg,training/notflip/0046_000000005.jpg,notflip__0043,notflip__0046,notflip,notflip
different_sequence_cross_split_cross_label,0.667240603204584,4,4,testing/notflip/0047_000000025.jpg,training/flip/0053_000000003.jpg,notflip__0047,flip__0053,notflip,flip
different_sequence_cross_split_same_label,0.6671420758252001,4,4,testing/notflip/0046_000000011.jpg,training/notflip/0043_000000017.jpg,notflip__0046,notflip__0043,notflip,notflip
different_sequence_cross_split_same_label,0.6670126844376651,4,4,testing/notflip/0009_000000027.jpg,training/notflip/0008_000000015.jpg,notflip__0009,notflip__0008,notflip,notflip
different_sequence_cross_split_same_label,0.6669867556911749,4,4,testing/notflip/0024_000000019.jpg,training/notflip/0025_000000017.jpg,notflip__0024,notflip__0025,notflip,notflip
different_sequence_cross_split_same_label,0.6669451004043622,2,2,testing/notflip/0046_000000028.jpg,training/notflip/0044_000000026.jpg,notflip__0046,notflip__0044,notflip,notflip
different_sequence_cross_split_same_label,0.6669076897440934,4,4,testing/notflip/0046_000000011.jpg,training/notflip/0043_000000022.jpg,notflip__0046,notflip__0043,notflip,notflip
same_sequence_cross_split,0.6668861228082748,4,4,testing/notflip/0020_000000019.jpg,training/notflip/0020_000000002.jpg,notflip__0020,notflip__0020,notflip,notflip
different_sequence_cross_split_same_label,0.6668368970354935,2,2,testing/notflip/0043_000000026.jpg,training/notflip/0046_000000010.jpg,notflip__0043,notflip__0046,notflip,notflip
different_sequence_cross_split_same_label,0.6659241068242922,3,4,testing/notflip/0043_000000026.jpg,training/notflip/0046_000000006.jpg,notflip__0043,notflip__0046,notflip,notflip
different_sequence_cross_split_cross_label,0.6658598078282457,4,4,testing/notflip/0044_000000014.jpg,training/flip/0051_000000014.jpg,notflip__0044,flip__0051,notflip,flip
same_sequence_cross_split,0.6657387584051179,3,4,testing/notflip/0024_000000024.jpg,training/notflip/0024_000000017.jpg,notflip__0024,notflip__0024,notflip,notflip
different_sequence_cross_split_cross_label,0.6657038637982913,3,2,testing/notflip/0029_000000018.jpg,training/flip/0037_000000005.jpg,notflip__0029,flip__0037,notflip,flip
different_sequence_cross_split_same_label,0.6654579010901167,3,4,testing/notflip/0046_000000027.jpg,training/notflip/0044_000000010.jpg,notflip__0046,notflip__0044,notflip,notflip
different_sequence_cross_split_same_label,0.665077827657386,4,4,testing/notflip/0045_000000018.jpg,training/notflip/0049_000000008.jpg,notflip__0045,notflip__0049,notflip,notflip
different_sequence_cross_split_cross_label,0.6650489091171625,4,4,testing/notflip/0049_000000011.jpg,training/flip/0053_000000003.jpg,notflip__0049,flip__0053,notflip,flip
different_sequence_cross_split_same_label,0.6649572648538449,3,4,testing/notflip/0047_000000024.jpg,training/notflip/0049_000000008.jpg,notflip__0047,notflip__0049,notflip,notflip
different_sequence_cross_split_same_label,0.66448840541936,3,4,testing/notflip/0047_000000025.jpg,training/notflip/0049_000000008.jpg,notflip__0047,notflip__0049,notflip,notflip
different_sequence_cross_split_cross_label,0.6643983216175353,2,2,testing/notflip/0058_000000018.jpg,training/flip/0065_000000002.jpg,notflip__0058,flip__0065,notflip,flip
different_sequence_cross_split_same_label,0.6643048971686089,4,4,testing/notflip/0026_000000005.jpg,training/notflip/0025_000000002.jpg,notflip__0026,notflip__0025,notflip,notflip
different_sequence_cross_split_same_label,0.6642767848559911,4,2,testing/notflip/0025_000000013.jpg,training/notflip/0024_000000001.jpg,notflip__0025,notflip__0024,notflip,notflip
same_sequence_cross_split,0.6641276273764578,1,2,testing/flip/0004_000000006.jpg,training/flip/0004_000000011.jpg,flip__0004,flip__0004,flip,flip
different_sequence_cross_split_cross_label,0.6639772455142146,4,4,testing/notflip/0049_000000026.jpg,training/flip/0055_000000011.jpg,notflip__0049,flip__0055,notflip,flip
different_sequence_cross_split_same_label,0.6639580758876615,3,4,testing/notflip/0049_000000006.jpg,training/notflip/0047_000000012.jpg,notflip__0049,notflip__0047,notflip,notflip
different_sequence_cross_split_same_label,0.6639519205777933,4,4,testing/notflip/0047_000000029.jpg,training/notflip/0049_000000008.jpg,notflip__0047,notflip__0049,notflip,notflip
different_sequence_cross_split_same_label,0.6639105126067171,3,4,testing/notflip/0043_000000024.jpg,training/notflip/0046_000000005.jpg,notflip__0043,notflip__0046,notflip,notflip
different_sequence_cross_split_same_label,0.6637869608994068,2,4,testing/notflip/0046_000000003.jpg,training/notflip/0043_000000025.jpg,notflip__0046,notflip__0043,notflip,notflip
different_sequence_cross_split_same_label,0.663722669488184,4,4,testing/notflip/0025_000000013.jpg,training/notflip/0024_000000023.jpg,notflip__0025,notflip__0024,notflip,notflip
different_sequence_cross_split_same_label,0.6634467662077567,4,4,testing/notflip/0045_000000028.jpg,training/notflip/0049_000000010.jpg,notflip__0045,notflip__0049,notflip,notflip
different_sequence_cross_split_cross_label,0.6631970405274458,4,4,testing/notflip/0049_000000011.jpg,training/flip/0053_000000001.jpg,notflip__0049,flip__0053,notflip,flip
different_sequence_cross_split_cross_label,0.6631661782461031,4,4,testing/notflip/0049_000000011.jpg,training/flip/0053_000000002.jpg,notflip__0049,flip__0053,notflip,flip
different_sequence_cross_split_same_label,0.6625552403746267,4,4,testing/notflip/0046_000000028.jpg,training/notflip/0044_000000028.jpg,notflip__0046,notflip__0044,notflip,notflip
different_sequence_cross_split_cross_label,0.6622458397489052,3,2,testing/notflip/0029_000000019.jpg,training/flip/0037_000000005.jpg,notflip__0029,flip__0037,notflip,flip
same_sequence_cross_split,0.6622061777810041,3,2,testing/notflip/0003_000000030.jpg,training/notflip/0003_000000020.jpg,notflip__0003,notflip__0003,notflip,notflip
different_sequence_cross_split_same_label,0.6621081058041824,3,4,testing/notflip/0046_000000027.jpg,training/notflip/0044_000000026.jpg,notflip__0046,notflip__0044,notflip,notflip
same_sequence_cross_split,0.661816552335089,4,2,testing/flip/0065_000000001.jpg,training/flip/0065_000000007.jpg,flip__0065,flip__0065,flip,flip
different_sequence_cross_split_same_label,0.6617579598538843,3,4,testing/notflip/0043_000000026.jpg,training/notflip/0046_000000005.jpg,notflip__0043,notflip__0046,notflip,notflip
different_sequence_cross_split_same_label,0.6613360224509326,2,2,testing/notflip/0046_000000028.jpg,training/notflip/0044_000000025.jpg,notflip__0046,notflip__0044,notflip,notflip
different_sequence_cross_split_cross_label,0.6610671952808194,4,4,testing/notflip/0046_000000028.jpg,training/flip/0051_000000012.jpg,notflip__0046,flip__0051,notflip,flip
different_sequence_cross_split_same_label,0.6610491202752169,2,4,testing/notflip/0049_000000006.jpg,training/notflip/0047_000000013.jpg,notflip__0049,notflip__0047,notflip,notflip
same_sequence_cross_split,0.6604228467671629,2,0,testing/notflip/0001_000000024.jpg,training/notflip/0001_000000013.jpg,notflip__0001,notflip__0001,notflip,notflip
same_sequence_cross_split,0.6602610671256249,1,4,testing/notflip/0005_000000022.jpg,training/notflip/0005_000000030.jpg,notflip__0005,notflip__0005,notflip,notflip
same_sequence_cross_split,0.6601538838723728,0,4,testing/notflip/0005_000000022.jpg,training/notflip/0005_000000029.jpg,notflip__0005,notflip__0005,notflip,notflip
same_sequence_cross_split,0.6601005407715805,0,4,testing/notflip/0019_000000015.jpg,training/notflip/0019_000000030.jpg,notflip__0019,notflip__0019,notflip,notflip
different_sequence_cross_split_same_label,0.6598755513428173,4,4,testing/notflip/0043_000000023.jpg,training/notflip/0046_000000004.jpg,notflip__0043,notflip__0046,notflip,notflip
different_sequence_cross_split_same_label,0.659494332876832,3,4,testing/notflip/0043_000000024.jpg,training/notflip/0044_000000008.jpg,notflip__0043,notflip__0044,notflip,notflip
different_sequence_cross_split_same_label,0.6593947201751144,4,4,testing/notflip/0046_000000011.jpg,training/notflip/0043_000000021.jpg,notflip__0046,notflip__0043,notflip,notflip
different_sequence_cross_split_same_label,0.6590019346075016,4,4,testing/notflip/0046_000000012.jpg,training/notflip/0043_000000021.jpg,notflip__0046,notflip__0043,notflip,notflip
different_sequence_cross_split_same_label,0.6587531267576229,4,4,testing/notflip/0046_000000011.jpg,training/notflip/0043_000000019.jpg,notflip__0046,notflip__0043,notflip,notflip
different_sequence_cross_split_same_label,0.6581512323409137,3,4,testing/notflip/0043_000000026.jpg,training/notflip/0046_000000004.jpg,notflip__0043,notflip__0046,notflip,notflip
different_sequence_cross_split_same_label,0.6577958233481371,3,4,testing/notflip/0043_000000024.jpg,training/notflip/0046_000000004.jpg,notflip__0043,notflip__0046,notflip,notflip
different_sequence_cross_split_same_label,0.6569717749975779,3,4,testing/notflip/0046_000000027.jpg,training/notflip/0044_000000025.jpg,notflip__0046,notflip__0044,notflip,notflip
different_sequence_cross_split_same_label,0.6569693806935791,3,4,testing/notflip/0046_000000003.jpg,training/notflip/0043_000000018.jpg,notflip__0046,notflip__0043,notflip,notflip
different_sequence_cross_split_same_label,0.6568406949488804,1,2,testing/notflip/0046_000000028.jpg,training/notflip/0044_000000024.jpg,notflip__0046,notflip__0044,notflip,notflip
same_sequence_cross_split,0.6568378721591275,3,2,testing/notflip/0003_000000030.jpg,training/notflip/0003_000000019.jpg,notflip__0003,notflip__0003,notflip,notflip
different_sequence_cross_split_same_label,0.6566754515504046,4,4,testing/notflip/0046_000000028.jpg,training/notflip/0044_000000016.jpg,notflip__0046,notflip__0044,notflip,notflip
different_sequence_cross_split_same_label,0.6564524786386133,4,4,testing/flip/0004_000000014.jpg,training/flip/0007_000000014.jpg,flip__0004,flip__0007,flip,flip
same_sequence_cross_split,0.6563877723532362,2,2,testing/notflip/0020_000000016.jpg,training/notflip/0020_000000001.jpg,notflip__0020,notflip__0020,notflip,notflip
different_sequence_cross_split_cross_label,0.6560669379426974,4,4,testing/notflip/0046_000000028.jpg,training/flip/0051_000000013.jpg,notflip__0046,flip__0051,notflip,flip
different_sequence_cross_split_same_label,0.655985018823437,4,4,testing/notflip/0046_000000011.jpg,training/notflip/0043_000000020.jpg,notflip__0046,notflip__0043,notflip,notflip
different_sequence_cross_split_same_label,0.6559400674475114,3,4,testing/notflip/0046_000000028.jpg,training/notflip/0044_000000015.jpg,notflip__0046,notflip__0044,notflip,notflip
different_sequence_cross_split_same_label,0.6559092007160655,4,4,testing/notflip/0045_000000028.jpg,training/notflip/0049_000000009.jpg,notflip__0045,notflip__0049,notflip,notflip
different_sequence_cross_split_same_label,0.6558050320349733,3,4,testing/notflip/0046_000000028.jpg,training/notflip/0044_000000017.jpg,notflip__0046,notflip__0044,notflip,notflip
different_sequence_cross_split_same_label,0.6557228134010659,3,4,testing/notflip/0043_000000026.jpg,training/notflip/0044_000000008.jpg,notflip__0043,notflip__0044,notflip,notflip
different_sequence_cross_split_same_label,0.6552885166543657,4,4,testing/notflip/0046_000000012.jpg,training/notflip/0043_000000019.jpg,notflip__0046,notflip__0043,notflip,notflip
different_sequence_cross_split_same_label,0.6552417851842867,4,2,testing/notflip/0046_000000028.jpg,training/notflip/0044_000000023.jpg,notflip__0046,notflip__0044,notflip,notflip
different_sequence_cross_split_cross_label,0.6550288272580341,1,2,testing/flip/0065_000000001.jpg,training/notflip/0058_000000016.jpg,flip__0065,notflip__0058,flip,notflip
different_sequence_cross_split_same_label,0.6545467466510165,3,4,testing/notflip/0046_000000003.jpg,training/notflip/0043_000000017.jpg,notflip__0046,notflip__0043,notflip,notflip
different_sequence_cross_split_same_label,0.6544585268306001,4,4,testing/notflip/0046_000000003.jpg,training/notflip/0043_000000011.jpg,notflip__0046,notflip__0043,notflip,notflip
different_sequence_cross_split_same_label,0.6541611820955854,3,4,testing/notflip/0043_000000024.jpg,training/notflip/0046_000000014.jpg,notflip__0043,notflip__0046,notflip,notflip
different_sequence_cross_split_same_label,0.653789447258911,4,4,testing/notflip/0046_000000027.jpg,training/notflip/0044_000000009.jpg,notflip__0046,notflip__0044,notflip,notflip
different_sequence_cross_split_same_label,0.6536760665240198,4,4,testing/notflip/0043_000000023.jpg,training/notflip/0046_000000014.jpg,notflip__0043,notflip__0046,notflip,notflip
different_sequence_cross_split_same_label,0.6530846711164985,1,4,testing/notflip/0043_000000026.jpg,training/notflip/0046_000000015.jpg,notflip__0043,notflip__0046,notflip,notflip
different_sequence_cross_split_same_label,0.6530704211895746,4,4,testing/notflip/0046_000000012.jpg,training/notflip/0043_000000020.jpg,notflip__0046,notflip__0043,notflip,notflip
different_sequence_cross_split_same_label,0.6529304733970727,2,4,testing/notflip/0046_000000027.jpg,training/notflip/0044_000000024.jpg,notflip__0046,notflip__0044,notflip,notflip
same_sequence_cross_split,0.6527887755008378,2,0,testing/notflip/0016_000000025.jpg,training/notflip/0016_000000022.jpg,notflip__0016,notflip__0016,notflip,notflip
different_sequence_cross_split_same_label,0.6527273306573431,4,4,testing/notflip/0046_000000003.jpg,training/notflip/0043_000000027.jpg,notflip__0046,notflip__0043,notflip,notflip
same_sequence_cross_split,0.6523776329912739,3,0,testing/notflip/0001_000000009.jpg,training/notflip/0001_000000001.jpg,notflip__0001,notflip__0001,notflip,notflip
different_sequence_cross_split_same_label,0.6523685935899234,3,4,testing/notflip/0043_000000026.jpg,training/notflip/0046_000000014.jpg,notflip__0043,notflip__0046,notflip,notflip
same_sequence_cross_split,0.652366892011236,3,0,testing/notflip/0001_000000009.jpg,training/notflip/0001_000000003.jpg,notflip__0001,notflip__0001,notflip,notflip
same_sequence_cross_split,0.6523658626466863,2,0,testing/notflip/0001_000000002.jpg,training/notflip/0001_000000016.jpg,notflip__0001,notflip__0001,notflip,notflip
same_sequence_cross_split,0.6523658378297372,2,0,testing/notflip/0001_000000004.jpg,training/notflip/0001_000000016.jpg,notflip__0001,notflip__0001,notflip,notflip
different_sequence_cross_split_cross_label,0.6522878378871129,4,2,testing/flip/0058_000000004.jpg,training/notflip/0051_000000028.jpg,flip__0058,notflip__0051,flip,notflip
different_sequence_cross_split_same_label,0.6521292003808008,2,4,testing/notflip/0043_000000026.jpg,training/notflip/0046_000000016.jpg,notflip__0043,notflip__0046,notflip,notflip
different_sequence_cross_split_same_label,0.6519443489184212,3,4,testing/notflip/0046_000000003.jpg,training/notflip/0043_000000022.jpg,notflip__0046,notflip__0043,notflip,notflip
same_sequence_cross_split,0.6519035671798256,3,0,testing/notflip/0001_000000004.jpg,training/notflip/0001_000000021.jpg,notflip__0001,notflip__0001,notflip,notflip
same_sequence_cross_split,0.6519027735340918,3,0,testing/notflip/0001_000000002.jpg,training/notflip/0001_000000021.jpg,notflip__0001,notflip__0001,notflip,notflip
different_sequence_cross_split_same_label,0.6518655871042884,4,4,testing/notflip/0044_000000006.jpg,training/notflip/0048_000000003.jpg,notflip__0044,notflip__0048,notflip,notflip
same_sequence_cross_split,0.6513941928135722,1,0,testing/notflip/0028_000000024.jpg,training/notflip/0028_000000029.jpg,notflip__0028,notflip__0028,notflip,notflip
different_sequence_cross_split_same_label,0.6513555870935323,1,4,testing/notflip/0043_000000024.jpg,training/notflip/0046_000000015.jpg,notflip__0043,notflip__0046,notflip,notflip
different_sequence_cross_split_same_label,0.6512459702769551,3,4,testing/notflip/0046_000000028.jpg,training/notflip/0044_000000022.jpg,notflip__0046,notflip__0044,notflip,notflip
different_sequence_cross_split_same_label,0.6511989615298381,3,4,testing/notflip/0046_000000028.jpg,training/notflip/0044_000000018.jpg,notflip__0046,notflip__0044,notflip,notflip
different_sequence_cross_split_same_label,0.6497762735311052,4,4,testing/notflip/0005_000000012.jpg,training/notflip/0008_000000017.jpg,notflip__0005,notflip__0008,notflip,notflip
same_sequence_cross_split,0.6495654244737915,2,4,testing/notflip/0005_000000018.jpg,training/notflip/0005_000000029.jpg,notflip__0005,notflip__0005,notflip,notflip
different_sequence_cross_split_same_label,0.6493522178116754,3,4,testing/notflip/0046_000000003.jpg,training/notflip/0044_000000007.jpg,notflip__0046,notflip__0044,notflip,notflip
same_sequence_cross_split,0.6492369587823856,4,2,testing/notflip/0003_000000025.jpg,training/notflip/0003_000000012.jpg,notflip__0003,notflip__0003,notflip,notflip
different_sequence_cross_split_same_label,0.6489284256486635,3,4,testing/notflip/0046_000000028.jpg,training/notflip/0044_000000030.jpg,notflip__0046,notflip__0044,notflip,notflip
different_sequence_cross_split_cross_label,0.648611649538517,3,2,testing/flip/0036_000000007.jpg,training/notflip/0028_000000028.jpg,flip__0036,notflip__0028,flip,notflip
different_sequence_cross_split_same_label,0.6482651075544911,3,4,testing/notflip/0043_000000023.jpg,training/notflip/0057_000000029.jpg,notflip__0043,notflip__0057,notflip,notflip
different_sequence_cross_split_same_label,0.6482177929733504,3,4,testing/notflip/0046_000000028.jpg,training/notflip/0044_000000019.jpg,notflip__0046,notflip__0044,notflip,notflip
different_sequence_cross_split_cross_label,0.6479573699399113,4,4,testing/notflip/0037_000000007.jpg,training/flip/0047_000000009.jpg,notflip__0037,flip__0047,notflip,flip
different_sequence_cross_split_same_label,0.6477686674513916,4,4,testing/notflip/0044_000000006.jpg,training/notflip/0043_000000007.jpg,notflip__0044,notflip__0043,notflip,notflip
different_sequence_cross_split_same_label,0.6475668340660021,2,4,testing/notflip/0046_000000028.jpg,training/notflip/0044_000000020.jpg,notflip__0046,notflip__0044,notflip,notflip
different_sequence_cross_split_same_label,0.6474280300731253,2,4,testing/notflip/0043_000000024.jpg,training/notflip/0046_000000016.jpg,notflip__0043,notflip__0046,notflip,notflip
different_sequence_cross_split_same_label,0.6472808815154597,3,4,testing/notflip/0043_000000023.jpg,training/notflip/0057_000000030.jpg,notflip__0043,notflip__0057,notflip,notflip
same_sequence_cross_split,0.6471736718497552,2,0,testing/notflip/0001_000000024.jpg,training/notflip/0001_000000020.jpg,notflip__0001,notflip__0001,notflip,notflip
different_sequence_cross_split_same_label,0.6468573158446582,4,4,testing/notflip/0057_000000027.jpg,training/notflip/0043_000000021.jpg,notflip__0057,notflip__0043,notflip,notflip
different_sequence_cross_split_same_label,0.6467515556830045,3,4,testing/notflip/0046_000000028.jpg,training/notflip/0044_000000021.jpg,notflip__0046,notflip__0044,notflip,notflip
different_sequence_cross_split_same_label,0.646658188062485,4,4,testing/notflip/0046_000000012.jpg,training/notflip/0043_000000030.jpg,notflip__0046,notflip__0043,notflip,notflip
different_sequence_cross_split_cross_label,0.6466578678622482,4,4,testing/notflip/0045_000000028.jpg,training/flip/0065_000000003.jpg,notflip__0045,flip__0065,notflip,flip
different_sequence_cross_split_same_label,0.6466392742576184,4,4,testing/notflip/0046_000000003.jpg,training/notflip/0043_000000028.jpg,notflip__0046,notflip__0043,notflip,notflip
different_sequence_cross_split_same_label,0.6462951845496877,2,4,testing/notflip/0043_000000023.jpg,training/notflip/0046_000000015.jpg,notflip__0043,notflip__0046,notflip,notflip
different_sequence_cross_split_cross_label,0.6458513424611831,1,2,testing/flip/0065_000000001.jpg,training/notflip/0058_000000017.jpg,flip__0065,notflip__0058,flip,notflip
same_sequence_cross_split,0.645333697880244,1,2,testing/notflip/0024_000000020.jpg,training/notflip/0024_000000026.jpg,notflip__0024,notflip__0024,notflip,notflip
different_sequence_cross_split_same_label,0.6451189820685134,2,4,testing/notflip/0054_000000023.jpg,training/notflip/0052_000000008.jpg,notflip__0054,notflip__0052,notflip,notflip
same_sequence_cross_split,0.6450973223411858,3,0,testing/notflip/0006_000000015.jpg,training/notflip/0006_000000006.jpg,notflip__0006,notflip__0006,notflip,notflip
different_sequence_cross_split_same_label,0.6450800635860411,4,4,testing/notflip/0046_000000012.jpg,training/notflip/0043_000000029.jpg,notflip__0046,notflip__0043,notflip,notflip
different_sequence_cross_split_same_label,0.645018996440614,4,4,testing/notflip/0057_000000027.jpg,training/notflip/0043_000000020.jpg,notflip__0057,notflip__0043,notflip,notflip
different_sequence_cross_split_same_label,0.6447986603901459,4,4,testing/notflip/0046_000000011.jpg,training/notflip/0043_000000030.jpg,notflip__0046,notflip__0043,notflip,notflip
same_sequence_cross_split,0.6446124847372459,3,2,testing/notflip/0020_000000019.jpg,training/notflip/0020_000000001.jpg,notflip__0020,notflip__0020,notflip,notflip
different_sequence_cross_split_same_label,0.6439570869693263,4,4,testing/notflip/0046_000000011.jpg,training/notflip/0043_000000029.jpg,notflip__0046,notflip__0043,notflip,notflip
same_sequence_cross_split,0.6437792950753946,3,0,testing/notflip/0001_000000014.jpg,training/notflip/0001_000000025.jpg,notflip__0001,notflip__0001,notflip,notflip
different_sequence_cross_split_same_label,0.6437144479702008,4,4,testing/flip/0004_000000006.jpg,training/flip/0007_000000014.jpg,flip__0004,flip__0007,flip,flip
different_sequence_cross_split_same_label,0.6432300547678462,4,4,testing/notflip/0041_000000011.jpg,training/notflip/0044_000000028.jpg,notflip__0041,notflip__0044,notflip,notflip
different_sequence_cross_split_same_label,0.6432153752535004,4,2,testing/notflip/0041_000000011.jpg,training/notflip/0044_000000026.jpg,notflip__0041,notflip__0044,notflip,notflip
different_sequence_cross_split_same_label,0.6429608002016882,3,4,testing/notflip/0043_000000023.jpg,training/notflip/0057_000000028.jpg,notflip__0043,notflip__0057,notflip,notflip
different_sequence_cross_split_same_label,0.6429241074001941,4,4,testing/notflip/0043_000000026.jpg,training/notflip/0057_000000030.jpg,notflip__0043,notflip__0057,notflip,notflip
different_sequence_cross_split_same_label,0.6429037540914646,4,4,testing/notflip/0043_000000026.jpg,training/notflip/0057_000000029.jpg,notflip__0043,notflip__0057,notflip,notflip
different_sequence_cross_split_cross_label,0.6424458476734218,4,2,testing/flip/0058_000000003.jpg,training/notflip/0051_000000028.jpg,flip__0058,notflip__0051,flip,notflip
different_sequence_cross_split_same_label,0.6423681780021026,3,4,testing/notflip/0046_000000003.jpg,training/notflip/0043_000000029.jpg,notflip__0046,notflip__0043,notflip,notflip
different_sequence_cross_split_same_label,0.642246626440531,3,4,testing/notflip/0046_000000003.jpg,training/notflip/0043_000000030.jpg,notflip__0046,notflip__0043,notflip,notflip
same_sequence_cross_split,0.6420368291279743,2,0,testing/notflip/0001_000000024.jpg,training/notflip/0001_000000019.jpg,notflip__0001,notflip__0001,notflip,notflip
different_sequence_cross_split_same_label,0.6420204585141017,4,4,testing/notflip/0054_000000023.jpg,training/notflip/0052_000000009.jpg,notflip__0054,notflip__0052,notflip,notflip
different_sequence_cross_split_same_label,0.6409602189354219,4,2,testing/notflip/0041_000000011.jpg,training/notflip/0044_000000025.jpg,notflip__0041,notflip__0044,notflip,notflip
different_sequence_cross_split_same_label,0.6407351145021918,4,4,testing/notflip/0057_000000027.jpg,training/notflip/0043_000000022.jpg,notflip__0057,notflip__0043,notflip,notflip
different_sequence_cross_split_same_label,0.6404563878150019,4,4,testing/notflip/0054_000000023.jpg,training/notflip/0052_000000010.jpg,notflip__0054,notflip__0052,notflip,notflip
different_sequence_cross_split_same_label,0.6404254971933205,3,4,testing/notflip/0041_000000011.jpg,training/notflip/0044_000000030.jpg,notflip__0041,notflip__0044,notflip,notflip
different_sequence_cross_split_same_label,0.64036641686849,4,4,testing/notflip/0057_000000027.jpg,training/notflip/0043_000000030.jpg,notflip__0057,notflip__0043,notflip,notflip
different_sequence_cross_split_same_label,0.6403398093650791,4,4,testing/notflip/0047_000000024.jpg,training/notflip/0041_000000007.jpg,notflip__0047,notflip__0041,notflip,notflip
different_sequence_cross_split_same_label,0.6402909575826965,4,4,testing/notflip/0041_000000011.jpg,training/notflip/0044_000000016.jpg,notflip__0041,notflip__0044,notflip,notflip
different_sequence_cross_split_same_label,0.6402381488301537,4,4,testing/notflip/0044_000000027.jpg,training/notflip/0041_000000010.jpg,notflip__0044,notflip__0041,notflip,notflip
different_sequence_cross_split_same_label,0.6402374276514688,4,4,testing/notflip/0043_000000023.jpg,training/notflip/0057_000000019.jpg,notflip__0043,notflip__0057,notflip,notflip
different_sequence_cross_split_same_label,0.6401562428065047,3,4,testing/notflip/0041_000000011.jpg,training/notflip/0044_000000017.jpg,notflip__0041,notflip__0044,notflip,notflip
different_sequence_cross_split_same_label,0.6400222756971667,4,4,testing/notflip/0043_000000026.jpg,training/notflip/0057_000000028.jpg,notflip__0043,notflip__0057,notflip,notflip
same_sequence_cross_split,0.6395574790759393,1,0,testing/notflip/0001_000000002.jpg,training/notflip/0001_000000015.jpg,notflip__0001,notflip__0001,notflip,notflip
same_sequence_cross_split,0.6395551520189692,1,0,testing/notflip/0001_000000004.jpg,training/notflip/0001_000000015.jpg,notflip__0001,notflip__0001,notflip,notflip
different_sequence_cross_split_same_label,0.6394934086167504,4,4,testing/notflip/0047_000000025.jpg,training/notflip/0041_000000007.jpg,notflip__0047,notflip__0041,notflip,notflip
different_sequence_cross_split_cross_label,0.6393961587124424,1,2,testing/flip/0065_000000001.jpg,training/notflip/0058_000000019.jpg,flip__0065,notflip__0058,flip,notflip
same_sequence_cross_split,0.6393920513084963,3,0,testing/notflip/0001_000000014.jpg,training/notflip/0001_000000026.jpg,notflip__0001,notflip__0001,notflip,notflip
different_sequence_cross_split_same_label,0.6393160003430335,3,4,testing/notflip/0041_000000011.jpg,training/notflip/0044_000000019.jpg,notflip__0041,notflip__0044,notflip,notflip
different_sequence_cross_split_same_label,0.6390410719983328,4,4,testing/notflip/0043_000000023.jpg,training/notflip/0057_000000010.jpg,notflip__0043,notflip__0057,notflip,notflip
same_sequence_cross_split,0.6389402512132448,2,4,testing/notflip/0024_000000025.jpg,training/notflip/0024_000000018.jpg,notflip__0024,notflip__0024,notflip,notflip
different_sequence_cross_split_same_label,0.6388847753634213,3,4,testing/notflip/0043_000000023.jpg,training/notflip/0046_000000016.jpg,notflip__0043,notflip__0046,notflip,notflip
different_sequence_cross_split_same_label,0.6385656861912119,4,4,testing/notflip/0057_000000027.jpg,training/notflip/0043_000000029.jpg,notflip__0057,notflip__0043,notflip,notflip
different_sequence_cross_split_same_label,0.6384207958872964,4,4,testing/notflip/0041_000000011.jpg,training/notflip/0044_000000020.jpg,notflip__0041,notflip__0044,notflip,notflip
different_sequence_cross_split_same_label,0.6382797419826808,4,2,testing/notflip/0041_000000011.jpg,training/notflip/0044_000000023.jpg,notflip__0041,notflip__0044,notflip,notflip
different_sequence_cross_split_same_label,0.6379293960714649,3,4,testing/notflip/0041_000000011.jpg,training/notflip/0044_000000022.jpg,notflip__0041,notflip__0044,notflip,notflip
same_sequence_cross_split,0.6377812114958548,0,2,testing/notflip/0024_000000022.jpg,training/notflip/0024_000000027.jpg,notflip__0024,notflip__0024,notflip,notflip
different_sequence_cross_split_same_label,0.6377683798383758,4,2,testing/notflip/0052_000000029.jpg,training/notflip/0041_000000029.jpg,notflip__0052,notflip__0041,notflip,notflip
different_sequence_cross_split_same_label,0.6373830904527553,3,4,testing/notflip/0041_000000011.jpg,training/notflip/0044_000000021.jpg,notflip__0041,notflip__0044,notflip,notflip
same_sequence_cross_split,0.6367260763398167,3,2,testing/notflip/0016_000000025.jpg,training/notflip/0016_000000009.jpg,notflip__0016,notflip__0016,notflip,notflip
same_sequence_cross_split,0.6367240666349243,3,0,testing/notflip/0001_000000002.jpg,training/notflip/0001_000000008.jpg,notflip__0001,notflip__0001,notflip,notflip
same_sequence_cross_split,0.6367220570708886,3,0,testing/notflip/0001_000000004.jpg,training/notflip/0001_000000008.jpg,notflip__0001,notflip__0001,notflip,notflip
different_sequence_cross_split_same_label,0.6366274439953094,4,4,testing/notflip/0043_000000023.jpg,training/notflip/0057_000000025.jpg,notflip__0043,notflip__0057,notflip,notflip
different_sequence_cross_split_same_label,0.6365362874066254,4,4,testing/notflip/0041_000000006.jpg,training/notflip/0047_000000021.jpg,notflip__0041,notflip__0047,notflip,notflip
different_sequence_cross_split_same_label,0.6364713341201577,4,4,testing/notflip/0052_000000029.jpg,training/notflip/0041_000000026.jpg,notflip__0052,notflip__0041,notflip,notflip
different_sequence_cross_split_same_label,0.6364191911195242,4,4,testing/notflip/0054_000000020.jpg,training/notflip/0052_000000008.jpg,notflip__0054,notflip__0052,notflip,notflip
same_sequence_cross_split,0.6363187407298507,1,0,testing/flip/0018_000000004.jpg,training/flip/0018_000000008.jpg,flip__0018,flip__0018,flip,flip
same_sequence_cross_split,0.6363172310084614,3,0,testing/notflip/0001_000000024.jpg,training/notflip/0001_000000016.jpg,notflip__0001,notflip__0001,notflip,notflip
different_sequence_cross_split_same_label,0.636064506351078,4,2,testing/notflip/0052_000000029.jpg,training/notflip/0041_000000027.jpg,notflip__0052,notflip__0041,notflip,notflip
different_sequence_cross_split_same_label,0.6355082058181882,4,4,testing/notflip/0057_000000027.jpg,training/notflip/0043_000000019.jpg,notflip__0057,notflip__0043,notflip,notflip
different_sequence_cross_split_same_label,0.6352555529672098,4,4,testing/notflip/0043_000000023.jpg,training/notflip/0057_000000026.jpg,notflip__0043,notflip__0057,notflip,notflip
different_sequence_cross_split_same_label,0.6349100878933186,4,4,testing/notflip/0041_000000006.jpg,training/notflip/0047_000000026.jpg,notflip__0041,notflip__0047,notflip,notflip
different_sequence_cross_split_same_label,0.634861483213514,3,4,testing/notflip/0046_000000003.jpg,training/notflip/0043_000000019.jpg,notflip__0046,notflip__0043,notflip,notflip
different_sequence_cross_split_same_label,0.6348171468782453,3,4,testing/notflip/0046_000000003.jpg,training/notflip/0043_000000021.jpg,notflip__0046,notflip__0043,notflip,notflip
different_sequence_cross_split_same_label,0.634645560615031,4,4,testing/notflip/0047_000000024.jpg,training/notflip/0041_000000005.jpg,notflip__0047,notflip__0041,notflip,notflip
same_sequence_cross_split,0.6344601125117466,3,2,testing/notflip/0003_000000025.jpg,training/notflip/0003_000000010.jpg,notflip__0003,notflip__0003,notflip,notflip
different_sequence_cross_split_same_label,0.6341930749010765,4,4,testing/notflip/0047_000000024.jpg,training/notflip/0041_000000004.jpg,notflip__0047,notflip__0041,notflip,notflip
different_sequence_cross_split_same_label,0.6340369493938007,4,4,testing/notflip/0008_000000020.jpg,training/notflip/0005_000000015.jpg,notflip__0008,notflip__0005,notflip,notflip
different_sequence_cross_split_same_label,0.6338177674560935,4,4,testing/notflip/0047_000000025.jpg,training/notflip/0041_000000005.jpg,notflip__0047,notflip__0041,notflip,notflip
same_sequence_cross_split,0.633796772804707,1,4,testing/notflip/0005_000000018.jpg,training/notflip/0005_000000030.jpg,notflip__0005,notflip__0005,notflip,notflip
same_sequence_cross_split,0.6337813795952114,1,4,testing/notflip/0024_000000019.jpg,training/notflip/0024_000000026.jpg,notflip__0024,notflip__0024,notflip,notflip
different_sequence_cross_split_same_label,0.6335236218277098,4,4,testing/notflip/0041_000000003.jpg,training/notflip/0047_000000021.jpg,notflip__0041,notflip__0047,notflip,notflip
different_sequence_cross_split_same_label,0.6335065398830274,4,4,testing/notflip/0041_000000001.jpg,training/notflip/0047_000000021.jpg,notflip__0041,notflip__0047,notflip,notflip
different_sequence_cross_split_same_label,0.6333311787216043,4,4,testing/notflip/0047_000000024.jpg,training/notflip/0041_000000002.jpg,notflip__0047,notflip__0041,notflip,notflip
different_sequence_cross_split_same_label,0.6333214604074086,4,4,testing/notflip/0047_000000025.jpg,training/notflip/0041_000000004.jpg,notflip__0047,notflip__0041,notflip,notflip
different_sequence_cross_split_same_label,0.6331591519910436,4,4,testing/notflip/0057_000000027.jpg,training/notflip/0044_000000010.jpg,notflip__0057,notflip__0044,notflip,notflip
different_sequence_cross_split_same_label,0.6329618555673511,4,4,testing/notflip/0044_000000014.jpg,training/notflip/0041_000000008.jpg,notflip__0044,notflip__0041,notflip,notflip
different_sequence_cross_split_same_label,0.6327012432687308,4,4,testing/notflip/0041_000000036.jpg,training/notflip/0052_000000027.jpg,notflip__0041,notflip__0052,notflip,notflip
different_sequence_cross_split_same_label,0.632544518695685,4,4,testing/notflip/0054_000000020.jpg,training/notflip/0052_000000009.jpg,notflip__0054,notflip__0052,notflip,notflip
same_sequence_cross_split,0.6324662561625342,1,4,testing/notflip/0024_000000002.jpg,training/notflip/0024_000000030.jpg,notflip__0024,notflip__0024,notflip,notflip
different_sequence_cross_split_same_label,0.632411998949553,4,4,testing/notflip/0047_000000025.jpg,training/notflip/0041_000000002.jpg,notflip__0047,notflip__0041,notflip,notflip
different_sequence_cross_split_same_label,0.6321920247902634,3,4,testing/notflip/0041_000000034.jpg,training/notflip/0057_000000029.jpg,notflip__0041,notflip__0057,notflip,notflip
different_sequence_cross_split_same_label,0.6320221557801367,3,4,testing/notflip/0041_000000036.jpg,training/notflip/0057_000000026.jpg,notflip__0041,notflip__0057,notflip,notflip
same_sequence_cross_split,0.6317477053399543,3,0,testing/notflip/0006_000000016.jpg,training/notflip/0006_000000006.jpg,notflip__0006,notflip__0006,notflip,notflip
different_sequence_cross_split_same_label,0.6315986040788224,3,4,testing/notflip/0041_000000034.jpg,training/notflip/0057_000000028.jpg,notflip__0041,notflip__0057,notflip,notflip
different_sequence_cross_split_same_label,0.631399697476395,4,4,testing/notflip/0041_000000003.jpg,training/notflip/0047_000000026.jpg,notflip__0041,notflip__0047,notflip,notflip
different_sequence_cross_split_same_label,0.6313839229254129,4,4,testing/notflip/0041_000000001.jpg,training/notflip/0047_000000026.jpg,notflip__0041,notflip__0047,notflip,notflip
different_sequence_cross_split_same_label,0.6311834879878625,3,4,testing/notflip/0046_000000003.jpg,training/notflip/0043_000000020.jpg,notflip__0046,notflip__0043,notflip,notflip
different_sequence_cross_split_same_label,0.6311126647436691,3,4,testing/notflip/0041_000000036.jpg,training/notflip/0057_000000025.jpg,notflip__0041,notflip__0057,notflip,notflip
different_sequence_cross_split_same_label,0.6308118396362006,4,4,testing/notflip/0046_000000003.jpg,training/notflip/0044_000000009.jpg,notflip__0046,notflip__0044,notflip,notflip
different_sequence_cross_split_same_label,0.6307827052376616,3,4,testing/notflip/0041_000000034.jpg,training/notflip/0057_000000030.jpg,notflip__0041,notflip__0057,notflip,notflip
different_sequence_cross_split_same_label,0.6305995744893841,2,4,testing/notflip/0057_000000027.jpg,training/notflip/0041_000000033.jpg,notflip__0057,notflip__0041,notflip,notflip
different_sequence_cross_split_same_label,0.6294198341724105,3,4,testing/notflip/0057_000000027.jpg,training/notflip/0041_000000035.jpg,notflip__0057,notflip__0041,notflip,notflip
different_sequence_cross_split_same_label,0.6294197145985744,4,4,testing/flip/0054_000000011.jpg,training/flip/0064_000000019.jpg,flip__0054,flip__0064,flip,flip
different_sequence_cross_split_same_label,0.6294151200000195,4,4,testing/flip/0054_000000010.jpg,training/flip/0064_000000019.jpg,flip__0054,flip__0064,flip,flip
different_sequence_cross_split_same_label,0.6293797739396813,4,4,testing/notflip/0041_000000036.jpg,training/notflip/0057_000000028.jpg,notflip__0041,notflip__0057,notflip,notflip
different_sequence_cross_split_same_label,0.629201157863438,4,4,testing/notflip/0041_000000036.jpg,training/notflip/0057_000000024.jpg,notflip__0041,notflip__0057,notflip,notflip
different_sequence_cross_split_same_label,0.629158359207508,4,4,testing/notflip/0041_000000036.jpg,training/notflip/0057_000000016.jpg,notflip__0041,notflip__0057,notflip,notflip
same_sequence_cross_split,0.628823237085294,3,0,testing/notflip/0001_000000004.jpg,training/notflip/0001_000000020.jpg,notflip__0001,notflip__0001,notflip,notflip
same_sequence_cross_split,0.6288215900191904,3,0,testing/notflip/0001_000000002.jpg,training/notflip/0001_000000020.jpg,notflip__0001,notflip__0001,notflip,notflip
different_sequence_cross_split_same_label,0.6287883497848635,4,4,testing/notflip/0041_000000036.jpg,training/notflip/0057_000000029.jpg,notflip__0041,notflip__0057,notflip,notflip
different_sequence_cross_split_same_label,0.6286155401228142,4,4,testing/notflip/0054_000000010.jpg,training/notflip/0056_000000002.jpg,notflip__0054,notflip__0056,notflip,notflip
different_sequence_cross_split_same_label,0.6281565373035016,4,4,testing/notflip/0057_000000027.jpg,training/notflip/0046_000000007.jpg,notflip__0057,notflip__0046,notflip,notflip
different_sequence_cross_split_same_label,0.6278294567477646,4,4,testing/notflip/0041_000000036.jpg,training/notflip/0057_000000017.jpg,notflip__0041,notflip__0057,notflip,notflip
different_sequence_cross_split_same_label,0.6277799080035381,4,2,testing/notflip/0005_000000022.jpg,training/notflip/0008_000000022.jpg,notflip__0005,notflip__0008,notflip,notflip
different_sequence_cross_split_same_label,0.6275648943193028,4,4,testing/notflip/0041_000000036.jpg,training/notflip/0057_000000015.jpg,notflip__0041,notflip__0057,notflip,notflip
different_sequence_cross_split_same_label,0.6273882348216999,4,4,testing/notflip/0057_000000027.jpg,training/notflip/0046_000000008.jpg,notflip__0057,notflip__0046,notflip,notflip
same_sequence_cross_split,0.6272486573479952,3,4,testing/notflip/0003_000000025.jpg,training/notflip/0003_000000009.jpg,notflip__0003,notflip__0003,notflip,notflip
different_sequence_cross_split_same_label,0.6269902166715656,4,4,testing/notflip/0057_000000027.jpg,training/notflip/0041_000000016.jpg,notflip__0057,notflip__0041,notflip,notflip
different_sequence_cross_split_same_label,0.6269892333841749,4,4,testing/notflip/0041_000000036.jpg,training/notflip/0057_000000030.jpg,notflip__0041,notflip__0057,notflip,notflip
different_sequence_cross_split_same_label,0.6268036607427826,4,4,testing/notflip/0041_000000034.jpg,training/notflip/0057_000000025.jpg,notflip__0041,notflip__0057,notflip,notflip
same_sequence_cross_split,0.6267590684955471,2,0,testing/flip/0018_000000003.jpg,training/flip/0018_000000007.jpg,flip__0018,flip__0018,flip,flip
different_sequence_cross_split_same_label,0.6266480192314373,4,4,testing/notflip/0041_000000034.jpg,training/notflip/0057_000000026.jpg,notflip__0041,notflip__0057,notflip,notflip
different_sequence_cross_split_cross_label,0.6255044141171384,4,4,testing/notflip/0041_000000006.jpg,training/flip/0051_000000012.jpg,notflip__0041,flip__0051,notflip,flip
same_sequence_cross_split,0.6248837390005891,4,0,testing/notflip/0016_000000025.jpg,training/notflip/0016_000000013.jpg,notflip__0016,notflip__0016,notflip,notflip
same_sequence_cross_split,0.6247196207253041,1,0,testing/notflip/0001_000000004.jpg,training/notflip/0001_000000019.jpg,notflip__0001,notflip__0001,notflip,notflip
same_sequence_cross_split,0.6247175098678727,1,0,testing/notflip/0001_000000002.jpg,training/notflip/0001_000000019.jpg,notflip__0001,notflip__0001,notflip,notflip
different_sequence_cross_split_cross_label,0.6241698023981428,4,4,testing/notflip/0041_000000006.jpg,training/flip/0051_000000013.jpg,notflip__0041,flip__0051,notflip,flip
different_sequence_cross_split_same_label,0.6237484865585711,3,4,testing/notflip/0057_000000027.jpg,training/notflip/0046_000000009.jpg,notflip__0057,notflip__0046,notflip,notflip
different_sequence_cross_split_cross_label,0.6236798012283293,4,4,testing/notflip/0041_000000001.jpg,training/flip/0051_000000012.jpg,notflip__0041,flip__0051,notflip,flip
different_sequence_cross_split_same_label,0.6236770809602193,1,4,testing/flip/0029_000000021.jpg,training/flip/0026_000000013.jpg,flip__0029,flip__0026,flip,flip
different_sequence_cross_split_cross_label,0.6236755746606496,4,4,testing/notflip/0041_000000003.jpg,training/flip/0051_000000012.jpg,notflip__0041,flip__0051,notflip,flip
different_sequence_cross_split_same_label,0.6234774707816771,4,4,testing/notflip/0057_000000027.jpg,training/notflip/0041_000000017.jpg,notflip__0057,notflip__0041,notflip,notflip
same_sequence_cross_split,0.622543529593662,4,2,testing/notflip/0003_000000018.jpg,training/notflip/0003_000000029.jpg,notflip__0003,notflip__0003,notflip,notflip
different_sequence_cross_split_cross_label,0.6222904029532146,4,4,testing/notflip/0041_000000003.jpg,training/flip/0051_000000013.jpg,notflip__0041,flip__0051,notflip,flip
different_sequence_cross_split_cross_label,0.6222862686921172,4,4,testing/notflip/0041_000000001.jpg,training/flip/0051_000000013.jpg,notflip__0041,flip__0051,notflip,flip
same_sequence_cross_split,0.6220702771634523,2,2,testing/notflip/0024_000000025.jpg,training/notflip/0024_000000017.jpg,notflip__0024,notflip__0024,notflip,notflip
same_sequence_cross_split,0.6197229880463545,3,0,testing/notflip/0040_000000016.jpg,training/notflip/0040_000000029.jpg,notflip__0040,notflip__0040,notflip,notflip
different_sequence_cross_split_same_label,0.6196956972251667,3,4,testing/notflip/0057_000000027.jpg,training/notflip/0044_000000009.jpg,notflip__0057,notflip__0044,notflip,notflip
different_sequence_cross_split_same_label,0.6194567613637032,4,4,testing/notflip/0057_000000027.jpg,training/notflip/0041_000000018.jpg,notflip__0057,notflip__0041,notflip,notflip
same_sequence_cross_split,0.6192012794538564,4,2,testing/notflip/0003_000000030.jpg,training/notflip/0003_000000017.jpg,notflip__0003,notflip__0003,notflip,notflip
same_sequence_cross_split,0.6191893997644168,1,4,testing/notflip/0024_000000002.jpg,training/notflip/0024_000000029.jpg,notflip__0024,notflip__0024,notflip,notflip
same_sequence_cross_split,0.6181765030047843,4,2,testing/notflip/0019_000000004.jpg,training/notflip/0019_000000029.jpg,notflip__0019,notflip__0019,notflip,notflip
same_sequence_cross_split,0.6181123612473233,1,4,testing/notflip/0024_000000002.jpg,training/notflip/0024_000000028.jpg,notflip__0024,notflip__0024,notflip,notflip
different_sequence_cross_split_same_label,0.6180018201491848,4,4,testing/notflip/0057_000000027.jpg,training/notflip/0046_000000002.jpg,notflip__0057,notflip__0046,notflip,notflip
different_sequence_cross_split_same_label,0.6174700558791263,3,2,testing/flip/0029_000000021.jpg,training/flip/0026_000000014.jpg,flip__0029,flip__0026,flip,flip
same_sequence_cross_split,0.6165073887082492,3,0,testing/notflip/0006_000000015.jpg,training/notflip/0006_000000005.jpg,notflip__0006,notflip__0006,notflip,notflip
different_sequence_cross_split_cross_label,0.6161237092309944,3,2,testing/flip/0036_000000007.jpg,training/notflip/0028_000000027.jpg,flip__0036,notflip__0028,flip,notflip
same_sequence_cross_split,0.6150556335139302,4,2,testing/notflip/0003_000000030.jpg,training/notflip/0003_000000016.jpg,notflip__0003,notflip__0003,notflip,notflip
same_sequence_cross_split,0.6142082614091694,3,2,testing/notflip/0003_000000030.jpg,training/notflip/0003_000000015.jpg,notflip__0003,notflip__0003,notflip,notflip
same_sequence_cross_split,0.6139495830380775,2,2,testing/notflip/0003_000000030.jpg,training/notflip/0003_000000014.jpg,notflip__0003,notflip__0003,notflip,notflip
same_sequence_cross_split,0.6129179302904729,0,2,testing/notflip/0024_000000022.jpg,training/notflip/0024_000000030.jpg,notflip__0024,notflip__0024,notflip,notflip
different_sequence_cross_split_same_label,0.6128127525406127,4,4,testing/notflip/0046_000000003.jpg,training/notflip/0057_000000025.jpg,notflip__0046,notflip__0057,notflip,notflip
same_sequence_cross_split,0.6126866769505033,2,2,testing/notflip/0006_000000015.jpg,training/notflip/0006_000000003.jpg,notflip__0006,notflip__0006,notflip,notflip
different_sequence_cross_split_same_label,0.6110518338496593,4,4,testing/notflip/0046_000000003.jpg,training/notflip/0057_000000026.jpg,notflip__0046,notflip__0057,notflip,notflip
same_sequence_cross_split,0.6107949943313659,4,0,testing/notflip/0040_000000016.jpg,training/notflip/0040_000000030.jpg,notflip__0040,notflip__0040,notflip,notflip
different_sequence_cross_split_same_label,0.6104164004017305,3,4,testing/notflip/0057_000000023.jpg,training/notflip/0046_000000025.jpg,notflip__0057,notflip__0046,notflip,notflip
same_sequence_cross_split,0.6103023584002119,4,4,testing/notflip/0003_000000030.jpg,training/notflip/0003_000000011.jpg,notflip__0003,notflip__0003,notflip,notflip
different_sequence_cross_split_cross_label,0.6102283118758011,4,4,testing/notflip/0029_000000025.jpg,training/flip/0037_000000005.jpg,notflip__0029,flip__0037,notflip,flip
same_sequence_cross_split,0.6096816552206928,2,2,testing/notflip/0003_000000030.jpg,training/notflip/0003_000000013.jpg,notflip__0003,notflip__0003,notflip,notflip
same_sequence_cross_split,0.6096389750874998,3,4,testing/notflip/0003_000000030.jpg,training/notflip/0003_000000012.jpg,notflip__0003,notflip__0003,notflip,notflip
same_sequence_cross_split,0.6092542984962265,4,4,testing/notflip/0003_000000030.jpg,training/notflip/0003_000000010.jpg,notflip__0003,notflip__0003,notflip,notflip
different_sequence_cross_split_same_label,0.6091254213138064,3,4,testing/notflip/0057_000000027.jpg,training/notflip/0046_000000014.jpg,notflip__0057,notflip__0046,notflip,notflip
same_sequence_cross_split,0.6090960382526476,1,2,testing/notflip/0016_000000014.jpg,training/notflip/0016_000000011.jpg,notflip__0016,notflip__0016,notflip,notflip
same_sequence_cross_split,0.6074296487557046,3,0,testing/notflip/0006_000000016.jpg,training/notflip/0006_000000005.jpg,notflip__0006,notflip__0006,notflip,notflip
same_sequence_cross_split,0.6070342785188343,0,2,testing/notflip/0024_000000022.jpg,training/notflip/0024_000000029.jpg,notflip__0024,notflip__0024,notflip,notflip
same_sequence_cross_split,0.6061216435754014,0,2,testing/notflip/0024_000000022.jpg,training/notflip/0024_000000028.jpg,notflip__0024,notflip__0024,notflip,notflip
same_sequence_cross_split,0.6042323732312822,0,2,testing/notflip/0024_000000020.jpg,training/notflip/0024_000000027.jpg,notflip__0024,notflip__0024,notflip,notflip
same_sequence_cross_split,0.6010240870770963,3,2,testing/flip/0018_000000004.jpg,training/flip/0018_000000009.jpg,flip__0018,flip__0018,flip,flip
same_sequence_cross_split,0.6001843230434212,2,4,testing/notflip/0024_000000019.jpg,training/notflip/0024_000000029.jpg,notflip__0024,notflip__0024,notflip,notflip
same_sequence_cross_split,0.5998295580479566,4,2,testing/notflip/0016_000000025.jpg,training/notflip/0016_000000008.jpg,notflip__0016,notflip__0016,notflip,notflip
same_sequence_cross_split,0.5997208661652255,2,4,testing/notflip/0024_000000019.jpg,training/notflip/0024_000000030.jpg,notflip__0024,notflip__0024,notflip,notflip
same_sequence_cross_split,0.5996113813849097,2,4,testing/notflip/0024_000000019.jpg,training/notflip/0024_000000027.jpg,notflip__0024,notflip__0024,notflip,notflip
different_sequence_cross_split_same_label,0.5993673982021469,4,4,testing/notflip/0057_000000027.jpg,training/notflip/0046_000000016.jpg,notflip__0057,notflip__0046,notflip,notflip
same_sequence_cross_split,0.5975738448442817,2,4,testing/notflip/0024_000000019.jpg,training/notflip/0024_000000028.jpg,notflip__0024,notflip__0024,notflip,notflip
same_sequence_cross_split,0.5973173201016477,2,0,testing/notflip/0006_000000015.jpg,training/notflip/0006_000000004.jpg,notflip__0006,notflip__0006,notflip,notflip
same_sequence_cross_split,0.5964461738878564,4,2,testing/notflip/0006_000000019.jpg,training/notflip/0006_000000003.jpg,notflip__0006,notflip__0006,notflip,notflip
same_sequence_cross_split,0.596318636122353,2,2,testing/notflip/0006_000000016.jpg,training/notflip/0006_000000003.jpg,notflip__0006,notflip__0006,notflip,notflip
same_sequence_cross_split,0.5959380388898676,0,2,testing/notflip/0024_000000020.jpg,training/notflip/0024_000000030.jpg,notflip__0024,notflip__0024,notflip,notflip
same_sequence_cross_split,0.5953967606445177,0,2,testing/notflip/0024_000000020.jpg,training/notflip/0024_000000029.jpg,notflip__0024,notflip__0024,notflip,notflip
same_sequence_cross_split,0.5940093086380285,0,2,testing/notflip/0024_000000020.jpg,training/notflip/0024_000000028.jpg,notflip__0024,notflip__0024,notflip,notflip
different_sequence_cross_split_same_label,0.5918529708893661,2,4,testing/flip/0052_000000021.jpg,training/flip/0054_000000022.jpg,flip__0052,flip__0054,flip,flip
same_sequence_cross_split,0.5893482495069106,2,0,testing/flip/0018_000000003.jpg,training/flip/0018_000000008.jpg,flip__0018,flip__0018,flip,flip
same_sequence_cross_split,0.5883938762207893,2,0,testing/notflip/0006_000000016.jpg,training/notflip/0006_000000004.jpg,notflip__0006,notflip__0006,notflip,notflip
different_sequence_cross_split_same_label,0.5871439781064066,4,4,testing/notflip/0005_000000005.jpg,training/notflip/0006_000000012.jpg,notflip__0005,notflip__0006,notflip,notflip
same_sequence_cross_split,0.5857351197363179,4,0,testing/notflip/0001_000000024.jpg,training/notflip/0001_000000015.jpg,notflip__0001,notflip__0001,notflip,notflip
different_sequence_cross_split_cross_label,0.5856169004594227,4,4,testing/notflip/0049_000000028.jpg,training/flip/0058_000000001.jpg,notflip__0049,flip__0058,notflip,flip
different_sequence_cross_split_same_label,0.581837960768322,4,4,testing/notflip/0005_000000005.jpg,training/notflip/0006_000000011.jpg,notflip__0005,notflip__0006,notflip,notflip
same_sequence_cross_split,0.5794941902263082,3,4,testing/notflip/0031_000000010.jpg,training/notflip/0031_000000029.jpg,notflip__0031,notflip__0031,notflip,notflip
same_sequence_cross_split,0.5793003810286,2,0,testing/notflip/0016_000000025.jpg,training/notflip/0016_000000017.jpg,notflip__0016,notflip__0016,notflip,notflip
different_sequence_cross_split_same_label,0.5769674581352666,4,4,testing/notflip/0005_000000005.jpg,training/notflip/0006_000000010.jpg,notflip__0005,notflip__0006,notflip,notflip
same_sequence_cross_split,0.5742468825474143,4,0,testing/notflip/0006_000000019.jpg,training/notflip/0006_000000004.jpg,notflip__0006,notflip__0006,notflip,notflip
same_sequence_cross_split,0.5714212344999068,4,2,testing/flip/0018_000000003.jpg,training/flip/0018_000000009.jpg,flip__0018,flip__0018,flip,flip
same_sequence_cross_split,0.5686358232480516,1,0,testing/notflip/0028_000000024.jpg,training/notflip/0028_000000030.jpg,notflip__0028,notflip__0028,notflip,notflip
same_sequence_cross_split,0.566551837383439,3,0,testing/notflip/0001_000000014.jpg,training/notflip/0001_000000027.jpg,notflip__0001,notflip__0001,notflip,notflip
same_sequence_cross_split,0.5655807038623252,4,4,testing/notflip/0019_000000004.jpg,training/notflip/0019_000000030.jpg,notflip__0019,notflip__0019,notflip,notflip
same_sequence_cross_split,0.5649438906741185,3,0,testing/notflip/0016_000000025.jpg,training/notflip/0016_000000015.jpg,notflip__0016,notflip__0016,notflip,notflip
same_sequence_cross_split,0.5647373476084957,3,4,testing/notflip/0031_000000010.jpg,training/notflip/0031_000000030.jpg,notflip__0031,notflip__0031,notflip,notflip
same_sequence_cross_split,0.5537105775992353,2,0,testing/notflip/0016_000000025.jpg,training/notflip/0016_000000016.jpg,notflip__0016,notflip__0016,notflip,notflip
same_sequence_cross_split,0.5507140344912788,4,0,testing/notflip/0001_000000014.jpg,training/notflip/0001_000000030.jpg,notflip__0001,notflip__0001,notflip,notflip
different_sequence_cross_split_same_label,0.5431710434028885,4,4,testing/notflip/0005_000000005.jpg,training/notflip/0006_000000004.jpg,notflip__0005,notflip__0006,notflip,notflip
different_sequence_cross_split_cross_label,0.5395422034923548,3,2,testing/flip/0036_000000007.jpg,training/notflip/0028_000000026.jpg,flip__0036,notflip__0028,flip,notflip
different_sequence_cross_split_cross_label,0.49060242197370707,3,2,testing/flip/0036_000000007.jpg,training/notflip/0028_000000021.jpg,flip__0036,notflip__0028,flip,notflip
different_sequence_cross_split_cross_label,0.48902424039874776,4,2,testing/flip/0036_000000007.jpg,training/notflip/0028_000000020.jpg,flip__0036,notflip__0028,flip,notflip
different_sequence_cross_split_cross_label,0.485872825928871,4,2,testing/flip/0036_000000007.jpg,training/notflip/0028_000000022.jpg,flip__0036,notflip__0028,flip,notflip
different_sequence_cross_split_cross_label,0.48536862223842314,4,2,testing/flip/0036_000000007.jpg,training/notflip/0028_000000025.jpg,flip__0036,notflip__0028,flip,notflip
different_sequence_cross_split_cross_label,0.47851764227717525,3,2,testing/flip/0036_000000007.jpg,training/notflip/0028_000000023.jpg,flip__0036,notflip__0028,flip,notflip
