sample_id,video_id,frame_number,environment_id,y_true,donor_id,donor_video_id,donor_environment_id,donor_palette_distance,donor_shortlist_size,naturalistic_luma_mae,naturalistic_median_chroma_displacement,naturalistic_gamut_compressed_fraction,rotation_luma_mae,rotation_gamut_compressed_fraction,p_original,p_grayscale,p_matched_rotation,p_naturalistic_v2,pred_original,pred_grayscale,pred_matched_rotation,pred_naturalistic_v2
training/flip/0001_000000025,flip/0001,25,ENV-01,1,training/flip/0051_000000015,flip/0051,ENV-04,0.06378224139511557,16,0.19754347723765395,6.575824431012751,0.08473910108024692,0.1689863360339509,0.059578510802469134,0.2451600432395935,1.0,1.0,0.9999966621398926,0,1,1,1
training/flip/0002_000000021,flip/0002,21,ENV-01,1,training/flip/0059_000000001,flip/0059,ENV-04,0.05025801588032775,16,0.177433808834876,4.628021222611884,0.07139274691358025,0.16565637673611003,0.044439621913580245,0.11410019546747208,1.0,1.0,0.9999059438705444,0,1,1,1
training/flip/0003_000000026,flip/0003,26,ENV-01,1,training/flip/0056_000000018,flip/0056,ENV-04,0.05346981290300822,16,0.17599804658564835,5.3578436261058995,0.06184606481481481,0.17334302768132698,0.04519965277777778,0.1916271299123764,1.0,1.0,0.9998028874397278,0,1,1,1
testing/flip/0006_000000025,flip/0006,25,ENV-01,1,training/notflip/0015_000000007,notflip/0015,ENV-02,0.04671442836150099,16,0.18719458699845645,3.6852528516984266,0.0572265625,0.16485516097608005,0.024174864969135804,0.985363781452179,1.0,1.0,0.44444599747657776,1,1,1,0
training/flip/0006_000000028,flip/0006,28,ENV-01,1,training/flip/0059_000000008,flip/0059,ENV-04,0.05037712741835854,16,0.1861602127700611,4.166083972823459,0.048854166666666664,0.16496740084876527,0.03209249614197531,0.2616104781627655,1.0,1.0,0.9950957894325256,0,1,1,1
training/flip/0006_000000029,flip/0006,29,ENV-01,1,training/notflip/0044_000000023,notflip/0044,ENV-04,0.04237439288496033,16,0.1828133349729938,3.8247910781361214,0.048133198302469135,0.16750054263117256,0.030562789351851853,0.05005847290158272,1.0,1.0,0.8752375841140747,0,1,1,1
testing/flip/0006_000000030,flip/0006,30,ENV-01,1,training/flip/0059_000000003,flip/0059,ENV-04,0.05274833712723281,16,0.16887261950231403,4.931868323259563,0.050823206018518516,0.16537696498842572,0.02923659336419753,0.010982559993863106,1.0,1.0,0.9588476419448853,0,1,1,1
training/flip/0007_000000030,flip/0007,30,ENV-01,1,training/flip/0056_000000014,flip/0056,ENV-04,0.06144946863780287,16,0.18211206442901193,6.1653233372788945,0.07135609567901234,0.1645802042824075,0.03636043595679012,0.27521777153015137,1.0,1.0,0.9999817609786987,0,1,1,1
testing/flip/0008_000000029,flip/0008,29,ENV-01,1,training/flip/0055_000000012,flip/0055,ENV-04,0.04987154993281537,16,0.18384941010802475,4.537365806002093,0.05810667438271605,0.16676464699074042,0.03500819830246914,0.1849420815706253,1.0,1.0,0.9999905824661255,0,1,1,1
training/flip/0009_000000028,flip/0009,28,ENV-01,1,training/notflip/0045_000000024,notflip/0045,ENV-04,0.044934490891687655,16,0.20413824218749937,4.5373658060020885,0.06127845293209876,0.16228084374999996,0.04248601466049383,0.2439381629228592,1.0,1.0,0.9991027116775513,0,1,1,1
training/flip/0010_000000027,flip/0010,27,ENV-01,1,training/notflip/0051_000000018,notflip/0051,ENV-04,0.0514608844133104,16,0.2086217147955251,4.931868323259563,0.05783516589506173,0.1667681474729934,0.04322723765432099,0.09697205573320389,1.0,1.0,0.9996167421340942,0,1,1,1
training/flip/0010_000000028,flip/0010,28,ENV-01,1,training/flip/0051_000000015,flip/0051,ENV-04,0.06067024742601931,16,0.16902831626157389,6.1653233372788945,0.06889130015432099,0.1655241157407404,0.042728587962962965,0.027461806312203407,1.0,1.0,0.9999855756759644,0,1,1,1
training/flip/0010_000000029,flip/0010,29,ENV-01,1,training/flip/0055_000000016,flip/0055,ENV-04,0.05320747982299449,16,0.1950488429783952,5.0475704829261705,0.058912037037037034,0.1647308765432097,0.040944251543209874,0.02312828041613102,1.0,1.0,0.9991668462753296,0,1,1,1
training/flip/0010_000000030,flip/0010,30,ENV-01,1,training/flip/0063_000000012,flip/0063,ENV-04,0.060489528436438234,16,0.17610683256172852,6.1653233372788945,0.06093846450617284,0.16543320524691343,0.040806809413580246,0.030879247933626175,1.0,1.0,0.9998914003372192,0,1,1,1
training/flip/0026_000000022,flip/0026,22,ENV-02,1,training/notflip/0053_000000022,notflip/0053,ENV-04,0.03632591373561519,16,0.22997817727623504,2.7626739097719866,0.015201099537037037,0.18183330864197525,0.04488618827160494,0.4699946939945221,0.9999997615814209,0.9999997615814209,0.9842979907989502,0,1,1,1
training/flip/0028_000000028,flip/0028,28,ENV-02,1,training/flip/0061_000000013,flip/0061,ENV-04,0.04489714276290201,16,0.21122277102623443,4.139536137687955,0.029032600308641975,0.17481147579089523,0.039401041666666664,0.15843833982944489,0.9999979734420776,0.9999979734420776,0.992280900478363,0,1,1,1
training/flip/0030_000000036,flip/0030,36,ENV-02,1,training/notflip/0009_000000007,notflip/0009,ENV-01,0.02646101875953413,16,0.24149030353009227,2.885619963450669,0.013247010030864198,0.17027830198688368,0.02232108410493827,0.8429628014564514,0.9999682903289795,0.9999994039535522,0.44142651557922363,1,1,1,0
training/flip/0034_000000027,flip/0034,27,ENV-03,1,training/notflip/0006_000000012,notflip/0006,ENV-01,0.04590013802314748,16,0.17405661728395072,3.824791078136116,0.005384837962962963,0.18313699266975317,0.0103930362654321,0.746768593788147,0.999591052532196,0.9999287128448486,0.2943013310432434,1,1,1,0
training/flip/0037_000000025,flip/0037,25,ENV-03,1,training/flip/0057_000000015,flip/0057,ENV-04,0.029411583830451334,16,0.1492579165702164,2.0518353442181154,0.000630787037037037,0.19749887953317796,0.03428240740740741,0.22659486532211304,0.9999006986618042,0.9999972581863403,0.9781506061553955,0,1,1,1
training/flip/0037_000000026,flip/0037,26,ENV-03,1,training/flip/0058_000000009,flip/0058,ENV-04,0.03420321634887479,16,0.19031451967592533,2.445891459757027,0.00494116512345679,0.1976301044560174,0.033317901234567904,0.25595802068710327,0.9999464750289917,0.9999978542327881,0.9885220527648926,0,1,1,1
training/flip/0037_000000027,flip/0037,27,ENV-03,1,training/flip/0011_000000022,flip/0011,ENV-02,0.041251158190148844,16,0.21664872743055635,3.717550865187972,0.0020727237654320986,0.1982407416087952,0.03246431327160494,0.21090415120124817,0.9999302625656128,0.9999978542327881,0.9287496209144592,0,1,1,1
training/flip/0038_000000049,flip/0038,49,ENV-03,1,training/flip/0058_000000011,flip/0058,ENV-04,0.032003130426001634,16,0.1560144886188252,2.1158312379366553,0.0016102430555555555,0.20152183342978156,0.03261429398148148,0.41544362902641296,0.9999899864196777,0.9999978542327881,0.9969006776809692,0,1,1,1
training/flip/0039_000000026,flip/0039,26,ENV-03,1,training/flip/0013_000000021,flip/0013,ENV-02,0.033105213031834335,16,0.2255772317708328,3.3546050074165996,0.002106963734567901,0.19223968219521484,0.031139081790123455,0.2002750039100647,0.9998418092727661,0.999972939491272,0.9230530261993408,0,1,1,1
training/flip/0039_000000027,flip/0039,27,ENV-03,1,training/flip/0011_000000024,flip/0011,ENV-02,0.042138367411384374,16,0.21761977459490686,3.354605007416605,0.0024517746913580245,0.1925412323495358,0.03177854938271605,0.05164576694369316,0.9995157718658447,0.9999210834503174,0.6550999283790588,0,1,1,1
training/flip/0039_000000028,flip/0039,28,ENV-03,1,training/flip/0058_000000012,flip/0058,ENV-04,0.031928364923944526,16,0.17168455478395034,2.06976806884398,0.0068889853395061726,0.19304837451774576,0.032355806327160494,0.04849748685956001,0.9995307922363281,0.9999345541000366,0.8800117373466492,0,1,1,1
training/flip/0040_000000029,flip/0040,29,ENV-03,1,training/flip/0011_000000015,flip/0011,ENV-02,0.0343022144164959,16,0.23823390885416762,3.7175508651879756,0.01685619212962963,0.199145592496141,0.032095871913580244,0.975456953048706,0.9999992847442627,0.9999995231628418,0.4862074851989746,1,1,1,0
training/flip/0041_000000029,flip/0041,29,ENV-03,1,training/notflip/0048_000000024,notflip/0048,ENV-04,0.03862479103068305,16,0.1835924119405861,2.88561996345067,0.022146026234567903,0.18322083198302466,0.03400752314814815,0.3922906219959259,0.9999982118606567,0.9999974966049194,0.9869529008865356,0,1,1,1
training/flip/0046_000000027,flip/0046,27,ENV-03,1,training/flip/0061_000000012,flip/0061,ENV-04,0.040470557188603186,16,0.22280515461034034,3.2879122155063754,0.01515576774691358,0.1997282532793204,0.03620659722222222,0.47045448422431946,0.9999943971633911,0.9999982118606567,0.9993434548377991,0,1,1,1
training/flip/0047_000000028,flip/0047,28,ENV-03,1,training/notflip/0008_000000011,notflip/0008,ENV-01,0.03600312269897543,16,0.3101150641396583,4.1395361376879585,0.02630883487654321,0.20481084259259036,0.03444058641975309,0.9958922863006592,1.0,1.0,0.4665584862232208,1,1,1,0
training/flip/0047_000000029,flip/0047,29,ENV-03,1,training/notflip/0007_000000005,notflip/0007,ENV-01,0.031039571299830378,16,0.1352945953896624,3.7856778621946274,0.025992959104938273,0.20469139371141762,0.03449266975308642,0.9919923543930054,1.0,1.0,0.4507852792739868,1,1,1,0
training/flip/0048_000000029,flip/0048,29,ENV-03,1,training/flip/0016_000000015,flip/0016,ENV-02,0.029375985284910703,16,0.23225536217206827,2.5498607187574165,0.0011453510802469137,0.17561271267361117,0.02978732638888889,0.027853118255734444,0.9994004964828491,0.9999775886535645,0.9517167210578918,0,1,1,1
training/flip/0048_000000030,flip/0048,30,ENV-03,1,training/notflip/0051_000000003,notflip/0051,ENV-04,0.02917540869154491,16,0.1521053496334878,2.0697680688439783,0.0007933063271604938,0.17672250241126544,0.03131944444444444,0.005568887107074261,0.9973957538604736,0.9999117851257324,0.34992319345474243,0,1,1,0
training/flip/0050_000000028,flip/0050,28,ENV-04,1,training/flip/0030_000000004,flip/0030,ENV-02,0.025319829994364832,16,0.18159076244212985,1.9545980263453941,0.005075231481481482,0.16126421296296267,0.04197964891975309,0.8871387839317322,1.0,1.0,0.34477996826171875,1,1,1,0
training/flip/0050_000000029,flip/0050,29,ENV-04,1,training/flip/0021_000000025,flip/0021,ENV-02,0.04277747899462418,16,0.19862862625385844,3.077753016327159,0.005909529320987654,0.16442434818672816,0.03992042824074074,0.21542158722877502,1.0,1.0,0.003573979949578643,0,1,1,0
training/flip/0050_000000030,flip/0050,30,ENV-04,1,training/notflip/0015_000000011,notflip/0015,ENV-02,0.052829735981968134,16,0.17263526302083312,3.2691253833153757,0.007307581018518519,0.16409652826003063,0.04409529320987654,0.05189485475420952,1.0,0.9999998807907104,0.0006298738298937678,0,1,1,0
training/flip/0051_000000025,flip/0051,25,ENV-04,1,training/notflip/0015_000000006,notflip/0015,ENV-02,0.05427133392380883,16,0.1842470668402778,3.0777530163271596,0.006057098765432099,0.1562581807484566,0.043042052469135804,0.9684431552886963,1.0,1.0,0.23730579018592834,1,1,1,0
training/flip/0051_000000026,flip/0051,26,ENV-04,1,training/flip/0016_000000017,flip/0016,ENV-02,0.0389839203979964,16,0.17400280979938226,3.077753016327144,0.0043383487654320985,0.151661774016204,0.04245129243827161,0.44369885325431824,0.9999998807907104,0.9999996423721313,0.10146208852529526,0,1,1,0
training/flip/0051_000000027,flip/0051,27,ENV-04,1,training/flip/0021_000000021,flip/0021,ENV-02,0.0352031407149475,16,0.14878353964120372,2.564794180272623,0.004021508487654321,0.14638964072145097,0.0396141975308642,0.025602510198950768,0.9999988079071045,0.9999969005584717,0.002742207609117031,0,1,1,0
training/flip/0052_000000027,flip/0052,27,ENV-04,1,training/flip/0016_000000023,flip/0016,ENV-02,0.05341011912114969,16,0.1722748361304015,4.103670688436203,0.007404031635802469,0.1551684058641976,0.04371238425925926,0.8591240048408508,1.0,0.9999998807907104,0.36331579089164734,1,1,1,0
training/flip/0052_000000028,flip/0052,28,ENV-04,1,training/flip/0016_000000020,flip/0016,ENV-02,0.04870786690657625,16,0.16989910551697587,3.8247910781361223,0.008803530092592592,0.14809831471836507,0.0425757137345679,0.1628100723028183,0.9999997615814209,0.9999994039535522,0.026394829154014587,0,1,1,0
training/flip/0052_000000029,flip/0052,29,ENV-04,1,training/flip/0011_000000020,flip/0011,ENV-02,0.03997369534869687,16,0.15085063146219205,3.031628108449791,0.012426697530864197,0.14306825597993933,0.041735146604938274,0.016144070774316788,0.9999991655349731,0.9999974966049194,0.002021882915869355,0,1,1,0
training/flip/0053_000000028,flip/0053,28,ENV-04,1,training/notflip/0015_000000023,notflip/0015,ENV-02,0.03505315226430529,16,0.15062337316743837,2.4458914597570267,0.005280671296296296,0.16861070833333364,0.04482783564814815,0.017948484048247337,0.9999986886978149,0.9999985694885254,0.009158170782029629,0,1,1,0
training/flip/0053_000000029,flip/0053,29,ENV-04,1,training/notflip/0006_000000002,notflip/0006,ENV-01,0.02637924552290455,16,0.19978028694058564,2.4659341616297814,0.029615162037037037,0.16785884239969182,0.04420524691358025,0.008061830885708332,0.9999963045120239,0.9999971389770508,0.029878100380301476,0,1,1,0
training/flip/0053_000000030,flip/0053,30,ENV-04,1,training/flip/0002_000000010,flip/0002,ENV-01,0.028962371028420614,16,0.2555376251929018,3.3282093938138844,0.08945023148148148,0.16730112876157466,0.04291039737654321,0.0012122131884098053,0.9999940395355225,0.9999971389770508,0.7698341608047485,0,1,1,1
training/flip/0054_000000025,flip/0054,25,ENV-04,1,training/notflip/0015_000000007,notflip/0015,ENV-02,0.057580912192154304,16,0.18562755864197508,3.2691253833153757,0.01714940200617284,0.15372391820987666,0.04718074845679012,0.9955105781555176,1.0,1.0,0.45448037981987,1,1,1,0
training/flip/0054_000000026,flip/0054,26,ENV-04,1,training/notflip/0015_000000011,notflip/0015,ENV-02,0.055631305177199455,16,0.18234307629243826,3.269125383315373,0.01697434413580247,0.15411985580632703,0.04612943672839506,0.9846375584602356,1.0,1.0,0.23852699995040894,1,1,1,0
training/flip/0054_000000028,flip/0054,28,ENV-04,1,training/notflip/0006_000000003,notflip/0006,ENV-01,0.03690083238780078,16,0.22376317129629694,3.0316281084497905,0.08126350308641975,0.14717964371141984,0.043897569444444444,0.37327587604522705,0.9999998807907104,0.9999997615814209,0.025630716234445572,0,1,1,0
training/flip/0054_000000029,flip/0054,29,ENV-04,1,training/flip/0016_000000019,flip/0016,ENV-02,0.052841764070810954,16,0.17957599942129587,4.1036706884362175,0.04884307484567901,0.1447751541280868,0.043585069444444444,0.02360166236758232,0.9999992847442627,0.9999986886978149,0.000727313628885895,0,1,1,0
training/flip/0055_000000029,flip/0055,29,ENV-04,1,training/notflip/0015_000000013,notflip/0015,ENV-02,0.04760218738123611,16,0.17189400945216018,3.077753016327159,0.005875289351851852,0.16290973148148155,0.04492621527777778,0.11222371459007263,1.0,0.9999998807907104,0.008393337950110435,0,1,1,0
training/flip/0055_000000030,flip/0055,30,ENV-04,1,training/flip/0016_000000024,flip/0016,ENV-02,0.04616355161624381,16,0.16395159374999957,3.4140519418398023,0.00537181712962963,0.16306980237268526,0.04497878086419753,0.11546991020441055,1.0,0.9999998807907104,0.027116918936371803,0,1,1,0
training/flip/0056_000000029,flip/0056,29,ENV-04,1,training/notflip/0015_000000011,notflip/0015,ENV-02,0.052547579977989395,16,0.1799142701581791,3.0777530163271596,0.011147762345679012,0.1521918387345681,0.04706452546296296,0.9318141937255859,1.0,1.0,0.2446916699409485,1,1,1,0
testing/flip/0056_000000030,flip/0056,30,ENV-04,1,training/flip/0011_000000013,flip/0011,ENV-02,0.022644843562064837,16,0.2501675364583328,1.6439561077531881,0.004579957561728395,0.15356955468750033,0.046356095679012346,0.3894999623298645,0.9999998807907104,0.9999997615814209,0.1561795026063919,0,1,1,0
testing/flip/0057_000000030,flip/0057,30,ENV-04,1,training/notflip/0005_000000004,notflip/0005,ENV-01,0.02748705826387276,16,0.16906824816743865,1.6439561077531883,0.00708960262345679,0.16206143865740721,0.037599344135802466,0.01449113991111517,0.9999998807907104,0.9999997615814209,0.00450601801276207,0,1,1,0
training/flip/0058_000000029,flip/0058,29,ENV-04,1,training/flip/0016_000000022,flip/0016,ENV-02,0.04300564249774226,16,0.1819366675347219,3.077753016327159,0.01005545910493827,0.15917448042052448,0.04281876929012346,0.31893137097358704,1.0,1.0,0.21176232397556305,0,1,1,0
training/flip/0059_000000027,flip/0059,27,ENV-04,1,training/notflip/0015_000000013,notflip/0015,ENV-02,0.04806899733147603,16,0.1895990311535492,2.9600929713133453,0.008128858024691358,0.15582725482253093,0.04024064429012346,0.9683007001876831,1.0,1.0,0.24760094285011292,1,1,1,0
testing/flip/0059_000000028,flip/0059,28,ENV-04,1,training/notflip/0015_000000012,notflip/0015,ENV-02,0.047709609066483596,16,0.16086370148533963,2.9600929713133284,0.009496527777777777,0.1556811796875001,0.040321662808641974,0.6591323018074036,1.0,1.0,0.03094031661748886,1,1,1,0
training/flip/0059_000000029,flip/0059,29,ENV-04,1,training/notflip/0024_000000013,notflip/0024,ENV-02,0.030717080927191442,16,0.2075454756944455,2.8989612372627955,0.030647183641975308,0.1542137592592602,0.039235628858024695,0.02920231595635414,1.0,1.0,0.950375497341156,0,1,1,1
training/flip/0059_000000030,flip/0059,30,ENV-04,1,training/flip/0016_000000020,flip/0016,ENV-02,0.0424374112223719,16,0.14880417689043188,3.077753016327145,0.010110918209876543,0.15145096286651338,0.04156635802469136,0.0106260497123003,1.0,1.0,0.0031325076706707478,0,1,1,0
training/flip/0060_000000046,flip/0060,46,ENV-04,1,training/flip/0016_000000021,flip/0016,ENV-02,0.05538620383086691,16,0.21364115991512278,4.796784642026368,0.08600115740740741,0.1559083768325623,0.035989101080246916,0.984413206577301,0.9999997615814209,0.9999997615814209,0.45495396852493286,1,1,1,0
training/flip/0060_000000047,flip/0060,47,ENV-04,1,training/flip/0017_000000016,flip/0017,ENV-02,0.04046170306991236,16,0.2022581587577158,2.5647941802726515,0.053070987654320986,0.15556832677469196,0.037433449074074074,0.99212646484375,0.9999996423721313,0.9999997615814209,0.45464107394218445,1,1,1,0
training/flip/0060_000000048,flip/0060,48,ENV-04,1,training/notflip/0008_000000003,notflip/0008,ENV-01,0.031869962338004196,16,0.23554151224922856,2.885619963450672,0.10021990740740741,0.1550659191743828,0.039660011574074075,0.9677942991256714,0.9999992847442627,0.9999994039535522,0.26998716592788696,1,1,1,0
training/flip/0060_000000049,flip/0060,49,ENV-04,1,training/notflip/0008_000000010,notflip/0008,ENV-01,0.028608822541628078,16,0.22528782310956777,2.5498607187574165,0.08536747685185185,0.15577906095679006,0.041552854938271606,0.9107999801635742,0.999998927116394,0.9999984502792358,0.24765236675739288,1,1,1,0
training/flip/0060_000000050,flip/0060,50,ENV-04,1,training/flip/0011_000000019,flip/0011,ENV-02,0.034485342632317215,16,0.11860929388503083,3.031628108449791,0.05200086805555556,0.15429766637731473,0.04386284722222222,0.8901665210723877,0.9999997615814209,0.9999997615814209,0.15717442333698273,1,1,1,0
training/flip/0060_000000051,flip/0060,51,ENV-04,1,training/flip/0015_000000017,flip/0015,ENV-02,0.027049760601568155,16,0.15490189072145058,2.2591606907445825,0.006961323302469136,0.1506346431327157,0.04718894675925926,0.6099451184272766,0.9999997615814209,0.9999998807907104,0.4031396210193634,1,1,1,0
testing/flip/0060_000000052,flip/0060,52,ENV-04,1,training/flip/0022_000000017,flip/0022,ENV-02,0.028033024064733902,16,0.14587370823688248,2.564794180272623,0.014464699074074074,0.15114145910493812,0.047787422839506176,0.2587580680847168,0.9999997615814209,0.9999998807907104,0.05120469629764557,0,1,1,0
testing/flip/0060_000000053,flip/0060,53,ENV-04,1,training/flip/0015_000000022,flip/0015,ENV-02,0.038894680540488655,16,0.13733876437114176,3.269125383315365,0.03601755401234568,0.1517091244212958,0.04969135802469136,0.12293688207864761,0.9999997615814209,0.9999998807907104,0.04668272286653519,0,1,1,0
training/flip/0060_000000054,flip/0060,54,ENV-04,1,training/flip/0021_000000023,flip/0021,ENV-02,0.030729651558164685,16,0.16130259037422814,2.4552342361207744,0.0338233024691358,0.15158238840663543,0.04984230324074074,0.00036869558971375227,0.9999899864196777,0.999998927116394,8.282980707008392e-05,0,1,1,0
testing/flip/0060_000000055,flip/0060,55,ENV-04,1,training/flip/0029_000000008,flip/0029,ENV-02,0.029163359053837896,16,0.12273715895061699,2.0697680688439806,0.004539448302469135,0.14835167226080215,0.05067611882716049,8.950906340032816e-05,0.9999653100967407,0.9999969005584717,0.0036411951296031475,0,1,1,0
testing/flip/0061_000000027,flip/0061,27,ENV-04,1,training/notflip/0015_000000012,notflip/0015,ENV-02,0.05267660033159752,16,0.17956455748456787,2.5647941802726515,0.0071937692901234565,0.1567285476466051,0.045792824074074076,0.814800500869751,1.0,1.0,0.06425213068723679,1,1,1,0
training/flip/0061_000000028,flip/0061,28,ENV-04,1,training/flip/0015_000000020,flip/0015,ENV-02,0.03987091844859826,16,0.2039735858410491,2.762673909771976,0.005865162037037037,0.15624427854938325,0.04478732638888889,0.3352724611759186,1.0,1.0,0.08158259838819504,0,1,1,0
testing/flip/0061_000000029,flip/0061,29,ENV-04,1,training/flip/0016_000000023,flip/0016,ENV-02,0.054972906455201476,16,0.16146933063271587,4.286673378852129,0.02976610725308642,0.1530851126543216,0.04404465663580247,0.0614633746445179,0.9999998807907104,0.9999997615814209,0.005142549984157085,0,1,1,0
training/flip/0061_000000030,flip/0061,30,ENV-04,1,training/notflip/0015_000000007,notflip/0015,ENV-02,0.05770571132391321,16,0.21443017920524682,3.976035901866963,0.010534336419753087,0.15193595707947583,0.044237075617283954,0.011823606677353382,0.9999997615814209,0.9999994039535522,0.0002453219785820693,0,1,1,0
training/flip/0062_000000025,flip/0062,25,ENV-04,1,training/notflip/0015_000000012,notflip/0015,ENV-02,0.04846365058674784,16,0.1811360812114196,3.077753016327145,0.00582127700617284,0.15924528703703805,0.04225790895061728,0.8725778460502625,1.0,1.0,0.11041535437107086,1,1,1,0
training/flip/0062_000000026,flip/0062,26,ENV-04,1,training/notflip/0015_000000007,notflip/0015,ENV-02,0.0503988109488353,16,0.20387312635030833,2.9600929713133453,0.0057392939814814815,0.15954451244213072,0.0408227237654321,0.2804562747478485,1.0,1.0,0.013805696740746498,0,1,1,0
training/flip/0062_000000027,flip/0062,27,ENV-04,1,training/notflip/0015_000000017,notflip/0015,ENV-02,0.04672557077184773,16,0.1856760438850305,2.4552342361207753,0.00543016975308642,0.15709448958333427,0.03945698302469136,0.0068374862894415855,0.9999998807907104,0.9999997615814209,0.0009658719063736498,0,1,1,0
training/flip/0062_000000028,flip/0062,28,ENV-04,1,training/flip/0009_000000009,flip/0009,ENV-01,0.028491377134193148,16,0.2814909469521607,3.4743757105074256,0.09630449459876543,0.15468391666666778,0.038187210648148145,0.0003302610421087593,0.999998927116394,0.9999977350234985,0.7859095931053162,0,1,1,1
training/flip/0062_000000029,flip/0062,29,ENV-04,1,training/flip/0012_000000023,flip/0012,ENV-02,0.03371831551271754,16,0.17183173042052569,2.8989612372627955,0.006393229166666667,0.15142048157793273,0.03745804398148148,5.389614307205193e-05,0.9999927282333374,0.9999881982803345,5.2427061746129766e-05,0,1,1,0
training/flip/0062_000000030,flip/0062,30,ENV-04,1,training/flip/0010_000000010,flip/0010,ENV-01,0.02602362693783528,16,0.22691101543209868,3.3282093938138773,0.08493682484567901,0.15045906684027816,0.03739824459876543,2.550212957430631e-05,0.9999750852584839,0.9999847412109375,0.077956423163414,0,1,1,0
testing/flip/0063_000000023,flip/0063,23,ENV-04,1,training/notflip/0015_000000014,notflip/0015,ENV-02,0.05605326798927987,16,0.17818811979166654,3.2691253833153757,0.011630979938271604,0.149520495756173,0.0430372299382716,0.4173268973827362,1.0,0.9999997615814209,0.011324879713356495,0,1,1,0
training/flip/0064_000000029,flip/0064,29,ENV-04,1,training/notflip/0015_000000001,notflip/0015,ENV-02,0.050968386939360344,16,0.20396655690586454,2.9600929713133284,0.006903935185185185,0.15861874855324126,0.04707079475308642,0.24705365300178528,1.0,0.9999998807907104,0.01651705801486969,0,1,1,0
testing/flip/0065_000000025,flip/0065,25,ENV-04,1,training/notflip/0015_000000016,notflip/0015,ENV-02,0.04953407816593378,16,0.17859779436728376,2.5647941802726373,0.00636670524691358,0.15686276446759295,0.04189139660493827,0.8001660704612732,1.0,1.0,0.08760100603103638,1,1,1,0
testing/flip/0065_000000026,flip/0065,26,ENV-04,1,training/flip/0011_000000017,flip/0011,ENV-02,0.02705377288471119,16,0.2328005280671295,2.0518353442181008,0.004330632716049383,0.15695695775463012,0.04263647762345679,0.7782536149024963,1.0,1.0,0.41158726811408997,1,1,1,0
training/flip/0065_000000027,flip/0065,27,ENV-04,1,training/flip/0016_000000022,flip/0016,ENV-02,0.04515727088520541,16,0.15506680555555538,3.2691253833153757,0.00654224537037037,0.15294337760416707,0.040987172067901236,0.09066382050514221,1.0,1.0,0.020291205495595932,0,1,1,0
training/flip/0065_000000028,flip/0065,28,ENV-04,1,training/flip/0015_000000020,flip/0015,ENV-02,0.03267179357257888,16,0.22067758159722226,2.0697680688439806,0.004038869598765432,0.15543254822530925,0.03992042824074074,0.004721670877188444,0.9999998807907104,0.9999998807907104,0.00403194734826684,0,1,1,0
training/flip/0065_000000029,flip/0065,29,ENV-04,1,training/notflip/0024_000000013,notflip/0024,ENV-02,0.03048737078120165,16,0.2131897036072527,2.54986071875741,0.01789496527777778,0.1537894448302474,0.03652922453703704,2.3780501578585245e-05,0.9999955892562866,0.9999984502792358,0.006321615073829889,0,1,1,0
training/notflip/0001_000000025,notflip/0001,25,ENV-01,0,training/notflip/0015_000000022,notflip/0015,ENV-02,0.047058876177675166,16,0.21602468007330208,3.976035901866963,0.005967399691358025,0.17179666309799382,0.031549479166666665,0.004942263010889292,0.9999485015869141,0.9991095662117004,6.0505655710585415e-05,0,1,1,0
training/notflip/0001_000000026,notflip/0001,26,ENV-01,0,training/flip/0017_000000018,flip/0017,ENV-02,0.04281973128956103,16,0.20473312114197495,3.902726702022037,0.00777440200617284,0.17182098726851852,0.0315745563271605,0.00512359756976366,0.9999438524246216,0.9991546869277954,8.262974006356671e-05,0,1,1,0
training/notflip/0001_000000027,notflip/0001,27,ENV-01,0,training/flip/0022_000000016,flip/0022,ENV-02,0.03542036775490873,16,0.18156806876928921,3.0777530163271445,0.01412229938271605,0.17144385300925932,0.03167679398148148,0.012060658074915409,0.9999464750289917,0.999478280544281,0.0004276548570487648,0,1,1,0
training/notflip/0001_000000028,notflip/0001,28,ENV-01,0,training/flip/0016_000000017,flip/0016,ENV-02,0.03983294727017264,16,0.20293583333333298,3.777333443967014,0.007200520833333333,0.17120551610725315,0.032376060956790124,0.017601074650883675,0.9999649524688721,0.9996243715286255,0.0011752190766856074,0,1,1,0
training/notflip/0001_000000029,notflip/0001,29,ENV-01,0,training/flip/0011_000000021,flip/0011,ENV-02,0.044923034353821834,16,0.20467663069058598,3.976035901866979,0.029996141975308643,0.1710342730516976,0.03252363040123457,0.01843518204987049,0.9999746084213257,0.99973064661026,0.00025174469919875264,0,1,1,0
training/notflip/0001_000000030,notflip/0001,30,ENV-01,0,training/flip/0016_000000019,flip/0016,ENV-02,0.04916910060475714,16,0.148691808545525,4.616629524490723,0.0104711612654321,0.1709481385030865,0.03245418595679012,0.01542604248970747,0.999972939491272,0.9997267127037048,0.000256744388025254,0,1,1,0
training/notflip/0002_000000025,notflip/0002,25,ENV-01,0,training/flip/0015_000000018,flip/0015,ENV-02,0.040637106982668716,16,0.20424744830246958,3.5222154712334737,0.03941984953703704,0.1677140512152773,0.018582175925925926,0.001805705251172185,0.999998927116394,0.9999914169311523,2.9582472052425146e-05,0,1,1,0
testing/notflip/0002_000000026,notflip/0002,26,ENV-01,0,training/flip/0013_000000016,flip/0013,ENV-02,0.034217558463808716,16,0.1721781601080244,3.031628108449791,0.0385083912037037,0.16739758719135747,0.01884741512345679,0.0022320481948554516,0.9999991655349731,0.9999924898147583,2.3693781258771196e-05,0,1,1,0
testing/notflip/0002_000000027,notflip/0002,27,ENV-01,0,training/flip/0016_000000010,flip/0016,ENV-02,0.03300278020398801,16,0.19571496961805585,3.03162810844979,0.018423514660493828,0.16758688802083277,0.01864872685185185,0.0024617817252874374,0.9999992847442627,0.9999927282333374,0.0001150112075265497,0,1,1,0
testing/notflip/0002_000000028,notflip/0002,28,ENV-01,0,training/flip/0030_000000016,flip/0030,ENV-02,0.03184950540565951,16,0.17057832841435175,2.898961237262796,0.03827208719135802,0.16791854031635747,0.018421103395061728,0.0033149109221994877,0.9999991655349731,0.9999924898147583,1.8223283404950052e-05,0,1,1,0
training/notflip/0002_000000029,notflip/0002,29,ENV-01,0,training/flip/0011_000000024,flip/0011,ENV-02,0.05029199223100475,16,0.2170946385030866,4.018393733648175,0.06389949845679012,0.16773071450617233,0.018451967592592593,0.004570643417537212,0.9999992847442627,0.9999945163726807,2.536281681386754e-05,0,1,1,0
training/notflip/0002_000000030,notflip/0002,30,ENV-01,0,training/flip/0030_000000021,flip/0030,ENV-02,0.03215536126041971,16,0.16469918798225253,2.9932002844582963,0.06334828317901235,0.16675229938271532,0.018323206018518518,0.015574192628264427,0.9999996423721313,0.9999967813491821,5.6279826821992174e-05,0,1,1,0
testing/notflip/0003_000000025,notflip/0003,25,ENV-01,0,training/flip/0016_000000011,flip/0016,ENV-02,0.03545323054178544,16,0.20397641878858094,3.269125383315365,0.012867476851851852,0.1690737261766977,0.02118971836419753,0.01648598723113537,0.9999995231628418,0.9999958276748657,0.0005229815142229199,0,1,1,0
training/notflip/0003_000000026,notflip/0003,26,ENV-01,0,training/flip/0030_000000015,flip/0030,ENV-02,0.033138107167388964,16,0.21612765972222156,2.8856199634506696,0.04161265432098765,0.16870977797067918,0.021372974537037036,0.015882687643170357,0.9999995231628418,0.9999953508377075,5.1272756536491215e-05,0,1,1,0
training/notflip/0003_000000027,notflip/0003,27,ENV-01,0,training/notflip/0015_000000020,notflip/0015,ENV-02,0.056165012815949635,16,0.1939871215277783,4.4240036551085415,0.04294849537037037,0.16817632224151252,0.021312210648148148,0.01341221947222948,0.9999995231628418,0.999995231628418,1.2953404620930087e-05,0,1,1,0
training/notflip/0003_000000028,notflip/0003,28,ENV-01,0,training/flip/0011_000000022,flip/0011,ENV-02,0.05086346837008522,16,0.1961384841820989,4.796784642026367,0.05980806327160494,0.17030348051697547,0.02112991898148148,0.04659746587276459,0.9999998807907104,0.9999985694885254,9.53366034082137e-05,0,1,1,0
training/notflip/0003_000000029,notflip/0003,29,ENV-01,0,training/flip/0030_000000017,flip/0030,ENV-02,0.03102386583734702,16,0.18428910908564763,2.564794180272623,0.03817563657407407,0.17078764351851866,0.021474729938271604,0.09936606138944626,0.9999998807907104,0.9999985694885254,0.00031864960328675807,0,1,1,0
testing/notflip/0003_000000030,notflip/0003,30,ENV-01,0,training/flip/0030_000000018,flip/0030,ENV-02,0.03086669727688982,16,0.1854278775077155,2.564794180272624,0.03930893132716049,0.17140718508873462,0.02150077160493827,0.07704534381628036,0.9999998807907104,0.9999988079071045,0.00021782379189971834,0,1,1,0
testing/notflip/0004_000000029,notflip/0004,29,ENV-01,0,training/flip/0016_000000023,flip/0016,ENV-02,0.056022750282841004,16,0.18122566232638856,4.304756945748235,0.059469039351851855,0.1654182881944444,0.021591917438271605,0.002959655364975333,0.999984860420227,0.9997643828392029,2.1184321667533368e-05,0,1,1,0
training/notflip/0004_000000030,notflip/0004,30,ENV-01,0,training/flip/0018_000000015,flip/0018,ENV-02,0.024616896384338366,16,0.17459974469521636,2.0518353442181017,0.016480516975308643,0.16533275713734563,0.021572145061728394,0.0057020182721316814,0.9999908208847046,0.9998824596405029,0.00011592222290346399,0,1,1,0
training/notflip/0004_000000031,notflip/0004,31,ENV-01,0,training/notflip/0015_000000022,notflip/0015,ENV-02,0.04622218662019981,16,0.20774139573688263,3.4717730127946442,0.03724778163580247,0.16564793759645047,0.021607831790123457,0.005824055522680283,0.9999904632568359,0.9998675584793091,1.5044448446133174e-05,0,1,1,0
training/notflip/0004_000000032,notflip/0004,32,ENV-01,0,training/flip/0030_000000004,flip/0030,ENV-02,0.027959148154911295,16,0.2016238849344141,2.5498607187574165,0.038158275462962965,0.16526437625385781,0.022546778549382716,0.00438720965757966,0.9999908208847046,0.9998692274093628,1.8851978893508203e-05,0,1,1,0
training/notflip/0004_000000033,notflip/0004,33,ENV-01,0,training/flip/0016_000000016,flip/0016,ENV-02,0.040627896584617795,16,0.1694348549382713,3.522215471233474,0.039299286265432096,0.1650278586033949,0.022375578703703703,0.0049505759961903095,0.9999909400939941,0.9998745918273926,0.00012094774865545332,0,1,1,0
training/notflip/0004_000000034,notflip/0004,34,ENV-01,0,training/flip/0015_000000024,flip/0015,ENV-02,0.04952258253322388,16,0.17014353057484563,3.824791078136122,0.059403935185185185,0.16508396653163557,0.02263792438271605,0.004003343638032675,0.9999896287918091,0.9998674392700195,3.9390262827510014e-05,0,1,1,0
training/notflip/0004_000000035,notflip/0004,35,ENV-01,0,training/flip/0056_000000017,flip/0056,ENV-04,0.027279681012345496,16,0.20675138831018586,2.5498607187574103,0.004885223765432099,0.16497952073688238,0.0219188850308642,0.005813713651150465,0.9999929666519165,0.9998906850814819,0.4519122242927551,0,1,1,0
training/notflip/0005_000000025,notflip/0005,25,ENV-01,0,training/flip/0012_000000024,flip/0012,ENV-02,0.03409729706099704,16,0.16859223823302436,3.3546050074165996,0.04456452546296296,0.16050716367669704,0.024209587191358024,0.0012974030105397105,0.9999983310699463,0.9999939203262329,9.196643804898486e-05,0,1,1,0
training/notflip/0005_000000026,notflip/0005,26,ENV-01,0,training/notflip/0015_000000007,notflip/0015,ENV-02,0.05339545079054449,16,0.19190817071759242,3.976035901866963,0.05980324074074074,0.16194650935570937,0.02377121913580247,0.001709708129055798,0.9999986886978149,0.9999945163726807,1.2041645277349744e-05,0,1,1,0
training/notflip/0005_000000027,notflip/0005,27,ENV-01,0,training/flip/0058_000000017,flip/0058,ENV-04,0.030390540015581904,16,0.17869544753086433,1.761107735616733,0.005198206018518519,0.16304102584876484,0.02404272762345679,0.0016969498246908188,0.9999983310699463,0.9999939203262329,0.3736317455768585,0,1,1,0
training/notflip/0005_000000028,notflip/0005,28,ENV-01,0,training/flip/0011_000000022,flip/0011,ENV-02,0.042266700787568515,16,0.1523849369212963,3.5222154712334817,0.0632884837962963,0.16342338898533892,0.024242380401234567,0.00157039740588516,0.9999984502792358,0.9999938011169434,4.7065939725143835e-05,0,1,1,0
training/notflip/0005_000000029,notflip/0005,29,ENV-01,0,training/flip/0022_000000015,flip/0022,ENV-02,0.031409052315005494,16,0.16381755401234488,3.03162810844979,0.0421923225308642,0.1638003878279315,0.024456983024691358,0.0010735568357631564,0.9999983310699463,0.9999929666519165,4.752856693812646e-05,0,1,1,0
training/notflip/0005_000000030,notflip/0005,30,ENV-01,0,training/notflip/0015_000000008,notflip/0015,ENV-02,0.05345068987672758,16,0.2007176781442902,3.9760359018669957,0.06254340277777778,0.16648131876928948,0.024871238425925927,0.001613202621228993,0.9999984502792358,0.9999940395355225,1.2326154319453053e-05,0,1,1,0
testing/notflip/0006_000000025,notflip/0006,25,ENV-01,0,training/notflip/0015_000000006,notflip/0015,ENV-02,0.04345098859234117,16,0.20617522868441365,2.960092971313345,0.01775077160493827,0.15990917139274693,0.03335648148148148,3.215582182747312e-05,0.9998512268066406,0.9999920129776001,2.2469346276920987e-06,0,1,1,0
training/notflip/0006_000000026,notflip/0006,26,ENV-01,0,training/flip/0060_000000012,flip/0060,ENV-04,0.03636744254249207,16,0.20950116657021609,2.5498607187574103,0.006567804783950617,0.15988792824074075,0.033273051697530864,3.149602343910374e-05,0.9998518228530884,0.9999921321868896,0.002256460953503847,0,1,1,0
testing/notflip/0006_000000027,notflip/0006,27,ENV-01,0,training/flip/0058_000000018,flip/0058,ENV-04,0.03773832606262565,16,0.1730841969521604,2.465934161629782,0.006244695216049383,0.15968767910879633,0.03231819058641975,2.8099741030018777e-05,0.9998301267623901,0.9999902248382568,0.0026719728484749794,0,1,1,0
testing/notflip/0006_000000028,notflip/0006,28,ENV-01,0,training/notflip/0051_000000006,notflip/0051,ENV-04,0.036008671814627816,16,0.17027608420138912,2.0697680688439806,0.0061940586419753085,0.15983151929012349,0.03088252314814815,9.718804903968703e-06,0.9997904896736145,0.9999899864196777,0.00040407065534964204,0,1,1,0
testing/notflip/0006_000000029,notflip/0006,29,ENV-01,0,training/flip/0061_000000014,flip/0061,ENV-04,0.03963199719842393,16,0.2125711624228398,3.354605007416595,0.03001687885802469,0.159799106867284,0.030829475308641975,9.66234892985085e-06,0.9997947812080383,0.9999901056289673,0.003531448543071747,0,1,1,0
training/notflip/0006_000000030,notflip/0006,30,ENV-01,0,training/flip/0060_000000005,flip/0060,ENV-04,0.03343141724708626,16,0.18221607658179026,1.7611077356167497,0.00617235725308642,0.1600118134645062,0.031025752314814813,1.3474464140017517e-05,0.9998433589935303,0.9999885559082031,0.0004101025406271219,0,1,1,0
testing/notflip/0007_000000025,notflip/0007,25,ENV-01,0,training/flip/0056_000000014,flip/0056,ENV-04,0.037235014549346676,16,0.1961769514853399,2.8856199634506696,0.008498746141975308,0.16316702835648123,0.026070601851851852,0.0014348904369398952,0.9999977350234985,0.9999995231628418,0.34804511070251465,0,1,1,0
training/notflip/0007_000000026,notflip/0007,26,ENV-01,0,training/flip/0059_000000002,flip/0059,ENV-04,0.03635621989561825,16,0.20872295138888872,2.5498607187574116,0.00838059413580247,0.16273403780864168,0.02623119212962963,0.0025388277135789394,0.9999973773956299,0.9999994039535522,0.389726459980011,0,1,1,0
training/notflip/0007_000000027,notflip/0007,27,ENV-01,0,training/flip/0059_000000007,flip/0059,ENV-04,0.036503937125835086,16,0.2154160364583332,2.549860718757416,0.03305073302469136,0.16257794531249972,0.02623022762345679,0.00698440195992589,0.9999990463256836,0.9999997615814209,0.7301410436630249,0,1,1,1
training/notflip/0007_000000028,notflip/0007,28,ENV-01,0,training/notflip/0015_000000006,notflip/0015,ENV-02,0.04981731505237612,16,0.1967760634645061,3.434141240019638,0.04050250771604938,0.16299297212577135,0.026434220679012344,0.009421463124454021,0.9999991655349731,0.9999998807907104,0.00011449582234490663,0,1,1,0
training/notflip/0007_000000029,notflip/0007,29,ENV-01,0,training/flip/0058_000000015,flip/0058,ENV-04,0.03603566808472469,16,0.18973694357638884,2.5237852414630866,0.009129050925925926,0.16335053260030846,0.026087962962962962,0.007010587025433779,0.9999990463256836,0.9999997615814209,0.6740821599960327,0,1,1,1
training/notflip/0007_000000030,notflip/0007,30,ENV-01,0,training/flip/0059_000000006,flip/0059,ENV-04,0.036872144706959854,16,0.2161041577932099,2.5498607187574134,0.033115354938271606,0.16323469579475292,0.02625337577160494,0.006421804428100586,0.9999990463256836,0.9999998807907104,0.6469057202339172,0,1,1,1
training/notflip/0008_000000025,notflip/0008,25,ENV-01,0,training/flip/0054_000000012,flip/0054,ENV-04,0.03526119408880564,16,0.20688366348379614,3.3546050074165996,0.026568769290123456,0.16660060831404314,0.019019097222222222,0.0025739953853189945,0.9999991655349731,0.9999903440475464,0.964445948600769,0,1,1,1
training/notflip/0008_000000026,notflip/0008,26,ENV-01,0,training/flip/0061_000000014,flip/0061,ENV-04,0.031187864459240794,16,0.20720871547067907,3.03162810844979,0.026372492283950617,0.1666980768711419,0.01881172839506173,0.0034212078899145126,0.9999990463256836,0.9999898672103882,0.8836332559585571,0,1,1,1
training/notflip/0008_000000027,notflip/0008,27,ENV-01,0,training/notflip/0015_000000016,notflip/0015,ENV-02,0.049781348895574,16,0.24336523225308604,3.7856778621946274,0.057278645833333336,0.16665071682098748,0.0185961612654321,0.0042959945276379585,0.9999991655349731,0.9999911785125732,5.447429430205375e-06,0,1,1,0
training/notflip/0008_000000028,notflip/0008,28,ENV-01,0,training/flip/0063_000000012,flip/0063,ENV-04,0.03327281014761847,16,0.20688288271604938,2.898961237262799,0.006246141975308642,0.16721738618827126,0.018615451388888888,0.0031922978814691305,0.9999991655349731,0.9999897480010986,0.9428098201751709,0,1,1,1
training/notflip/0008_000000029,notflip/0008,29,ENV-01,0,training/notflip/0015_000000017,notflip/0015,ENV-02,0.049779922208687724,16,0.23327976109182066,3.824791078136122,0.05608844521604938,0.16779177594521583,0.018542148919753088,0.005176217295229435,0.9999992847442627,0.9999902248382568,4.385234205983579e-06,0,1,1,0
training/notflip/0008_000000030,notflip/0008,30,ENV-01,0,training/flip/0021_000000023,flip/0021,ENV-02,0.03673715947730225,16,0.18782692361111097,3.3546050074165996,0.05641010802469136,0.16784844270833313,0.01857445987654321,0.0064909993670880795,0.9999991655349731,0.9999898672103882,1.665065974520985e-05,0,1,1,0
training/notflip/0009_000000025,notflip/0009,25,ENV-01,0,training/flip/0022_000000018,flip/0022,ENV-02,0.03369600749400243,16,0.16167164062499956,3.03162810844979,0.038513213734567904,0.1655393598572532,0.022333140432098764,0.0036992374807596207,0.9999915361404419,0.999997615814209,0.0002739602932706475,0,1,1,0
training/notflip/0009_000000026,notflip/0009,26,ENV-01,0,training/notflip/0015_000000009,notflip/0015,ENV-02,0.053232642076564876,16,0.18059171035879634,3.9091960526908247,0.038200713734567904,0.16509171952160506,0.022339891975308643,0.0032450780272483826,0.9999860525131226,0.9999961853027344,3.182184445904568e-05,0,1,1,0
testing/notflip/0009_000000027,notflip/0009,27,ENV-01,0,training/flip/0011_000000020,flip/0011,ENV-02,0.037200440273036234,16,0.16111955275848713,3.03162810844979,0.038451485339506174,0.16385954436728417,0.022334104938271603,0.0028553337324410677,0.9999834299087524,0.9999958276748657,0.0001718493876978755,0,1,1,0
training/notflip/0009_000000028,notflip/0009,28,ENV-01,0,training/notflip/0015_000000014,notflip/0015,ENV-02,0.0511538021874484,16,0.2081191796874997,3.9091960526908056,0.03830391589506173,0.16257406298225316,0.022302758487654322,0.0023994240909814835,0.9999806880950928,0.9999958276748657,2.7300629881210625e-05,0,1,1,0
training/notflip/0009_000000029,notflip/0009,29,ENV-01,0,training/notflip/0015_000000001,notflip/0015,ENV-02,0.050721585542397266,16,0.20751747617669733,3.785677862194622,0.03381799768518518,0.1615590080054015,0.022208719135802468,0.002346617169678211,0.9999774694442749,0.9999951124191284,2.931981362053193e-05,0,1,1,0
training/notflip/0009_000000030,notflip/0009,30,ENV-01,0,training/flip/0059_000000008,flip/0059,ENV-04,0.03112655277705606,16,0.2019162817322534,2.54986071875741,0.0043774112654320985,0.16040780391589535,0.02255931712962963,0.001972748665139079,0.9999735355377197,0.9999936819076538,0.4044190049171448,0,1,1,0
training/notflip/0010_000000025,notflip/0010,25,ENV-01,0,training/flip/0018_000000001,flip/0018,ENV-02,0.030241003544997827,16,0.19956117476851884,2.5378728934363077,0.012905574845679012,0.16135709384645025,0.01945842978395062,0.0005431524477899075,0.9999909400939941,0.9999932050704956,9.828951078816317e-06,0,1,1,0
testing/notflip/0010_000000026,notflip/0010,26,ENV-01,0,training/flip/0015_000000024,flip/0015,ENV-02,0.04802129635075375,16,0.19552884799382658,4.018393733648166,0.04214988425925926,0.1605012094907404,0.019813368055555555,0.0005835603806190193,0.9999936819076538,0.9999947547912598,1.617523594177328e-05,0,1,1,0
training/notflip/0010_000000027,notflip/0010,27,ENV-01,0,training/flip/0016_000000019,flip/0016,ENV-02,0.04823138143063978,16,0.1770086972415122,4.286673378852126,0.041530189043209875,0.1613241331018515,0.01990210262345679,0.0016347450437024236,0.9999971389770508,0.999997615814209,3.1472245609620586e-05,0,1,1,0
training/notflip/0010_000000028,notflip/0010,28,ENV-01,0,training/notflip/0015_000000009,notflip/0015,ENV-02,0.055339219811987694,16,0.16913715287422815,4.103670688436217,0.06296248070987655,0.1615204714506169,0.0202319637345679,0.0023123896680772305,0.9999980926513672,0.9999983310699463,6.080613275116775e-06,0,1,1,0
training/notflip/0010_000000029,notflip/0010,29,ENV-01,0,training/notflip/0047_000000015,notflip/0047,ENV-04,0.02566939899022816,16,0.23329061593364206,2.4659341616297814,0.006277970679012345,0.1607164910300923,0.020606674382716048,0.002852055476978421,0.9999985694885254,0.9999988079071045,0.02992013469338417,0,1,1,0
training/notflip/0010_000000030,notflip/0010,30,ENV-01,0,training/flip/0022_000000019,flip/0022,ENV-02,0.03849719325746488,16,0.15857228366126536,3.2691253833153757,0.06142168209876543,0.16098872318672813,0.020772569444444444,0.0024923875462263823,0.9999986886978149,0.999998927116394,4.907941183773801e-05,0,1,1,0
training/notflip/0011_000000025,notflip/0011,25,ENV-01,0,training/notflip/0049_000000021,notflip/0049,ENV-04,0.025245498318564194,16,0.24022601842206787,2.051835344218087,0.013480902777777777,0.15694321604938233,0.018310667438271606,0.0010195422219112515,0.9999737739562988,0.999962329864502,0.0029568762984126806,0,1,1,0
training/notflip/0011_000000026,notflip/0011,26,ENV-01,0,training/flip/0022_000000018,flip/0022,ENV-02,0.03812613428653039,16,0.15630590046296264,3.354605007416605,0.062398726851851855,0.15688596170910465,0.018158275462962965,0.0013534538447856903,0.9999750852584839,0.9999594688415527,6.435580144170672e-05,0,1,1,0
testing/notflip/0011_000000027,notflip/0011,27,ENV-01,0,training/flip/0015_000000020,flip/0015,ENV-02,0.04245099435507438,16,0.16400498302469158,3.8247910781361156,0.0607494212962963,0.15612606992669723,0.018098958333333335,0.0015620511258020997,0.9999786615371704,0.9999703168869019,0.00011595671094255522,0,1,1,0
training/notflip/0011_000000028,notflip/0011,28,ENV-01,0,training/flip/0012_000000017,flip/0012,ENV-02,0.03205321972349947,16,0.1971405993441359,3.031628108449791,0.060023148148148145,0.15574462258873417,0.01775173611111111,0.0017379210330545902,0.9999798536300659,0.9999638795852661,0.0001404499780619517,0,1,1,0
training/notflip/0011_000000029,notflip/0011,29,ENV-01,0,training/notflip/0015_000000009,notflip/0015,ENV-02,0.058714683544644,16,0.1869438153935181,4.518321381489175,0.07625192901234568,0.156286384741512,0.017373649691358024,0.0021381471306085587,0.9999862909317017,0.9999531507492065,1.8501817976357415e-05,0,1,1,0
training/notflip/0011_000000030,notflip/0011,30,ENV-01,0,training/flip/0012_000000020,flip/0012,ENV-02,0.04013870825262643,16,0.1622894735725302,3.8247910781361214,0.062014371141975305,0.15640817891589462,0.017470582561728395,0.0027743105310946703,0.9999901056289673,0.9999611377716064,0.00011001274833688512,0,1,1,0
training/notflip/0016_000000021,notflip/0016,21,ENV-02,0,training/notflip/0009_000000009,notflip/0009,ENV-01,0.03174026717764045,16,0.2280430857445989,3.354605007416599,0.01978829089506173,0.16727721894290107,0.01660590277777778,0.011338438838720322,0.9999047517776489,0.9998912811279297,0.01796962507069111,0,1,1,0
training/notflip/0016_000000022,notflip/0016,22,ENV-02,0,training/notflip/0006_000000013,notflip/0006,ENV-01,0.038877751928245316,16,0.1701101591435188,3.7175508651879743,0.0284008487654321,0.1675784027777776,0.017269965277777778,0.011335963383316994,0.9999202489852905,0.9998941421508789,0.017274269834160805,0,1,1,0
testing/notflip/0016_000000023,notflip/0016,23,ENV-02,0,training/notflip/0006_000000017,notflip/0006,ENV-01,0.035179679729158496,16,0.18277874556327164,3.354605007416599,0.02041184413580247,0.16763355970293195,0.016902488425925927,0.012877311557531357,0.9999152421951294,0.9999164342880249,0.02096383087337017,0,1,1,0
training/notflip/0016_000000024,notflip/0016,24,ENV-02,0,training/notflip/0004_000000011,notflip/0004,ENV-01,0.024882792723013462,16,0.16212783998842598,2.069768068843979,0.0016787229938271604,0.1677216963734566,0.016984953703703703,0.0349624827504158,0.999935507774353,0.9999547004699707,0.2280496209859848,0,1,1,0
testing/notflip/0016_000000025,notflip/0016,25,ENV-02,0,training/notflip/0009_000000008,notflip/0009,ENV-01,0.032742486381800585,16,0.21375856819058658,3.354605007416599,0.021378279320987653,0.1676650835262343,0.017141203703703704,0.03337821364402771,0.9999411106109619,0.9999587535858154,0.06213453784584999,0,1,1,0
testing/notflip/0019_000000025,notflip/0019,25,ENV-02,0,training/notflip/0005_000000007,notflip/0005,ENV-01,0.042331483294449385,16,0.18165899479166692,3.522215471233474,0.02115162037037037,0.1679148156828702,0.01702498070987654,0.0025223572738468647,0.9991986155509949,0.9994136095046997,0.007794637233018875,0,1,1,0
training/notflip/0019_000000026,notflip/0019,26,ENV-02,0,training/notflip/0006_000000002,notflip/0006,ENV-01,0.04653557856769851,16,0.19592617197145062,4.5373658060020885,0.029164255401234566,0.16866918624614177,0.016982060185185187,0.0024033114314079285,0.9992842078208923,0.9994553923606873,0.0072844973765313625,0,1,1,0
testing/notflip/0019_000000027,notflip/0019,27,ENV-02,0,training/flip/0061_000000013,flip/0061,ENV-04,0.020251246339171098,16,0.1890915064621913,2.2591606907445825,0.018427854938271603,0.16899465596064797,0.01701533564814815,0.0024543434847146273,0.999295711517334,0.9994730353355408,0.25044089555740356,0,1,1,0
training/notflip/0019_000000028,notflip/0019,28,ENV-02,0,training/notflip/0006_000000004,notflip/0006,ENV-01,0.04616403588198479,16,0.19901494164737643,4.5373658060020885,0.028732156635802468,0.16857112712191344,0.017037037037037038,0.0020264005288481712,0.9992952346801758,0.9994891881942749,0.003937469329684973,0,1,1,0
training/notflip/0019_000000029,notflip/0019,29,ENV-02,0,training/flip/0008_000000020,flip/0008,ENV-01,0.01820508854731464,16,0.22507545013503102,2.259160690744563,0.0015229552469135802,0.16450448254243816,0.017119984567901234,0.005161449313163757,0.9995940327644348,0.9997264742851257,0.48784708976745605,0,1,1,0
training/notflip/0019_000000030,notflip/0019,30,ENV-02,0,training/notflip/0009_000000013,notflip/0009,ENV-01,0.02984062766628254,16,0.21915545322145077,2.8989612372627955,0.007078028549382716,0.16475110561342576,0.017686149691358025,0.00823247991502285,0.9997077584266663,0.9997534155845642,0.013375967741012573,0,1,1,0
training/notflip/0020_000000017,notflip/0020,17,ENV-02,0,training/notflip/0008_000000004,notflip/0008,ENV-01,0.04245925779090219,16,0.20310405777391977,3.824791078136115,0.022179783950617284,0.16983451707175914,0.021043595679012345,0.004137082956731319,0.9973853230476379,0.9991512298583984,0.03684920445084572,0,1,1,0
training/notflip/0020_000000018,notflip/0020,18,ENV-02,0,training/notflip/0011_000000006,notflip/0011,ENV-01,0.03687813853782045,16,0.17310401012731458,3.031628108449798,0.021490644290123456,0.1697406615547839,0.021827256944444446,0.003384154522791505,0.9974254965782166,0.9991040825843811,0.07980352640151978,0,1,1,0
testing/notflip/0020_000000019,notflip/0020,19,ENV-02,0,training/notflip/0005_000000007,notflip/0005,ENV-01,0.04277789562900737,16,0.1797864405864198,3.7175508651879747,0.021926118827160494,0.1695056829668209,0.022371720679012344,0.002974339760839939,0.9975054860115051,0.9989050626754761,0.030098184943199158,0,1,1,0
training/notflip/0020_000000020,notflip/0020,20,ENV-02,0,training/notflip/0007_000000001,notflip/0007,ENV-01,0.03653809183991421,16,0.16837407976466076,2.898961237262799,0.021843653549382717,0.1694818346836419,0.02279320987654321,0.003222848754376173,0.9976766705513,0.9988792538642883,0.0519961342215538,0,1,1,0
training/notflip/0020_000000021,notflip/0020,21,ENV-02,0,training/notflip/0006_000000011,notflip/0006,ENV-01,0.043610854594042396,16,0.17580642814429065,3.717550865187976,0.030208333333333334,0.16978748254243822,0.02304494598765432,0.0026807538233697414,0.9978044629096985,0.9986552000045776,0.02162066288292408,0,1,1,0
testing/notflip/0021_000000026,notflip/0021,26,ENV-02,0,training/flip/0063_000000012,flip/0063,ENV-04,0.0280019663446542,16,0.15480970891203655,3.03162810844979,0.016006462191358026,0.17398104166666695,0.017353395061728394,0.0253614392131567,0.9999253749847412,0.9998152852058411,0.8107119202613831,0,1,1,1
training/notflip/0021_000000027,notflip/0021,27,ENV-02,0,training/notflip/0008_000000003,notflip/0008,ENV-01,0.031821783861061714,16,0.14646338570601755,3.3546050074165983,0.0036969521604938273,0.17367775395447563,0.017584394290123456,0.029574774205684662,0.9999266862869263,0.9998186230659485,0.36041873693466187,0,1,1,0
training/notflip/0023_000000025,notflip/0023,25,ENV-02,0,training/notflip/0005_000000017,notflip/0005,ENV-01,0.02246504631076939,16,0.17775023794367242,2.2222589524089007,0.0004431905864197531,0.18235571894290112,0.016442901234567903,0.0008770360727794468,0.9996565580368042,0.9990121126174927,0.012705134227871895,0,1,1,0
training/notflip/0023_000000026,notflip/0023,26,ENV-02,0,training/notflip/0005_000000001,notflip/0005,ENV-01,0.04543883328817298,16,0.15515506346450575,3.7175508651879756,0.020967881944444444,0.18219865277777764,0.016691743827160495,0.0006624732632189989,0.9996707439422607,0.9990733861923218,0.001437090802937746,0,1,1,0
training/notflip/0023_000000027,notflip/0023,27,ENV-02,0,training/notflip/0009_000000014,notflip/0009,ENV-01,0.027797817412866074,16,0.1697880319251539,2.4659341616297814,0.0020495756172839506,0.18204247665895057,0.017035108024691357,0.00042566945194266737,0.9996113181114197,0.9988486766815186,0.002568340627476573,0,1,1,0
training/notflip/0023_000000028,notflip/0023,28,ENV-02,0,training/notflip/0007_000000011,notflip/0007,ENV-01,0.026707043135170014,16,0.14550492910879612,2.0697680688439766,0.001017554012345679,0.18239794695216044,0.017110821759259258,0.0005265420768409967,0.9996110796928406,0.998956561088562,0.003022877499461174,0,1,1,0
testing/notflip/0023_000000029,notflip/0023,29,ENV-02,0,training/notflip/0006_000000012,notflip/0006,ENV-01,0.042504250752992176,16,0.1566949759837959,3.7175508651879747,0.021109664351851853,0.18221606876929006,0.016863425925925928,0.0007196444203145802,0.9995717406272888,0.9988994598388672,0.0026212341617792845,0,1,1,0
testing/notflip/0023_000000030,notflip/0023,30,ENV-02,0,training/notflip/0006_000000002,notflip/0006,ENV-01,0.045977279924781296,16,0.1605703124035491,4.109890269382969,0.024404899691358024,0.18224175183256175,0.01708960262345679,0.0010603705886751413,0.9995731711387634,0.9987789988517761,0.0027028145268559456,0,1,1,0
testing/notflip/0024_000000025,notflip/0024,25,ENV-02,0,training/notflip/0005_000000004,notflip/0005,ENV-01,0.04777034589192289,16,0.17306999836033987,3.824791078136116,0.013135609567901234,0.18119535445601853,0.01898099922839506,0.0030525706242769957,0.9997356534004211,0.9997310042381287,0.00981482956558466,0,1,1,0
training/notflip/0024_000000026,notflip/0024,26,ENV-02,0,training/notflip/0007_000000014,notflip/0007,ENV-01,0.02875484053646292,16,0.15377003944830134,2.0697680688439806,0.003427854938271605,0.1816569623842592,0.019579957561728395,0.004217686131596565,0.9997707009315491,0.9997808337211609,0.022136837244033813,0,1,1,0
training/notflip/0024_000000027,notflip/0024,27,ENV-02,0,training/notflip/0007_000000018,notflip/0007,ENV-01,0.02625615134050354,16,0.16299318788580253,1.6439561077531881,0.003055073302469136,0.181454483603395,0.019318094135802467,0.005248472560197115,0.9997819066047668,0.9997900128364563,0.06422895938158035,0,1,1,0
training/notflip/0024_000000028,notflip/0024,28,ENV-02,0,training/notflip/0008_000000006,notflip/0008,ENV-01,0.04460916990213453,16,0.1892553777006179,3.3546050074166045,0.013903356481481482,0.18160439014274693,0.019250578703703704,0.008632911369204521,0.9998008608818054,0.9998186230659485,0.06957737356424332,0,1,1,0
training/notflip/0024_000000029,notflip/0024,29,ENV-02,0,training/notflip/0006_000000010,notflip/0006,ENV-01,0.04730747200577457,16,0.17293601224922897,3.824791078136122,0.019908371913580247,0.18146949411651234,0.018542148919753088,0.00892232358455658,0.999798595905304,0.9998216032981873,0.05371466279029846,0,1,1,0
training/notflip/0024_000000030,notflip/0024,30,ENV-02,0,training/notflip/0008_000000004,notflip/0008,ENV-01,0.04503392430189161,16,0.18925957224151313,3.7175508651879747,0.013955439814814815,0.18194957571373455,0.018814621913580246,0.007387280464172363,0.9997439980506897,0.9997442364692688,0.056096598505973816,0,1,1,0
testing/notflip/0025_000000025,notflip/0025,25,ENV-02,0,training/notflip/0011_000000005,notflip/0011,ENV-01,0.041519659434118346,16,0.16482804340277787,3.3546050074166045,0.013438464506172839,0.18264952700617246,0.017490837191358025,0.0017892299219965935,0.9991377592086792,0.9994072914123535,0.016293365508317947,0,1,1,0
training/notflip/0025_000000026,notflip/0025,26,ENV-02,0,training/notflip/0009_000000001,notflip/0009,ENV-01,0.04784858004690406,16,0.21184638377700643,4.166083972823467,0.020648148148148148,0.182729514756944,0.017471064814814814,0.00204296107403934,0.9992682337760925,0.9994601607322693,0.008015602827072144,0,1,1,0
training/notflip/0025_000000027,notflip/0025,27,ENV-02,0,training/notflip/0007_000000003,notflip/0007,ENV-01,0.04039079284343907,16,0.17187803395061754,3.3546050074166023,0.004616608796296297,0.18275999189814773,0.01794994212962963,0.00210689683444798,0.9993292093276978,0.9994574189186096,0.008787893690168858,0,1,1,0
training/notflip/0025_000000028,notflip/0025,28,ENV-02,0,training/flip/0009_000000022,flip/0009,ENV-01,0.030027533053507825,16,0.20902614429012306,2.8989612372627955,0.003009741512345679,0.18268328674768483,0.018606288580246915,0.001694324193522334,0.9992121458053589,0.9993721842765808,0.07087510079145432,0,1,1,0
training/notflip/0025_000000029,notflip/0025,29,ENV-02,0,training/notflip/0011_000000007,notflip/0011,ENV-01,0.04045512087738786,16,0.12634410252700679,3.3546050074166036,0.0046334876543209875,0.18266470235339466,0.019196084104938272,0.001609327387996018,0.9993646740913391,0.9994407296180725,0.030913885682821274,0,1,1,0
training/notflip/0025_000000030,notflip/0025,30,ENV-02,0,training/notflip/0005_000000019,notflip/0005,ENV-01,0.023269894443710037,16,0.18047676485339453,2.2591606907445727,0.0022998649691358024,0.18276584625771566,0.01928144290123457,0.0016594367334619164,0.9993519186973572,0.999518871307373,0.0497722402215004,0,1,1,0
training/notflip/0026_000000025,notflip/0026,25,ENV-02,0,training/notflip/0008_000000011,notflip/0008,ENV-01,0.04451113313095004,16,0.19517099633487675,3.7175508651879756,0.0023659336419753086,0.18656348640046289,0.01277536651234568,0.0013724699383601546,0.9995661377906799,0.9996943473815918,0.010531342588365078,0,1,1,0
training/notflip/0026_000000026,notflip/0026,26,ENV-02,0,training/notflip/0007_000000016,notflip/0007,ENV-01,0.026491119844851113,16,0.1720470992476853,2.2591606907445834,0.0003641010802469136,0.18765317235725304,0.01228539737654321,0.00165595265571028,0.9995763897895813,0.9996761083602905,0.023074861615896225,0,1,1,0
training/notflip/0026_000000027,notflip/0026,27,ENV-02,0,training/notflip/0008_000000010,notflip/0008,ENV-01,0.04432456217965958,16,0.19645908940972234,3.824791078136122,0.0023119212962962963,0.18819549334490743,0.012470582561728396,0.0017964433645829558,0.9996387958526611,0.9997143149375916,0.01126158144325018,0,1,1,0
training/notflip/0026_000000028,notflip/0026,28,ENV-02,0,training/notflip/0007_000000016,notflip/0007,ENV-01,0.026536634551021003,16,0.17330428925540142,2.2591606907445834,0.000345775462962963,0.18775205092592606,0.01275221836419753,0.0014841725351288915,0.999546468257904,0.9997029900550842,0.022900426760315895,0,1,1,0
testing/notflip/0026_000000029,notflip/0026,29,ENV-02,0,training/notflip/0007_000000002,notflip/0007,ENV-01,0.0393153897911737,16,0.1290790670331802,3.3546050074166036,0.002490354938271605,0.18734929687500018,0.012784047067901235,0.0016068837139755487,0.9993044137954712,0.9996154308319092,0.015843918547034264,0,1,1,0
training/notflip/0026_000000030,notflip/0026,30,ENV-02,0,training/notflip/0005_000000002,notflip/0005,ENV-01,0.04830163758589194,16,0.16081431221064843,4.166083972823461,0.018368537808641974,0.18757418180941374,0.013081114969135802,0.002578438026830554,0.9991334080696106,0.999584972858429,0.00830523855984211,0,1,1,0
training/notflip/0027_000000025,notflip/0027,25,ENV-03,0,training/notflip/0049_000000020,notflip/0049,ENV-04,0.03329844873476146,16,0.23356425395447547,2.564794180272623,0.019136284722222223,0.17154930092592555,0.023755304783950618,0.002998236333951354,0.999997615814209,0.9999967813491821,0.5895702838897705,0,1,1,1
training/notflip/0027_000000026,notflip/0027,26,ENV-03,0,training/flip/0056_000000019,flip/0056,ENV-04,0.030378924564106558,16,0.17885696113040164,2.8856199634506696,0.019213445216049382,0.1723603750964504,0.024568865740740742,0.004915872123092413,0.9999980926513672,0.9999967813491821,0.9531880617141724,0,1,1,1
training/notflip/0027_000000027,notflip/0027,27,ENV-03,0,training/flip/0059_000000005,flip/0059,ENV-04,0.038580381429266,16,0.21752844646990807,3.4341412400196387,0.027177854938271604,0.1724415670331789,0.02482687114197531,0.00832514651119709,0.9999985694885254,0.9999973773956299,0.9896960258483887,0,1,1,1
training/notflip/0027_000000028,notflip/0027,28,ENV-03,0,training/flip/0005_000000013,flip/0005,ENV-01,0.030115049232823786,16,0.2007430282600312,4.109890269382968,0.03804976851851852,0.1737156412037035,0.02435619212962963,0.0063450937159359455,0.9999985694885254,0.9999972581863403,0.9990482926368713,0,1,1,1
training/notflip/0027_000000029,notflip/0027,29,ENV-03,0,training/notflip/0048_000000023,notflip/0048,ENV-04,0.028971730238522064,16,0.2173654305555557,2.5498607187574165,0.0180811149691358,0.17414132503858015,0.024124228395061727,0.006747449282556772,0.9999983310699463,0.9999969005584717,0.6666321158409119,0,1,1,1
training/notflip/0027_000000030,notflip/0027,30,ENV-03,0,training/notflip/0045_000000021,notflip/0045,ENV-04,0.03148726787216641,16,0.22774634423225337,2.564794180272637,0.019986979166666665,0.17379224701003074,0.023780864197530865,0.006147603038698435,0.9999982118606567,0.9999970197677612,0.7405732274055481,0,1,1,1
training/notflip/0028_000000025,notflip/0028,25,ENV-03,0,training/flip/0016_000000023,flip/0016,ENV-02,0.07097448140939977,16,0.16431681703317857,6.374651796893539,0.004836998456790123,0.1738606159336415,0.015610050154320987,0.022198356688022614,0.976889967918396,0.9898369908332825,0.5804524421691895,0,1,1,1
training/notflip/0028_000000026,notflip/0028,26,ENV-03,0,training/flip/0017_000000014,flip/0017,ENV-02,0.04642460492258373,16,0.18119493614969165,3.269125383315387,0.0012316743827160495,0.17413733738425874,0.015502989969135803,0.016789432615041733,0.9783425331115723,0.9872609376907349,0.25167086720466614,0,1,1,0
training/notflip/0028_000000027,notflip/0028,27,ENV-03,0,training/notflip/0006_000000004,notflip/0006,ENV-01,0.0514038989285471,16,0.1863718332368821,4.931868323259563,0.010428240740740741,0.17433093788580192,0.015515528549382715,0.024944666773080826,0.9767704606056213,0.9870703816413879,0.4358315169811249,0,1,1,0
training/notflip/0028_000000028,notflip/0028,28,ENV-03,0,training/notflip/0015_000000023,notflip/0015,ENV-02,0.058033376251861224,16,0.19862672347608015,5.020878563478131,0.0019700038580246913,0.174317816647376,0.0153100887345679,0.028109844774007797,0.9745586514472961,0.9869802594184875,0.26959526538848877,0,1,1,0
training/notflip/0028_000000029,notflip/0028,29,ENV-03,0,training/flip/0016_000000012,flip/0016,ENV-02,0.04561821948912127,16,0.1953504664351844,4.166083972823467,0.001812307098765432,0.1746745816936722,0.015573881172839506,0.023370031267404556,0.971684992313385,0.9829626083374023,0.9468923211097717,0,1,1,1
training/notflip/0028_000000030,notflip/0028,30,ENV-03,0,training/flip/0013_000000014,flip/0013,ENV-02,0.04114615641558345,16,0.17833331857638823,3.824791078136127,0.0013956404320987655,0.17496380796682037,0.015359760802469136,0.028214940801262856,0.9667247533798218,0.9803792238235474,0.7546968460083008,0,1,1,1
testing/notflip/0029_000000025,notflip/0029,25,ENV-03,0,training/flip/0011_000000013,flip/0011,ENV-02,0.038923045299061605,16,0.19083829899691418,3.7175508651879774,0.002839506172839506,0.1990168569637332,0.02111304012345679,0.013758810237050056,0.9984775185585022,0.9999072551727295,0.25936976075172424,0,1,1,0
training/notflip/0029_000000026,notflip/0029,26,ENV-03,0,training/flip/0021_000000020,flip/0021,ENV-02,0.043364557962056884,16,0.20923588618827152,4.166083972823462,0.0019077932098765433,0.19862046643518383,0.02111593364197531,0.015223817899823189,0.998288094997406,0.9998964071273804,0.538112223148346,0,1,1,1
training/notflip/0029_000000027,notflip/0029,27,ENV-03,0,training/flip/0012_000000015,flip/0012,ENV-02,0.03766559089259231,16,0.2530065684799383,4.109890269382969,0.002385223765432099,0.19885782330246782,0.020699749228395063,0.015484395436942577,0.9984344840049744,0.9998700618743896,0.6897081136703491,0,1,1,1
training/notflip/0029_000000028,notflip/0029,28,ENV-03,0,training/flip/0011_000000021,flip/0011,ENV-02,0.058547577962418246,16,0.21014112027391926,5.797922474525592,0.008941936728395062,0.19848863329475178,0.020834297839506175,0.01874518021941185,0.9988139867782593,0.9998615980148315,0.3208354413509369,0,1,1,0
training/notflip/0029_000000029,notflip/0029,29,ENV-03,0,training/flip/0015_000000014,flip/0015,ENV-02,0.04117187019992059,16,0.17549081558642043,4.109890269382968,0.002242476851851852,0.19875377353394932,0.020612461419753085,0.013287877663969994,0.9985697269439697,0.999811589717865,0.7979897856712341,0,1,1,1
training/notflip/0029_000000030,notflip/0029,30,ENV-03,0,training/flip/0015_000000024,flip/0015,ENV-02,0.06213590699748479,16,0.20118788146219074,5.797922474525592,0.004048996913580247,0.1994156402391962,0.02066743827160494,0.011720417067408562,0.9983166456222534,0.9997301697731018,0.5482102036476135,0,1,1,1
training/notflip/0030_000000025,notflip/0030,25,ENV-03,0,training/notflip/0015_000000024,notflip/0015,ENV-02,0.04831882512056626,16,0.18501153790509295,3.522215471233474,0.0033699845679012346,0.18552153491512272,0.015109953703703704,0.01015264168381691,0.9986633062362671,0.9996324777603149,0.028195172548294067,0,1,1,0
training/notflip/0030_000000026,notflip/0030,26,ENV-03,0,training/flip/0016_000000021,flip/0016,ENV-02,0.06251465542502334,16,0.15076863261959728,5.578708683783676,0.004652777777777777,0.18554216406249924,0.015258005401234568,0.0067094252444803715,0.9983246922492981,0.9994788765907288,0.032270919531583786,0,1,1,0
training/notflip/0030_000000027,notflip/0030,27,ENV-03,0,training/flip/0016_000000005,flip/0016,ENV-02,0.03737480162600645,16,0.18952778877314744,3.3546050074165996,0.0021889467592592594,0.18562335358796217,0.01535108024691358,0.008564154617488384,0.9987061023712158,0.999573290348053,0.2581865191459656,0,1,1,0
testing/notflip/0030_000000028,notflip/0030,28,ENV-03,0,training/flip/0022_000000017,flip/0022,ENV-02,0.047121297687031806,16,0.17332720216049355,4.537365806002087,0.008441358024691358,0.18558140190972147,0.015198206018518519,0.00809758622199297,0.9987461566925049,0.999524712562561,0.020661473274230957,0,1,1,0
training/notflip/0030_000000029,notflip/0030,29,ENV-03,0,training/flip/0012_000000019,flip/0012,ENV-02,0.04818538984899905,16,0.1723016263503077,4.5373658060020885,0.010581597222222221,0.1830521265432088,0.015191454475308641,0.008436798118054867,0.9984756112098694,0.9996082186698914,0.026329895481467247,0,1,1,0
training/notflip/0030_000000030,notflip/0030,30,ENV-03,0,training/flip/0011_000000019,flip/0011,ENV-02,0.051360557868435484,16,0.21433725665509265,4.628021222611879,0.010583043981481481,0.182896514853394,0.015204957561728395,0.010073525831103325,0.9985376596450806,0.9996415376663208,0.019049495458602905,0,1,1,0
training/notflip/0031_000000025,notflip/0031,25,ENV-03,0,training/flip/0016_000000016,flip/0016,ENV-02,0.04912013822401502,16,0.14475218084490796,4.981007169595118,0.0026726466049382717,0.1984140636574067,0.01958670910493827,0.002511523198336363,0.9995400905609131,0.9999103546142578,0.019337302073836327,0,1,1,0
training/notflip/0031_000000026,notflip/0031,26,ENV-03,0,training/flip/0017_000000018,flip/0017,ENV-02,0.049649050972886154,16,0.23282858188657318,4.304756945748214,0.003326099537037037,0.19820482320601776,0.018917824074074073,0.002751345746219158,0.9995170831680298,0.9999164342880249,0.00400170311331749,0,1,1,0
training/notflip/0031_000000027,notflip/0031,27,ENV-03,0,training/notflip/0015_000000017,notflip/0015,ENV-02,0.061862900891050274,16,0.20141675578703616,5.09972143751482,0.00857542438271605,0.1983788409529314,0.018682966820987655,0.004417583346366882,0.9996163845062256,0.9999263286590576,0.0022830269299447536,0,1,1,0
training/notflip/0031_000000028,notflip/0031,28,ENV-03,0,training/notflip/0015_000000006,notflip/0015,ENV-02,0.06603897174745639,16,0.2107433461612649,5.283323206850215,0.008625096450617284,0.19845283198302405,0.018444251543209878,0.004521646536886692,0.9997809529304504,0.9999454021453857,0.0010520622599869967,0,1,1,0
training/notflip/0031_000000029,notflip/0031,29,ENV-03,0,training/notflip/0015_000000012,notflip/0015,ENV-02,0.06551994257748724,16,0.21371444859182054,5.578708683783676,0.008505015432098766,0.19760290316357956,0.01830488040123457,0.0039937118999660015,0.9998282194137573,0.9999594688415527,0.0015265661058947444,0,1,1,0
training/notflip/0031_000000030,notflip/0031,30,ENV-03,0,training/flip/0011_000000022,flip/0011,ENV-02,0.05734302937246632,16,0.1561544161844132,5.753846377136157,0.008375289351851853,0.19795598254243765,0.01822096836419753,0.007977014407515526,0.9997397065162659,0.9999403953552246,0.005521532613784075,0,1,1,0
training/notflip/0032_000000025,notflip/0032,25,ENV-03,0,training/flip/0033_000000023,flip/0033,ENV-02,0.028748944430667722,16,0.22767097289737612,2.8989612372627955,0.003580246913580247,0.18964402343749923,0.010355902777777778,0.0063378410413861275,0.9788584113121033,0.9598396420478821,0.006888097617775202,0,1,1,0
training/notflip/0032_000000026,notflip/0032,26,ENV-03,0,training/flip/0015_000000024,flip/0015,ENV-02,0.06859814722342253,16,0.16938436024305545,6.178720258131109,0.004958526234567901,0.18906508053626475,0.010392071759259259,0.0060436055064201355,0.9796116948127747,0.9623010158538818,0.4016333520412445,0,1,1,0
training/notflip/0032_000000027,notflip/0032,27,ENV-03,0,training/flip/0019_000000024,flip/0019,ENV-02,0.052495618229980626,16,0.20452595823688216,4.628021222611884,0.0026957947530864197,0.18904457880015363,0.010402199074074074,0.009933614172041416,0.989033579826355,0.9741340279579163,0.40043729543685913,0,1,1,0
training/notflip/0032_000000028,notflip/0032,28,ENV-03,0,training/notflip/0015_000000012,notflip/0015,ENV-02,0.07540975589301493,16,0.19034290007715934,6.5521305588329115,0.007712191358024692,0.18888429301697468,0.010317322530864198,0.00986711960285902,0.9919933080673218,0.987704873085022,0.06252334266901016,0,1,1,0
testing/notflip/0032_000000029,notflip/0032,29,ENV-03,0,training/notflip/0009_000000014,notflip/0009,ENV-01,0.03721669922930551,16,0.22850524160879526,3.785677862194622,0.0033130787037037035,0.18880449064428953,0.010382908950617284,0.013672169297933578,0.9887719750404358,0.9861803650856018,0.2327107936143875,0,1,1,0
training/notflip/0032_000000030,notflip/0032,30,ENV-03,0,training/flip/0017_000000005,flip/0017,ENV-02,0.04346170449253052,16,0.17148037403549424,3.269125383315365,0.0013421103395061728,0.18920837085262296,0.010570023148148148,0.014252373948693275,0.9863344430923462,0.9844765067100525,0.4189169406890869,0,1,1,0
testing/notflip/0033_000000025,notflip/0033,25,ENV-03,0,training/flip/0016_000000017,flip/0016,ENV-02,0.04687634475175039,16,0.23731599720293042,4.981007169595122,0.0009495563271604938,0.1755735190007728,0.007536651234567901,0.039662063121795654,0.9999477863311768,0.9996531009674072,0.9888139367103577,0,1,1,1
training/notflip/0033_000000026,notflip/0033,26,ENV-03,0,training/notflip/0015_000000013,notflip/0015,ENV-02,0.062036323465186276,16,0.18851803317901206,5.525347819543962,0.0025940393518518517,0.17505674064429122,0.007106481481481482,0.05621619150042534,0.9999560117721558,0.9996752738952637,0.6458715200424194,0,1,1,1
testing/notflip/0033_000000027,notflip/0033,27,ENV-03,0,training/flip/0015_000000024,flip/0015,ENV-02,0.055743508078587016,16,0.24808551504629683,5.578708683783676,0.001976755401234568,0.17505415808256286,0.007151331018518519,0.05330026522278786,0.999955415725708,0.9997066855430603,0.9782599210739136,0,1,1,1
training/notflip/0033_000000028,notflip/0033,28,ENV-03,0,training/flip/0030_000000028,flip/0030,ENV-02,0.027574835601825186,16,0.12188354021990781,2.7626739097719755,0.0010590277777777779,0.17528529320987773,0.007367862654320987,0.057213738560676575,0.9999563694000244,0.9997074007987976,0.5478072762489319,0,1,1,1
training/notflip/0033_000000029,notflip/0033,29,ENV-03,0,training/flip/0013_000000020,flip/0013,ENV-02,0.04173370209592563,16,0.21746190055941306,4.628021222611879,0.001388406635802469,0.174546591820989,0.008061342592592592,0.10308033972978592,0.9999692440032959,0.9997959733009338,0.9651999473571777,0,1,1,1
training/notflip/0033_000000030,notflip/0033,30,ENV-03,0,training/notflip/0015_000000023,notflip/0015,ENV-02,0.0484372755768548,16,0.1598990514081797,4.796784642026368,0.0007663001543209877,0.17226442708333428,0.007891589506172839,0.1676221787929535,0.9999823570251465,0.999788224697113,0.9522714614868164,0,1,1,1
testing/notflip/0034_000000025,notflip/0034,25,ENV-03,0,training/notflip/0015_000000007,notflip/0015,ENV-02,0.06886256344233009,16,0.201618929880402,6.277028755231863,0.00423707561728395,0.18149361226851884,0.006995563271604938,0.0015499840956181288,0.9875327944755554,0.9682601690292358,0.05348159000277519,0,1,1,0
training/notflip/0034_000000026,notflip/0034,26,ENV-03,0,training/notflip/0015_000000010,notflip/0015,ENV-02,0.06815307649810298,16,0.21213172212577194,6.277028755231864,0.00431616512345679,0.18131764814814838,0.006872588734567901,0.0017897801008075476,0.989550769329071,0.9780068397521973,0.06318852305412292,0,1,1,0
training/notflip/0034_000000027,notflip/0034,27,ENV-03,0,training/flip/0030_000000013,flip/0030,ENV-02,0.039023795997995755,16,0.21009982523148157,3.824791078136109,0.0010445601851851853,0.18057452893518555,0.006729841820987654,0.0022177747450768948,0.9904881119728088,0.9839138984680176,0.09026578068733215,0,1,1,0
training/notflip/0034_000000028,notflip/0034,28,ENV-03,0,training/flip/0021_000000023,flip/0021,ENV-02,0.05242167595839188,16,0.21293320920138772,5.2833232068502145,0.002242476851851852,0.1795851638695991,0.006137152777777778,0.0021950912196189165,0.9931261539459229,0.9884463548660278,0.2903924584388733,0,1,1,0
training/notflip/0034_000000029,notflip/0034,29,ENV-03,0,training/notflip/0015_000000011,notflip/0015,ENV-02,0.06877187424397344,16,0.21525233757716072,6.277028755231864,0.004542824074074074,0.18022068557098794,0.0061525848765432095,0.0020243977196514606,0.9936918020248413,0.987223744392395,0.06269481033086777,0,1,1,0
testing/notflip/0034_000000030,notflip/0034,30,ENV-03,0,training/flip/0016_000000018,flip/0016,ENV-02,0.056435811977927894,16,0.14823235233410437,6.063256216899582,0.0022198109567901233,0.17987474295910544,0.0057368827160493826,0.002674671821296215,0.9944467544555664,0.989407479763031,0.7061382532119751,0,1,1,1
testing/notflip/0035_000000026,notflip/0035,26,ENV-03,0,training/notflip/0015_000000022,notflip/0015,ENV-02,0.06466005721587273,16,0.18414334162808654,5.778768924566751,0.002734375,0.18879414708719144,0.007199556327160494,0.01171034760773182,0.997819185256958,0.9947505593299866,0.18008050322532654,0,1,1,0
training/notflip/0035_000000027,notflip/0035,27,ENV-03,0,training/flip/0022_000000019,flip/0022,ENV-02,0.06091254924907915,16,0.17095416078317746,6.178720258131106,0.011413483796296297,0.1878737425733026,0.007621045524691358,0.008553259074687958,0.9975632429122925,0.9948139190673828,0.11604935675859451,0,1,1,0
training/notflip/0035_000000028,notflip/0035,28,ENV-03,0,training/notflip/0015_000000014,notflip/0015,ENV-02,0.07344740549115729,16,0.18367707465277805,6.853024415366563,0.011558159722222221,0.18628377276234584,0.007213059413580247,0.01758667640388012,0.998615026473999,0.9970481991767883,0.11942260712385178,0,1,1,0
training/notflip/0035_000000029,notflip/0035,29,ENV-03,0,training/flip/0021_000000021,flip/0021,ENV-02,0.05375885096515602,16,0.18546477912808526,5.357843626105898,0.002515432098765432,0.18609231086033975,0.007007619598765432,0.024256814271211624,0.9988962411880493,0.9971907734870911,0.6679714322090149,0,1,1,1
training/notflip/0035_000000030,notflip/0035,30,ENV-03,0,training/flip/0016_000000022,flip/0016,ENV-02,0.07180149992827817,16,0.1700041091820988,7.336072196929058,0.003717206790123457,0.18607234288194477,0.007315297067901234,0.02325432188808918,0.9989035129547119,0.9975985884666443,0.5724154114723206,0,1,1,1
training/notflip/0035_000000031,notflip/0035,31,ENV-03,0,training/notflip/0006_000000007,notflip/0006,ENV-01,0.05310421039647714,16,0.1771417333140438,5.753846377136156,0.022763792438271604,0.185816304494599,0.007428626543209876,0.025795752182602882,0.9990429282188416,0.9977436065673828,0.34158942103385925,0,1,1,0
training/notflip/0035_000000032,notflip/0035,32,ENV-03,0,training/flip/0012_000000021,flip/0012,ENV-02,0.05821187262645291,16,0.1745171138117288,6.1653233372788945,0.011819058641975308,0.1837029812885804,0.00798755787037037,0.04639711603522301,0.9993395209312439,0.9973384737968445,0.7626774311065674,0,1,1,1
testing/notflip/0036_000000025,notflip/0036,25,ENV-03,0,training/notflip/0006_000000018,notflip/0006,ENV-01,0.03201798590738644,16,0.1944853252314824,3.4717730127946522,0.0035479359567901236,0.19659503308256243,0.018911554783950617,0.02748827449977398,0.9999970197677612,0.9999955892562866,0.9639997482299805,0,1,1,1
training/notflip/0036_000000026,notflip/0036,26,ENV-03,0,training/flip/0019_000000024,flip/0019,ENV-02,0.03809239538924844,16,0.18050999672067866,4.1660839728234595,0.0014409722222222222,0.19622965673225376,0.01953221450617284,0.030231617391109467,0.9999967813491821,0.9999961853027344,0.9676955342292786,0,1,1,1
training/notflip/0036_000000027,notflip/0036,27,ENV-03,0,training/notflip/0005_000000008,notflip/0005,ENV-01,0.036690397985924196,16,0.18927769280478396,3.785677862194628,0.003803047839506173,0.19593898765432166,0.01939525462962963,0.03157098591327667,0.9999967813491821,0.9999971389770508,0.9314411878585815,0,1,1,1
testing/notflip/0036_000000028,notflip/0036,28,ENV-03,0,training/flip/0017_000000016,flip/0017,ENV-02,0.04150696831956521,16,0.15972867505787117,3.522215471233474,0.0013720100308641976,0.19659124016203766,0.018810763888888887,0.03158139809966087,0.9999966621398926,0.9999970197677612,0.9035048484802246,0,1,1,1
training/notflip/0036_000000029,notflip/0036,29,ENV-03,0,training/flip/0016_000000012,flip/0016,ENV-02,0.03560970976678455,16,0.1798648945794749,3.9561814510321613,0.0017038001543209877,0.19682018856095757,0.01837336033950617,0.0303939301520586,0.9999964237213135,0.999997615814209,0.9971274733543396,0,1,1,1
testing/notflip/0036_000000030,notflip/0036,30,ENV-03,0,training/flip/0030_000000013,flip/0030,ENV-02,0.03262644219403533,16,0.13566851822916626,3.354605007416599,0.0016179591049382716,0.1967019576581797,0.018765432098765432,0.0221780426800251,0.9999961853027344,0.999997615814209,0.7834556102752686,0,1,1,1
testing/notflip/0037_000000025,notflip/0037,25,ENV-03,0,training/flip/0015_000000014,flip/0015,ENV-02,0.04374059293730181,16,0.170685159722222,4.931868323259562,0.0017727623456790123,0.19298558420138956,0.01162085262345679,0.13501738011837006,0.9995251893997192,0.9991098046302795,0.9942843317985535,0,1,1,1
training/notflip/0037_000000026,notflip/0037,26,ENV-03,0,training/flip/0022_000000018,flip/0022,ENV-02,0.054821966891085004,16,0.20989684587191457,5.753846377136157,0.0028515625,0.1930236413966058,0.011944926697530864,0.17153555154800415,0.999420166015625,0.9990432858467102,0.9517704844474792,0,1,1,1
training/notflip/0037_000000027,notflip/0037,27,ENV-03,0,training/flip/0016_000000019,flip/0016,ENV-02,0.0666385279808692,16,0.139990786747686,6.853024415366576,0.003501639660493827,0.19303497395833452,0.011929494598765432,0.2512291967868805,0.9993127584457397,0.9989290833473206,0.9834461808204651,0,1,1,1
testing/notflip/0037_000000028,notflip/0037,28,ENV-03,0,training/flip/0015_000000018,flip/0015,ENV-02,0.052708317204253785,16,0.23036479108796437,5.344451868068309,0.002507716049382716,0.19296385349151357,0.011745756172839506,0.27579250931739807,0.9992874264717102,0.9989182949066162,0.9954873919487,0,1,1,1
training/notflip/0037_000000029,notflip/0037,29,ENV-03,0,training/notflip/0015_000000019,notflip/0015,ENV-02,0.06917985153856994,16,0.18024665190972264,6.277028755231863,0.0038228202160493826,0.19175769309413793,0.011506076388888889,0.41945910453796387,0.9995397329330444,0.9993077516555786,0.9429874420166016,0,1,1,1
training/notflip/0037_000000030,notflip/0037,30,ENV-03,0,training/notflip/0015_000000009,notflip/0015,ENV-02,0.07470012118317748,16,0.19065520553626583,6.552130558832928,0.010179880401234569,0.19149713647762553,0.01166136188271605,0.47598081827163696,0.9995415210723877,0.9992457628250122,0.9133251905441284,0,1,1,1
training/notflip/0038_000000025,notflip/0038,25,ENV-03,0,training/flip/0011_000000021,flip/0011,ENV-02,0.05660277801227113,16,0.20592160715663277,5.3578436261059,0.0028853202160493826,0.20430299990354744,0.018777006172839505,0.014744522981345654,0.9995297193527222,0.9998592138290405,0.35082706809043884,0,1,1,0
training/notflip/0038_000000026,notflip/0038,26,ENV-03,0,training/flip/0022_000000015,flip/0022,ENV-02,0.04705630054966227,16,0.15344468595678926,4.931868323259563,0.0023668981481481484,0.204952356095677,0.01920042438271605,0.04085544869303703,0.999688982963562,0.9999282360076904,0.6630502939224243,0,1,1,1
training/notflip/0038_000000027,notflip/0038,27,ENV-03,0,training/notflip/0011_000000002,notflip/0011,ENV-01,0.039466853603247976,16,0.16893288329475378,4.253226997843359,0.00812692901234568,0.20551615972222015,0.019578993055555556,0.1259600818157196,0.9997803568840027,0.9999570846557617,0.9025058746337891,0,1,1,1
training/notflip/0038_000000028,notflip/0038,28,ENV-03,0,training/flip/0013_000000017,flip/0013,ENV-02,0.044235232982203984,16,0.20427847540509195,4.5373658060020885,0.0023273533950617284,0.2055554512924362,0.02007764274691358,0.13446037471294403,0.9997519850730896,0.9999562501907349,0.9185446500778198,0,1,1,1
training/notflip/0038_000000029,notflip/0038,29,ENV-03,0,training/flip/0022_000000019,flip/0022,ENV-02,0.05366842848780476,16,0.18544018258101752,5.3578436261058995,0.003131269290123457,0.20571283304397942,0.020289351851851854,0.14078108966350555,0.9997374415397644,0.9999572038650513,0.7792648077011108,0,1,1,1
training/notflip/0038_000000030,notflip/0038,30,ENV-03,0,training/notflip/0015_000000019,notflip/0015,ENV-02,0.06327326871697528,16,0.21849556915509133,5.099721437514826,0.0027666859567901233,0.20541216984953495,0.019876543209876543,0.12751184403896332,0.9997336268424988,0.9999513626098633,0.652194082736969,0,1,1,1
training/notflip/0039_000000025,notflip/0039,25,ENV-03,0,training/notflip/0007_000000001,notflip/0007,ENV-01,0.05300533373908357,16,0.1290919228395057,6.1653233372788945,0.03421923225308642,0.195901324556326,0.013817033179012346,0.03164978697896004,0.9999523162841797,0.9997346997261047,0.0002284609217895195,0,1,1,0
testing/notflip/0039_000000026,notflip/0039,26,ENV-03,0,training/notflip/0008_000000002,notflip/0008,ENV-01,0.05721282127599996,16,0.14639177922453694,6.178720258131109,0.036886091820987656,0.19575749054783834,0.014168595679012345,0.038562994450330734,0.9999533891677856,0.9996570348739624,0.00027547471108846366,0,1,1,0
training/notflip/0039_000000027,notflip/0039,27,ENV-03,0,training/flip/0017_000000007,flip/0017,ENV-02,0.05011879945094251,16,0.20747056211419787,5.020878563478141,0.02384789737654321,0.19126008217592513,0.0140234375,0.052848801016807556,0.9999582767486572,0.9997703433036804,7.983005343703553e-05,0,1,1,0
training/notflip/0039_000000028,notflip/0039,28,ENV-03,0,training/flip/0030_000000005,flip/0030,ENV-02,0.05442202230606359,16,0.2294442325424383,6.063256216899574,0.02960551697530864,0.1909174500385794,0.013721547067901234,0.05360312759876251,0.9999618530273438,0.9997860789299011,8.882035035640001e-05,0,1,1,0
training/notflip/0039_000000029,notflip/0039,29,ENV-03,0,training/notflip/0015_000000014,notflip/0015,ENV-02,0.08149659882780969,16,0.17211152459490603,8.036787467296342,0.03502073688271605,0.19106328356481397,0.014171489197530864,0.09431731700897217,0.9999644756317139,0.9998306035995483,0.00035072435275651515,0,1,1,0
training/notflip/0039_000000030,notflip/0039,30,ENV-03,0,training/flip/0011_000000018,flip/0011,ENV-02,0.06387764317762762,16,0.23082254552469003,7.1764668414800035,0.03566936728395062,0.19073739149305474,0.014069733796296295,0.1336897313594818,0.9999700784683228,0.9998726844787598,0.0008005697745829821,0,1,1,0
training/notflip/0040_000000025,notflip/0040,25,ENV-03,0,training/flip/0030_000000004,flip/0030,ENV-02,0.02989009561469234,16,0.19279259307484553,3.0316281084497825,0.0011877893518518518,0.17166897907021594,0.02277391975308642,0.018975401297211647,0.997787356376648,0.9993889331817627,0.12347190082073212,0,1,1,0
training/notflip/0040_000000026,notflip/0040,26,ENV-03,0,training/notflip/0015_000000009,notflip/0015,ENV-02,0.059815374230622276,16,0.21586930864197493,5.020878563478131,0.0026953125,0.17169408458719126,0.02300250771604938,0.02019239217042923,0.997914731502533,0.9994275569915771,0.0792960450053215,0,1,1,0
training/notflip/0040_000000027,notflip/0040,27,ENV-03,0,training/flip/0013_000000020,flip/0013,ENV-02,0.038630263538566634,16,0.16757340075231353,4.109890269382968,0.0019232253086419752,0.17143757397762335,0.022745466820987655,0.019360532984137535,0.997856080532074,0.9994239807128906,0.5025313496589661,0,1,1,1
training/notflip/0040_000000028,notflip/0040,28,ENV-03,0,training/notflip/0009_000000006,notflip/0009,ENV-01,0.03150863380459551,16,0.209782610628859,3.328209393813879,0.002679880401234568,0.17135564226466046,0.023196855709876542,0.025997744873166084,0.9978864789009094,0.9993945360183716,0.47292283177375793,0,1,1,0
training/notflip/0040_000000029,notflip/0040,29,ENV-03,0,training/flip/0018_000000016,flip/0018,ENV-02,0.027956010872219484,16,0.1877991686921296,2.549860718757417,0.0010734953703703703,0.1715720775462962,0.022648533950617285,0.01899505779147148,0.9979922771453857,0.9994550347328186,0.44711047410964966,0,1,1,0
training/notflip/0040_000000030,notflip/0040,30,ENV-03,0,training/notflip/0015_000000013,notflip/0015,ENV-02,0.05792062050683463,16,0.20448951957947475,4.628021222611884,0.0022786458333333335,0.17147820023148141,0.022626350308641976,0.01607910916209221,0.9980720281600952,0.9994449019432068,0.11600729078054428,0,1,1,0
training/notflip/0041_000000030,notflip/0041,30,ENV-04,0,training/notflip/0015_000000016,notflip/0015,ENV-02,0.060085519945631015,16,0.18503419859182169,4.408415864019578,0.01439477237654321,0.1633205020254634,0.025193865740740742,0.00023932469775900245,0.9999998807907104,0.999998927116394,5.932646672590636e-06,0,1,1,0
training/notflip/0041_000000031,notflip/0041,31,ENV-04,0,training/flip/0016_000000017,flip/0016,ENV-02,0.04665317305831009,16,0.21209199459876524,4.1036706884362015,0.013375289351851852,0.16328391261574124,0.025298996913580247,0.0002185977646149695,0.9999998807907104,0.9999991655349731,3.291288885520771e-05,0,1,1,0
training/notflip/0041_000000032,notflip/0041,32,ENV-04,0,training/flip/0021_000000024,flip/0021,ENV-02,0.04933279868900011,16,0.20015942447916676,4.103670688436206,0.013909625771604938,0.16294885686728444,0.025730613425925926,0.00019664072897285223,0.9999998807907104,0.9999992847442627,1.052554671332473e-05,0,1,1,0
training/notflip/0041_000000033,notflip/0041,33,ENV-04,0,training/flip/0021_000000021,flip/0021,ENV-02,0.04299442491436412,16,0.20136574025848708,3.2691253833153766,0.012086709104938271,0.16364025723379672,0.025562307098765433,0.0002753339649643749,0.9999998807907104,0.9999995231628418,9.756424333318137e-06,0,1,1,0
testing/notflip/0041_000000034,notflip/0041,34,ENV-04,0,training/notflip/0015_000000008,notflip/0015,ENV-02,0.06560149844457192,16,0.18913873099922843,4.910468472241549,0.05451726466049383,0.16451252035108066,0.02574604552469136,0.00034795282408595085,0.9999998807907104,0.9999995231628418,2.742837750702165e-06,0,1,1,0
training/notflip/0041_000000035,notflip/0041,35,ENV-04,0,training/flip/0017_000000004,flip/0017,ENV-02,0.03389006570791262,16,0.1857205948109565,2.4552342361207744,0.010291280864197531,0.1643366739969141,0.025499614197530864,0.0002502134593669325,0.9999998807907104,0.9999992847442627,4.543308023130521e-05,0,1,1,0
testing/notflip/0041_000000036,notflip/0041,36,ENV-04,0,training/flip/0022_000000013,flip/0022,ENV-02,0.037973713180810616,16,0.1998186454475318,3.2691253833153704,0.014489776234567901,0.1638650912422845,0.025361207561728397,0.00021409890905488282,0.9999998807907104,0.9999990463256836,1.1582329534576274e-05,0,1,1,0
training/notflip/0041_000000037,notflip/0041,37,ENV-04,0,training/flip/0011_000000018,flip/0011,ENV-02,0.04417765909120075,16,0.20942651996527697,3.5222154712334826,0.015189525462962964,0.1639586406250006,0.025448013117283952,0.00019332962983753532,0.9999998807907104,0.9999988079071045,1.0823224329215009e-05,0,1,1,0
training/notflip/0042_000000025,notflip/0042,25,ENV-04,0,training/notflip/0015_000000011,notflip/0015,ENV-02,0.07414381277008375,16,0.17688575974151244,6.031249376344584,0.07849826388888889,0.1635692773919756,0.020267168209876542,0.03743927180767059,0.9999992847442627,0.9999973773956299,0.0002641864703036845,0,1,1,0
training/notflip/0042_000000026,notflip/0042,26,ENV-04,0,training/notflip/0015_000000012,notflip/0015,ENV-02,0.07437982062635995,16,0.17635720572916655,6.0312493763445785,0.07967255015432098,0.16419706240354956,0.020673707561728396,0.17671085894107819,0.9999991655349731,0.999996542930603,0.0007030542474240065,0,1,1,0
testing/notflip/0042_000000027,notflip/0042,27,ENV-04,0,training/flip/0017_000000018,flip/0017,ENV-02,0.06097123595455977,16,0.19097111400463002,5.1295883605452595,0.032928240740740744,0.16531711979166688,0.021121720679012346,0.30273866653442383,0.9999988079071045,0.9999964237213135,0.002368699526414275,0,1,1,0
training/notflip/0042_000000028,notflip/0042,28,ENV-04,0,training/notflip/0015_000000009,notflip/0015,ENV-02,0.07778007363589942,16,0.18614335532407406,6.66846486870884,0.10555266203703703,0.16387914544753102,0.02099633487654321,0.542585551738739,0.9999985694885254,0.9999934434890747,0.0042969719506800175,1,1,1,0
training/notflip/0042_000000029,notflip/0042,29,ENV-04,0,training/notflip/0015_000000013,notflip/0015,ENV-02,0.07731254191992767,16,0.19686264718364146,6.777482072233749,0.10567418981481481,0.1615010588348769,0.021687403549382717,0.6089922785758972,0.9999973773956299,0.9999895095825195,0.0063138981349766254,1,1,1,0
testing/notflip/0042_000000030,notflip/0042,30,ENV-04,0,training/notflip/0015_000000006,notflip/0015,ENV-02,0.07979243756665585,16,0.19342829976851877,6.66846486870884,0.10878038194444445,0.16047508024691387,0.021832561728395063,0.47795143723487854,0.9999966621398926,0.9999868869781494,0.0018286773702129722,0,1,1,0
training/notflip/0043_000000025,notflip/0043,25,ENV-04,0,training/flip/0012_000000024,flip/0012,ENV-02,0.05188761118810955,16,0.1777112295524691,5.020878563478131,0.04056423611111111,0.15044183015046309,0.0290210262345679,0.00011850230657728389,0.9998769760131836,0.9999570846557617,3.571110573830083e-05,0,1,1,0
testing/notflip/0043_000000026,notflip/0043,26,ENV-04,0,training/flip/0011_000000024,flip/0011,ENV-02,0.05857953158138403,16,0.2016960068479942,4.79678464202638,0.039423707561728395,0.15036567264660514,0.028523341049382717,9.77951058303006e-05,0.9998679161071777,0.9999513626098633,9.906597369990777e-06,0,1,1,0
training/notflip/0043_000000027,notflip/0043,27,ENV-04,0,training/notflip/0015_000000011,notflip/0015,ENV-02,0.07028802072226553,16,0.16176059114583288,5.525347819543941,0.07590229552469135,0.1506088287037039,0.028525270061728395,9.282123210141435e-05,0.9998950958251953,0.9999632835388184,2.3459222120436607e-06,0,1,1,0
training/notflip/0043_000000028,notflip/0043,28,ENV-04,0,training/flip/0021_000000024,flip/0021,ENV-02,0.05644347671614335,16,0.20252438647762366,4.796784642026373,0.03765625,0.1512263572530866,0.02808641975308642,8.061502012424171e-05,0.9999011754989624,0.9999576807022095,5.576439889409812e-06,0,1,1,0
training/notflip/0043_000000029,notflip/0043,29,ENV-04,0,training/notflip/0015_000000009,notflip/0015,ENV-02,0.07124198238555039,16,0.15936161718749958,5.525347819543952,0.07459153163580247,0.15197865991512358,0.027749324845679012,6.181631761137396e-05,0.9999198913574219,0.9999629259109497,9.146101547230501e-07,0,1,1,0
training/notflip/0043_000000030,notflip/0043,30,ENV-04,0,training/notflip/0015_000000007,notflip/0015,ENV-02,0.07123251103286216,16,0.1626167100694441,5.30744483550921,0.07394145447530864,0.15309978530092613,0.02732204861111111,6.0244379710638896e-05,0.9999346733093262,0.9999668598175049,6.66744313093659e-07,0,1,1,0
training/notflip/0044_000000025,notflip/0044,25,ENV-04,0,training/flip/0016_000000024,flip/0016,ENV-02,0.07442631454750746,16,0.1777749480131175,6.5521305588329275,0.07688512731481481,0.15227661419753105,0.027890625,0.000449121231213212,0.9998255372047424,0.9999061822891235,0.00014238255971577018,0,1,1,0
training/notflip/0044_000000026,notflip/0044,26,ENV-04,0,training/flip/0022_000000017,flip/0022,ENV-02,0.05567348241020771,16,0.18752978915895077,5.283323206850215,0.07154320987654321,0.1528063523341051,0.027683738425925926,0.0006224840763024986,0.9998561143875122,0.999895453453064,0.00012595680891536176,0,1,1,0
testing/notflip/0044_000000027,notflip/0044,27,ENV-04,0,training/flip/0022_000000017,flip/0022,ENV-02,0.055595207301370436,16,0.18623397617669765,5.283323206850215,0.07169801311728395,0.1528820729166667,0.028106674382716048,0.000912868941668421,0.9998745918273926,0.9999008178710938,0.00014147245383355767,0,1,1,0
training/notflip/0044_000000028,notflip/0044,28,ENV-04,0,training/flip/0011_000000017,flip/0011,ENV-02,0.053770676641311764,16,0.19399016039737646,5.020878563478137,0.07342062114197531,0.15356190480324078,0.027901716820987653,0.0010031128767877817,0.9998906850814819,0.9999061822891235,0.00014980412379372865,0,1,1,0
training/notflip/0044_000000029,notflip/0044,29,ENV-04,0,training/notflip/0006_000000001,notflip/0006,ENV-01,0.05444766165078241,16,0.1864880228587963,4.981007169595123,0.11509403935185185,0.15364799546682106,0.027690007716049382,0.0015688796993345022,0.9999173879623413,0.9999222755432129,0.0006962830666452646,0,1,1,0
training/notflip/0044_000000030,notflip/0044,30,ENV-04,0,training/notflip/0015_000000012,notflip/0015,ENV-02,0.07608870336477211,16,0.17383928202160476,6.031249376344581,0.10534095293209876,0.1548217033179012,0.026962770061728394,0.0022323201410472393,0.9999399185180664,0.9999308586120605,4.645977605832741e-05,0,1,1,0
training/notflip/0045_000000025,notflip/0045,25,ENV-04,0,training/notflip/0011_000000005,notflip/0011,ENV-01,0.04577289103460089,16,0.2054923336226855,4.166083972823459,0.09659047067901234,0.15746319868827177,0.023798707561728395,0.002755773952230811,0.9998577833175659,0.999749481678009,0.00245688040740788,0,1,1,0
testing/notflip/0045_000000026,notflip/0045,26,ENV-04,0,training/flip/0015_000000020,flip/0015,ENV-02,0.06361881828958266,16,0.18931170418595675,5.4368584609691535,0.08445216049382716,0.1585499365354941,0.023773148148148147,0.0036139267031103373,0.9998862743377686,0.9997445940971375,0.0024596306029707193,0,1,1,0
training/notflip/0045_000000027,notflip/0045,27,ENV-04,0,training/notflip/0015_000000016,notflip/0015,ENV-02,0.07505542005581428,16,0.17652642554012363,5.7787689245667595,0.1053028549382716,0.15895269290123476,0.023890817901234568,0.005361340474337339,0.9999009370803833,0.9997584223747253,0.0006446510087698698,0,1,1,0
testing/notflip/0045_000000028,notflip/0045,28,ENV-04,0,training/notflip/0015_000000006,notflip/0015,ENV-02,0.0783291821606519,16,0.1802600002893514,6.668464868708839,0.10205680941358025,0.1599767354359571,0.023129822530864198,0.026717904955148697,0.9999693632125854,0.9999498128890991,0.0015380269614979625,0,1,1,0
training/notflip/0045_000000029,notflip/0045,29,ENV-04,0,training/notflip/0008_000000001,notflip/0008,ENV-01,0.04944307838118933,16,0.1983855425347226,4.628021222611879,0.09172839506172839,0.15968202845293236,0.023547453703703702,0.01670805551111698,0.999966025352478,0.9999377727508545,0.014003034681081772,0,1,1,0
testing/notflip/0045_000000030,notflip/0045,30,ENV-04,0,training/notflip/0006_000000004,notflip/0006,ENV-01,0.05559800141500885,16,0.18504096672453724,4.981007169595122,0.1046262538580247,0.16004890210262365,0.023912037037037037,0.01932425983250141,0.9999667406082153,0.9999364614486694,0.03851049020886421,0,1,1,0
training/notflip/0046_000000025,notflip/0046,25,ENV-04,0,training/flip/0030_000000007,flip/0030,ENV-02,0.04405936123642834,16,0.1819452802854934,3.269125383315376,0.03582561728395062,0.154896203896605,0.02826003086419753,0.006638741120696068,0.9999872446060181,0.9999796152114868,3.702986941789277e-05,0,1,1,0
training/notflip/0046_000000026,notflip/0046,26,ENV-04,0,training/flip/0016_000000016,flip/0016,ENV-02,0.058299504992627156,16,0.19908818113425944,5.5253478195439625,0.04176842206790123,0.1552215416666667,0.027945601851851853,0.0073686642572283745,0.9999909400939941,0.9999810457229614,0.0003867778868880123,0,1,1,0
testing/notflip/0046_000000027,notflip/0046,27,ENV-04,0,training/flip/0011_000000024,flip/0011,ENV-02,0.06361165889705374,16,0.19359403751928989,5.283323206850215,0.07378279320987655,0.15502036014660495,0.02795235339506173,0.012642299756407738,0.999988317489624,0.9999752044677734,0.00034888420486822724,0,1,1,0
testing/notflip/0046_000000028,notflip/0046,28,ENV-04,0,training/flip/0021_000000024,flip/0021,ENV-02,0.06202586877119836,16,0.20744566242283932,5.525347819543956,0.07315489969135802,0.1547724231288581,0.027803337191358024,0.023925086483359337,0.9999862909317017,0.9999691247940063,0.0007462362409569323,0,1,1,0
training/notflip/0046_000000029,notflip/0046,29,ENV-04,0,training/flip/0016_000000020,flip/0016,ENV-02,0.07027266553593288,16,0.18063201205632756,6.277028755231863,0.07664255401234568,0.15465534018132723,0.02783227237654321,0.035496026277542114,0.9999814033508301,0.9999760389328003,0.0023513685446232557,0,1,1,0
training/notflip/0046_000000030,notflip/0046,30,ENV-04,0,training/flip/0015_000000024,flip/0015,ENV-02,0.07093598529419613,16,0.19516499305555554,6.374651796893538,0.09928530092592593,0.15482815769675937,0.027513985339506174,0.08403583616018295,0.999976634979248,0.9999523162841797,0.01863548345863819,0,1,1,0
testing/notflip/0047_000000025,notflip/0047,25,ENV-04,0,training/flip/0016_000000023,flip/0016,ENV-02,0.07894662725146122,16,0.16961740798611158,6.85302441536657,0.09050009645061728,0.1594990171682101,0.02605758101851852,0.001048772013746202,0.9999450445175171,0.9999487400054932,0.0003954639541916549,0,1,1,0
training/notflip/0047_000000026,notflip/0047,26,ENV-04,0,training/flip/0016_000000010,flip/0016,ENV-02,0.051209216224933636,16,0.1680162755594139,4.628021222611879,0.04753761574074074,0.1593783953510805,0.02629484953703704,0.0012537450529634953,0.9999415874481201,0.9999399185180664,0.00050040811765939,0,1,1,0
training/notflip/0047_000000027,notflip/0047,27,ENV-04,0,training/notflip/0006_000000001,notflip/0006,ENV-01,0.05690165047119461,16,0.1653786699459878,4.981007169595122,0.11541184413580247,0.15964411892361144,0.026713445216049382,0.0019040873739868402,0.9999493360519409,0.9999332427978516,0.0014158106641843915,0,1,1,0
training/notflip/0047_000000028,notflip/0047,28,ENV-04,0,training/notflip/0005_000000003,notflip/0005,ENV-01,0.05547313087420175,16,0.19275259172453768,4.628021222611884,0.10612461419753086,0.15971194762731514,0.0266015625,0.0021652807481586933,0.9999580383300781,0.9999368190765381,0.0007272231159731746,0,1,1,0
testing/notflip/0047_000000029,notflip/0047,29,ENV-04,0,training/flip/0013_000000018,flip/0013,ENV-02,0.05614005795944327,16,0.17172210358796317,5.0208785634781306,0.04470871913580247,0.1589313637152781,0.026457851080246914,0.0031971586868166924,0.9999650716781616,0.9999374151229858,0.0006374581716954708,0,1,1,0
training/notflip/0047_000000030,notflip/0047,30,ENV-04,0,training/flip/0011_000000017,flip/0011,ENV-02,0.05613083294256292,16,0.18557304118441326,5.0208785634781306,0.07897038966049383,0.15991687191358056,0.026448688271604938,0.0033037534449249506,0.9999676942825317,0.999927282333374,0.00071079091867432,0,1,1,0
testing/notflip/0048_000000025,notflip/0048,25,ENV-04,0,training/flip/0019_000000013,flip/0019,ENV-02,0.037590473691315754,16,0.17101812133487637,2.762673909771976,0.010257040895061728,0.15186842370756176,0.02699652777777778,9.867169865174219e-05,0.9999207258224487,0.9998136162757874,1.038504888128955e-05,0,1,1,0
testing/notflip/0048_000000026,notflip/0048,26,ENV-04,0,training/flip/0022_000000015,flip/0022,ENV-02,0.05556558029172684,16,0.18325524942129695,4.79678464202638,0.06997733410493827,0.15214998032407415,0.02599151234567901,9.032706293510273e-05,0.9999052286148071,0.9998121857643127,5.707831860490842e-06,0,1,1,0
training/notflip/0048_000000027,notflip/0048,27,ENV-04,0,training/notflip/0015_000000006,notflip/0015,ENV-02,0.07698512044788179,16,0.1903750917245372,5.8185094308542356,0.10676601080246914,0.15313699652777782,0.02577980324074074,0.00010557575296843424,0.9999264478683472,0.9998107552528381,1.761935436661588e-06,0,1,1,0
training/notflip/0048_000000028,notflip/0048,28,ENV-04,0,training/notflip/0015_000000016,notflip/0015,ENV-02,0.07368744145432014,16,0.17237800241126536,5.525347819543952,0.10449556327160493,0.1534951935763889,0.026080729166666667,0.0001084690957213752,0.999919056892395,0.9997996687889099,2.1544012724916684e-06,0,1,1,0
training/notflip/0048_000000029,notflip/0048,29,ENV-04,0,training/flip/0015_000000015,flip/0015,ENV-02,0.05056652691738832,16,0.17164868807870423,4.304756945748228,0.031712962962962964,0.15322622309027778,0.026099537037037036,0.0001867469254648313,0.9998965263366699,0.9997754693031311,1.836035880842246e-05,0,1,1,0
testing/notflip/0048_000000030,notflip/0048,30,ENV-04,0,training/flip/0020_000000013,flip/0020,ENV-02,0.045538783892657385,16,0.16303236583719155,4.1660839728234595,0.014779610339506173,0.15291384837962954,0.025709394290123457,0.00026436609914526343,0.999894380569458,0.9997983574867249,2.1214931621216238e-05,0,1,1,0
training/notflip/0049_000000025,notflip/0049,25,ENV-04,0,training/notflip/0006_000000001,notflip/0006,ENV-01,0.05684866212788859,16,0.18254385918209873,4.981007169595123,0.10576485339506173,0.16135789940200612,0.021694155092592593,0.017116520553827286,0.9999955892562866,0.9999909400939941,0.012518260627985,0,1,1,0
testing/notflip/0049_000000026,notflip/0049,26,ENV-04,0,training/notflip/0006_000000013,notflip/0006,ENV-01,0.053547914305304464,16,0.19232430680941373,4.628021222611881,0.09687789351851851,0.16185261921296282,0.02200810185185185,0.018066786229610443,0.9999971389770508,0.9999936819076538,0.006381320767104626,0,1,1,0
training/notflip/0049_000000027,notflip/0049,27,ENV-04,0,training/flip/0013_000000024,flip/0013,ENV-02,0.05634275099400247,16,0.18965043711419735,5.020878563478141,0.03802662037037037,0.1627182909915122,0.022527006172839505,0.024333177134394646,0.999997615814209,0.9999947547912598,0.004994446411728859,0,1,1,0
testing/notflip/0049_000000028,notflip/0049,28,ENV-04,0,training/flip/0013_000000019,flip/0013,ENV-02,0.05642104215114949,16,0.18769595707947498,5.020878563478141,0.03796585648148148,0.1623338465470677,0.023154899691358026,0.033049289137125015,0.9999979734420776,0.9999948740005493,0.0064111375249922276,0,1,1,0
training/notflip/0049_000000029,notflip/0049,29,ENV-04,0,training/notflip/0008_000000010,notflip/0008,ENV-01,0.052478740426365925,16,0.15848086969521594,4.3047569457482355,0.07619454089506172,0.16358887567515407,0.02302806712962963,0.03967900201678276,0.9999977350234985,0.9999939203262329,0.007792151533067226,0,1,1,0
training/notflip/0049_000000030,notflip/0049,30,ENV-04,0,training/flip/0016_000000017,flip/0016,ENV-02,0.06312173802757315,16,0.19443201331018523,5.578708683783684,0.040445119598765435,0.16433638686342572,0.022817322530864197,0.05927247554063797,0.9999974966049194,0.9999938011169434,0.020401056855916977,0,1,1,0
training/notflip/0050_000000024,notflip/0050,24,ENV-04,0,training/flip/0012_000000023,flip/0012,ENV-02,0.05376333565835052,16,0.1788618043981482,4.981007169595122,0.041220100308641976,0.15289074556327104,0.028936631944444444,1.6671217963448726e-05,0.9995822310447693,0.9999552965164185,7.828786692698486e-06,0,1,1,0
training/notflip/0050_000000025,notflip/0050,25,ENV-04,0,training/flip/0016_000000021,flip/0016,ENV-02,0.06536745419823048,16,0.2106313218557099,5.307444835509221,0.0423804012345679,0.15309846450617223,0.0288695987654321,1.8118877051165327e-05,0.9995996356010437,0.9999574422836304,4.807709501619684e-06,0,1,1,0
training/notflip/0050_000000026,notflip/0050,26,ENV-04,0,training/flip/0011_000000016,flip/0011,ENV-02,0.04461566098222158,16,0.16718117476851824,3.8247910781361223,0.03800443672839506,0.15299639573688206,0.028431712962962964,1.3779772416455671e-05,0.9994276165962219,0.9999449253082275,3.911164185410598e-06,0,1,1,0
training/notflip/0050_000000027,notflip/0050,27,ENV-04,0,training/flip/0015_000000022,flip/0015,ENV-02,0.06153300451158563,16,0.1888868740354935,5.0208785634781306,0.043090277777777776,0.15283987037036975,0.028463541666666668,1.0754054528661072e-05,0.9993138313293457,0.9999343156814575,8.240086572186556e-06,0,1,1,0
training/notflip/0050_000000028,notflip/0050,28,ENV-04,0,training/flip/0012_000000020,flip/0012,ENV-02,0.05235292949627291,16,0.16917710947144998,4.981007169595118,0.04064043209876543,0.15264689737654252,0.02865499614197531,9.18716068554204e-06,0.99920254945755,0.999935507774353,3.8092402974143624e-06,0,1,1,0
training/notflip/0050_000000029,notflip/0050,29,ENV-04,0,training/flip/0011_000000022,flip/0011,ENV-02,0.060773700225390304,16,0.2184414103973765,5.099721437514827,0.07222559799382716,0.152724877121913,0.02835841049382716,8.013430488063022e-06,0.9992203712463379,0.9999227523803711,2.0425475213414757e-06,0,1,1,0
testing/notflip/0051_000000025,notflip/0051,25,ENV-04,0,training/notflip/0015_000000007,notflip/0015,ENV-02,0.0787356938894841,16,0.18311735628858036,6.031249376344574,0.12118586033950618,0.1599875997299381,0.020614390432098766,0.003162360517308116,0.9999885559082031,0.9998074173927307,0.0003847514162771404,0,1,1,0
training/notflip/0051_000000026,notflip/0051,26,ENV-04,0,training/notflip/0006_000000013,notflip/0006,ENV-01,0.051740260795332914,16,0.1928947043788585,4.166083972823462,0.10638744212962963,0.15946149083719122,0.020484182098765433,0.0026591771747916937,0.9999828338623047,0.9997542500495911,0.0012797876261174679,0,1,1,0
training/notflip/0051_000000027,notflip/0051,27,ENV-04,0,training/flip/0021_000000022,flip/0021,ENV-02,0.059373369498817885,16,0.17584492833719095,4.796784642026379,0.04964265046296296,0.1594467026427468,0.020425829475308643,0.0022742177825421095,0.9999805688858032,0.9997362494468689,0.0003853741509374231,0,1,1,0
training/notflip/0051_000000028,notflip/0051,28,ENV-04,0,training/notflip/0015_000000020,notflip/0015,ENV-02,0.0718934281006592,16,0.16672388493441348,5.129588360545289,0.09879195601851852,0.15909793200231467,0.020367476851851852,0.002178207738325,0.9999808073043823,0.9997348189353943,0.00023931647592689842,0,1,1,0
training/notflip/0051_000000029,notflip/0051,29,ENV-04,0,training/notflip/0015_000000024,notflip/0015,ENV-02,0.058713429173046824,16,0.20197601263503134,4.286673378852137,0.0499242862654321,0.15849787075617264,0.02050443672839506,0.0026520907413214445,0.9999812841415405,0.9997543692588806,0.00020601839059963822,0,1,1,0
training/notflip/0051_000000030,notflip/0051,30,ENV-04,0,training/flip/0016_000000018,flip/0016,ENV-02,0.0647648840783472,16,0.18531886072530804,5.525347819543956,0.05326822916666667,0.15823172550154302,0.02042920524691358,0.0032856897450983524,0.9999847412109375,0.9997525811195374,0.0006015211110934615,0,1,1,0
training/notflip/0052_000000025,notflip/0052,25,ENV-04,0,training/notflip/0015_000000013,notflip/0015,ENV-02,0.06955595807769964,16,0.16444035088734543,4.796784642026379,0.09178240740740741,0.1556791383101859,0.02673900462962963,0.0021014793310314417,0.9999843835830688,0.9999730587005615,0.00011581813305383548,0,1,1,0
training/notflip/0052_000000026,notflip/0052,26,ENV-04,0,training/notflip/0015_000000014,notflip/0015,ENV-02,0.06921486683560095,16,0.1719384005594135,4.796784642026379,0.09139322916666667,0.15473871971450684,0.02673466435185185,0.0027648231480270624,0.999981164932251,0.9999685287475586,0.00014617794658988714,0,1,1,0
training/notflip/0052_000000027,notflip/0052,27,ENV-04,0,training/flip/0011_000000022,flip/0011,ENV-02,0.06131727303776768,16,0.21159784915123467,5.099721437514827,0.08845727237654322,0.1554222255979945,0.02677420910493827,0.0032157828100025654,0.9999783039093018,0.9999558925628662,0.0007098026690073311,0,1,1,0
training/notflip/0052_000000028,notflip/0052,28,ENV-04,0,training/flip/0013_000000023,flip/0013,ENV-02,0.05139315666974996,16,0.16698130941357964,4.931868323259563,0.050347222222222224,0.1548050453317908,0.02717110339506173,0.003965448122471571,0.9999779462814331,0.999950647354126,0.0010270581115037203,0,1,1,0
testing/notflip/0052_000000029,notflip/0052,29,ENV-04,0,training/flip/0016_000000022,flip/0016,ENV-02,0.06952345256744451,16,0.19453476890432086,6.031249376344584,0.05462480709876543,0.1545593056520068,0.02632957175925926,0.006831695791333914,0.999977707862854,0.9998971223831177,0.0010445162188261747,0,1,1,0
training/notflip/0052_000000030,notflip/0052,30,ENV-04,0,training/flip/0016_000000017,flip/0016,ENV-02,0.05766695824620525,16,0.20444025588348744,5.283323206850207,0.052424768518518516,0.15475392640817962,0.025593171296296298,0.005547727458178997,0.9999693632125854,0.9997876286506653,0.001045482000336051,0,1,1,0
testing/notflip/0053_000000025,notflip/0053,25,ENV-04,0,training/flip/0022_000000019,flip/0022,ENV-02,0.06162911960612081,16,0.1616400624999998,5.2833232068502065,0.09828896604938271,0.16234692187500036,0.02458719135802469,0.004602222237735987,0.9999886751174927,0.9999397993087769,0.0002807645360007882,0,1,1,0
training/notflip/0053_000000026,notflip/0053,26,ENV-04,0,training/flip/0016_000000022,flip/0016,ENV-02,0.07333749754400874,16,0.19640576890432135,6.031249376344584,0.10260609567901234,0.16241338985339537,0.02427710262345679,0.003750104922801256,0.9999871253967285,0.9999203681945801,0.00042913586366921663,0,1,1,0
training/notflip/0053_000000027,notflip/0053,27,ENV-04,0,training/flip/0021_000000019,flip/0021,ENV-02,0.04755802354740687,16,0.16483053896604904,3.522215471233482,0.030042920524691357,0.1628333343942903,0.02404224537037037,0.006438813172280788,0.9999885559082031,0.9999324083328247,0.00034129098639823496,0,1,1,0
training/notflip/0053_000000028,notflip/0053,28,ENV-04,0,training/flip/0016_000000022,flip/0016,ENV-02,0.07343466989600292,16,0.1934443393132715,6.031249376344584,0.10194251543209877,0.16330991898148164,0.02424430941358025,0.016265500336885452,0.999995231628418,0.9999686479568481,0.001061270129866898,0,1,1,0
training/notflip/0053_000000029,notflip/0053,29,ENV-04,0,training/notflip/0008_000000002,notflip/0008,ENV-01,0.049211607915742805,16,0.18544658989197524,3.824791078136122,0.1110325038580247,0.16269325067515442,0.02400511188271605,0.018310775980353355,0.9999958276748657,0.9999758005142212,0.0013813889818266034,0,1,1,0
training/notflip/0053_000000030,notflip/0053,30,ENV-04,0,training/flip/0016_000000016,flip/0016,ENV-02,0.06101339694659609,16,0.17402426707175864,5.525347819543952,0.05784866898148148,0.16040374247685188,0.024020061728395062,0.032103292644023895,0.9999970197677612,0.9999823570251465,0.0043205260299146175,0,1,1,0
training/notflip/0054_000000025,notflip/0054,25,ENV-04,0,training/flip/0016_000000014,flip/0016,ENV-02,0.044966983023952356,16,0.22526313223379546,4.286673378852125,0.03685088734567901,0.15419993219521558,0.027659143518518517,0.0002427863801131025,0.9996122717857361,0.9999475479125977,0.0005540892016142607,0,1,1,0
training/notflip/0054_000000026,notflip/0054,26,ENV-04,0,training/flip/0011_000000018,flip/0011,ENV-02,0.04630338443079016,16,0.21288915567129554,4.304756945748221,0.03677758487654321,0.15401262808641925,0.027056327160493828,0.00020536512602120638,0.999537467956543,0.9999505281448364,0.00015561319014523178,0,1,1,0
testing/notflip/0054_000000027,notflip/0054,27,ENV-04,0,training/flip/0021_000000025,flip/0021,ENV-02,0.05638413988069908,16,0.22512896363811746,4.796784642026368,0.03786168981481482,0.1546494483989193,0.026990740740740742,0.00017361728532705456,0.9995306730270386,0.9999444484710693,8.310419070767239e-05,0,1,1,0
training/notflip/0054_000000028,notflip/0054,28,ENV-04,0,training/notflip/0015_000000019,notflip/0015,ENV-02,0.06315887466299058,16,0.17081389679783962,4.616629524490737,0.03724392361111111,0.15437511458333295,0.027026427469135802,0.00017495038628112525,0.9996155500411987,0.9999501705169678,2.7352984034223482e-05,0,1,1,0
training/notflip/0054_000000029,notflip/0054,29,ENV-04,0,training/flip/0015_000000016,flip/0015,ENV-02,0.041914748254123724,16,0.16071685108024633,3.8247910781361156,0.016549479166666665,0.1542301648341045,0.026830632716049383,0.0001950118166860193,0.999634861946106,0.9999475479125977,0.00027103934553451836,0,1,1,0
training/notflip/0054_000000030,notflip/0054,30,ENV-04,0,training/flip/0019_000000023,flip/0019,ENV-02,0.04044116554012552,16,0.19512427787422781,3.522215471233474,0.016050347222222223,0.15449238300540075,0.027160011574074074,0.00022634478227701038,0.9996451139450073,0.999944806098938,0.00013930865679867566,0,1,1,0
training/notflip/0055_000000025,notflip/0055,25,ENV-04,0,training/flip/0021_000000024,flip/0021,ENV-02,0.059874616985712545,16,0.2067740115740738,5.0208785634781385,0.08051938657407408,0.16447619155092585,0.022411747685185186,0.00478906137868762,0.9999980926513672,0.9999840259552002,0.00030314328614622355,0,1,1,0
training/notflip/0055_000000026,notflip/0055,26,ENV-04,0,training/flip/0021_000000021,flip/0021,ENV-02,0.05215926849195327,16,0.16797427826003053,4.304756945748235,0.03768132716049383,0.16386699498456794,0.022580536265432098,0.013969515450298786,0.999998927116394,0.9999933242797852,0.0007075542816892266,0,1,1,0
training/notflip/0055_000000027,notflip/0055,27,ENV-04,0,training/flip/0016_000000019,flip/0016,ENV-02,0.06704764897179742,16,0.1942181976273153,5.7787689245667595,0.0431201774691358,0.16490479687500006,0.022420910493827162,0.027334311977028847,0.9999992847442627,0.9999959468841553,0.0019813822582364082,0,1,1,0
training/notflip/0055_000000028,notflip/0055,28,ENV-04,0,training/notflip/0005_000000011,notflip/0005,ENV-01,0.04214596828806761,16,0.2235326161265434,3.3546050074166036,0.035667438271604936,0.16548622453703715,0.02255449459876543,0.03502251207828522,0.9999994039535522,0.9999966621398926,0.0023560691624879837,0,1,1,0
training/notflip/0055_000000029,notflip/0055,29,ENV-04,0,training/notflip/0015_000000022,notflip/0015,ENV-02,0.06297833375501041,16,0.1733739042245371,4.996057118062497,0.041980613425925926,0.1669905750385804,0.02269338348765432,0.04872947186231613,0.9999995231628418,0.9999972581863403,0.0007385213975794613,0,1,1,0
training/notflip/0055_000000030,notflip/0055,30,ENV-04,0,training/notflip/0008_000000002,notflip/0008,ENV-01,0.04610691682294096,16,0.2033340201581794,3.824791078136122,0.10003809799382717,0.16694893499228416,0.02288435570987654,0.03816135227680206,0.9999995231628418,0.9999978542327881,0.003141484223306179,0,1,1,0
training/notflip/0056_000000025,notflip/0056,25,ENV-04,0,training/flip/0012_000000023,flip/0012,ENV-02,0.05345361913676376,16,0.1800575434992277,5.283323206850215,0.07577739197530864,0.1553134319058641,0.028130787037037037,0.0011068892199546099,0.9999501705169678,0.9999593496322632,0.0003222634841222316,0,1,1,0
training/notflip/0056_000000026,notflip/0056,26,ENV-04,0,training/flip/0015_000000017,flip/0015,ENV-02,0.0470229409836653,16,0.1539845984760801,4.018393733648176,0.023255208333333333,0.15531257995756168,0.027643711419753088,0.0011857213685289025,0.9999456405639648,0.9999611377716064,0.00031908004893921316,0,1,1,0
testing/notflip/0056_000000027,notflip/0056,27,ENV-04,0,training/flip/0012_000000023,flip/0012,ENV-02,0.05460372126901415,16,0.19484476408178897,5.357843626105899,0.0786082175925926,0.15495846363811736,0.02728877314814815,0.0020392711739987135,0.9999628067016602,0.9999696016311646,0.0003793796640820801,0,1,1,0
training/notflip/0056_000000028,notflip/0056,28,ENV-04,0,training/notflip/0009_000000001,notflip/0009,ENV-01,0.045829171920676696,16,0.1644281003086431,4.5373658060020885,0.09788869598765432,0.1549020234375,0.02736545138888889,0.0019626363646239042,0.9999580383300781,0.9999662637710571,0.00035555061185732484,0,1,1,0
training/notflip/0056_000000029,notflip/0056,29,ENV-04,0,training/flip/0016_000000024,flip/0016,ENV-02,0.0694045772487211,16,0.1964012353395064,6.063256216899581,0.04727237654320988,0.15458093643904317,0.027377025462962962,0.001785781467333436,0.9999582767486572,0.999963641166687,0.0002455333014950156,0,1,1,0
training/notflip/0056_000000030,notflip/0056,30,ENV-04,0,training/notflip/0015_000000015,notflip/0015,ENV-02,0.06945629716354318,16,0.17278181529706782,5.307444835509221,0.08107831790123457,0.1546495554591049,0.027198591820987654,0.001866249251179397,0.9999531507492065,0.9999608993530273,4.619910760084167e-05,0,1,1,0
training/notflip/0057_000000025,notflip/0057,25,ENV-04,0,training/flip/0016_000000020,flip/0016,ENV-02,0.06456628997375256,16,0.20621818836805542,5.525347819543963,0.04580150462962963,0.1538861494984574,0.03141830632716049,0.001803540624678135,0.9999901056289673,0.999984860420227,0.00026548103778623044,0,1,1,0
training/notflip/0057_000000026,notflip/0057,26,ENV-04,0,training/flip/0022_000000013,flip/0022,ENV-02,0.04425103398536749,16,0.15547130613425952,4.018393733648176,0.0409326774691358,0.15414279465663638,0.03190055941358025,0.0023381905630230904,0.9999895095825195,0.9999881982803345,0.0001952575839823112,0,1,1,0
testing/notflip/0057_000000027,notflip/0057,27,ENV-04,0,training/flip/0017_000000010,flip/0017,ENV-02,0.041548775058712704,16,0.21474451138117262,2.9250540302291563,0.007457561728395062,0.1533261682098771,0.03199025848765432,0.0014495716895908117,0.9999921321868896,0.9999912977218628,7.14573689037934e-05,0,1,1,0
training/notflip/0057_000000028,notflip/0057,28,ENV-04,0,training/flip/0013_000000021,flip/0013,ENV-02,0.05122000563975447,16,0.17482883863811674,4.981007169595119,0.042084780092592596,0.1533490700231487,0.032172067901234565,0.0005594082758761942,0.9999866485595703,0.9999873638153076,0.00011472555343061686,0,1,1,0
training/notflip/0057_000000029,notflip/0057,29,ENV-04,0,training/flip/0017_000000018,flip/0017,ENV-02,0.05627743326888549,16,0.16401690682870382,4.4857103498166975,0.03960648148148148,0.1535033095100314,0.0321556712962963,0.0005794079042971134,0.9999843835830688,0.9999834299087524,1.7831376680987887e-05,0,1,1,0
training/notflip/0057_000000030,notflip/0057,30,ENV-04,0,training/flip/0019_000000024,flip/0019,ENV-02,0.04775923851088259,16,0.19355256838348767,4.304756945748221,0.03971981095679012,0.15344746739969192,0.03220534336419753,0.00045003878767602146,0.9999839067459106,0.9999810457229614,5.155266262590885e-05,0,1,1,0
testing/notflip/0058_000000025,notflip/0058,25,ENV-04,0,training/notflip/0015_000000001,notflip/0015,ENV-02,0.07515552348659471,16,0.17067049025848804,5.818509430854236,0.08787808641975309,0.15403327951388887,0.02318672839506173,0.03135396167635918,0.999994158744812,0.9999934434890747,0.0007311374647542834,0,1,1,0
training/notflip/0058_000000026,notflip/0058,26,ENV-04,0,training/flip/0019_000000022,flip/0019,ENV-02,0.04939154720800199,16,0.1723721034915121,4.304756945748221,0.03409143518518518,0.15576743277391977,0.022728105709876545,0.04119330644607544,0.9999951124191284,0.9999942779541016,0.006721677724272013,0,1,1,0
training/notflip/0058_000000027,notflip/0058,27,ENV-04,0,training/notflip/0006_000000018,notflip/0006,ENV-01,0.04525678259799046,16,0.19510663811728407,3.824791078136116,0.07774257330246914,0.15825930613425934,0.022392457561728394,0.08779025077819824,0.9999964237213135,0.9999961853027344,0.01574762351810932,0,1,1,0
training/notflip/0058_000000028,notflip/0058,28,ENV-04,0,training/notflip/0008_000000004,notflip/0008,ENV-01,0.0502195902606482,16,0.17267907609953706,4.304756945748228,0.10019868827160494,0.15846525954861115,0.022399691358024693,0.1649027019739151,0.9999957084655762,0.9999957084655762,0.024195531383156776,0,1,1,0
training/notflip/0058_000000029,notflip/0058,29,ENV-04,0,training/flip/0015_000000020,flip/0015,ENV-02,0.0629776984423591,16,0.204247220196759,5.43685846096915,0.0389134837962963,0.1588895999228395,0.022550154320987656,0.1899818331003189,0.9999948740005493,0.9999953508377075,0.03219743072986603,0,1,1,0
training/notflip/0058_000000030,notflip/0058,30,ENV-04,0,training/notflip/0015_000000016,notflip/0015,ENV-02,0.07446295749783811,16,0.16160463213734602,6.031249376344572,0.08784818672839506,0.16056306037808638,0.022395351080246914,0.21584537625312805,0.9999953508377075,0.9999959468841553,0.0073408628813922405,0,1,1,0
