regime,sample_id,role,role_detail,label,video_id,frame_number,environment_id,supplied_split,video_observed_length,temporal_rank_0based,temporal_cut_floor80
ST,training/flip/0001_000000010,train,known_environment_earlier_train,flip,flip/0001,10,ENV-01,training,16,0,12
ST,training/flip/0001_000000011,train,known_environment_earlier_train,flip,flip/0001,11,ENV-01,training,16,1,12
ST,training/flip/0001_000000012,train,known_environment_earlier_train,flip,flip/0001,12,ENV-01,training,16,2,12
ST,training/flip/0001_000000013,train,known_environment_earlier_train,flip,flip/0001,13,ENV-01,training,16,3,12
ST,training/flip/0001_000000014,train,known_environment_earlier_train,flip,flip/0001,14,ENV-01,training,16,4,12
ST,training/flip/0001_000000015,train,known_environment_earlier_train,flip,flip/0001,15,ENV-01,training,16,5,12
ST,training/flip/0001_000000016,train,known_environment_earlier_train,flip,flip/0001,16,ENV-01,training,16,6,12
ST,training/flip/0001_000000017,train,known_environment_earlier_train,flip,flip/0001,17,ENV-01,training,16,7,12
ST,training/flip/0001_000000018,train,known_environment_earlier_train,flip,flip/0001,18,ENV-01,training,16,8,12
ST,training/flip/0001_000000019,train,known_environment_earlier_train,flip,flip/0001,19,ENV-01,training,16,9,12
ST,testing/flip/0001_000000020,train,known_environment_earlier_train,flip,flip/0001,20,ENV-01,testing,16,10,12
ST,training/flip/0001_000000021,train,known_environment_earlier_train,flip,flip/0001,21,ENV-01,training,16,11,12
ST,training/flip/0001_000000022,context,known_environment_later_context,flip,flip/0001,22,ENV-01,training,16,12,12
ST,training/flip/0001_000000023,context,known_environment_later_context,flip,flip/0001,23,ENV-01,training,16,13,12
ST,training/flip/0001_000000024,context,known_environment_later_context,flip,flip/0001,24,ENV-01,training,16,14,12
ST,training/flip/0001_000000025,context,known_environment_later_context,flip,flip/0001,25,ENV-01,training,16,15,12
ST,training/flip/0002_000000009,train,known_environment_earlier_train,flip,flip/0002,9,ENV-01,training,13,0,10
ST,training/flip/0002_000000010,train,known_environment_earlier_train,flip,flip/0002,10,ENV-01,training,13,1,10
ST,training/flip/0002_000000011,train,known_environment_earlier_train,flip,flip/0002,11,ENV-01,training,13,2,10
ST,testing/flip/0002_000000012,train,known_environment_earlier_train,flip,flip/0002,12,ENV-01,testing,13,3,10
ST,testing/flip/0002_000000013,train,known_environment_earlier_train,flip,flip/0002,13,ENV-01,testing,13,4,10
ST,training/flip/0002_000000014,train,known_environment_earlier_train,flip,flip/0002,14,ENV-01,training,13,5,10
ST,testing/flip/0002_000000015,train,known_environment_earlier_train,flip,flip/0002,15,ENV-01,testing,13,6,10
ST,training/flip/0002_000000016,train,known_environment_earlier_train,flip,flip/0002,16,ENV-01,training,13,7,10
ST,testing/flip/0002_000000017,train,known_environment_earlier_train,flip,flip/0002,17,ENV-01,testing,13,8,10
ST,training/flip/0002_000000018,train,known_environment_earlier_train,flip,flip/0002,18,ENV-01,training,13,9,10
ST,training/flip/0002_000000019,context,known_environment_later_context,flip,flip/0002,19,ENV-01,training,13,10,10
ST,training/flip/0002_000000020,context,known_environment_later_context,flip,flip/0002,20,ENV-01,training,13,11,10
ST,training/flip/0002_000000021,context,known_environment_later_context,flip,flip/0002,21,ENV-01,training,13,12,10
ST,training/flip/0003_000000001,train,known_environment_earlier_train,flip,flip/0003,1,ENV-01,training,26,0,20
ST,training/flip/0003_000000002,train,known_environment_earlier_train,flip,flip/0003,2,ENV-01,training,26,1,20
ST,training/flip/0003_000000003,train,known_environment_earlier_train,flip,flip/0003,3,ENV-01,training,26,2,20
ST,training/flip/0003_000000004,train,known_environment_earlier_train,flip,flip/0003,4,ENV-01,training,26,3,20
ST,testing/flip/0003_000000005,train,known_environment_earlier_train,flip,flip/0003,5,ENV-01,testing,26,4,20
ST,training/flip/0003_000000006,train,known_environment_earlier_train,flip,flip/0003,6,ENV-01,training,26,5,20
ST,training/flip/0003_000000007,train,known_environment_earlier_train,flip,flip/0003,7,ENV-01,training,26,6,20
ST,testing/flip/0003_000000008,train,known_environment_earlier_train,flip,flip/0003,8,ENV-01,testing,26,7,20
ST,training/flip/0003_000000009,train,known_environment_earlier_train,flip,flip/0003,9,ENV-01,training,26,8,20
ST,training/flip/0003_000000010,train,known_environment_earlier_train,flip,flip/0003,10,ENV-01,training,26,9,20
ST,training/flip/0003_000000011,train,known_environment_earlier_train,flip,flip/0003,11,ENV-01,training,26,10,20
ST,training/flip/0003_000000012,train,known_environment_earlier_train,flip,flip/0003,12,ENV-01,training,26,11,20
ST,training/flip/0003_000000013,train,known_environment_earlier_train,flip,flip/0003,13,ENV-01,training,26,12,20
ST,training/flip/0003_000000014,train,known_environment_earlier_train,flip,flip/0003,14,ENV-01,training,26,13,20
ST,training/flip/0003_000000015,train,known_environment_earlier_train,flip,flip/0003,15,ENV-01,training,26,14,20
ST,training/flip/0003_000000016,train,known_environment_earlier_train,flip,flip/0003,16,ENV-01,training,26,15,20
ST,training/flip/0003_000000017,train,known_environment_earlier_train,flip,flip/0003,17,ENV-01,training,26,16,20
ST,training/flip/0003_000000018,train,known_environment_earlier_train,flip,flip/0003,18,ENV-01,training,26,17,20
ST,training/flip/0003_000000019,train,known_environment_earlier_train,flip,flip/0003,19,ENV-01,training,26,18,20
ST,training/flip/0003_000000020,train,known_environment_earlier_train,flip,flip/0003,20,ENV-01,training,26,19,20
ST,training/flip/0003_000000021,context,known_environment_later_context,flip,flip/0003,21,ENV-01,training,26,20,20
ST,testing/flip/0003_000000022,context,known_environment_later_context,flip,flip/0003,22,ENV-01,testing,26,21,20
ST,training/flip/0003_000000023,context,known_environment_later_context,flip,flip/0003,23,ENV-01,training,26,22,20
ST,training/flip/0003_000000024,context,known_environment_later_context,flip,flip/0003,24,ENV-01,training,26,23,20
ST,testing/flip/0003_000000025,context,known_environment_later_context,flip,flip/0003,25,ENV-01,testing,26,24,20
ST,training/flip/0003_000000026,context,known_environment_later_context,flip,flip/0003,26,ENV-01,training,26,25,20
ST,training/flip/0004_000000005,train,known_environment_earlier_train,flip,flip/0004,5,ENV-01,training,24,0,19
ST,testing/flip/0004_000000006,train,known_environment_earlier_train,flip,flip/0004,6,ENV-01,testing,24,1,19
ST,training/flip/0004_000000007,train,known_environment_earlier_train,flip,flip/0004,7,ENV-01,training,24,2,19
ST,training/flip/0004_000000008,train,known_environment_earlier_train,flip,flip/0004,8,ENV-01,training,24,3,19
ST,training/flip/0004_000000009,train,known_environment_earlier_train,flip,flip/0004,9,ENV-01,training,24,4,19
ST,training/flip/0004_000000010,train,known_environment_earlier_train,flip,flip/0004,10,ENV-01,training,24,5,19
ST,training/flip/0004_000000011,train,known_environment_earlier_train,flip,flip/0004,11,ENV-01,training,24,6,19
ST,training/flip/0004_000000012,train,known_environment_earlier_train,flip,flip/0004,12,ENV-01,training,24,7,19
ST,testing/flip/0004_000000013,train,known_environment_earlier_train,flip,flip/0004,13,ENV-01,testing,24,8,19
ST,testing/flip/0004_000000014,train,known_environment_earlier_train,flip,flip/0004,14,ENV-01,testing,24,9,19
ST,training/flip/0004_000000015,train,known_environment_earlier_train,flip,flip/0004,15,ENV-01,training,24,10,19
ST,training/flip/0004_000000016,train,known_environment_earlier_train,flip,flip/0004,16,ENV-01,training,24,11,19
ST,training/flip/0004_000000017,train,known_environment_earlier_train,flip,flip/0004,17,ENV-01,training,24,12,19
ST,training/flip/0004_000000018,train,known_environment_earlier_train,flip,flip/0004,18,ENV-01,training,24,13,19
ST,training/flip/0004_000000019,train,known_environment_earlier_train,flip,flip/0004,19,ENV-01,training,24,14,19
ST,training/flip/0004_000000020,train,known_environment_earlier_train,flip,flip/0004,20,ENV-01,training,24,15,19
ST,training/flip/0004_000000021,train,known_environment_earlier_train,flip,flip/0004,21,ENV-01,training,24,16,19
ST,training/flip/0004_000000022,train,known_environment_earlier_train,flip,flip/0004,22,ENV-01,training,24,17,19
ST,training/flip/0004_000000023,train,known_environment_earlier_train,flip,flip/0004,23,ENV-01,training,24,18,19
ST,training/flip/0004_000000024,context,known_environment_later_context,flip,flip/0004,24,ENV-01,training,24,19,19
ST,training/flip/0004_000000025,context,known_environment_later_context,flip,flip/0004,25,ENV-01,training,24,20,19
ST,training/flip/0004_000000026,context,known_environment_later_context,flip,flip/0004,26,ENV-01,training,24,21,19
ST,testing/flip/0004_000000027,context,known_environment_later_context,flip,flip/0004,27,ENV-01,testing,24,22,19
ST,training/flip/0004_000000028,context,known_environment_later_context,flip,flip/0004,28,ENV-01,training,24,23,19
ST,training/flip/0005_000000001,train,known_environment_earlier_train,flip,flip/0005,1,ENV-01,training,30,0,24
ST,training/flip/0005_000000002,train,known_environment_earlier_train,flip,flip/0005,2,ENV-01,training,30,1,24
ST,testing/flip/0005_000000003,train,known_environment_earlier_train,flip,flip/0005,3,ENV-01,testing,30,2,24
ST,training/flip/0005_000000004,train,known_environment_earlier_train,flip,flip/0005,4,ENV-01,training,30,3,24
ST,training/flip/0005_000000005,train,known_environment_earlier_train,flip,flip/0005,5,ENV-01,training,30,4,24
ST,training/flip/0005_000000006,train,known_environment_earlier_train,flip,flip/0005,6,ENV-01,training,30,5,24
ST,training/flip/0005_000000007,train,known_environment_earlier_train,flip,flip/0005,7,ENV-01,training,30,6,24
ST,testing/flip/0005_000000008,train,known_environment_earlier_train,flip,flip/0005,8,ENV-01,testing,30,7,24
ST,training/flip/0005_000000009,train,known_environment_earlier_train,flip,flip/0005,9,ENV-01,training,30,8,24
ST,training/flip/0005_000000010,train,known_environment_earlier_train,flip,flip/0005,10,ENV-01,training,30,9,24
ST,training/flip/0005_000000011,train,known_environment_earlier_train,flip,flip/0005,11,ENV-01,training,30,10,24
ST,training/flip/0005_000000012,train,known_environment_earlier_train,flip,flip/0005,12,ENV-01,training,30,11,24
ST,training/flip/0005_000000013,train,known_environment_earlier_train,flip,flip/0005,13,ENV-01,training,30,12,24
ST,training/flip/0005_000000014,train,known_environment_earlier_train,flip,flip/0005,14,ENV-01,training,30,13,24
ST,training/flip/0005_000000015,train,known_environment_earlier_train,flip,flip/0005,15,ENV-01,training,30,14,24
ST,training/flip/0005_000000016,train,known_environment_earlier_train,flip,flip/0005,16,ENV-01,training,30,15,24
ST,training/flip/0005_000000017,train,known_environment_earlier_train,flip,flip/0005,17,ENV-01,training,30,16,24
ST,testing/flip/0005_000000018,train,known_environment_earlier_train,flip,flip/0005,18,ENV-01,testing,30,17,24
ST,training/flip/0005_000000019,train,known_environment_earlier_train,flip,flip/0005,19,ENV-01,training,30,18,24
ST,training/flip/0005_000000020,train,known_environment_earlier_train,flip,flip/0005,20,ENV-01,training,30,19,24
ST,training/flip/0005_000000021,train,known_environment_earlier_train,flip,flip/0005,21,ENV-01,training,30,20,24
ST,training/flip/0005_000000022,train,known_environment_earlier_train,flip,flip/0005,22,ENV-01,training,30,21,24
ST,testing/flip/0005_000000023,train,known_environment_earlier_train,flip,flip/0005,23,ENV-01,testing,30,22,24
ST,training/flip/0005_000000024,train,known_environment_earlier_train,flip,flip/0005,24,ENV-01,training,30,23,24
ST,training/flip/0005_000000025,context,known_environment_later_context,flip,flip/0005,25,ENV-01,training,30,24,24
ST,training/flip/0005_000000026,context,known_environment_later_context,flip,flip/0005,26,ENV-01,training,30,25,24
ST,training/flip/0005_000000027,context,known_environment_later_context,flip,flip/0005,27,ENV-01,training,30,26,24
ST,testing/flip/0005_000000028,context,known_environment_later_context,flip,flip/0005,28,ENV-01,testing,30,27,24
ST,training/flip/0005_000000029,context,known_environment_later_context,flip,flip/0005,29,ENV-01,training,30,28,24
ST,training/flip/0005_000000030,context,known_environment_later_context,flip,flip/0005,30,ENV-01,training,30,29,24
ST,testing/flip/0006_000000001,train,known_environment_earlier_train,flip,flip/0006,1,ENV-01,testing,30,0,24
ST,training/flip/0006_000000002,train,known_environment_earlier_train,flip,flip/0006,2,ENV-01,training,30,1,24
ST,training/flip/0006_000000003,train,known_environment_earlier_train,flip,flip/0006,3,ENV-01,training,30,2,24
ST,training/flip/0006_000000004,train,known_environment_earlier_train,flip,flip/0006,4,ENV-01,training,30,3,24
ST,training/flip/0006_000000005,train,known_environment_earlier_train,flip,flip/0006,5,ENV-01,training,30,4,24
ST,testing/flip/0006_000000006,train,known_environment_earlier_train,flip,flip/0006,6,ENV-01,testing,30,5,24
ST,training/flip/0006_000000007,train,known_environment_earlier_train,flip,flip/0006,7,ENV-01,training,30,6,24
ST,testing/flip/0006_000000008,train,known_environment_earlier_train,flip,flip/0006,8,ENV-01,testing,30,7,24
ST,training/flip/0006_000000009,train,known_environment_earlier_train,flip,flip/0006,9,ENV-01,training,30,8,24
ST,training/flip/0006_000000010,train,known_environment_earlier_train,flip,flip/0006,10,ENV-01,training,30,9,24
ST,training/flip/0006_000000011,train,known_environment_earlier_train,flip,flip/0006,11,ENV-01,training,30,10,24
ST,testing/flip/0006_000000012,train,known_environment_earlier_train,flip,flip/0006,12,ENV-01,testing,30,11,24
ST,training/flip/0006_000000013,train,known_environment_earlier_train,flip,flip/0006,13,ENV-01,training,30,12,24
ST,training/flip/0006_000000014,train,known_environment_earlier_train,flip,flip/0006,14,ENV-01,training,30,13,24
ST,training/flip/0006_000000015,train,known_environment_earlier_train,flip,flip/0006,15,ENV-01,training,30,14,24
ST,training/flip/0006_000000016,train,known_environment_earlier_train,flip,flip/0006,16,ENV-01,training,30,15,24
ST,training/flip/0006_000000017,train,known_environment_earlier_train,flip,flip/0006,17,ENV-01,training,30,16,24
ST,training/flip/0006_000000018,train,known_environment_earlier_train,flip,flip/0006,18,ENV-01,training,30,17,24
ST,training/flip/0006_000000019,train,known_environment_earlier_train,flip,flip/0006,19,ENV-01,training,30,18,24
ST,training/flip/0006_000000020,train,known_environment_earlier_train,flip,flip/0006,20,ENV-01,training,30,19,24
ST,testing/flip/0006_000000021,train,known_environment_earlier_train,flip,flip/0006,21,ENV-01,testing,30,20,24
ST,testing/flip/0006_000000022,train,known_environment_earlier_train,flip,flip/0006,22,ENV-01,testing,30,21,24
ST,training/flip/0006_000000023,train,known_environment_earlier_train,flip,flip/0006,23,ENV-01,training,30,22,24
ST,testing/flip/0006_000000024,train,known_environment_earlier_train,flip,flip/0006,24,ENV-01,testing,30,23,24
ST,testing/flip/0006_000000025,context,known_environment_later_context,flip,flip/0006,25,ENV-01,testing,30,24,24
ST,training/flip/0006_000000026,context,known_environment_later_context,flip,flip/0006,26,ENV-01,training,30,25,24
ST,training/flip/0006_000000027,context,known_environment_later_context,flip,flip/0006,27,ENV-01,training,30,26,24
ST,training/flip/0006_000000028,context,known_environment_later_context,flip,flip/0006,28,ENV-01,training,30,27,24
ST,training/flip/0006_000000029,context,known_environment_later_context,flip,flip/0006,29,ENV-01,training,30,28,24
ST,testing/flip/0006_000000030,context,known_environment_later_context,flip,flip/0006,30,ENV-01,testing,30,29,24
ST,training/flip/0007_000000005,train,known_environment_earlier_train,flip,flip/0007,5,ENV-01,training,26,0,20
ST,training/flip/0007_000000006,train,known_environment_earlier_train,flip,flip/0007,6,ENV-01,training,26,1,20
ST,training/flip/0007_000000007,train,known_environment_earlier_train,flip,flip/0007,7,ENV-01,training,26,2,20
ST,testing/flip/0007_000000008,train,known_environment_earlier_train,flip,flip/0007,8,ENV-01,testing,26,3,20
ST,training/flip/0007_000000009,train,known_environment_earlier_train,flip,flip/0007,9,ENV-01,training,26,4,20
ST,training/flip/0007_000000010,train,known_environment_earlier_train,flip,flip/0007,10,ENV-01,training,26,5,20
ST,training/flip/0007_000000011,train,known_environment_earlier_train,flip,flip/0007,11,ENV-01,training,26,6,20
ST,training/flip/0007_000000012,train,known_environment_earlier_train,flip,flip/0007,12,ENV-01,training,26,7,20
ST,training/flip/0007_000000013,train,known_environment_earlier_train,flip,flip/0007,13,ENV-01,training,26,8,20
ST,training/flip/0007_000000014,train,known_environment_earlier_train,flip,flip/0007,14,ENV-01,training,26,9,20
ST,training/flip/0007_000000015,train,known_environment_earlier_train,flip,flip/0007,15,ENV-01,training,26,10,20
ST,training/flip/0007_000000016,train,known_environment_earlier_train,flip,flip/0007,16,ENV-01,training,26,11,20
ST,training/flip/0007_000000017,train,known_environment_earlier_train,flip,flip/0007,17,ENV-01,training,26,12,20
ST,testing/flip/0007_000000018,train,known_environment_earlier_train,flip,flip/0007,18,ENV-01,testing,26,13,20
ST,training/flip/0007_000000019,train,known_environment_earlier_train,flip,flip/0007,19,ENV-01,training,26,14,20
ST,training/flip/0007_000000020,train,known_environment_earlier_train,flip,flip/0007,20,ENV-01,training,26,15,20
ST,training/flip/0007_000000021,train,known_environment_earlier_train,flip,flip/0007,21,ENV-01,training,26,16,20
ST,training/flip/0007_000000022,train,known_environment_earlier_train,flip,flip/0007,22,ENV-01,training,26,17,20
ST,training/flip/0007_000000023,train,known_environment_earlier_train,flip,flip/0007,23,ENV-01,training,26,18,20
ST,testing/flip/0007_000000024,train,known_environment_earlier_train,flip,flip/0007,24,ENV-01,testing,26,19,20
ST,training/flip/0007_000000025,context,known_environment_later_context,flip,flip/0007,25,ENV-01,training,26,20,20
ST,training/flip/0007_000000026,context,known_environment_later_context,flip,flip/0007,26,ENV-01,training,26,21,20
ST,training/flip/0007_000000027,context,known_environment_later_context,flip,flip/0007,27,ENV-01,training,26,22,20
ST,training/flip/0007_000000028,context,known_environment_later_context,flip,flip/0007,28,ENV-01,training,26,23,20
ST,training/flip/0007_000000029,context,known_environment_later_context,flip,flip/0007,29,ENV-01,training,26,24,20
ST,training/flip/0007_000000030,context,known_environment_later_context,flip,flip/0007,30,ENV-01,training,26,25,20
ST,training/flip/0008_000000001,train,known_environment_earlier_train,flip,flip/0008,1,ENV-01,training,29,0,23
ST,training/flip/0008_000000002,train,known_environment_earlier_train,flip,flip/0008,2,ENV-01,training,29,1,23
ST,training/flip/0008_000000003,train,known_environment_earlier_train,flip,flip/0008,3,ENV-01,training,29,2,23
ST,training/flip/0008_000000004,train,known_environment_earlier_train,flip,flip/0008,4,ENV-01,training,29,3,23
ST,testing/flip/0008_000000005,train,known_environment_earlier_train,flip,flip/0008,5,ENV-01,testing,29,4,23
ST,training/flip/0008_000000006,train,known_environment_earlier_train,flip,flip/0008,6,ENV-01,training,29,5,23
ST,testing/flip/0008_000000007,train,known_environment_earlier_train,flip,flip/0008,7,ENV-01,testing,29,6,23
ST,training/flip/0008_000000008,train,known_environment_earlier_train,flip,flip/0008,8,ENV-01,training,29,7,23
ST,training/flip/0008_000000009,train,known_environment_earlier_train,flip,flip/0008,9,ENV-01,training,29,8,23
ST,training/flip/0008_000000010,train,known_environment_earlier_train,flip,flip/0008,10,ENV-01,training,29,9,23
ST,training/flip/0008_000000011,train,known_environment_earlier_train,flip,flip/0008,11,ENV-01,training,29,10,23
ST,training/flip/0008_000000012,train,known_environment_earlier_train,flip,flip/0008,12,ENV-01,training,29,11,23
ST,training/flip/0008_000000013,train,known_environment_earlier_train,flip,flip/0008,13,ENV-01,training,29,12,23
ST,training/flip/0008_000000014,train,known_environment_earlier_train,flip,flip/0008,14,ENV-01,training,29,13,23
ST,training/flip/0008_000000015,train,known_environment_earlier_train,flip,flip/0008,15,ENV-01,training,29,14,23
ST,training/flip/0008_000000016,train,known_environment_earlier_train,flip,flip/0008,16,ENV-01,training,29,15,23
ST,training/flip/0008_000000017,train,known_environment_earlier_train,flip,flip/0008,17,ENV-01,training,29,16,23
ST,training/flip/0008_000000018,train,known_environment_earlier_train,flip,flip/0008,18,ENV-01,training,29,17,23
ST,training/flip/0008_000000019,train,known_environment_earlier_train,flip,flip/0008,19,ENV-01,training,29,18,23
ST,training/flip/0008_000000020,train,known_environment_earlier_train,flip,flip/0008,20,ENV-01,training,29,19,23
ST,training/flip/0008_000000021,train,known_environment_earlier_train,flip,flip/0008,21,ENV-01,training,29,20,23
ST,training/flip/0008_000000022,train,known_environment_earlier_train,flip,flip/0008,22,ENV-01,training,29,21,23
ST,testing/flip/0008_000000023,train,known_environment_earlier_train,flip,flip/0008,23,ENV-01,testing,29,22,23
ST,training/flip/0008_000000024,context,known_environment_later_context,flip,flip/0008,24,ENV-01,training,29,23,23
ST,training/flip/0008_000000025,context,known_environment_later_context,flip,flip/0008,25,ENV-01,training,29,24,23
ST,testing/flip/0008_000000026,context,known_environment_later_context,flip,flip/0008,26,ENV-01,testing,29,25,23
ST,training/flip/0008_000000027,context,known_environment_later_context,flip,flip/0008,27,ENV-01,training,29,26,23
ST,training/flip/0008_000000028,context,known_environment_later_context,flip,flip/0008,28,ENV-01,training,29,27,23
ST,testing/flip/0008_000000029,context,known_environment_later_context,flip,flip/0008,29,ENV-01,testing,29,28,23
ST,training/flip/0009_000000001,train,known_environment_earlier_train,flip,flip/0009,1,ENV-01,training,28,0,22
ST,training/flip/0009_000000002,train,known_environment_earlier_train,flip,flip/0009,2,ENV-01,training,28,1,22
ST,training/flip/0009_000000003,train,known_environment_earlier_train,flip,flip/0009,3,ENV-01,training,28,2,22
ST,training/flip/0009_000000004,train,known_environment_earlier_train,flip,flip/0009,4,ENV-01,training,28,3,22
ST,training/flip/0009_000000005,train,known_environment_earlier_train,flip,flip/0009,5,ENV-01,training,28,4,22
ST,training/flip/0009_000000006,train,known_environment_earlier_train,flip,flip/0009,6,ENV-01,training,28,5,22
ST,testing/flip/0009_000000007,train,known_environment_earlier_train,flip,flip/0009,7,ENV-01,testing,28,6,22
ST,training/flip/0009_000000008,train,known_environment_earlier_train,flip,flip/0009,8,ENV-01,training,28,7,22
ST,training/flip/0009_000000009,train,known_environment_earlier_train,flip,flip/0009,9,ENV-01,training,28,8,22
ST,training/flip/0009_000000010,train,known_environment_earlier_train,flip,flip/0009,10,ENV-01,training,28,9,22
ST,training/flip/0009_000000011,train,known_environment_earlier_train,flip,flip/0009,11,ENV-01,training,28,10,22
ST,training/flip/0009_000000012,train,known_environment_earlier_train,flip,flip/0009,12,ENV-01,training,28,11,22
ST,training/flip/0009_000000013,train,known_environment_earlier_train,flip,flip/0009,13,ENV-01,training,28,12,22
ST,training/flip/0009_000000014,train,known_environment_earlier_train,flip,flip/0009,14,ENV-01,training,28,13,22
ST,training/flip/0009_000000015,train,known_environment_earlier_train,flip,flip/0009,15,ENV-01,training,28,14,22
ST,testing/flip/0009_000000016,train,known_environment_earlier_train,flip,flip/0009,16,ENV-01,testing,28,15,22
ST,training/flip/0009_000000017,train,known_environment_earlier_train,flip,flip/0009,17,ENV-01,training,28,16,22
ST,training/flip/0009_000000018,train,known_environment_earlier_train,flip,flip/0009,18,ENV-01,training,28,17,22
ST,testing/flip/0009_000000019,train,known_environment_earlier_train,flip,flip/0009,19,ENV-01,testing,28,18,22
ST,testing/flip/0009_000000020,train,known_environment_earlier_train,flip,flip/0009,20,ENV-01,testing,28,19,22
ST,training/flip/0009_000000021,train,known_environment_earlier_train,flip,flip/0009,21,ENV-01,training,28,20,22
ST,training/flip/0009_000000022,train,known_environment_earlier_train,flip,flip/0009,22,ENV-01,training,28,21,22
ST,testing/flip/0009_000000023,context,known_environment_later_context,flip,flip/0009,23,ENV-01,testing,28,22,22
ST,training/flip/0009_000000024,context,known_environment_later_context,flip,flip/0009,24,ENV-01,training,28,23,22
ST,testing/flip/0009_000000025,context,known_environment_later_context,flip,flip/0009,25,ENV-01,testing,28,24,22
ST,testing/flip/0009_000000026,context,known_environment_later_context,flip,flip/0009,26,ENV-01,testing,28,25,22
ST,training/flip/0009_000000027,context,known_environment_later_context,flip,flip/0009,27,ENV-01,training,28,26,22
ST,training/flip/0009_000000028,context,known_environment_later_context,flip,flip/0009,28,ENV-01,training,28,27,22
ST,testing/flip/0010_000000004,train,known_environment_earlier_train,flip,flip/0010,4,ENV-01,testing,27,0,21
ST,training/flip/0010_000000005,train,known_environment_earlier_train,flip,flip/0010,5,ENV-01,training,27,1,21
ST,training/flip/0010_000000006,train,known_environment_earlier_train,flip,flip/0010,6,ENV-01,training,27,2,21
ST,training/flip/0010_000000007,train,known_environment_earlier_train,flip,flip/0010,7,ENV-01,training,27,3,21
ST,testing/flip/0010_000000008,train,known_environment_earlier_train,flip,flip/0010,8,ENV-01,testing,27,4,21
ST,testing/flip/0010_000000009,train,known_environment_earlier_train,flip,flip/0010,9,ENV-01,testing,27,5,21
ST,training/flip/0010_000000010,train,known_environment_earlier_train,flip,flip/0010,10,ENV-01,training,27,6,21
ST,training/flip/0010_000000011,train,known_environment_earlier_train,flip,flip/0010,11,ENV-01,training,27,7,21
ST,testing/flip/0010_000000012,train,known_environment_earlier_train,flip,flip/0010,12,ENV-01,testing,27,8,21
ST,testing/flip/0010_000000013,train,known_environment_earlier_train,flip,flip/0010,13,ENV-01,testing,27,9,21
ST,training/flip/0010_000000014,train,known_environment_earlier_train,flip,flip/0010,14,ENV-01,training,27,10,21
ST,training/flip/0010_000000015,train,known_environment_earlier_train,flip,flip/0010,15,ENV-01,training,27,11,21
ST,training/flip/0010_000000016,train,known_environment_earlier_train,flip,flip/0010,16,ENV-01,training,27,12,21
ST,training/flip/0010_000000017,train,known_environment_earlier_train,flip,flip/0010,17,ENV-01,training,27,13,21
ST,training/flip/0010_000000018,train,known_environment_earlier_train,flip,flip/0010,18,ENV-01,training,27,14,21
ST,training/flip/0010_000000019,train,known_environment_earlier_train,flip,flip/0010,19,ENV-01,training,27,15,21
ST,training/flip/0010_000000020,train,known_environment_earlier_train,flip,flip/0010,20,ENV-01,training,27,16,21
ST,testing/flip/0010_000000021,train,known_environment_earlier_train,flip,flip/0010,21,ENV-01,testing,27,17,21
ST,training/flip/0010_000000022,train,known_environment_earlier_train,flip,flip/0010,22,ENV-01,training,27,18,21
ST,training/flip/0010_000000023,train,known_environment_earlier_train,flip,flip/0010,23,ENV-01,training,27,19,21
ST,training/flip/0010_000000024,train,known_environment_earlier_train,flip,flip/0010,24,ENV-01,training,27,20,21
ST,training/flip/0010_000000025,context,known_environment_later_context,flip,flip/0010,25,ENV-01,training,27,21,21
ST,training/flip/0010_000000026,context,known_environment_later_context,flip,flip/0010,26,ENV-01,training,27,22,21
ST,training/flip/0010_000000027,context,known_environment_later_context,flip,flip/0010,27,ENV-01,training,27,23,21
ST,training/flip/0010_000000028,context,known_environment_later_context,flip,flip/0010,28,ENV-01,training,27,24,21
ST,training/flip/0010_000000029,context,known_environment_later_context,flip,flip/0010,29,ENV-01,training,27,25,21
ST,training/flip/0010_000000030,context,known_environment_later_context,flip,flip/0010,30,ENV-01,training,27,26,21
ST,training/flip/0011_000000005,train,known_environment_earlier_train,flip,flip/0011,5,ENV-02,training,26,0,20
ST,testing/flip/0011_000000006,train,known_environment_earlier_train,flip,flip/0011,6,ENV-02,testing,26,1,20
ST,training/flip/0011_000000007,train,known_environment_earlier_train,flip,flip/0011,7,ENV-02,training,26,2,20
ST,training/flip/0011_000000008,train,known_environment_earlier_train,flip,flip/0011,8,ENV-02,training,26,3,20
ST,training/flip/0011_000000009,train,known_environment_earlier_train,flip,flip/0011,9,ENV-02,training,26,4,20
ST,training/flip/0011_000000010,train,known_environment_earlier_train,flip,flip/0011,10,ENV-02,training,26,5,20
ST,training/flip/0011_000000011,train,known_environment_earlier_train,flip,flip/0011,11,ENV-02,training,26,6,20
ST,training/flip/0011_000000012,train,known_environment_earlier_train,flip,flip/0011,12,ENV-02,training,26,7,20
ST,training/flip/0011_000000013,train,known_environment_earlier_train,flip,flip/0011,13,ENV-02,training,26,8,20
ST,testing/flip/0011_000000014,train,known_environment_earlier_train,flip,flip/0011,14,ENV-02,testing,26,9,20
ST,training/flip/0011_000000015,train,known_environment_earlier_train,flip,flip/0011,15,ENV-02,training,26,10,20
ST,training/flip/0011_000000016,train,known_environment_earlier_train,flip,flip/0011,16,ENV-02,training,26,11,20
ST,training/flip/0011_000000017,train,known_environment_earlier_train,flip,flip/0011,17,ENV-02,training,26,12,20
ST,training/flip/0011_000000018,train,known_environment_earlier_train,flip,flip/0011,18,ENV-02,training,26,13,20
ST,training/flip/0011_000000019,train,known_environment_earlier_train,flip,flip/0011,19,ENV-02,training,26,14,20
ST,training/flip/0011_000000020,train,known_environment_earlier_train,flip,flip/0011,20,ENV-02,training,26,15,20
ST,training/flip/0011_000000021,train,known_environment_earlier_train,flip,flip/0011,21,ENV-02,training,26,16,20
ST,training/flip/0011_000000022,train,known_environment_earlier_train,flip,flip/0011,22,ENV-02,training,26,17,20
ST,testing/flip/0011_000000023,train,known_environment_earlier_train,flip,flip/0011,23,ENV-02,testing,26,18,20
ST,training/flip/0011_000000024,train,known_environment_earlier_train,flip,flip/0011,24,ENV-02,training,26,19,20
ST,training/flip/0011_000000025,context,known_environment_later_context,flip,flip/0011,25,ENV-02,training,26,20,20
ST,testing/flip/0011_000000026,context,known_environment_later_context,flip,flip/0011,26,ENV-02,testing,26,21,20
ST,testing/flip/0011_000000027,context,known_environment_later_context,flip,flip/0011,27,ENV-02,testing,26,22,20
ST,training/flip/0011_000000028,context,known_environment_later_context,flip,flip/0011,28,ENV-02,training,26,23,20
ST,training/flip/0011_000000029,context,known_environment_later_context,flip,flip/0011,29,ENV-02,training,26,24,20
ST,training/flip/0011_000000030,context,known_environment_later_context,flip,flip/0011,30,ENV-02,training,26,25,20
ST,testing/flip/0012_000000007,train,known_environment_earlier_train,flip,flip/0012,7,ENV-02,testing,24,0,19
ST,testing/flip/0012_000000008,train,known_environment_earlier_train,flip,flip/0012,8,ENV-02,testing,24,1,19
ST,training/flip/0012_000000009,train,known_environment_earlier_train,flip,flip/0012,9,ENV-02,training,24,2,19
ST,training/flip/0012_000000010,train,known_environment_earlier_train,flip,flip/0012,10,ENV-02,training,24,3,19
ST,training/flip/0012_000000011,train,known_environment_earlier_train,flip,flip/0012,11,ENV-02,training,24,4,19
ST,training/flip/0012_000000012,train,known_environment_earlier_train,flip,flip/0012,12,ENV-02,training,24,5,19
ST,training/flip/0012_000000013,train,known_environment_earlier_train,flip,flip/0012,13,ENV-02,training,24,6,19
ST,training/flip/0012_000000014,train,known_environment_earlier_train,flip,flip/0012,14,ENV-02,training,24,7,19
ST,training/flip/0012_000000015,train,known_environment_earlier_train,flip,flip/0012,15,ENV-02,training,24,8,19
ST,testing/flip/0012_000000016,train,known_environment_earlier_train,flip,flip/0012,16,ENV-02,testing,24,9,19
ST,training/flip/0012_000000017,train,known_environment_earlier_train,flip,flip/0012,17,ENV-02,training,24,10,19
ST,training/flip/0012_000000018,train,known_environment_earlier_train,flip,flip/0012,18,ENV-02,training,24,11,19
ST,training/flip/0012_000000019,train,known_environment_earlier_train,flip,flip/0012,19,ENV-02,training,24,12,19
ST,training/flip/0012_000000020,train,known_environment_earlier_train,flip,flip/0012,20,ENV-02,training,24,13,19
ST,training/flip/0012_000000021,train,known_environment_earlier_train,flip,flip/0012,21,ENV-02,training,24,14,19
ST,testing/flip/0012_000000022,train,known_environment_earlier_train,flip,flip/0012,22,ENV-02,testing,24,15,19
ST,training/flip/0012_000000023,train,known_environment_earlier_train,flip,flip/0012,23,ENV-02,training,24,16,19
ST,training/flip/0012_000000024,train,known_environment_earlier_train,flip,flip/0012,24,ENV-02,training,24,17,19
ST,testing/flip/0012_000000025,train,known_environment_earlier_train,flip,flip/0012,25,ENV-02,testing,24,18,19
ST,training/flip/0012_000000026,context,known_environment_later_context,flip,flip/0012,26,ENV-02,training,24,19,19
ST,training/flip/0012_000000027,context,known_environment_later_context,flip,flip/0012,27,ENV-02,training,24,20,19
ST,training/flip/0012_000000028,context,known_environment_later_context,flip,flip/0012,28,ENV-02,training,24,21,19
ST,testing/flip/0012_000000029,context,known_environment_later_context,flip,flip/0012,29,ENV-02,testing,24,22,19
ST,testing/flip/0012_000000030,context,known_environment_later_context,flip,flip/0012,30,ENV-02,testing,24,23,19
ST,training/flip/0013_000000004,train,known_environment_earlier_train,flip,flip/0013,4,ENV-02,training,27,0,21
ST,training/flip/0013_000000005,train,known_environment_earlier_train,flip,flip/0013,5,ENV-02,training,27,1,21
ST,training/flip/0013_000000006,train,known_environment_earlier_train,flip,flip/0013,6,ENV-02,training,27,2,21
ST,training/flip/0013_000000007,train,known_environment_earlier_train,flip,flip/0013,7,ENV-02,training,27,3,21
ST,testing/flip/0013_000000008,train,known_environment_earlier_train,flip,flip/0013,8,ENV-02,testing,27,4,21
ST,training/flip/0013_000000009,train,known_environment_earlier_train,flip,flip/0013,9,ENV-02,training,27,5,21
ST,training/flip/0013_000000010,train,known_environment_earlier_train,flip,flip/0013,10,ENV-02,training,27,6,21
ST,testing/flip/0013_000000011,train,known_environment_earlier_train,flip,flip/0013,11,ENV-02,testing,27,7,21
ST,training/flip/0013_000000012,train,known_environment_earlier_train,flip,flip/0013,12,ENV-02,training,27,8,21
ST,testing/flip/0013_000000013,train,known_environment_earlier_train,flip,flip/0013,13,ENV-02,testing,27,9,21
ST,training/flip/0013_000000014,train,known_environment_earlier_train,flip,flip/0013,14,ENV-02,training,27,10,21
ST,testing/flip/0013_000000015,train,known_environment_earlier_train,flip,flip/0013,15,ENV-02,testing,27,11,21
ST,training/flip/0013_000000016,train,known_environment_earlier_train,flip,flip/0013,16,ENV-02,training,27,12,21
ST,training/flip/0013_000000017,train,known_environment_earlier_train,flip,flip/0013,17,ENV-02,training,27,13,21
ST,training/flip/0013_000000018,train,known_environment_earlier_train,flip,flip/0013,18,ENV-02,training,27,14,21
ST,training/flip/0013_000000019,train,known_environment_earlier_train,flip,flip/0013,19,ENV-02,training,27,15,21
ST,training/flip/0013_000000020,train,known_environment_earlier_train,flip,flip/0013,20,ENV-02,training,27,16,21
ST,training/flip/0013_000000021,train,known_environment_earlier_train,flip,flip/0013,21,ENV-02,training,27,17,21
ST,testing/flip/0013_000000022,train,known_environment_earlier_train,flip,flip/0013,22,ENV-02,testing,27,18,21
ST,training/flip/0013_000000023,train,known_environment_earlier_train,flip,flip/0013,23,ENV-02,training,27,19,21
ST,training/flip/0013_000000024,train,known_environment_earlier_train,flip,flip/0013,24,ENV-02,training,27,20,21
ST,training/flip/0013_000000025,context,known_environment_later_context,flip,flip/0013,25,ENV-02,training,27,21,21
ST,training/flip/0013_000000026,context,known_environment_later_context,flip,flip/0013,26,ENV-02,training,27,22,21
ST,training/flip/0013_000000027,context,known_environment_later_context,flip,flip/0013,27,ENV-02,training,27,23,21
ST,training/flip/0013_000000028,context,known_environment_later_context,flip,flip/0013,28,ENV-02,training,27,24,21
ST,training/flip/0013_000000029,context,known_environment_later_context,flip,flip/0013,29,ENV-02,training,27,25,21
ST,training/flip/0013_000000030,context,known_environment_later_context,flip,flip/0013,30,ENV-02,training,27,26,21
ST,training/flip/0014_000000001,train,known_environment_earlier_train,flip,flip/0014,1,ENV-02,training,23,0,18
ST,training/flip/0014_000000002,train,known_environment_earlier_train,flip,flip/0014,2,ENV-02,training,23,1,18
ST,testing/flip/0014_000000003,train,known_environment_earlier_train,flip,flip/0014,3,ENV-02,testing,23,2,18
ST,testing/flip/0014_000000004,train,known_environment_earlier_train,flip,flip/0014,4,ENV-02,testing,23,3,18
ST,training/flip/0014_000000005,train,known_environment_earlier_train,flip,flip/0014,5,ENV-02,training,23,4,18
ST,testing/flip/0014_000000006,train,known_environment_earlier_train,flip,flip/0014,6,ENV-02,testing,23,5,18
ST,training/flip/0014_000000007,train,known_environment_earlier_train,flip,flip/0014,7,ENV-02,training,23,6,18
ST,training/flip/0014_000000008,train,known_environment_earlier_train,flip,flip/0014,8,ENV-02,training,23,7,18
ST,testing/flip/0014_000000009,train,known_environment_earlier_train,flip,flip/0014,9,ENV-02,testing,23,8,18
ST,testing/flip/0014_000000010,train,known_environment_earlier_train,flip,flip/0014,10,ENV-02,testing,23,9,18
ST,training/flip/0014_000000011,train,known_environment_earlier_train,flip,flip/0014,11,ENV-02,training,23,10,18
ST,testing/flip/0014_000000012,train,known_environment_earlier_train,flip,flip/0014,12,ENV-02,testing,23,11,18
ST,testing/flip/0014_000000013,train,known_environment_earlier_train,flip,flip/0014,13,ENV-02,testing,23,12,18
ST,testing/flip/0014_000000014,train,known_environment_earlier_train,flip,flip/0014,14,ENV-02,testing,23,13,18
ST,training/flip/0014_000000015,train,known_environment_earlier_train,flip,flip/0014,15,ENV-02,training,23,14,18
ST,testing/flip/0014_000000016,train,known_environment_earlier_train,flip,flip/0014,16,ENV-02,testing,23,15,18
ST,training/flip/0014_000000017,train,known_environment_earlier_train,flip,flip/0014,17,ENV-02,training,23,16,18
ST,training/flip/0014_000000018,train,known_environment_earlier_train,flip,flip/0014,18,ENV-02,training,23,17,18
ST,testing/flip/0014_000000019,context,known_environment_later_context,flip,flip/0014,19,ENV-02,testing,23,18,18
ST,testing/flip/0014_000000020,context,known_environment_later_context,flip,flip/0014,20,ENV-02,testing,23,19,18
ST,training/flip/0014_000000021,context,known_environment_later_context,flip,flip/0014,21,ENV-02,training,23,20,18
ST,training/flip/0014_000000022,context,known_environment_later_context,flip,flip/0014,22,ENV-02,training,23,21,18
ST,training/flip/0014_000000023,context,known_environment_later_context,flip,flip/0014,23,ENV-02,training,23,22,18
ST,training/flip/0015_000000001,train,known_environment_earlier_train,flip,flip/0015,1,ENV-02,training,30,0,24
ST,training/flip/0015_000000002,train,known_environment_earlier_train,flip,flip/0015,2,ENV-02,training,30,1,24
ST,training/flip/0015_000000003,train,known_environment_earlier_train,flip,flip/0015,3,ENV-02,training,30,2,24
ST,training/flip/0015_000000004,train,known_environment_earlier_train,flip,flip/0015,4,ENV-02,training,30,3,24
ST,training/flip/0015_000000005,train,known_environment_earlier_train,flip,flip/0015,5,ENV-02,training,30,4,24
ST,training/flip/0015_000000006,train,known_environment_earlier_train,flip,flip/0015,6,ENV-02,training,30,5,24
ST,training/flip/0015_000000007,train,known_environment_earlier_train,flip,flip/0015,7,ENV-02,training,30,6,24
ST,training/flip/0015_000000008,train,known_environment_earlier_train,flip,flip/0015,8,ENV-02,training,30,7,24
ST,training/flip/0015_000000009,train,known_environment_earlier_train,flip,flip/0015,9,ENV-02,training,30,8,24
ST,training/flip/0015_000000010,train,known_environment_earlier_train,flip,flip/0015,10,ENV-02,training,30,9,24
ST,testing/flip/0015_000000011,train,known_environment_earlier_train,flip,flip/0015,11,ENV-02,testing,30,10,24
ST,training/flip/0015_000000012,train,known_environment_earlier_train,flip,flip/0015,12,ENV-02,training,30,11,24
ST,training/flip/0015_000000013,train,known_environment_earlier_train,flip,flip/0015,13,ENV-02,training,30,12,24
ST,training/flip/0015_000000014,train,known_environment_earlier_train,flip,flip/0015,14,ENV-02,training,30,13,24
ST,training/flip/0015_000000015,train,known_environment_earlier_train,flip,flip/0015,15,ENV-02,training,30,14,24
ST,training/flip/0015_000000016,train,known_environment_earlier_train,flip,flip/0015,16,ENV-02,training,30,15,24
ST,training/flip/0015_000000017,train,known_environment_earlier_train,flip,flip/0015,17,ENV-02,training,30,16,24
ST,training/flip/0015_000000018,train,known_environment_earlier_train,flip,flip/0015,18,ENV-02,training,30,17,24
ST,testing/flip/0015_000000019,train,known_environment_earlier_train,flip,flip/0015,19,ENV-02,testing,30,18,24
ST,training/flip/0015_000000020,train,known_environment_earlier_train,flip,flip/0015,20,ENV-02,training,30,19,24
ST,testing/flip/0015_000000021,train,known_environment_earlier_train,flip,flip/0015,21,ENV-02,testing,30,20,24
ST,training/flip/0015_000000022,train,known_environment_earlier_train,flip,flip/0015,22,ENV-02,training,30,21,24
ST,testing/flip/0015_000000023,train,known_environment_earlier_train,flip,flip/0015,23,ENV-02,testing,30,22,24
ST,training/flip/0015_000000024,train,known_environment_earlier_train,flip,flip/0015,24,ENV-02,training,30,23,24
ST,training/flip/0015_000000025,context,known_environment_later_context,flip,flip/0015,25,ENV-02,training,30,24,24
ST,training/flip/0015_000000026,context,known_environment_later_context,flip,flip/0015,26,ENV-02,training,30,25,24
ST,training/flip/0015_000000027,context,known_environment_later_context,flip,flip/0015,27,ENV-02,training,30,26,24
ST,training/flip/0015_000000028,context,known_environment_later_context,flip,flip/0015,28,ENV-02,training,30,27,24
ST,testing/flip/0015_000000029,context,known_environment_later_context,flip,flip/0015,29,ENV-02,testing,30,28,24
ST,training/flip/0015_000000030,context,known_environment_later_context,flip,flip/0015,30,ENV-02,training,30,29,24
ST,training/flip/0016_000000002,train,known_environment_earlier_train,flip,flip/0016,2,ENV-02,training,29,0,23
ST,training/flip/0016_000000003,train,known_environment_earlier_train,flip,flip/0016,3,ENV-02,training,29,1,23
ST,testing/flip/0016_000000004,train,known_environment_earlier_train,flip,flip/0016,4,ENV-02,testing,29,2,23
ST,training/flip/0016_000000005,train,known_environment_earlier_train,flip,flip/0016,5,ENV-02,training,29,3,23
ST,testing/flip/0016_000000006,train,known_environment_earlier_train,flip,flip/0016,6,ENV-02,testing,29,4,23
ST,training/flip/0016_000000007,train,known_environment_earlier_train,flip,flip/0016,7,ENV-02,training,29,5,23
ST,testing/flip/0016_000000008,train,known_environment_earlier_train,flip,flip/0016,8,ENV-02,testing,29,6,23
ST,training/flip/0016_000000009,train,known_environment_earlier_train,flip,flip/0016,9,ENV-02,training,29,7,23
ST,training/flip/0016_000000010,train,known_environment_earlier_train,flip,flip/0016,10,ENV-02,training,29,8,23
ST,training/flip/0016_000000011,train,known_environment_earlier_train,flip,flip/0016,11,ENV-02,training,29,9,23
ST,training/flip/0016_000000012,train,known_environment_earlier_train,flip,flip/0016,12,ENV-02,training,29,10,23
ST,testing/flip/0016_000000013,train,known_environment_earlier_train,flip,flip/0016,13,ENV-02,testing,29,11,23
ST,training/flip/0016_000000014,train,known_environment_earlier_train,flip,flip/0016,14,ENV-02,training,29,12,23
ST,training/flip/0016_000000015,train,known_environment_earlier_train,flip,flip/0016,15,ENV-02,training,29,13,23
ST,training/flip/0016_000000016,train,known_environment_earlier_train,flip,flip/0016,16,ENV-02,training,29,14,23
ST,training/flip/0016_000000017,train,known_environment_earlier_train,flip,flip/0016,17,ENV-02,training,29,15,23
ST,training/flip/0016_000000018,train,known_environment_earlier_train,flip,flip/0016,18,ENV-02,training,29,16,23
ST,training/flip/0016_000000019,train,known_environment_earlier_train,flip,flip/0016,19,ENV-02,training,29,17,23
ST,training/flip/0016_000000020,train,known_environment_earlier_train,flip,flip/0016,20,ENV-02,training,29,18,23
ST,training/flip/0016_000000021,train,known_environment_earlier_train,flip,flip/0016,21,ENV-02,training,29,19,23
ST,training/flip/0016_000000022,train,known_environment_earlier_train,flip,flip/0016,22,ENV-02,training,29,20,23
ST,training/flip/0016_000000023,train,known_environment_earlier_train,flip,flip/0016,23,ENV-02,training,29,21,23
ST,training/flip/0016_000000024,train,known_environment_earlier_train,flip,flip/0016,24,ENV-02,training,29,22,23
ST,training/flip/0016_000000025,context,known_environment_later_context,flip,flip/0016,25,ENV-02,training,29,23,23
ST,testing/flip/0016_000000026,context,known_environment_later_context,flip,flip/0016,26,ENV-02,testing,29,24,23
ST,training/flip/0016_000000027,context,known_environment_later_context,flip,flip/0016,27,ENV-02,training,29,25,23
ST,training/flip/0016_000000028,context,known_environment_later_context,flip,flip/0016,28,ENV-02,training,29,26,23
ST,training/flip/0016_000000029,context,known_environment_later_context,flip,flip/0016,29,ENV-02,training,29,27,23
ST,training/flip/0016_000000030,context,known_environment_later_context,flip,flip/0016,30,ENV-02,training,29,28,23
ST,training/flip/0017_000000004,train,known_environment_earlier_train,flip,flip/0017,4,ENV-02,training,19,0,15
ST,training/flip/0017_000000005,train,known_environment_earlier_train,flip,flip/0017,5,ENV-02,training,19,1,15
ST,training/flip/0017_000000006,train,known_environment_earlier_train,flip,flip/0017,6,ENV-02,training,19,2,15
ST,training/flip/0017_000000007,train,known_environment_earlier_train,flip,flip/0017,7,ENV-02,training,19,3,15
ST,training/flip/0017_000000008,train,known_environment_earlier_train,flip,flip/0017,8,ENV-02,training,19,4,15
ST,training/flip/0017_000000009,train,known_environment_earlier_train,flip,flip/0017,9,ENV-02,training,19,5,15
ST,training/flip/0017_000000010,train,known_environment_earlier_train,flip,flip/0017,10,ENV-02,training,19,6,15
ST,training/flip/0017_000000011,train,known_environment_earlier_train,flip,flip/0017,11,ENV-02,training,19,7,15
ST,training/flip/0017_000000012,train,known_environment_earlier_train,flip,flip/0017,12,ENV-02,training,19,8,15
ST,training/flip/0017_000000013,train,known_environment_earlier_train,flip,flip/0017,13,ENV-02,training,19,9,15
ST,training/flip/0017_000000014,train,known_environment_earlier_train,flip,flip/0017,14,ENV-02,training,19,10,15
ST,testing/flip/0017_000000015,train,known_environment_earlier_train,flip,flip/0017,15,ENV-02,testing,19,11,15
ST,training/flip/0017_000000016,train,known_environment_earlier_train,flip,flip/0017,16,ENV-02,training,19,12,15
ST,testing/flip/0017_000000017,train,known_environment_earlier_train,flip,flip/0017,17,ENV-02,testing,19,13,15
ST,training/flip/0017_000000018,train,known_environment_earlier_train,flip,flip/0017,18,ENV-02,training,19,14,15
ST,training/flip/0017_000000019,context,known_environment_later_context,flip,flip/0017,19,ENV-02,training,19,15,15
ST,training/flip/0017_000000020,context,known_environment_later_context,flip,flip/0017,20,ENV-02,training,19,16,15
ST,training/flip/0017_000000021,context,known_environment_later_context,flip,flip/0017,21,ENV-02,training,19,17,15
ST,training/flip/0017_000000022,context,known_environment_later_context,flip,flip/0017,22,ENV-02,training,19,18,15
ST,training/flip/0018_000000001,train,known_environment_earlier_train,flip,flip/0018,1,ENV-02,training,26,0,20
ST,training/flip/0018_000000002,train,known_environment_earlier_train,flip,flip/0018,2,ENV-02,training,26,1,20
ST,testing/flip/0018_000000003,train,known_environment_earlier_train,flip,flip/0018,3,ENV-02,testing,26,2,20
ST,testing/flip/0018_000000004,train,known_environment_earlier_train,flip,flip/0018,4,ENV-02,testing,26,3,20
ST,training/flip/0018_000000005,train,known_environment_earlier_train,flip,flip/0018,5,ENV-02,training,26,4,20
ST,training/flip/0018_000000006,train,known_environment_earlier_train,flip,flip/0018,6,ENV-02,training,26,5,20
ST,training/flip/0018_000000007,train,known_environment_earlier_train,flip,flip/0018,7,ENV-02,training,26,6,20
ST,training/flip/0018_000000008,train,known_environment_earlier_train,flip,flip/0018,8,ENV-02,training,26,7,20
ST,training/flip/0018_000000009,train,known_environment_earlier_train,flip,flip/0018,9,ENV-02,training,26,8,20
ST,training/flip/0018_000000010,train,known_environment_earlier_train,flip,flip/0018,10,ENV-02,training,26,9,20
ST,training/flip/0018_000000011,train,known_environment_earlier_train,flip,flip/0018,11,ENV-02,training,26,10,20
ST,testing/flip/0018_000000012,train,known_environment_earlier_train,flip,flip/0018,12,ENV-02,testing,26,11,20
ST,training/flip/0018_000000013,train,known_environment_earlier_train,flip,flip/0018,13,ENV-02,training,26,12,20
ST,training/flip/0018_000000014,train,known_environment_earlier_train,flip,flip/0018,14,ENV-02,training,26,13,20
ST,training/flip/0018_000000015,train,known_environment_earlier_train,flip,flip/0018,15,ENV-02,training,26,14,20
ST,training/flip/0018_000000016,train,known_environment_earlier_train,flip,flip/0018,16,ENV-02,training,26,15,20
ST,training/flip/0018_000000017,train,known_environment_earlier_train,flip,flip/0018,17,ENV-02,training,26,16,20
ST,training/flip/0018_000000018,train,known_environment_earlier_train,flip,flip/0018,18,ENV-02,training,26,17,20
ST,testing/flip/0018_000000019,train,known_environment_earlier_train,flip,flip/0018,19,ENV-02,testing,26,18,20
ST,testing/flip/0018_000000020,train,known_environment_earlier_train,flip,flip/0018,20,ENV-02,testing,26,19,20
ST,training/flip/0018_000000021,context,known_environment_later_context,flip,flip/0018,21,ENV-02,training,26,20,20
ST,training/flip/0018_000000022,context,known_environment_later_context,flip,flip/0018,22,ENV-02,training,26,21,20
ST,training/flip/0018_000000023,context,known_environment_later_context,flip,flip/0018,23,ENV-02,training,26,22,20
ST,training/flip/0018_000000024,context,known_environment_later_context,flip,flip/0018,24,ENV-02,training,26,23,20
ST,training/flip/0018_000000025,context,known_environment_later_context,flip,flip/0018,25,ENV-02,training,26,24,20
ST,training/flip/0018_000000026,context,known_environment_later_context,flip,flip/0018,26,ENV-02,training,26,25,20
ST,training/flip/0019_000000012,train,known_environment_earlier_train,flip,flip/0019,12,ENV-02,training,19,0,15
ST,training/flip/0019_000000013,train,known_environment_earlier_train,flip,flip/0019,13,ENV-02,training,19,1,15
ST,testing/flip/0019_000000014,train,known_environment_earlier_train,flip,flip/0019,14,ENV-02,testing,19,2,15
ST,training/flip/0019_000000015,train,known_environment_earlier_train,flip,flip/0019,15,ENV-02,training,19,3,15
ST,training/flip/0019_000000016,train,known_environment_earlier_train,flip,flip/0019,16,ENV-02,training,19,4,15
ST,training/flip/0019_000000017,train,known_environment_earlier_train,flip,flip/0019,17,ENV-02,training,19,5,15
ST,training/flip/0019_000000018,train,known_environment_earlier_train,flip,flip/0019,18,ENV-02,training,19,6,15
ST,training/flip/0019_000000019,train,known_environment_earlier_train,flip,flip/0019,19,ENV-02,training,19,7,15
ST,training/flip/0019_000000020,train,known_environment_earlier_train,flip,flip/0019,20,ENV-02,training,19,8,15
ST,training/flip/0019_000000021,train,known_environment_earlier_train,flip,flip/0019,21,ENV-02,training,19,9,15
ST,training/flip/0019_000000022,train,known_environment_earlier_train,flip,flip/0019,22,ENV-02,training,19,10,15
ST,training/flip/0019_000000023,train,known_environment_earlier_train,flip,flip/0019,23,ENV-02,training,19,11,15
ST,training/flip/0019_000000024,train,known_environment_earlier_train,flip,flip/0019,24,ENV-02,training,19,12,15
ST,testing/flip/0019_000000025,train,known_environment_earlier_train,flip,flip/0019,25,ENV-02,testing,19,13,15
ST,training/flip/0019_000000026,train,known_environment_earlier_train,flip,flip/0019,26,ENV-02,training,19,14,15
ST,training/flip/0019_000000027,context,known_environment_later_context,flip,flip/0019,27,ENV-02,training,19,15,15
ST,training/flip/0019_000000028,context,known_environment_later_context,flip,flip/0019,28,ENV-02,training,19,16,15
ST,training/flip/0019_000000029,context,known_environment_later_context,flip,flip/0019,29,ENV-02,training,19,17,15
ST,training/flip/0019_000000030,context,known_environment_later_context,flip,flip/0019,30,ENV-02,training,19,18,15
ST,training/flip/0020_000000004,train,known_environment_earlier_train,flip,flip/0020,4,ENV-02,training,20,0,16
ST,training/flip/0020_000000005,train,known_environment_earlier_train,flip,flip/0020,5,ENV-02,training,20,1,16
ST,training/flip/0020_000000006,train,known_environment_earlier_train,flip,flip/0020,6,ENV-02,training,20,2,16
ST,training/flip/0020_000000007,train,known_environment_earlier_train,flip,flip/0020,7,ENV-02,training,20,3,16
ST,training/flip/0020_000000008,train,known_environment_earlier_train,flip,flip/0020,8,ENV-02,training,20,4,16
ST,training/flip/0020_000000009,train,known_environment_earlier_train,flip,flip/0020,9,ENV-02,training,20,5,16
ST,testing/flip/0020_000000010,train,known_environment_earlier_train,flip,flip/0020,10,ENV-02,testing,20,6,16
ST,training/flip/0020_000000011,train,known_environment_earlier_train,flip,flip/0020,11,ENV-02,training,20,7,16
ST,testing/flip/0020_000000012,train,known_environment_earlier_train,flip,flip/0020,12,ENV-02,testing,20,8,16
ST,training/flip/0020_000000013,train,known_environment_earlier_train,flip,flip/0020,13,ENV-02,training,20,9,16
ST,training/flip/0020_000000014,train,known_environment_earlier_train,flip,flip/0020,14,ENV-02,training,20,10,16
ST,testing/flip/0020_000000015,train,known_environment_earlier_train,flip,flip/0020,15,ENV-02,testing,20,11,16
ST,training/flip/0020_000000016,train,known_environment_earlier_train,flip,flip/0020,16,ENV-02,training,20,12,16
ST,training/flip/0020_000000017,train,known_environment_earlier_train,flip,flip/0020,17,ENV-02,training,20,13,16
ST,training/flip/0020_000000018,train,known_environment_earlier_train,flip,flip/0020,18,ENV-02,training,20,14,16
ST,testing/flip/0020_000000019,train,known_environment_earlier_train,flip,flip/0020,19,ENV-02,testing,20,15,16
ST,testing/flip/0020_000000020,context,known_environment_later_context,flip,flip/0020,20,ENV-02,testing,20,16,16
ST,training/flip/0020_000000021,context,known_environment_later_context,flip,flip/0020,21,ENV-02,training,20,17,16
ST,training/flip/0020_000000022,context,known_environment_later_context,flip,flip/0020,22,ENV-02,training,20,18,16
ST,testing/flip/0020_000000023,context,known_environment_later_context,flip,flip/0020,23,ENV-02,testing,20,19,16
ST,training/flip/0021_000000010,train,known_environment_earlier_train,flip,flip/0021,10,ENV-02,training,21,0,16
ST,testing/flip/0021_000000011,train,known_environment_earlier_train,flip,flip/0021,11,ENV-02,testing,21,1,16
ST,training/flip/0021_000000012,train,known_environment_earlier_train,flip,flip/0021,12,ENV-02,training,21,2,16
ST,training/flip/0021_000000013,train,known_environment_earlier_train,flip,flip/0021,13,ENV-02,training,21,3,16
ST,testing/flip/0021_000000014,train,known_environment_earlier_train,flip,flip/0021,14,ENV-02,testing,21,4,16
ST,testing/flip/0021_000000015,train,known_environment_earlier_train,flip,flip/0021,15,ENV-02,testing,21,5,16
ST,training/flip/0021_000000016,train,known_environment_earlier_train,flip,flip/0021,16,ENV-02,training,21,6,16
ST,training/flip/0021_000000017,train,known_environment_earlier_train,flip,flip/0021,17,ENV-02,training,21,7,16
ST,training/flip/0021_000000018,train,known_environment_earlier_train,flip,flip/0021,18,ENV-02,training,21,8,16
ST,training/flip/0021_000000019,train,known_environment_earlier_train,flip,flip/0021,19,ENV-02,training,21,9,16
ST,training/flip/0021_000000020,train,known_environment_earlier_train,flip,flip/0021,20,ENV-02,training,21,10,16
ST,training/flip/0021_000000021,train,known_environment_earlier_train,flip,flip/0021,21,ENV-02,training,21,11,16
ST,training/flip/0021_000000022,train,known_environment_earlier_train,flip,flip/0021,22,ENV-02,training,21,12,16
ST,training/flip/0021_000000023,train,known_environment_earlier_train,flip,flip/0021,23,ENV-02,training,21,13,16
ST,training/flip/0021_000000024,train,known_environment_earlier_train,flip,flip/0021,24,ENV-02,training,21,14,16
ST,training/flip/0021_000000025,train,known_environment_earlier_train,flip,flip/0021,25,ENV-02,training,21,15,16
ST,training/flip/0021_000000026,context,known_environment_later_context,flip,flip/0021,26,ENV-02,training,21,16,16
ST,testing/flip/0021_000000027,context,known_environment_later_context,flip,flip/0021,27,ENV-02,testing,21,17,16
ST,training/flip/0021_000000028,context,known_environment_later_context,flip,flip/0021,28,ENV-02,training,21,18,16
ST,training/flip/0021_000000029,context,known_environment_later_context,flip,flip/0021,29,ENV-02,training,21,19,16
ST,training/flip/0021_000000030,context,known_environment_later_context,flip,flip/0021,30,ENV-02,training,21,20,16
ST,training/flip/0022_000000007,train,known_environment_earlier_train,flip,flip/0022,7,ENV-02,training,18,0,14
ST,training/flip/0022_000000008,train,known_environment_earlier_train,flip,flip/0022,8,ENV-02,training,18,1,14
ST,training/flip/0022_000000009,train,known_environment_earlier_train,flip,flip/0022,9,ENV-02,training,18,2,14
ST,testing/flip/0022_000000010,train,known_environment_earlier_train,flip,flip/0022,10,ENV-02,testing,18,3,14
ST,training/flip/0022_000000011,train,known_environment_earlier_train,flip,flip/0022,11,ENV-02,training,18,4,14
ST,training/flip/0022_000000012,train,known_environment_earlier_train,flip,flip/0022,12,ENV-02,training,18,5,14
ST,training/flip/0022_000000013,train,known_environment_earlier_train,flip,flip/0022,13,ENV-02,training,18,6,14
ST,training/flip/0022_000000014,train,known_environment_earlier_train,flip,flip/0022,14,ENV-02,training,18,7,14
ST,training/flip/0022_000000015,train,known_environment_earlier_train,flip,flip/0022,15,ENV-02,training,18,8,14
ST,training/flip/0022_000000016,train,known_environment_earlier_train,flip,flip/0022,16,ENV-02,training,18,9,14
ST,training/flip/0022_000000017,train,known_environment_earlier_train,flip,flip/0022,17,ENV-02,training,18,10,14
ST,training/flip/0022_000000018,train,known_environment_earlier_train,flip,flip/0022,18,ENV-02,training,18,11,14
ST,training/flip/0022_000000019,train,known_environment_earlier_train,flip,flip/0022,19,ENV-02,training,18,12,14
ST,testing/flip/0022_000000020,train,known_environment_earlier_train,flip,flip/0022,20,ENV-02,testing,18,13,14
ST,training/flip/0022_000000021,context,known_environment_later_context,flip,flip/0022,21,ENV-02,training,18,14,14
ST,training/flip/0022_000000022,context,known_environment_later_context,flip,flip/0022,22,ENV-02,training,18,15,14
ST,training/flip/0022_000000023,context,known_environment_later_context,flip,flip/0022,23,ENV-02,training,18,16,14
ST,training/flip/0022_000000024,context,known_environment_later_context,flip,flip/0022,24,ENV-02,training,18,17,14
ST,training/flip/0023_000000003,train,known_environment_earlier_train,flip,flip/0023,3,ENV-02,training,14,0,11
ST,training/flip/0023_000000004,train,known_environment_earlier_train,flip,flip/0023,4,ENV-02,training,14,1,11
ST,training/flip/0023_000000005,train,known_environment_earlier_train,flip,flip/0023,5,ENV-02,training,14,2,11
ST,training/flip/0023_000000006,train,known_environment_earlier_train,flip,flip/0023,6,ENV-02,training,14,3,11
ST,training/flip/0023_000000016,train,known_environment_earlier_train,flip,flip/0023,16,ENV-02,training,14,4,11
ST,training/flip/0023_000000017,train,known_environment_earlier_train,flip,flip/0023,17,ENV-02,training,14,5,11
ST,training/flip/0023_000000018,train,known_environment_earlier_train,flip,flip/0023,18,ENV-02,training,14,6,11
ST,training/flip/0023_000000019,train,known_environment_earlier_train,flip,flip/0023,19,ENV-02,training,14,7,11
ST,training/flip/0023_000000020,train,known_environment_earlier_train,flip,flip/0023,20,ENV-02,training,14,8,11
ST,training/flip/0023_000000021,train,known_environment_earlier_train,flip,flip/0023,21,ENV-02,training,14,9,11
ST,training/flip/0023_000000022,train,known_environment_earlier_train,flip,flip/0023,22,ENV-02,training,14,10,11
ST,training/flip/0023_000000023,context,known_environment_later_context,flip,flip/0023,23,ENV-02,training,14,11,11
ST,training/flip/0023_000000024,context,known_environment_later_context,flip,flip/0023,24,ENV-02,training,14,12,11
ST,training/flip/0023_000000025,context,known_environment_later_context,flip,flip/0023,25,ENV-02,training,14,13,11
ST,training/flip/0024_000000016,train,known_environment_earlier_train,flip,flip/0024,16,ENV-02,training,12,0,9
ST,testing/flip/0024_000000017,train,known_environment_earlier_train,flip,flip/0024,17,ENV-02,testing,12,1,9
ST,training/flip/0024_000000018,train,known_environment_earlier_train,flip,flip/0024,18,ENV-02,training,12,2,9
ST,testing/flip/0024_000000019,train,known_environment_earlier_train,flip,flip/0024,19,ENV-02,testing,12,3,9
ST,training/flip/0024_000000020,train,known_environment_earlier_train,flip,flip/0024,20,ENV-02,training,12,4,9
ST,testing/flip/0024_000000021,train,known_environment_earlier_train,flip,flip/0024,21,ENV-02,testing,12,5,9
ST,training/flip/0024_000000022,train,known_environment_earlier_train,flip,flip/0024,22,ENV-02,training,12,6,9
ST,training/flip/0024_000000023,train,known_environment_earlier_train,flip,flip/0024,23,ENV-02,training,12,7,9
ST,training/flip/0024_000000024,train,known_environment_earlier_train,flip,flip/0024,24,ENV-02,training,12,8,9
ST,training/flip/0024_000000025,context,known_environment_later_context,flip,flip/0024,25,ENV-02,training,12,9,9
ST,training/flip/0024_000000026,context,known_environment_later_context,flip,flip/0024,26,ENV-02,training,12,10,9
ST,training/flip/0024_000000027,context,known_environment_later_context,flip,flip/0024,27,ENV-02,training,12,11,9
ST,training/flip/0025_000000004,train,known_environment_earlier_train,flip,flip/0025,4,ENV-02,training,11,0,8
ST,training/flip/0025_000000005,train,known_environment_earlier_train,flip,flip/0025,5,ENV-02,training,11,1,8
ST,training/flip/0025_000000006,train,known_environment_earlier_train,flip,flip/0025,6,ENV-02,training,11,2,8
ST,training/flip/0025_000000007,train,known_environment_earlier_train,flip,flip/0025,7,ENV-02,training,11,3,8
ST,training/flip/0025_000000008,train,known_environment_earlier_train,flip,flip/0025,8,ENV-02,training,11,4,8
ST,training/flip/0025_000000009,train,known_environment_earlier_train,flip,flip/0025,9,ENV-02,training,11,5,8
ST,training/flip/0025_000000010,train,known_environment_earlier_train,flip,flip/0025,10,ENV-02,training,11,6,8
ST,training/flip/0025_000000011,train,known_environment_earlier_train,flip,flip/0025,11,ENV-02,training,11,7,8
ST,training/flip/0025_000000012,context,known_environment_later_context,flip,flip/0025,12,ENV-02,training,11,8,8
ST,training/flip/0025_000000013,context,known_environment_later_context,flip,flip/0025,13,ENV-02,training,11,9,8
ST,training/flip/0025_000000014,context,known_environment_later_context,flip,flip/0025,14,ENV-02,training,11,10,8
ST,training/flip/0026_000000008,train,known_environment_earlier_train,flip,flip/0026,8,ENV-02,training,15,0,12
ST,training/flip/0026_000000009,train,known_environment_earlier_train,flip,flip/0026,9,ENV-02,training,15,1,12
ST,testing/flip/0026_000000010,train,known_environment_earlier_train,flip,flip/0026,10,ENV-02,testing,15,2,12
ST,training/flip/0026_000000011,train,known_environment_earlier_train,flip,flip/0026,11,ENV-02,training,15,3,12
ST,training/flip/0026_000000012,train,known_environment_earlier_train,flip,flip/0026,12,ENV-02,training,15,4,12
ST,training/flip/0026_000000013,train,known_environment_earlier_train,flip,flip/0026,13,ENV-02,training,15,5,12
ST,training/flip/0026_000000014,train,known_environment_earlier_train,flip,flip/0026,14,ENV-02,training,15,6,12
ST,training/flip/0026_000000015,train,known_environment_earlier_train,flip,flip/0026,15,ENV-02,training,15,7,12
ST,testing/flip/0026_000000016,train,known_environment_earlier_train,flip,flip/0026,16,ENV-02,testing,15,8,12
ST,training/flip/0026_000000017,train,known_environment_earlier_train,flip,flip/0026,17,ENV-02,training,15,9,12
ST,testing/flip/0026_000000018,train,known_environment_earlier_train,flip,flip/0026,18,ENV-02,testing,15,10,12
ST,training/flip/0026_000000019,train,known_environment_earlier_train,flip,flip/0026,19,ENV-02,training,15,11,12
ST,training/flip/0026_000000020,context,known_environment_later_context,flip,flip/0026,20,ENV-02,training,15,12,12
ST,training/flip/0026_000000021,context,known_environment_later_context,flip,flip/0026,21,ENV-02,training,15,13,12
ST,training/flip/0026_000000022,context,known_environment_later_context,flip,flip/0026,22,ENV-02,training,15,14,12
ST,training/flip/0027_000000011,train,known_environment_earlier_train,flip,flip/0027,11,ENV-02,training,10,0,8
ST,training/flip/0027_000000012,train,known_environment_earlier_train,flip,flip/0027,12,ENV-02,training,10,1,8
ST,training/flip/0027_000000013,train,known_environment_earlier_train,flip,flip/0027,13,ENV-02,training,10,2,8
ST,training/flip/0027_000000014,train,known_environment_earlier_train,flip,flip/0027,14,ENV-02,training,10,3,8
ST,training/flip/0027_000000015,train,known_environment_earlier_train,flip,flip/0027,15,ENV-02,training,10,4,8
ST,testing/flip/0027_000000016,train,known_environment_earlier_train,flip,flip/0027,16,ENV-02,testing,10,5,8
ST,training/flip/0027_000000017,train,known_environment_earlier_train,flip,flip/0027,17,ENV-02,training,10,6,8
ST,testing/flip/0027_000000018,train,known_environment_earlier_train,flip,flip/0027,18,ENV-02,testing,10,7,8
ST,testing/flip/0027_000000019,context,known_environment_later_context,flip,flip/0027,19,ENV-02,testing,10,8,8
ST,training/flip/0027_000000020,context,known_environment_later_context,flip,flip/0027,20,ENV-02,training,10,9,8
ST,training/flip/0028_000000001,train,known_environment_earlier_train,flip,flip/0028,1,ENV-02,training,28,0,22
ST,training/flip/0028_000000002,train,known_environment_earlier_train,flip,flip/0028,2,ENV-02,training,28,1,22
ST,training/flip/0028_000000003,train,known_environment_earlier_train,flip,flip/0028,3,ENV-02,training,28,2,22
ST,training/flip/0028_000000004,train,known_environment_earlier_train,flip,flip/0028,4,ENV-02,training,28,3,22
ST,training/flip/0028_000000005,train,known_environment_earlier_train,flip,flip/0028,5,ENV-02,training,28,4,22
ST,training/flip/0028_000000006,train,known_environment_earlier_train,flip,flip/0028,6,ENV-02,training,28,5,22
ST,training/flip/0028_000000007,train,known_environment_earlier_train,flip,flip/0028,7,ENV-02,training,28,6,22
ST,training/flip/0028_000000008,train,known_environment_earlier_train,flip,flip/0028,8,ENV-02,training,28,7,22
ST,training/flip/0028_000000009,train,known_environment_earlier_train,flip,flip/0028,9,ENV-02,training,28,8,22
ST,training/flip/0028_000000010,train,known_environment_earlier_train,flip,flip/0028,10,ENV-02,training,28,9,22
ST,training/flip/0028_000000011,train,known_environment_earlier_train,flip,flip/0028,11,ENV-02,training,28,10,22
ST,training/flip/0028_000000012,train,known_environment_earlier_train,flip,flip/0028,12,ENV-02,training,28,11,22
ST,training/flip/0028_000000013,train,known_environment_earlier_train,flip,flip/0028,13,ENV-02,training,28,12,22
ST,training/flip/0028_000000014,train,known_environment_earlier_train,flip,flip/0028,14,ENV-02,training,28,13,22
ST,testing/flip/0028_000000015,train,known_environment_earlier_train,flip,flip/0028,15,ENV-02,testing,28,14,22
ST,training/flip/0028_000000016,train,known_environment_earlier_train,flip,flip/0028,16,ENV-02,training,28,15,22
ST,training/flip/0028_000000017,train,known_environment_earlier_train,flip,flip/0028,17,ENV-02,training,28,16,22
ST,training/flip/0028_000000018,train,known_environment_earlier_train,flip,flip/0028,18,ENV-02,training,28,17,22
ST,testing/flip/0028_000000019,train,known_environment_earlier_train,flip,flip/0028,19,ENV-02,testing,28,18,22
ST,training/flip/0028_000000020,train,known_environment_earlier_train,flip,flip/0028,20,ENV-02,training,28,19,22
ST,training/flip/0028_000000021,train,known_environment_earlier_train,flip,flip/0028,21,ENV-02,training,28,20,22
ST,training/flip/0028_000000022,train,known_environment_earlier_train,flip,flip/0028,22,ENV-02,training,28,21,22
ST,training/flip/0028_000000023,context,known_environment_later_context,flip,flip/0028,23,ENV-02,training,28,22,22
ST,testing/flip/0028_000000024,context,known_environment_later_context,flip,flip/0028,24,ENV-02,testing,28,23,22
ST,training/flip/0028_000000025,context,known_environment_later_context,flip,flip/0028,25,ENV-02,training,28,24,22
ST,training/flip/0028_000000026,context,known_environment_later_context,flip,flip/0028,26,ENV-02,training,28,25,22
ST,training/flip/0028_000000027,context,known_environment_later_context,flip,flip/0028,27,ENV-02,training,28,26,22
ST,training/flip/0028_000000028,context,known_environment_later_context,flip,flip/0028,28,ENV-02,training,28,27,22
ST,training/flip/0029_000000001,train,known_environment_earlier_train,flip,flip/0029,1,ENV-02,training,20,0,16
ST,training/flip/0029_000000002,train,known_environment_earlier_train,flip,flip/0029,2,ENV-02,training,20,1,16
ST,training/flip/0029_000000003,train,known_environment_earlier_train,flip,flip/0029,3,ENV-02,training,20,2,16
ST,training/flip/0029_000000004,train,known_environment_earlier_train,flip,flip/0029,4,ENV-02,training,20,3,16
ST,training/flip/0029_000000005,train,known_environment_earlier_train,flip,flip/0029,5,ENV-02,training,20,4,16
ST,training/flip/0029_000000006,train,known_environment_earlier_train,flip,flip/0029,6,ENV-02,training,20,5,16
ST,training/flip/0029_000000007,train,known_environment_earlier_train,flip,flip/0029,7,ENV-02,training,20,6,16
ST,training/flip/0029_000000008,train,known_environment_earlier_train,flip,flip/0029,8,ENV-02,training,20,7,16
ST,training/flip/0029_000000009,train,known_environment_earlier_train,flip,flip/0029,9,ENV-02,training,20,8,16
ST,training/flip/0029_000000018,train,known_environment_earlier_train,flip,flip/0029,18,ENV-02,training,20,9,16
ST,training/flip/0029_000000019,train,known_environment_earlier_train,flip,flip/0029,19,ENV-02,training,20,10,16
ST,training/flip/0029_000000020,train,known_environment_earlier_train,flip,flip/0029,20,ENV-02,training,20,11,16
ST,testing/flip/0029_000000021,train,known_environment_earlier_train,flip,flip/0029,21,ENV-02,testing,20,12,16
ST,training/flip/0029_000000022,train,known_environment_earlier_train,flip,flip/0029,22,ENV-02,training,20,13,16
ST,training/flip/0029_000000023,train,known_environment_earlier_train,flip,flip/0029,23,ENV-02,training,20,14,16
ST,testing/flip/0029_000000024,train,known_environment_earlier_train,flip,flip/0029,24,ENV-02,testing,20,15,16
ST,testing/flip/0029_000000025,context,known_environment_later_context,flip,flip/0029,25,ENV-02,testing,20,16,16
ST,training/flip/0029_000000026,context,known_environment_later_context,flip,flip/0029,26,ENV-02,training,20,17,16
ST,testing/flip/0029_000000027,context,known_environment_later_context,flip,flip/0029,27,ENV-02,testing,20,18,16
ST,training/flip/0029_000000028,context,known_environment_later_context,flip,flip/0029,28,ENV-02,training,20,19,16
ST,training/flip/0030_000000001,train,known_environment_earlier_train,flip,flip/0030,1,ENV-02,training,38,0,30
ST,training/flip/0030_000000002,train,known_environment_earlier_train,flip,flip/0030,2,ENV-02,training,38,1,30
ST,testing/flip/0030_000000003,train,known_environment_earlier_train,flip,flip/0030,3,ENV-02,testing,38,2,30
ST,training/flip/0030_000000004,train,known_environment_earlier_train,flip,flip/0030,4,ENV-02,training,38,3,30
ST,training/flip/0030_000000005,train,known_environment_earlier_train,flip,flip/0030,5,ENV-02,training,38,4,30
ST,testing/flip/0030_000000006,train,known_environment_earlier_train,flip,flip/0030,6,ENV-02,testing,38,5,30
ST,training/flip/0030_000000007,train,known_environment_earlier_train,flip,flip/0030,7,ENV-02,training,38,6,30
ST,training/flip/0030_000000008,train,known_environment_earlier_train,flip,flip/0030,8,ENV-02,training,38,7,30
ST,testing/flip/0030_000000009,train,known_environment_earlier_train,flip,flip/0030,9,ENV-02,testing,38,8,30
ST,training/flip/0030_000000010,train,known_environment_earlier_train,flip,flip/0030,10,ENV-02,training,38,9,30
ST,training/flip/0030_000000011,train,known_environment_earlier_train,flip,flip/0030,11,ENV-02,training,38,10,30
ST,testing/flip/0030_000000012,train,known_environment_earlier_train,flip,flip/0030,12,ENV-02,testing,38,11,30
ST,training/flip/0030_000000013,train,known_environment_earlier_train,flip,flip/0030,13,ENV-02,training,38,12,30
ST,training/flip/0030_000000014,train,known_environment_earlier_train,flip,flip/0030,14,ENV-02,training,38,13,30
ST,training/flip/0030_000000015,train,known_environment_earlier_train,flip,flip/0030,15,ENV-02,training,38,14,30
ST,training/flip/0030_000000016,train,known_environment_earlier_train,flip,flip/0030,16,ENV-02,training,38,15,30
ST,training/flip/0030_000000017,train,known_environment_earlier_train,flip,flip/0030,17,ENV-02,training,38,16,30
ST,training/flip/0030_000000018,train,known_environment_earlier_train,flip,flip/0030,18,ENV-02,training,38,17,30
ST,testing/flip/0030_000000019,train,known_environment_earlier_train,flip,flip/0030,19,ENV-02,testing,38,18,30
ST,training/flip/0030_000000020,train,known_environment_earlier_train,flip,flip/0030,20,ENV-02,training,38,19,30
ST,training/flip/0030_000000021,train,known_environment_earlier_train,flip,flip/0030,21,ENV-02,training,38,20,30
ST,training/flip/0030_000000022,train,known_environment_earlier_train,flip,flip/0030,22,ENV-02,training,38,21,30
ST,training/flip/0030_000000023,train,known_environment_earlier_train,flip,flip/0030,23,ENV-02,training,38,22,30
ST,training/flip/0030_000000024,train,known_environment_earlier_train,flip,flip/0030,24,ENV-02,training,38,23,30
ST,training/flip/0030_000000025,train,known_environment_earlier_train,flip,flip/0030,25,ENV-02,training,38,24,30
ST,training/flip/0030_000000026,train,known_environment_earlier_train,flip,flip/0030,26,ENV-02,training,38,25,30
ST,testing/flip/0030_000000027,train,known_environment_earlier_train,flip,flip/0030,27,ENV-02,testing,38,26,30
ST,training/flip/0030_000000028,train,known_environment_earlier_train,flip,flip/0030,28,ENV-02,training,38,27,30
ST,training/flip/0030_000000029,train,known_environment_earlier_train,flip,flip/0030,29,ENV-02,training,38,28,30
ST,training/flip/0030_000000030,train,known_environment_earlier_train,flip,flip/0030,30,ENV-02,training,38,29,30
ST,testing/flip/0030_000000031,context,known_environment_later_context,flip,flip/0030,31,ENV-02,testing,38,30,30
ST,training/flip/0030_000000032,context,known_environment_later_context,flip,flip/0030,32,ENV-02,training,38,31,30
ST,training/flip/0030_000000033,context,known_environment_later_context,flip,flip/0030,33,ENV-02,training,38,32,30
ST,training/flip/0030_000000034,context,known_environment_later_context,flip,flip/0030,34,ENV-02,training,38,33,30
ST,training/flip/0030_000000035,context,known_environment_later_context,flip,flip/0030,35,ENV-02,training,38,34,30
ST,training/flip/0030_000000036,context,known_environment_later_context,flip,flip/0030,36,ENV-02,training,38,35,30
ST,training/flip/0030_000000037,context,known_environment_later_context,flip,flip/0030,37,ENV-02,training,38,36,30
ST,testing/flip/0030_000000038,context,known_environment_later_context,flip,flip/0030,38,ENV-02,testing,38,37,30
ST,training/flip/0031_000000014,train,known_environment_earlier_train,flip,flip/0031,14,ENV-02,training,15,0,12
ST,training/flip/0031_000000015,train,known_environment_earlier_train,flip,flip/0031,15,ENV-02,training,15,1,12
ST,training/flip/0031_000000016,train,known_environment_earlier_train,flip,flip/0031,16,ENV-02,training,15,2,12
ST,training/flip/0031_000000017,train,known_environment_earlier_train,flip,flip/0031,17,ENV-02,training,15,3,12
ST,testing/flip/0031_000000018,train,known_environment_earlier_train,flip,flip/0031,18,ENV-02,testing,15,4,12
ST,training/flip/0031_000000019,train,known_environment_earlier_train,flip,flip/0031,19,ENV-02,training,15,5,12
ST,testing/flip/0031_000000020,train,known_environment_earlier_train,flip,flip/0031,20,ENV-02,testing,15,6,12
ST,training/flip/0031_000000021,train,known_environment_earlier_train,flip,flip/0031,21,ENV-02,training,15,7,12
ST,training/flip/0031_000000022,train,known_environment_earlier_train,flip,flip/0031,22,ENV-02,training,15,8,12
ST,training/flip/0031_000000023,train,known_environment_earlier_train,flip,flip/0031,23,ENV-02,training,15,9,12
ST,training/flip/0031_000000024,train,known_environment_earlier_train,flip,flip/0031,24,ENV-02,training,15,10,12
ST,training/flip/0031_000000025,train,known_environment_earlier_train,flip,flip/0031,25,ENV-02,training,15,11,12
ST,training/flip/0031_000000026,context,known_environment_later_context,flip,flip/0031,26,ENV-02,training,15,12,12
ST,training/flip/0031_000000027,context,known_environment_later_context,flip,flip/0031,27,ENV-02,training,15,13,12
ST,testing/flip/0031_000000028,context,known_environment_later_context,flip,flip/0031,28,ENV-02,testing,15,14,12
ST,testing/flip/0032_000000010,train,known_environment_earlier_train,flip,flip/0032,10,ENV-02,testing,9,0,7
ST,training/flip/0032_000000011,train,known_environment_earlier_train,flip,flip/0032,11,ENV-02,training,9,1,7
ST,training/flip/0032_000000012,train,known_environment_earlier_train,flip,flip/0032,12,ENV-02,training,9,2,7
ST,training/flip/0032_000000013,train,known_environment_earlier_train,flip,flip/0032,13,ENV-02,training,9,3,7
ST,training/flip/0032_000000014,train,known_environment_earlier_train,flip,flip/0032,14,ENV-02,training,9,4,7
ST,training/flip/0032_000000015,train,known_environment_earlier_train,flip,flip/0032,15,ENV-02,training,9,5,7
ST,training/flip/0032_000000016,train,known_environment_earlier_train,flip,flip/0032,16,ENV-02,training,9,6,7
ST,training/flip/0032_000000017,context,known_environment_later_context,flip,flip/0032,17,ENV-02,training,9,7,7
ST,training/flip/0032_000000018,context,known_environment_later_context,flip,flip/0032,18,ENV-02,training,9,8,7
ST,testing/flip/0033_000000016,train,known_environment_earlier_train,flip,flip/0033,16,ENV-02,testing,11,0,8
ST,training/flip/0033_000000017,train,known_environment_earlier_train,flip,flip/0033,17,ENV-02,training,11,1,8
ST,training/flip/0033_000000018,train,known_environment_earlier_train,flip,flip/0033,18,ENV-02,training,11,2,8
ST,training/flip/0033_000000019,train,known_environment_earlier_train,flip,flip/0033,19,ENV-02,training,11,3,8
ST,training/flip/0033_000000020,train,known_environment_earlier_train,flip,flip/0033,20,ENV-02,training,11,4,8
ST,testing/flip/0033_000000021,train,known_environment_earlier_train,flip,flip/0033,21,ENV-02,testing,11,5,8
ST,training/flip/0033_000000022,train,known_environment_earlier_train,flip,flip/0033,22,ENV-02,training,11,6,8
ST,training/flip/0033_000000023,train,known_environment_earlier_train,flip,flip/0033,23,ENV-02,training,11,7,8
ST,training/flip/0033_000000024,context,known_environment_later_context,flip,flip/0033,24,ENV-02,training,11,8,8
ST,training/flip/0033_000000025,context,known_environment_later_context,flip,flip/0033,25,ENV-02,training,11,9,8
ST,training/flip/0033_000000026,context,known_environment_later_context,flip,flip/0033,26,ENV-02,training,11,10,8
ST,testing/flip/0034_000000015,context,heldout_environment_earlier_context,flip,flip/0034,15,ENV-03,testing,13,0,10
ST,testing/flip/0034_000000016,context,heldout_environment_earlier_context,flip,flip/0034,16,ENV-03,testing,13,1,10
ST,training/flip/0034_000000017,context,heldout_environment_earlier_context,flip,flip/0034,17,ENV-03,training,13,2,10
ST,training/flip/0034_000000018,context,heldout_environment_earlier_context,flip,flip/0034,18,ENV-03,training,13,3,10
ST,testing/flip/0034_000000019,context,heldout_environment_earlier_context,flip,flip/0034,19,ENV-03,testing,13,4,10
ST,testing/flip/0034_000000020,context,heldout_environment_earlier_context,flip,flip/0034,20,ENV-03,testing,13,5,10
ST,training/flip/0034_000000021,context,heldout_environment_earlier_context,flip,flip/0034,21,ENV-03,training,13,6,10
ST,testing/flip/0034_000000022,context,heldout_environment_earlier_context,flip,flip/0034,22,ENV-03,testing,13,7,10
ST,training/flip/0034_000000023,context,heldout_environment_earlier_context,flip,flip/0034,23,ENV-03,training,13,8,10
ST,training/flip/0034_000000024,context,heldout_environment_earlier_context,flip,flip/0034,24,ENV-03,training,13,9,10
ST,training/flip/0034_000000025,test,heldout_environment_later_test,flip,flip/0034,25,ENV-03,training,13,10,10
ST,training/flip/0034_000000026,test,heldout_environment_later_test,flip,flip/0034,26,ENV-03,training,13,11,10
ST,training/flip/0034_000000027,test,heldout_environment_later_test,flip,flip/0034,27,ENV-03,training,13,12,10
ST,testing/flip/0035_000000007,context,heldout_environment_earlier_context,flip,flip/0035,7,ENV-03,testing,16,0,12
ST,training/flip/0035_000000008,context,heldout_environment_earlier_context,flip,flip/0035,8,ENV-03,training,16,1,12
ST,training/flip/0035_000000009,context,heldout_environment_earlier_context,flip,flip/0035,9,ENV-03,training,16,2,12
ST,testing/flip/0035_000000010,context,heldout_environment_earlier_context,flip,flip/0035,10,ENV-03,testing,16,3,12
ST,training/flip/0035_000000011,context,heldout_environment_earlier_context,flip,flip/0035,11,ENV-03,training,16,4,12
ST,training/flip/0035_000000012,context,heldout_environment_earlier_context,flip,flip/0035,12,ENV-03,training,16,5,12
ST,training/flip/0035_000000013,context,heldout_environment_earlier_context,flip,flip/0035,13,ENV-03,training,16,6,12
ST,training/flip/0035_000000014,context,heldout_environment_earlier_context,flip,flip/0035,14,ENV-03,training,16,7,12
ST,training/flip/0035_000000015,context,heldout_environment_earlier_context,flip,flip/0035,15,ENV-03,training,16,8,12
ST,testing/flip/0035_000000016,context,heldout_environment_earlier_context,flip,flip/0035,16,ENV-03,testing,16,9,12
ST,training/flip/0035_000000017,context,heldout_environment_earlier_context,flip,flip/0035,17,ENV-03,training,16,10,12
ST,training/flip/0035_000000018,context,heldout_environment_earlier_context,flip,flip/0035,18,ENV-03,training,16,11,12
ST,training/flip/0035_000000019,test,heldout_environment_later_test,flip,flip/0035,19,ENV-03,training,16,12,12
ST,training/flip/0035_000000020,test,heldout_environment_later_test,flip,flip/0035,20,ENV-03,training,16,13,12
ST,training/flip/0035_000000021,test,heldout_environment_later_test,flip,flip/0035,21,ENV-03,training,16,14,12
ST,training/flip/0035_000000022,test,heldout_environment_later_test,flip,flip/0035,22,ENV-03,training,16,15,12
ST,testing/flip/0036_000000007,context,heldout_environment_earlier_context,flip,flip/0036,7,ENV-03,testing,21,0,16
ST,testing/flip/0036_000000008,context,heldout_environment_earlier_context,flip,flip/0036,8,ENV-03,testing,21,1,16
ST,testing/flip/0036_000000009,context,heldout_environment_earlier_context,flip,flip/0036,9,ENV-03,testing,21,2,16
ST,training/flip/0036_000000010,context,heldout_environment_earlier_context,flip,flip/0036,10,ENV-03,training,21,3,16
ST,testing/flip/0036_000000011,context,heldout_environment_earlier_context,flip,flip/0036,11,ENV-03,testing,21,4,16
ST,training/flip/0036_000000012,context,heldout_environment_earlier_context,flip,flip/0036,12,ENV-03,training,21,5,16
ST,training/flip/0036_000000013,context,heldout_environment_earlier_context,flip,flip/0036,13,ENV-03,training,21,6,16
ST,testing/flip/0036_000000014,context,heldout_environment_earlier_context,flip,flip/0036,14,ENV-03,testing,21,7,16
ST,testing/flip/0036_000000015,context,heldout_environment_earlier_context,flip,flip/0036,15,ENV-03,testing,21,8,16
ST,training/flip/0036_000000016,context,heldout_environment_earlier_context,flip,flip/0036,16,ENV-03,training,21,9,16
ST,training/flip/0036_000000017,context,heldout_environment_earlier_context,flip,flip/0036,17,ENV-03,training,21,10,16
ST,training/flip/0036_000000018,context,heldout_environment_earlier_context,flip,flip/0036,18,ENV-03,training,21,11,16
ST,training/flip/0036_000000019,context,heldout_environment_earlier_context,flip,flip/0036,19,ENV-03,training,21,12,16
ST,training/flip/0036_000000020,context,heldout_environment_earlier_context,flip,flip/0036,20,ENV-03,training,21,13,16
ST,training/flip/0036_000000021,context,heldout_environment_earlier_context,flip,flip/0036,21,ENV-03,training,21,14,16
ST,training/flip/0036_000000022,context,heldout_environment_earlier_context,flip,flip/0036,22,ENV-03,training,21,15,16
ST,training/flip/0036_000000023,test,heldout_environment_later_test,flip,flip/0036,23,ENV-03,training,21,16,16
ST,testing/flip/0036_000000024,test,heldout_environment_later_test,flip,flip/0036,24,ENV-03,testing,21,17,16
ST,training/flip/0036_000000025,test,heldout_environment_later_test,flip,flip/0036,25,ENV-03,training,21,18,16
ST,training/flip/0036_000000026,test,heldout_environment_later_test,flip,flip/0036,26,ENV-03,training,21,19,16
ST,training/flip/0036_000000027,test,heldout_environment_later_test,flip,flip/0036,27,ENV-03,training,21,20,16
ST,training/flip/0037_000000002,context,heldout_environment_earlier_context,flip,flip/0037,2,ENV-03,training,26,0,20
ST,training/flip/0037_000000003,context,heldout_environment_earlier_context,flip,flip/0037,3,ENV-03,training,26,1,20
ST,training/flip/0037_000000004,context,heldout_environment_earlier_context,flip,flip/0037,4,ENV-03,training,26,2,20
ST,training/flip/0037_000000005,context,heldout_environment_earlier_context,flip,flip/0037,5,ENV-03,training,26,3,20
ST,testing/flip/0037_000000006,context,heldout_environment_earlier_context,flip,flip/0037,6,ENV-03,testing,26,4,20
ST,training/flip/0037_000000007,context,heldout_environment_earlier_context,flip,flip/0037,7,ENV-03,training,26,5,20
ST,testing/flip/0037_000000008,context,heldout_environment_earlier_context,flip,flip/0037,8,ENV-03,testing,26,6,20
ST,training/flip/0037_000000009,context,heldout_environment_earlier_context,flip,flip/0037,9,ENV-03,training,26,7,20
ST,training/flip/0037_000000010,context,heldout_environment_earlier_context,flip,flip/0037,10,ENV-03,training,26,8,20
ST,testing/flip/0037_000000011,context,heldout_environment_earlier_context,flip,flip/0037,11,ENV-03,testing,26,9,20
ST,training/flip/0037_000000012,context,heldout_environment_earlier_context,flip,flip/0037,12,ENV-03,training,26,10,20
ST,testing/flip/0037_000000013,context,heldout_environment_earlier_context,flip,flip/0037,13,ENV-03,testing,26,11,20
ST,training/flip/0037_000000014,context,heldout_environment_earlier_context,flip,flip/0037,14,ENV-03,training,26,12,20
ST,training/flip/0037_000000015,context,heldout_environment_earlier_context,flip,flip/0037,15,ENV-03,training,26,13,20
ST,testing/flip/0037_000000016,context,heldout_environment_earlier_context,flip,flip/0037,16,ENV-03,testing,26,14,20
ST,testing/flip/0037_000000017,context,heldout_environment_earlier_context,flip,flip/0037,17,ENV-03,testing,26,15,20
ST,training/flip/0037_000000018,context,heldout_environment_earlier_context,flip,flip/0037,18,ENV-03,training,26,16,20
ST,training/flip/0037_000000019,context,heldout_environment_earlier_context,flip,flip/0037,19,ENV-03,training,26,17,20
ST,testing/flip/0037_000000020,context,heldout_environment_earlier_context,flip,flip/0037,20,ENV-03,testing,26,18,20
ST,training/flip/0037_000000021,context,heldout_environment_earlier_context,flip,flip/0037,21,ENV-03,training,26,19,20
ST,training/flip/0037_000000022,test,heldout_environment_later_test,flip,flip/0037,22,ENV-03,training,26,20,20
ST,training/flip/0037_000000023,test,heldout_environment_later_test,flip,flip/0037,23,ENV-03,training,26,21,20
ST,testing/flip/0037_000000024,test,heldout_environment_later_test,flip,flip/0037,24,ENV-03,testing,26,22,20
ST,training/flip/0037_000000025,test,heldout_environment_later_test,flip,flip/0037,25,ENV-03,training,26,23,20
ST,training/flip/0037_000000026,test,heldout_environment_later_test,flip,flip/0037,26,ENV-03,training,26,24,20
ST,training/flip/0037_000000027,test,heldout_environment_later_test,flip,flip/0037,27,ENV-03,training,26,25,20
ST,training/flip/0038_000000004,context,heldout_environment_earlier_context,flip,flip/0038,4,ENV-03,training,46,0,36
ST,training/flip/0038_000000005,context,heldout_environment_earlier_context,flip,flip/0038,5,ENV-03,training,46,1,36
ST,training/flip/0038_000000006,context,heldout_environment_earlier_context,flip,flip/0038,6,ENV-03,training,46,2,36
ST,testing/flip/0038_000000007,context,heldout_environment_earlier_context,flip,flip/0038,7,ENV-03,testing,46,3,36
ST,training/flip/0038_000000008,context,heldout_environment_earlier_context,flip,flip/0038,8,ENV-03,training,46,4,36
ST,training/flip/0038_000000009,context,heldout_environment_earlier_context,flip,flip/0038,9,ENV-03,training,46,5,36
ST,testing/flip/0038_000000010,context,heldout_environment_earlier_context,flip,flip/0038,10,ENV-03,testing,46,6,36
ST,training/flip/0038_000000011,context,heldout_environment_earlier_context,flip,flip/0038,11,ENV-03,training,46,7,36
ST,training/flip/0038_000000012,context,heldout_environment_earlier_context,flip,flip/0038,12,ENV-03,training,46,8,36
ST,testing/flip/0038_000000013,context,heldout_environment_earlier_context,flip,flip/0038,13,ENV-03,testing,46,9,36
ST,training/flip/0038_000000014,context,heldout_environment_earlier_context,flip,flip/0038,14,ENV-03,training,46,10,36
ST,testing/flip/0038_000000015,context,heldout_environment_earlier_context,flip,flip/0038,15,ENV-03,testing,46,11,36
ST,testing/flip/0038_000000016,context,heldout_environment_earlier_context,flip,flip/0038,16,ENV-03,testing,46,12,36
ST,training/flip/0038_000000017,context,heldout_environment_earlier_context,flip,flip/0038,17,ENV-03,training,46,13,36
ST,training/flip/0038_000000018,context,heldout_environment_earlier_context,flip,flip/0038,18,ENV-03,training,46,14,36
ST,training/flip/0038_000000019,context,heldout_environment_earlier_context,flip,flip/0038,19,ENV-03,training,46,15,36
ST,testing/flip/0038_000000020,context,heldout_environment_earlier_context,flip,flip/0038,20,ENV-03,testing,46,16,36
ST,training/flip/0038_000000021,context,heldout_environment_earlier_context,flip,flip/0038,21,ENV-03,training,46,17,36
ST,training/flip/0038_000000022,context,heldout_environment_earlier_context,flip,flip/0038,22,ENV-03,training,46,18,36
ST,training/flip/0038_000000023,context,heldout_environment_earlier_context,flip,flip/0038,23,ENV-03,training,46,19,36
ST,training/flip/0038_000000024,context,heldout_environment_earlier_context,flip,flip/0038,24,ENV-03,training,46,20,36
ST,training/flip/0038_000000025,context,heldout_environment_earlier_context,flip,flip/0038,25,ENV-03,training,46,21,36
ST,testing/flip/0038_000000026,context,heldout_environment_earlier_context,flip,flip/0038,26,ENV-03,testing,46,22,36
ST,training/flip/0038_000000027,context,heldout_environment_earlier_context,flip,flip/0038,27,ENV-03,training,46,23,36
ST,training/flip/0038_000000028,context,heldout_environment_earlier_context,flip,flip/0038,28,ENV-03,training,46,24,36
ST,training/flip/0038_000000029,context,heldout_environment_earlier_context,flip,flip/0038,29,ENV-03,training,46,25,36
ST,training/flip/0038_000000030,context,heldout_environment_earlier_context,flip,flip/0038,30,ENV-03,training,46,26,36
ST,training/flip/0038_000000031,context,heldout_environment_earlier_context,flip,flip/0038,31,ENV-03,training,46,27,36
ST,testing/flip/0038_000000032,context,heldout_environment_earlier_context,flip,flip/0038,32,ENV-03,testing,46,28,36
ST,training/flip/0038_000000033,context,heldout_environment_earlier_context,flip,flip/0038,33,ENV-03,training,46,29,36
ST,training/flip/0038_000000034,context,heldout_environment_earlier_context,flip,flip/0038,34,ENV-03,training,46,30,36
ST,training/flip/0038_000000035,context,heldout_environment_earlier_context,flip,flip/0038,35,ENV-03,training,46,31,36
ST,training/flip/0038_000000036,context,heldout_environment_earlier_context,flip,flip/0038,36,ENV-03,training,46,32,36
ST,training/flip/0038_000000037,context,heldout_environment_earlier_context,flip,flip/0038,37,ENV-03,training,46,33,36
ST,training/flip/0038_000000038,context,heldout_environment_earlier_context,flip,flip/0038,38,ENV-03,training,46,34,36
ST,training/flip/0038_000000039,context,heldout_environment_earlier_context,flip,flip/0038,39,ENV-03,training,46,35,36
ST,training/flip/0038_000000040,test,heldout_environment_later_test,flip,flip/0038,40,ENV-03,training,46,36,36
ST,training/flip/0038_000000041,test,heldout_environment_later_test,flip,flip/0038,41,ENV-03,training,46,37,36
ST,training/flip/0038_000000042,test,heldout_environment_later_test,flip,flip/0038,42,ENV-03,training,46,38,36
ST,testing/flip/0038_000000043,test,heldout_environment_later_test,flip,flip/0038,43,ENV-03,testing,46,39,36
ST,testing/flip/0038_000000044,test,heldout_environment_later_test,flip,flip/0038,44,ENV-03,testing,46,40,36
ST,training/flip/0038_000000045,test,heldout_environment_later_test,flip,flip/0038,45,ENV-03,training,46,41,36
ST,training/flip/0038_000000046,test,heldout_environment_later_test,flip,flip/0038,46,ENV-03,training,46,42,36
ST,testing/flip/0038_000000047,test,heldout_environment_later_test,flip,flip/0038,47,ENV-03,testing,46,43,36
ST,testing/flip/0038_000000048,test,heldout_environment_later_test,flip,flip/0038,48,ENV-03,testing,46,44,36
ST,training/flip/0038_000000049,test,heldout_environment_later_test,flip,flip/0038,49,ENV-03,training,46,45,36
ST,training/flip/0039_000000008,context,heldout_environment_earlier_context,flip,flip/0039,8,ENV-03,training,21,0,16
ST,testing/flip/0039_000000009,context,heldout_environment_earlier_context,flip,flip/0039,9,ENV-03,testing,21,1,16
ST,training/flip/0039_000000010,context,heldout_environment_earlier_context,flip,flip/0039,10,ENV-03,training,21,2,16
ST,training/flip/0039_000000011,context,heldout_environment_earlier_context,flip,flip/0039,11,ENV-03,training,21,3,16
ST,training/flip/0039_000000012,context,heldout_environment_earlier_context,flip,flip/0039,12,ENV-03,training,21,4,16
ST,training/flip/0039_000000013,context,heldout_environment_earlier_context,flip,flip/0039,13,ENV-03,training,21,5,16
ST,training/flip/0039_000000014,context,heldout_environment_earlier_context,flip,flip/0039,14,ENV-03,training,21,6,16
ST,training/flip/0039_000000015,context,heldout_environment_earlier_context,flip,flip/0039,15,ENV-03,training,21,7,16
ST,training/flip/0039_000000016,context,heldout_environment_earlier_context,flip,flip/0039,16,ENV-03,training,21,8,16
ST,training/flip/0039_000000017,context,heldout_environment_earlier_context,flip,flip/0039,17,ENV-03,training,21,9,16
ST,training/flip/0039_000000018,context,heldout_environment_earlier_context,flip,flip/0039,18,ENV-03,training,21,10,16
ST,training/flip/0039_000000019,context,heldout_environment_earlier_context,flip,flip/0039,19,ENV-03,training,21,11,16
ST,training/flip/0039_000000020,context,heldout_environment_earlier_context,flip,flip/0039,20,ENV-03,training,21,12,16
ST,training/flip/0039_000000021,context,heldout_environment_earlier_context,flip,flip/0039,21,ENV-03,training,21,13,16
ST,training/flip/0039_000000022,context,heldout_environment_earlier_context,flip,flip/0039,22,ENV-03,training,21,14,16
ST,training/flip/0039_000000023,context,heldout_environment_earlier_context,flip,flip/0039,23,ENV-03,training,21,15,16
ST,training/flip/0039_000000024,test,heldout_environment_later_test,flip,flip/0039,24,ENV-03,training,21,16,16
ST,training/flip/0039_000000025,test,heldout_environment_later_test,flip,flip/0039,25,ENV-03,training,21,17,16
ST,training/flip/0039_000000026,test,heldout_environment_later_test,flip,flip/0039,26,ENV-03,training,21,18,16
ST,training/flip/0039_000000027,test,heldout_environment_later_test,flip,flip/0039,27,ENV-03,training,21,19,16
ST,training/flip/0039_000000028,test,heldout_environment_later_test,flip,flip/0039,28,ENV-03,training,21,20,16
ST,training/flip/0040_000000006,context,heldout_environment_earlier_context,flip,flip/0040,6,ENV-03,training,25,0,20
ST,testing/flip/0040_000000007,context,heldout_environment_earlier_context,flip,flip/0040,7,ENV-03,testing,25,1,20
ST,training/flip/0040_000000008,context,heldout_environment_earlier_context,flip,flip/0040,8,ENV-03,training,25,2,20
ST,training/flip/0040_000000009,context,heldout_environment_earlier_context,flip,flip/0040,9,ENV-03,training,25,3,20
ST,training/flip/0040_000000010,context,heldout_environment_earlier_context,flip,flip/0040,10,ENV-03,training,25,4,20
ST,training/flip/0040_000000011,context,heldout_environment_earlier_context,flip,flip/0040,11,ENV-03,training,25,5,20
ST,training/flip/0040_000000012,context,heldout_environment_earlier_context,flip,flip/0040,12,ENV-03,training,25,6,20
ST,training/flip/0040_000000013,context,heldout_environment_earlier_context,flip,flip/0040,13,ENV-03,training,25,7,20
ST,training/flip/0040_000000014,context,heldout_environment_earlier_context,flip,flip/0040,14,ENV-03,training,25,8,20
ST,training/flip/0040_000000015,context,heldout_environment_earlier_context,flip,flip/0040,15,ENV-03,training,25,9,20
ST,training/flip/0040_000000016,context,heldout_environment_earlier_context,flip,flip/0040,16,ENV-03,training,25,10,20
ST,training/flip/0040_000000017,context,heldout_environment_earlier_context,flip,flip/0040,17,ENV-03,training,25,11,20
ST,training/flip/0040_000000018,context,heldout_environment_earlier_context,flip,flip/0040,18,ENV-03,training,25,12,20
ST,training/flip/0040_000000019,context,heldout_environment_earlier_context,flip,flip/0040,19,ENV-03,training,25,13,20
ST,training/flip/0040_000000020,context,heldout_environment_earlier_context,flip,flip/0040,20,ENV-03,training,25,14,20
ST,training/flip/0040_000000021,context,heldout_environment_earlier_context,flip,flip/0040,21,ENV-03,training,25,15,20
ST,training/flip/0040_000000022,context,heldout_environment_earlier_context,flip,flip/0040,22,ENV-03,training,25,16,20
ST,training/flip/0040_000000023,context,heldout_environment_earlier_context,flip,flip/0040,23,ENV-03,training,25,17,20
ST,testing/flip/0040_000000024,context,heldout_environment_earlier_context,flip,flip/0040,24,ENV-03,testing,25,18,20
ST,testing/flip/0040_000000025,context,heldout_environment_earlier_context,flip,flip/0040,25,ENV-03,testing,25,19,20
ST,training/flip/0040_000000026,test,heldout_environment_later_test,flip,flip/0040,26,ENV-03,training,25,20,20
ST,training/flip/0040_000000027,test,heldout_environment_later_test,flip,flip/0040,27,ENV-03,training,25,21,20
ST,testing/flip/0040_000000028,test,heldout_environment_later_test,flip,flip/0040,28,ENV-03,testing,25,22,20
ST,training/flip/0040_000000029,test,heldout_environment_later_test,flip,flip/0040,29,ENV-03,training,25,23,20
ST,training/flip/0040_000000030,test,heldout_environment_later_test,flip,flip/0040,30,ENV-03,training,25,24,20
ST,testing/flip/0041_000000010,context,heldout_environment_earlier_context,flip,flip/0041,10,ENV-03,testing,20,0,16
ST,training/flip/0041_000000011,context,heldout_environment_earlier_context,flip,flip/0041,11,ENV-03,training,20,1,16
ST,training/flip/0041_000000012,context,heldout_environment_earlier_context,flip,flip/0041,12,ENV-03,training,20,2,16
ST,training/flip/0041_000000013,context,heldout_environment_earlier_context,flip,flip/0041,13,ENV-03,training,20,3,16
ST,training/flip/0041_000000014,context,heldout_environment_earlier_context,flip,flip/0041,14,ENV-03,training,20,4,16
ST,testing/flip/0041_000000015,context,heldout_environment_earlier_context,flip,flip/0041,15,ENV-03,testing,20,5,16
ST,training/flip/0041_000000016,context,heldout_environment_earlier_context,flip,flip/0041,16,ENV-03,training,20,6,16
ST,training/flip/0041_000000017,context,heldout_environment_earlier_context,flip,flip/0041,17,ENV-03,training,20,7,16
ST,testing/flip/0041_000000018,context,heldout_environment_earlier_context,flip,flip/0041,18,ENV-03,testing,20,8,16
ST,testing/flip/0041_000000019,context,heldout_environment_earlier_context,flip,flip/0041,19,ENV-03,testing,20,9,16
ST,training/flip/0041_000000020,context,heldout_environment_earlier_context,flip,flip/0041,20,ENV-03,training,20,10,16
ST,testing/flip/0041_000000021,context,heldout_environment_earlier_context,flip,flip/0041,21,ENV-03,testing,20,11,16
ST,testing/flip/0041_000000022,context,heldout_environment_earlier_context,flip,flip/0041,22,ENV-03,testing,20,12,16
ST,training/flip/0041_000000023,context,heldout_environment_earlier_context,flip,flip/0041,23,ENV-03,training,20,13,16
ST,training/flip/0041_000000024,context,heldout_environment_earlier_context,flip,flip/0041,24,ENV-03,training,20,14,16
ST,training/flip/0041_000000025,context,heldout_environment_earlier_context,flip,flip/0041,25,ENV-03,training,20,15,16
ST,training/flip/0041_000000026,test,heldout_environment_later_test,flip,flip/0041,26,ENV-03,training,20,16,16
ST,testing/flip/0041_000000027,test,heldout_environment_later_test,flip,flip/0041,27,ENV-03,testing,20,17,16
ST,training/flip/0041_000000028,test,heldout_environment_later_test,flip,flip/0041,28,ENV-03,training,20,18,16
ST,training/flip/0041_000000029,test,heldout_environment_later_test,flip,flip/0041,29,ENV-03,training,20,19,16
ST,training/flip/0042_000000001,context,heldout_environment_earlier_context,flip,flip/0042,1,ENV-03,training,30,0,24
ST,testing/flip/0042_000000002,context,heldout_environment_earlier_context,flip,flip/0042,2,ENV-03,testing,30,1,24
ST,training/flip/0042_000000003,context,heldout_environment_earlier_context,flip,flip/0042,3,ENV-03,training,30,2,24
ST,testing/flip/0042_000000004,context,heldout_environment_earlier_context,flip,flip/0042,4,ENV-03,testing,30,3,24
ST,training/flip/0042_000000005,context,heldout_environment_earlier_context,flip,flip/0042,5,ENV-03,training,30,4,24
ST,testing/flip/0042_000000006,context,heldout_environment_earlier_context,flip,flip/0042,6,ENV-03,testing,30,5,24
ST,training/flip/0042_000000007,context,heldout_environment_earlier_context,flip,flip/0042,7,ENV-03,training,30,6,24
ST,training/flip/0042_000000008,context,heldout_environment_earlier_context,flip,flip/0042,8,ENV-03,training,30,7,24
ST,training/flip/0042_000000009,context,heldout_environment_earlier_context,flip,flip/0042,9,ENV-03,training,30,8,24
ST,training/flip/0042_000000010,context,heldout_environment_earlier_context,flip,flip/0042,10,ENV-03,training,30,9,24
ST,testing/flip/0042_000000011,context,heldout_environment_earlier_context,flip,flip/0042,11,ENV-03,testing,30,10,24
ST,testing/flip/0042_000000012,context,heldout_environment_earlier_context,flip,flip/0042,12,ENV-03,testing,30,11,24
ST,training/flip/0042_000000013,context,heldout_environment_earlier_context,flip,flip/0042,13,ENV-03,training,30,12,24
ST,training/flip/0042_000000014,context,heldout_environment_earlier_context,flip,flip/0042,14,ENV-03,training,30,13,24
ST,training/flip/0042_000000015,context,heldout_environment_earlier_context,flip,flip/0042,15,ENV-03,training,30,14,24
ST,training/flip/0042_000000016,context,heldout_environment_earlier_context,flip,flip/0042,16,ENV-03,training,30,15,24
ST,training/flip/0042_000000017,context,heldout_environment_earlier_context,flip,flip/0042,17,ENV-03,training,30,16,24
ST,training/flip/0042_000000018,context,heldout_environment_earlier_context,flip,flip/0042,18,ENV-03,training,30,17,24
ST,training/flip/0042_000000019,context,heldout_environment_earlier_context,flip,flip/0042,19,ENV-03,training,30,18,24
ST,training/flip/0042_000000020,context,heldout_environment_earlier_context,flip,flip/0042,20,ENV-03,training,30,19,24
ST,training/flip/0042_000000021,context,heldout_environment_earlier_context,flip,flip/0042,21,ENV-03,training,30,20,24
ST,training/flip/0042_000000022,context,heldout_environment_earlier_context,flip,flip/0042,22,ENV-03,training,30,21,24
ST,training/flip/0042_000000023,context,heldout_environment_earlier_context,flip,flip/0042,23,ENV-03,training,30,22,24
ST,training/flip/0042_000000024,context,heldout_environment_earlier_context,flip,flip/0042,24,ENV-03,training,30,23,24
ST,training/flip/0042_000000025,test,heldout_environment_later_test,flip,flip/0042,25,ENV-03,training,30,24,24
ST,training/flip/0042_000000026,test,heldout_environment_later_test,flip,flip/0042,26,ENV-03,training,30,25,24
ST,testing/flip/0042_000000027,test,heldout_environment_later_test,flip,flip/0042,27,ENV-03,testing,30,26,24
ST,training/flip/0042_000000028,test,heldout_environment_later_test,flip,flip/0042,28,ENV-03,training,30,27,24
ST,training/flip/0042_000000029,test,heldout_environment_later_test,flip,flip/0042,29,ENV-03,training,30,28,24
ST,training/flip/0042_000000030,test,heldout_environment_later_test,flip,flip/0042,30,ENV-03,training,30,29,24
ST,testing/flip/0043_000000015,context,heldout_environment_earlier_context,flip,flip/0043,15,ENV-03,testing,10,0,8
ST,training/flip/0043_000000016,context,heldout_environment_earlier_context,flip,flip/0043,16,ENV-03,training,10,1,8
ST,training/flip/0043_000000017,context,heldout_environment_earlier_context,flip,flip/0043,17,ENV-03,training,10,2,8
ST,training/flip/0043_000000018,context,heldout_environment_earlier_context,flip,flip/0043,18,ENV-03,training,10,3,8
ST,training/flip/0043_000000019,context,heldout_environment_earlier_context,flip,flip/0043,19,ENV-03,training,10,4,8
ST,training/flip/0043_000000020,context,heldout_environment_earlier_context,flip,flip/0043,20,ENV-03,training,10,5,8
ST,training/flip/0043_000000021,context,heldout_environment_earlier_context,flip,flip/0043,21,ENV-03,training,10,6,8
ST,training/flip/0043_000000022,context,heldout_environment_earlier_context,flip,flip/0043,22,ENV-03,training,10,7,8
ST,testing/flip/0043_000000023,test,heldout_environment_later_test,flip,flip/0043,23,ENV-03,testing,10,8,8
ST,training/flip/0043_000000024,test,heldout_environment_later_test,flip,flip/0043,24,ENV-03,training,10,9,8
ST,testing/flip/0044_000000003,context,heldout_environment_earlier_context,flip,flip/0044,3,ENV-03,testing,27,0,21
ST,training/flip/0044_000000004,context,heldout_environment_earlier_context,flip,flip/0044,4,ENV-03,training,27,1,21
ST,training/flip/0044_000000005,context,heldout_environment_earlier_context,flip,flip/0044,5,ENV-03,training,27,2,21
ST,training/flip/0044_000000006,context,heldout_environment_earlier_context,flip,flip/0044,6,ENV-03,training,27,3,21
ST,testing/flip/0044_000000007,context,heldout_environment_earlier_context,flip,flip/0044,7,ENV-03,testing,27,4,21
ST,training/flip/0044_000000008,context,heldout_environment_earlier_context,flip,flip/0044,8,ENV-03,training,27,5,21
ST,training/flip/0044_000000009,context,heldout_environment_earlier_context,flip,flip/0044,9,ENV-03,training,27,6,21
ST,training/flip/0044_000000010,context,heldout_environment_earlier_context,flip,flip/0044,10,ENV-03,training,27,7,21
ST,training/flip/0044_000000011,context,heldout_environment_earlier_context,flip,flip/0044,11,ENV-03,training,27,8,21
ST,training/flip/0044_000000012,context,heldout_environment_earlier_context,flip,flip/0044,12,ENV-03,training,27,9,21
ST,training/flip/0044_000000013,context,heldout_environment_earlier_context,flip,flip/0044,13,ENV-03,training,27,10,21
ST,training/flip/0044_000000014,context,heldout_environment_earlier_context,flip,flip/0044,14,ENV-03,training,27,11,21
ST,testing/flip/0044_000000015,context,heldout_environment_earlier_context,flip,flip/0044,15,ENV-03,testing,27,12,21
ST,training/flip/0044_000000016,context,heldout_environment_earlier_context,flip,flip/0044,16,ENV-03,training,27,13,21
ST,training/flip/0044_000000017,context,heldout_environment_earlier_context,flip,flip/0044,17,ENV-03,training,27,14,21
ST,training/flip/0044_000000018,context,heldout_environment_earlier_context,flip,flip/0044,18,ENV-03,training,27,15,21
ST,training/flip/0044_000000019,context,heldout_environment_earlier_context,flip,flip/0044,19,ENV-03,training,27,16,21
ST,training/flip/0044_000000020,context,heldout_environment_earlier_context,flip,flip/0044,20,ENV-03,training,27,17,21
ST,training/flip/0044_000000021,context,heldout_environment_earlier_context,flip,flip/0044,21,ENV-03,training,27,18,21
ST,training/flip/0044_000000022,context,heldout_environment_earlier_context,flip,flip/0044,22,ENV-03,training,27,19,21
ST,training/flip/0044_000000023,context,heldout_environment_earlier_context,flip,flip/0044,23,ENV-03,training,27,20,21
ST,testing/flip/0044_000000024,test,heldout_environment_later_test,flip,flip/0044,24,ENV-03,testing,27,21,21
ST,testing/flip/0044_000000025,test,heldout_environment_later_test,flip,flip/0044,25,ENV-03,testing,27,22,21
ST,training/flip/0044_000000026,test,heldout_environment_later_test,flip,flip/0044,26,ENV-03,training,27,23,21
ST,training/flip/0044_000000027,test,heldout_environment_later_test,flip,flip/0044,27,ENV-03,training,27,24,21
ST,training/flip/0044_000000028,test,heldout_environment_later_test,flip,flip/0044,28,ENV-03,training,27,25,21
ST,training/flip/0044_000000029,test,heldout_environment_later_test,flip,flip/0044,29,ENV-03,training,27,26,21
ST,training/flip/0045_000000007,context,heldout_environment_earlier_context,flip,flip/0045,7,ENV-03,training,24,0,19
ST,training/flip/0045_000000008,context,heldout_environment_earlier_context,flip,flip/0045,8,ENV-03,training,24,1,19
ST,training/flip/0045_000000009,context,heldout_environment_earlier_context,flip,flip/0045,9,ENV-03,training,24,2,19
ST,training/flip/0045_000000010,context,heldout_environment_earlier_context,flip,flip/0045,10,ENV-03,training,24,3,19
ST,training/flip/0045_000000011,context,heldout_environment_earlier_context,flip,flip/0045,11,ENV-03,training,24,4,19
ST,training/flip/0045_000000012,context,heldout_environment_earlier_context,flip,flip/0045,12,ENV-03,training,24,5,19
ST,training/flip/0045_000000013,context,heldout_environment_earlier_context,flip,flip/0045,13,ENV-03,training,24,6,19
ST,training/flip/0045_000000014,context,heldout_environment_earlier_context,flip,flip/0045,14,ENV-03,training,24,7,19
ST,training/flip/0045_000000015,context,heldout_environment_earlier_context,flip,flip/0045,15,ENV-03,training,24,8,19
ST,training/flip/0045_000000016,context,heldout_environment_earlier_context,flip,flip/0045,16,ENV-03,training,24,9,19
ST,training/flip/0045_000000017,context,heldout_environment_earlier_context,flip,flip/0045,17,ENV-03,training,24,10,19
ST,training/flip/0045_000000018,context,heldout_environment_earlier_context,flip,flip/0045,18,ENV-03,training,24,11,19
ST,training/flip/0045_000000019,context,heldout_environment_earlier_context,flip,flip/0045,19,ENV-03,training,24,12,19
ST,training/flip/0045_000000020,context,heldout_environment_earlier_context,flip,flip/0045,20,ENV-03,training,24,13,19
ST,training/flip/0045_000000021,context,heldout_environment_earlier_context,flip,flip/0045,21,ENV-03,training,24,14,19
ST,training/flip/0045_000000022,context,heldout_environment_earlier_context,flip,flip/0045,22,ENV-03,training,24,15,19
ST,training/flip/0045_000000023,context,heldout_environment_earlier_context,flip,flip/0045,23,ENV-03,training,24,16,19
ST,training/flip/0045_000000024,context,heldout_environment_earlier_context,flip,flip/0045,24,ENV-03,training,24,17,19
ST,training/flip/0045_000000025,context,heldout_environment_earlier_context,flip,flip/0045,25,ENV-03,training,24,18,19
ST,training/flip/0045_000000026,test,heldout_environment_later_test,flip,flip/0045,26,ENV-03,training,24,19,19
ST,testing/flip/0045_000000027,test,heldout_environment_later_test,flip,flip/0045,27,ENV-03,testing,24,20,19
ST,training/flip/0045_000000028,test,heldout_environment_later_test,flip,flip/0045,28,ENV-03,training,24,21,19
ST,training/flip/0045_000000029,test,heldout_environment_later_test,flip,flip/0045,29,ENV-03,training,24,22,19
ST,training/flip/0045_000000030,test,heldout_environment_later_test,flip,flip/0045,30,ENV-03,training,24,23,19
ST,testing/flip/0046_000000006,context,heldout_environment_earlier_context,flip,flip/0046,6,ENV-03,testing,22,0,17
ST,training/flip/0046_000000007,context,heldout_environment_earlier_context,flip,flip/0046,7,ENV-03,training,22,1,17
ST,training/flip/0046_000000008,context,heldout_environment_earlier_context,flip,flip/0046,8,ENV-03,training,22,2,17
ST,training/flip/0046_000000009,context,heldout_environment_earlier_context,flip,flip/0046,9,ENV-03,training,22,3,17
ST,testing/flip/0046_000000010,context,heldout_environment_earlier_context,flip,flip/0046,10,ENV-03,testing,22,4,17
ST,training/flip/0046_000000011,context,heldout_environment_earlier_context,flip,flip/0046,11,ENV-03,training,22,5,17
ST,testing/flip/0046_000000012,context,heldout_environment_earlier_context,flip,flip/0046,12,ENV-03,testing,22,6,17
ST,testing/flip/0046_000000013,context,heldout_environment_earlier_context,flip,flip/0046,13,ENV-03,testing,22,7,17
ST,training/flip/0046_000000014,context,heldout_environment_earlier_context,flip,flip/0046,14,ENV-03,training,22,8,17
ST,training/flip/0046_000000015,context,heldout_environment_earlier_context,flip,flip/0046,15,ENV-03,training,22,9,17
ST,testing/flip/0046_000000016,context,heldout_environment_earlier_context,flip,flip/0046,16,ENV-03,testing,22,10,17
ST,training/flip/0046_000000017,context,heldout_environment_earlier_context,flip,flip/0046,17,ENV-03,training,22,11,17
ST,testing/flip/0046_000000018,context,heldout_environment_earlier_context,flip,flip/0046,18,ENV-03,testing,22,12,17
ST,testing/flip/0046_000000019,context,heldout_environment_earlier_context,flip,flip/0046,19,ENV-03,testing,22,13,17
ST,training/flip/0046_000000020,context,heldout_environment_earlier_context,flip,flip/0046,20,ENV-03,training,22,14,17
ST,training/flip/0046_000000021,context,heldout_environment_earlier_context,flip,flip/0046,21,ENV-03,training,22,15,17
ST,training/flip/0046_000000022,context,heldout_environment_earlier_context,flip,flip/0046,22,ENV-03,training,22,16,17
ST,testing/flip/0046_000000023,test,heldout_environment_later_test,flip,flip/0046,23,ENV-03,testing,22,17,17
ST,training/flip/0046_000000024,test,heldout_environment_later_test,flip,flip/0046,24,ENV-03,training,22,18,17
ST,testing/flip/0046_000000025,test,heldout_environment_later_test,flip,flip/0046,25,ENV-03,testing,22,19,17
ST,training/flip/0046_000000026,test,heldout_environment_later_test,flip,flip/0046,26,ENV-03,training,22,20,17
ST,training/flip/0046_000000027,test,heldout_environment_later_test,flip,flip/0046,27,ENV-03,training,22,21,17
ST,training/flip/0047_000000006,context,heldout_environment_earlier_context,flip,flip/0047,6,ENV-03,training,25,0,20
ST,training/flip/0047_000000007,context,heldout_environment_earlier_context,flip,flip/0047,7,ENV-03,training,25,1,20
ST,training/flip/0047_000000008,context,heldout_environment_earlier_context,flip,flip/0047,8,ENV-03,training,25,2,20
ST,training/flip/0047_000000009,context,heldout_environment_earlier_context,flip,flip/0047,9,ENV-03,training,25,3,20
ST,testing/flip/0047_000000010,context,heldout_environment_earlier_context,flip,flip/0047,10,ENV-03,testing,25,4,20
ST,training/flip/0047_000000011,context,heldout_environment_earlier_context,flip,flip/0047,11,ENV-03,training,25,5,20
ST,training/flip/0047_000000012,context,heldout_environment_earlier_context,flip,flip/0047,12,ENV-03,training,25,6,20
ST,training/flip/0047_000000013,context,heldout_environment_earlier_context,flip,flip/0047,13,ENV-03,training,25,7,20
ST,training/flip/0047_000000014,context,heldout_environment_earlier_context,flip,flip/0047,14,ENV-03,training,25,8,20
ST,testing/flip/0047_000000015,context,heldout_environment_earlier_context,flip,flip/0047,15,ENV-03,testing,25,9,20
ST,training/flip/0047_000000016,context,heldout_environment_earlier_context,flip,flip/0047,16,ENV-03,training,25,10,20
ST,training/flip/0047_000000017,context,heldout_environment_earlier_context,flip,flip/0047,17,ENV-03,training,25,11,20
ST,training/flip/0047_000000018,context,heldout_environment_earlier_context,flip,flip/0047,18,ENV-03,training,25,12,20
ST,training/flip/0047_000000019,context,heldout_environment_earlier_context,flip,flip/0047,19,ENV-03,training,25,13,20
ST,training/flip/0047_000000020,context,heldout_environment_earlier_context,flip,flip/0047,20,ENV-03,training,25,14,20
ST,testing/flip/0047_000000021,context,heldout_environment_earlier_context,flip,flip/0047,21,ENV-03,testing,25,15,20
ST,training/flip/0047_000000022,context,heldout_environment_earlier_context,flip,flip/0047,22,ENV-03,training,25,16,20
ST,training/flip/0047_000000023,context,heldout_environment_earlier_context,flip,flip/0047,23,ENV-03,training,25,17,20
ST,training/flip/0047_000000024,context,heldout_environment_earlier_context,flip,flip/0047,24,ENV-03,training,25,18,20
ST,training/flip/0047_000000025,context,heldout_environment_earlier_context,flip,flip/0047,25,ENV-03,training,25,19,20
ST,testing/flip/0047_000000026,test,heldout_environment_later_test,flip,flip/0047,26,ENV-03,testing,25,20,20
ST,training/flip/0047_000000027,test,heldout_environment_later_test,flip,flip/0047,27,ENV-03,training,25,21,20
ST,training/flip/0047_000000028,test,heldout_environment_later_test,flip,flip/0047,28,ENV-03,training,25,22,20
ST,training/flip/0047_000000029,test,heldout_environment_later_test,flip,flip/0047,29,ENV-03,training,25,23,20
ST,training/flip/0047_000000030,test,heldout_environment_later_test,flip,flip/0047,30,ENV-03,training,25,24,20
ST,training/flip/0048_000000009,context,heldout_environment_earlier_context,flip,flip/0048,9,ENV-03,training,22,0,17
ST,testing/flip/0048_000000010,context,heldout_environment_earlier_context,flip,flip/0048,10,ENV-03,testing,22,1,17
ST,testing/flip/0048_000000011,context,heldout_environment_earlier_context,flip,flip/0048,11,ENV-03,testing,22,2,17
ST,training/flip/0048_000000012,context,heldout_environment_earlier_context,flip,flip/0048,12,ENV-03,training,22,3,17
ST,training/flip/0048_000000013,context,heldout_environment_earlier_context,flip,flip/0048,13,ENV-03,training,22,4,17
ST,training/flip/0048_000000014,context,heldout_environment_earlier_context,flip,flip/0048,14,ENV-03,training,22,5,17
ST,training/flip/0048_000000015,context,heldout_environment_earlier_context,flip,flip/0048,15,ENV-03,training,22,6,17
ST,training/flip/0048_000000016,context,heldout_environment_earlier_context,flip,flip/0048,16,ENV-03,training,22,7,17
ST,training/flip/0048_000000017,context,heldout_environment_earlier_context,flip,flip/0048,17,ENV-03,training,22,8,17
ST,training/flip/0048_000000018,context,heldout_environment_earlier_context,flip,flip/0048,18,ENV-03,training,22,9,17
ST,training/flip/0048_000000019,context,heldout_environment_earlier_context,flip,flip/0048,19,ENV-03,training,22,10,17
ST,training/flip/0048_000000020,context,heldout_environment_earlier_context,flip,flip/0048,20,ENV-03,training,22,11,17
ST,training/flip/0048_000000021,context,heldout_environment_earlier_context,flip,flip/0048,21,ENV-03,training,22,12,17
ST,training/flip/0048_000000022,context,heldout_environment_earlier_context,flip,flip/0048,22,ENV-03,training,22,13,17
ST,training/flip/0048_000000023,context,heldout_environment_earlier_context,flip,flip/0048,23,ENV-03,training,22,14,17
ST,training/flip/0048_000000024,context,heldout_environment_earlier_context,flip,flip/0048,24,ENV-03,training,22,15,17
ST,training/flip/0048_000000025,context,heldout_environment_earlier_context,flip,flip/0048,25,ENV-03,training,22,16,17
ST,training/flip/0048_000000026,test,heldout_environment_later_test,flip,flip/0048,26,ENV-03,training,22,17,17
ST,training/flip/0048_000000027,test,heldout_environment_later_test,flip,flip/0048,27,ENV-03,training,22,18,17
ST,training/flip/0048_000000028,test,heldout_environment_later_test,flip,flip/0048,28,ENV-03,training,22,19,17
ST,training/flip/0048_000000029,test,heldout_environment_later_test,flip,flip/0048,29,ENV-03,training,22,20,17
ST,training/flip/0048_000000030,test,heldout_environment_later_test,flip,flip/0048,30,ENV-03,training,22,21,17
ST,testing/flip/0049_000000017,train,known_environment_earlier_train,flip,flip/0049,17,ENV-04,testing,14,0,11
ST,training/flip/0049_000000018,train,known_environment_earlier_train,flip,flip/0049,18,ENV-04,training,14,1,11
ST,testing/flip/0049_000000019,train,known_environment_earlier_train,flip,flip/0049,19,ENV-04,testing,14,2,11
ST,training/flip/0049_000000020,train,known_environment_earlier_train,flip,flip/0049,20,ENV-04,training,14,3,11
ST,training/flip/0049_000000021,train,known_environment_earlier_train,flip,flip/0049,21,ENV-04,training,14,4,11
ST,training/flip/0049_000000022,train,known_environment_earlier_train,flip,flip/0049,22,ENV-04,training,14,5,11
ST,testing/flip/0049_000000023,train,known_environment_earlier_train,flip,flip/0049,23,ENV-04,testing,14,6,11
ST,training/flip/0049_000000024,train,known_environment_earlier_train,flip,flip/0049,24,ENV-04,training,14,7,11
ST,testing/flip/0049_000000025,train,known_environment_earlier_train,flip,flip/0049,25,ENV-04,testing,14,8,11
ST,training/flip/0049_000000026,train,known_environment_earlier_train,flip,flip/0049,26,ENV-04,training,14,9,11
ST,testing/flip/0049_000000027,train,known_environment_earlier_train,flip,flip/0049,27,ENV-04,testing,14,10,11
ST,training/flip/0049_000000028,context,known_environment_later_context,flip,flip/0049,28,ENV-04,training,14,11,11
ST,training/flip/0049_000000029,context,known_environment_later_context,flip,flip/0049,29,ENV-04,training,14,12,11
ST,training/flip/0049_000000030,context,known_environment_later_context,flip,flip/0049,30,ENV-04,training,14,13,11
ST,training/flip/0050_000000017,train,known_environment_earlier_train,flip,flip/0050,17,ENV-04,training,14,0,11
ST,training/flip/0050_000000018,train,known_environment_earlier_train,flip,flip/0050,18,ENV-04,training,14,1,11
ST,training/flip/0050_000000019,train,known_environment_earlier_train,flip,flip/0050,19,ENV-04,training,14,2,11
ST,training/flip/0050_000000020,train,known_environment_earlier_train,flip,flip/0050,20,ENV-04,training,14,3,11
ST,training/flip/0050_000000021,train,known_environment_earlier_train,flip,flip/0050,21,ENV-04,training,14,4,11
ST,training/flip/0050_000000022,train,known_environment_earlier_train,flip,flip/0050,22,ENV-04,training,14,5,11
ST,testing/flip/0050_000000023,train,known_environment_earlier_train,flip,flip/0050,23,ENV-04,testing,14,6,11
ST,testing/flip/0050_000000024,train,known_environment_earlier_train,flip,flip/0050,24,ENV-04,testing,14,7,11
ST,training/flip/0050_000000025,train,known_environment_earlier_train,flip,flip/0050,25,ENV-04,training,14,8,11
ST,training/flip/0050_000000026,train,known_environment_earlier_train,flip,flip/0050,26,ENV-04,training,14,9,11
ST,training/flip/0050_000000027,train,known_environment_earlier_train,flip,flip/0050,27,ENV-04,training,14,10,11
ST,training/flip/0050_000000028,context,known_environment_later_context,flip,flip/0050,28,ENV-04,training,14,11,11
ST,training/flip/0050_000000029,context,known_environment_later_context,flip,flip/0050,29,ENV-04,training,14,12,11
ST,training/flip/0050_000000030,context,known_environment_later_context,flip,flip/0050,30,ENV-04,training,14,13,11
ST,training/flip/0051_000000012,train,known_environment_earlier_train,flip,flip/0051,12,ENV-04,training,16,0,12
ST,training/flip/0051_000000013,train,known_environment_earlier_train,flip,flip/0051,13,ENV-04,training,16,1,12
ST,training/flip/0051_000000014,train,known_environment_earlier_train,flip,flip/0051,14,ENV-04,training,16,2,12
ST,training/flip/0051_000000015,train,known_environment_earlier_train,flip,flip/0051,15,ENV-04,training,16,3,12
ST,training/flip/0051_000000016,train,known_environment_earlier_train,flip,flip/0051,16,ENV-04,training,16,4,12
ST,training/flip/0051_000000017,train,known_environment_earlier_train,flip,flip/0051,17,ENV-04,training,16,5,12
ST,training/flip/0051_000000018,train,known_environment_earlier_train,flip,flip/0051,18,ENV-04,training,16,6,12
ST,training/flip/0051_000000019,train,known_environment_earlier_train,flip,flip/0051,19,ENV-04,training,16,7,12
ST,training/flip/0051_000000020,train,known_environment_earlier_train,flip,flip/0051,20,ENV-04,training,16,8,12
ST,testing/flip/0051_000000021,train,known_environment_earlier_train,flip,flip/0051,21,ENV-04,testing,16,9,12
ST,testing/flip/0051_000000022,train,known_environment_earlier_train,flip,flip/0051,22,ENV-04,testing,16,10,12
ST,training/flip/0051_000000023,train,known_environment_earlier_train,flip,flip/0051,23,ENV-04,training,16,11,12
ST,training/flip/0051_000000024,context,known_environment_later_context,flip,flip/0051,24,ENV-04,training,16,12,12
ST,training/flip/0051_000000025,context,known_environment_later_context,flip,flip/0051,25,ENV-04,training,16,13,12
ST,training/flip/0051_000000026,context,known_environment_later_context,flip,flip/0051,26,ENV-04,training,16,14,12
ST,training/flip/0051_000000027,context,known_environment_later_context,flip,flip/0051,27,ENV-04,training,16,15,12
ST,training/flip/0052_000000013,train,known_environment_earlier_train,flip,flip/0052,13,ENV-04,training,17,0,13
ST,training/flip/0052_000000014,train,known_environment_earlier_train,flip,flip/0052,14,ENV-04,training,17,1,13
ST,training/flip/0052_000000015,train,known_environment_earlier_train,flip,flip/0052,15,ENV-04,training,17,2,13
ST,training/flip/0052_000000016,train,known_environment_earlier_train,flip,flip/0052,16,ENV-04,training,17,3,13
ST,testing/flip/0052_000000017,train,known_environment_earlier_train,flip,flip/0052,17,ENV-04,testing,17,4,13
ST,testing/flip/0052_000000018,train,known_environment_earlier_train,flip,flip/0052,18,ENV-04,testing,17,5,13
ST,training/flip/0052_000000019,train,known_environment_earlier_train,flip,flip/0052,19,ENV-04,training,17,6,13
ST,training/flip/0052_000000020,train,known_environment_earlier_train,flip,flip/0052,20,ENV-04,training,17,7,13
ST,testing/flip/0052_000000021,train,known_environment_earlier_train,flip,flip/0052,21,ENV-04,testing,17,8,13
ST,training/flip/0052_000000022,train,known_environment_earlier_train,flip,flip/0052,22,ENV-04,training,17,9,13
ST,training/flip/0052_000000023,train,known_environment_earlier_train,flip,flip/0052,23,ENV-04,training,17,10,13
ST,training/flip/0052_000000024,train,known_environment_earlier_train,flip,flip/0052,24,ENV-04,training,17,11,13
ST,training/flip/0052_000000025,train,known_environment_earlier_train,flip,flip/0052,25,ENV-04,training,17,12,13
ST,training/flip/0052_000000026,context,known_environment_later_context,flip,flip/0052,26,ENV-04,training,17,13,13
ST,training/flip/0052_000000027,context,known_environment_later_context,flip,flip/0052,27,ENV-04,training,17,14,13
ST,training/flip/0052_000000028,context,known_environment_later_context,flip,flip/0052,28,ENV-04,training,17,15,13
ST,training/flip/0052_000000029,context,known_environment_later_context,flip,flip/0052,29,ENV-04,training,17,16,13
ST,training/flip/0053_000000001,train,known_environment_earlier_train,flip,flip/0053,1,ENV-04,training,30,0,24
ST,training/flip/0053_000000002,train,known_environment_earlier_train,flip,flip/0053,2,ENV-04,training,30,1,24
ST,training/flip/0053_000000003,train,known_environment_earlier_train,flip,flip/0053,3,ENV-04,training,30,2,24
ST,training/flip/0053_000000004,train,known_environment_earlier_train,flip,flip/0053,4,ENV-04,training,30,3,24
ST,training/flip/0053_000000005,train,known_environment_earlier_train,flip,flip/0053,5,ENV-04,training,30,4,24
ST,training/flip/0053_000000006,train,known_environment_earlier_train,flip,flip/0053,6,ENV-04,training,30,5,24
ST,training/flip/0053_000000007,train,known_environment_earlier_train,flip,flip/0053,7,ENV-04,training,30,6,24
ST,testing/flip/0053_000000008,train,known_environment_earlier_train,flip,flip/0053,8,ENV-04,testing,30,7,24
ST,training/flip/0053_000000009,train,known_environment_earlier_train,flip,flip/0053,9,ENV-04,training,30,8,24
ST,training/flip/0053_000000010,train,known_environment_earlier_train,flip,flip/0053,10,ENV-04,training,30,9,24
ST,training/flip/0053_000000011,train,known_environment_earlier_train,flip,flip/0053,11,ENV-04,training,30,10,24
ST,testing/flip/0053_000000012,train,known_environment_earlier_train,flip,flip/0053,12,ENV-04,testing,30,11,24
ST,training/flip/0053_000000013,train,known_environment_earlier_train,flip,flip/0053,13,ENV-04,training,30,12,24
ST,training/flip/0053_000000014,train,known_environment_earlier_train,flip,flip/0053,14,ENV-04,training,30,13,24
ST,testing/flip/0053_000000015,train,known_environment_earlier_train,flip,flip/0053,15,ENV-04,testing,30,14,24
ST,training/flip/0053_000000016,train,known_environment_earlier_train,flip,flip/0053,16,ENV-04,training,30,15,24
ST,training/flip/0053_000000017,train,known_environment_earlier_train,flip,flip/0053,17,ENV-04,training,30,16,24
ST,testing/flip/0053_000000018,train,known_environment_earlier_train,flip,flip/0053,18,ENV-04,testing,30,17,24
ST,training/flip/0053_000000019,train,known_environment_earlier_train,flip,flip/0053,19,ENV-04,training,30,18,24
ST,training/flip/0053_000000020,train,known_environment_earlier_train,flip,flip/0053,20,ENV-04,training,30,19,24
ST,training/flip/0053_000000021,train,known_environment_earlier_train,flip,flip/0053,21,ENV-04,training,30,20,24
ST,training/flip/0053_000000022,train,known_environment_earlier_train,flip,flip/0053,22,ENV-04,training,30,21,24
ST,training/flip/0053_000000023,train,known_environment_earlier_train,flip,flip/0053,23,ENV-04,training,30,22,24
ST,training/flip/0053_000000024,train,known_environment_earlier_train,flip,flip/0053,24,ENV-04,training,30,23,24
ST,training/flip/0053_000000025,context,known_environment_later_context,flip,flip/0053,25,ENV-04,training,30,24,24
ST,training/flip/0053_000000026,context,known_environment_later_context,flip,flip/0053,26,ENV-04,training,30,25,24
ST,training/flip/0053_000000027,context,known_environment_later_context,flip,flip/0053,27,ENV-04,training,30,26,24
ST,training/flip/0053_000000028,context,known_environment_later_context,flip,flip/0053,28,ENV-04,training,30,27,24
ST,training/flip/0053_000000029,context,known_environment_later_context,flip,flip/0053,29,ENV-04,training,30,28,24
ST,training/flip/0053_000000030,context,known_environment_later_context,flip,flip/0053,30,ENV-04,training,30,29,24
ST,training/flip/0054_000000008,train,known_environment_earlier_train,flip,flip/0054,8,ENV-04,training,22,0,17
ST,training/flip/0054_000000009,train,known_environment_earlier_train,flip,flip/0054,9,ENV-04,training,22,1,17
ST,testing/flip/0054_000000010,train,known_environment_earlier_train,flip,flip/0054,10,ENV-04,testing,22,2,17
ST,testing/flip/0054_000000011,train,known_environment_earlier_train,flip,flip/0054,11,ENV-04,testing,22,3,17
ST,training/flip/0054_000000012,train,known_environment_earlier_train,flip,flip/0054,12,ENV-04,training,22,4,17
ST,training/flip/0054_000000013,train,known_environment_earlier_train,flip,flip/0054,13,ENV-04,training,22,5,17
ST,training/flip/0054_000000014,train,known_environment_earlier_train,flip,flip/0054,14,ENV-04,training,22,6,17
ST,testing/flip/0054_000000015,train,known_environment_earlier_train,flip,flip/0054,15,ENV-04,testing,22,7,17
ST,training/flip/0054_000000016,train,known_environment_earlier_train,flip,flip/0054,16,ENV-04,training,22,8,17
ST,training/flip/0054_000000017,train,known_environment_earlier_train,flip,flip/0054,17,ENV-04,training,22,9,17
ST,training/flip/0054_000000018,train,known_environment_earlier_train,flip,flip/0054,18,ENV-04,training,22,10,17
ST,testing/flip/0054_000000019,train,known_environment_earlier_train,flip,flip/0054,19,ENV-04,testing,22,11,17
ST,training/flip/0054_000000020,train,known_environment_earlier_train,flip,flip/0054,20,ENV-04,training,22,12,17
ST,training/flip/0054_000000021,train,known_environment_earlier_train,flip,flip/0054,21,ENV-04,training,22,13,17
ST,training/flip/0054_000000022,train,known_environment_earlier_train,flip,flip/0054,22,ENV-04,training,22,14,17
ST,training/flip/0054_000000023,train,known_environment_earlier_train,flip,flip/0054,23,ENV-04,training,22,15,17
ST,testing/flip/0054_000000024,train,known_environment_earlier_train,flip,flip/0054,24,ENV-04,testing,22,16,17
ST,training/flip/0054_000000025,context,known_environment_later_context,flip,flip/0054,25,ENV-04,training,22,17,17
ST,training/flip/0054_000000026,context,known_environment_later_context,flip,flip/0054,26,ENV-04,training,22,18,17
ST,testing/flip/0054_000000027,context,known_environment_later_context,flip,flip/0054,27,ENV-04,testing,22,19,17
ST,training/flip/0054_000000028,context,known_environment_later_context,flip,flip/0054,28,ENV-04,training,22,20,17
ST,training/flip/0054_000000029,context,known_environment_later_context,flip,flip/0054,29,ENV-04,training,22,21,17
ST,training/flip/0055_000000011,train,known_environment_earlier_train,flip,flip/0055,11,ENV-04,training,20,0,16
ST,training/flip/0055_000000012,train,known_environment_earlier_train,flip,flip/0055,12,ENV-04,training,20,1,16
ST,training/flip/0055_000000013,train,known_environment_earlier_train,flip,flip/0055,13,ENV-04,training,20,2,16
ST,training/flip/0055_000000014,train,known_environment_earlier_train,flip,flip/0055,14,ENV-04,training,20,3,16
ST,testing/flip/0055_000000015,train,known_environment_earlier_train,flip,flip/0055,15,ENV-04,testing,20,4,16
ST,training/flip/0055_000000016,train,known_environment_earlier_train,flip,flip/0055,16,ENV-04,training,20,5,16
ST,training/flip/0055_000000017,train,known_environment_earlier_train,flip,flip/0055,17,ENV-04,training,20,6,16
ST,training/flip/0055_000000018,train,known_environment_earlier_train,flip,flip/0055,18,ENV-04,training,20,7,16
ST,training/flip/0055_000000019,train,known_environment_earlier_train,flip,flip/0055,19,ENV-04,training,20,8,16
ST,training/flip/0055_000000020,train,known_environment_earlier_train,flip,flip/0055,20,ENV-04,training,20,9,16
ST,training/flip/0055_000000021,train,known_environment_earlier_train,flip,flip/0055,21,ENV-04,training,20,10,16
ST,training/flip/0055_000000022,train,known_environment_earlier_train,flip,flip/0055,22,ENV-04,training,20,11,16
ST,training/flip/0055_000000023,train,known_environment_earlier_train,flip,flip/0055,23,ENV-04,training,20,12,16
ST,testing/flip/0055_000000024,train,known_environment_earlier_train,flip,flip/0055,24,ENV-04,testing,20,13,16
ST,training/flip/0055_000000025,train,known_environment_earlier_train,flip,flip/0055,25,ENV-04,training,20,14,16
ST,training/flip/0055_000000026,train,known_environment_earlier_train,flip,flip/0055,26,ENV-04,training,20,15,16
ST,testing/flip/0055_000000027,context,known_environment_later_context,flip,flip/0055,27,ENV-04,testing,20,16,16
ST,testing/flip/0055_000000028,context,known_environment_later_context,flip,flip/0055,28,ENV-04,testing,20,17,16
ST,training/flip/0055_000000029,context,known_environment_later_context,flip,flip/0055,29,ENV-04,training,20,18,16
ST,training/flip/0055_000000030,context,known_environment_later_context,flip,flip/0055,30,ENV-04,training,20,19,16
ST,training/flip/0056_000000014,train,known_environment_earlier_train,flip,flip/0056,14,ENV-04,training,17,0,13
ST,training/flip/0056_000000015,train,known_environment_earlier_train,flip,flip/0056,15,ENV-04,training,17,1,13
ST,testing/flip/0056_000000016,train,known_environment_earlier_train,flip,flip/0056,16,ENV-04,testing,17,2,13
ST,training/flip/0056_000000017,train,known_environment_earlier_train,flip,flip/0056,17,ENV-04,training,17,3,13
ST,training/flip/0056_000000018,train,known_environment_earlier_train,flip,flip/0056,18,ENV-04,training,17,4,13
ST,training/flip/0056_000000019,train,known_environment_earlier_train,flip,flip/0056,19,ENV-04,training,17,5,13
ST,training/flip/0056_000000020,train,known_environment_earlier_train,flip,flip/0056,20,ENV-04,training,17,6,13
ST,training/flip/0056_000000021,train,known_environment_earlier_train,flip,flip/0056,21,ENV-04,training,17,7,13
ST,training/flip/0056_000000022,train,known_environment_earlier_train,flip,flip/0056,22,ENV-04,training,17,8,13
ST,training/flip/0056_000000023,train,known_environment_earlier_train,flip,flip/0056,23,ENV-04,training,17,9,13
ST,training/flip/0056_000000024,train,known_environment_earlier_train,flip,flip/0056,24,ENV-04,training,17,10,13
ST,training/flip/0056_000000025,train,known_environment_earlier_train,flip,flip/0056,25,ENV-04,training,17,11,13
ST,training/flip/0056_000000026,train,known_environment_earlier_train,flip,flip/0056,26,ENV-04,training,17,12,13
ST,training/flip/0056_000000027,context,known_environment_later_context,flip,flip/0056,27,ENV-04,training,17,13,13
ST,training/flip/0056_000000028,context,known_environment_later_context,flip,flip/0056,28,ENV-04,training,17,14,13
ST,training/flip/0056_000000029,context,known_environment_later_context,flip,flip/0056,29,ENV-04,training,17,15,13
ST,testing/flip/0056_000000030,context,known_environment_later_context,flip,flip/0056,30,ENV-04,testing,17,16,13
ST,training/flip/0057_000000011,train,known_environment_earlier_train,flip,flip/0057,11,ENV-04,training,20,0,16
ST,training/flip/0057_000000012,train,known_environment_earlier_train,flip,flip/0057,12,ENV-04,training,20,1,16
ST,training/flip/0057_000000013,train,known_environment_earlier_train,flip,flip/0057,13,ENV-04,training,20,2,16
ST,training/flip/0057_000000014,train,known_environment_earlier_train,flip,flip/0057,14,ENV-04,training,20,3,16
ST,training/flip/0057_000000015,train,known_environment_earlier_train,flip,flip/0057,15,ENV-04,training,20,4,16
ST,training/flip/0057_000000016,train,known_environment_earlier_train,flip,flip/0057,16,ENV-04,training,20,5,16
ST,training/flip/0057_000000017,train,known_environment_earlier_train,flip,flip/0057,17,ENV-04,training,20,6,16
ST,training/flip/0057_000000018,train,known_environment_earlier_train,flip,flip/0057,18,ENV-04,training,20,7,16
ST,testing/flip/0057_000000019,train,known_environment_earlier_train,flip,flip/0057,19,ENV-04,testing,20,8,16
ST,training/flip/0057_000000020,train,known_environment_earlier_train,flip,flip/0057,20,ENV-04,training,20,9,16
ST,training/flip/0057_000000021,train,known_environment_earlier_train,flip,flip/0057,21,ENV-04,training,20,10,16
ST,training/flip/0057_000000022,train,known_environment_earlier_train,flip,flip/0057,22,ENV-04,training,20,11,16
ST,training/flip/0057_000000023,train,known_environment_earlier_train,flip,flip/0057,23,ENV-04,training,20,12,16
ST,training/flip/0057_000000024,train,known_environment_earlier_train,flip,flip/0057,24,ENV-04,training,20,13,16
ST,training/flip/0057_000000025,train,known_environment_earlier_train,flip,flip/0057,25,ENV-04,training,20,14,16
ST,training/flip/0057_000000026,train,known_environment_earlier_train,flip,flip/0057,26,ENV-04,training,20,15,16
ST,training/flip/0057_000000027,context,known_environment_later_context,flip,flip/0057,27,ENV-04,training,20,16,16
ST,training/flip/0057_000000028,context,known_environment_later_context,flip,flip/0057,28,ENV-04,training,20,17,16
ST,training/flip/0057_000000029,context,known_environment_later_context,flip,flip/0057,29,ENV-04,training,20,18,16
ST,testing/flip/0057_000000030,context,known_environment_later_context,flip,flip/0057,30,ENV-04,testing,20,19,16
ST,training/flip/0058_000000001,train,known_environment_earlier_train,flip,flip/0058,1,ENV-04,training,29,0,23
ST,training/flip/0058_000000002,train,known_environment_earlier_train,flip,flip/0058,2,ENV-04,training,29,1,23
ST,testing/flip/0058_000000003,train,known_environment_earlier_train,flip,flip/0058,3,ENV-04,testing,29,2,23
ST,testing/flip/0058_000000004,train,known_environment_earlier_train,flip,flip/0058,4,ENV-04,testing,29,3,23
ST,training/flip/0058_000000005,train,known_environment_earlier_train,flip,flip/0058,5,ENV-04,training,29,4,23
ST,testing/flip/0058_000000006,train,known_environment_earlier_train,flip,flip/0058,6,ENV-04,testing,29,5,23
ST,training/flip/0058_000000007,train,known_environment_earlier_train,flip,flip/0058,7,ENV-04,training,29,6,23
ST,training/flip/0058_000000008,train,known_environment_earlier_train,flip,flip/0058,8,ENV-04,training,29,7,23
ST,training/flip/0058_000000009,train,known_environment_earlier_train,flip,flip/0058,9,ENV-04,training,29,8,23
ST,training/flip/0058_000000010,train,known_environment_earlier_train,flip,flip/0058,10,ENV-04,training,29,9,23
ST,training/flip/0058_000000011,train,known_environment_earlier_train,flip,flip/0058,11,ENV-04,training,29,10,23
ST,training/flip/0058_000000012,train,known_environment_earlier_train,flip,flip/0058,12,ENV-04,training,29,11,23
ST,training/flip/0058_000000013,train,known_environment_earlier_train,flip,flip/0058,13,ENV-04,training,29,12,23
ST,training/flip/0058_000000014,train,known_environment_earlier_train,flip,flip/0058,14,ENV-04,training,29,13,23
ST,training/flip/0058_000000015,train,known_environment_earlier_train,flip,flip/0058,15,ENV-04,training,29,14,23
ST,training/flip/0058_000000016,train,known_environment_earlier_train,flip,flip/0058,16,ENV-04,training,29,15,23
ST,training/flip/0058_000000017,train,known_environment_earlier_train,flip,flip/0058,17,ENV-04,training,29,16,23
ST,training/flip/0058_000000018,train,known_environment_earlier_train,flip,flip/0058,18,ENV-04,training,29,17,23
ST,testing/flip/0058_000000019,train,known_environment_earlier_train,flip,flip/0058,19,ENV-04,testing,29,18,23
ST,training/flip/0058_000000020,train,known_environment_earlier_train,flip,flip/0058,20,ENV-04,training,29,19,23
ST,testing/flip/0058_000000021,train,known_environment_earlier_train,flip,flip/0058,21,ENV-04,testing,29,20,23
ST,training/flip/0058_000000022,train,known_environment_earlier_train,flip,flip/0058,22,ENV-04,training,29,21,23
ST,training/flip/0058_000000023,train,known_environment_earlier_train,flip,flip/0058,23,ENV-04,training,29,22,23
ST,training/flip/0058_000000024,context,known_environment_later_context,flip,flip/0058,24,ENV-04,training,29,23,23
ST,training/flip/0058_000000025,context,known_environment_later_context,flip,flip/0058,25,ENV-04,training,29,24,23
ST,training/flip/0058_000000026,context,known_environment_later_context,flip,flip/0058,26,ENV-04,training,29,25,23
ST,testing/flip/0058_000000027,context,known_environment_later_context,flip,flip/0058,27,ENV-04,testing,29,26,23
ST,training/flip/0058_000000028,context,known_environment_later_context,flip,flip/0058,28,ENV-04,training,29,27,23
ST,training/flip/0058_000000029,context,known_environment_later_context,flip,flip/0058,29,ENV-04,training,29,28,23
ST,training/flip/0059_000000001,train,known_environment_earlier_train,flip,flip/0059,1,ENV-04,training,30,0,24
ST,training/flip/0059_000000002,train,known_environment_earlier_train,flip,flip/0059,2,ENV-04,training,30,1,24
ST,training/flip/0059_000000003,train,known_environment_earlier_train,flip,flip/0059,3,ENV-04,training,30,2,24
ST,training/flip/0059_000000004,train,known_environment_earlier_train,flip,flip/0059,4,ENV-04,training,30,3,24
ST,training/flip/0059_000000005,train,known_environment_earlier_train,flip,flip/0059,5,ENV-04,training,30,4,24
ST,training/flip/0059_000000006,train,known_environment_earlier_train,flip,flip/0059,6,ENV-04,training,30,5,24
ST,training/flip/0059_000000007,train,known_environment_earlier_train,flip,flip/0059,7,ENV-04,training,30,6,24
ST,training/flip/0059_000000008,train,known_environment_earlier_train,flip,flip/0059,8,ENV-04,training,30,7,24
ST,training/flip/0059_000000009,train,known_environment_earlier_train,flip,flip/0059,9,ENV-04,training,30,8,24
ST,training/flip/0059_000000010,train,known_environment_earlier_train,flip,flip/0059,10,ENV-04,training,30,9,24
ST,training/flip/0059_000000011,train,known_environment_earlier_train,flip,flip/0059,11,ENV-04,training,30,10,24
ST,training/flip/0059_000000012,train,known_environment_earlier_train,flip,flip/0059,12,ENV-04,training,30,11,24
ST,training/flip/0059_000000013,train,known_environment_earlier_train,flip,flip/0059,13,ENV-04,training,30,12,24
ST,training/flip/0059_000000014,train,known_environment_earlier_train,flip,flip/0059,14,ENV-04,training,30,13,24
ST,testing/flip/0059_000000015,train,known_environment_earlier_train,flip,flip/0059,15,ENV-04,testing,30,14,24
ST,testing/flip/0059_000000016,train,known_environment_earlier_train,flip,flip/0059,16,ENV-04,testing,30,15,24
ST,testing/flip/0059_000000017,train,known_environment_earlier_train,flip,flip/0059,17,ENV-04,testing,30,16,24
ST,training/flip/0059_000000018,train,known_environment_earlier_train,flip,flip/0059,18,ENV-04,training,30,17,24
ST,training/flip/0059_000000019,train,known_environment_earlier_train,flip,flip/0059,19,ENV-04,training,30,18,24
ST,testing/flip/0059_000000020,train,known_environment_earlier_train,flip,flip/0059,20,ENV-04,testing,30,19,24
ST,training/flip/0059_000000021,train,known_environment_earlier_train,flip,flip/0059,21,ENV-04,training,30,20,24
ST,training/flip/0059_000000022,train,known_environment_earlier_train,flip,flip/0059,22,ENV-04,training,30,21,24
ST,training/flip/0059_000000023,train,known_environment_earlier_train,flip,flip/0059,23,ENV-04,training,30,22,24
ST,training/flip/0059_000000024,train,known_environment_earlier_train,flip,flip/0059,24,ENV-04,training,30,23,24
ST,training/flip/0059_000000025,context,known_environment_later_context,flip,flip/0059,25,ENV-04,training,30,24,24
ST,training/flip/0059_000000026,context,known_environment_later_context,flip,flip/0059,26,ENV-04,training,30,25,24
ST,training/flip/0059_000000027,context,known_environment_later_context,flip,flip/0059,27,ENV-04,training,30,26,24
ST,testing/flip/0059_000000028,context,known_environment_later_context,flip,flip/0059,28,ENV-04,testing,30,27,24
ST,training/flip/0059_000000029,context,known_environment_later_context,flip,flip/0059,29,ENV-04,training,30,28,24
ST,training/flip/0059_000000030,context,known_environment_later_context,flip,flip/0059,30,ENV-04,training,30,29,24
ST,training/flip/0060_000000001,train,known_environment_earlier_train,flip,flip/0060,1,ENV-04,training,55,0,44
ST,training/flip/0060_000000002,train,known_environment_earlier_train,flip,flip/0060,2,ENV-04,training,55,1,44
ST,training/flip/0060_000000003,train,known_environment_earlier_train,flip,flip/0060,3,ENV-04,training,55,2,44
ST,testing/flip/0060_000000004,train,known_environment_earlier_train,flip,flip/0060,4,ENV-04,testing,55,3,44
ST,training/flip/0060_000000005,train,known_environment_earlier_train,flip,flip/0060,5,ENV-04,training,55,4,44
ST,testing/flip/0060_000000006,train,known_environment_earlier_train,flip,flip/0060,6,ENV-04,testing,55,5,44
ST,training/flip/0060_000000007,train,known_environment_earlier_train,flip,flip/0060,7,ENV-04,training,55,6,44
ST,testing/flip/0060_000000008,train,known_environment_earlier_train,flip,flip/0060,8,ENV-04,testing,55,7,44
ST,training/flip/0060_000000009,train,known_environment_earlier_train,flip,flip/0060,9,ENV-04,training,55,8,44
ST,training/flip/0060_000000010,train,known_environment_earlier_train,flip,flip/0060,10,ENV-04,training,55,9,44
ST,training/flip/0060_000000011,train,known_environment_earlier_train,flip,flip/0060,11,ENV-04,training,55,10,44
ST,training/flip/0060_000000012,train,known_environment_earlier_train,flip,flip/0060,12,ENV-04,training,55,11,44
ST,testing/flip/0060_000000013,train,known_environment_earlier_train,flip,flip/0060,13,ENV-04,testing,55,12,44
ST,training/flip/0060_000000014,train,known_environment_earlier_train,flip,flip/0060,14,ENV-04,training,55,13,44
ST,training/flip/0060_000000015,train,known_environment_earlier_train,flip,flip/0060,15,ENV-04,training,55,14,44
ST,training/flip/0060_000000016,train,known_environment_earlier_train,flip,flip/0060,16,ENV-04,training,55,15,44
ST,training/flip/0060_000000017,train,known_environment_earlier_train,flip,flip/0060,17,ENV-04,training,55,16,44
ST,training/flip/0060_000000018,train,known_environment_earlier_train,flip,flip/0060,18,ENV-04,training,55,17,44
ST,training/flip/0060_000000019,train,known_environment_earlier_train,flip,flip/0060,19,ENV-04,training,55,18,44
ST,training/flip/0060_000000020,train,known_environment_earlier_train,flip,flip/0060,20,ENV-04,training,55,19,44
ST,training/flip/0060_000000021,train,known_environment_earlier_train,flip,flip/0060,21,ENV-04,training,55,20,44
ST,training/flip/0060_000000022,train,known_environment_earlier_train,flip,flip/0060,22,ENV-04,training,55,21,44
ST,training/flip/0060_000000023,train,known_environment_earlier_train,flip,flip/0060,23,ENV-04,training,55,22,44
ST,training/flip/0060_000000024,train,known_environment_earlier_train,flip,flip/0060,24,ENV-04,training,55,23,44
ST,training/flip/0060_000000025,train,known_environment_earlier_train,flip,flip/0060,25,ENV-04,training,55,24,44
ST,training/flip/0060_000000026,train,known_environment_earlier_train,flip,flip/0060,26,ENV-04,training,55,25,44
ST,training/flip/0060_000000027,train,known_environment_earlier_train,flip,flip/0060,27,ENV-04,training,55,26,44
ST,training/flip/0060_000000028,train,known_environment_earlier_train,flip,flip/0060,28,ENV-04,training,55,27,44
ST,training/flip/0060_000000029,train,known_environment_earlier_train,flip,flip/0060,29,ENV-04,training,55,28,44
ST,training/flip/0060_000000030,train,known_environment_earlier_train,flip,flip/0060,30,ENV-04,training,55,29,44
ST,training/flip/0060_000000031,train,known_environment_earlier_train,flip,flip/0060,31,ENV-04,training,55,30,44
ST,testing/flip/0060_000000032,train,known_environment_earlier_train,flip,flip/0060,32,ENV-04,testing,55,31,44
ST,training/flip/0060_000000033,train,known_environment_earlier_train,flip,flip/0060,33,ENV-04,training,55,32,44
ST,training/flip/0060_000000034,train,known_environment_earlier_train,flip,flip/0060,34,ENV-04,training,55,33,44
ST,training/flip/0060_000000035,train,known_environment_earlier_train,flip,flip/0060,35,ENV-04,training,55,34,44
ST,training/flip/0060_000000036,train,known_environment_earlier_train,flip,flip/0060,36,ENV-04,training,55,35,44
ST,testing/flip/0060_000000037,train,known_environment_earlier_train,flip,flip/0060,37,ENV-04,testing,55,36,44
ST,testing/flip/0060_000000038,train,known_environment_earlier_train,flip,flip/0060,38,ENV-04,testing,55,37,44
ST,training/flip/0060_000000039,train,known_environment_earlier_train,flip,flip/0060,39,ENV-04,training,55,38,44
ST,training/flip/0060_000000040,train,known_environment_earlier_train,flip,flip/0060,40,ENV-04,training,55,39,44
ST,training/flip/0060_000000041,train,known_environment_earlier_train,flip,flip/0060,41,ENV-04,training,55,40,44
ST,training/flip/0060_000000042,train,known_environment_earlier_train,flip,flip/0060,42,ENV-04,training,55,41,44
ST,testing/flip/0060_000000043,train,known_environment_earlier_train,flip,flip/0060,43,ENV-04,testing,55,42,44
ST,testing/flip/0060_000000044,train,known_environment_earlier_train,flip,flip/0060,44,ENV-04,testing,55,43,44
ST,training/flip/0060_000000045,context,known_environment_later_context,flip,flip/0060,45,ENV-04,training,55,44,44
ST,training/flip/0060_000000046,context,known_environment_later_context,flip,flip/0060,46,ENV-04,training,55,45,44
ST,training/flip/0060_000000047,context,known_environment_later_context,flip,flip/0060,47,ENV-04,training,55,46,44
ST,training/flip/0060_000000048,context,known_environment_later_context,flip,flip/0060,48,ENV-04,training,55,47,44
ST,training/flip/0060_000000049,context,known_environment_later_context,flip,flip/0060,49,ENV-04,training,55,48,44
ST,training/flip/0060_000000050,context,known_environment_later_context,flip,flip/0060,50,ENV-04,training,55,49,44
ST,training/flip/0060_000000051,context,known_environment_later_context,flip,flip/0060,51,ENV-04,training,55,50,44
ST,testing/flip/0060_000000052,context,known_environment_later_context,flip,flip/0060,52,ENV-04,testing,55,51,44
ST,testing/flip/0060_000000053,context,known_environment_later_context,flip,flip/0060,53,ENV-04,testing,55,52,44
ST,training/flip/0060_000000054,context,known_environment_later_context,flip,flip/0060,54,ENV-04,training,55,53,44
ST,testing/flip/0060_000000055,context,known_environment_later_context,flip,flip/0060,55,ENV-04,testing,55,54,44
ST,training/flip/0061_000000009,train,known_environment_earlier_train,flip,flip/0061,9,ENV-04,training,22,0,17
ST,testing/flip/0061_000000010,train,known_environment_earlier_train,flip,flip/0061,10,ENV-04,testing,22,1,17
ST,testing/flip/0061_000000011,train,known_environment_earlier_train,flip,flip/0061,11,ENV-04,testing,22,2,17
ST,training/flip/0061_000000012,train,known_environment_earlier_train,flip,flip/0061,12,ENV-04,training,22,3,17
ST,training/flip/0061_000000013,train,known_environment_earlier_train,flip,flip/0061,13,ENV-04,training,22,4,17
ST,training/flip/0061_000000014,train,known_environment_earlier_train,flip,flip/0061,14,ENV-04,training,22,5,17
ST,training/flip/0061_000000015,train,known_environment_earlier_train,flip,flip/0061,15,ENV-04,training,22,6,17
ST,training/flip/0061_000000016,train,known_environment_earlier_train,flip,flip/0061,16,ENV-04,training,22,7,17
ST,training/flip/0061_000000017,train,known_environment_earlier_train,flip,flip/0061,17,ENV-04,training,22,8,17
ST,testing/flip/0061_000000018,train,known_environment_earlier_train,flip,flip/0061,18,ENV-04,testing,22,9,17
ST,training/flip/0061_000000019,train,known_environment_earlier_train,flip,flip/0061,19,ENV-04,training,22,10,17
ST,training/flip/0061_000000020,train,known_environment_earlier_train,flip,flip/0061,20,ENV-04,training,22,11,17
ST,training/flip/0061_000000021,train,known_environment_earlier_train,flip,flip/0061,21,ENV-04,training,22,12,17
ST,training/flip/0061_000000022,train,known_environment_earlier_train,flip,flip/0061,22,ENV-04,training,22,13,17
ST,training/flip/0061_000000023,train,known_environment_earlier_train,flip,flip/0061,23,ENV-04,training,22,14,17
ST,training/flip/0061_000000024,train,known_environment_earlier_train,flip,flip/0061,24,ENV-04,training,22,15,17
ST,training/flip/0061_000000025,train,known_environment_earlier_train,flip,flip/0061,25,ENV-04,training,22,16,17
ST,testing/flip/0061_000000026,context,known_environment_later_context,flip,flip/0061,26,ENV-04,testing,22,17,17
ST,testing/flip/0061_000000027,context,known_environment_later_context,flip,flip/0061,27,ENV-04,testing,22,18,17
ST,training/flip/0061_000000028,context,known_environment_later_context,flip,flip/0061,28,ENV-04,training,22,19,17
ST,testing/flip/0061_000000029,context,known_environment_later_context,flip,flip/0061,29,ENV-04,testing,22,20,17
ST,training/flip/0061_000000030,context,known_environment_later_context,flip,flip/0061,30,ENV-04,training,22,21,17
ST,training/flip/0062_000000001,train,known_environment_earlier_train,flip,flip/0062,1,ENV-04,training,30,0,24
ST,training/flip/0062_000000002,train,known_environment_earlier_train,flip,flip/0062,2,ENV-04,training,30,1,24
ST,testing/flip/0062_000000003,train,known_environment_earlier_train,flip,flip/0062,3,ENV-04,testing,30,2,24
ST,training/flip/0062_000000004,train,known_environment_earlier_train,flip,flip/0062,4,ENV-04,training,30,3,24
ST,training/flip/0062_000000005,train,known_environment_earlier_train,flip,flip/0062,5,ENV-04,training,30,4,24
ST,testing/flip/0062_000000006,train,known_environment_earlier_train,flip,flip/0062,6,ENV-04,testing,30,5,24
ST,training/flip/0062_000000007,train,known_environment_earlier_train,flip,flip/0062,7,ENV-04,training,30,6,24
ST,training/flip/0062_000000008,train,known_environment_earlier_train,flip,flip/0062,8,ENV-04,training,30,7,24
ST,testing/flip/0062_000000009,train,known_environment_earlier_train,flip,flip/0062,9,ENV-04,testing,30,8,24
ST,training/flip/0062_000000010,train,known_environment_earlier_train,flip,flip/0062,10,ENV-04,training,30,9,24
ST,testing/flip/0062_000000011,train,known_environment_earlier_train,flip,flip/0062,11,ENV-04,testing,30,10,24
ST,testing/flip/0062_000000012,train,known_environment_earlier_train,flip,flip/0062,12,ENV-04,testing,30,11,24
ST,testing/flip/0062_000000013,train,known_environment_earlier_train,flip,flip/0062,13,ENV-04,testing,30,12,24
ST,training/flip/0062_000000014,train,known_environment_earlier_train,flip,flip/0062,14,ENV-04,training,30,13,24
ST,training/flip/0062_000000015,train,known_environment_earlier_train,flip,flip/0062,15,ENV-04,training,30,14,24
ST,training/flip/0062_000000016,train,known_environment_earlier_train,flip,flip/0062,16,ENV-04,training,30,15,24
ST,training/flip/0062_000000017,train,known_environment_earlier_train,flip,flip/0062,17,ENV-04,training,30,16,24
ST,testing/flip/0062_000000018,train,known_environment_earlier_train,flip,flip/0062,18,ENV-04,testing,30,17,24
ST,training/flip/0062_000000019,train,known_environment_earlier_train,flip,flip/0062,19,ENV-04,training,30,18,24
ST,testing/flip/0062_000000020,train,known_environment_earlier_train,flip,flip/0062,20,ENV-04,testing,30,19,24
ST,training/flip/0062_000000021,train,known_environment_earlier_train,flip,flip/0062,21,ENV-04,training,30,20,24
ST,training/flip/0062_000000022,train,known_environment_earlier_train,flip,flip/0062,22,ENV-04,training,30,21,24
ST,training/flip/0062_000000023,train,known_environment_earlier_train,flip,flip/0062,23,ENV-04,training,30,22,24
ST,training/flip/0062_000000024,train,known_environment_earlier_train,flip,flip/0062,24,ENV-04,training,30,23,24
ST,training/flip/0062_000000025,context,known_environment_later_context,flip,flip/0062,25,ENV-04,training,30,24,24
ST,training/flip/0062_000000026,context,known_environment_later_context,flip,flip/0062,26,ENV-04,training,30,25,24
ST,training/flip/0062_000000027,context,known_environment_later_context,flip,flip/0062,27,ENV-04,training,30,26,24
ST,training/flip/0062_000000028,context,known_environment_later_context,flip,flip/0062,28,ENV-04,training,30,27,24
ST,training/flip/0062_000000029,context,known_environment_later_context,flip,flip/0062,29,ENV-04,training,30,28,24
ST,training/flip/0062_000000030,context,known_environment_later_context,flip,flip/0062,30,ENV-04,training,30,29,24
ST,training/flip/0063_000000010,train,known_environment_earlier_train,flip,flip/0063,10,ENV-04,training,14,0,11
ST,testing/flip/0063_000000011,train,known_environment_earlier_train,flip,flip/0063,11,ENV-04,testing,14,1,11
ST,training/flip/0063_000000012,train,known_environment_earlier_train,flip,flip/0063,12,ENV-04,training,14,2,11
ST,training/flip/0063_000000013,train,known_environment_earlier_train,flip,flip/0063,13,ENV-04,training,14,3,11
ST,testing/flip/0063_000000014,train,known_environment_earlier_train,flip,flip/0063,14,ENV-04,testing,14,4,11
ST,training/flip/0063_000000015,train,known_environment_earlier_train,flip,flip/0063,15,ENV-04,training,14,5,11
ST,training/flip/0063_000000016,train,known_environment_earlier_train,flip,flip/0063,16,ENV-04,training,14,6,11
ST,training/flip/0063_000000017,train,known_environment_earlier_train,flip,flip/0063,17,ENV-04,training,14,7,11
ST,training/flip/0063_000000018,train,known_environment_earlier_train,flip,flip/0063,18,ENV-04,training,14,8,11
ST,training/flip/0063_000000019,train,known_environment_earlier_train,flip,flip/0063,19,ENV-04,training,14,9,11
ST,training/flip/0063_000000020,train,known_environment_earlier_train,flip,flip/0063,20,ENV-04,training,14,10,11
ST,training/flip/0063_000000021,context,known_environment_later_context,flip,flip/0063,21,ENV-04,training,14,11,11
ST,training/flip/0063_000000022,context,known_environment_later_context,flip,flip/0063,22,ENV-04,training,14,12,11
ST,testing/flip/0063_000000023,context,known_environment_later_context,flip,flip/0063,23,ENV-04,testing,14,13,11
ST,training/flip/0064_000000019,train,known_environment_earlier_train,flip,flip/0064,19,ENV-04,training,11,0,8
ST,training/flip/0064_000000020,train,known_environment_earlier_train,flip,flip/0064,20,ENV-04,training,11,1,8
ST,training/flip/0064_000000021,train,known_environment_earlier_train,flip,flip/0064,21,ENV-04,training,11,2,8
ST,training/flip/0064_000000022,train,known_environment_earlier_train,flip,flip/0064,22,ENV-04,training,11,3,8
ST,training/flip/0064_000000023,train,known_environment_earlier_train,flip,flip/0064,23,ENV-04,training,11,4,8
ST,training/flip/0064_000000024,train,known_environment_earlier_train,flip,flip/0064,24,ENV-04,training,11,5,8
ST,training/flip/0064_000000025,train,known_environment_earlier_train,flip,flip/0064,25,ENV-04,training,11,6,8
ST,training/flip/0064_000000026,train,known_environment_earlier_train,flip,flip/0064,26,ENV-04,training,11,7,8
ST,testing/flip/0064_000000027,context,known_environment_later_context,flip,flip/0064,27,ENV-04,testing,11,8,8
ST,training/flip/0064_000000028,context,known_environment_later_context,flip,flip/0064,28,ENV-04,training,11,9,8
ST,training/flip/0064_000000029,context,known_environment_later_context,flip,flip/0064,29,ENV-04,training,11,10,8
ST,testing/flip/0065_000000001,train,known_environment_earlier_train,flip,flip/0065,1,ENV-04,testing,29,0,23
ST,training/flip/0065_000000002,train,known_environment_earlier_train,flip,flip/0065,2,ENV-04,training,29,1,23
ST,training/flip/0065_000000003,train,known_environment_earlier_train,flip,flip/0065,3,ENV-04,training,29,2,23
ST,training/flip/0065_000000004,train,known_environment_earlier_train,flip,flip/0065,4,ENV-04,training,29,3,23
ST,testing/flip/0065_000000005,train,known_environment_earlier_train,flip,flip/0065,5,ENV-04,testing,29,4,23
ST,training/flip/0065_000000006,train,known_environment_earlier_train,flip,flip/0065,6,ENV-04,training,29,5,23
ST,training/flip/0065_000000007,train,known_environment_earlier_train,flip,flip/0065,7,ENV-04,training,29,6,23
ST,training/flip/0065_000000008,train,known_environment_earlier_train,flip,flip/0065,8,ENV-04,training,29,7,23
ST,training/flip/0065_000000009,train,known_environment_earlier_train,flip,flip/0065,9,ENV-04,training,29,8,23
ST,training/flip/0065_000000010,train,known_environment_earlier_train,flip,flip/0065,10,ENV-04,training,29,9,23
ST,training/flip/0065_000000011,train,known_environment_earlier_train,flip,flip/0065,11,ENV-04,training,29,10,23
ST,training/flip/0065_000000012,train,known_environment_earlier_train,flip,flip/0065,12,ENV-04,training,29,11,23
ST,training/flip/0065_000000013,train,known_environment_earlier_train,flip,flip/0065,13,ENV-04,training,29,12,23
ST,training/flip/0065_000000014,train,known_environment_earlier_train,flip,flip/0065,14,ENV-04,training,29,13,23
ST,training/flip/0065_000000015,train,known_environment_earlier_train,flip,flip/0065,15,ENV-04,training,29,14,23
ST,testing/flip/0065_000000016,train,known_environment_earlier_train,flip,flip/0065,16,ENV-04,testing,29,15,23
ST,training/flip/0065_000000017,train,known_environment_earlier_train,flip,flip/0065,17,ENV-04,training,29,16,23
ST,training/flip/0065_000000018,train,known_environment_earlier_train,flip,flip/0065,18,ENV-04,training,29,17,23
ST,training/flip/0065_000000019,train,known_environment_earlier_train,flip,flip/0065,19,ENV-04,training,29,18,23
ST,training/flip/0065_000000020,train,known_environment_earlier_train,flip,flip/0065,20,ENV-04,training,29,19,23
ST,training/flip/0065_000000021,train,known_environment_earlier_train,flip,flip/0065,21,ENV-04,training,29,20,23
ST,training/flip/0065_000000022,train,known_environment_earlier_train,flip,flip/0065,22,ENV-04,training,29,21,23
ST,testing/flip/0065_000000023,train,known_environment_earlier_train,flip,flip/0065,23,ENV-04,testing,29,22,23
ST,training/flip/0065_000000024,context,known_environment_later_context,flip,flip/0065,24,ENV-04,training,29,23,23
ST,testing/flip/0065_000000025,context,known_environment_later_context,flip,flip/0065,25,ENV-04,testing,29,24,23
ST,testing/flip/0065_000000026,context,known_environment_later_context,flip,flip/0065,26,ENV-04,testing,29,25,23
ST,training/flip/0065_000000027,context,known_environment_later_context,flip,flip/0065,27,ENV-04,training,29,26,23
ST,training/flip/0065_000000028,context,known_environment_later_context,flip,flip/0065,28,ENV-04,training,29,27,23
ST,training/flip/0065_000000029,context,known_environment_later_context,flip,flip/0065,29,ENV-04,training,29,28,23
ST,training/notflip/0001_000000001,train,known_environment_earlier_train,notflip,notflip/0001,1,ENV-01,training,30,0,24
ST,testing/notflip/0001_000000002,train,known_environment_earlier_train,notflip,notflip/0001,2,ENV-01,testing,30,1,24
ST,training/notflip/0001_000000003,train,known_environment_earlier_train,notflip,notflip/0001,3,ENV-01,training,30,2,24
ST,testing/notflip/0001_000000004,train,known_environment_earlier_train,notflip,notflip/0001,4,ENV-01,testing,30,3,24
ST,training/notflip/0001_000000005,train,known_environment_earlier_train,notflip,notflip/0001,5,ENV-01,training,30,4,24
ST,training/notflip/0001_000000006,train,known_environment_earlier_train,notflip,notflip/0001,6,ENV-01,training,30,5,24
ST,training/notflip/0001_000000007,train,known_environment_earlier_train,notflip,notflip/0001,7,ENV-01,training,30,6,24
ST,training/notflip/0001_000000008,train,known_environment_earlier_train,notflip,notflip/0001,8,ENV-01,training,30,7,24
ST,testing/notflip/0001_000000009,train,known_environment_earlier_train,notflip,notflip/0001,9,ENV-01,testing,30,8,24
ST,training/notflip/0001_000000010,train,known_environment_earlier_train,notflip,notflip/0001,10,ENV-01,training,30,9,24
ST,training/notflip/0001_000000011,train,known_environment_earlier_train,notflip,notflip/0001,11,ENV-01,training,30,10,24
ST,training/notflip/0001_000000012,train,known_environment_earlier_train,notflip,notflip/0001,12,ENV-01,training,30,11,24
ST,training/notflip/0001_000000013,train,known_environment_earlier_train,notflip,notflip/0001,13,ENV-01,training,30,12,24
ST,testing/notflip/0001_000000014,train,known_environment_earlier_train,notflip,notflip/0001,14,ENV-01,testing,30,13,24
ST,training/notflip/0001_000000015,train,known_environment_earlier_train,notflip,notflip/0001,15,ENV-01,training,30,14,24
ST,training/notflip/0001_000000016,train,known_environment_earlier_train,notflip,notflip/0001,16,ENV-01,training,30,15,24
ST,training/notflip/0001_000000017,train,known_environment_earlier_train,notflip,notflip/0001,17,ENV-01,training,30,16,24
ST,training/notflip/0001_000000018,train,known_environment_earlier_train,notflip,notflip/0001,18,ENV-01,training,30,17,24
ST,training/notflip/0001_000000019,train,known_environment_earlier_train,notflip,notflip/0001,19,ENV-01,training,30,18,24
ST,training/notflip/0001_000000020,train,known_environment_earlier_train,notflip,notflip/0001,20,ENV-01,training,30,19,24
ST,training/notflip/0001_000000021,train,known_environment_earlier_train,notflip,notflip/0001,21,ENV-01,training,30,20,24
ST,training/notflip/0001_000000022,train,known_environment_earlier_train,notflip,notflip/0001,22,ENV-01,training,30,21,24
ST,training/notflip/0001_000000023,train,known_environment_earlier_train,notflip,notflip/0001,23,ENV-01,training,30,22,24
ST,testing/notflip/0001_000000024,train,known_environment_earlier_train,notflip,notflip/0001,24,ENV-01,testing,30,23,24
ST,training/notflip/0001_000000025,context,known_environment_later_context,notflip,notflip/0001,25,ENV-01,training,30,24,24
ST,training/notflip/0001_000000026,context,known_environment_later_context,notflip,notflip/0001,26,ENV-01,training,30,25,24
ST,training/notflip/0001_000000027,context,known_environment_later_context,notflip,notflip/0001,27,ENV-01,training,30,26,24
ST,training/notflip/0001_000000028,context,known_environment_later_context,notflip,notflip/0001,28,ENV-01,training,30,27,24
ST,training/notflip/0001_000000029,context,known_environment_later_context,notflip,notflip/0001,29,ENV-01,training,30,28,24
ST,training/notflip/0001_000000030,context,known_environment_later_context,notflip,notflip/0001,30,ENV-01,training,30,29,24
ST,training/notflip/0002_000000001,train,known_environment_earlier_train,notflip,notflip/0002,1,ENV-01,training,30,0,24
ST,training/notflip/0002_000000002,train,known_environment_earlier_train,notflip,notflip/0002,2,ENV-01,training,30,1,24
ST,testing/notflip/0002_000000003,train,known_environment_earlier_train,notflip,notflip/0002,3,ENV-01,testing,30,2,24
ST,training/notflip/0002_000000004,train,known_environment_earlier_train,notflip,notflip/0002,4,ENV-01,training,30,3,24
ST,training/notflip/0002_000000005,train,known_environment_earlier_train,notflip,notflip/0002,5,ENV-01,training,30,4,24
ST,testing/notflip/0002_000000006,train,known_environment_earlier_train,notflip,notflip/0002,6,ENV-01,testing,30,5,24
ST,training/notflip/0002_000000007,train,known_environment_earlier_train,notflip,notflip/0002,7,ENV-01,training,30,6,24
ST,testing/notflip/0002_000000008,train,known_environment_earlier_train,notflip,notflip/0002,8,ENV-01,testing,30,7,24
ST,training/notflip/0002_000000009,train,known_environment_earlier_train,notflip,notflip/0002,9,ENV-01,training,30,8,24
ST,training/notflip/0002_000000010,train,known_environment_earlier_train,notflip,notflip/0002,10,ENV-01,training,30,9,24
ST,training/notflip/0002_000000011,train,known_environment_earlier_train,notflip,notflip/0002,11,ENV-01,training,30,10,24
ST,testing/notflip/0002_000000012,train,known_environment_earlier_train,notflip,notflip/0002,12,ENV-01,testing,30,11,24
ST,training/notflip/0002_000000013,train,known_environment_earlier_train,notflip,notflip/0002,13,ENV-01,training,30,12,24
ST,training/notflip/0002_000000014,train,known_environment_earlier_train,notflip,notflip/0002,14,ENV-01,training,30,13,24
ST,testing/notflip/0002_000000015,train,known_environment_earlier_train,notflip,notflip/0002,15,ENV-01,testing,30,14,24
ST,training/notflip/0002_000000016,train,known_environment_earlier_train,notflip,notflip/0002,16,ENV-01,training,30,15,24
ST,training/notflip/0002_000000017,train,known_environment_earlier_train,notflip,notflip/0002,17,ENV-01,training,30,16,24
ST,training/notflip/0002_000000018,train,known_environment_earlier_train,notflip,notflip/0002,18,ENV-01,training,30,17,24
ST,training/notflip/0002_000000019,train,known_environment_earlier_train,notflip,notflip/0002,19,ENV-01,training,30,18,24
ST,training/notflip/0002_000000020,train,known_environment_earlier_train,notflip,notflip/0002,20,ENV-01,training,30,19,24
ST,training/notflip/0002_000000021,train,known_environment_earlier_train,notflip,notflip/0002,21,ENV-01,training,30,20,24
ST,training/notflip/0002_000000022,train,known_environment_earlier_train,notflip,notflip/0002,22,ENV-01,training,30,21,24
ST,training/notflip/0002_000000023,train,known_environment_earlier_train,notflip,notflip/0002,23,ENV-01,training,30,22,24
ST,training/notflip/0002_000000024,train,known_environment_earlier_train,notflip,notflip/0002,24,ENV-01,training,30,23,24
ST,training/notflip/0002_000000025,context,known_environment_later_context,notflip,notflip/0002,25,ENV-01,training,30,24,24
ST,testing/notflip/0002_000000026,context,known_environment_later_context,notflip,notflip/0002,26,ENV-01,testing,30,25,24
ST,testing/notflip/0002_000000027,context,known_environment_later_context,notflip,notflip/0002,27,ENV-01,testing,30,26,24
ST,testing/notflip/0002_000000028,context,known_environment_later_context,notflip,notflip/0002,28,ENV-01,testing,30,27,24
ST,training/notflip/0002_000000029,context,known_environment_later_context,notflip,notflip/0002,29,ENV-01,training,30,28,24
ST,training/notflip/0002_000000030,context,known_environment_later_context,notflip,notflip/0002,30,ENV-01,training,30,29,24
ST,training/notflip/0003_000000001,train,known_environment_earlier_train,notflip,notflip/0003,1,ENV-01,training,30,0,24
ST,training/notflip/0003_000000002,train,known_environment_earlier_train,notflip,notflip/0003,2,ENV-01,training,30,1,24
ST,training/notflip/0003_000000003,train,known_environment_earlier_train,notflip,notflip/0003,3,ENV-01,training,30,2,24
ST,testing/notflip/0003_000000004,train,known_environment_earlier_train,notflip,notflip/0003,4,ENV-01,testing,30,3,24
ST,training/notflip/0003_000000005,train,known_environment_earlier_train,notflip,notflip/0003,5,ENV-01,training,30,4,24
ST,training/notflip/0003_000000006,train,known_environment_earlier_train,notflip,notflip/0003,6,ENV-01,training,30,5,24
ST,training/notflip/0003_000000007,train,known_environment_earlier_train,notflip,notflip/0003,7,ENV-01,training,30,6,24
ST,training/notflip/0003_000000008,train,known_environment_earlier_train,notflip,notflip/0003,8,ENV-01,training,30,7,24
ST,training/notflip/0003_000000009,train,known_environment_earlier_train,notflip,notflip/0003,9,ENV-01,training,30,8,24
ST,training/notflip/0003_000000010,train,known_environment_earlier_train,notflip,notflip/0003,10,ENV-01,training,30,9,24
ST,training/notflip/0003_000000011,train,known_environment_earlier_train,notflip,notflip/0003,11,ENV-01,training,30,10,24
ST,training/notflip/0003_000000012,train,known_environment_earlier_train,notflip,notflip/0003,12,ENV-01,training,30,11,24
ST,training/notflip/0003_000000013,train,known_environment_earlier_train,notflip,notflip/0003,13,ENV-01,training,30,12,24
ST,training/notflip/0003_000000014,train,known_environment_earlier_train,notflip,notflip/0003,14,ENV-01,training,30,13,24
ST,training/notflip/0003_000000015,train,known_environment_earlier_train,notflip,notflip/0003,15,ENV-01,training,30,14,24
ST,training/notflip/0003_000000016,train,known_environment_earlier_train,notflip,notflip/0003,16,ENV-01,training,30,15,24
ST,training/notflip/0003_000000017,train,known_environment_earlier_train,notflip,notflip/0003,17,ENV-01,training,30,16,24
ST,testing/notflip/0003_000000018,train,known_environment_earlier_train,notflip,notflip/0003,18,ENV-01,testing,30,17,24
ST,training/notflip/0003_000000019,train,known_environment_earlier_train,notflip,notflip/0003,19,ENV-01,training,30,18,24
ST,training/notflip/0003_000000020,train,known_environment_earlier_train,notflip,notflip/0003,20,ENV-01,training,30,19,24
ST,training/notflip/0003_000000021,train,known_environment_earlier_train,notflip,notflip/0003,21,ENV-01,training,30,20,24
ST,training/notflip/0003_000000022,train,known_environment_earlier_train,notflip,notflip/0003,22,ENV-01,training,30,21,24
ST,training/notflip/0003_000000023,train,known_environment_earlier_train,notflip,notflip/0003,23,ENV-01,training,30,22,24
ST,training/notflip/0003_000000024,train,known_environment_earlier_train,notflip,notflip/0003,24,ENV-01,training,30,23,24
ST,testing/notflip/0003_000000025,context,known_environment_later_context,notflip,notflip/0003,25,ENV-01,testing,30,24,24
ST,training/notflip/0003_000000026,context,known_environment_later_context,notflip,notflip/0003,26,ENV-01,training,30,25,24
ST,training/notflip/0003_000000027,context,known_environment_later_context,notflip,notflip/0003,27,ENV-01,training,30,26,24
ST,training/notflip/0003_000000028,context,known_environment_later_context,notflip,notflip/0003,28,ENV-01,training,30,27,24
ST,training/notflip/0003_000000029,context,known_environment_later_context,notflip,notflip/0003,29,ENV-01,training,30,28,24
ST,testing/notflip/0003_000000030,context,known_environment_later_context,notflip,notflip/0003,30,ENV-01,testing,30,29,24
ST,training/notflip/0004_000000001,train,known_environment_earlier_train,notflip,notflip/0004,1,ENV-01,training,35,0,28
ST,testing/notflip/0004_000000002,train,known_environment_earlier_train,notflip,notflip/0004,2,ENV-01,testing,35,1,28
ST,training/notflip/0004_000000003,train,known_environment_earlier_train,notflip,notflip/0004,3,ENV-01,training,35,2,28
ST,testing/notflip/0004_000000004,train,known_environment_earlier_train,notflip,notflip/0004,4,ENV-01,testing,35,3,28
ST,training/notflip/0004_000000005,train,known_environment_earlier_train,notflip,notflip/0004,5,ENV-01,training,35,4,28
ST,training/notflip/0004_000000006,train,known_environment_earlier_train,notflip,notflip/0004,6,ENV-01,training,35,5,28
ST,training/notflip/0004_000000007,train,known_environment_earlier_train,notflip,notflip/0004,7,ENV-01,training,35,6,28
ST,training/notflip/0004_000000008,train,known_environment_earlier_train,notflip,notflip/0004,8,ENV-01,training,35,7,28
ST,training/notflip/0004_000000009,train,known_environment_earlier_train,notflip,notflip/0004,9,ENV-01,training,35,8,28
ST,testing/notflip/0004_000000010,train,known_environment_earlier_train,notflip,notflip/0004,10,ENV-01,testing,35,9,28
ST,training/notflip/0004_000000011,train,known_environment_earlier_train,notflip,notflip/0004,11,ENV-01,training,35,10,28
ST,testing/notflip/0004_000000012,train,known_environment_earlier_train,notflip,notflip/0004,12,ENV-01,testing,35,11,28
ST,training/notflip/0004_000000013,train,known_environment_earlier_train,notflip,notflip/0004,13,ENV-01,training,35,12,28
ST,training/notflip/0004_000000014,train,known_environment_earlier_train,notflip,notflip/0004,14,ENV-01,training,35,13,28
ST,testing/notflip/0004_000000015,train,known_environment_earlier_train,notflip,notflip/0004,15,ENV-01,testing,35,14,28
ST,testing/notflip/0004_000000016,train,known_environment_earlier_train,notflip,notflip/0004,16,ENV-01,testing,35,15,28
ST,training/notflip/0004_000000017,train,known_environment_earlier_train,notflip,notflip/0004,17,ENV-01,training,35,16,28
ST,training/notflip/0004_000000018,train,known_environment_earlier_train,notflip,notflip/0004,18,ENV-01,training,35,17,28
ST,training/notflip/0004_000000019,train,known_environment_earlier_train,notflip,notflip/0004,19,ENV-01,training,35,18,28
ST,testing/notflip/0004_000000020,train,known_environment_earlier_train,notflip,notflip/0004,20,ENV-01,testing,35,19,28
ST,training/notflip/0004_000000021,train,known_environment_earlier_train,notflip,notflip/0004,21,ENV-01,training,35,20,28
ST,training/notflip/0004_000000022,train,known_environment_earlier_train,notflip,notflip/0004,22,ENV-01,training,35,21,28
ST,testing/notflip/0004_000000023,train,known_environment_earlier_train,notflip,notflip/0004,23,ENV-01,testing,35,22,28
ST,training/notflip/0004_000000024,train,known_environment_earlier_train,notflip,notflip/0004,24,ENV-01,training,35,23,28
ST,training/notflip/0004_000000025,train,known_environment_earlier_train,notflip,notflip/0004,25,ENV-01,training,35,24,28
ST,training/notflip/0004_000000026,train,known_environment_earlier_train,notflip,notflip/0004,26,ENV-01,training,35,25,28
ST,training/notflip/0004_000000027,train,known_environment_earlier_train,notflip,notflip/0004,27,ENV-01,training,35,26,28
ST,training/notflip/0004_000000028,train,known_environment_earlier_train,notflip,notflip/0004,28,ENV-01,training,35,27,28
ST,testing/notflip/0004_000000029,context,known_environment_later_context,notflip,notflip/0004,29,ENV-01,testing,35,28,28
ST,training/notflip/0004_000000030,context,known_environment_later_context,notflip,notflip/0004,30,ENV-01,training,35,29,28
ST,training/notflip/0004_000000031,context,known_environment_later_context,notflip,notflip/0004,31,ENV-01,training,35,30,28
ST,training/notflip/0004_000000032,context,known_environment_later_context,notflip,notflip/0004,32,ENV-01,training,35,31,28
ST,training/notflip/0004_000000033,context,known_environment_later_context,notflip,notflip/0004,33,ENV-01,training,35,32,28
ST,training/notflip/0004_000000034,context,known_environment_later_context,notflip,notflip/0004,34,ENV-01,training,35,33,28
ST,training/notflip/0004_000000035,context,known_environment_later_context,notflip,notflip/0004,35,ENV-01,training,35,34,28
ST,training/notflip/0005_000000001,train,known_environment_earlier_train,notflip,notflip/0005,1,ENV-01,training,30,0,24
ST,training/notflip/0005_000000002,train,known_environment_earlier_train,notflip,notflip/0005,2,ENV-01,training,30,1,24
ST,training/notflip/0005_000000003,train,known_environment_earlier_train,notflip,notflip/0005,3,ENV-01,training,30,2,24
ST,training/notflip/0005_000000004,train,known_environment_earlier_train,notflip,notflip/0005,4,ENV-01,training,30,3,24
ST,testing/notflip/0005_000000005,train,known_environment_earlier_train,notflip,notflip/0005,5,ENV-01,testing,30,4,24
ST,training/notflip/0005_000000006,train,known_environment_earlier_train,notflip,notflip/0005,6,ENV-01,training,30,5,24
ST,training/notflip/0005_000000007,train,known_environment_earlier_train,notflip,notflip/0005,7,ENV-01,training,30,6,24
ST,training/notflip/0005_000000008,train,known_environment_earlier_train,notflip,notflip/0005,8,ENV-01,training,30,7,24
ST,testing/notflip/0005_000000009,train,known_environment_earlier_train,notflip,notflip/0005,9,ENV-01,testing,30,8,24
ST,training/notflip/0005_000000010,train,known_environment_earlier_train,notflip,notflip/0005,10,ENV-01,training,30,9,24
ST,training/notflip/0005_000000011,train,known_environment_earlier_train,notflip,notflip/0005,11,ENV-01,training,30,10,24
ST,testing/notflip/0005_000000012,train,known_environment_earlier_train,notflip,notflip/0005,12,ENV-01,testing,30,11,24
ST,training/notflip/0005_000000013,train,known_environment_earlier_train,notflip,notflip/0005,13,ENV-01,training,30,12,24
ST,training/notflip/0005_000000014,train,known_environment_earlier_train,notflip,notflip/0005,14,ENV-01,training,30,13,24
ST,training/notflip/0005_000000015,train,known_environment_earlier_train,notflip,notflip/0005,15,ENV-01,training,30,14,24
ST,training/notflip/0005_000000016,train,known_environment_earlier_train,notflip,notflip/0005,16,ENV-01,training,30,15,24
ST,training/notflip/0005_000000017,train,known_environment_earlier_train,notflip,notflip/0005,17,ENV-01,training,30,16,24
ST,testing/notflip/0005_000000018,train,known_environment_earlier_train,notflip,notflip/0005,18,ENV-01,testing,30,17,24
ST,training/notflip/0005_000000019,train,known_environment_earlier_train,notflip,notflip/0005,19,ENV-01,training,30,18,24
ST,training/notflip/0005_000000020,train,known_environment_earlier_train,notflip,notflip/0005,20,ENV-01,training,30,19,24
ST,training/notflip/0005_000000021,train,known_environment_earlier_train,notflip,notflip/0005,21,ENV-01,training,30,20,24
ST,testing/notflip/0005_000000022,train,known_environment_earlier_train,notflip,notflip/0005,22,ENV-01,testing,30,21,24
ST,training/notflip/0005_000000023,train,known_environment_earlier_train,notflip,notflip/0005,23,ENV-01,training,30,22,24
ST,training/notflip/0005_000000024,train,known_environment_earlier_train,notflip,notflip/0005,24,ENV-01,training,30,23,24
ST,training/notflip/0005_000000025,context,known_environment_later_context,notflip,notflip/0005,25,ENV-01,training,30,24,24
ST,training/notflip/0005_000000026,context,known_environment_later_context,notflip,notflip/0005,26,ENV-01,training,30,25,24
ST,training/notflip/0005_000000027,context,known_environment_later_context,notflip,notflip/0005,27,ENV-01,training,30,26,24
ST,training/notflip/0005_000000028,context,known_environment_later_context,notflip,notflip/0005,28,ENV-01,training,30,27,24
ST,training/notflip/0005_000000029,context,known_environment_later_context,notflip,notflip/0005,29,ENV-01,training,30,28,24
ST,training/notflip/0005_000000030,context,known_environment_later_context,notflip,notflip/0005,30,ENV-01,training,30,29,24
ST,training/notflip/0006_000000001,train,known_environment_earlier_train,notflip,notflip/0006,1,ENV-01,training,30,0,24
ST,training/notflip/0006_000000002,train,known_environment_earlier_train,notflip,notflip/0006,2,ENV-01,training,30,1,24
ST,training/notflip/0006_000000003,train,known_environment_earlier_train,notflip,notflip/0006,3,ENV-01,training,30,2,24
ST,training/notflip/0006_000000004,train,known_environment_earlier_train,notflip,notflip/0006,4,ENV-01,training,30,3,24
ST,training/notflip/0006_000000005,train,known_environment_earlier_train,notflip,notflip/0006,5,ENV-01,training,30,4,24
ST,training/notflip/0006_000000006,train,known_environment_earlier_train,notflip,notflip/0006,6,ENV-01,training,30,5,24
ST,training/notflip/0006_000000007,train,known_environment_earlier_train,notflip,notflip/0006,7,ENV-01,training,30,6,24
ST,training/notflip/0006_000000008,train,known_environment_earlier_train,notflip,notflip/0006,8,ENV-01,training,30,7,24
ST,testing/notflip/0006_000000009,train,known_environment_earlier_train,notflip,notflip/0006,9,ENV-01,testing,30,8,24
ST,training/notflip/0006_000000010,train,known_environment_earlier_train,notflip,notflip/0006,10,ENV-01,training,30,9,24
ST,training/notflip/0006_000000011,train,known_environment_earlier_train,notflip,notflip/0006,11,ENV-01,training,30,10,24
ST,training/notflip/0006_000000012,train,known_environment_earlier_train,notflip,notflip/0006,12,ENV-01,training,30,11,24
ST,training/notflip/0006_000000013,train,known_environment_earlier_train,notflip,notflip/0006,13,ENV-01,training,30,12,24
ST,training/notflip/0006_000000014,train,known_environment_earlier_train,notflip,notflip/0006,14,ENV-01,training,30,13,24
ST,testing/notflip/0006_000000015,train,known_environment_earlier_train,notflip,notflip/0006,15,ENV-01,testing,30,14,24
ST,testing/notflip/0006_000000016,train,known_environment_earlier_train,notflip,notflip/0006,16,ENV-01,testing,30,15,24
ST,training/notflip/0006_000000017,train,known_environment_earlier_train,notflip,notflip/0006,17,ENV-01,training,30,16,24
ST,training/notflip/0006_000000018,train,known_environment_earlier_train,notflip,notflip/0006,18,ENV-01,training,30,17,24
ST,testing/notflip/0006_000000019,train,known_environment_earlier_train,notflip,notflip/0006,19,ENV-01,testing,30,18,24
ST,training/notflip/0006_000000020,train,known_environment_earlier_train,notflip,notflip/0006,20,ENV-01,training,30,19,24
ST,testing/notflip/0006_000000021,train,known_environment_earlier_train,notflip,notflip/0006,21,ENV-01,testing,30,20,24
ST,training/notflip/0006_000000022,train,known_environment_earlier_train,notflip,notflip/0006,22,ENV-01,training,30,21,24
ST,testing/notflip/0006_000000023,train,known_environment_earlier_train,notflip,notflip/0006,23,ENV-01,testing,30,22,24
ST,training/notflip/0006_000000024,train,known_environment_earlier_train,notflip,notflip/0006,24,ENV-01,training,30,23,24
ST,testing/notflip/0006_000000025,context,known_environment_later_context,notflip,notflip/0006,25,ENV-01,testing,30,24,24
ST,training/notflip/0006_000000026,context,known_environment_later_context,notflip,notflip/0006,26,ENV-01,training,30,25,24
ST,testing/notflip/0006_000000027,context,known_environment_later_context,notflip,notflip/0006,27,ENV-01,testing,30,26,24
ST,testing/notflip/0006_000000028,context,known_environment_later_context,notflip,notflip/0006,28,ENV-01,testing,30,27,24
ST,testing/notflip/0006_000000029,context,known_environment_later_context,notflip,notflip/0006,29,ENV-01,testing,30,28,24
ST,training/notflip/0006_000000030,context,known_environment_later_context,notflip,notflip/0006,30,ENV-01,training,30,29,24
ST,training/notflip/0007_000000001,train,known_environment_earlier_train,notflip,notflip/0007,1,ENV-01,training,30,0,24
ST,training/notflip/0007_000000002,train,known_environment_earlier_train,notflip,notflip/0007,2,ENV-01,training,30,1,24
ST,training/notflip/0007_000000003,train,known_environment_earlier_train,notflip,notflip/0007,3,ENV-01,training,30,2,24
ST,training/notflip/0007_000000004,train,known_environment_earlier_train,notflip,notflip/0007,4,ENV-01,training,30,3,24
ST,training/notflip/0007_000000005,train,known_environment_earlier_train,notflip,notflip/0007,5,ENV-01,training,30,4,24
ST,training/notflip/0007_000000006,train,known_environment_earlier_train,notflip,notflip/0007,6,ENV-01,training,30,5,24
ST,training/notflip/0007_000000007,train,known_environment_earlier_train,notflip,notflip/0007,7,ENV-01,training,30,6,24
ST,training/notflip/0007_000000008,train,known_environment_earlier_train,notflip,notflip/0007,8,ENV-01,training,30,7,24
ST,training/notflip/0007_000000009,train,known_environment_earlier_train,notflip,notflip/0007,9,ENV-01,training,30,8,24
ST,testing/notflip/0007_000000010,train,known_environment_earlier_train,notflip,notflip/0007,10,ENV-01,testing,30,9,24
ST,training/notflip/0007_000000011,train,known_environment_earlier_train,notflip,notflip/0007,11,ENV-01,training,30,10,24
ST,training/notflip/0007_000000012,train,known_environment_earlier_train,notflip,notflip/0007,12,ENV-01,training,30,11,24
ST,training/notflip/0007_000000013,train,known_environment_earlier_train,notflip,notflip/0007,13,ENV-01,training,30,12,24
ST,training/notflip/0007_000000014,train,known_environment_earlier_train,notflip,notflip/0007,14,ENV-01,training,30,13,24
ST,training/notflip/0007_000000015,train,known_environment_earlier_train,notflip,notflip/0007,15,ENV-01,training,30,14,24
ST,training/notflip/0007_000000016,train,known_environment_earlier_train,notflip,notflip/0007,16,ENV-01,training,30,15,24
ST,training/notflip/0007_000000017,train,known_environment_earlier_train,notflip,notflip/0007,17,ENV-01,training,30,16,24
ST,training/notflip/0007_000000018,train,known_environment_earlier_train,notflip,notflip/0007,18,ENV-01,training,30,17,24
ST,training/notflip/0007_000000019,train,known_environment_earlier_train,notflip,notflip/0007,19,ENV-01,training,30,18,24
ST,training/notflip/0007_000000020,train,known_environment_earlier_train,notflip,notflip/0007,20,ENV-01,training,30,19,24
ST,training/notflip/0007_000000021,train,known_environment_earlier_train,notflip,notflip/0007,21,ENV-01,training,30,20,24
ST,training/notflip/0007_000000022,train,known_environment_earlier_train,notflip,notflip/0007,22,ENV-01,training,30,21,24
ST,training/notflip/0007_000000023,train,known_environment_earlier_train,notflip,notflip/0007,23,ENV-01,training,30,22,24
ST,training/notflip/0007_000000024,train,known_environment_earlier_train,notflip,notflip/0007,24,ENV-01,training,30,23,24
ST,testing/notflip/0007_000000025,context,known_environment_later_context,notflip,notflip/0007,25,ENV-01,testing,30,24,24
ST,training/notflip/0007_000000026,context,known_environment_later_context,notflip,notflip/0007,26,ENV-01,training,30,25,24
ST,training/notflip/0007_000000027,context,known_environment_later_context,notflip,notflip/0007,27,ENV-01,training,30,26,24
ST,training/notflip/0007_000000028,context,known_environment_later_context,notflip,notflip/0007,28,ENV-01,training,30,27,24
ST,training/notflip/0007_000000029,context,known_environment_later_context,notflip,notflip/0007,29,ENV-01,training,30,28,24
ST,training/notflip/0007_000000030,context,known_environment_later_context,notflip,notflip/0007,30,ENV-01,training,30,29,24
ST,training/notflip/0008_000000001,train,known_environment_earlier_train,notflip,notflip/0008,1,ENV-01,training,30,0,24
ST,training/notflip/0008_000000002,train,known_environment_earlier_train,notflip,notflip/0008,2,ENV-01,training,30,1,24
ST,training/notflip/0008_000000003,train,known_environment_earlier_train,notflip,notflip/0008,3,ENV-01,training,30,2,24
ST,training/notflip/0008_000000004,train,known_environment_earlier_train,notflip,notflip/0008,4,ENV-01,training,30,3,24
ST,training/notflip/0008_000000005,train,known_environment_earlier_train,notflip,notflip/0008,5,ENV-01,training,30,4,24
ST,training/notflip/0008_000000006,train,known_environment_earlier_train,notflip,notflip/0008,6,ENV-01,training,30,5,24
ST,training/notflip/0008_000000007,train,known_environment_earlier_train,notflip,notflip/0008,7,ENV-01,training,30,6,24
ST,testing/notflip/0008_000000008,train,known_environment_earlier_train,notflip,notflip/0008,8,ENV-01,testing,30,7,24
ST,testing/notflip/0008_000000009,train,known_environment_earlier_train,notflip,notflip/0008,9,ENV-01,testing,30,8,24
ST,training/notflip/0008_000000010,train,known_environment_earlier_train,notflip,notflip/0008,10,ENV-01,training,30,9,24
ST,training/notflip/0008_000000011,train,known_environment_earlier_train,notflip,notflip/0008,11,ENV-01,training,30,10,24
ST,testing/notflip/0008_000000012,train,known_environment_earlier_train,notflip,notflip/0008,12,ENV-01,testing,30,11,24
ST,testing/notflip/0008_000000013,train,known_environment_earlier_train,notflip,notflip/0008,13,ENV-01,testing,30,12,24
ST,training/notflip/0008_000000014,train,known_environment_earlier_train,notflip,notflip/0008,14,ENV-01,training,30,13,24
ST,training/notflip/0008_000000015,train,known_environment_earlier_train,notflip,notflip/0008,15,ENV-01,training,30,14,24
ST,training/notflip/0008_000000016,train,known_environment_earlier_train,notflip,notflip/0008,16,ENV-01,training,30,15,24
ST,training/notflip/0008_000000017,train,known_environment_earlier_train,notflip,notflip/0008,17,ENV-01,training,30,16,24
ST,training/notflip/0008_000000018,train,known_environment_earlier_train,notflip,notflip/0008,18,ENV-01,training,30,17,24
ST,training/notflip/0008_000000019,train,known_environment_earlier_train,notflip,notflip/0008,19,ENV-01,training,30,18,24
ST,testing/notflip/0008_000000020,train,known_environment_earlier_train,notflip,notflip/0008,20,ENV-01,testing,30,19,24
ST,training/notflip/0008_000000021,train,known_environment_earlier_train,notflip,notflip/0008,21,ENV-01,training,30,20,24
ST,training/notflip/0008_000000022,train,known_environment_earlier_train,notflip,notflip/0008,22,ENV-01,training,30,21,24
ST,testing/notflip/0008_000000023,train,known_environment_earlier_train,notflip,notflip/0008,23,ENV-01,testing,30,22,24
ST,training/notflip/0008_000000024,train,known_environment_earlier_train,notflip,notflip/0008,24,ENV-01,training,30,23,24
ST,training/notflip/0008_000000025,context,known_environment_later_context,notflip,notflip/0008,25,ENV-01,training,30,24,24
ST,training/notflip/0008_000000026,context,known_environment_later_context,notflip,notflip/0008,26,ENV-01,training,30,25,24
ST,training/notflip/0008_000000027,context,known_environment_later_context,notflip,notflip/0008,27,ENV-01,training,30,26,24
ST,training/notflip/0008_000000028,context,known_environment_later_context,notflip,notflip/0008,28,ENV-01,training,30,27,24
ST,training/notflip/0008_000000029,context,known_environment_later_context,notflip,notflip/0008,29,ENV-01,training,30,28,24
ST,training/notflip/0008_000000030,context,known_environment_later_context,notflip,notflip/0008,30,ENV-01,training,30,29,24
ST,training/notflip/0009_000000001,train,known_environment_earlier_train,notflip,notflip/0009,1,ENV-01,training,30,0,24
ST,testing/notflip/0009_000000002,train,known_environment_earlier_train,notflip,notflip/0009,2,ENV-01,testing,30,1,24
ST,testing/notflip/0009_000000003,train,known_environment_earlier_train,notflip,notflip/0009,3,ENV-01,testing,30,2,24
ST,testing/notflip/0009_000000004,train,known_environment_earlier_train,notflip,notflip/0009,4,ENV-01,testing,30,3,24
ST,testing/notflip/0009_000000005,train,known_environment_earlier_train,notflip,notflip/0009,5,ENV-01,testing,30,4,24
ST,training/notflip/0009_000000006,train,known_environment_earlier_train,notflip,notflip/0009,6,ENV-01,training,30,5,24
ST,training/notflip/0009_000000007,train,known_environment_earlier_train,notflip,notflip/0009,7,ENV-01,training,30,6,24
ST,training/notflip/0009_000000008,train,known_environment_earlier_train,notflip,notflip/0009,8,ENV-01,training,30,7,24
ST,training/notflip/0009_000000009,train,known_environment_earlier_train,notflip,notflip/0009,9,ENV-01,training,30,8,24
ST,training/notflip/0009_000000010,train,known_environment_earlier_train,notflip,notflip/0009,10,ENV-01,training,30,9,24
ST,training/notflip/0009_000000011,train,known_environment_earlier_train,notflip,notflip/0009,11,ENV-01,training,30,10,24
ST,testing/notflip/0009_000000012,train,known_environment_earlier_train,notflip,notflip/0009,12,ENV-01,testing,30,11,24
ST,training/notflip/0009_000000013,train,known_environment_earlier_train,notflip,notflip/0009,13,ENV-01,training,30,12,24
ST,training/notflip/0009_000000014,train,known_environment_earlier_train,notflip,notflip/0009,14,ENV-01,training,30,13,24
ST,testing/notflip/0009_000000015,train,known_environment_earlier_train,notflip,notflip/0009,15,ENV-01,testing,30,14,24
ST,training/notflip/0009_000000016,train,known_environment_earlier_train,notflip,notflip/0009,16,ENV-01,training,30,15,24
ST,testing/notflip/0009_000000017,train,known_environment_earlier_train,notflip,notflip/0009,17,ENV-01,testing,30,16,24
ST,training/notflip/0009_000000018,train,known_environment_earlier_train,notflip,notflip/0009,18,ENV-01,training,30,17,24
ST,training/notflip/0009_000000019,train,known_environment_earlier_train,notflip,notflip/0009,19,ENV-01,training,30,18,24
ST,training/notflip/0009_000000020,train,known_environment_earlier_train,notflip,notflip/0009,20,ENV-01,training,30,19,24
ST,training/notflip/0009_000000021,train,known_environment_earlier_train,notflip,notflip/0009,21,ENV-01,training,30,20,24
ST,training/notflip/0009_000000022,train,known_environment_earlier_train,notflip,notflip/0009,22,ENV-01,training,30,21,24
ST,training/notflip/0009_000000023,train,known_environment_earlier_train,notflip,notflip/0009,23,ENV-01,training,30,22,24
ST,training/notflip/0009_000000024,train,known_environment_earlier_train,notflip,notflip/0009,24,ENV-01,training,30,23,24
ST,training/notflip/0009_000000025,context,known_environment_later_context,notflip,notflip/0009,25,ENV-01,training,30,24,24
ST,training/notflip/0009_000000026,context,known_environment_later_context,notflip,notflip/0009,26,ENV-01,training,30,25,24
ST,testing/notflip/0009_000000027,context,known_environment_later_context,notflip,notflip/0009,27,ENV-01,testing,30,26,24
ST,training/notflip/0009_000000028,context,known_environment_later_context,notflip,notflip/0009,28,ENV-01,training,30,27,24
ST,training/notflip/0009_000000029,context,known_environment_later_context,notflip,notflip/0009,29,ENV-01,training,30,28,24
ST,training/notflip/0009_000000030,context,known_environment_later_context,notflip,notflip/0009,30,ENV-01,training,30,29,24
ST,training/notflip/0010_000000001,train,known_environment_earlier_train,notflip,notflip/0010,1,ENV-01,training,30,0,24
ST,training/notflip/0010_000000002,train,known_environment_earlier_train,notflip,notflip/0010,2,ENV-01,training,30,1,24
ST,training/notflip/0010_000000003,train,known_environment_earlier_train,notflip,notflip/0010,3,ENV-01,training,30,2,24
ST,training/notflip/0010_000000004,train,known_environment_earlier_train,notflip,notflip/0010,4,ENV-01,training,30,3,24
ST,training/notflip/0010_000000005,train,known_environment_earlier_train,notflip,notflip/0010,5,ENV-01,training,30,4,24
ST,training/notflip/0010_000000006,train,known_environment_earlier_train,notflip,notflip/0010,6,ENV-01,training,30,5,24
ST,testing/notflip/0010_000000007,train,known_environment_earlier_train,notflip,notflip/0010,7,ENV-01,testing,30,6,24
ST,training/notflip/0010_000000008,train,known_environment_earlier_train,notflip,notflip/0010,8,ENV-01,training,30,7,24
ST,testing/notflip/0010_000000009,train,known_environment_earlier_train,notflip,notflip/0010,9,ENV-01,testing,30,8,24
ST,training/notflip/0010_000000010,train,known_environment_earlier_train,notflip,notflip/0010,10,ENV-01,training,30,9,24
ST,training/notflip/0010_000000011,train,known_environment_earlier_train,notflip,notflip/0010,11,ENV-01,training,30,10,24
ST,training/notflip/0010_000000012,train,known_environment_earlier_train,notflip,notflip/0010,12,ENV-01,training,30,11,24
ST,training/notflip/0010_000000013,train,known_environment_earlier_train,notflip,notflip/0010,13,ENV-01,training,30,12,24
ST,training/notflip/0010_000000014,train,known_environment_earlier_train,notflip,notflip/0010,14,ENV-01,training,30,13,24
ST,training/notflip/0010_000000015,train,known_environment_earlier_train,notflip,notflip/0010,15,ENV-01,training,30,14,24
ST,training/notflip/0010_000000016,train,known_environment_earlier_train,notflip,notflip/0010,16,ENV-01,training,30,15,24
ST,training/notflip/0010_000000017,train,known_environment_earlier_train,notflip,notflip/0010,17,ENV-01,training,30,16,24
ST,training/notflip/0010_000000018,train,known_environment_earlier_train,notflip,notflip/0010,18,ENV-01,training,30,17,24
ST,training/notflip/0010_000000019,train,known_environment_earlier_train,notflip,notflip/0010,19,ENV-01,training,30,18,24
ST,training/notflip/0010_000000020,train,known_environment_earlier_train,notflip,notflip/0010,20,ENV-01,training,30,19,24
ST,training/notflip/0010_000000021,train,known_environment_earlier_train,notflip,notflip/0010,21,ENV-01,training,30,20,24
ST,training/notflip/0010_000000022,train,known_environment_earlier_train,notflip,notflip/0010,22,ENV-01,training,30,21,24
ST,training/notflip/0010_000000023,train,known_environment_earlier_train,notflip,notflip/0010,23,ENV-01,training,30,22,24
ST,training/notflip/0010_000000024,train,known_environment_earlier_train,notflip,notflip/0010,24,ENV-01,training,30,23,24
ST,training/notflip/0010_000000025,context,known_environment_later_context,notflip,notflip/0010,25,ENV-01,training,30,24,24
ST,testing/notflip/0010_000000026,context,known_environment_later_context,notflip,notflip/0010,26,ENV-01,testing,30,25,24
ST,training/notflip/0010_000000027,context,known_environment_later_context,notflip,notflip/0010,27,ENV-01,training,30,26,24
ST,training/notflip/0010_000000028,context,known_environment_later_context,notflip,notflip/0010,28,ENV-01,training,30,27,24
ST,training/notflip/0010_000000029,context,known_environment_later_context,notflip,notflip/0010,29,ENV-01,training,30,28,24
ST,training/notflip/0010_000000030,context,known_environment_later_context,notflip,notflip/0010,30,ENV-01,training,30,29,24
ST,training/notflip/0011_000000001,train,known_environment_earlier_train,notflip,notflip/0011,1,ENV-01,training,30,0,24
ST,training/notflip/0011_000000002,train,known_environment_earlier_train,notflip,notflip/0011,2,ENV-01,training,30,1,24
ST,training/notflip/0011_000000003,train,known_environment_earlier_train,notflip,notflip/0011,3,ENV-01,training,30,2,24
ST,training/notflip/0011_000000004,train,known_environment_earlier_train,notflip,notflip/0011,4,ENV-01,training,30,3,24
ST,training/notflip/0011_000000005,train,known_environment_earlier_train,notflip,notflip/0011,5,ENV-01,training,30,4,24
ST,training/notflip/0011_000000006,train,known_environment_earlier_train,notflip,notflip/0011,6,ENV-01,training,30,5,24
ST,training/notflip/0011_000000007,train,known_environment_earlier_train,notflip,notflip/0011,7,ENV-01,training,30,6,24
ST,training/notflip/0011_000000008,train,known_environment_earlier_train,notflip,notflip/0011,8,ENV-01,training,30,7,24
ST,training/notflip/0011_000000009,train,known_environment_earlier_train,notflip,notflip/0011,9,ENV-01,training,30,8,24
ST,training/notflip/0011_000000010,train,known_environment_earlier_train,notflip,notflip/0011,10,ENV-01,training,30,9,24
ST,training/notflip/0011_000000011,train,known_environment_earlier_train,notflip,notflip/0011,11,ENV-01,training,30,10,24
ST,training/notflip/0011_000000012,train,known_environment_earlier_train,notflip,notflip/0011,12,ENV-01,training,30,11,24
ST,training/notflip/0011_000000013,train,known_environment_earlier_train,notflip,notflip/0011,13,ENV-01,training,30,12,24
ST,training/notflip/0011_000000014,train,known_environment_earlier_train,notflip,notflip/0011,14,ENV-01,training,30,13,24
ST,training/notflip/0011_000000015,train,known_environment_earlier_train,notflip,notflip/0011,15,ENV-01,training,30,14,24
ST,training/notflip/0011_000000016,train,known_environment_earlier_train,notflip,notflip/0011,16,ENV-01,training,30,15,24
ST,testing/notflip/0011_000000017,train,known_environment_earlier_train,notflip,notflip/0011,17,ENV-01,testing,30,16,24
ST,testing/notflip/0011_000000018,train,known_environment_earlier_train,notflip,notflip/0011,18,ENV-01,testing,30,17,24
ST,training/notflip/0011_000000019,train,known_environment_earlier_train,notflip,notflip/0011,19,ENV-01,training,30,18,24
ST,training/notflip/0011_000000020,train,known_environment_earlier_train,notflip,notflip/0011,20,ENV-01,training,30,19,24
ST,training/notflip/0011_000000021,train,known_environment_earlier_train,notflip,notflip/0011,21,ENV-01,training,30,20,24
ST,training/notflip/0011_000000022,train,known_environment_earlier_train,notflip,notflip/0011,22,ENV-01,training,30,21,24
ST,training/notflip/0011_000000023,train,known_environment_earlier_train,notflip,notflip/0011,23,ENV-01,training,30,22,24
ST,training/notflip/0011_000000024,train,known_environment_earlier_train,notflip,notflip/0011,24,ENV-01,training,30,23,24
ST,training/notflip/0011_000000025,context,known_environment_later_context,notflip,notflip/0011,25,ENV-01,training,30,24,24
ST,training/notflip/0011_000000026,context,known_environment_later_context,notflip,notflip/0011,26,ENV-01,training,30,25,24
ST,testing/notflip/0011_000000027,context,known_environment_later_context,notflip,notflip/0011,27,ENV-01,testing,30,26,24
ST,training/notflip/0011_000000028,context,known_environment_later_context,notflip,notflip/0011,28,ENV-01,training,30,27,24
ST,training/notflip/0011_000000029,context,known_environment_later_context,notflip,notflip/0011,29,ENV-01,training,30,28,24
ST,training/notflip/0011_000000030,context,known_environment_later_context,notflip,notflip/0011,30,ENV-01,training,30,29,24
ST,training/notflip/0015_000000001,train,known_environment_earlier_train,notflip,notflip/0015,1,ENV-02,training,30,0,24
ST,testing/notflip/0015_000000002,train,known_environment_earlier_train,notflip,notflip/0015,2,ENV-02,testing,30,1,24
ST,testing/notflip/0015_000000003,train,known_environment_earlier_train,notflip,notflip/0015,3,ENV-02,testing,30,2,24
ST,testing/notflip/0015_000000004,train,known_environment_earlier_train,notflip,notflip/0015,4,ENV-02,testing,30,3,24
ST,testing/notflip/0015_000000005,train,known_environment_earlier_train,notflip,notflip/0015,5,ENV-02,testing,30,4,24
ST,training/notflip/0015_000000006,train,known_environment_earlier_train,notflip,notflip/0015,6,ENV-02,training,30,5,24
ST,training/notflip/0015_000000007,train,known_environment_earlier_train,notflip,notflip/0015,7,ENV-02,training,30,6,24
ST,training/notflip/0015_000000008,train,known_environment_earlier_train,notflip,notflip/0015,8,ENV-02,training,30,7,24
ST,training/notflip/0015_000000009,train,known_environment_earlier_train,notflip,notflip/0015,9,ENV-02,training,30,8,24
ST,training/notflip/0015_000000010,train,known_environment_earlier_train,notflip,notflip/0015,10,ENV-02,training,30,9,24
ST,training/notflip/0015_000000011,train,known_environment_earlier_train,notflip,notflip/0015,11,ENV-02,training,30,10,24
ST,training/notflip/0015_000000012,train,known_environment_earlier_train,notflip,notflip/0015,12,ENV-02,training,30,11,24
ST,training/notflip/0015_000000013,train,known_environment_earlier_train,notflip,notflip/0015,13,ENV-02,training,30,12,24
ST,training/notflip/0015_000000014,train,known_environment_earlier_train,notflip,notflip/0015,14,ENV-02,training,30,13,24
ST,training/notflip/0015_000000015,train,known_environment_earlier_train,notflip,notflip/0015,15,ENV-02,training,30,14,24
ST,training/notflip/0015_000000016,train,known_environment_earlier_train,notflip,notflip/0015,16,ENV-02,training,30,15,24
ST,training/notflip/0015_000000017,train,known_environment_earlier_train,notflip,notflip/0015,17,ENV-02,training,30,16,24
ST,testing/notflip/0015_000000018,train,known_environment_earlier_train,notflip,notflip/0015,18,ENV-02,testing,30,17,24
ST,training/notflip/0015_000000019,train,known_environment_earlier_train,notflip,notflip/0015,19,ENV-02,training,30,18,24
ST,training/notflip/0015_000000020,train,known_environment_earlier_train,notflip,notflip/0015,20,ENV-02,training,30,19,24
ST,testing/notflip/0015_000000021,train,known_environment_earlier_train,notflip,notflip/0015,21,ENV-02,testing,30,20,24
ST,training/notflip/0015_000000022,train,known_environment_earlier_train,notflip,notflip/0015,22,ENV-02,training,30,21,24
ST,training/notflip/0015_000000023,train,known_environment_earlier_train,notflip,notflip/0015,23,ENV-02,training,30,22,24
ST,training/notflip/0015_000000024,train,known_environment_earlier_train,notflip,notflip/0015,24,ENV-02,training,30,23,24
ST,training/notflip/0015_000000025,context,known_environment_later_context,notflip,notflip/0015,25,ENV-02,training,30,24,24
ST,training/notflip/0015_000000026,context,known_environment_later_context,notflip,notflip/0015,26,ENV-02,training,30,25,24
ST,training/notflip/0015_000000027,context,known_environment_later_context,notflip,notflip/0015,27,ENV-02,training,30,26,24
ST,training/notflip/0015_000000028,context,known_environment_later_context,notflip,notflip/0015,28,ENV-02,training,30,27,24
ST,training/notflip/0015_000000029,context,known_environment_later_context,notflip,notflip/0015,29,ENV-02,training,30,28,24
ST,training/notflip/0015_000000030,context,known_environment_later_context,notflip,notflip/0015,30,ENV-02,training,30,29,24
ST,testing/notflip/0016_000000001,train,known_environment_earlier_train,notflip,notflip/0016,1,ENV-02,testing,25,0,20
ST,training/notflip/0016_000000002,train,known_environment_earlier_train,notflip,notflip/0016,2,ENV-02,training,25,1,20
ST,training/notflip/0016_000000003,train,known_environment_earlier_train,notflip,notflip/0016,3,ENV-02,training,25,2,20
ST,training/notflip/0016_000000004,train,known_environment_earlier_train,notflip,notflip/0016,4,ENV-02,training,25,3,20
ST,training/notflip/0016_000000005,train,known_environment_earlier_train,notflip,notflip/0016,5,ENV-02,training,25,4,20
ST,training/notflip/0016_000000006,train,known_environment_earlier_train,notflip,notflip/0016,6,ENV-02,training,25,5,20
ST,training/notflip/0016_000000007,train,known_environment_earlier_train,notflip,notflip/0016,7,ENV-02,training,25,6,20
ST,training/notflip/0016_000000008,train,known_environment_earlier_train,notflip,notflip/0016,8,ENV-02,training,25,7,20
ST,training/notflip/0016_000000009,train,known_environment_earlier_train,notflip,notflip/0016,9,ENV-02,training,25,8,20
ST,training/notflip/0016_000000010,train,known_environment_earlier_train,notflip,notflip/0016,10,ENV-02,training,25,9,20
ST,training/notflip/0016_000000011,train,known_environment_earlier_train,notflip,notflip/0016,11,ENV-02,training,25,10,20
ST,training/notflip/0016_000000012,train,known_environment_earlier_train,notflip,notflip/0016,12,ENV-02,training,25,11,20
ST,training/notflip/0016_000000013,train,known_environment_earlier_train,notflip,notflip/0016,13,ENV-02,training,25,12,20
ST,testing/notflip/0016_000000014,train,known_environment_earlier_train,notflip,notflip/0016,14,ENV-02,testing,25,13,20
ST,training/notflip/0016_000000015,train,known_environment_earlier_train,notflip,notflip/0016,15,ENV-02,training,25,14,20
ST,training/notflip/0016_000000016,train,known_environment_earlier_train,notflip,notflip/0016,16,ENV-02,training,25,15,20
ST,training/notflip/0016_000000017,train,known_environment_earlier_train,notflip,notflip/0016,17,ENV-02,training,25,16,20
ST,training/notflip/0016_000000018,train,known_environment_earlier_train,notflip,notflip/0016,18,ENV-02,training,25,17,20
ST,training/notflip/0016_000000019,train,known_environment_earlier_train,notflip,notflip/0016,19,ENV-02,training,25,18,20
ST,testing/notflip/0016_000000020,train,known_environment_earlier_train,notflip,notflip/0016,20,ENV-02,testing,25,19,20
ST,training/notflip/0016_000000021,context,known_environment_later_context,notflip,notflip/0016,21,ENV-02,training,25,20,20
ST,training/notflip/0016_000000022,context,known_environment_later_context,notflip,notflip/0016,22,ENV-02,training,25,21,20
ST,testing/notflip/0016_000000023,context,known_environment_later_context,notflip,notflip/0016,23,ENV-02,testing,25,22,20
ST,training/notflip/0016_000000024,context,known_environment_later_context,notflip,notflip/0016,24,ENV-02,training,25,23,20
ST,testing/notflip/0016_000000025,context,known_environment_later_context,notflip,notflip/0016,25,ENV-02,testing,25,24,20
ST,training/notflip/0019_000000001,train,known_environment_earlier_train,notflip,notflip/0019,1,ENV-02,training,30,0,24
ST,testing/notflip/0019_000000002,train,known_environment_earlier_train,notflip,notflip/0019,2,ENV-02,testing,30,1,24
ST,training/notflip/0019_000000003,train,known_environment_earlier_train,notflip,notflip/0019,3,ENV-02,training,30,2,24
ST,testing/notflip/0019_000000004,train,known_environment_earlier_train,notflip,notflip/0019,4,ENV-02,testing,30,3,24
ST,training/notflip/0019_000000005,train,known_environment_earlier_train,notflip,notflip/0019,5,ENV-02,training,30,4,24
ST,training/notflip/0019_000000006,train,known_environment_earlier_train,notflip,notflip/0019,6,ENV-02,training,30,5,24
ST,training/notflip/0019_000000007,train,known_environment_earlier_train,notflip,notflip/0019,7,ENV-02,training,30,6,24
ST,training/notflip/0019_000000008,train,known_environment_earlier_train,notflip,notflip/0019,8,ENV-02,training,30,7,24
ST,training/notflip/0019_000000009,train,known_environment_earlier_train,notflip,notflip/0019,9,ENV-02,training,30,8,24
ST,training/notflip/0019_000000010,train,known_environment_earlier_train,notflip,notflip/0019,10,ENV-02,training,30,9,24
ST,training/notflip/0019_000000011,train,known_environment_earlier_train,notflip,notflip/0019,11,ENV-02,training,30,10,24
ST,testing/notflip/0019_000000012,train,known_environment_earlier_train,notflip,notflip/0019,12,ENV-02,testing,30,11,24
ST,training/notflip/0019_000000013,train,known_environment_earlier_train,notflip,notflip/0019,13,ENV-02,training,30,12,24
ST,training/notflip/0019_000000014,train,known_environment_earlier_train,notflip,notflip/0019,14,ENV-02,training,30,13,24
ST,testing/notflip/0019_000000015,train,known_environment_earlier_train,notflip,notflip/0019,15,ENV-02,testing,30,14,24
ST,training/notflip/0019_000000016,train,known_environment_earlier_train,notflip,notflip/0019,16,ENV-02,training,30,15,24
ST,training/notflip/0019_000000017,train,known_environment_earlier_train,notflip,notflip/0019,17,ENV-02,training,30,16,24
ST,training/notflip/0019_000000018,train,known_environment_earlier_train,notflip,notflip/0019,18,ENV-02,training,30,17,24
ST,training/notflip/0019_000000019,train,known_environment_earlier_train,notflip,notflip/0019,19,ENV-02,training,30,18,24
ST,training/notflip/0019_000000020,train,known_environment_earlier_train,notflip,notflip/0019,20,ENV-02,training,30,19,24
ST,training/notflip/0019_000000021,train,known_environment_earlier_train,notflip,notflip/0019,21,ENV-02,training,30,20,24
ST,training/notflip/0019_000000022,train,known_environment_earlier_train,notflip,notflip/0019,22,ENV-02,training,30,21,24
ST,training/notflip/0019_000000023,train,known_environment_earlier_train,notflip,notflip/0019,23,ENV-02,training,30,22,24
ST,testing/notflip/0019_000000024,train,known_environment_earlier_train,notflip,notflip/0019,24,ENV-02,testing,30,23,24
ST,testing/notflip/0019_000000025,context,known_environment_later_context,notflip,notflip/0019,25,ENV-02,testing,30,24,24
ST,training/notflip/0019_000000026,context,known_environment_later_context,notflip,notflip/0019,26,ENV-02,training,30,25,24
ST,testing/notflip/0019_000000027,context,known_environment_later_context,notflip,notflip/0019,27,ENV-02,testing,30,26,24
ST,training/notflip/0019_000000028,context,known_environment_later_context,notflip,notflip/0019,28,ENV-02,training,30,27,24
ST,training/notflip/0019_000000029,context,known_environment_later_context,notflip,notflip/0019,29,ENV-02,training,30,28,24
ST,training/notflip/0019_000000030,context,known_environment_later_context,notflip,notflip/0019,30,ENV-02,training,30,29,24
ST,training/notflip/0020_000000001,train,known_environment_earlier_train,notflip,notflip/0020,1,ENV-02,training,21,0,16
ST,training/notflip/0020_000000002,train,known_environment_earlier_train,notflip,notflip/0020,2,ENV-02,training,21,1,16
ST,training/notflip/0020_000000003,train,known_environment_earlier_train,notflip,notflip/0020,3,ENV-02,training,21,2,16
ST,testing/notflip/0020_000000004,train,known_environment_earlier_train,notflip,notflip/0020,4,ENV-02,testing,21,3,16
ST,training/notflip/0020_000000005,train,known_environment_earlier_train,notflip,notflip/0020,5,ENV-02,training,21,4,16
ST,training/notflip/0020_000000006,train,known_environment_earlier_train,notflip,notflip/0020,6,ENV-02,training,21,5,16
ST,training/notflip/0020_000000007,train,known_environment_earlier_train,notflip,notflip/0020,7,ENV-02,training,21,6,16
ST,training/notflip/0020_000000008,train,known_environment_earlier_train,notflip,notflip/0020,8,ENV-02,training,21,7,16
ST,training/notflip/0020_000000009,train,known_environment_earlier_train,notflip,notflip/0020,9,ENV-02,training,21,8,16
ST,testing/notflip/0020_000000010,train,known_environment_earlier_train,notflip,notflip/0020,10,ENV-02,testing,21,9,16
ST,training/notflip/0020_000000011,train,known_environment_earlier_train,notflip,notflip/0020,11,ENV-02,training,21,10,16
ST,training/notflip/0020_000000012,train,known_environment_earlier_train,notflip,notflip/0020,12,ENV-02,training,21,11,16
ST,training/notflip/0020_000000013,train,known_environment_earlier_train,notflip,notflip/0020,13,ENV-02,training,21,12,16
ST,training/notflip/0020_000000014,train,known_environment_earlier_train,notflip,notflip/0020,14,ENV-02,training,21,13,16
ST,training/notflip/0020_000000015,train,known_environment_earlier_train,notflip,notflip/0020,15,ENV-02,training,21,14,16
ST,testing/notflip/0020_000000016,train,known_environment_earlier_train,notflip,notflip/0020,16,ENV-02,testing,21,15,16
ST,training/notflip/0020_000000017,context,known_environment_later_context,notflip,notflip/0020,17,ENV-02,training,21,16,16
ST,training/notflip/0020_000000018,context,known_environment_later_context,notflip,notflip/0020,18,ENV-02,training,21,17,16
ST,testing/notflip/0020_000000019,context,known_environment_later_context,notflip,notflip/0020,19,ENV-02,testing,21,18,16
ST,training/notflip/0020_000000020,context,known_environment_later_context,notflip,notflip/0020,20,ENV-02,training,21,19,16
ST,training/notflip/0020_000000021,context,known_environment_later_context,notflip,notflip/0020,21,ENV-02,training,21,20,16
ST,training/notflip/0021_000000007,train,known_environment_earlier_train,notflip,notflip/0021,7,ENV-02,training,8,0,6
ST,training/notflip/0021_000000008,train,known_environment_earlier_train,notflip,notflip/0021,8,ENV-02,training,8,1,6
ST,training/notflip/0021_000000022,train,known_environment_earlier_train,notflip,notflip/0021,22,ENV-02,training,8,2,6
ST,training/notflip/0021_000000023,train,known_environment_earlier_train,notflip,notflip/0021,23,ENV-02,training,8,3,6
ST,testing/notflip/0021_000000024,train,known_environment_earlier_train,notflip,notflip/0021,24,ENV-02,testing,8,4,6
ST,training/notflip/0021_000000025,train,known_environment_earlier_train,notflip,notflip/0021,25,ENV-02,training,8,5,6
ST,testing/notflip/0021_000000026,context,known_environment_later_context,notflip,notflip/0021,26,ENV-02,testing,8,6,6
ST,training/notflip/0021_000000027,context,known_environment_later_context,notflip,notflip/0021,27,ENV-02,training,8,7,6
ST,training/notflip/0023_000000001,train,known_environment_earlier_train,notflip,notflip/0023,1,ENV-02,training,30,0,24
ST,training/notflip/0023_000000002,train,known_environment_earlier_train,notflip,notflip/0023,2,ENV-02,training,30,1,24
ST,training/notflip/0023_000000003,train,known_environment_earlier_train,notflip,notflip/0023,3,ENV-02,training,30,2,24
ST,training/notflip/0023_000000004,train,known_environment_earlier_train,notflip,notflip/0023,4,ENV-02,training,30,3,24
ST,training/notflip/0023_000000005,train,known_environment_earlier_train,notflip,notflip/0023,5,ENV-02,training,30,4,24
ST,training/notflip/0023_000000006,train,known_environment_earlier_train,notflip,notflip/0023,6,ENV-02,training,30,5,24
ST,training/notflip/0023_000000007,train,known_environment_earlier_train,notflip,notflip/0023,7,ENV-02,training,30,6,24
ST,training/notflip/0023_000000008,train,known_environment_earlier_train,notflip,notflip/0023,8,ENV-02,training,30,7,24
ST,training/notflip/0023_000000009,train,known_environment_earlier_train,notflip,notflip/0023,9,ENV-02,training,30,8,24
ST,training/notflip/0023_000000010,train,known_environment_earlier_train,notflip,notflip/0023,10,ENV-02,training,30,9,24
ST,training/notflip/0023_000000011,train,known_environment_earlier_train,notflip,notflip/0023,11,ENV-02,training,30,10,24
ST,training/notflip/0023_000000012,train,known_environment_earlier_train,notflip,notflip/0023,12,ENV-02,training,30,11,24
ST,training/notflip/0023_000000013,train,known_environment_earlier_train,notflip,notflip/0023,13,ENV-02,training,30,12,24
ST,testing/notflip/0023_000000014,train,known_environment_earlier_train,notflip,notflip/0023,14,ENV-02,testing,30,13,24
ST,training/notflip/0023_000000015,train,known_environment_earlier_train,notflip,notflip/0023,15,ENV-02,training,30,14,24
ST,training/notflip/0023_000000016,train,known_environment_earlier_train,notflip,notflip/0023,16,ENV-02,training,30,15,24
ST,training/notflip/0023_000000017,train,known_environment_earlier_train,notflip,notflip/0023,17,ENV-02,training,30,16,24
ST,training/notflip/0023_000000018,train,known_environment_earlier_train,notflip,notflip/0023,18,ENV-02,training,30,17,24
ST,training/notflip/0023_000000019,train,known_environment_earlier_train,notflip,notflip/0023,19,ENV-02,training,30,18,24
ST,testing/notflip/0023_000000020,train,known_environment_earlier_train,notflip,notflip/0023,20,ENV-02,testing,30,19,24
ST,training/notflip/0023_000000021,train,known_environment_earlier_train,notflip,notflip/0023,21,ENV-02,training,30,20,24
ST,training/notflip/0023_000000022,train,known_environment_earlier_train,notflip,notflip/0023,22,ENV-02,training,30,21,24
ST,training/notflip/0023_000000023,train,known_environment_earlier_train,notflip,notflip/0023,23,ENV-02,training,30,22,24
ST,testing/notflip/0023_000000024,train,known_environment_earlier_train,notflip,notflip/0023,24,ENV-02,testing,30,23,24
ST,training/notflip/0023_000000025,context,known_environment_later_context,notflip,notflip/0023,25,ENV-02,training,30,24,24
ST,training/notflip/0023_000000026,context,known_environment_later_context,notflip,notflip/0023,26,ENV-02,training,30,25,24
ST,training/notflip/0023_000000027,context,known_environment_later_context,notflip,notflip/0023,27,ENV-02,training,30,26,24
ST,training/notflip/0023_000000028,context,known_environment_later_context,notflip,notflip/0023,28,ENV-02,training,30,27,24
ST,testing/notflip/0023_000000029,context,known_environment_later_context,notflip,notflip/0023,29,ENV-02,testing,30,28,24
ST,testing/notflip/0023_000000030,context,known_environment_later_context,notflip,notflip/0023,30,ENV-02,testing,30,29,24
ST,training/notflip/0024_000000001,train,known_environment_earlier_train,notflip,notflip/0024,1,ENV-02,training,30,0,24
ST,testing/notflip/0024_000000002,train,known_environment_earlier_train,notflip,notflip/0024,2,ENV-02,testing,30,1,24
ST,training/notflip/0024_000000003,train,known_environment_earlier_train,notflip,notflip/0024,3,ENV-02,training,30,2,24
ST,testing/notflip/0024_000000004,train,known_environment_earlier_train,notflip,notflip/0024,4,ENV-02,testing,30,3,24
ST,training/notflip/0024_000000005,train,known_environment_earlier_train,notflip,notflip/0024,5,ENV-02,training,30,4,24
ST,testing/notflip/0024_000000006,train,known_environment_earlier_train,notflip,notflip/0024,6,ENV-02,testing,30,5,24
ST,testing/notflip/0024_000000007,train,known_environment_earlier_train,notflip,notflip/0024,7,ENV-02,testing,30,6,24
ST,training/notflip/0024_000000008,train,known_environment_earlier_train,notflip,notflip/0024,8,ENV-02,training,30,7,24
ST,training/notflip/0024_000000009,train,known_environment_earlier_train,notflip,notflip/0024,9,ENV-02,training,30,8,24
ST,training/notflip/0024_000000010,train,known_environment_earlier_train,notflip,notflip/0024,10,ENV-02,training,30,9,24
ST,training/notflip/0024_000000011,train,known_environment_earlier_train,notflip,notflip/0024,11,ENV-02,training,30,10,24
ST,training/notflip/0024_000000012,train,known_environment_earlier_train,notflip,notflip/0024,12,ENV-02,training,30,11,24
ST,training/notflip/0024_000000013,train,known_environment_earlier_train,notflip,notflip/0024,13,ENV-02,training,30,12,24
ST,training/notflip/0024_000000014,train,known_environment_earlier_train,notflip,notflip/0024,14,ENV-02,training,30,13,24
ST,training/notflip/0024_000000015,train,known_environment_earlier_train,notflip,notflip/0024,15,ENV-02,training,30,14,24
ST,training/notflip/0024_000000016,train,known_environment_earlier_train,notflip,notflip/0024,16,ENV-02,training,30,15,24
ST,training/notflip/0024_000000017,train,known_environment_earlier_train,notflip,notflip/0024,17,ENV-02,training,30,16,24
ST,training/notflip/0024_000000018,train,known_environment_earlier_train,notflip,notflip/0024,18,ENV-02,training,30,17,24
ST,testing/notflip/0024_000000019,train,known_environment_earlier_train,notflip,notflip/0024,19,ENV-02,testing,30,18,24
ST,testing/notflip/0024_000000020,train,known_environment_earlier_train,notflip,notflip/0024,20,ENV-02,testing,30,19,24
ST,training/notflip/0024_000000021,train,known_environment_earlier_train,notflip,notflip/0024,21,ENV-02,training,30,20,24
ST,testing/notflip/0024_000000022,train,known_environment_earlier_train,notflip,notflip/0024,22,ENV-02,testing,30,21,24
ST,training/notflip/0024_000000023,train,known_environment_earlier_train,notflip,notflip/0024,23,ENV-02,training,30,22,24
ST,testing/notflip/0024_000000024,train,known_environment_earlier_train,notflip,notflip/0024,24,ENV-02,testing,30,23,24
ST,testing/notflip/0024_000000025,context,known_environment_later_context,notflip,notflip/0024,25,ENV-02,testing,30,24,24
ST,training/notflip/0024_000000026,context,known_environment_later_context,notflip,notflip/0024,26,ENV-02,training,30,25,24
ST,training/notflip/0024_000000027,context,known_environment_later_context,notflip,notflip/0024,27,ENV-02,training,30,26,24
ST,training/notflip/0024_000000028,context,known_environment_later_context,notflip,notflip/0024,28,ENV-02,training,30,27,24
ST,training/notflip/0024_000000029,context,known_environment_later_context,notflip,notflip/0024,29,ENV-02,training,30,28,24
ST,training/notflip/0024_000000030,context,known_environment_later_context,notflip,notflip/0024,30,ENV-02,training,30,29,24
ST,training/notflip/0025_000000001,train,known_environment_earlier_train,notflip,notflip/0025,1,ENV-02,training,30,0,24
ST,training/notflip/0025_000000002,train,known_environment_earlier_train,notflip,notflip/0025,2,ENV-02,training,30,1,24
ST,training/notflip/0025_000000003,train,known_environment_earlier_train,notflip,notflip/0025,3,ENV-02,training,30,2,24
ST,training/notflip/0025_000000004,train,known_environment_earlier_train,notflip,notflip/0025,4,ENV-02,training,30,3,24
ST,training/notflip/0025_000000005,train,known_environment_earlier_train,notflip,notflip/0025,5,ENV-02,training,30,4,24
ST,training/notflip/0025_000000006,train,known_environment_earlier_train,notflip,notflip/0025,6,ENV-02,training,30,5,24
ST,training/notflip/0025_000000007,train,known_environment_earlier_train,notflip,notflip/0025,7,ENV-02,training,30,6,24
ST,training/notflip/0025_000000008,train,known_environment_earlier_train,notflip,notflip/0025,8,ENV-02,training,30,7,24
ST,training/notflip/0025_000000009,train,known_environment_earlier_train,notflip,notflip/0025,9,ENV-02,training,30,8,24
ST,testing/notflip/0025_000000010,train,known_environment_earlier_train,notflip,notflip/0025,10,ENV-02,testing,30,9,24
ST,testing/notflip/0025_000000011,train,known_environment_earlier_train,notflip,notflip/0025,11,ENV-02,testing,30,10,24
ST,training/notflip/0025_000000012,train,known_environment_earlier_train,notflip,notflip/0025,12,ENV-02,training,30,11,24
ST,testing/notflip/0025_000000013,train,known_environment_earlier_train,notflip,notflip/0025,13,ENV-02,testing,30,12,24
ST,training/notflip/0025_000000014,train,known_environment_earlier_train,notflip,notflip/0025,14,ENV-02,training,30,13,24
ST,training/notflip/0025_000000015,train,known_environment_earlier_train,notflip,notflip/0025,15,ENV-02,training,30,14,24
ST,training/notflip/0025_000000016,train,known_environment_earlier_train,notflip,notflip/0025,16,ENV-02,training,30,15,24
ST,training/notflip/0025_000000017,train,known_environment_earlier_train,notflip,notflip/0025,17,ENV-02,training,30,16,24
ST,testing/notflip/0025_000000018,train,known_environment_earlier_train,notflip,notflip/0025,18,ENV-02,testing,30,17,24
ST,training/notflip/0025_000000019,train,known_environment_earlier_train,notflip,notflip/0025,19,ENV-02,training,30,18,24
ST,training/notflip/0025_000000020,train,known_environment_earlier_train,notflip,notflip/0025,20,ENV-02,training,30,19,24
ST,testing/notflip/0025_000000021,train,known_environment_earlier_train,notflip,notflip/0025,21,ENV-02,testing,30,20,24
ST,testing/notflip/0025_000000022,train,known_environment_earlier_train,notflip,notflip/0025,22,ENV-02,testing,30,21,24
ST,training/notflip/0025_000000023,train,known_environment_earlier_train,notflip,notflip/0025,23,ENV-02,training,30,22,24
ST,training/notflip/0025_000000024,train,known_environment_earlier_train,notflip,notflip/0025,24,ENV-02,training,30,23,24
ST,testing/notflip/0025_000000025,context,known_environment_later_context,notflip,notflip/0025,25,ENV-02,testing,30,24,24
ST,training/notflip/0025_000000026,context,known_environment_later_context,notflip,notflip/0025,26,ENV-02,training,30,25,24
ST,training/notflip/0025_000000027,context,known_environment_later_context,notflip,notflip/0025,27,ENV-02,training,30,26,24
ST,training/notflip/0025_000000028,context,known_environment_later_context,notflip,notflip/0025,28,ENV-02,training,30,27,24
ST,training/notflip/0025_000000029,context,known_environment_later_context,notflip,notflip/0025,29,ENV-02,training,30,28,24
ST,training/notflip/0025_000000030,context,known_environment_later_context,notflip,notflip/0025,30,ENV-02,training,30,29,24
ST,training/notflip/0026_000000001,train,known_environment_earlier_train,notflip,notflip/0026,1,ENV-02,training,30,0,24
ST,training/notflip/0026_000000002,train,known_environment_earlier_train,notflip,notflip/0026,2,ENV-02,training,30,1,24
ST,training/notflip/0026_000000003,train,known_environment_earlier_train,notflip,notflip/0026,3,ENV-02,training,30,2,24
ST,testing/notflip/0026_000000004,train,known_environment_earlier_train,notflip,notflip/0026,4,ENV-02,testing,30,3,24
ST,testing/notflip/0026_000000005,train,known_environment_earlier_train,notflip,notflip/0026,5,ENV-02,testing,30,4,24
ST,training/notflip/0026_000000006,train,known_environment_earlier_train,notflip,notflip/0026,6,ENV-02,training,30,5,24
ST,training/notflip/0026_000000007,train,known_environment_earlier_train,notflip,notflip/0026,7,ENV-02,training,30,6,24
ST,training/notflip/0026_000000008,train,known_environment_earlier_train,notflip,notflip/0026,8,ENV-02,training,30,7,24
ST,training/notflip/0026_000000009,train,known_environment_earlier_train,notflip,notflip/0026,9,ENV-02,training,30,8,24
ST,testing/notflip/0026_000000010,train,known_environment_earlier_train,notflip,notflip/0026,10,ENV-02,testing,30,9,24
ST,training/notflip/0026_000000011,train,known_environment_earlier_train,notflip,notflip/0026,11,ENV-02,training,30,10,24
ST,training/notflip/0026_000000012,train,known_environment_earlier_train,notflip,notflip/0026,12,ENV-02,training,30,11,24
ST,training/notflip/0026_000000013,train,known_environment_earlier_train,notflip,notflip/0026,13,ENV-02,training,30,12,24
ST,testing/notflip/0026_000000014,train,known_environment_earlier_train,notflip,notflip/0026,14,ENV-02,testing,30,13,24
ST,training/notflip/0026_000000015,train,known_environment_earlier_train,notflip,notflip/0026,15,ENV-02,training,30,14,24
ST,training/notflip/0026_000000016,train,known_environment_earlier_train,notflip,notflip/0026,16,ENV-02,training,30,15,24
ST,training/notflip/0026_000000017,train,known_environment_earlier_train,notflip,notflip/0026,17,ENV-02,training,30,16,24
ST,training/notflip/0026_000000018,train,known_environment_earlier_train,notflip,notflip/0026,18,ENV-02,training,30,17,24
ST,training/notflip/0026_000000019,train,known_environment_earlier_train,notflip,notflip/0026,19,ENV-02,training,30,18,24
ST,training/notflip/0026_000000020,train,known_environment_earlier_train,notflip,notflip/0026,20,ENV-02,training,30,19,24
ST,training/notflip/0026_000000021,train,known_environment_earlier_train,notflip,notflip/0026,21,ENV-02,training,30,20,24
ST,training/notflip/0026_000000022,train,known_environment_earlier_train,notflip,notflip/0026,22,ENV-02,training,30,21,24
ST,training/notflip/0026_000000023,train,known_environment_earlier_train,notflip,notflip/0026,23,ENV-02,training,30,22,24
ST,testing/notflip/0026_000000024,train,known_environment_earlier_train,notflip,notflip/0026,24,ENV-02,testing,30,23,24
ST,training/notflip/0026_000000025,context,known_environment_later_context,notflip,notflip/0026,25,ENV-02,training,30,24,24
ST,training/notflip/0026_000000026,context,known_environment_later_context,notflip,notflip/0026,26,ENV-02,training,30,25,24
ST,training/notflip/0026_000000027,context,known_environment_later_context,notflip,notflip/0026,27,ENV-02,training,30,26,24
ST,training/notflip/0026_000000028,context,known_environment_later_context,notflip,notflip/0026,28,ENV-02,training,30,27,24
ST,testing/notflip/0026_000000029,context,known_environment_later_context,notflip,notflip/0026,29,ENV-02,testing,30,28,24
ST,training/notflip/0026_000000030,context,known_environment_later_context,notflip,notflip/0026,30,ENV-02,training,30,29,24
ST,testing/notflip/0027_000000001,context,heldout_environment_earlier_context,notflip,notflip/0027,1,ENV-03,testing,30,0,24
ST,training/notflip/0027_000000002,context,heldout_environment_earlier_context,notflip,notflip/0027,2,ENV-03,training,30,1,24
ST,training/notflip/0027_000000003,context,heldout_environment_earlier_context,notflip,notflip/0027,3,ENV-03,training,30,2,24
ST,testing/notflip/0027_000000004,context,heldout_environment_earlier_context,notflip,notflip/0027,4,ENV-03,testing,30,3,24
ST,training/notflip/0027_000000005,context,heldout_environment_earlier_context,notflip,notflip/0027,5,ENV-03,training,30,4,24
ST,training/notflip/0027_000000006,context,heldout_environment_earlier_context,notflip,notflip/0027,6,ENV-03,training,30,5,24
ST,training/notflip/0027_000000007,context,heldout_environment_earlier_context,notflip,notflip/0027,7,ENV-03,training,30,6,24
ST,training/notflip/0027_000000008,context,heldout_environment_earlier_context,notflip,notflip/0027,8,ENV-03,training,30,7,24
ST,training/notflip/0027_000000009,context,heldout_environment_earlier_context,notflip,notflip/0027,9,ENV-03,training,30,8,24
ST,testing/notflip/0027_000000010,context,heldout_environment_earlier_context,notflip,notflip/0027,10,ENV-03,testing,30,9,24
ST,training/notflip/0027_000000011,context,heldout_environment_earlier_context,notflip,notflip/0027,11,ENV-03,training,30,10,24
ST,training/notflip/0027_000000012,context,heldout_environment_earlier_context,notflip,notflip/0027,12,ENV-03,training,30,11,24
ST,testing/notflip/0027_000000013,context,heldout_environment_earlier_context,notflip,notflip/0027,13,ENV-03,testing,30,12,24
ST,training/notflip/0027_000000014,context,heldout_environment_earlier_context,notflip,notflip/0027,14,ENV-03,training,30,13,24
ST,training/notflip/0027_000000015,context,heldout_environment_earlier_context,notflip,notflip/0027,15,ENV-03,training,30,14,24
ST,training/notflip/0027_000000016,context,heldout_environment_earlier_context,notflip,notflip/0027,16,ENV-03,training,30,15,24
ST,testing/notflip/0027_000000017,context,heldout_environment_earlier_context,notflip,notflip/0027,17,ENV-03,testing,30,16,24
ST,training/notflip/0027_000000018,context,heldout_environment_earlier_context,notflip,notflip/0027,18,ENV-03,training,30,17,24
ST,training/notflip/0027_000000019,context,heldout_environment_earlier_context,notflip,notflip/0027,19,ENV-03,training,30,18,24
ST,training/notflip/0027_000000020,context,heldout_environment_earlier_context,notflip,notflip/0027,20,ENV-03,training,30,19,24
ST,training/notflip/0027_000000021,context,heldout_environment_earlier_context,notflip,notflip/0027,21,ENV-03,training,30,20,24
ST,testing/notflip/0027_000000022,context,heldout_environment_earlier_context,notflip,notflip/0027,22,ENV-03,testing,30,21,24
ST,testing/notflip/0027_000000023,context,heldout_environment_earlier_context,notflip,notflip/0027,23,ENV-03,testing,30,22,24
ST,training/notflip/0027_000000024,context,heldout_environment_earlier_context,notflip,notflip/0027,24,ENV-03,training,30,23,24
ST,training/notflip/0027_000000025,test,heldout_environment_later_test,notflip,notflip/0027,25,ENV-03,training,30,24,24
ST,training/notflip/0027_000000026,test,heldout_environment_later_test,notflip,notflip/0027,26,ENV-03,training,30,25,24
ST,training/notflip/0027_000000027,test,heldout_environment_later_test,notflip,notflip/0027,27,ENV-03,training,30,26,24
ST,training/notflip/0027_000000028,test,heldout_environment_later_test,notflip,notflip/0027,28,ENV-03,training,30,27,24
ST,training/notflip/0027_000000029,test,heldout_environment_later_test,notflip,notflip/0027,29,ENV-03,training,30,28,24
ST,training/notflip/0027_000000030,test,heldout_environment_later_test,notflip,notflip/0027,30,ENV-03,training,30,29,24
ST,training/notflip/0028_000000001,context,heldout_environment_earlier_context,notflip,notflip/0028,1,ENV-03,training,30,0,24
ST,training/notflip/0028_000000002,context,heldout_environment_earlier_context,notflip,notflip/0028,2,ENV-03,training,30,1,24
ST,training/notflip/0028_000000003,context,heldout_environment_earlier_context,notflip,notflip/0028,3,ENV-03,training,30,2,24
ST,testing/notflip/0028_000000004,context,heldout_environment_earlier_context,notflip,notflip/0028,4,ENV-03,testing,30,3,24
ST,training/notflip/0028_000000005,context,heldout_environment_earlier_context,notflip,notflip/0028,5,ENV-03,training,30,4,24
ST,training/notflip/0028_000000006,context,heldout_environment_earlier_context,notflip,notflip/0028,6,ENV-03,training,30,5,24
ST,training/notflip/0028_000000007,context,heldout_environment_earlier_context,notflip,notflip/0028,7,ENV-03,training,30,6,24
ST,training/notflip/0028_000000008,context,heldout_environment_earlier_context,notflip,notflip/0028,8,ENV-03,training,30,7,24
ST,training/notflip/0028_000000009,context,heldout_environment_earlier_context,notflip,notflip/0028,9,ENV-03,training,30,8,24
ST,training/notflip/0028_000000010,context,heldout_environment_earlier_context,notflip,notflip/0028,10,ENV-03,training,30,9,24
ST,training/notflip/0028_000000011,context,heldout_environment_earlier_context,notflip,notflip/0028,11,ENV-03,training,30,10,24
ST,training/notflip/0028_000000012,context,heldout_environment_earlier_context,notflip,notflip/0028,12,ENV-03,training,30,11,24
ST,training/notflip/0028_000000013,context,heldout_environment_earlier_context,notflip,notflip/0028,13,ENV-03,training,30,12,24
ST,training/notflip/0028_000000014,context,heldout_environment_earlier_context,notflip,notflip/0028,14,ENV-03,training,30,13,24
ST,training/notflip/0028_000000015,context,heldout_environment_earlier_context,notflip,notflip/0028,15,ENV-03,training,30,14,24
ST,training/notflip/0028_000000016,context,heldout_environment_earlier_context,notflip,notflip/0028,16,ENV-03,training,30,15,24
ST,training/notflip/0028_000000017,context,heldout_environment_earlier_context,notflip,notflip/0028,17,ENV-03,training,30,16,24
ST,training/notflip/0028_000000018,context,heldout_environment_earlier_context,notflip,notflip/0028,18,ENV-03,training,30,17,24
ST,training/notflip/0028_000000019,context,heldout_environment_earlier_context,notflip,notflip/0028,19,ENV-03,training,30,18,24
ST,training/notflip/0028_000000020,context,heldout_environment_earlier_context,notflip,notflip/0028,20,ENV-03,training,30,19,24
ST,training/notflip/0028_000000021,context,heldout_environment_earlier_context,notflip,notflip/0028,21,ENV-03,training,30,20,24
ST,training/notflip/0028_000000022,context,heldout_environment_earlier_context,notflip,notflip/0028,22,ENV-03,training,30,21,24
ST,training/notflip/0028_000000023,context,heldout_environment_earlier_context,notflip,notflip/0028,23,ENV-03,training,30,22,24
ST,testing/notflip/0028_000000024,context,heldout_environment_earlier_context,notflip,notflip/0028,24,ENV-03,testing,30,23,24
ST,training/notflip/0028_000000025,test,heldout_environment_later_test,notflip,notflip/0028,25,ENV-03,training,30,24,24
ST,training/notflip/0028_000000026,test,heldout_environment_later_test,notflip,notflip/0028,26,ENV-03,training,30,25,24
ST,training/notflip/0028_000000027,test,heldout_environment_later_test,notflip,notflip/0028,27,ENV-03,training,30,26,24
ST,training/notflip/0028_000000028,test,heldout_environment_later_test,notflip,notflip/0028,28,ENV-03,training,30,27,24
ST,training/notflip/0028_000000029,test,heldout_environment_later_test,notflip,notflip/0028,29,ENV-03,training,30,28,24
ST,training/notflip/0028_000000030,test,heldout_environment_later_test,notflip,notflip/0028,30,ENV-03,training,30,29,24
ST,testing/notflip/0029_000000001,context,heldout_environment_earlier_context,notflip,notflip/0029,1,ENV-03,testing,30,0,24
ST,training/notflip/0029_000000002,context,heldout_environment_earlier_context,notflip,notflip/0029,2,ENV-03,training,30,1,24
ST,testing/notflip/0029_000000003,context,heldout_environment_earlier_context,notflip,notflip/0029,3,ENV-03,testing,30,2,24
ST,testing/notflip/0029_000000004,context,heldout_environment_earlier_context,notflip,notflip/0029,4,ENV-03,testing,30,3,24
ST,testing/notflip/0029_000000005,context,heldout_environment_earlier_context,notflip,notflip/0029,5,ENV-03,testing,30,4,24
ST,training/notflip/0029_000000006,context,heldout_environment_earlier_context,notflip,notflip/0029,6,ENV-03,training,30,5,24
ST,training/notflip/0029_000000007,context,heldout_environment_earlier_context,notflip,notflip/0029,7,ENV-03,training,30,6,24
ST,training/notflip/0029_000000008,context,heldout_environment_earlier_context,notflip,notflip/0029,8,ENV-03,training,30,7,24
ST,training/notflip/0029_000000009,context,heldout_environment_earlier_context,notflip,notflip/0029,9,ENV-03,training,30,8,24
ST,training/notflip/0029_000000010,context,heldout_environment_earlier_context,notflip,notflip/0029,10,ENV-03,training,30,9,24
ST,training/notflip/0029_000000011,context,heldout_environment_earlier_context,notflip,notflip/0029,11,ENV-03,training,30,10,24
ST,training/notflip/0029_000000012,context,heldout_environment_earlier_context,notflip,notflip/0029,12,ENV-03,training,30,11,24
ST,testing/notflip/0029_000000013,context,heldout_environment_earlier_context,notflip,notflip/0029,13,ENV-03,testing,30,12,24
ST,training/notflip/0029_000000014,context,heldout_environment_earlier_context,notflip,notflip/0029,14,ENV-03,training,30,13,24
ST,training/notflip/0029_000000015,context,heldout_environment_earlier_context,notflip,notflip/0029,15,ENV-03,training,30,14,24
ST,training/notflip/0029_000000016,context,heldout_environment_earlier_context,notflip,notflip/0029,16,ENV-03,training,30,15,24
ST,testing/notflip/0029_000000017,context,heldout_environment_earlier_context,notflip,notflip/0029,17,ENV-03,testing,30,16,24
ST,testing/notflip/0029_000000018,context,heldout_environment_earlier_context,notflip,notflip/0029,18,ENV-03,testing,30,17,24
ST,testing/notflip/0029_000000019,context,heldout_environment_earlier_context,notflip,notflip/0029,19,ENV-03,testing,30,18,24
ST,training/notflip/0029_000000020,context,heldout_environment_earlier_context,notflip,notflip/0029,20,ENV-03,training,30,19,24
ST,training/notflip/0029_000000021,context,heldout_environment_earlier_context,notflip,notflip/0029,21,ENV-03,training,30,20,24
ST,training/notflip/0029_000000022,context,heldout_environment_earlier_context,notflip,notflip/0029,22,ENV-03,training,30,21,24
ST,training/notflip/0029_000000023,context,heldout_environment_earlier_context,notflip,notflip/0029,23,ENV-03,training,30,22,24
ST,training/notflip/0029_000000024,context,heldout_environment_earlier_context,notflip,notflip/0029,24,ENV-03,training,30,23,24
ST,testing/notflip/0029_000000025,test,heldout_environment_later_test,notflip,notflip/0029,25,ENV-03,testing,30,24,24
ST,training/notflip/0029_000000026,test,heldout_environment_later_test,notflip,notflip/0029,26,ENV-03,training,30,25,24
ST,training/notflip/0029_000000027,test,heldout_environment_later_test,notflip,notflip/0029,27,ENV-03,training,30,26,24
ST,training/notflip/0029_000000028,test,heldout_environment_later_test,notflip,notflip/0029,28,ENV-03,training,30,27,24
ST,training/notflip/0029_000000029,test,heldout_environment_later_test,notflip,notflip/0029,29,ENV-03,training,30,28,24
ST,training/notflip/0029_000000030,test,heldout_environment_later_test,notflip,notflip/0029,30,ENV-03,training,30,29,24
ST,testing/notflip/0030_000000001,context,heldout_environment_earlier_context,notflip,notflip/0030,1,ENV-03,testing,30,0,24
ST,training/notflip/0030_000000002,context,heldout_environment_earlier_context,notflip,notflip/0030,2,ENV-03,training,30,1,24
ST,training/notflip/0030_000000003,context,heldout_environment_earlier_context,notflip,notflip/0030,3,ENV-03,training,30,2,24
ST,testing/notflip/0030_000000004,context,heldout_environment_earlier_context,notflip,notflip/0030,4,ENV-03,testing,30,3,24
ST,training/notflip/0030_000000005,context,heldout_environment_earlier_context,notflip,notflip/0030,5,ENV-03,training,30,4,24
ST,training/notflip/0030_000000006,context,heldout_environment_earlier_context,notflip,notflip/0030,6,ENV-03,training,30,5,24
ST,testing/notflip/0030_000000007,context,heldout_environment_earlier_context,notflip,notflip/0030,7,ENV-03,testing,30,6,24
ST,training/notflip/0030_000000008,context,heldout_environment_earlier_context,notflip,notflip/0030,8,ENV-03,training,30,7,24
ST,training/notflip/0030_000000009,context,heldout_environment_earlier_context,notflip,notflip/0030,9,ENV-03,training,30,8,24
ST,training/notflip/0030_000000010,context,heldout_environment_earlier_context,notflip,notflip/0030,10,ENV-03,training,30,9,24
ST,training/notflip/0030_000000011,context,heldout_environment_earlier_context,notflip,notflip/0030,11,ENV-03,training,30,10,24
ST,training/notflip/0030_000000012,context,heldout_environment_earlier_context,notflip,notflip/0030,12,ENV-03,training,30,11,24
ST,training/notflip/0030_000000013,context,heldout_environment_earlier_context,notflip,notflip/0030,13,ENV-03,training,30,12,24
ST,training/notflip/0030_000000014,context,heldout_environment_earlier_context,notflip,notflip/0030,14,ENV-03,training,30,13,24
ST,training/notflip/0030_000000015,context,heldout_environment_earlier_context,notflip,notflip/0030,15,ENV-03,training,30,14,24
ST,training/notflip/0030_000000016,context,heldout_environment_earlier_context,notflip,notflip/0030,16,ENV-03,training,30,15,24
ST,training/notflip/0030_000000017,context,heldout_environment_earlier_context,notflip,notflip/0030,17,ENV-03,training,30,16,24
ST,testing/notflip/0030_000000018,context,heldout_environment_earlier_context,notflip,notflip/0030,18,ENV-03,testing,30,17,24
ST,training/notflip/0030_000000019,context,heldout_environment_earlier_context,notflip,notflip/0030,19,ENV-03,training,30,18,24
ST,training/notflip/0030_000000020,context,heldout_environment_earlier_context,notflip,notflip/0030,20,ENV-03,training,30,19,24
ST,training/notflip/0030_000000021,context,heldout_environment_earlier_context,notflip,notflip/0030,21,ENV-03,training,30,20,24
ST,testing/notflip/0030_000000022,context,heldout_environment_earlier_context,notflip,notflip/0030,22,ENV-03,testing,30,21,24
ST,testing/notflip/0030_000000023,context,heldout_environment_earlier_context,notflip,notflip/0030,23,ENV-03,testing,30,22,24
ST,testing/notflip/0030_000000024,context,heldout_environment_earlier_context,notflip,notflip/0030,24,ENV-03,testing,30,23,24
ST,training/notflip/0030_000000025,test,heldout_environment_later_test,notflip,notflip/0030,25,ENV-03,training,30,24,24
ST,training/notflip/0030_000000026,test,heldout_environment_later_test,notflip,notflip/0030,26,ENV-03,training,30,25,24
ST,training/notflip/0030_000000027,test,heldout_environment_later_test,notflip,notflip/0030,27,ENV-03,training,30,26,24
ST,testing/notflip/0030_000000028,test,heldout_environment_later_test,notflip,notflip/0030,28,ENV-03,testing,30,27,24
ST,training/notflip/0030_000000029,test,heldout_environment_later_test,notflip,notflip/0030,29,ENV-03,training,30,28,24
ST,training/notflip/0030_000000030,test,heldout_environment_later_test,notflip,notflip/0030,30,ENV-03,training,30,29,24
ST,training/notflip/0031_000000001,context,heldout_environment_earlier_context,notflip,notflip/0031,1,ENV-03,training,30,0,24
ST,training/notflip/0031_000000002,context,heldout_environment_earlier_context,notflip,notflip/0031,2,ENV-03,training,30,1,24
ST,training/notflip/0031_000000003,context,heldout_environment_earlier_context,notflip,notflip/0031,3,ENV-03,training,30,2,24
ST,testing/notflip/0031_000000004,context,heldout_environment_earlier_context,notflip,notflip/0031,4,ENV-03,testing,30,3,24
ST,training/notflip/0031_000000005,context,heldout_environment_earlier_context,notflip,notflip/0031,5,ENV-03,training,30,4,24
ST,training/notflip/0031_000000006,context,heldout_environment_earlier_context,notflip,notflip/0031,6,ENV-03,training,30,5,24
ST,training/notflip/0031_000000007,context,heldout_environment_earlier_context,notflip,notflip/0031,7,ENV-03,training,30,6,24
ST,testing/notflip/0031_000000008,context,heldout_environment_earlier_context,notflip,notflip/0031,8,ENV-03,testing,30,7,24
ST,training/notflip/0031_000000009,context,heldout_environment_earlier_context,notflip,notflip/0031,9,ENV-03,training,30,8,24
ST,testing/notflip/0031_000000010,context,heldout_environment_earlier_context,notflip,notflip/0031,10,ENV-03,testing,30,9,24
ST,training/notflip/0031_000000011,context,heldout_environment_earlier_context,notflip,notflip/0031,11,ENV-03,training,30,10,24
ST,training/notflip/0031_000000012,context,heldout_environment_earlier_context,notflip,notflip/0031,12,ENV-03,training,30,11,24
ST,training/notflip/0031_000000013,context,heldout_environment_earlier_context,notflip,notflip/0031,13,ENV-03,training,30,12,24
ST,training/notflip/0031_000000014,context,heldout_environment_earlier_context,notflip,notflip/0031,14,ENV-03,training,30,13,24
ST,testing/notflip/0031_000000015,context,heldout_environment_earlier_context,notflip,notflip/0031,15,ENV-03,testing,30,14,24
ST,testing/notflip/0031_000000016,context,heldout_environment_earlier_context,notflip,notflip/0031,16,ENV-03,testing,30,15,24
ST,testing/notflip/0031_000000017,context,heldout_environment_earlier_context,notflip,notflip/0031,17,ENV-03,testing,30,16,24
ST,training/notflip/0031_000000018,context,heldout_environment_earlier_context,notflip,notflip/0031,18,ENV-03,training,30,17,24
ST,testing/notflip/0031_000000019,context,heldout_environment_earlier_context,notflip,notflip/0031,19,ENV-03,testing,30,18,24
ST,testing/notflip/0031_000000020,context,heldout_environment_earlier_context,notflip,notflip/0031,20,ENV-03,testing,30,19,24
ST,training/notflip/0031_000000021,context,heldout_environment_earlier_context,notflip,notflip/0031,21,ENV-03,training,30,20,24
ST,training/notflip/0031_000000022,context,heldout_environment_earlier_context,notflip,notflip/0031,22,ENV-03,training,30,21,24
ST,training/notflip/0031_000000023,context,heldout_environment_earlier_context,notflip,notflip/0031,23,ENV-03,training,30,22,24
ST,training/notflip/0031_000000024,context,heldout_environment_earlier_context,notflip,notflip/0031,24,ENV-03,training,30,23,24
ST,training/notflip/0031_000000025,test,heldout_environment_later_test,notflip,notflip/0031,25,ENV-03,training,30,24,24
ST,training/notflip/0031_000000026,test,heldout_environment_later_test,notflip,notflip/0031,26,ENV-03,training,30,25,24
ST,training/notflip/0031_000000027,test,heldout_environment_later_test,notflip,notflip/0031,27,ENV-03,training,30,26,24
ST,training/notflip/0031_000000028,test,heldout_environment_later_test,notflip,notflip/0031,28,ENV-03,training,30,27,24
ST,training/notflip/0031_000000029,test,heldout_environment_later_test,notflip,notflip/0031,29,ENV-03,training,30,28,24
ST,training/notflip/0031_000000030,test,heldout_environment_later_test,notflip,notflip/0031,30,ENV-03,training,30,29,24
ST,training/notflip/0032_000000001,context,heldout_environment_earlier_context,notflip,notflip/0032,1,ENV-03,training,30,0,24
ST,training/notflip/0032_000000002,context,heldout_environment_earlier_context,notflip,notflip/0032,2,ENV-03,training,30,1,24
ST,testing/notflip/0032_000000003,context,heldout_environment_earlier_context,notflip,notflip/0032,3,ENV-03,testing,30,2,24
ST,training/notflip/0032_000000004,context,heldout_environment_earlier_context,notflip,notflip/0032,4,ENV-03,training,30,3,24
ST,training/notflip/0032_000000005,context,heldout_environment_earlier_context,notflip,notflip/0032,5,ENV-03,training,30,4,24
ST,training/notflip/0032_000000006,context,heldout_environment_earlier_context,notflip,notflip/0032,6,ENV-03,training,30,5,24
ST,testing/notflip/0032_000000007,context,heldout_environment_earlier_context,notflip,notflip/0032,7,ENV-03,testing,30,6,24
ST,testing/notflip/0032_000000008,context,heldout_environment_earlier_context,notflip,notflip/0032,8,ENV-03,testing,30,7,24
ST,training/notflip/0032_000000009,context,heldout_environment_earlier_context,notflip,notflip/0032,9,ENV-03,training,30,8,24
ST,testing/notflip/0032_000000010,context,heldout_environment_earlier_context,notflip,notflip/0032,10,ENV-03,testing,30,9,24
ST,training/notflip/0032_000000011,context,heldout_environment_earlier_context,notflip,notflip/0032,11,ENV-03,training,30,10,24
ST,training/notflip/0032_000000012,context,heldout_environment_earlier_context,notflip,notflip/0032,12,ENV-03,training,30,11,24
ST,training/notflip/0032_000000013,context,heldout_environment_earlier_context,notflip,notflip/0032,13,ENV-03,training,30,12,24
ST,training/notflip/0032_000000014,context,heldout_environment_earlier_context,notflip,notflip/0032,14,ENV-03,training,30,13,24
ST,testing/notflip/0032_000000015,context,heldout_environment_earlier_context,notflip,notflip/0032,15,ENV-03,testing,30,14,24
ST,training/notflip/0032_000000016,context,heldout_environment_earlier_context,notflip,notflip/0032,16,ENV-03,training,30,15,24
ST,training/notflip/0032_000000017,context,heldout_environment_earlier_context,notflip,notflip/0032,17,ENV-03,training,30,16,24
ST,training/notflip/0032_000000018,context,heldout_environment_earlier_context,notflip,notflip/0032,18,ENV-03,training,30,17,24
ST,training/notflip/0032_000000019,context,heldout_environment_earlier_context,notflip,notflip/0032,19,ENV-03,training,30,18,24
ST,training/notflip/0032_000000020,context,heldout_environment_earlier_context,notflip,notflip/0032,20,ENV-03,training,30,19,24
ST,training/notflip/0032_000000021,context,heldout_environment_earlier_context,notflip,notflip/0032,21,ENV-03,training,30,20,24
ST,training/notflip/0032_000000022,context,heldout_environment_earlier_context,notflip,notflip/0032,22,ENV-03,training,30,21,24
ST,training/notflip/0032_000000023,context,heldout_environment_earlier_context,notflip,notflip/0032,23,ENV-03,training,30,22,24
ST,training/notflip/0032_000000024,context,heldout_environment_earlier_context,notflip,notflip/0032,24,ENV-03,training,30,23,24
ST,training/notflip/0032_000000025,test,heldout_environment_later_test,notflip,notflip/0032,25,ENV-03,training,30,24,24
ST,training/notflip/0032_000000026,test,heldout_environment_later_test,notflip,notflip/0032,26,ENV-03,training,30,25,24
ST,training/notflip/0032_000000027,test,heldout_environment_later_test,notflip,notflip/0032,27,ENV-03,training,30,26,24
ST,training/notflip/0032_000000028,test,heldout_environment_later_test,notflip,notflip/0032,28,ENV-03,training,30,27,24
ST,testing/notflip/0032_000000029,test,heldout_environment_later_test,notflip,notflip/0032,29,ENV-03,testing,30,28,24
ST,training/notflip/0032_000000030,test,heldout_environment_later_test,notflip,notflip/0032,30,ENV-03,training,30,29,24
ST,training/notflip/0033_000000001,context,heldout_environment_earlier_context,notflip,notflip/0033,1,ENV-03,training,30,0,24
ST,testing/notflip/0033_000000002,context,heldout_environment_earlier_context,notflip,notflip/0033,2,ENV-03,testing,30,1,24
ST,training/notflip/0033_000000003,context,heldout_environment_earlier_context,notflip,notflip/0033,3,ENV-03,training,30,2,24
ST,training/notflip/0033_000000004,context,heldout_environment_earlier_context,notflip,notflip/0033,4,ENV-03,training,30,3,24
ST,testing/notflip/0033_000000005,context,heldout_environment_earlier_context,notflip,notflip/0033,5,ENV-03,testing,30,4,24
ST,testing/notflip/0033_000000006,context,heldout_environment_earlier_context,notflip,notflip/0033,6,ENV-03,testing,30,5,24
ST,training/notflip/0033_000000007,context,heldout_environment_earlier_context,notflip,notflip/0033,7,ENV-03,training,30,6,24
ST,testing/notflip/0033_000000008,context,heldout_environment_earlier_context,notflip,notflip/0033,8,ENV-03,testing,30,7,24
ST,training/notflip/0033_000000009,context,heldout_environment_earlier_context,notflip,notflip/0033,9,ENV-03,training,30,8,24
ST,training/notflip/0033_000000010,context,heldout_environment_earlier_context,notflip,notflip/0033,10,ENV-03,training,30,9,24
ST,training/notflip/0033_000000011,context,heldout_environment_earlier_context,notflip,notflip/0033,11,ENV-03,training,30,10,24
ST,training/notflip/0033_000000012,context,heldout_environment_earlier_context,notflip,notflip/0033,12,ENV-03,training,30,11,24
ST,training/notflip/0033_000000013,context,heldout_environment_earlier_context,notflip,notflip/0033,13,ENV-03,training,30,12,24
ST,training/notflip/0033_000000014,context,heldout_environment_earlier_context,notflip,notflip/0033,14,ENV-03,training,30,13,24
ST,testing/notflip/0033_000000015,context,heldout_environment_earlier_context,notflip,notflip/0033,15,ENV-03,testing,30,14,24
ST,training/notflip/0033_000000016,context,heldout_environment_earlier_context,notflip,notflip/0033,16,ENV-03,training,30,15,24
ST,training/notflip/0033_000000017,context,heldout_environment_earlier_context,notflip,notflip/0033,17,ENV-03,training,30,16,24
ST,training/notflip/0033_000000018,context,heldout_environment_earlier_context,notflip,notflip/0033,18,ENV-03,training,30,17,24
ST,testing/notflip/0033_000000019,context,heldout_environment_earlier_context,notflip,notflip/0033,19,ENV-03,testing,30,18,24
ST,training/notflip/0033_000000020,context,heldout_environment_earlier_context,notflip,notflip/0033,20,ENV-03,training,30,19,24
ST,training/notflip/0033_000000021,context,heldout_environment_earlier_context,notflip,notflip/0033,21,ENV-03,training,30,20,24
ST,training/notflip/0033_000000022,context,heldout_environment_earlier_context,notflip,notflip/0033,22,ENV-03,training,30,21,24
ST,training/notflip/0033_000000023,context,heldout_environment_earlier_context,notflip,notflip/0033,23,ENV-03,training,30,22,24
ST,training/notflip/0033_000000024,context,heldout_environment_earlier_context,notflip,notflip/0033,24,ENV-03,training,30,23,24
ST,testing/notflip/0033_000000025,test,heldout_environment_later_test,notflip,notflip/0033,25,ENV-03,testing,30,24,24
ST,training/notflip/0033_000000026,test,heldout_environment_later_test,notflip,notflip/0033,26,ENV-03,training,30,25,24
ST,testing/notflip/0033_000000027,test,heldout_environment_later_test,notflip,notflip/0033,27,ENV-03,testing,30,26,24
ST,training/notflip/0033_000000028,test,heldout_environment_later_test,notflip,notflip/0033,28,ENV-03,training,30,27,24
ST,training/notflip/0033_000000029,test,heldout_environment_later_test,notflip,notflip/0033,29,ENV-03,training,30,28,24
ST,training/notflip/0033_000000030,test,heldout_environment_later_test,notflip,notflip/0033,30,ENV-03,training,30,29,24
ST,training/notflip/0034_000000001,context,heldout_environment_earlier_context,notflip,notflip/0034,1,ENV-03,training,30,0,24
ST,training/notflip/0034_000000002,context,heldout_environment_earlier_context,notflip,notflip/0034,2,ENV-03,training,30,1,24
ST,training/notflip/0034_000000003,context,heldout_environment_earlier_context,notflip,notflip/0034,3,ENV-03,training,30,2,24
ST,training/notflip/0034_000000004,context,heldout_environment_earlier_context,notflip,notflip/0034,4,ENV-03,training,30,3,24
ST,training/notflip/0034_000000005,context,heldout_environment_earlier_context,notflip,notflip/0034,5,ENV-03,training,30,4,24
ST,training/notflip/0034_000000006,context,heldout_environment_earlier_context,notflip,notflip/0034,6,ENV-03,training,30,5,24
ST,training/notflip/0034_000000007,context,heldout_environment_earlier_context,notflip,notflip/0034,7,ENV-03,training,30,6,24
ST,testing/notflip/0034_000000008,context,heldout_environment_earlier_context,notflip,notflip/0034,8,ENV-03,testing,30,7,24
ST,training/notflip/0034_000000009,context,heldout_environment_earlier_context,notflip,notflip/0034,9,ENV-03,training,30,8,24
ST,training/notflip/0034_000000010,context,heldout_environment_earlier_context,notflip,notflip/0034,10,ENV-03,training,30,9,24
ST,training/notflip/0034_000000011,context,heldout_environment_earlier_context,notflip,notflip/0034,11,ENV-03,training,30,10,24
ST,training/notflip/0034_000000012,context,heldout_environment_earlier_context,notflip,notflip/0034,12,ENV-03,training,30,11,24
ST,training/notflip/0034_000000013,context,heldout_environment_earlier_context,notflip,notflip/0034,13,ENV-03,training,30,12,24
ST,training/notflip/0034_000000014,context,heldout_environment_earlier_context,notflip,notflip/0034,14,ENV-03,training,30,13,24
ST,training/notflip/0034_000000015,context,heldout_environment_earlier_context,notflip,notflip/0034,15,ENV-03,training,30,14,24
ST,training/notflip/0034_000000016,context,heldout_environment_earlier_context,notflip,notflip/0034,16,ENV-03,training,30,15,24
ST,testing/notflip/0034_000000017,context,heldout_environment_earlier_context,notflip,notflip/0034,17,ENV-03,testing,30,16,24
ST,training/notflip/0034_000000018,context,heldout_environment_earlier_context,notflip,notflip/0034,18,ENV-03,training,30,17,24
ST,training/notflip/0034_000000019,context,heldout_environment_earlier_context,notflip,notflip/0034,19,ENV-03,training,30,18,24
ST,training/notflip/0034_000000020,context,heldout_environment_earlier_context,notflip,notflip/0034,20,ENV-03,training,30,19,24
ST,training/notflip/0034_000000021,context,heldout_environment_earlier_context,notflip,notflip/0034,21,ENV-03,training,30,20,24
ST,training/notflip/0034_000000022,context,heldout_environment_earlier_context,notflip,notflip/0034,22,ENV-03,training,30,21,24
ST,training/notflip/0034_000000023,context,heldout_environment_earlier_context,notflip,notflip/0034,23,ENV-03,training,30,22,24
ST,training/notflip/0034_000000024,context,heldout_environment_earlier_context,notflip,notflip/0034,24,ENV-03,training,30,23,24
ST,testing/notflip/0034_000000025,test,heldout_environment_later_test,notflip,notflip/0034,25,ENV-03,testing,30,24,24
ST,training/notflip/0034_000000026,test,heldout_environment_later_test,notflip,notflip/0034,26,ENV-03,training,30,25,24
ST,training/notflip/0034_000000027,test,heldout_environment_later_test,notflip,notflip/0034,27,ENV-03,training,30,26,24
ST,training/notflip/0034_000000028,test,heldout_environment_later_test,notflip,notflip/0034,28,ENV-03,training,30,27,24
ST,training/notflip/0034_000000029,test,heldout_environment_later_test,notflip,notflip/0034,29,ENV-03,training,30,28,24
ST,testing/notflip/0034_000000030,test,heldout_environment_later_test,notflip,notflip/0034,30,ENV-03,testing,30,29,24
ST,training/notflip/0035_000000001,context,heldout_environment_earlier_context,notflip,notflip/0035,1,ENV-03,training,32,0,25
ST,training/notflip/0035_000000002,context,heldout_environment_earlier_context,notflip,notflip/0035,2,ENV-03,training,32,1,25
ST,training/notflip/0035_000000003,context,heldout_environment_earlier_context,notflip,notflip/0035,3,ENV-03,training,32,2,25
ST,training/notflip/0035_000000004,context,heldout_environment_earlier_context,notflip,notflip/0035,4,ENV-03,training,32,3,25
ST,training/notflip/0035_000000005,context,heldout_environment_earlier_context,notflip,notflip/0035,5,ENV-03,training,32,4,25
ST,training/notflip/0035_000000006,context,heldout_environment_earlier_context,notflip,notflip/0035,6,ENV-03,training,32,5,25
ST,training/notflip/0035_000000007,context,heldout_environment_earlier_context,notflip,notflip/0035,7,ENV-03,training,32,6,25
ST,training/notflip/0035_000000008,context,heldout_environment_earlier_context,notflip,notflip/0035,8,ENV-03,training,32,7,25
ST,testing/notflip/0035_000000009,context,heldout_environment_earlier_context,notflip,notflip/0035,9,ENV-03,testing,32,8,25
ST,training/notflip/0035_000000010,context,heldout_environment_earlier_context,notflip,notflip/0035,10,ENV-03,training,32,9,25
ST,testing/notflip/0035_000000011,context,heldout_environment_earlier_context,notflip,notflip/0035,11,ENV-03,testing,32,10,25
ST,training/notflip/0035_000000012,context,heldout_environment_earlier_context,notflip,notflip/0035,12,ENV-03,training,32,11,25
ST,training/notflip/0035_000000013,context,heldout_environment_earlier_context,notflip,notflip/0035,13,ENV-03,training,32,12,25
ST,training/notflip/0035_000000014,context,heldout_environment_earlier_context,notflip,notflip/0035,14,ENV-03,training,32,13,25
ST,testing/notflip/0035_000000015,context,heldout_environment_earlier_context,notflip,notflip/0035,15,ENV-03,testing,32,14,25
ST,testing/notflip/0035_000000016,context,heldout_environment_earlier_context,notflip,notflip/0035,16,ENV-03,testing,32,15,25
ST,training/notflip/0035_000000017,context,heldout_environment_earlier_context,notflip,notflip/0035,17,ENV-03,training,32,16,25
ST,training/notflip/0035_000000018,context,heldout_environment_earlier_context,notflip,notflip/0035,18,ENV-03,training,32,17,25
ST,training/notflip/0035_000000019,context,heldout_environment_earlier_context,notflip,notflip/0035,19,ENV-03,training,32,18,25
ST,training/notflip/0035_000000020,context,heldout_environment_earlier_context,notflip,notflip/0035,20,ENV-03,training,32,19,25
ST,training/notflip/0035_000000021,context,heldout_environment_earlier_context,notflip,notflip/0035,21,ENV-03,training,32,20,25
ST,training/notflip/0035_000000022,context,heldout_environment_earlier_context,notflip,notflip/0035,22,ENV-03,training,32,21,25
ST,training/notflip/0035_000000023,context,heldout_environment_earlier_context,notflip,notflip/0035,23,ENV-03,training,32,22,25
ST,training/notflip/0035_000000024,context,heldout_environment_earlier_context,notflip,notflip/0035,24,ENV-03,training,32,23,25
ST,training/notflip/0035_000000025,context,heldout_environment_earlier_context,notflip,notflip/0035,25,ENV-03,training,32,24,25
ST,testing/notflip/0035_000000026,test,heldout_environment_later_test,notflip,notflip/0035,26,ENV-03,testing,32,25,25
ST,training/notflip/0035_000000027,test,heldout_environment_later_test,notflip,notflip/0035,27,ENV-03,training,32,26,25
ST,training/notflip/0035_000000028,test,heldout_environment_later_test,notflip,notflip/0035,28,ENV-03,training,32,27,25
ST,training/notflip/0035_000000029,test,heldout_environment_later_test,notflip,notflip/0035,29,ENV-03,training,32,28,25
ST,training/notflip/0035_000000030,test,heldout_environment_later_test,notflip,notflip/0035,30,ENV-03,training,32,29,25
ST,training/notflip/0035_000000031,test,heldout_environment_later_test,notflip,notflip/0035,31,ENV-03,training,32,30,25
ST,training/notflip/0035_000000032,test,heldout_environment_later_test,notflip,notflip/0035,32,ENV-03,training,32,31,25
ST,testing/notflip/0036_000000001,context,heldout_environment_earlier_context,notflip,notflip/0036,1,ENV-03,testing,30,0,24
ST,training/notflip/0036_000000002,context,heldout_environment_earlier_context,notflip,notflip/0036,2,ENV-03,training,30,1,24
ST,training/notflip/0036_000000003,context,heldout_environment_earlier_context,notflip,notflip/0036,3,ENV-03,training,30,2,24
ST,testing/notflip/0036_000000004,context,heldout_environment_earlier_context,notflip,notflip/0036,4,ENV-03,testing,30,3,24
ST,testing/notflip/0036_000000005,context,heldout_environment_earlier_context,notflip,notflip/0036,5,ENV-03,testing,30,4,24
ST,training/notflip/0036_000000006,context,heldout_environment_earlier_context,notflip,notflip/0036,6,ENV-03,training,30,5,24
ST,training/notflip/0036_000000007,context,heldout_environment_earlier_context,notflip,notflip/0036,7,ENV-03,training,30,6,24
ST,training/notflip/0036_000000008,context,heldout_environment_earlier_context,notflip,notflip/0036,8,ENV-03,training,30,7,24
ST,training/notflip/0036_000000009,context,heldout_environment_earlier_context,notflip,notflip/0036,9,ENV-03,training,30,8,24
ST,training/notflip/0036_000000010,context,heldout_environment_earlier_context,notflip,notflip/0036,10,ENV-03,training,30,9,24
ST,training/notflip/0036_000000011,context,heldout_environment_earlier_context,notflip,notflip/0036,11,ENV-03,training,30,10,24
ST,training/notflip/0036_000000012,context,heldout_environment_earlier_context,notflip,notflip/0036,12,ENV-03,training,30,11,24
ST,training/notflip/0036_000000013,context,heldout_environment_earlier_context,notflip,notflip/0036,13,ENV-03,training,30,12,24
ST,testing/notflip/0036_000000014,context,heldout_environment_earlier_context,notflip,notflip/0036,14,ENV-03,testing,30,13,24
ST,training/notflip/0036_000000015,context,heldout_environment_earlier_context,notflip,notflip/0036,15,ENV-03,training,30,14,24
ST,training/notflip/0036_000000016,context,heldout_environment_earlier_context,notflip,notflip/0036,16,ENV-03,training,30,15,24
ST,training/notflip/0036_000000017,context,heldout_environment_earlier_context,notflip,notflip/0036,17,ENV-03,training,30,16,24
ST,training/notflip/0036_000000018,context,heldout_environment_earlier_context,notflip,notflip/0036,18,ENV-03,training,30,17,24
ST,training/notflip/0036_000000019,context,heldout_environment_earlier_context,notflip,notflip/0036,19,ENV-03,training,30,18,24
ST,testing/notflip/0036_000000020,context,heldout_environment_earlier_context,notflip,notflip/0036,20,ENV-03,testing,30,19,24
ST,training/notflip/0036_000000021,context,heldout_environment_earlier_context,notflip,notflip/0036,21,ENV-03,training,30,20,24
ST,training/notflip/0036_000000022,context,heldout_environment_earlier_context,notflip,notflip/0036,22,ENV-03,training,30,21,24
ST,training/notflip/0036_000000023,context,heldout_environment_earlier_context,notflip,notflip/0036,23,ENV-03,training,30,22,24
ST,training/notflip/0036_000000024,context,heldout_environment_earlier_context,notflip,notflip/0036,24,ENV-03,training,30,23,24
ST,testing/notflip/0036_000000025,test,heldout_environment_later_test,notflip,notflip/0036,25,ENV-03,testing,30,24,24
ST,training/notflip/0036_000000026,test,heldout_environment_later_test,notflip,notflip/0036,26,ENV-03,training,30,25,24
ST,training/notflip/0036_000000027,test,heldout_environment_later_test,notflip,notflip/0036,27,ENV-03,training,30,26,24
ST,testing/notflip/0036_000000028,test,heldout_environment_later_test,notflip,notflip/0036,28,ENV-03,testing,30,27,24
ST,training/notflip/0036_000000029,test,heldout_environment_later_test,notflip,notflip/0036,29,ENV-03,training,30,28,24
ST,testing/notflip/0036_000000030,test,heldout_environment_later_test,notflip,notflip/0036,30,ENV-03,testing,30,29,24
ST,training/notflip/0037_000000001,context,heldout_environment_earlier_context,notflip,notflip/0037,1,ENV-03,training,30,0,24
ST,testing/notflip/0037_000000002,context,heldout_environment_earlier_context,notflip,notflip/0037,2,ENV-03,testing,30,1,24
ST,training/notflip/0037_000000003,context,heldout_environment_earlier_context,notflip,notflip/0037,3,ENV-03,training,30,2,24
ST,testing/notflip/0037_000000004,context,heldout_environment_earlier_context,notflip,notflip/0037,4,ENV-03,testing,30,3,24
ST,training/notflip/0037_000000005,context,heldout_environment_earlier_context,notflip,notflip/0037,5,ENV-03,training,30,4,24
ST,training/notflip/0037_000000006,context,heldout_environment_earlier_context,notflip,notflip/0037,6,ENV-03,training,30,5,24
ST,testing/notflip/0037_000000007,context,heldout_environment_earlier_context,notflip,notflip/0037,7,ENV-03,testing,30,6,24
ST,testing/notflip/0037_000000008,context,heldout_environment_earlier_context,notflip,notflip/0037,8,ENV-03,testing,30,7,24
ST,training/notflip/0037_000000009,context,heldout_environment_earlier_context,notflip,notflip/0037,9,ENV-03,training,30,8,24
ST,testing/notflip/0037_000000010,context,heldout_environment_earlier_context,notflip,notflip/0037,10,ENV-03,testing,30,9,24
ST,training/notflip/0037_000000011,context,heldout_environment_earlier_context,notflip,notflip/0037,11,ENV-03,training,30,10,24
ST,training/notflip/0037_000000012,context,heldout_environment_earlier_context,notflip,notflip/0037,12,ENV-03,training,30,11,24
ST,training/notflip/0037_000000013,context,heldout_environment_earlier_context,notflip,notflip/0037,13,ENV-03,training,30,12,24
ST,testing/notflip/0037_000000014,context,heldout_environment_earlier_context,notflip,notflip/0037,14,ENV-03,testing,30,13,24
ST,testing/notflip/0037_000000015,context,heldout_environment_earlier_context,notflip,notflip/0037,15,ENV-03,testing,30,14,24
ST,training/notflip/0037_000000016,context,heldout_environment_earlier_context,notflip,notflip/0037,16,ENV-03,training,30,15,24
ST,training/notflip/0037_000000017,context,heldout_environment_earlier_context,notflip,notflip/0037,17,ENV-03,training,30,16,24
ST,testing/notflip/0037_000000018,context,heldout_environment_earlier_context,notflip,notflip/0037,18,ENV-03,testing,30,17,24
ST,testing/notflip/0037_000000019,context,heldout_environment_earlier_context,notflip,notflip/0037,19,ENV-03,testing,30,18,24
ST,training/notflip/0037_000000020,context,heldout_environment_earlier_context,notflip,notflip/0037,20,ENV-03,training,30,19,24
ST,training/notflip/0037_000000021,context,heldout_environment_earlier_context,notflip,notflip/0037,21,ENV-03,training,30,20,24
ST,training/notflip/0037_000000022,context,heldout_environment_earlier_context,notflip,notflip/0037,22,ENV-03,training,30,21,24
ST,training/notflip/0037_000000023,context,heldout_environment_earlier_context,notflip,notflip/0037,23,ENV-03,training,30,22,24
ST,training/notflip/0037_000000024,context,heldout_environment_earlier_context,notflip,notflip/0037,24,ENV-03,training,30,23,24
ST,testing/notflip/0037_000000025,test,heldout_environment_later_test,notflip,notflip/0037,25,ENV-03,testing,30,24,24
ST,training/notflip/0037_000000026,test,heldout_environment_later_test,notflip,notflip/0037,26,ENV-03,training,30,25,24
ST,training/notflip/0037_000000027,test,heldout_environment_later_test,notflip,notflip/0037,27,ENV-03,training,30,26,24
ST,testing/notflip/0037_000000028,test,heldout_environment_later_test,notflip,notflip/0037,28,ENV-03,testing,30,27,24
ST,training/notflip/0037_000000029,test,heldout_environment_later_test,notflip,notflip/0037,29,ENV-03,training,30,28,24
ST,training/notflip/0037_000000030,test,heldout_environment_later_test,notflip,notflip/0037,30,ENV-03,training,30,29,24
ST,training/notflip/0038_000000001,context,heldout_environment_earlier_context,notflip,notflip/0038,1,ENV-03,training,30,0,24
ST,training/notflip/0038_000000002,context,heldout_environment_earlier_context,notflip,notflip/0038,2,ENV-03,training,30,1,24
ST,training/notflip/0038_000000003,context,heldout_environment_earlier_context,notflip,notflip/0038,3,ENV-03,training,30,2,24
ST,training/notflip/0038_000000004,context,heldout_environment_earlier_context,notflip,notflip/0038,4,ENV-03,training,30,3,24
ST,testing/notflip/0038_000000005,context,heldout_environment_earlier_context,notflip,notflip/0038,5,ENV-03,testing,30,4,24
ST,training/notflip/0038_000000006,context,heldout_environment_earlier_context,notflip,notflip/0038,6,ENV-03,training,30,5,24
ST,training/notflip/0038_000000007,context,heldout_environment_earlier_context,notflip,notflip/0038,7,ENV-03,training,30,6,24
ST,testing/notflip/0038_000000008,context,heldout_environment_earlier_context,notflip,notflip/0038,8,ENV-03,testing,30,7,24
ST,testing/notflip/0038_000000009,context,heldout_environment_earlier_context,notflip,notflip/0038,9,ENV-03,testing,30,8,24
ST,testing/notflip/0038_000000010,context,heldout_environment_earlier_context,notflip,notflip/0038,10,ENV-03,testing,30,9,24
ST,testing/notflip/0038_000000011,context,heldout_environment_earlier_context,notflip,notflip/0038,11,ENV-03,testing,30,10,24
ST,training/notflip/0038_000000012,context,heldout_environment_earlier_context,notflip,notflip/0038,12,ENV-03,training,30,11,24
ST,training/notflip/0038_000000013,context,heldout_environment_earlier_context,notflip,notflip/0038,13,ENV-03,training,30,12,24
ST,training/notflip/0038_000000014,context,heldout_environment_earlier_context,notflip,notflip/0038,14,ENV-03,training,30,13,24
ST,training/notflip/0038_000000015,context,heldout_environment_earlier_context,notflip,notflip/0038,15,ENV-03,training,30,14,24
ST,training/notflip/0038_000000016,context,heldout_environment_earlier_context,notflip,notflip/0038,16,ENV-03,training,30,15,24
ST,training/notflip/0038_000000017,context,heldout_environment_earlier_context,notflip,notflip/0038,17,ENV-03,training,30,16,24
ST,training/notflip/0038_000000018,context,heldout_environment_earlier_context,notflip,notflip/0038,18,ENV-03,training,30,17,24
ST,training/notflip/0038_000000019,context,heldout_environment_earlier_context,notflip,notflip/0038,19,ENV-03,training,30,18,24
ST,testing/notflip/0038_000000020,context,heldout_environment_earlier_context,notflip,notflip/0038,20,ENV-03,testing,30,19,24
ST,training/notflip/0038_000000021,context,heldout_environment_earlier_context,notflip,notflip/0038,21,ENV-03,training,30,20,24
ST,testing/notflip/0038_000000022,context,heldout_environment_earlier_context,notflip,notflip/0038,22,ENV-03,testing,30,21,24
ST,testing/notflip/0038_000000023,context,heldout_environment_earlier_context,notflip,notflip/0038,23,ENV-03,testing,30,22,24
ST,training/notflip/0038_000000024,context,heldout_environment_earlier_context,notflip,notflip/0038,24,ENV-03,training,30,23,24
ST,training/notflip/0038_000000025,test,heldout_environment_later_test,notflip,notflip/0038,25,ENV-03,training,30,24,24
ST,training/notflip/0038_000000026,test,heldout_environment_later_test,notflip,notflip/0038,26,ENV-03,training,30,25,24
ST,training/notflip/0038_000000027,test,heldout_environment_later_test,notflip,notflip/0038,27,ENV-03,training,30,26,24
ST,training/notflip/0038_000000028,test,heldout_environment_later_test,notflip,notflip/0038,28,ENV-03,training,30,27,24
ST,training/notflip/0038_000000029,test,heldout_environment_later_test,notflip,notflip/0038,29,ENV-03,training,30,28,24
ST,training/notflip/0038_000000030,test,heldout_environment_later_test,notflip,notflip/0038,30,ENV-03,training,30,29,24
ST,training/notflip/0039_000000001,context,heldout_environment_earlier_context,notflip,notflip/0039,1,ENV-03,training,30,0,24
ST,training/notflip/0039_000000002,context,heldout_environment_earlier_context,notflip,notflip/0039,2,ENV-03,training,30,1,24
ST,testing/notflip/0039_000000003,context,heldout_environment_earlier_context,notflip,notflip/0039,3,ENV-03,testing,30,2,24
ST,training/notflip/0039_000000004,context,heldout_environment_earlier_context,notflip,notflip/0039,4,ENV-03,training,30,3,24
ST,training/notflip/0039_000000005,context,heldout_environment_earlier_context,notflip,notflip/0039,5,ENV-03,training,30,4,24
ST,training/notflip/0039_000000006,context,heldout_environment_earlier_context,notflip,notflip/0039,6,ENV-03,training,30,5,24
ST,training/notflip/0039_000000007,context,heldout_environment_earlier_context,notflip,notflip/0039,7,ENV-03,training,30,6,24
ST,training/notflip/0039_000000008,context,heldout_environment_earlier_context,notflip,notflip/0039,8,ENV-03,training,30,7,24
ST,training/notflip/0039_000000009,context,heldout_environment_earlier_context,notflip,notflip/0039,9,ENV-03,training,30,8,24
ST,training/notflip/0039_000000010,context,heldout_environment_earlier_context,notflip,notflip/0039,10,ENV-03,training,30,9,24
ST,training/notflip/0039_000000011,context,heldout_environment_earlier_context,notflip,notflip/0039,11,ENV-03,training,30,10,24
ST,training/notflip/0039_000000012,context,heldout_environment_earlier_context,notflip,notflip/0039,12,ENV-03,training,30,11,24
ST,training/notflip/0039_000000013,context,heldout_environment_earlier_context,notflip,notflip/0039,13,ENV-03,training,30,12,24
ST,training/notflip/0039_000000014,context,heldout_environment_earlier_context,notflip,notflip/0039,14,ENV-03,training,30,13,24
ST,training/notflip/0039_000000015,context,heldout_environment_earlier_context,notflip,notflip/0039,15,ENV-03,training,30,14,24
ST,training/notflip/0039_000000016,context,heldout_environment_earlier_context,notflip,notflip/0039,16,ENV-03,training,30,15,24
ST,training/notflip/0039_000000017,context,heldout_environment_earlier_context,notflip,notflip/0039,17,ENV-03,training,30,16,24
ST,training/notflip/0039_000000018,context,heldout_environment_earlier_context,notflip,notflip/0039,18,ENV-03,training,30,17,24
ST,training/notflip/0039_000000019,context,heldout_environment_earlier_context,notflip,notflip/0039,19,ENV-03,training,30,18,24
ST,training/notflip/0039_000000020,context,heldout_environment_earlier_context,notflip,notflip/0039,20,ENV-03,training,30,19,24
ST,training/notflip/0039_000000021,context,heldout_environment_earlier_context,notflip,notflip/0039,21,ENV-03,training,30,20,24
ST,testing/notflip/0039_000000022,context,heldout_environment_earlier_context,notflip,notflip/0039,22,ENV-03,testing,30,21,24
ST,training/notflip/0039_000000023,context,heldout_environment_earlier_context,notflip,notflip/0039,23,ENV-03,training,30,22,24
ST,training/notflip/0039_000000024,context,heldout_environment_earlier_context,notflip,notflip/0039,24,ENV-03,training,30,23,24
ST,training/notflip/0039_000000025,test,heldout_environment_later_test,notflip,notflip/0039,25,ENV-03,training,30,24,24
ST,testing/notflip/0039_000000026,test,heldout_environment_later_test,notflip,notflip/0039,26,ENV-03,testing,30,25,24
ST,training/notflip/0039_000000027,test,heldout_environment_later_test,notflip,notflip/0039,27,ENV-03,training,30,26,24
ST,training/notflip/0039_000000028,test,heldout_environment_later_test,notflip,notflip/0039,28,ENV-03,training,30,27,24
ST,training/notflip/0039_000000029,test,heldout_environment_later_test,notflip,notflip/0039,29,ENV-03,training,30,28,24
ST,training/notflip/0039_000000030,test,heldout_environment_later_test,notflip,notflip/0039,30,ENV-03,training,30,29,24
ST,training/notflip/0040_000000001,context,heldout_environment_earlier_context,notflip,notflip/0040,1,ENV-03,training,30,0,24
ST,training/notflip/0040_000000002,context,heldout_environment_earlier_context,notflip,notflip/0040,2,ENV-03,training,30,1,24
ST,training/notflip/0040_000000003,context,heldout_environment_earlier_context,notflip,notflip/0040,3,ENV-03,training,30,2,24
ST,testing/notflip/0040_000000004,context,heldout_environment_earlier_context,notflip,notflip/0040,4,ENV-03,testing,30,3,24
ST,testing/notflip/0040_000000005,context,heldout_environment_earlier_context,notflip,notflip/0040,5,ENV-03,testing,30,4,24
ST,testing/notflip/0040_000000006,context,heldout_environment_earlier_context,notflip,notflip/0040,6,ENV-03,testing,30,5,24
ST,testing/notflip/0040_000000007,context,heldout_environment_earlier_context,notflip,notflip/0040,7,ENV-03,testing,30,6,24
ST,training/notflip/0040_000000008,context,heldout_environment_earlier_context,notflip,notflip/0040,8,ENV-03,training,30,7,24
ST,training/notflip/0040_000000009,context,heldout_environment_earlier_context,notflip,notflip/0040,9,ENV-03,training,30,8,24
ST,training/notflip/0040_000000010,context,heldout_environment_earlier_context,notflip,notflip/0040,10,ENV-03,training,30,9,24
ST,testing/notflip/0040_000000011,context,heldout_environment_earlier_context,notflip,notflip/0040,11,ENV-03,testing,30,10,24
ST,testing/notflip/0040_000000012,context,heldout_environment_earlier_context,notflip,notflip/0040,12,ENV-03,testing,30,11,24
ST,training/notflip/0040_000000013,context,heldout_environment_earlier_context,notflip,notflip/0040,13,ENV-03,training,30,12,24
ST,testing/notflip/0040_000000014,context,heldout_environment_earlier_context,notflip,notflip/0040,14,ENV-03,testing,30,13,24
ST,training/notflip/0040_000000015,context,heldout_environment_earlier_context,notflip,notflip/0040,15,ENV-03,training,30,14,24
ST,testing/notflip/0040_000000016,context,heldout_environment_earlier_context,notflip,notflip/0040,16,ENV-03,testing,30,15,24
ST,testing/notflip/0040_000000017,context,heldout_environment_earlier_context,notflip,notflip/0040,17,ENV-03,testing,30,16,24
ST,testing/notflip/0040_000000018,context,heldout_environment_earlier_context,notflip,notflip/0040,18,ENV-03,testing,30,17,24
ST,training/notflip/0040_000000019,context,heldout_environment_earlier_context,notflip,notflip/0040,19,ENV-03,training,30,18,24
ST,training/notflip/0040_000000020,context,heldout_environment_earlier_context,notflip,notflip/0040,20,ENV-03,training,30,19,24
ST,training/notflip/0040_000000021,context,heldout_environment_earlier_context,notflip,notflip/0040,21,ENV-03,training,30,20,24
ST,training/notflip/0040_000000022,context,heldout_environment_earlier_context,notflip,notflip/0040,22,ENV-03,training,30,21,24
ST,training/notflip/0040_000000023,context,heldout_environment_earlier_context,notflip,notflip/0040,23,ENV-03,training,30,22,24
ST,training/notflip/0040_000000024,context,heldout_environment_earlier_context,notflip,notflip/0040,24,ENV-03,training,30,23,24
ST,training/notflip/0040_000000025,test,heldout_environment_later_test,notflip,notflip/0040,25,ENV-03,training,30,24,24
ST,training/notflip/0040_000000026,test,heldout_environment_later_test,notflip,notflip/0040,26,ENV-03,training,30,25,24
ST,training/notflip/0040_000000027,test,heldout_environment_later_test,notflip,notflip/0040,27,ENV-03,training,30,26,24
ST,training/notflip/0040_000000028,test,heldout_environment_later_test,notflip,notflip/0040,28,ENV-03,training,30,27,24
ST,training/notflip/0040_000000029,test,heldout_environment_later_test,notflip,notflip/0040,29,ENV-03,training,30,28,24
ST,training/notflip/0040_000000030,test,heldout_environment_later_test,notflip,notflip/0040,30,ENV-03,training,30,29,24
ST,testing/notflip/0041_000000001,train,known_environment_earlier_train,notflip,notflip/0041,1,ENV-04,testing,37,0,29
ST,training/notflip/0041_000000002,train,known_environment_earlier_train,notflip,notflip/0041,2,ENV-04,training,37,1,29
ST,testing/notflip/0041_000000003,train,known_environment_earlier_train,notflip,notflip/0041,3,ENV-04,testing,37,2,29
ST,training/notflip/0041_000000004,train,known_environment_earlier_train,notflip,notflip/0041,4,ENV-04,training,37,3,29
ST,training/notflip/0041_000000005,train,known_environment_earlier_train,notflip,notflip/0041,5,ENV-04,training,37,4,29
ST,testing/notflip/0041_000000006,train,known_environment_earlier_train,notflip,notflip/0041,6,ENV-04,testing,37,5,29
ST,training/notflip/0041_000000007,train,known_environment_earlier_train,notflip,notflip/0041,7,ENV-04,training,37,6,29
ST,training/notflip/0041_000000008,train,known_environment_earlier_train,notflip,notflip/0041,8,ENV-04,training,37,7,29
ST,training/notflip/0041_000000009,train,known_environment_earlier_train,notflip,notflip/0041,9,ENV-04,training,37,8,29
ST,training/notflip/0041_000000010,train,known_environment_earlier_train,notflip,notflip/0041,10,ENV-04,training,37,9,29
ST,testing/notflip/0041_000000011,train,known_environment_earlier_train,notflip,notflip/0041,11,ENV-04,testing,37,10,29
ST,training/notflip/0041_000000012,train,known_environment_earlier_train,notflip,notflip/0041,12,ENV-04,training,37,11,29
ST,training/notflip/0041_000000013,train,known_environment_earlier_train,notflip,notflip/0041,13,ENV-04,training,37,12,29
ST,testing/notflip/0041_000000014,train,known_environment_earlier_train,notflip,notflip/0041,14,ENV-04,testing,37,13,29
ST,testing/notflip/0041_000000015,train,known_environment_earlier_train,notflip,notflip/0041,15,ENV-04,testing,37,14,29
ST,training/notflip/0041_000000016,train,known_environment_earlier_train,notflip,notflip/0041,16,ENV-04,training,37,15,29
ST,training/notflip/0041_000000017,train,known_environment_earlier_train,notflip,notflip/0041,17,ENV-04,training,37,16,29
ST,training/notflip/0041_000000018,train,known_environment_earlier_train,notflip,notflip/0041,18,ENV-04,training,37,17,29
ST,training/notflip/0041_000000019,train,known_environment_earlier_train,notflip,notflip/0041,19,ENV-04,training,37,18,29
ST,training/notflip/0041_000000020,train,known_environment_earlier_train,notflip,notflip/0041,20,ENV-04,training,37,19,29
ST,testing/notflip/0041_000000021,train,known_environment_earlier_train,notflip,notflip/0041,21,ENV-04,testing,37,20,29
ST,testing/notflip/0041_000000022,train,known_environment_earlier_train,notflip,notflip/0041,22,ENV-04,testing,37,21,29
ST,training/notflip/0041_000000023,train,known_environment_earlier_train,notflip,notflip/0041,23,ENV-04,training,37,22,29
ST,training/notflip/0041_000000024,train,known_environment_earlier_train,notflip,notflip/0041,24,ENV-04,training,37,23,29
ST,training/notflip/0041_000000025,train,known_environment_earlier_train,notflip,notflip/0041,25,ENV-04,training,37,24,29
ST,training/notflip/0041_000000026,train,known_environment_earlier_train,notflip,notflip/0041,26,ENV-04,training,37,25,29
ST,training/notflip/0041_000000027,train,known_environment_earlier_train,notflip,notflip/0041,27,ENV-04,training,37,26,29
ST,testing/notflip/0041_000000028,train,known_environment_earlier_train,notflip,notflip/0041,28,ENV-04,testing,37,27,29
ST,training/notflip/0041_000000029,train,known_environment_earlier_train,notflip,notflip/0041,29,ENV-04,training,37,28,29
ST,training/notflip/0041_000000030,context,known_environment_later_context,notflip,notflip/0041,30,ENV-04,training,37,29,29
ST,training/notflip/0041_000000031,context,known_environment_later_context,notflip,notflip/0041,31,ENV-04,training,37,30,29
ST,training/notflip/0041_000000032,context,known_environment_later_context,notflip,notflip/0041,32,ENV-04,training,37,31,29
ST,training/notflip/0041_000000033,context,known_environment_later_context,notflip,notflip/0041,33,ENV-04,training,37,32,29
ST,testing/notflip/0041_000000034,context,known_environment_later_context,notflip,notflip/0041,34,ENV-04,testing,37,33,29
ST,training/notflip/0041_000000035,context,known_environment_later_context,notflip,notflip/0041,35,ENV-04,training,37,34,29
ST,testing/notflip/0041_000000036,context,known_environment_later_context,notflip,notflip/0041,36,ENV-04,testing,37,35,29
ST,training/notflip/0041_000000037,context,known_environment_later_context,notflip,notflip/0041,37,ENV-04,training,37,36,29
ST,testing/notflip/0042_000000001,train,known_environment_earlier_train,notflip,notflip/0042,1,ENV-04,testing,30,0,24
ST,training/notflip/0042_000000002,train,known_environment_earlier_train,notflip,notflip/0042,2,ENV-04,training,30,1,24
ST,training/notflip/0042_000000003,train,known_environment_earlier_train,notflip,notflip/0042,3,ENV-04,training,30,2,24
ST,training/notflip/0042_000000004,train,known_environment_earlier_train,notflip,notflip/0042,4,ENV-04,training,30,3,24
ST,training/notflip/0042_000000005,train,known_environment_earlier_train,notflip,notflip/0042,5,ENV-04,training,30,4,24
ST,testing/notflip/0042_000000006,train,known_environment_earlier_train,notflip,notflip/0042,6,ENV-04,testing,30,5,24
ST,testing/notflip/0042_000000007,train,known_environment_earlier_train,notflip,notflip/0042,7,ENV-04,testing,30,6,24
ST,training/notflip/0042_000000008,train,known_environment_earlier_train,notflip,notflip/0042,8,ENV-04,training,30,7,24
ST,training/notflip/0042_000000009,train,known_environment_earlier_train,notflip,notflip/0042,9,ENV-04,training,30,8,24
ST,training/notflip/0042_000000010,train,known_environment_earlier_train,notflip,notflip/0042,10,ENV-04,training,30,9,24
ST,training/notflip/0042_000000011,train,known_environment_earlier_train,notflip,notflip/0042,11,ENV-04,training,30,10,24
ST,training/notflip/0042_000000012,train,known_environment_earlier_train,notflip,notflip/0042,12,ENV-04,training,30,11,24
ST,testing/notflip/0042_000000013,train,known_environment_earlier_train,notflip,notflip/0042,13,ENV-04,testing,30,12,24
ST,training/notflip/0042_000000014,train,known_environment_earlier_train,notflip,notflip/0042,14,ENV-04,training,30,13,24
ST,training/notflip/0042_000000015,train,known_environment_earlier_train,notflip,notflip/0042,15,ENV-04,training,30,14,24
ST,training/notflip/0042_000000016,train,known_environment_earlier_train,notflip,notflip/0042,16,ENV-04,training,30,15,24
ST,training/notflip/0042_000000017,train,known_environment_earlier_train,notflip,notflip/0042,17,ENV-04,training,30,16,24
ST,training/notflip/0042_000000018,train,known_environment_earlier_train,notflip,notflip/0042,18,ENV-04,training,30,17,24
ST,training/notflip/0042_000000019,train,known_environment_earlier_train,notflip,notflip/0042,19,ENV-04,training,30,18,24
ST,training/notflip/0042_000000020,train,known_environment_earlier_train,notflip,notflip/0042,20,ENV-04,training,30,19,24
ST,testing/notflip/0042_000000021,train,known_environment_earlier_train,notflip,notflip/0042,21,ENV-04,testing,30,20,24
ST,training/notflip/0042_000000022,train,known_environment_earlier_train,notflip,notflip/0042,22,ENV-04,training,30,21,24
ST,training/notflip/0042_000000023,train,known_environment_earlier_train,notflip,notflip/0042,23,ENV-04,training,30,22,24
ST,testing/notflip/0042_000000024,train,known_environment_earlier_train,notflip,notflip/0042,24,ENV-04,testing,30,23,24
ST,training/notflip/0042_000000025,context,known_environment_later_context,notflip,notflip/0042,25,ENV-04,training,30,24,24
ST,training/notflip/0042_000000026,context,known_environment_later_context,notflip,notflip/0042,26,ENV-04,training,30,25,24
ST,testing/notflip/0042_000000027,context,known_environment_later_context,notflip,notflip/0042,27,ENV-04,testing,30,26,24
ST,training/notflip/0042_000000028,context,known_environment_later_context,notflip,notflip/0042,28,ENV-04,training,30,27,24
ST,training/notflip/0042_000000029,context,known_environment_later_context,notflip,notflip/0042,29,ENV-04,training,30,28,24
ST,testing/notflip/0042_000000030,context,known_environment_later_context,notflip,notflip/0042,30,ENV-04,testing,30,29,24
ST,training/notflip/0043_000000001,train,known_environment_earlier_train,notflip,notflip/0043,1,ENV-04,training,30,0,24
ST,training/notflip/0043_000000002,train,known_environment_earlier_train,notflip,notflip/0043,2,ENV-04,training,30,1,24
ST,training/notflip/0043_000000003,train,known_environment_earlier_train,notflip,notflip/0043,3,ENV-04,training,30,2,24
ST,training/notflip/0043_000000004,train,known_environment_earlier_train,notflip,notflip/0043,4,ENV-04,training,30,3,24
ST,training/notflip/0043_000000005,train,known_environment_earlier_train,notflip,notflip/0043,5,ENV-04,training,30,4,24
ST,training/notflip/0043_000000006,train,known_environment_earlier_train,notflip,notflip/0043,6,ENV-04,training,30,5,24
ST,training/notflip/0043_000000007,train,known_environment_earlier_train,notflip,notflip/0043,7,ENV-04,training,30,6,24
ST,training/notflip/0043_000000008,train,known_environment_earlier_train,notflip,notflip/0043,8,ENV-04,training,30,7,24
ST,training/notflip/0043_000000009,train,known_environment_earlier_train,notflip,notflip/0043,9,ENV-04,training,30,8,24
ST,training/notflip/0043_000000010,train,known_environment_earlier_train,notflip,notflip/0043,10,ENV-04,training,30,9,24
ST,training/notflip/0043_000000011,train,known_environment_earlier_train,notflip,notflip/0043,11,ENV-04,training,30,10,24
ST,training/notflip/0043_000000012,train,known_environment_earlier_train,notflip,notflip/0043,12,ENV-04,training,30,11,24
ST,training/notflip/0043_000000013,train,known_environment_earlier_train,notflip,notflip/0043,13,ENV-04,training,30,12,24
ST,training/notflip/0043_000000014,train,known_environment_earlier_train,notflip,notflip/0043,14,ENV-04,training,30,13,24
ST,training/notflip/0043_000000015,train,known_environment_earlier_train,notflip,notflip/0043,15,ENV-04,training,30,14,24
ST,training/notflip/0043_000000016,train,known_environment_earlier_train,notflip,notflip/0043,16,ENV-04,training,30,15,24
ST,training/notflip/0043_000000017,train,known_environment_earlier_train,notflip,notflip/0043,17,ENV-04,training,30,16,24
ST,training/notflip/0043_000000018,train,known_environment_earlier_train,notflip,notflip/0043,18,ENV-04,training,30,17,24
ST,training/notflip/0043_000000019,train,known_environment_earlier_train,notflip,notflip/0043,19,ENV-04,training,30,18,24
ST,training/notflip/0043_000000020,train,known_environment_earlier_train,notflip,notflip/0043,20,ENV-04,training,30,19,24
ST,training/notflip/0043_000000021,train,known_environment_earlier_train,notflip,notflip/0043,21,ENV-04,training,30,20,24
ST,training/notflip/0043_000000022,train,known_environment_earlier_train,notflip,notflip/0043,22,ENV-04,training,30,21,24
ST,testing/notflip/0043_000000023,train,known_environment_earlier_train,notflip,notflip/0043,23,ENV-04,testing,30,22,24
ST,testing/notflip/0043_000000024,train,known_environment_earlier_train,notflip,notflip/0043,24,ENV-04,testing,30,23,24
ST,training/notflip/0043_000000025,context,known_environment_later_context,notflip,notflip/0043,25,ENV-04,training,30,24,24
ST,testing/notflip/0043_000000026,context,known_environment_later_context,notflip,notflip/0043,26,ENV-04,testing,30,25,24
ST,training/notflip/0043_000000027,context,known_environment_later_context,notflip,notflip/0043,27,ENV-04,training,30,26,24
ST,training/notflip/0043_000000028,context,known_environment_later_context,notflip,notflip/0043,28,ENV-04,training,30,27,24
ST,training/notflip/0043_000000029,context,known_environment_later_context,notflip,notflip/0043,29,ENV-04,training,30,28,24
ST,training/notflip/0043_000000030,context,known_environment_later_context,notflip,notflip/0043,30,ENV-04,training,30,29,24
ST,training/notflip/0044_000000001,train,known_environment_earlier_train,notflip,notflip/0044,1,ENV-04,training,30,0,24
ST,training/notflip/0044_000000002,train,known_environment_earlier_train,notflip,notflip/0044,2,ENV-04,training,30,1,24
ST,training/notflip/0044_000000003,train,known_environment_earlier_train,notflip,notflip/0044,3,ENV-04,training,30,2,24
ST,training/notflip/0044_000000004,train,known_environment_earlier_train,notflip,notflip/0044,4,ENV-04,training,30,3,24
ST,training/notflip/0044_000000005,train,known_environment_earlier_train,notflip,notflip/0044,5,ENV-04,training,30,4,24
ST,testing/notflip/0044_000000006,train,known_environment_earlier_train,notflip,notflip/0044,6,ENV-04,testing,30,5,24
ST,training/notflip/0044_000000007,train,known_environment_earlier_train,notflip,notflip/0044,7,ENV-04,training,30,6,24
ST,training/notflip/0044_000000008,train,known_environment_earlier_train,notflip,notflip/0044,8,ENV-04,training,30,7,24
ST,training/notflip/0044_000000009,train,known_environment_earlier_train,notflip,notflip/0044,9,ENV-04,training,30,8,24
ST,training/notflip/0044_000000010,train,known_environment_earlier_train,notflip,notflip/0044,10,ENV-04,training,30,9,24
ST,training/notflip/0044_000000011,train,known_environment_earlier_train,notflip,notflip/0044,11,ENV-04,training,30,10,24
ST,training/notflip/0044_000000012,train,known_environment_earlier_train,notflip,notflip/0044,12,ENV-04,training,30,11,24
ST,training/notflip/0044_000000013,train,known_environment_earlier_train,notflip,notflip/0044,13,ENV-04,training,30,12,24
ST,testing/notflip/0044_000000014,train,known_environment_earlier_train,notflip,notflip/0044,14,ENV-04,testing,30,13,24
ST,training/notflip/0044_000000015,train,known_environment_earlier_train,notflip,notflip/0044,15,ENV-04,training,30,14,24
ST,training/notflip/0044_000000016,train,known_environment_earlier_train,notflip,notflip/0044,16,ENV-04,training,30,15,24
ST,training/notflip/0044_000000017,train,known_environment_earlier_train,notflip,notflip/0044,17,ENV-04,training,30,16,24
ST,training/notflip/0044_000000018,train,known_environment_earlier_train,notflip,notflip/0044,18,ENV-04,training,30,17,24
ST,training/notflip/0044_000000019,train,known_environment_earlier_train,notflip,notflip/0044,19,ENV-04,training,30,18,24
ST,training/notflip/0044_000000020,train,known_environment_earlier_train,notflip,notflip/0044,20,ENV-04,training,30,19,24
ST,training/notflip/0044_000000021,train,known_environment_earlier_train,notflip,notflip/0044,21,ENV-04,training,30,20,24
ST,training/notflip/0044_000000022,train,known_environment_earlier_train,notflip,notflip/0044,22,ENV-04,training,30,21,24
ST,training/notflip/0044_000000023,train,known_environment_earlier_train,notflip,notflip/0044,23,ENV-04,training,30,22,24
ST,training/notflip/0044_000000024,train,known_environment_earlier_train,notflip,notflip/0044,24,ENV-04,training,30,23,24
ST,training/notflip/0044_000000025,context,known_environment_later_context,notflip,notflip/0044,25,ENV-04,training,30,24,24
ST,training/notflip/0044_000000026,context,known_environment_later_context,notflip,notflip/0044,26,ENV-04,training,30,25,24
ST,testing/notflip/0044_000000027,context,known_environment_later_context,notflip,notflip/0044,27,ENV-04,testing,30,26,24
ST,training/notflip/0044_000000028,context,known_environment_later_context,notflip,notflip/0044,28,ENV-04,training,30,27,24
ST,training/notflip/0044_000000029,context,known_environment_later_context,notflip,notflip/0044,29,ENV-04,training,30,28,24
ST,training/notflip/0044_000000030,context,known_environment_later_context,notflip,notflip/0044,30,ENV-04,training,30,29,24
ST,training/notflip/0045_000000001,train,known_environment_earlier_train,notflip,notflip/0045,1,ENV-04,training,30,0,24
ST,training/notflip/0045_000000002,train,known_environment_earlier_train,notflip,notflip/0045,2,ENV-04,training,30,1,24
ST,training/notflip/0045_000000003,train,known_environment_earlier_train,notflip,notflip/0045,3,ENV-04,training,30,2,24
ST,training/notflip/0045_000000004,train,known_environment_earlier_train,notflip,notflip/0045,4,ENV-04,training,30,3,24
ST,testing/notflip/0045_000000005,train,known_environment_earlier_train,notflip,notflip/0045,5,ENV-04,testing,30,4,24
ST,training/notflip/0045_000000006,train,known_environment_earlier_train,notflip,notflip/0045,6,ENV-04,training,30,5,24
ST,training/notflip/0045_000000007,train,known_environment_earlier_train,notflip,notflip/0045,7,ENV-04,training,30,6,24
ST,training/notflip/0045_000000008,train,known_environment_earlier_train,notflip,notflip/0045,8,ENV-04,training,30,7,24
ST,training/notflip/0045_000000009,train,known_environment_earlier_train,notflip,notflip/0045,9,ENV-04,training,30,8,24
ST,training/notflip/0045_000000010,train,known_environment_earlier_train,notflip,notflip/0045,10,ENV-04,training,30,9,24
ST,training/notflip/0045_000000011,train,known_environment_earlier_train,notflip,notflip/0045,11,ENV-04,training,30,10,24
ST,testing/notflip/0045_000000012,train,known_environment_earlier_train,notflip,notflip/0045,12,ENV-04,testing,30,11,24
ST,testing/notflip/0045_000000013,train,known_environment_earlier_train,notflip,notflip/0045,13,ENV-04,testing,30,12,24
ST,training/notflip/0045_000000014,train,known_environment_earlier_train,notflip,notflip/0045,14,ENV-04,training,30,13,24
ST,training/notflip/0045_000000015,train,known_environment_earlier_train,notflip,notflip/0045,15,ENV-04,training,30,14,24
ST,testing/notflip/0045_000000016,train,known_environment_earlier_train,notflip,notflip/0045,16,ENV-04,testing,30,15,24
ST,training/notflip/0045_000000017,train,known_environment_earlier_train,notflip,notflip/0045,17,ENV-04,training,30,16,24
ST,testing/notflip/0045_000000018,train,known_environment_earlier_train,notflip,notflip/0045,18,ENV-04,testing,30,17,24
ST,training/notflip/0045_000000019,train,known_environment_earlier_train,notflip,notflip/0045,19,ENV-04,training,30,18,24
ST,training/notflip/0045_000000020,train,known_environment_earlier_train,notflip,notflip/0045,20,ENV-04,training,30,19,24
ST,training/notflip/0045_000000021,train,known_environment_earlier_train,notflip,notflip/0045,21,ENV-04,training,30,20,24
ST,testing/notflip/0045_000000022,train,known_environment_earlier_train,notflip,notflip/0045,22,ENV-04,testing,30,21,24
ST,training/notflip/0045_000000023,train,known_environment_earlier_train,notflip,notflip/0045,23,ENV-04,training,30,22,24
ST,training/notflip/0045_000000024,train,known_environment_earlier_train,notflip,notflip/0045,24,ENV-04,training,30,23,24
ST,training/notflip/0045_000000025,context,known_environment_later_context,notflip,notflip/0045,25,ENV-04,training,30,24,24
ST,testing/notflip/0045_000000026,context,known_environment_later_context,notflip,notflip/0045,26,ENV-04,testing,30,25,24
ST,training/notflip/0045_000000027,context,known_environment_later_context,notflip,notflip/0045,27,ENV-04,training,30,26,24
ST,testing/notflip/0045_000000028,context,known_environment_later_context,notflip,notflip/0045,28,ENV-04,testing,30,27,24
ST,training/notflip/0045_000000029,context,known_environment_later_context,notflip,notflip/0045,29,ENV-04,training,30,28,24
ST,testing/notflip/0045_000000030,context,known_environment_later_context,notflip,notflip/0045,30,ENV-04,testing,30,29,24
ST,training/notflip/0046_000000001,train,known_environment_earlier_train,notflip,notflip/0046,1,ENV-04,training,30,0,24
ST,training/notflip/0046_000000002,train,known_environment_earlier_train,notflip,notflip/0046,2,ENV-04,training,30,1,24
ST,testing/notflip/0046_000000003,train,known_environment_earlier_train,notflip,notflip/0046,3,ENV-04,testing,30,2,24
ST,training/notflip/0046_000000004,train,known_environment_earlier_train,notflip,notflip/0046,4,ENV-04,training,30,3,24
ST,training/notflip/0046_000000005,train,known_environment_earlier_train,notflip,notflip/0046,5,ENV-04,training,30,4,24
ST,training/notflip/0046_000000006,train,known_environment_earlier_train,notflip,notflip/0046,6,ENV-04,training,30,5,24
ST,training/notflip/0046_000000007,train,known_environment_earlier_train,notflip,notflip/0046,7,ENV-04,training,30,6,24
ST,training/notflip/0046_000000008,train,known_environment_earlier_train,notflip,notflip/0046,8,ENV-04,training,30,7,24
ST,training/notflip/0046_000000009,train,known_environment_earlier_train,notflip,notflip/0046,9,ENV-04,training,30,8,24
ST,training/notflip/0046_000000010,train,known_environment_earlier_train,notflip,notflip/0046,10,ENV-04,training,30,9,24
ST,testing/notflip/0046_000000011,train,known_environment_earlier_train,notflip,notflip/0046,11,ENV-04,testing,30,10,24
ST,testing/notflip/0046_000000012,train,known_environment_earlier_train,notflip,notflip/0046,12,ENV-04,testing,30,11,24
ST,training/notflip/0046_000000013,train,known_environment_earlier_train,notflip,notflip/0046,13,ENV-04,training,30,12,24
ST,training/notflip/0046_000000014,train,known_environment_earlier_train,notflip,notflip/0046,14,ENV-04,training,30,13,24
ST,training/notflip/0046_000000015,train,known_environment_earlier_train,notflip,notflip/0046,15,ENV-04,training,30,14,24
ST,training/notflip/0046_000000016,train,known_environment_earlier_train,notflip,notflip/0046,16,ENV-04,training,30,15,24
ST,training/notflip/0046_000000017,train,known_environment_earlier_train,notflip,notflip/0046,17,ENV-04,training,30,16,24
ST,training/notflip/0046_000000018,train,known_environment_earlier_train,notflip,notflip/0046,18,ENV-04,training,30,17,24
ST,training/notflip/0046_000000019,train,known_environment_earlier_train,notflip,notflip/0046,19,ENV-04,training,30,18,24
ST,training/notflip/0046_000000020,train,known_environment_earlier_train,notflip,notflip/0046,20,ENV-04,training,30,19,24
ST,training/notflip/0046_000000021,train,known_environment_earlier_train,notflip,notflip/0046,21,ENV-04,training,30,20,24
ST,training/notflip/0046_000000022,train,known_environment_earlier_train,notflip,notflip/0046,22,ENV-04,training,30,21,24
ST,training/notflip/0046_000000023,train,known_environment_earlier_train,notflip,notflip/0046,23,ENV-04,training,30,22,24
ST,training/notflip/0046_000000024,train,known_environment_earlier_train,notflip,notflip/0046,24,ENV-04,training,30,23,24
ST,training/notflip/0046_000000025,context,known_environment_later_context,notflip,notflip/0046,25,ENV-04,training,30,24,24
ST,training/notflip/0046_000000026,context,known_environment_later_context,notflip,notflip/0046,26,ENV-04,training,30,25,24
ST,testing/notflip/0046_000000027,context,known_environment_later_context,notflip,notflip/0046,27,ENV-04,testing,30,26,24
ST,testing/notflip/0046_000000028,context,known_environment_later_context,notflip,notflip/0046,28,ENV-04,testing,30,27,24
ST,training/notflip/0046_000000029,context,known_environment_later_context,notflip,notflip/0046,29,ENV-04,training,30,28,24
ST,training/notflip/0046_000000030,context,known_environment_later_context,notflip,notflip/0046,30,ENV-04,training,30,29,24
ST,training/notflip/0047_000000001,train,known_environment_earlier_train,notflip,notflip/0047,1,ENV-04,training,30,0,24
ST,training/notflip/0047_000000002,train,known_environment_earlier_train,notflip,notflip/0047,2,ENV-04,training,30,1,24
ST,training/notflip/0047_000000003,train,known_environment_earlier_train,notflip,notflip/0047,3,ENV-04,training,30,2,24
ST,training/notflip/0047_000000004,train,known_environment_earlier_train,notflip,notflip/0047,4,ENV-04,training,30,3,24
ST,training/notflip/0047_000000005,train,known_environment_earlier_train,notflip,notflip/0047,5,ENV-04,training,30,4,24
ST,testing/notflip/0047_000000006,train,known_environment_earlier_train,notflip,notflip/0047,6,ENV-04,testing,30,5,24
ST,training/notflip/0047_000000007,train,known_environment_earlier_train,notflip,notflip/0047,7,ENV-04,training,30,6,24
ST,training/notflip/0047_000000008,train,known_environment_earlier_train,notflip,notflip/0047,8,ENV-04,training,30,7,24
ST,testing/notflip/0047_000000009,train,known_environment_earlier_train,notflip,notflip/0047,9,ENV-04,testing,30,8,24
ST,training/notflip/0047_000000010,train,known_environment_earlier_train,notflip,notflip/0047,10,ENV-04,training,30,9,24
ST,training/notflip/0047_000000011,train,known_environment_earlier_train,notflip,notflip/0047,11,ENV-04,training,30,10,24
ST,training/notflip/0047_000000012,train,known_environment_earlier_train,notflip,notflip/0047,12,ENV-04,training,30,11,24
ST,training/notflip/0047_000000013,train,known_environment_earlier_train,notflip,notflip/0047,13,ENV-04,training,30,12,24
ST,training/notflip/0047_000000014,train,known_environment_earlier_train,notflip,notflip/0047,14,ENV-04,training,30,13,24
ST,training/notflip/0047_000000015,train,known_environment_earlier_train,notflip,notflip/0047,15,ENV-04,training,30,14,24
ST,training/notflip/0047_000000016,train,known_environment_earlier_train,notflip,notflip/0047,16,ENV-04,training,30,15,24
ST,training/notflip/0047_000000017,train,known_environment_earlier_train,notflip,notflip/0047,17,ENV-04,training,30,16,24
ST,training/notflip/0047_000000018,train,known_environment_earlier_train,notflip,notflip/0047,18,ENV-04,training,30,17,24
ST,training/notflip/0047_000000019,train,known_environment_earlier_train,notflip,notflip/0047,19,ENV-04,training,30,18,24
ST,training/notflip/0047_000000020,train,known_environment_earlier_train,notflip,notflip/0047,20,ENV-04,training,30,19,24
ST,training/notflip/0047_000000021,train,known_environment_earlier_train,notflip,notflip/0047,21,ENV-04,training,30,20,24
ST,training/notflip/0047_000000022,train,known_environment_earlier_train,notflip,notflip/0047,22,ENV-04,training,30,21,24
ST,training/notflip/0047_000000023,train,known_environment_earlier_train,notflip,notflip/0047,23,ENV-04,training,30,22,24
ST,testing/notflip/0047_000000024,train,known_environment_earlier_train,notflip,notflip/0047,24,ENV-04,testing,30,23,24
ST,testing/notflip/0047_000000025,context,known_environment_later_context,notflip,notflip/0047,25,ENV-04,testing,30,24,24
ST,training/notflip/0047_000000026,context,known_environment_later_context,notflip,notflip/0047,26,ENV-04,training,30,25,24
ST,training/notflip/0047_000000027,context,known_environment_later_context,notflip,notflip/0047,27,ENV-04,training,30,26,24
ST,training/notflip/0047_000000028,context,known_environment_later_context,notflip,notflip/0047,28,ENV-04,training,30,27,24
ST,testing/notflip/0047_000000029,context,known_environment_later_context,notflip,notflip/0047,29,ENV-04,testing,30,28,24
ST,training/notflip/0047_000000030,context,known_environment_later_context,notflip,notflip/0047,30,ENV-04,training,30,29,24
ST,training/notflip/0048_000000001,train,known_environment_earlier_train,notflip,notflip/0048,1,ENV-04,training,30,0,24
ST,training/notflip/0048_000000002,train,known_environment_earlier_train,notflip,notflip/0048,2,ENV-04,training,30,1,24
ST,training/notflip/0048_000000003,train,known_environment_earlier_train,notflip,notflip/0048,3,ENV-04,training,30,2,24
ST,training/notflip/0048_000000004,train,known_environment_earlier_train,notflip,notflip/0048,4,ENV-04,training,30,3,24
ST,training/notflip/0048_000000005,train,known_environment_earlier_train,notflip,notflip/0048,5,ENV-04,training,30,4,24
ST,training/notflip/0048_000000006,train,known_environment_earlier_train,notflip,notflip/0048,6,ENV-04,training,30,5,24
ST,training/notflip/0048_000000007,train,known_environment_earlier_train,notflip,notflip/0048,7,ENV-04,training,30,6,24
ST,training/notflip/0048_000000008,train,known_environment_earlier_train,notflip,notflip/0048,8,ENV-04,training,30,7,24
ST,training/notflip/0048_000000009,train,known_environment_earlier_train,notflip,notflip/0048,9,ENV-04,training,30,8,24
ST,training/notflip/0048_000000010,train,known_environment_earlier_train,notflip,notflip/0048,10,ENV-04,training,30,9,24
ST,training/notflip/0048_000000011,train,known_environment_earlier_train,notflip,notflip/0048,11,ENV-04,training,30,10,24
ST,training/notflip/0048_000000012,train,known_environment_earlier_train,notflip,notflip/0048,12,ENV-04,training,30,11,24
ST,training/notflip/0048_000000013,train,known_environment_earlier_train,notflip,notflip/0048,13,ENV-04,training,30,12,24
ST,training/notflip/0048_000000014,train,known_environment_earlier_train,notflip,notflip/0048,14,ENV-04,training,30,13,24
ST,testing/notflip/0048_000000015,train,known_environment_earlier_train,notflip,notflip/0048,15,ENV-04,testing,30,14,24
ST,training/notflip/0048_000000016,train,known_environment_earlier_train,notflip,notflip/0048,16,ENV-04,training,30,15,24
ST,training/notflip/0048_000000017,train,known_environment_earlier_train,notflip,notflip/0048,17,ENV-04,training,30,16,24
ST,training/notflip/0048_000000018,train,known_environment_earlier_train,notflip,notflip/0048,18,ENV-04,training,30,17,24
ST,training/notflip/0048_000000019,train,known_environment_earlier_train,notflip,notflip/0048,19,ENV-04,training,30,18,24
ST,training/notflip/0048_000000020,train,known_environment_earlier_train,notflip,notflip/0048,20,ENV-04,training,30,19,24
ST,training/notflip/0048_000000021,train,known_environment_earlier_train,notflip,notflip/0048,21,ENV-04,training,30,20,24
ST,training/notflip/0048_000000022,train,known_environment_earlier_train,notflip,notflip/0048,22,ENV-04,training,30,21,24
ST,training/notflip/0048_000000023,train,known_environment_earlier_train,notflip,notflip/0048,23,ENV-04,training,30,22,24
ST,training/notflip/0048_000000024,train,known_environment_earlier_train,notflip,notflip/0048,24,ENV-04,training,30,23,24
ST,testing/notflip/0048_000000025,context,known_environment_later_context,notflip,notflip/0048,25,ENV-04,testing,30,24,24
ST,testing/notflip/0048_000000026,context,known_environment_later_context,notflip,notflip/0048,26,ENV-04,testing,30,25,24
ST,training/notflip/0048_000000027,context,known_environment_later_context,notflip,notflip/0048,27,ENV-04,training,30,26,24
ST,training/notflip/0048_000000028,context,known_environment_later_context,notflip,notflip/0048,28,ENV-04,training,30,27,24
ST,training/notflip/0048_000000029,context,known_environment_later_context,notflip,notflip/0048,29,ENV-04,training,30,28,24
ST,testing/notflip/0048_000000030,context,known_environment_later_context,notflip,notflip/0048,30,ENV-04,testing,30,29,24
ST,training/notflip/0049_000000001,train,known_environment_earlier_train,notflip,notflip/0049,1,ENV-04,training,30,0,24
ST,training/notflip/0049_000000002,train,known_environment_earlier_train,notflip,notflip/0049,2,ENV-04,training,30,1,24
ST,training/notflip/0049_000000003,train,known_environment_earlier_train,notflip,notflip/0049,3,ENV-04,training,30,2,24
ST,training/notflip/0049_000000004,train,known_environment_earlier_train,notflip,notflip/0049,4,ENV-04,training,30,3,24
ST,training/notflip/0049_000000005,train,known_environment_earlier_train,notflip,notflip/0049,5,ENV-04,training,30,4,24
ST,testing/notflip/0049_000000006,train,known_environment_earlier_train,notflip,notflip/0049,6,ENV-04,testing,30,5,24
ST,training/notflip/0049_000000007,train,known_environment_earlier_train,notflip,notflip/0049,7,ENV-04,training,30,6,24
ST,training/notflip/0049_000000008,train,known_environment_earlier_train,notflip,notflip/0049,8,ENV-04,training,30,7,24
ST,training/notflip/0049_000000009,train,known_environment_earlier_train,notflip,notflip/0049,9,ENV-04,training,30,8,24
ST,training/notflip/0049_000000010,train,known_environment_earlier_train,notflip,notflip/0049,10,ENV-04,training,30,9,24
ST,testing/notflip/0049_000000011,train,known_environment_earlier_train,notflip,notflip/0049,11,ENV-04,testing,30,10,24
ST,testing/notflip/0049_000000012,train,known_environment_earlier_train,notflip,notflip/0049,12,ENV-04,testing,30,11,24
ST,training/notflip/0049_000000013,train,known_environment_earlier_train,notflip,notflip/0049,13,ENV-04,training,30,12,24
ST,training/notflip/0049_000000014,train,known_environment_earlier_train,notflip,notflip/0049,14,ENV-04,training,30,13,24
ST,training/notflip/0049_000000015,train,known_environment_earlier_train,notflip,notflip/0049,15,ENV-04,training,30,14,24
ST,training/notflip/0049_000000016,train,known_environment_earlier_train,notflip,notflip/0049,16,ENV-04,training,30,15,24
ST,training/notflip/0049_000000017,train,known_environment_earlier_train,notflip,notflip/0049,17,ENV-04,training,30,16,24
ST,testing/notflip/0049_000000018,train,known_environment_earlier_train,notflip,notflip/0049,18,ENV-04,testing,30,17,24
ST,training/notflip/0049_000000019,train,known_environment_earlier_train,notflip,notflip/0049,19,ENV-04,training,30,18,24
ST,training/notflip/0049_000000020,train,known_environment_earlier_train,notflip,notflip/0049,20,ENV-04,training,30,19,24
ST,training/notflip/0049_000000021,train,known_environment_earlier_train,notflip,notflip/0049,21,ENV-04,training,30,20,24
ST,testing/notflip/0049_000000022,train,known_environment_earlier_train,notflip,notflip/0049,22,ENV-04,testing,30,21,24
ST,training/notflip/0049_000000023,train,known_environment_earlier_train,notflip,notflip/0049,23,ENV-04,training,30,22,24
ST,training/notflip/0049_000000024,train,known_environment_earlier_train,notflip,notflip/0049,24,ENV-04,training,30,23,24
ST,training/notflip/0049_000000025,context,known_environment_later_context,notflip,notflip/0049,25,ENV-04,training,30,24,24
ST,testing/notflip/0049_000000026,context,known_environment_later_context,notflip,notflip/0049,26,ENV-04,testing,30,25,24
ST,training/notflip/0049_000000027,context,known_environment_later_context,notflip,notflip/0049,27,ENV-04,training,30,26,24
ST,testing/notflip/0049_000000028,context,known_environment_later_context,notflip,notflip/0049,28,ENV-04,testing,30,27,24
ST,training/notflip/0049_000000029,context,known_environment_later_context,notflip,notflip/0049,29,ENV-04,training,30,28,24
ST,training/notflip/0049_000000030,context,known_environment_later_context,notflip,notflip/0049,30,ENV-04,training,30,29,24
ST,training/notflip/0050_000000001,train,known_environment_earlier_train,notflip,notflip/0050,1,ENV-04,training,29,0,23
ST,training/notflip/0050_000000002,train,known_environment_earlier_train,notflip,notflip/0050,2,ENV-04,training,29,1,23
ST,training/notflip/0050_000000003,train,known_environment_earlier_train,notflip,notflip/0050,3,ENV-04,training,29,2,23
ST,training/notflip/0050_000000004,train,known_environment_earlier_train,notflip,notflip/0050,4,ENV-04,training,29,3,23
ST,training/notflip/0050_000000005,train,known_environment_earlier_train,notflip,notflip/0050,5,ENV-04,training,29,4,23
ST,training/notflip/0050_000000006,train,known_environment_earlier_train,notflip,notflip/0050,6,ENV-04,training,29,5,23
ST,training/notflip/0050_000000007,train,known_environment_earlier_train,notflip,notflip/0050,7,ENV-04,training,29,6,23
ST,training/notflip/0050_000000008,train,known_environment_earlier_train,notflip,notflip/0050,8,ENV-04,training,29,7,23
ST,training/notflip/0050_000000009,train,known_environment_earlier_train,notflip,notflip/0050,9,ENV-04,training,29,8,23
ST,training/notflip/0050_000000010,train,known_environment_earlier_train,notflip,notflip/0050,10,ENV-04,training,29,9,23
ST,testing/notflip/0050_000000011,train,known_environment_earlier_train,notflip,notflip/0050,11,ENV-04,testing,29,10,23
ST,training/notflip/0050_000000012,train,known_environment_earlier_train,notflip,notflip/0050,12,ENV-04,training,29,11,23
ST,testing/notflip/0050_000000013,train,known_environment_earlier_train,notflip,notflip/0050,13,ENV-04,testing,29,12,23
ST,training/notflip/0050_000000014,train,known_environment_earlier_train,notflip,notflip/0050,14,ENV-04,training,29,13,23
ST,training/notflip/0050_000000015,train,known_environment_earlier_train,notflip,notflip/0050,15,ENV-04,training,29,14,23
ST,training/notflip/0050_000000016,train,known_environment_earlier_train,notflip,notflip/0050,16,ENV-04,training,29,15,23
ST,training/notflip/0050_000000017,train,known_environment_earlier_train,notflip,notflip/0050,17,ENV-04,training,29,16,23
ST,training/notflip/0050_000000018,train,known_environment_earlier_train,notflip,notflip/0050,18,ENV-04,training,29,17,23
ST,training/notflip/0050_000000019,train,known_environment_earlier_train,notflip,notflip/0050,19,ENV-04,training,29,18,23
ST,training/notflip/0050_000000020,train,known_environment_earlier_train,notflip,notflip/0050,20,ENV-04,training,29,19,23
ST,training/notflip/0050_000000021,train,known_environment_earlier_train,notflip,notflip/0050,21,ENV-04,training,29,20,23
ST,training/notflip/0050_000000022,train,known_environment_earlier_train,notflip,notflip/0050,22,ENV-04,training,29,21,23
ST,training/notflip/0050_000000023,train,known_environment_earlier_train,notflip,notflip/0050,23,ENV-04,training,29,22,23
ST,training/notflip/0050_000000024,context,known_environment_later_context,notflip,notflip/0050,24,ENV-04,training,29,23,23
ST,training/notflip/0050_000000025,context,known_environment_later_context,notflip,notflip/0050,25,ENV-04,training,29,24,23
ST,training/notflip/0050_000000026,context,known_environment_later_context,notflip,notflip/0050,26,ENV-04,training,29,25,23
ST,training/notflip/0050_000000027,context,known_environment_later_context,notflip,notflip/0050,27,ENV-04,training,29,26,23
ST,training/notflip/0050_000000028,context,known_environment_later_context,notflip,notflip/0050,28,ENV-04,training,29,27,23
ST,training/notflip/0050_000000029,context,known_environment_later_context,notflip,notflip/0050,29,ENV-04,training,29,28,23
ST,training/notflip/0051_000000001,train,known_environment_earlier_train,notflip,notflip/0051,1,ENV-04,training,30,0,24
ST,testing/notflip/0051_000000002,train,known_environment_earlier_train,notflip,notflip/0051,2,ENV-04,testing,30,1,24
ST,training/notflip/0051_000000003,train,known_environment_earlier_train,notflip,notflip/0051,3,ENV-04,training,30,2,24
ST,training/notflip/0051_000000004,train,known_environment_earlier_train,notflip,notflip/0051,4,ENV-04,training,30,3,24
ST,training/notflip/0051_000000005,train,known_environment_earlier_train,notflip,notflip/0051,5,ENV-04,training,30,4,24
ST,training/notflip/0051_000000006,train,known_environment_earlier_train,notflip,notflip/0051,6,ENV-04,training,30,5,24
ST,training/notflip/0051_000000007,train,known_environment_earlier_train,notflip,notflip/0051,7,ENV-04,training,30,6,24
ST,training/notflip/0051_000000008,train,known_environment_earlier_train,notflip,notflip/0051,8,ENV-04,training,30,7,24
ST,training/notflip/0051_000000009,train,known_environment_earlier_train,notflip,notflip/0051,9,ENV-04,training,30,8,24
ST,training/notflip/0051_000000010,train,known_environment_earlier_train,notflip,notflip/0051,10,ENV-04,training,30,9,24
ST,training/notflip/0051_000000011,train,known_environment_earlier_train,notflip,notflip/0051,11,ENV-04,training,30,10,24
ST,testing/notflip/0051_000000012,train,known_environment_earlier_train,notflip,notflip/0051,12,ENV-04,testing,30,11,24
ST,training/notflip/0051_000000013,train,known_environment_earlier_train,notflip,notflip/0051,13,ENV-04,training,30,12,24
ST,training/notflip/0051_000000014,train,known_environment_earlier_train,notflip,notflip/0051,14,ENV-04,training,30,13,24
ST,training/notflip/0051_000000015,train,known_environment_earlier_train,notflip,notflip/0051,15,ENV-04,training,30,14,24
ST,training/notflip/0051_000000016,train,known_environment_earlier_train,notflip,notflip/0051,16,ENV-04,training,30,15,24
ST,training/notflip/0051_000000017,train,known_environment_earlier_train,notflip,notflip/0051,17,ENV-04,training,30,16,24
ST,training/notflip/0051_000000018,train,known_environment_earlier_train,notflip,notflip/0051,18,ENV-04,training,30,17,24
ST,training/notflip/0051_000000019,train,known_environment_earlier_train,notflip,notflip/0051,19,ENV-04,training,30,18,24
ST,training/notflip/0051_000000020,train,known_environment_earlier_train,notflip,notflip/0051,20,ENV-04,training,30,19,24
ST,training/notflip/0051_000000021,train,known_environment_earlier_train,notflip,notflip/0051,21,ENV-04,training,30,20,24
ST,training/notflip/0051_000000022,train,known_environment_earlier_train,notflip,notflip/0051,22,ENV-04,training,30,21,24
ST,training/notflip/0051_000000023,train,known_environment_earlier_train,notflip,notflip/0051,23,ENV-04,training,30,22,24
ST,training/notflip/0051_000000024,train,known_environment_earlier_train,notflip,notflip/0051,24,ENV-04,training,30,23,24
ST,testing/notflip/0051_000000025,context,known_environment_later_context,notflip,notflip/0051,25,ENV-04,testing,30,24,24
ST,training/notflip/0051_000000026,context,known_environment_later_context,notflip,notflip/0051,26,ENV-04,training,30,25,24
ST,training/notflip/0051_000000027,context,known_environment_later_context,notflip,notflip/0051,27,ENV-04,training,30,26,24
ST,training/notflip/0051_000000028,context,known_environment_later_context,notflip,notflip/0051,28,ENV-04,training,30,27,24
ST,training/notflip/0051_000000029,context,known_environment_later_context,notflip,notflip/0051,29,ENV-04,training,30,28,24
ST,training/notflip/0051_000000030,context,known_environment_later_context,notflip,notflip/0051,30,ENV-04,training,30,29,24
ST,training/notflip/0052_000000001,train,known_environment_earlier_train,notflip,notflip/0052,1,ENV-04,training,30,0,24
ST,training/notflip/0052_000000002,train,known_environment_earlier_train,notflip,notflip/0052,2,ENV-04,training,30,1,24
ST,training/notflip/0052_000000003,train,known_environment_earlier_train,notflip,notflip/0052,3,ENV-04,training,30,2,24
ST,training/notflip/0052_000000004,train,known_environment_earlier_train,notflip,notflip/0052,4,ENV-04,training,30,3,24
ST,training/notflip/0052_000000005,train,known_environment_earlier_train,notflip,notflip/0052,5,ENV-04,training,30,4,24
ST,testing/notflip/0052_000000006,train,known_environment_earlier_train,notflip,notflip/0052,6,ENV-04,testing,30,5,24
ST,training/notflip/0052_000000007,train,known_environment_earlier_train,notflip,notflip/0052,7,ENV-04,training,30,6,24
ST,training/notflip/0052_000000008,train,known_environment_earlier_train,notflip,notflip/0052,8,ENV-04,training,30,7,24
ST,training/notflip/0052_000000009,train,known_environment_earlier_train,notflip,notflip/0052,9,ENV-04,training,30,8,24
ST,training/notflip/0052_000000010,train,known_environment_earlier_train,notflip,notflip/0052,10,ENV-04,training,30,9,24
ST,training/notflip/0052_000000011,train,known_environment_earlier_train,notflip,notflip/0052,11,ENV-04,training,30,10,24
ST,training/notflip/0052_000000012,train,known_environment_earlier_train,notflip,notflip/0052,12,ENV-04,training,30,11,24
ST,training/notflip/0052_000000013,train,known_environment_earlier_train,notflip,notflip/0052,13,ENV-04,training,30,12,24
ST,testing/notflip/0052_000000014,train,known_environment_earlier_train,notflip,notflip/0052,14,ENV-04,testing,30,13,24
ST,training/notflip/0052_000000015,train,known_environment_earlier_train,notflip,notflip/0052,15,ENV-04,training,30,14,24
ST,training/notflip/0052_000000016,train,known_environment_earlier_train,notflip,notflip/0052,16,ENV-04,training,30,15,24
ST,training/notflip/0052_000000017,train,known_environment_earlier_train,notflip,notflip/0052,17,ENV-04,training,30,16,24
ST,training/notflip/0052_000000018,train,known_environment_earlier_train,notflip,notflip/0052,18,ENV-04,training,30,17,24
ST,training/notflip/0052_000000019,train,known_environment_earlier_train,notflip,notflip/0052,19,ENV-04,training,30,18,24
ST,training/notflip/0052_000000020,train,known_environment_earlier_train,notflip,notflip/0052,20,ENV-04,training,30,19,24
ST,training/notflip/0052_000000021,train,known_environment_earlier_train,notflip,notflip/0052,21,ENV-04,training,30,20,24
ST,testing/notflip/0052_000000022,train,known_environment_earlier_train,notflip,notflip/0052,22,ENV-04,testing,30,21,24
ST,training/notflip/0052_000000023,train,known_environment_earlier_train,notflip,notflip/0052,23,ENV-04,training,30,22,24
ST,training/notflip/0052_000000024,train,known_environment_earlier_train,notflip,notflip/0052,24,ENV-04,training,30,23,24
ST,training/notflip/0052_000000025,context,known_environment_later_context,notflip,notflip/0052,25,ENV-04,training,30,24,24
ST,training/notflip/0052_000000026,context,known_environment_later_context,notflip,notflip/0052,26,ENV-04,training,30,25,24
ST,training/notflip/0052_000000027,context,known_environment_later_context,notflip,notflip/0052,27,ENV-04,training,30,26,24
ST,training/notflip/0052_000000028,context,known_environment_later_context,notflip,notflip/0052,28,ENV-04,training,30,27,24
ST,testing/notflip/0052_000000029,context,known_environment_later_context,notflip,notflip/0052,29,ENV-04,testing,30,28,24
ST,training/notflip/0052_000000030,context,known_environment_later_context,notflip,notflip/0052,30,ENV-04,training,30,29,24
ST,testing/notflip/0053_000000001,train,known_environment_earlier_train,notflip,notflip/0053,1,ENV-04,testing,30,0,24
ST,training/notflip/0053_000000002,train,known_environment_earlier_train,notflip,notflip/0053,2,ENV-04,training,30,1,24
ST,training/notflip/0053_000000003,train,known_environment_earlier_train,notflip,notflip/0053,3,ENV-04,training,30,2,24
ST,training/notflip/0053_000000004,train,known_environment_earlier_train,notflip,notflip/0053,4,ENV-04,training,30,3,24
ST,training/notflip/0053_000000005,train,known_environment_earlier_train,notflip,notflip/0053,5,ENV-04,training,30,4,24
ST,training/notflip/0053_000000006,train,known_environment_earlier_train,notflip,notflip/0053,6,ENV-04,training,30,5,24
ST,training/notflip/0053_000000007,train,known_environment_earlier_train,notflip,notflip/0053,7,ENV-04,training,30,6,24
ST,testing/notflip/0053_000000008,train,known_environment_earlier_train,notflip,notflip/0053,8,ENV-04,testing,30,7,24
ST,training/notflip/0053_000000009,train,known_environment_earlier_train,notflip,notflip/0053,9,ENV-04,training,30,8,24
ST,training/notflip/0053_000000010,train,known_environment_earlier_train,notflip,notflip/0053,10,ENV-04,training,30,9,24
ST,testing/notflip/0053_000000011,train,known_environment_earlier_train,notflip,notflip/0053,11,ENV-04,testing,30,10,24
ST,training/notflip/0053_000000012,train,known_environment_earlier_train,notflip,notflip/0053,12,ENV-04,training,30,11,24
ST,training/notflip/0053_000000013,train,known_environment_earlier_train,notflip,notflip/0053,13,ENV-04,training,30,12,24
ST,training/notflip/0053_000000014,train,known_environment_earlier_train,notflip,notflip/0053,14,ENV-04,training,30,13,24
ST,training/notflip/0053_000000015,train,known_environment_earlier_train,notflip,notflip/0053,15,ENV-04,training,30,14,24
ST,testing/notflip/0053_000000016,train,known_environment_earlier_train,notflip,notflip/0053,16,ENV-04,testing,30,15,24
ST,testing/notflip/0053_000000017,train,known_environment_earlier_train,notflip,notflip/0053,17,ENV-04,testing,30,16,24
ST,training/notflip/0053_000000018,train,known_environment_earlier_train,notflip,notflip/0053,18,ENV-04,training,30,17,24
ST,training/notflip/0053_000000019,train,known_environment_earlier_train,notflip,notflip/0053,19,ENV-04,training,30,18,24
ST,training/notflip/0053_000000020,train,known_environment_earlier_train,notflip,notflip/0053,20,ENV-04,training,30,19,24
ST,training/notflip/0053_000000021,train,known_environment_earlier_train,notflip,notflip/0053,21,ENV-04,training,30,20,24
ST,training/notflip/0053_000000022,train,known_environment_earlier_train,notflip,notflip/0053,22,ENV-04,training,30,21,24
ST,training/notflip/0053_000000023,train,known_environment_earlier_train,notflip,notflip/0053,23,ENV-04,training,30,22,24
ST,training/notflip/0053_000000024,train,known_environment_earlier_train,notflip,notflip/0053,24,ENV-04,training,30,23,24
ST,testing/notflip/0053_000000025,context,known_environment_later_context,notflip,notflip/0053,25,ENV-04,testing,30,24,24
ST,training/notflip/0053_000000026,context,known_environment_later_context,notflip,notflip/0053,26,ENV-04,training,30,25,24
ST,training/notflip/0053_000000027,context,known_environment_later_context,notflip,notflip/0053,27,ENV-04,training,30,26,24
ST,training/notflip/0053_000000028,context,known_environment_later_context,notflip,notflip/0053,28,ENV-04,training,30,27,24
ST,training/notflip/0053_000000029,context,known_environment_later_context,notflip,notflip/0053,29,ENV-04,training,30,28,24
ST,training/notflip/0053_000000030,context,known_environment_later_context,notflip,notflip/0053,30,ENV-04,training,30,29,24
ST,training/notflip/0054_000000001,train,known_environment_earlier_train,notflip,notflip/0054,1,ENV-04,training,30,0,24
ST,training/notflip/0054_000000002,train,known_environment_earlier_train,notflip,notflip/0054,2,ENV-04,training,30,1,24
ST,training/notflip/0054_000000003,train,known_environment_earlier_train,notflip,notflip/0054,3,ENV-04,training,30,2,24
ST,training/notflip/0054_000000004,train,known_environment_earlier_train,notflip,notflip/0054,4,ENV-04,training,30,3,24
ST,training/notflip/0054_000000005,train,known_environment_earlier_train,notflip,notflip/0054,5,ENV-04,training,30,4,24
ST,training/notflip/0054_000000006,train,known_environment_earlier_train,notflip,notflip/0054,6,ENV-04,training,30,5,24
ST,training/notflip/0054_000000007,train,known_environment_earlier_train,notflip,notflip/0054,7,ENV-04,training,30,6,24
ST,training/notflip/0054_000000008,train,known_environment_earlier_train,notflip,notflip/0054,8,ENV-04,training,30,7,24
ST,training/notflip/0054_000000009,train,known_environment_earlier_train,notflip,notflip/0054,9,ENV-04,training,30,8,24
ST,testing/notflip/0054_000000010,train,known_environment_earlier_train,notflip,notflip/0054,10,ENV-04,testing,30,9,24
ST,training/notflip/0054_000000011,train,known_environment_earlier_train,notflip,notflip/0054,11,ENV-04,training,30,10,24
ST,training/notflip/0054_000000012,train,known_environment_earlier_train,notflip,notflip/0054,12,ENV-04,training,30,11,24
ST,training/notflip/0054_000000013,train,known_environment_earlier_train,notflip,notflip/0054,13,ENV-04,training,30,12,24
ST,training/notflip/0054_000000014,train,known_environment_earlier_train,notflip,notflip/0054,14,ENV-04,training,30,13,24
ST,training/notflip/0054_000000015,train,known_environment_earlier_train,notflip,notflip/0054,15,ENV-04,training,30,14,24
ST,training/notflip/0054_000000016,train,known_environment_earlier_train,notflip,notflip/0054,16,ENV-04,training,30,15,24
ST,training/notflip/0054_000000017,train,known_environment_earlier_train,notflip,notflip/0054,17,ENV-04,training,30,16,24
ST,training/notflip/0054_000000018,train,known_environment_earlier_train,notflip,notflip/0054,18,ENV-04,training,30,17,24
ST,training/notflip/0054_000000019,train,known_environment_earlier_train,notflip,notflip/0054,19,ENV-04,training,30,18,24
ST,testing/notflip/0054_000000020,train,known_environment_earlier_train,notflip,notflip/0054,20,ENV-04,testing,30,19,24
ST,training/notflip/0054_000000021,train,known_environment_earlier_train,notflip,notflip/0054,21,ENV-04,training,30,20,24
ST,training/notflip/0054_000000022,train,known_environment_earlier_train,notflip,notflip/0054,22,ENV-04,training,30,21,24
ST,testing/notflip/0054_000000023,train,known_environment_earlier_train,notflip,notflip/0054,23,ENV-04,testing,30,22,24
ST,training/notflip/0054_000000024,train,known_environment_earlier_train,notflip,notflip/0054,24,ENV-04,training,30,23,24
ST,training/notflip/0054_000000025,context,known_environment_later_context,notflip,notflip/0054,25,ENV-04,training,30,24,24
ST,training/notflip/0054_000000026,context,known_environment_later_context,notflip,notflip/0054,26,ENV-04,training,30,25,24
ST,testing/notflip/0054_000000027,context,known_environment_later_context,notflip,notflip/0054,27,ENV-04,testing,30,26,24
ST,training/notflip/0054_000000028,context,known_environment_later_context,notflip,notflip/0054,28,ENV-04,training,30,27,24
ST,training/notflip/0054_000000029,context,known_environment_later_context,notflip,notflip/0054,29,ENV-04,training,30,28,24
ST,training/notflip/0054_000000030,context,known_environment_later_context,notflip,notflip/0054,30,ENV-04,training,30,29,24
ST,training/notflip/0055_000000001,train,known_environment_earlier_train,notflip,notflip/0055,1,ENV-04,training,30,0,24
ST,training/notflip/0055_000000002,train,known_environment_earlier_train,notflip,notflip/0055,2,ENV-04,training,30,1,24
ST,training/notflip/0055_000000003,train,known_environment_earlier_train,notflip,notflip/0055,3,ENV-04,training,30,2,24
ST,training/notflip/0055_000000004,train,known_environment_earlier_train,notflip,notflip/0055,4,ENV-04,training,30,3,24
ST,training/notflip/0055_000000005,train,known_environment_earlier_train,notflip,notflip/0055,5,ENV-04,training,30,4,24
ST,training/notflip/0055_000000006,train,known_environment_earlier_train,notflip,notflip/0055,6,ENV-04,training,30,5,24
ST,training/notflip/0055_000000007,train,known_environment_earlier_train,notflip,notflip/0055,7,ENV-04,training,30,6,24
ST,training/notflip/0055_000000008,train,known_environment_earlier_train,notflip,notflip/0055,8,ENV-04,training,30,7,24
ST,training/notflip/0055_000000009,train,known_environment_earlier_train,notflip,notflip/0055,9,ENV-04,training,30,8,24
ST,training/notflip/0055_000000010,train,known_environment_earlier_train,notflip,notflip/0055,10,ENV-04,training,30,9,24
ST,training/notflip/0055_000000011,train,known_environment_earlier_train,notflip,notflip/0055,11,ENV-04,training,30,10,24
ST,testing/notflip/0055_000000012,train,known_environment_earlier_train,notflip,notflip/0055,12,ENV-04,testing,30,11,24
ST,testing/notflip/0055_000000013,train,known_environment_earlier_train,notflip,notflip/0055,13,ENV-04,testing,30,12,24
ST,training/notflip/0055_000000014,train,known_environment_earlier_train,notflip,notflip/0055,14,ENV-04,training,30,13,24
ST,training/notflip/0055_000000015,train,known_environment_earlier_train,notflip,notflip/0055,15,ENV-04,training,30,14,24
ST,testing/notflip/0055_000000016,train,known_environment_earlier_train,notflip,notflip/0055,16,ENV-04,testing,30,15,24
ST,training/notflip/0055_000000017,train,known_environment_earlier_train,notflip,notflip/0055,17,ENV-04,training,30,16,24
ST,training/notflip/0055_000000018,train,known_environment_earlier_train,notflip,notflip/0055,18,ENV-04,training,30,17,24
ST,training/notflip/0055_000000019,train,known_environment_earlier_train,notflip,notflip/0055,19,ENV-04,training,30,18,24
ST,training/notflip/0055_000000020,train,known_environment_earlier_train,notflip,notflip/0055,20,ENV-04,training,30,19,24
ST,training/notflip/0055_000000021,train,known_environment_earlier_train,notflip,notflip/0055,21,ENV-04,training,30,20,24
ST,training/notflip/0055_000000022,train,known_environment_earlier_train,notflip,notflip/0055,22,ENV-04,training,30,21,24
ST,training/notflip/0055_000000023,train,known_environment_earlier_train,notflip,notflip/0055,23,ENV-04,training,30,22,24
ST,training/notflip/0055_000000024,train,known_environment_earlier_train,notflip,notflip/0055,24,ENV-04,training,30,23,24
ST,training/notflip/0055_000000025,context,known_environment_later_context,notflip,notflip/0055,25,ENV-04,training,30,24,24
ST,training/notflip/0055_000000026,context,known_environment_later_context,notflip,notflip/0055,26,ENV-04,training,30,25,24
ST,training/notflip/0055_000000027,context,known_environment_later_context,notflip,notflip/0055,27,ENV-04,training,30,26,24
ST,training/notflip/0055_000000028,context,known_environment_later_context,notflip,notflip/0055,28,ENV-04,training,30,27,24
ST,training/notflip/0055_000000029,context,known_environment_later_context,notflip,notflip/0055,29,ENV-04,training,30,28,24
ST,training/notflip/0055_000000030,context,known_environment_later_context,notflip,notflip/0055,30,ENV-04,training,30,29,24
ST,training/notflip/0056_000000001,train,known_environment_earlier_train,notflip,notflip/0056,1,ENV-04,training,30,0,24
ST,training/notflip/0056_000000002,train,known_environment_earlier_train,notflip,notflip/0056,2,ENV-04,training,30,1,24
ST,training/notflip/0056_000000003,train,known_environment_earlier_train,notflip,notflip/0056,3,ENV-04,training,30,2,24
ST,testing/notflip/0056_000000004,train,known_environment_earlier_train,notflip,notflip/0056,4,ENV-04,testing,30,3,24
ST,training/notflip/0056_000000005,train,known_environment_earlier_train,notflip,notflip/0056,5,ENV-04,training,30,4,24
ST,training/notflip/0056_000000006,train,known_environment_earlier_train,notflip,notflip/0056,6,ENV-04,training,30,5,24
ST,testing/notflip/0056_000000007,train,known_environment_earlier_train,notflip,notflip/0056,7,ENV-04,testing,30,6,24
ST,training/notflip/0056_000000008,train,known_environment_earlier_train,notflip,notflip/0056,8,ENV-04,training,30,7,24
ST,training/notflip/0056_000000009,train,known_environment_earlier_train,notflip,notflip/0056,9,ENV-04,training,30,8,24
ST,training/notflip/0056_000000010,train,known_environment_earlier_train,notflip,notflip/0056,10,ENV-04,training,30,9,24
ST,testing/notflip/0056_000000011,train,known_environment_earlier_train,notflip,notflip/0056,11,ENV-04,testing,30,10,24
ST,training/notflip/0056_000000012,train,known_environment_earlier_train,notflip,notflip/0056,12,ENV-04,training,30,11,24
ST,testing/notflip/0056_000000013,train,known_environment_earlier_train,notflip,notflip/0056,13,ENV-04,testing,30,12,24
ST,training/notflip/0056_000000014,train,known_environment_earlier_train,notflip,notflip/0056,14,ENV-04,training,30,13,24
ST,training/notflip/0056_000000015,train,known_environment_earlier_train,notflip,notflip/0056,15,ENV-04,training,30,14,24
ST,training/notflip/0056_000000016,train,known_environment_earlier_train,notflip,notflip/0056,16,ENV-04,training,30,15,24
ST,training/notflip/0056_000000017,train,known_environment_earlier_train,notflip,notflip/0056,17,ENV-04,training,30,16,24
ST,training/notflip/0056_000000018,train,known_environment_earlier_train,notflip,notflip/0056,18,ENV-04,training,30,17,24
ST,training/notflip/0056_000000019,train,known_environment_earlier_train,notflip,notflip/0056,19,ENV-04,training,30,18,24
ST,training/notflip/0056_000000020,train,known_environment_earlier_train,notflip,notflip/0056,20,ENV-04,training,30,19,24
ST,training/notflip/0056_000000021,train,known_environment_earlier_train,notflip,notflip/0056,21,ENV-04,training,30,20,24
ST,testing/notflip/0056_000000022,train,known_environment_earlier_train,notflip,notflip/0056,22,ENV-04,testing,30,21,24
ST,training/notflip/0056_000000023,train,known_environment_earlier_train,notflip,notflip/0056,23,ENV-04,training,30,22,24
ST,testing/notflip/0056_000000024,train,known_environment_earlier_train,notflip,notflip/0056,24,ENV-04,testing,30,23,24
ST,training/notflip/0056_000000025,context,known_environment_later_context,notflip,notflip/0056,25,ENV-04,training,30,24,24
ST,training/notflip/0056_000000026,context,known_environment_later_context,notflip,notflip/0056,26,ENV-04,training,30,25,24
ST,testing/notflip/0056_000000027,context,known_environment_later_context,notflip,notflip/0056,27,ENV-04,testing,30,26,24
ST,training/notflip/0056_000000028,context,known_environment_later_context,notflip,notflip/0056,28,ENV-04,training,30,27,24
ST,training/notflip/0056_000000029,context,known_environment_later_context,notflip,notflip/0056,29,ENV-04,training,30,28,24
ST,training/notflip/0056_000000030,context,known_environment_later_context,notflip,notflip/0056,30,ENV-04,training,30,29,24
ST,training/notflip/0057_000000001,train,known_environment_earlier_train,notflip,notflip/0057,1,ENV-04,training,30,0,24
ST,training/notflip/0057_000000002,train,known_environment_earlier_train,notflip,notflip/0057,2,ENV-04,training,30,1,24
ST,testing/notflip/0057_000000003,train,known_environment_earlier_train,notflip,notflip/0057,3,ENV-04,testing,30,2,24
ST,training/notflip/0057_000000004,train,known_environment_earlier_train,notflip,notflip/0057,4,ENV-04,training,30,3,24
ST,training/notflip/0057_000000005,train,known_environment_earlier_train,notflip,notflip/0057,5,ENV-04,training,30,4,24
ST,training/notflip/0057_000000006,train,known_environment_earlier_train,notflip,notflip/0057,6,ENV-04,training,30,5,24
ST,testing/notflip/0057_000000007,train,known_environment_earlier_train,notflip,notflip/0057,7,ENV-04,testing,30,6,24
ST,training/notflip/0057_000000008,train,known_environment_earlier_train,notflip,notflip/0057,8,ENV-04,training,30,7,24
ST,training/notflip/0057_000000009,train,known_environment_earlier_train,notflip,notflip/0057,9,ENV-04,training,30,8,24
ST,training/notflip/0057_000000010,train,known_environment_earlier_train,notflip,notflip/0057,10,ENV-04,training,30,9,24
ST,training/notflip/0057_000000011,train,known_environment_earlier_train,notflip,notflip/0057,11,ENV-04,training,30,10,24
ST,testing/notflip/0057_000000012,train,known_environment_earlier_train,notflip,notflip/0057,12,ENV-04,testing,30,11,24
ST,training/notflip/0057_000000013,train,known_environment_earlier_train,notflip,notflip/0057,13,ENV-04,training,30,12,24
ST,training/notflip/0057_000000014,train,known_environment_earlier_train,notflip,notflip/0057,14,ENV-04,training,30,13,24
ST,training/notflip/0057_000000015,train,known_environment_earlier_train,notflip,notflip/0057,15,ENV-04,training,30,14,24
ST,training/notflip/0057_000000016,train,known_environment_earlier_train,notflip,notflip/0057,16,ENV-04,training,30,15,24
ST,training/notflip/0057_000000017,train,known_environment_earlier_train,notflip,notflip/0057,17,ENV-04,training,30,16,24
ST,training/notflip/0057_000000018,train,known_environment_earlier_train,notflip,notflip/0057,18,ENV-04,training,30,17,24
ST,training/notflip/0057_000000019,train,known_environment_earlier_train,notflip,notflip/0057,19,ENV-04,training,30,18,24
ST,training/notflip/0057_000000020,train,known_environment_earlier_train,notflip,notflip/0057,20,ENV-04,training,30,19,24
ST,training/notflip/0057_000000021,train,known_environment_earlier_train,notflip,notflip/0057,21,ENV-04,training,30,20,24
ST,training/notflip/0057_000000022,train,known_environment_earlier_train,notflip,notflip/0057,22,ENV-04,training,30,21,24
ST,testing/notflip/0057_000000023,train,known_environment_earlier_train,notflip,notflip/0057,23,ENV-04,testing,30,22,24
ST,training/notflip/0057_000000024,train,known_environment_earlier_train,notflip,notflip/0057,24,ENV-04,training,30,23,24
ST,training/notflip/0057_000000025,context,known_environment_later_context,notflip,notflip/0057,25,ENV-04,training,30,24,24
ST,training/notflip/0057_000000026,context,known_environment_later_context,notflip,notflip/0057,26,ENV-04,training,30,25,24
ST,testing/notflip/0057_000000027,context,known_environment_later_context,notflip,notflip/0057,27,ENV-04,testing,30,26,24
ST,training/notflip/0057_000000028,context,known_environment_later_context,notflip,notflip/0057,28,ENV-04,training,30,27,24
ST,training/notflip/0057_000000029,context,known_environment_later_context,notflip,notflip/0057,29,ENV-04,training,30,28,24
ST,training/notflip/0057_000000030,context,known_environment_later_context,notflip,notflip/0057,30,ENV-04,training,30,29,24
ST,training/notflip/0058_000000001,train,known_environment_earlier_train,notflip,notflip/0058,1,ENV-04,training,30,0,24
ST,testing/notflip/0058_000000002,train,known_environment_earlier_train,notflip,notflip/0058,2,ENV-04,testing,30,1,24
ST,training/notflip/0058_000000003,train,known_environment_earlier_train,notflip,notflip/0058,3,ENV-04,training,30,2,24
ST,testing/notflip/0058_000000004,train,known_environment_earlier_train,notflip,notflip/0058,4,ENV-04,testing,30,3,24
ST,training/notflip/0058_000000005,train,known_environment_earlier_train,notflip,notflip/0058,5,ENV-04,training,30,4,24
ST,training/notflip/0058_000000006,train,known_environment_earlier_train,notflip,notflip/0058,6,ENV-04,training,30,5,24
ST,training/notflip/0058_000000007,train,known_environment_earlier_train,notflip,notflip/0058,7,ENV-04,training,30,6,24
ST,training/notflip/0058_000000008,train,known_environment_earlier_train,notflip,notflip/0058,8,ENV-04,training,30,7,24
ST,training/notflip/0058_000000009,train,known_environment_earlier_train,notflip,notflip/0058,9,ENV-04,training,30,8,24
ST,training/notflip/0058_000000010,train,known_environment_earlier_train,notflip,notflip/0058,10,ENV-04,training,30,9,24
ST,training/notflip/0058_000000011,train,known_environment_earlier_train,notflip,notflip/0058,11,ENV-04,training,30,10,24
ST,training/notflip/0058_000000012,train,known_environment_earlier_train,notflip,notflip/0058,12,ENV-04,training,30,11,24
ST,testing/notflip/0058_000000013,train,known_environment_earlier_train,notflip,notflip/0058,13,ENV-04,testing,30,12,24
ST,training/notflip/0058_000000014,train,known_environment_earlier_train,notflip,notflip/0058,14,ENV-04,training,30,13,24
ST,training/notflip/0058_000000015,train,known_environment_earlier_train,notflip,notflip/0058,15,ENV-04,training,30,14,24
ST,training/notflip/0058_000000016,train,known_environment_earlier_train,notflip,notflip/0058,16,ENV-04,training,30,15,24
ST,training/notflip/0058_000000017,train,known_environment_earlier_train,notflip,notflip/0058,17,ENV-04,training,30,16,24
ST,testing/notflip/0058_000000018,train,known_environment_earlier_train,notflip,notflip/0058,18,ENV-04,testing,30,17,24
ST,training/notflip/0058_000000019,train,known_environment_earlier_train,notflip,notflip/0058,19,ENV-04,training,30,18,24
ST,testing/notflip/0058_000000020,train,known_environment_earlier_train,notflip,notflip/0058,20,ENV-04,testing,30,19,24
ST,testing/notflip/0058_000000021,train,known_environment_earlier_train,notflip,notflip/0058,21,ENV-04,testing,30,20,24
ST,training/notflip/0058_000000022,train,known_environment_earlier_train,notflip,notflip/0058,22,ENV-04,training,30,21,24
ST,training/notflip/0058_000000023,train,known_environment_earlier_train,notflip,notflip/0058,23,ENV-04,training,30,22,24
ST,training/notflip/0058_000000024,train,known_environment_earlier_train,notflip,notflip/0058,24,ENV-04,training,30,23,24
ST,testing/notflip/0058_000000025,context,known_environment_later_context,notflip,notflip/0058,25,ENV-04,testing,30,24,24
ST,training/notflip/0058_000000026,context,known_environment_later_context,notflip,notflip/0058,26,ENV-04,training,30,25,24
ST,training/notflip/0058_000000027,context,known_environment_later_context,notflip,notflip/0058,27,ENV-04,training,30,26,24
ST,training/notflip/0058_000000028,context,known_environment_later_context,notflip,notflip/0058,28,ENV-04,training,30,27,24
ST,training/notflip/0058_000000029,context,known_environment_later_context,notflip,notflip/0058,29,ENV-04,training,30,28,24
ST,training/notflip/0058_000000030,context,known_environment_later_context,notflip,notflip/0058,30,ENV-04,training,30,29,24
