i,j,ssim,dhash,phash,bucket,path_a,path_b,sequence_a,sequence_b,split_a,split_b,label_a,label_b,frame_a,frame_b
291,1760,0.9999993053355317,0,0,same_sequence_cross_split,testing/notflip/0001_000000004.jpg,training/notflip/0001_000000003.jpg,notflip__0001,notflip__0001,testing,training,notflip,notflip,4,3
290,291,0.9999988400184847,0,0,same_sequence_same_split,testing/notflip/0001_000000002.jpg,testing/notflip/0001_000000004.jpg,notflip__0001,notflip__0001,testing,testing,notflip,notflip,2,4
290,1760,0.9999986918783903,0,0,same_sequence_cross_split,testing/notflip/0001_000000002.jpg,training/notflip/0001_000000003.jpg,notflip__0001,notflip__0001,testing,training,notflip,notflip,2,3
502,2539,0.9999977542760324,0,0,same_sequence_cross_split,testing/notflip/0041_000000003.jpg,training/notflip/0041_000000002.jpg,notflip__0041,notflip__0041,testing,training,notflip,notflip,3,2
2055,2056,0.9999962701102061,0,0,same_sequence_same_split,training/notflip/0016_000000002.jpg,training/notflip/0016_000000003.jpg,notflip__0016,notflip__0016,training,training,notflip,notflip,2,3
359,2056,0.9999848220229273,0,0,same_sequence_cross_split,testing/notflip/0016_000000001.jpg,training/notflip/0016_000000003.jpg,notflip__0016,notflip__0016,testing,training,notflip,notflip,1,3
359,2055,0.9999829684084407,0,0,same_sequence_cross_split,testing/notflip/0016_000000001.jpg,training/notflip/0016_000000002.jpg,notflip__0016,notflip__0016,testing,training,notflip,notflip,1,2
290,1759,0.9999802623038753,0,0,same_sequence_cross_split,testing/notflip/0001_000000002.jpg,training/notflip/0001_000000001.jpg,notflip__0001,notflip__0001,testing,training,notflip,notflip,2,1
291,1759,0.9999799235805478,0,0,same_sequence_cross_split,testing/notflip/0001_000000004.jpg,training/notflip/0001_000000001.jpg,notflip__0001,notflip__0001,testing,training,notflip,notflip,4,1
1759,1760,0.9999798614930021,0,0,same_sequence_same_split,training/notflip/0001_000000001.jpg,training/notflip/0001_000000003.jpg,notflip__0001,notflip__0001,training,training,notflip,notflip,1,3
501,2539,0.9999775026721136,0,0,same_sequence_cross_split,testing/notflip/0041_000000001.jpg,training/notflip/0041_000000002.jpg,notflip__0041,notflip__0041,testing,training,notflip,notflip,1,2
501,502,0.9999773462437118,0,0,same_sequence_same_split,testing/notflip/0041_000000001.jpg,testing/notflip/0041_000000003.jpg,notflip__0041,notflip__0041,testing,testing,notflip,notflip,1,3
1495,1496,0.9999726314799396,0,0,same_sequence_same_split,training/flip/0053_000000001.jpg,training/flip/0053_000000002.jpg,flip__0053,flip__0053,training,training,flip,flip,1,2
858,859,0.9999453486472729,0,0,same_sequence_same_split,training/flip/0014_000000001.jpg,training/flip/0014_000000002.jpg,flip__0014,flip__0014,training,training,flip,flip,1,2
281,1717,0.9999229441844223,0,0,same_sequence_cross_split,testing/flip/0063_000000014.jpg,training/flip/0063_000000013.jpg,flip__0063,flip__0063,testing,training,flip,flip,14,13
426,427,0.9999107477340113,0,0,same_sequence_same_split,testing/notflip/0030_000000022.jpg,testing/notflip/0030_000000023.jpg,notflip__0030,notflip__0030,testing,testing,notflip,notflip,22,23
622,623,0.9999095965030443,0,0,same_sequence_same_split,training/flip/0003_000000002.jpg,training/flip/0003_000000003.jpg,flip__0003,flip__0003,training,training,flip,flip,2,3
901,902,0.9999062538578886,0,0,same_sequence_same_split,training/flip/0016_000000011.jpg,training/flip/0016_000000012.jpg,flip__0016,flip__0016,training,training,flip,flip,11,12
2300,2301,0.9999051085990306,0,0,same_sequence_same_split,training/notflip/0030_000000019.jpg,training/notflip/0030_000000020.jpg,notflip__0030,notflip__0030,training,training,notflip,notflip,19,20
83,899,0.999897405840798,0,0,same_sequence_cross_split,testing/flip/0016_000000008.jpg,training/flip/0016_000000009.jpg,flip__0016,flip__0016,testing,training,flip,flip,8,9
280,1715,0.9998884255383078,0,0,same_sequence_cross_split,testing/flip/0063_000000011.jpg,training/flip/0063_000000010.jpg,flip__0063,flip__0063,testing,training,flip,flip,11,10
325,1898,0.9998864607736834,0,0,same_sequence_cross_split,testing/notflip/0006_000000021.jpg,training/notflip/0006_000000020.jpg,notflip__0006,notflip__0006,testing,training,notflip,notflip,21,20
2296,2297,0.9998859037679823,1,0,same_sequence_same_split,training/notflip/0030_000000014.jpg,training/notflip/0030_000000015.jpg,notflip__0030,notflip__0030,training,training,notflip,notflip,14,15
1551,1552,0.9998853742591414,0,0,same_sequence_same_split,training/flip/0055_000000029.jpg,training/flip/0055_000000030.jpg,flip__0055,flip__0055,training,training,flip,flip,29,30
2298,2299,0.9998838452786762,0,0,same_sequence_same_split,training/notflip/0030_000000016.jpg,training/notflip/0030_000000017.jpg,notflip__0030,notflip__0030,training,training,notflip,notflip,16,17
5,625,0.9998818396192414,0,0,same_sequence_cross_split,testing/flip/0003_000000005.jpg,training/flip/0003_000000006.jpg,flip__0003,flip__0003,testing,training,flip,flip,5,6
1498,1499,0.9998815299736666,0,0,same_sequence_same_split,training/flip/0053_000000004.jpg,training/flip/0053_000000005.jpg,flip__0053,flip__0053,training,training,flip,flip,4,5
326,1900,0.9998785265555934,0,0,same_sequence_cross_split,testing/notflip/0006_000000023.jpg,training/notflip/0006_000000024.jpg,notflip__0006,notflip__0006,testing,training,notflip,notflip,23,24
329,330,0.9998784102787728,0,0,same_sequence_same_split,testing/notflip/0006_000000028.jpg,testing/notflip/0006_000000029.jpg,notflip__0006,notflip__0006,testing,testing,notflip,notflip,28,29
1521,1522,0.9998727609141643,0,0,same_sequence_same_split,training/flip/0054_000000008.jpg,training/flip/0054_000000009.jpg,flip__0054,flip__0054,training,training,flip,flip,8,9
327,1901,0.9998726060973375,0,0,same_sequence_cross_split,testing/notflip/0006_000000025.jpg,training/notflip/0006_000000026.jpg,notflip__0006,notflip__0006,testing,training,notflip,notflip,25,26
229,230,0.9998719145079675,0,0,same_sequence_same_split,testing/flip/0054_000000010.jpg,testing/flip/0054_000000011.jpg,flip__0054,flip__0054,testing,testing,flip,flip,10,11
908,909,0.9998638684372531,0,0,same_sequence_same_split,training/flip/0016_000000019.jpg,training/flip/0016_000000020.jpg,flip__0016,flip__0016,training,training,flip,flip,19,20
905,906,0.9998548472591527,0,0,same_sequence_same_split,training/flip/0016_000000016.jpg,training/flip/0016_000000017.jpg,flip__0016,flip__0016,training,training,flip,flip,16,17
2217,2218,0.9998450250847513,0,0,same_sequence_same_split,training/notflip/0027_000000006.jpg,training/notflip/0027_000000007.jpg,notflip__0027,notflip__0027,training,training,notflip,notflip,6,7
903,904,0.9998384066762658,0,0,same_sequence_same_split,training/flip/0016_000000014.jpg,training/flip/0016_000000015.jpg,flip__0016,flip__0016,training,training,flip,flip,14,15
597,598,0.9998274610773036,0,0,same_sequence_same_split,training/flip/0001_000000010.jpg,training/flip/0001_000000011.jpg,flip__0001,flip__0001,training,training,flip,flip,10,11
6,626,0.9998233839224074,0,0,same_sequence_cross_split,testing/flip/0003_000000008.jpg,training/flip/0003_000000007.jpg,flip__0003,flip__0003,testing,training,flip,flip,8,7
2938,2939,0.9970968408155262,0,2,same_sequence_same_split,training/notflip/0056_000000028.jpg,training/notflip/0056_000000029.jpg,notflip__0056,notflip__0056,training,training,notflip,notflip,28,29
546,2734,0.9970116193114698,2,0,same_sequence_cross_split,testing/notflip/0048_000000025.jpg,training/notflip/0048_000000024.jpg,notflip__0048,notflip__0048,testing,training,notflip,notflip,25,24
370,2094,0.9970073185143005,0,0,same_sequence_cross_split,testing/notflip/0019_000000027.jpg,training/notflip/0019_000000026.jpg,notflip__0019,notflip__0019,testing,training,notflip,notflip,27,26
479,2467,0.9967931196186194,1,0,same_sequence_cross_split,testing/notflip/0037_000000028.jpg,training/notflip/0037_000000027.jpg,notflip__0037,notflip__0037,testing,training,notflip,notflip,28,27
552,2751,0.9962042130470731,0,0,same_sequence_cross_split,testing/notflip/0049_000000018.jpg,training/notflip/0049_000000017.jpg,notflip__0049,notflip__0049,testing,training,notflip,notflip,18,17
2448,2449,0.996179718540195,0,0,same_sequence_same_split,training/notflip/0036_000000026.jpg,training/notflip/0036_000000027.jpg,notflip__0036,notflip__0036,training,training,notflip,notflip,26,27
1801,1802,0.9960613302167364,0,0,same_sequence_same_split,training/notflip/0002_000000023.jpg,training/notflip/0002_000000024.jpg,notflip__0002,notflip__0002,training,training,notflip,notflip,23,24
1797,1798,0.9959446849042036,0,0,same_sequence_same_split,training/notflip/0002_000000019.jpg,training/notflip/0002_000000020.jpg,notflip__0002,notflip__0002,training,training,notflip,notflip,19,20
2528,2529,0.9958804469593743,1,0,same_sequence_same_split,training/notflip/0040_000000020.jpg,training/notflip/0040_000000021.jpg,notflip__0040,notflip__0040,training,training,notflip,notflip,20,21
2626,2627,0.9957914634836027,1,2,same_sequence_same_split,training/notflip/0044_000000015.jpg,training/notflip/0044_000000016.jpg,notflip__0044,notflip__0044,training,training,notflip,notflip,15,16
297,1789,0.9953842869935804,1,0,same_sequence_cross_split,testing/notflip/0002_000000008.jpg,training/notflip/0002_000000009.jpg,notflip__0002,notflip__0002,testing,training,notflip,notflip,8,9
2957,2958,0.9951759372109249,0,2,same_sequence_same_split,training/notflip/0057_000000020.jpg,training/notflip/0057_000000021.jpg,notflip__0057,notflip__0057,training,training,notflip,notflip,20,21
2981,2982,0.9951665708609947,0,0,same_sequence_same_split,training/notflip/0058_000000022.jpg,training/notflip/0058_000000023.jpg,notflip__0058,notflip__0058,training,training,notflip,notflip,22,23
2489,2490,0.9950915249999831,1,0,same_sequence_same_split,training/notflip/0038_000000028.jpg,training/notflip/0038_000000029.jpg,notflip__0038,notflip__0038,training,training,notflip,notflip,28,29
384,385,0.9950870853095858,2,0,same_sequence_same_split,testing/notflip/0024_000000006.jpg,testing/notflip/0024_000000007.jpg,notflip__0024,notflip__0024,testing,testing,notflip,notflip,6,7
584,2938,0.9950738855870298,0,0,same_sequence_cross_split,testing/notflip/0056_000000027.jpg,training/notflip/0056_000000028.jpg,notflip__0056,notflip__0056,testing,training,notflip,notflip,27,28
2188,2189,0.9950685393674893,0,0,same_sequence_same_split,training/notflip/0025_000000029.jpg,training/notflip/0025_000000030.jpg,notflip__0025,notflip__0025,training,training,notflip,notflip,29,30
2964,2965,0.995061533189785,0,0,same_sequence_same_split,training/notflip/0057_000000029.jpg,training/notflip/0057_000000030.jpg,notflip__0057,notflip__0057,training,training,notflip,notflip,29,30
542,543,0.9950366324937965,0,0,same_sequence_same_split,testing/notflip/0047_000000024.jpg,testing/notflip/0047_000000025.jpg,notflip__0047,notflip__0047,testing,testing,notflip,notflip,24,25
2703,2704,0.9950239590573295,0,0,same_sequence_same_split,training/notflip/0047_000000019.jpg,training/notflip/0047_000000020.jpg,notflip__0047,notflip__0047,training,training,notflip,notflip,19,20
2554,2555,0.9950049191174734,0,0,same_sequence_same_split,training/notflip/0041_000000024.jpg,training/notflip/0041_000000025.jpg,notflip__0041,notflip__0041,training,training,notflip,notflip,24,25
2539,2540,0.9948956176189987,0,0,same_sequence_same_split,training/notflip/0041_000000002.jpg,training/notflip/0041_000000004.jpg,notflip__0041,notflip__0041,training,training,notflip,notflip,2,4
502,2540,0.9948945492193929,0,0,same_sequence_cross_split,testing/notflip/0041_000000003.jpg,training/notflip/0041_000000004.jpg,notflip__0041,notflip__0041,testing,training,notflip,notflip,3,4
501,2540,0.9948851471149972,0,0,same_sequence_cross_split,testing/notflip/0041_000000001.jpg,training/notflip/0041_000000004.jpg,notflip__0041,notflip__0041,testing,training,notflip,notflip,1,4
2634,2635,0.9948143322213201,3,0,same_sequence_same_split,training/notflip/0044_000000023.jpg,training/notflip/0044_000000024.jpg,notflip__0044,notflip__0044,training,training,notflip,notflip,23,24
1953,1954,0.9947932823583289,0,0,same_sequence_same_split,training/notflip/0008_000000029.jpg,training/notflip/0008_000000030.jpg,notflip__0008,notflip__0008,training,training,notflip,notflip,29,30
2987,2988,0.9947118704824682,0,0,same_sequence_same_split,training/notflip/0058_000000029.jpg,training/notflip/0058_000000030.jpg,notflip__0058,notflip__0058,training,training,notflip,notflip,29,30
375,2119,0.9946346566897175,0,2,same_sequence_cross_split,testing/notflip/0021_000000024.jpg,training/notflip/0021_000000025.jpg,notflip__0021,notflip__0021,testing,training,notflip,notflip,24,25
2209,2210,0.9944459253331591,1,0,same_sequence_same_split,training/notflip/0026_000000025.jpg,training/notflip/0026_000000026.jpg,notflip__0026,notflip__0026,training,training,notflip,notflip,25,26
2527,2528,0.9942529437938562,0,0,same_sequence_same_split,training/notflip/0040_000000019.jpg,training/notflip/0040_000000020.jpg,notflip__0040,notflip__0040,training,training,notflip,notflip,19,20
2627,2628,0.9942399642474944,1,0,same_sequence_same_split,training/notflip/0044_000000016.jpg,training/notflip/0044_000000017.jpg,notflip__0044,notflip__0044,training,training,notflip,notflip,16,17
1798,1799,0.994207779682349,1,0,same_sequence_same_split,training/notflip/0002_000000020.jpg,training/notflip/0002_000000021.jpg,notflip__0002,notflip__0002,training,training,notflip,notflip,20,21
2862,2863,0.994184374606914,0,0,same_sequence_same_split,training/notflip/0053_000000028.jpg,training/notflip/0053_000000029.jpg,notflip__0053,notflip__0053,training,training,notflip,notflip,28,29
2540,2541,0.9941362965108737,0,0,same_sequence_same_split,training/notflip/0041_000000004.jpg,training/notflip/0041_000000005.jpg,notflip__0041,notflip__0041,training,training,notflip,notflip,4,5
395,396,0.9940569851545475,0,0,same_sequence_same_split,testing/notflip/0025_000000021.jpg,testing/notflip/0025_000000022.jpg,notflip__0025,notflip__0025,testing,testing,notflip,notflip,21,22
2101,2102,0.99390318714875,1,2,same_sequence_same_split,training/notflip/0020_000000005.jpg,training/notflip/0020_000000006.jpg,notflip__0020,notflip__0020,training,training,notflip,notflip,5,6
2632,2633,0.9938916832898586,0,0,same_sequence_same_split,training/notflip/0044_000000021.jpg,training/notflip/0044_000000022.jpg,notflip__0044,notflip__0044,training,training,notflip,notflip,21,22
2530,2531,0.9938739135906826,1,0,same_sequence_same_split,training/notflip/0040_000000022.jpg,training/notflip/0040_000000023.jpg,notflip__0040,notflip__0040,training,training,notflip,notflip,22,23
475,2459,0.9938715353593087,1,0,same_sequence_cross_split,testing/notflip/0037_000000015.jpg,training/notflip/0037_000000016.jpg,notflip__0037,notflip__0037,testing,training,notflip,notflip,15,16
2630,2631,0.9938680646988997,1,0,same_sequence_same_split,training/notflip/0044_000000019.jpg,training/notflip/0044_000000020.jpg,notflip__0044,notflip__0044,training,training,notflip,notflip,19,20
395,2182,0.9938112977437944,1,0,same_sequence_cross_split,testing/notflip/0025_000000021.jpg,training/notflip/0025_000000020.jpg,notflip__0025,notflip__0025,testing,training,notflip,notflip,21,20
2306,2307,0.9937717376278051,1,0,same_sequence_same_split,training/notflip/0030_000000029.jpg,training/notflip/0030_000000030.jpg,notflip__0030,notflip__0030,training,training,notflip,notflip,29,30
2151,2152,0.993770155125155,1,0,same_sequence_same_split,training/notflip/0024_000000010.jpg,training/notflip/0024_000000011.jpg,notflip__0024,notflip__0024,training,training,notflip,notflip,10,11
301,302,0.9936689341262985,0,0,same_sequence_same_split,testing/notflip/0002_000000027.jpg,testing/notflip/0002_000000028.jpg,notflip__0002,notflip__0002,testing,testing,notflip,notflip,27,28
1916,1917,0.9936504909515989,1,0,same_sequence_same_split,training/notflip/0007_000000015.jpg,training/notflip/0007_000000016.jpg,notflip__0007,notflip__0007,training,training,notflip,notflip,15,16
451,2373,0.99362970337291,0,0,same_sequence_cross_split,testing/notflip/0033_000000027.jpg,training/notflip/0033_000000028.jpg,notflip__0033,notflip__0033,testing,training,notflip,notflip,27,28
2555,2556,0.9935767216440263,1,2,same_sequence_same_split,training/notflip/0041_000000025.jpg,training/notflip/0041_000000026.jpg,notflip__0041,notflip__0041,training,training,notflip,notflip,25,26
429,2305,0.9935494810540054,1,0,same_sequence_cross_split,testing/notflip/0030_000000028.jpg,training/notflip/0030_000000027.jpg,notflip__0030,notflip__0030,testing,training,notflip,notflip,28,27
596,2984,0.9934311033831191,1,0,same_sequence_cross_split,testing/notflip/0058_000000025.jpg,training/notflip/0058_000000026.jpg,notflip__0058,notflip__0058,testing,training,notflip,notflip,25,26
2425,2426,0.9933223594427957,0,0,same_sequence_same_split,training/notflip/0035_000000029.jpg,training/notflip/0035_000000030.jpg,notflip__0035,notflip__0035,training,training,notflip,notflip,29,30
2706,2707,0.9933110802844478,0,0,same_sequence_same_split,training/notflip/0047_000000022.jpg,training/notflip/0047_000000023.jpg,notflip__0047,notflip__0047,training,training,notflip,notflip,22,23
593,2980,0.9932601373953746,0,0,same_sequence_cross_split,testing/notflip/0058_000000018.jpg,training/notflip/0058_000000019.jpg,notflip__0058,notflip__0058,testing,training,notflip,notflip,18,19
2629,2630,0.9931669085284854,2,0,same_sequence_same_split,training/notflip/0044_000000018.jpg,training/notflip/0044_000000019.jpg,notflip__0044,notflip__0044,training,training,notflip,notflip,18,19
1917,1918,0.9930724220597427,0,0,same_sequence_same_split,training/notflip/0007_000000016.jpg,training/notflip/0007_000000017.jpg,notflip__0007,notflip__0007,training,training,notflip,notflip,16,17
2183,2184,0.9930540088904894,1,2,same_sequence_same_split,training/notflip/0025_000000023.jpg,training/notflip/0025_000000024.jpg,notflip__0025,notflip__0025,training,training,notflip,notflip,23,24
406,2221,0.9930082694331607,0,0,same_sequence_cross_split,testing/notflip/0027_000000010.jpg,training/notflip/0027_000000011.jpg,notflip__0027,notflip__0027,testing,training,notflip,notflip,10,11
436,2319,0.9929797372712329,2,0,same_sequence_cross_split,testing/notflip/0031_000000019.jpg,training/notflip/0031_000000018.jpg,notflip__0031,notflip__0031,testing,training,notflip,notflip,19,18
2986,2987,0.9928828308347847,0,0,same_sequence_same_split,training/notflip/0058_000000028.jpg,training/notflip/0058_000000029.jpg,notflip__0058,notflip__0058,training,training,notflip,notflip,28,29
510,2562,0.9926534414200511,1,0,same_sequence_cross_split,testing/notflip/0041_000000034.jpg,training/notflip/0041_000000033.jpg,notflip__0041,notflip__0041,testing,training,notflip,notflip,34,33
467,2449,0.9925383698035556,0,0,same_sequence_cross_split,testing/notflip/0036_000000028.jpg,training/notflip/0036_000000027.jpg,notflip__0036,notflip__0036,testing,training,notflip,notflip,28,27
397,2184,0.9924815884358819,0,0,same_sequence_cross_split,testing/notflip/0025_000000025.jpg,training/notflip/0025_000000024.jpg,notflip__0025,notflip__0025,testing,training,notflip,notflip,25,24
2531,2532,0.9924653058556079,1,0,same_sequence_same_split,training/notflip/0040_000000023.jpg,training/notflip/0040_000000024.jpg,notflip__0040,notflip__0040,training,training,notflip,notflip,23,24
2156,2157,0.9923993905294027,2,2,same_sequence_same_split,training/notflip/0024_000000015.jpg,training/notflip/0024_000000016.jpg,notflip__0024,notflip__0024,training,training,notflip,notflip,15,16
2936,2937,0.9922576443240448,0,0,same_sequence_same_split,training/notflip/0056_000000025.jpg,training/notflip/0056_000000026.jpg,notflip__0056,notflip__0056,training,training,notflip,notflip,25,26
368,369,0.9921759140561693,0,0,same_sequence_same_split,testing/notflip/0019_000000024.jpg,testing/notflip/0019_000000025.jpg,notflip__0019,notflip__0019,testing,testing,notflip,notflip,24,25
2726,2727,0.9920552503135083,1,0,same_sequence_same_split,training/notflip/0048_000000016.jpg,training/notflip/0048_000000017.jpg,notflip__0048,notflip__0048,training,training,notflip,notflip,16,17
2633,2634,0.9920498643449155,1,2,same_sequence_same_split,training/notflip/0044_000000022.jpg,training/notflip/0044_000000023.jpg,notflip__0044,notflip__0044,training,training,notflip,notflip,22,23
511,2564,0.9920263266202952,1,2,same_sequence_cross_split,testing/notflip/0041_000000036.jpg,training/notflip/0041_000000037.jpg,notflip__0041,notflip__0041,testing,training,notflip,notflip,36,37
531,2657,0.9919933914685269,0,0,same_sequence_cross_split,testing/notflip/0045_000000022.jpg,training/notflip/0045_000000023.jpg,notflip__0045,notflip__0045,testing,training,notflip,notflip,22,23
376,2119,0.9919591441120074,0,0,same_sequence_cross_split,testing/notflip/0021_000000026.jpg,training/notflip/0021_000000025.jpg,notflip__0021,notflip__0021,testing,training,notflip,notflip,26,25
2933,2934,0.9919558545455959,0,0,same_sequence_same_split,training/notflip/0056_000000020.jpg,training/notflip/0056_000000021.jpg,notflip__0056,notflip__0056,training,training,notflip,notflip,20,21
297,1788,0.9918817773815573,0,0,same_sequence_cross_split,testing/notflip/0002_000000008.jpg,training/notflip/0002_000000007.jpg,notflip__0002,notflip__0002,testing,training,notflip,notflip,8,7
2776,2777,0.9918173146157108,0,2,same_sequence_same_split,training/notflip/0050_000000018.jpg,training/notflip/0050_000000019.jpg,notflip__0050,notflip__0050,training,training,notflip,notflip,18,19
2534,2535,0.9918072799421984,0,0,same_sequence_same_split,training/notflip/0040_000000026.jpg,training/notflip/0040_000000027.jpg,notflip__0040,notflip__0040,training,training,notflip,notflip,26,27
2109,2110,0.991727118900002,0,0,same_sequence_same_split,training/notflip/0020_000000014.jpg,training/notflip/0020_000000015.jpg,notflip__0020,notflip__0020,training,training,notflip,notflip,14,15
1852,1853,0.991665938954726,4,0,same_sequence_same_split,training/notflip/0004_000000030.jpg,training/notflip/0004_000000031.jpg,notflip__0004,notflip__0004,training,training,notflip,notflip,30,31
2732,2733,0.9915942977999433,3,2,same_sequence_same_split,training/notflip/0048_000000022.jpg,training/notflip/0048_000000023.jpg,notflip__0048,notflip__0048,training,training,notflip,notflip,22,23
1854,1855,0.9914768452883951,0,0,same_sequence_same_split,training/notflip/0004_000000032.jpg,training/notflip/0004_000000033.jpg,notflip__0004,notflip__0004,training,training,notflip,notflip,32,33
2261,2262,0.9914111211666731,0,0,same_sequence_same_split,training/notflip/0028_000000027.jpg,training/notflip/0028_000000028.jpg,notflip__0028,notflip__0028,training,training,notflip,notflip,27,28
384,2148,0.9913909220848794,2,0,same_sequence_cross_split,testing/notflip/0024_000000006.jpg,training/notflip/0024_000000005.jpg,notflip__0024,notflip__0024,testing,training,notflip,notflip,6,5
367,2085,0.9913756863736266,0,0,same_sequence_cross_split,testing/notflip/0019_000000015.jpg,training/notflip/0019_000000014.jpg,notflip__0019,notflip__0019,testing,training,notflip,notflip,15,14
1781,1782,0.9913551648770687,2,0,same_sequence_same_split,training/notflip/0001_000000028.jpg,training/notflip/0001_000000029.jpg,notflip__0001,notflip__0001,training,training,notflip,notflip,28,29
525,2638,0.9913441855305646,0,0,same_sequence_cross_split,testing/notflip/0044_000000027.jpg,training/notflip/0044_000000028.jpg,notflip__0044,notflip__0044,testing,training,notflip,notflip,27,28
2219,2220,0.9913411005741563,0,2,same_sequence_same_split,training/notflip/0027_000000008.jpg,training/notflip/0027_000000009.jpg,notflip__0027,notflip__0027,training,training,notflip,notflip,8,9
372,2106,0.9913073348238487,1,2,same_sequence_cross_split,testing/notflip/0020_000000010.jpg,training/notflip/0020_000000011.jpg,notflip__0020,notflip__0020,testing,training,notflip,notflip,10,11
305,1828,0.9912244513163142,2,0,same_sequence_cross_split,testing/notflip/0003_000000025.jpg,training/notflip/0003_000000026.jpg,notflip__0003,notflip__0003,testing,training,notflip,notflip,25,26
2881,2882,0.9911625147984406,0,2,same_sequence_same_split,training/notflip/0054_000000018.jpg,training/notflip/0054_000000019.jpg,notflip__0054,notflip__0054,training,training,notflip,notflip,18,19
403,2213,0.9911436866777997,1,0,same_sequence_cross_split,testing/notflip/0026_000000029.jpg,training/notflip/0026_000000030.jpg,notflip__0026,notflip__0026,testing,training,notflip,notflip,29,30
406,2220,0.9911086846695645,0,0,same_sequence_cross_split,testing/notflip/0027_000000010.jpg,training/notflip/0027_000000009.jpg,notflip__0027,notflip__0027,testing,training,notflip,notflip,10,9
2488,2489,0.9910789946331344,1,0,same_sequence_same_split,training/notflip/0038_000000027.jpg,training/notflip/0038_000000028.jpg,notflip__0038,notflip__0038,training,training,notflip,notflip,27,28
1952,1953,0.9910784422242545,0,0,same_sequence_same_split,training/notflip/0008_000000028.jpg,training/notflip/0008_000000029.jpg,notflip__0008,notflip__0008,training,training,notflip,notflip,28,29
371,2101,0.9910689154549646,0,0,same_sequence_cross_split,testing/notflip/0020_000000004.jpg,training/notflip/0020_000000005.jpg,notflip__0020,notflip__0020,testing,training,notflip,notflip,4,5
2527,2529,0.991066693864678,1,0,same_sequence_same_split,training/notflip/0040_000000019.jpg,training/notflip/0040_000000021.jpg,notflip__0040,notflip__0040,training,training,notflip,notflip,19,21
2283,2284,0.9910308564861737,0,0,same_sequence_same_split,training/notflip/0029_000000028.jpg,training/notflip/0029_000000029.jpg,notflip__0029,notflip__0029,training,training,notflip,notflip,28,29
2185,2186,0.9909424386124883,0,2,same_sequence_same_split,training/notflip/0025_000000026.jpg,training/notflip/0025_000000027.jpg,notflip__0025,notflip__0025,training,training,notflip,notflip,26,27
2958,2959,0.9909194087415724,0,0,same_sequence_same_split,training/notflip/0057_000000021.jpg,training/notflip/0057_000000022.jpg,notflip__0057,notflip__0057,training,training,notflip,notflip,21,22
479,2468,0.9908952858745473,2,0,same_sequence_cross_split,testing/notflip/0037_000000028.jpg,training/notflip/0037_000000029.jpg,notflip__0037,notflip__0037,testing,training,notflip,notflip,28,29
2080,2081,0.9908600280269492,1,2,same_sequence_same_split,training/notflip/0019_000000008.jpg,training/notflip/0019_000000009.jpg,notflip__0019,notflip__0019,training,training,notflip,notflip,8,9
584,2939,0.9908223982476768,0,2,same_sequence_cross_split,testing/notflip/0056_000000027.jpg,training/notflip/0056_000000029.jpg,notflip__0056,notflip__0056,testing,training,notflip,notflip,27,29
2886,2887,0.9908199344654542,1,0,same_sequence_same_split,training/notflip/0054_000000025.jpg,training/notflip/0054_000000026.jpg,notflip__0054,notflip__0054,training,training,notflip,notflip,25,26
2786,2787,0.9908135514726232,0,0,same_sequence_same_split,training/notflip/0050_000000028.jpg,training/notflip/0050_000000029.jpg,notflip__0050,notflip__0050,training,training,notflip,notflip,28,29
2446,2447,0.9907738134077456,0,0,same_sequence_same_split,training/notflip/0036_000000023.jpg,training/notflip/0036_000000024.jpg,notflip__0036,notflip__0036,training,training,notflip,notflip,23,24
2676,2677,0.9906192969470149,1,0,same_sequence_same_split,training/notflip/0046_000000018.jpg,training/notflip/0046_000000019.jpg,notflip__0046,notflip__0046,training,training,notflip,notflip,18,19
2775,2776,0.9905985935850722,0,0,same_sequence_same_split,training/notflip/0050_000000017.jpg,training/notflip/0050_000000018.jpg,notflip__0050,notflip__0050,training,training,notflip,notflip,17,18
2490,2491,0.9905305566875596,1,0,same_sequence_same_split,training/notflip/0038_000000029.jpg,training/notflip/0038_000000030.jpg,notflip__0038,notflip__0038,training,training,notflip,notflip,29,30
2444,2445,0.9905042538910048,1,2,same_sequence_same_split,training/notflip/0036_000000021.jpg,training/notflip/0036_000000022.jpg,notflip__0036,notflip__0036,training,training,notflip,notflip,21,22
365,2076,0.9904892174677402,2,0,same_sequence_cross_split,testing/notflip/0019_000000004.jpg,training/notflip/0019_000000003.jpg,notflip__0019,notflip__0019,testing,training,notflip,notflip,4,3
1773,1774,0.9904657992783972,2,0,same_sequence_same_split,training/notflip/0001_000000019.jpg,training/notflip/0001_000000020.jpg,notflip__0001,notflip__0001,training,training,notflip,notflip,19,20
2631,2632,0.9904442175382169,1,0,same_sequence_same_split,training/notflip/0044_000000020.jpg,training/notflip/0044_000000021.jpg,notflip__0044,notflip__0044,training,training,notflip,notflip,20,21
2216,2217,0.9903743837145269,2,0,same_sequence_same_split,training/notflip/0027_000000005.jpg,training/notflip/0027_000000006.jpg,notflip__0027,notflip__0027,training,training,notflip,notflip,5,6
593,2979,0.9903606656211452,0,0,same_sequence_cross_split,testing/notflip/0058_000000018.jpg,training/notflip/0058_000000017.jpg,notflip__0058,notflip__0058,testing,training,notflip,notflip,18,17
1855,1856,0.9903445268473668,1,0,same_sequence_same_split,training/notflip/0004_000000033.jpg,training/notflip/0004_000000034.jpg,notflip__0004,notflip__0004,training,training,notflip,notflip,33,34
373,2111,0.9903417994677032,1,0,same_sequence_cross_split,testing/notflip/0020_000000016.jpg,training/notflip/0020_000000017.jpg,notflip__0020,notflip__0020,testing,training,notflip,notflip,16,17
449,2367,0.9903177935477337,1,2,same_sequence_cross_split,testing/notflip/0033_000000019.jpg,training/notflip/0033_000000020.jpg,notflip__0033,notflip__0033,testing,training,notflip,notflip,19,20
397,2185,0.9903133999923058,0,0,same_sequence_cross_split,testing/notflip/0025_000000025.jpg,training/notflip/0025_000000026.jpg,notflip__0025,notflip__0025,testing,training,notflip,notflip,25,26
2466,2467,0.9902966407831013,1,0,same_sequence_same_split,training/notflip/0037_000000026.jpg,training/notflip/0037_000000027.jpg,notflip__0037,notflip__0037,training,training,notflip,notflip,26,27
2210,2211,0.9902707055313615,0,0,same_sequence_same_split,training/notflip/0026_000000026.jpg,training/notflip/0026_000000027.jpg,notflip__0026,notflip__0026,training,training,notflip,notflip,26,27
2216,2218,0.9902350265969168,2,0,same_sequence_same_split,training/notflip/0027_000000005.jpg,training/notflip/0027_000000007.jpg,notflip__0027,notflip__0027,training,training,notflip,notflip,5,7
2149,2150,0.9901960221034866,2,0,same_sequence_same_split,training/notflip/0024_000000008.jpg,training/notflip/0024_000000009.jpg,notflip__0024,notflip__0024,training,training,notflip,notflip,8,9
2221,2222,0.9901831180132595,2,0,same_sequence_same_split,training/notflip/0027_000000011.jpg,training/notflip/0027_000000012.jpg,notflip__0027,notflip__0027,training,training,notflip,notflip,11,12
466,2448,0.9901465286067507,1,0,same_sequence_cross_split,testing/notflip/0036_000000025.jpg,training/notflip/0036_000000026.jpg,notflip__0036,notflip__0036,testing,training,notflip,notflip,25,26
2423,2424,0.990102953170342,2,4,same_sequence_same_split,training/notflip/0035_000000027.jpg,training/notflip/0035_000000028.jpg,notflip__0035,notflip__0035,training,training,notflip,notflip,27,28
2915,2916,0.9900818514354862,0,0,same_sequence_same_split,training/notflip/0055_000000028.jpg,training/notflip/0055_000000029.jpg,notflip__0055,notflip__0055,training,training,notflip,notflip,28,29
1802,1803,0.990055446416516,0,0,same_sequence_same_split,training/notflip/0002_000000024.jpg,training/notflip/0002_000000025.jpg,notflip__0002,notflip__0002,training,training,notflip,notflip,24,25
2932,2933,0.9900497610227996,0,0,same_sequence_same_split,training/notflip/0056_000000019.jpg,training/notflip/0056_000000020.jpg,notflip__0056,notflip__0056,training,training,notflip,notflip,19,20
2144,2145,0.989996382642411,0,0,same_sequence_same_split,training/notflip/0023_000000027.jpg,training/notflip/0023_000000028.jpg,notflip__0023,notflip__0023,training,training,notflip,notflip,27,28
544,2711,0.98995543769296,0,0,same_sequence_cross_split,testing/notflip/0047_000000029.jpg,training/notflip/0047_000000030.jpg,notflip__0047,notflip__0047,testing,training,notflip,notflip,29,30
2281,2282,0.9899522484616571,1,0,same_sequence_same_split,training/notflip/0029_000000026.jpg,training/notflip/0029_000000027.jpg,notflip__0029,notflip__0029,training,training,notflip,notflip,26,27
465,2444,0.9898434954318769,0,2,same_sequence_cross_split,testing/notflip/0036_000000020.jpg,training/notflip/0036_000000021.jpg,notflip__0036,notflip__0036,testing,training,notflip,notflip,20,21
2214,2215,0.9897844639836315,1,0,same_sequence_same_split,training/notflip/0027_000000002.jpg,training/notflip/0027_000000003.jpg,notflip__0027,notflip__0027,training,training,notflip,notflip,2,3
1822,1823,0.9897653851761529,0,0,same_sequence_same_split,training/notflip/0003_000000019.jpg,training/notflip/0003_000000020.jpg,notflip__0003,notflip__0003,training,training,notflip,notflip,19,20
552,2752,0.9897407555147582,1,0,same_sequence_cross_split,testing/notflip/0049_000000018.jpg,training/notflip/0049_000000019.jpg,notflip__0049,notflip__0049,testing,training,notflip,notflip,18,19
467,2448,0.9897342478552071,0,0,same_sequence_cross_split,testing/notflip/0036_000000028.jpg,training/notflip/0036_000000026.jpg,notflip__0036,notflip__0036,testing,training,notflip,notflip,28,26
2982,2983,0.9897092920810365,0,0,same_sequence_same_split,training/notflip/0058_000000023.jpg,training/notflip/0058_000000024.jpg,notflip__0058,notflip__0058,training,training,notflip,notflip,23,24
321,1891,0.9897011238974448,0,0,same_sequence_cross_split,testing/notflip/0006_000000009.jpg,training/notflip/0006_000000010.jpg,notflip__0006,notflip__0006,testing,training,notflip,notflip,9,10
2909,2910,0.9896998843700006,1,0,same_sequence_same_split,training/notflip/0055_000000022.jpg,training/notflip/0055_000000023.jpg,notflip__0055,notflip__0055,training,training,notflip,notflip,22,23
2107,2108,0.9896398182330475,0,0,same_sequence_same_split,training/notflip/0020_000000012.jpg,training/notflip/0020_000000013.jpg,notflip__0020,notflip__0020,training,training,notflip,notflip,12,13
450,2372,0.989595417794815,0,0,same_sequence_cross_split,testing/notflip/0033_000000025.jpg,training/notflip/0033_000000026.jpg,notflip__0033,notflip__0033,testing,training,notflip,notflip,25,26
1792,1793,0.9895487853413809,0,0,same_sequence_same_split,training/notflip/0002_000000013.jpg,training/notflip/0002_000000014.jpg,notflip__0002,notflip__0002,training,training,notflip,notflip,13,14
376,2120,0.9894768554435509,0,2,same_sequence_cross_split,testing/notflip/0021_000000026.jpg,training/notflip/0021_000000027.jpg,notflip__0021,notflip__0021,testing,training,notflip,notflip,26,27
466,2447,0.9894390016551441,0,2,same_sequence_cross_split,testing/notflip/0036_000000025.jpg,training/notflip/0036_000000024.jpg,notflip__0036,notflip__0036,testing,training,notflip,notflip,25,24
2795,2796,0.9894203216994594,1,0,same_sequence_same_split,training/notflip/0051_000000009.jpg,training/notflip/0051_000000010.jpg,notflip__0051,notflip__0051,training,training,notflip,notflip,9,10
573,2885,0.9894110922756783,0,0,same_sequence_cross_split,testing/notflip/0054_000000023.jpg,training/notflip/0054_000000024.jpg,notflip__0054,notflip__0054,testing,training,notflip,notflip,23,24
433,434,0.9893894361044213,1,0,same_sequence_same_split,testing/notflip/0031_000000015.jpg,testing/notflip/0031_000000016.jpg,notflip__0031,notflip__0031,testing,testing,notflip,notflip,15,16
2553,2554,0.98937786310215,0,0,same_sequence_same_split,training/notflip/0041_000000023.jpg,training/notflip/0041_000000024.jpg,notflip__0041,notflip__0041,training,training,notflip,notflip,23,24
396,2182,0.9892157084256468,1,0,same_sequence_cross_split,testing/notflip/0025_000000022.jpg,training/notflip/0025_000000020.jpg,notflip__0025,notflip__0025,testing,training,notflip,notflip,22,20
2441,2442,0.9891840882688274,2,2,same_sequence_same_split,training/notflip/0036_000000017.jpg,training/notflip/0036_000000018.jpg,notflip__0036,notflip__0036,training,training,notflip,notflip,17,18
300,301,0.98918087919519,0,0,same_sequence_same_split,testing/notflip/0002_000000026.jpg,testing/notflip/0002_000000027.jpg,notflip__0002,notflip__0002,testing,testing,notflip,notflip,26,27
468,2450,0.9891675394681321,1,0,same_sequence_cross_split,testing/notflip/0036_000000030.jpg,training/notflip/0036_000000029.jpg,notflip__0036,notflip__0036,testing,training,notflip,notflip,30,29
2626,2628,0.9891348461152463,2,2,same_sequence_same_split,training/notflip/0044_000000015.jpg,training/notflip/0044_000000017.jpg,notflip__0044,notflip__0044,training,training,notflip,notflip,15,17
2610,2611,0.9891307751801255,0,0,same_sequence_same_split,training/notflip/0043_000000027.jpg,training/notflip/0043_000000028.jpg,notflip__0043,notflip__0043,training,training,notflip,notflip,27,28
2785,2786,0.9890891206115565,0,0,same_sequence_same_split,training/notflip/0050_000000027.jpg,training/notflip/0050_000000028.jpg,notflip__0050,notflip__0050,training,training,notflip,notflip,27,28
451,2372,0.9890664957390951,0,2,same_sequence_cross_split,testing/notflip/0033_000000027.jpg,training/notflip/0033_000000026.jpg,notflip__0033,notflip__0033,testing,training,notflip,notflip,27,26
1853,1854,0.9890322641371919,1,0,same_sequence_same_split,training/notflip/0004_000000031.jpg,training/notflip/0004_000000032.jpg,notflip__0004,notflip__0004,training,training,notflip,notflip,31,32
380,2145,0.9890062323463437,0,0,same_sequence_cross_split,testing/notflip/0023_000000029.jpg,training/notflip/0023_000000028.jpg,notflip__0023,notflip__0023,testing,training,notflip,notflip,29,28
2750,2751,0.9889878437232911,1,0,same_sequence_same_split,training/notflip/0049_000000016.jpg,training/notflip/0049_000000017.jpg,notflip__0049,notflip__0049,training,training,notflip,notflip,16,17
2533,2534,0.9889834807307182,0,0,same_sequence_same_split,training/notflip/0040_000000025.jpg,training/notflip/0040_000000026.jpg,notflip__0040,notflip__0040,training,training,notflip,notflip,25,26
2701,2702,0.9889752059048285,1,0,same_sequence_same_split,training/notflip/0047_000000017.jpg,training/notflip/0047_000000018.jpg,notflip__0047,notflip__0047,training,training,notflip,notflip,17,18
2424,2425,0.9889734898003978,2,0,same_sequence_same_split,training/notflip/0035_000000028.jpg,training/notflip/0035_000000029.jpg,notflip__0035,notflip__0035,training,training,notflip,notflip,28,29
2324,2325,0.9889402614814378,2,0,same_sequence_same_split,training/notflip/0031_000000025.jpg,training/notflip/0031_000000026.jpg,notflip__0031,notflip__0031,training,training,notflip,notflip,25,26
2235,2236,0.9889338120335043,1,0,same_sequence_same_split,training/notflip/0027_000000029.jpg,training/notflip/0027_000000030.jpg,notflip__0027,notflip__0027,training,training,notflip,notflip,29,30
1951,1952,0.9888193082818961,0,0,same_sequence_same_split,training/notflip/0008_000000027.jpg,training/notflip/0008_000000028.jpg,notflip__0008,notflip__0008,training,training,notflip,notflip,27,28
375,376,0.9888065870613724,0,2,same_sequence_same_split,testing/notflip/0021_000000024.jpg,testing/notflip/0021_000000026.jpg,notflip__0021,notflip__0021,testing,testing,notflip,notflip,24,26
2558,2559,0.9888046224446344,1,0,same_sequence_same_split,training/notflip/0041_000000029.jpg,training/notflip/0041_000000030.jpg,notflip__0041,notflip__0041,training,training,notflip,notflip,29,30
2462,2463,0.9887768367818083,0,0,same_sequence_same_split,training/notflip/0037_000000021.jpg,training/notflip/0037_000000022.jpg,notflip__0037,notflip__0037,training,training,notflip,notflip,21,22
2675,2676,0.9886916339378045,0,0,same_sequence_same_split,training/notflip/0046_000000017.jpg,training/notflip/0046_000000018.jpg,notflip__0046,notflip__0046,training,training,notflip,notflip,17,18
532,2660,0.988666227054586,1,0,same_sequence_cross_split,testing/notflip/0045_000000026.jpg,training/notflip/0045_000000027.jpg,notflip__0045,notflip__0045,testing,training,notflip,notflip,26,27
2784,2785,0.9886214964923116,0,0,same_sequence_same_split,training/notflip/0050_000000026.jpg,training/notflip/0050_000000027.jpg,notflip__0050,notflip__0050,training,training,notflip,notflip,26,27
2467,2468,0.9885321829251025,1,0,same_sequence_same_split,training/notflip/0037_000000027.jpg,training/notflip/0037_000000029.jpg,notflip__0037,notflip__0037,training,training,notflip,notflip,27,29
543,2708,0.9885171058077404,0,0,same_sequence_cross_split,testing/notflip/0047_000000025.jpg,training/notflip/0047_000000026.jpg,notflip__0047,notflip__0047,testing,training,notflip,notflip,25,26
515,2573,0.9885135888764717,0,0,same_sequence_cross_split,testing/notflip/0042_000000013.jpg,training/notflip/0042_000000012.jpg,notflip__0042,notflip__0042,testing,training,notflip,notflip,13,12
2554,2556,0.9884986349340056,1,2,same_sequence_same_split,training/notflip/0041_000000024.jpg,training/notflip/0041_000000026.jpg,notflip__0041,notflip__0041,training,training,notflip,notflip,24,26
298,1792,0.988483510849577,0,0,same_sequence_cross_split,testing/notflip/0002_000000012.jpg,training/notflip/0002_000000013.jpg,notflip__0002,notflip__0002,testing,training,notflip,notflip,12,13
361,2071,0.9884524108963277,2,0,same_sequence_cross_split,testing/notflip/0016_000000020.jpg,training/notflip/0016_000000019.jpg,notflip__0016,notflip__0016,testing,training,notflip,notflip,20,19
1794,1795,0.9883936697360881,2,0,same_sequence_same_split,training/notflip/0002_000000016.jpg,training/notflip/0002_000000017.jpg,notflip__0002,notflip__0002,training,training,notflip,notflip,16,17
2812,2813,0.988387291173909,1,0,same_sequence_same_split,training/notflip/0051_000000028.jpg,training/notflip/0051_000000029.jpg,notflip__0051,notflip__0051,training,training,notflip,notflip,28,29
500,2527,0.9883826437485324,1,0,same_sequence_cross_split,testing/notflip/0040_000000018.jpg,training/notflip/0040_000000019.jpg,notflip__0040,notflip__0040,testing,training,notflip,notflip,18,19
2906,2907,0.9883282295852949,0,0,same_sequence_same_split,training/notflip/0055_000000019.jpg,training/notflip/0055_000000020.jpg,notflip__0055,notflip__0055,training,training,notflip,notflip,19,20
2723,2724,0.9883159331062534,1,0,same_sequence_same_split,training/notflip/0048_000000012.jpg,training/notflip/0048_000000013.jpg,notflip__0048,notflip__0048,training,training,notflip,notflip,12,13
1079,1080,0.988289091704962,0,2,same_sequence_same_split,training/flip/0028_000000006.jpg,training/flip/0028_000000007.jpg,flip__0028,flip__0028,training,training,flip,flip,6,7
2085,2086,0.9882780229680286,0,2,same_sequence_same_split,training/notflip/0019_000000014.jpg,training/notflip/0019_000000016.jpg,notflip__0019,notflip__0019,training,training,notflip,notflip,14,16
299,1794,0.9882574992734163,0,0,same_sequence_cross_split,testing/notflip/0002_000000015.jpg,training/notflip/0002_000000016.jpg,notflip__0002,notflip__0002,testing,training,notflip,notflip,15,16
2186,2187,0.9882534373397722,0,0,same_sequence_same_split,training/notflip/0025_000000027.jpg,training/notflip/0025_000000028.jpg,notflip__0025,notflip__0025,training,training,notflip,notflip,27,28
2373,2374,0.988234252782837,1,2,same_sequence_same_split,training/notflip/0033_000000028.jpg,training/notflip/0033_000000029.jpg,notflip__0033,notflip__0033,training,training,notflip,notflip,28,29
2515,2516,0.988232084465159,0,0,same_sequence_same_split,training/notflip/0039_000000027.jpg,training/notflip/0039_000000028.jpg,notflip__0039,notflip__0039,training,training,notflip,notflip,27,28
2753,2754,0.9882294019864051,0,0,same_sequence_same_split,training/notflip/0049_000000020.jpg,training/notflip/0049_000000021.jpg,notflip__0049,notflip__0049,training,training,notflip,notflip,20,21
2139,2140,0.9881874829072763,1,2,same_sequence_same_split,training/notflip/0023_000000021.jpg,training/notflip/0023_000000022.jpg,notflip__0023,notflip__0023,training,training,notflip,notflip,21,22
2639,2640,0.9881554747809391,2,0,same_sequence_same_split,training/notflip/0044_000000029.jpg,training/notflip/0044_000000030.jpg,notflip__0044,notflip__0044,training,training,notflip,notflip,29,30
572,2882,0.9881378823824217,2,0,same_sequence_cross_split,testing/notflip/0054_000000020.jpg,training/notflip/0054_000000019.jpg,notflip__0054,notflip__0054,testing,training,notflip,notflip,20,19
509,2557,0.9881079895710614,0,0,same_sequence_cross_split,testing/notflip/0041_000000028.jpg,training/notflip/0041_000000027.jpg,notflip__0041,notflip__0041,testing,training,notflip,notflip,28,27
1799,1800,0.9880987013641204,0,0,same_sequence_same_split,training/notflip/0002_000000021.jpg,training/notflip/0002_000000022.jpg,notflip__0002,notflip__0002,training,training,notflip,notflip,21,22
2669,2670,0.9880743656258713,1,2,same_sequence_same_split,training/notflip/0046_000000009.jpg,training/notflip/0046_000000010.jpg,notflip__0046,notflip__0046,training,training,notflip,notflip,9,10
2153,2154,0.9880703171586259,0,0,same_sequence_same_split,training/notflip/0024_000000012.jpg,training/notflip/0024_000000013.jpg,notflip__0024,notflip__0024,training,training,notflip,notflip,12,13
320,1875,0.9880475245888646,0,0,same_sequence_cross_split,testing/notflip/0005_000000022.jpg,training/notflip/0005_000000023.jpg,notflip__0005,notflip__0005,testing,training,notflip,notflip,22,23
2905,2906,0.9880375925533798,0,0,same_sequence_same_split,training/notflip/0055_000000018.jpg,training/notflip/0055_000000019.jpg,notflip__0055,notflip__0055,training,training,notflip,notflip,18,19
460,2423,0.9880179996894989,2,0,same_sequence_cross_split,testing/notflip/0035_000000026.jpg,training/notflip/0035_000000027.jpg,notflip__0035,notflip__0035,testing,training,notflip,notflip,26,27
1797,1799,0.9880153438934934,1,0,same_sequence_same_split,training/notflip/0002_000000019.jpg,training/notflip/0002_000000021.jpg,notflip__0002,notflip__0002,training,training,notflip,notflip,19,21
2629,2631,0.9880009861417725,1,0,same_sequence_same_split,training/notflip/0044_000000018.jpg,training/notflip/0044_000000020.jpg,notflip__0044,notflip__0044,training,training,notflip,notflip,18,20
1916,1918,0.9879990317564376,1,0,same_sequence_same_split,training/notflip/0007_000000015.jpg,training/notflip/0007_000000017.jpg,notflip__0007,notflip__0007,training,training,notflip,notflip,15,17
373,2110,0.9879266711565904,1,2,same_sequence_cross_split,testing/notflip/0020_000000016.jpg,training/notflip/0020_000000015.jpg,notflip__0020,notflip__0020,testing,training,notflip,notflip,16,15
2468,2469,0.9878872511284701,1,0,same_sequence_same_split,training/notflip/0037_000000029.jpg,training/notflip/0037_000000030.jpg,notflip__0037,notflip__0037,training,training,notflip,notflip,29,30
531,2656,0.9878673205670158,0,0,same_sequence_cross_split,testing/notflip/0045_000000022.jpg,training/notflip/0045_000000021.jpg,notflip__0045,notflip__0045,testing,training,notflip,notflip,22,21
548,2737,0.9878222430867893,0,0,same_sequence_cross_split,testing/notflip/0048_000000030.jpg,training/notflip/0048_000000029.jpg,notflip__0048,notflip__0048,testing,training,notflip,notflip,30,29
1796,1797,0.9877931027607604,0,0,same_sequence_same_split,training/notflip/0002_000000018.jpg,training/notflip/0002_000000019.jpg,notflip__0002,notflip__0002,training,training,notflip,notflip,18,19
2539,2541,0.9877756055719866,0,0,same_sequence_same_split,training/notflip/0041_000000002.jpg,training/notflip/0041_000000005.jpg,notflip__0041,notflip__0041,training,training,notflip,notflip,2,5
502,2541,0.9877755012724357,0,0,same_sequence_cross_split,testing/notflip/0041_000000003.jpg,training/notflip/0041_000000005.jpg,notflip__0041,notflip__0041,testing,training,notflip,notflip,3,5
380,381,0.9877713250733122,0,0,same_sequence_same_split,testing/notflip/0023_000000029.jpg,testing/notflip/0023_000000030.jpg,notflip__0023,notflip__0023,testing,testing,notflip,notflip,29,30
501,2541,0.9877646492971032,0,0,same_sequence_cross_split,testing/notflip/0041_000000001.jpg,training/notflip/0041_000000005.jpg,notflip__0041,notflip__0041,testing,training,notflip,notflip,1,5
367,2086,0.9876743168297114,0,2,same_sequence_cross_split,testing/notflip/0019_000000015.jpg,training/notflip/0019_000000016.jpg,notflip__0019,notflip__0019,testing,training,notflip,notflip,15,16
2802,2803,0.987657815058671,2,0,same_sequence_same_split,training/notflip/0051_000000017.jpg,training/notflip/0051_000000018.jpg,notflip__0051,notflip__0051,training,training,notflip,notflip,17,18
553,2754,0.9876339896618209,0,0,same_sequence_cross_split,testing/notflip/0049_000000022.jpg,training/notflip/0049_000000021.jpg,notflip__0049,notflip__0049,testing,training,notflip,notflip,22,21
2099,2100,0.9876206079967006,0,0,same_sequence_same_split,training/notflip/0020_000000002.jpg,training/notflip/0020_000000003.jpg,notflip__0020,notflip__0020,training,training,notflip,notflip,2,3
1828,1829,0.9876099886689231,1,0,same_sequence_same_split,training/notflip/0003_000000026.jpg,training/notflip/0003_000000027.jpg,notflip__0003,notflip__0003,training,training,notflip,notflip,26,27
2104,2105,0.9875902781521609,0,0,same_sequence_same_split,training/notflip/0020_000000008.jpg,training/notflip/0020_000000009.jpg,notflip__0020,notflip__0020,training,training,notflip,notflip,8,9
2732,2734,0.9875809338321392,2,2,same_sequence_same_split,training/notflip/0048_000000022.jpg,training/notflip/0048_000000024.jpg,notflip__0048,notflip__0048,training,training,notflip,notflip,22,24
525,2637,0.9875584544988104,2,2,same_sequence_cross_split,testing/notflip/0044_000000027.jpg,training/notflip/0044_000000026.jpg,notflip__0044,notflip__0044,testing,training,notflip,notflip,27,26
2782,2783,0.9875536105862913,0,0,same_sequence_same_split,training/notflip/0050_000000024.jpg,training/notflip/0050_000000025.jpg,notflip__0050,notflip__0050,training,training,notflip,notflip,24,25
2939,2940,0.9875188823064288,0,2,same_sequence_same_split,training/notflip/0056_000000029.jpg,training/notflip/0056_000000030.jpg,notflip__0056,notflip__0056,training,training,notflip,notflip,29,30
371,2102,0.9875120529130264,1,2,same_sequence_cross_split,testing/notflip/0020_000000004.jpg,training/notflip/0020_000000006.jpg,notflip__0020,notflip__0020,testing,training,notflip,notflip,4,6
2113,2114,0.987509201605051,1,0,same_sequence_same_split,training/notflip/0020_000000020.jpg,training/notflip/0020_000000021.jpg,notflip__0020,notflip__0020,training,training,notflip,notflip,20,21
2792,2793,0.9875056505125197,1,0,same_sequence_same_split,training/notflip/0051_000000006.jpg,training/notflip/0051_000000007.jpg,notflip__0051,notflip__0051,training,training,notflip,notflip,6,7
530,2653,0.9874628955409135,0,0,same_sequence_cross_split,testing/notflip/0045_000000018.jpg,training/notflip/0045_000000017.jpg,notflip__0045,notflip__0045,testing,training,notflip,notflip,18,17
553,2755,0.9874130392479314,0,2,same_sequence_cross_split,testing/notflip/0049_000000022.jpg,training/notflip/0049_000000023.jpg,notflip__0049,notflip__0049,testing,training,notflip,notflip,22,23
2459,2460,0.9872711070647447,2,0,same_sequence_same_split,training/notflip/0037_000000016.jpg,training/notflip/0037_000000017.jpg,notflip__0037,notflip__0037,training,training,notflip,notflip,16,17
596,2983,0.9872577334715537,0,0,same_sequence_cross_split,testing/notflip/0058_000000025.jpg,training/notflip/0058_000000024.jpg,notflip__0058,notflip__0058,testing,training,notflip,notflip,25,24
2783,2784,0.9872476558112384,0,0,same_sequence_same_split,training/notflip/0050_000000025.jpg,training/notflip/0050_000000026.jpg,notflip__0050,notflip__0050,training,training,notflip,notflip,25,26
1100,1101,0.9871683909010607,0,0,same_sequence_same_split,training/flip/0029_000000002.jpg,training/flip/0029_000000003.jpg,flip__0029,flip__0029,training,training,flip,flip,2,3
451,2374,0.9871558856909742,1,2,same_sequence_cross_split,testing/notflip/0033_000000027.jpg,training/notflip/0033_000000029.jpg,notflip__0033,notflip__0033,testing,training,notflip,notflip,27,29
2931,2932,0.9871352181137811,1,0,same_sequence_same_split,training/notflip/0056_000000018.jpg,training/notflip/0056_000000019.jpg,notflip__0056,notflip__0056,training,training,notflip,notflip,18,19
2157,2158,0.9870985717616593,0,4,same_sequence_same_split,training/notflip/0024_000000016.jpg,training/notflip/0024_000000017.jpg,notflip__0024,notflip__0024,training,training,notflip,notflip,16,17
454,2398,0.9870982921287068,0,0,same_sequence_cross_split,testing/notflip/0034_000000025.jpg,training/notflip/0034_000000026.jpg,notflip__0034,notflip__0034,testing,training,notflip,notflip,25,26
383,2147,0.9870897714922392,3,2,same_sequence_cross_split,testing/notflip/0024_000000004.jpg,training/notflip/0024_000000003.jpg,notflip__0024,notflip__0024,testing,training,notflip,notflip,4,3
2117,2118,0.9870714074350895,0,0,same_sequence_same_split,training/notflip/0021_000000022.jpg,training/notflip/0021_000000023.jpg,notflip__0021,notflip__0021,training,training,notflip,notflip,22,23
295,1785,0.9870409435643483,1,0,same_sequence_cross_split,testing/notflip/0002_000000003.jpg,training/notflip/0002_000000002.jpg,notflip__0002,notflip__0002,testing,training,notflip,notflip,3,2
508,2553,0.9870090336356828,1,0,same_sequence_cross_split,testing/notflip/0041_000000022.jpg,training/notflip/0041_000000023.jpg,notflip__0041,notflip__0041,testing,training,notflip,notflip,22,23
583,2936,0.9869347432096063,0,0,same_sequence_cross_split,testing/notflip/0056_000000024.jpg,training/notflip/0056_000000025.jpg,notflip__0056,notflip__0056,testing,training,notflip,notflip,24,25
2803,2804,0.9869080000780622,2,0,same_sequence_same_split,training/notflip/0051_000000018.jpg,training/notflip/0051_000000019.jpg,notflip__0051,notflip__0051,training,training,notflip,notflip,18,19
2184,2185,0.9868210789749529,0,0,same_sequence_same_split,training/notflip/0025_000000024.jpg,training/notflip/0025_000000026.jpg,notflip__0025,notflip__0025,training,training,notflip,notflip,24,26
375,2118,0.9868165833832102,0,0,same_sequence_cross_split,testing/notflip/0021_000000024.jpg,training/notflip/0021_000000023.jpg,notflip__0021,notflip__0021,testing,training,notflip,notflip,24,23
478,2466,0.9867979602878615,1,0,same_sequence_cross_split,testing/notflip/0037_000000025.jpg,training/notflip/0037_000000026.jpg,notflip__0037,notflip__0037,testing,training,notflip,notflip,25,26
2785,2787,0.9867897656269491,0,0,same_sequence_same_split,training/notflip/0050_000000027.jpg,training/notflip/0050_000000029.jpg,notflip__0050,notflip__0050,training,training,notflip,notflip,27,29
479,2466,0.9867749389673586,0,0,same_sequence_cross_split,testing/notflip/0037_000000028.jpg,training/notflip/0037_000000026.jpg,notflip__0037,notflip__0037,testing,training,notflip,notflip,28,26
371,2100,0.986712844676253,1,0,same_sequence_cross_split,testing/notflip/0020_000000004.jpg,training/notflip/0020_000000003.jpg,notflip__0020,notflip__0020,testing,training,notflip,notflip,4,3
2751,2752,0.9866973288438301,1,0,same_sequence_same_split,training/notflip/0049_000000017.jpg,training/notflip/0049_000000019.jpg,notflip__0049,notflip__0049,training,training,notflip,notflip,17,19
1798,1800,0.9866678608225113,1,0,same_sequence_same_split,training/notflip/0002_000000020.jpg,training/notflip/0002_000000022.jpg,notflip__0002,notflip__0002,training,training,notflip,notflip,20,22
2986,2988,0.9866659031395602,0,0,same_sequence_same_split,training/notflip/0058_000000028.jpg,training/notflip/0058_000000030.jpg,notflip__0058,notflip__0058,training,training,notflip,notflip,28,30
1788,1789,0.9866491248815356,1,0,same_sequence_same_split,training/notflip/0002_000000007.jpg,training/notflip/0002_000000009.jpg,notflip__0002,notflip__0002,training,training,notflip,notflip,7,9
546,2732,0.9866404535371237,4,2,same_sequence_cross_split,testing/notflip/0048_000000025.jpg,training/notflip/0048_000000022.jpg,notflip__0048,notflip__0048,testing,training,notflip,notflip,25,22
346,1974,0.9866279930765823,0,2,same_sequence_cross_split,testing/notflip/0009_000000027.jpg,training/notflip/0009_000000028.jpg,notflip__0009,notflip__0009,testing,training,notflip,notflip,27,28
2209,2211,0.986626362156406,1,0,same_sequence_same_split,training/notflip/0026_000000025.jpg,training/notflip/0026_000000027.jpg,notflip__0026,notflip__0026,training,training,notflip,notflip,25,27
2956,2957,0.9866156164774449,2,4,same_sequence_same_split,training/notflip/0057_000000019.jpg,training/notflip/0057_000000020.jpg,notflip__0057,notflip__0057,training,training,notflip,notflip,19,20
2916,2917,0.9866057994609059,1,2,same_sequence_same_split,training/notflip/0055_000000029.jpg,training/notflip/0055_000000030.jpg,notflip__0055,notflip__0055,training,training,notflip,notflip,29,30
2952,2953,0.9865824493912063,0,0,same_sequence_same_split,training/notflip/0057_000000015.jpg,training/notflip/0057_000000016.jpg,notflip__0057,notflip__0057,training,training,notflip,notflip,15,16
534,2661,0.9865301239026779,0,0,same_sequence_cross_split,testing/notflip/0045_000000030.jpg,training/notflip/0045_000000029.jpg,notflip__0045,notflip__0045,testing,training,notflip,notflip,30,29
1771,1772,0.9864962753209409,1,0,same_sequence_same_split,training/notflip/0001_000000017.jpg,training/notflip/0001_000000018.jpg,notflip__0001,notflip__0001,training,training,notflip,notflip,17,18
1818,1819,0.9864942904806063,1,0,same_sequence_same_split,training/notflip/0003_000000014.jpg,training/notflip/0003_000000015.jpg,notflip__0003,notflip__0003,training,training,notflip,notflip,14,15
2579,2580,0.9864230940783422,2,2,same_sequence_same_split,training/notflip/0042_000000019.jpg,training/notflip/0042_000000020.jpg,notflip__0042,notflip__0042,training,training,notflip,notflip,19,20
2628,2629,0.9863910911820623,2,0,same_sequence_same_split,training/notflip/0044_000000017.jpg,training/notflip/0044_000000018.jpg,notflip__0044,notflip__0044,training,training,notflip,notflip,17,18
421,2281,0.9863679173028244,1,2,same_sequence_cross_split,testing/notflip/0029_000000025.jpg,training/notflip/0029_000000026.jpg,notflip__0029,notflip__0029,testing,training,notflip,notflip,25,26
2733,2734,0.9863610239533942,1,0,same_sequence_same_split,training/notflip/0048_000000023.jpg,training/notflip/0048_000000024.jpg,notflip__0048,notflip__0048,training,training,notflip,notflip,23,24
1952,1954,0.9863539206884304,0,0,same_sequence_same_split,training/notflip/0008_000000028.jpg,training/notflip/0008_000000030.jpg,notflip__0008,notflip__0008,training,training,notflip,notflip,28,30
437,2320,0.9863410609031705,2,0,same_sequence_cross_split,testing/notflip/0031_000000020.jpg,training/notflip/0031_000000021.jpg,notflip__0031,notflip__0031,testing,training,notflip,notflip,20,21
2445,2446,0.9863399199943329,0,0,same_sequence_same_split,training/notflip/0036_000000022.jpg,training/notflip/0036_000000023.jpg,notflip__0036,notflip__0036,training,training,notflip,notflip,22,23
2530,2532,0.9862686303590412,0,0,same_sequence_same_split,training/notflip/0040_000000022.jpg,training/notflip/0040_000000024.jpg,notflip__0040,notflip__0040,training,training,notflip,notflip,22,24
572,2883,0.9862194748115438,2,0,same_sequence_cross_split,testing/notflip/0054_000000020.jpg,training/notflip/0054_000000021.jpg,notflip__0054,notflip__0054,testing,training,notflip,notflip,20,21
2424,2427,0.9862034546190674,2,0,same_sequence_same_split,training/notflip/0035_000000028.jpg,training/notflip/0035_000000031.jpg,notflip__0035,notflip__0035,training,training,notflip,notflip,28,31
2908,2909,0.9861651880116296,0,0,same_sequence_same_split,training/notflip/0055_000000021.jpg,training/notflip/0055_000000022.jpg,notflip__0055,notflip__0055,training,training,notflip,notflip,21,22
509,2558,0.9861630322007757,0,0,same_sequence_cross_split,testing/notflip/0041_000000028.jpg,training/notflip/0041_000000029.jpg,notflip__0041,notflip__0041,testing,training,notflip,notflip,28,29
467,2450,0.9861193111636987,2,0,same_sequence_cross_split,testing/notflip/0036_000000028.jpg,training/notflip/0036_000000029.jpg,notflip__0036,notflip__0036,testing,training,notflip,notflip,28,29
2154,2155,0.9860946250777022,0,0,same_sequence_same_split,training/notflip/0024_000000013.jpg,training/notflip/0024_000000014.jpg,notflip__0024,notflip__0024,training,training,notflip,notflip,13,14
2164,2165,0.9860766845259938,0,0,same_sequence_same_split,training/notflip/0024_000000028.jpg,training/notflip/0024_000000029.jpg,notflip__0024,notflip__0024,training,training,notflip,notflip,28,29
2664,2665,0.9860493547457598,0,2,same_sequence_same_split,training/notflip/0046_000000004.jpg,training/notflip/0046_000000005.jpg,notflip__0046,notflip__0046,training,training,notflip,notflip,4,5
1814,1815,0.9860322653130246,2,0,same_sequence_same_split,training/notflip/0003_000000010.jpg,training/notflip/0003_000000011.jpg,notflip__0003,notflip__0003,training,training,notflip,notflip,10,11
2677,2678,0.9859829822006015,1,0,same_sequence_same_split,training/notflip/0046_000000019.jpg,training/notflip/0046_000000020.jpg,notflip__0046,notflip__0046,training,training,notflip,notflip,19,20
1796,1798,0.9859808604404711,0,0,same_sequence_same_split,training/notflip/0002_000000018.jpg,training/notflip/0002_000000020.jpg,notflip__0002,notflip__0002,training,training,notflip,notflip,18,20
2426,2427,0.9859344155630309,2,0,same_sequence_same_split,training/notflip/0035_000000030.jpg,training/notflip/0035_000000031.jpg,notflip__0035,notflip__0035,training,training,notflip,notflip,30,31
2488,2490,0.9859183060710361,2,0,same_sequence_same_split,training/notflip/0038_000000027.jpg,training/notflip/0038_000000029.jpg,notflip__0038,notflip__0038,training,training,notflip,notflip,27,29
368,2094,0.985874870784551,0,0,same_sequence_cross_split,testing/notflip/0019_000000024.jpg,training/notflip/0019_000000026.jpg,notflip__0019,notflip__0019,testing,training,notflip,notflip,24,26
1826,1827,0.985815479136015,1,0,same_sequence_same_split,training/notflip/0003_000000023.jpg,training/notflip/0003_000000024.jpg,notflip__0003,notflip__0003,training,training,notflip,notflip,23,24
2631,2633,0.9857946683349254,1,0,same_sequence_same_split,training/notflip/0044_000000020.jpg,training/notflip/0044_000000022.jpg,notflip__0044,notflip__0044,training,training,notflip,notflip,20,22
2183,2185,0.9857700638027374,1,2,same_sequence_same_split,training/notflip/0025_000000023.jpg,training/notflip/0025_000000026.jpg,notflip__0025,notflip__0025,training,training,notflip,notflip,23,26
421,2282,0.9857513204686463,2,2,same_sequence_cross_split,testing/notflip/0029_000000025.jpg,training/notflip/0029_000000027.jpg,notflip__0029,notflip__0029,testing,training,notflip,notflip,25,27
477,2461,0.9857489284893716,1,0,same_sequence_cross_split,testing/notflip/0037_000000019.jpg,training/notflip/0037_000000020.jpg,notflip__0037,notflip__0037,testing,training,notflip,notflip,19,20
465,2443,0.9857097087439477,0,0,same_sequence_cross_split,testing/notflip/0036_000000020.jpg,training/notflip/0036_000000019.jpg,notflip__0036,notflip__0036,testing,training,notflip,notflip,20,19
555,2759,0.9856867439940924,0,0,same_sequence_cross_split,testing/notflip/0049_000000028.jpg,training/notflip/0049_000000029.jpg,notflip__0049,notflip__0049,testing,training,notflip,notflip,28,29
2278,2279,0.9856631351883085,1,0,same_sequence_same_split,training/notflip/0029_000000022.jpg,training/notflip/0029_000000023.jpg,notflip__0029,notflip__0029,training,training,notflip,notflip,22,23
396,2183,0.9856371835684392,1,0,same_sequence_cross_split,testing/notflip/0025_000000022.jpg,training/notflip/0025_000000023.jpg,notflip__0025,notflip__0025,testing,training,notflip,notflip,22,23
2981,2983,0.9856371429928754,0,0,same_sequence_same_split,training/notflip/0058_000000022.jpg,training/notflip/0058_000000024.jpg,notflip__0058,notflip__0058,training,training,notflip,notflip,22,24
2425,2427,0.9856154220185097,2,0,same_sequence_same_split,training/notflip/0035_000000029.jpg,training/notflip/0035_000000031.jpg,notflip__0035,notflip__0035,training,training,notflip,notflip,29,31
2461,2462,0.985610873948613,0,0,same_sequence_same_split,training/notflip/0037_000000020.jpg,training/notflip/0037_000000021.jpg,notflip__0037,notflip__0037,training,training,notflip,notflip,20,21
2907,2908,0.985593569023865,0,0,same_sequence_same_split,training/notflip/0055_000000020.jpg,training/notflip/0055_000000021.jpg,notflip__0055,notflip__0055,training,training,notflip,notflip,20,21
1351,1352,0.9855772476610876,0,2,same_sequence_same_split,training/flip/0044_000000009.jpg,training/flip/0044_000000010.jpg,flip__0044,flip__0044,training,training,flip,flip,9,10
2187,2188,0.9855202806300627,0,0,same_sequence_same_split,training/notflip/0025_000000028.jpg,training/notflip/0025_000000029.jpg,notflip__0025,notflip__0025,training,training,notflip,notflip,28,29
386,387,0.9855028523840709,2,2,same_sequence_same_split,testing/notflip/0024_000000019.jpg,testing/notflip/0024_000000020.jpg,notflip__0024,notflip__0024,testing,testing,notflip,notflip,19,20
2709,2710,0.9854137203537765,0,0,same_sequence_same_split,training/notflip/0047_000000027.jpg,training/notflip/0047_000000028.jpg,notflip__0047,notflip__0047,training,training,notflip,notflip,27,28
2150,2151,0.9853397145486024,2,2,same_sequence_same_split,training/notflip/0024_000000009.jpg,training/notflip/0024_000000010.jpg,notflip__0024,notflip__0024,training,training,notflip,notflip,9,10
2317,2318,0.9853320791421684,0,2,same_sequence_same_split,training/notflip/0031_000000013.jpg,training/notflip/0031_000000014.jpg,notflip__0031,notflip__0031,training,training,notflip,notflip,13,14
2796,2797,0.9853143613594298,1,0,same_sequence_same_split,training/notflip/0051_000000010.jpg,training/notflip/0051_000000011.jpg,notflip__0051,notflip__0051,training,training,notflip,notflip,10,11
2464,2465,0.9853028993152446,0,0,same_sequence_same_split,training/notflip/0037_000000023.jpg,training/notflip/0037_000000024.jpg,notflip__0037,notflip__0037,training,training,notflip,notflip,23,24
2108,2109,0.9852940442981797,0,0,same_sequence_same_split,training/notflip/0020_000000013.jpg,training/notflip/0020_000000014.jpg,notflip__0020,notflip__0020,training,training,notflip,notflip,13,14
552,2750,0.9852716568959309,1,0,same_sequence_cross_split,testing/notflip/0049_000000018.jpg,training/notflip/0049_000000016.jpg,notflip__0049,notflip__0049,testing,training,notflip,notflip,18,16
1927,1928,0.9852488870738859,1,0,same_sequence_same_split,training/notflip/0007_000000027.jpg,training/notflip/0007_000000028.jpg,notflip__0007,notflip__0007,training,training,notflip,notflip,27,28
1950,1951,0.985241563969684,0,0,same_sequence_same_split,training/notflip/0008_000000026.jpg,training/notflip/0008_000000027.jpg,notflip__0008,notflip__0008,training,training,notflip,notflip,26,27
1099,1100,0.985218488552562,1,0,same_sequence_same_split,training/flip/0029_000000001.jpg,training/flip/0029_000000002.jpg,flip__0029,flip__0029,training,training,flip,flip,1,2
298,1791,0.9852159769475876,0,0,same_sequence_cross_split,testing/notflip/0002_000000012.jpg,training/notflip/0002_000000011.jpg,notflip__0002,notflip__0002,testing,training,notflip,notflip,12,11
369,2094,0.9852004282851167,0,0,same_sequence_cross_split,testing/notflip/0019_000000025.jpg,training/notflip/0019_000000026.jpg,notflip__0019,notflip__0019,testing,training,notflip,notflip,25,26
2633,2635,0.985127324181104,2,2,same_sequence_same_split,training/notflip/0044_000000022.jpg,training/notflip/0044_000000024.jpg,notflip__0044,notflip__0044,training,training,notflip,notflip,22,24
2681,2682,0.9851203358264253,0,0,same_sequence_same_split,training/notflip/0046_000000023.jpg,training/notflip/0046_000000024.jpg,notflip__0046,notflip__0046,training,training,notflip,notflip,23,24
2440,2441,0.985070819798691,2,0,same_sequence_same_split,training/notflip/0036_000000016.jpg,training/notflip/0036_000000017.jpg,notflip__0036,notflip__0036,training,training,notflip,notflip,16,17
1796,1799,0.9850509963212251,1,0,same_sequence_same_split,training/notflip/0002_000000018.jpg,training/notflip/0002_000000021.jpg,notflip__0002,notflip__0002,training,training,notflip,notflip,18,21
542,2708,0.985026021146471,0,0,same_sequence_cross_split,testing/notflip/0047_000000024.jpg,training/notflip/0047_000000026.jpg,notflip__0047,notflip__0047,testing,training,notflip,notflip,24,26
2655,2656,0.9850169842905468,2,0,same_sequence_same_split,training/notflip/0045_000000020.jpg,training/notflip/0045_000000021.jpg,notflip__0045,notflip__0045,training,training,notflip,notflip,20,21
1801,1803,0.9850098855706023,0,0,same_sequence_same_split,training/notflip/0002_000000023.jpg,training/notflip/0002_000000025.jpg,notflip__0002,notflip__0002,training,training,notflip,notflip,23,25
595,2981,0.9850057035876932,0,0,same_sequence_cross_split,testing/notflip/0058_000000021.jpg,training/notflip/0058_000000022.jpg,notflip__0058,notflip__0058,testing,training,notflip,notflip,21,22
476,477,0.9849839664930513,0,0,same_sequence_same_split,testing/notflip/0037_000000018.jpg,testing/notflip/0037_000000019.jpg,notflip__0037,notflip__0037,testing,testing,notflip,notflip,18,19
460,2422,0.9849518482912066,0,2,same_sequence_cross_split,testing/notflip/0035_000000026.jpg,training/notflip/0035_000000025.jpg,notflip__0035,notflip__0035,testing,training,notflip,notflip,26,25
1348,1349,0.9849444609747277,0,2,same_sequence_same_split,training/flip/0044_000000005.jpg,training/flip/0044_000000006.jpg,flip__0044,flip__0044,training,training,flip,flip,5,6
536,2670,0.9849276065698894,4,2,same_sequence_cross_split,testing/notflip/0046_000000011.jpg,training/notflip/0046_000000010.jpg,notflip__0046,notflip__0046,testing,training,notflip,notflip,11,10
2888,2889,0.9848926577932063,1,0,same_sequence_same_split,training/notflip/0054_000000028.jpg,training/notflip/0054_000000029.jpg,notflip__0054,notflip__0054,training,training,notflip,notflip,28,29
2105,2106,0.9848680241850445,2,2,same_sequence_same_split,training/notflip/0020_000000009.jpg,training/notflip/0020_000000011.jpg,notflip__0020,notflip__0020,training,training,notflip,notflip,9,11
346,1973,0.9848637294130739,0,2,same_sequence_cross_split,testing/notflip/0009_000000027.jpg,training/notflip/0009_000000026.jpg,notflip__0009,notflip__0009,testing,training,notflip,notflip,27,26
362,2073,0.9848587704304209,0,0,same_sequence_cross_split,testing/notflip/0016_000000023.jpg,training/notflip/0016_000000022.jpg,notflip__0016,notflip__0016,testing,training,notflip,notflip,23,22
2674,2675,0.9848577489648607,1,2,same_sequence_same_split,training/notflip/0046_000000016.jpg,training/notflip/0046_000000017.jpg,notflip__0046,notflip__0046,training,training,notflip,notflip,16,17
582,2934,0.9848369537023938,0,0,same_sequence_cross_split,testing/notflip/0056_000000022.jpg,training/notflip/0056_000000021.jpg,notflip__0056,notflip__0056,testing,training,notflip,notflip,22,21
1634,1635,0.9848142451367379,0,0,same_sequence_same_split,training/flip/0060_000000001.jpg,training/flip/0060_000000002.jpg,flip__0060,flip__0060,training,training,flip,flip,1,2
584,2940,0.9847272780088014,0,0,same_sequence_cross_split,testing/notflip/0056_000000027.jpg,training/notflip/0056_000000030.jpg,notflip__0056,notflip__0056,testing,training,notflip,notflip,27,30
2463,2464,0.9847243470624717,0,2,same_sequence_same_split,training/notflip/0037_000000022.jpg,training/notflip/0037_000000023.jpg,notflip__0037,notflip__0037,training,training,notflip,notflip,22,23
385,2148,0.9847117091808343,2,0,same_sequence_cross_split,testing/notflip/0024_000000007.jpg,training/notflip/0024_000000005.jpg,notflip__0024,notflip__0024,testing,training,notflip,notflip,7,5
2489,2491,0.9846702269256269,2,0,same_sequence_same_split,training/notflip/0038_000000028.jpg,training/notflip/0038_000000030.jpg,notflip__0038,notflip__0038,training,training,notflip,notflip,28,30
404,2214,0.9846538583415221,1,2,same_sequence_cross_split,testing/notflip/0027_000000001.jpg,training/notflip/0027_000000002.jpg,notflip__0027,notflip__0027,testing,training,notflip,notflip,1,2
1778,1779,0.9846270316765293,0,0,same_sequence_same_split,training/notflip/0001_000000025.jpg,training/notflip/0001_000000026.jpg,notflip__0001,notflip__0001,training,training,notflip,notflip,25,26
2730,2731,0.9846107450966092,2,0,same_sequence_same_split,training/notflip/0048_000000020.jpg,training/notflip/0048_000000021.jpg,notflip__0048,notflip__0048,training,training,notflip,notflip,20,21
2156,2158,0.984604901220217,2,4,same_sequence_same_split,training/notflip/0024_000000015.jpg,training/notflip/0024_000000017.jpg,notflip__0024,notflip__0024,training,training,notflip,notflip,15,17
2938,2940,0.9846013112165924,0,0,same_sequence_same_split,training/notflip/0056_000000028.jpg,training/notflip/0056_000000030.jpg,notflip__0056,notflip__0056,training,training,notflip,notflip,28,30
397,2183,0.9845792660546743,1,2,same_sequence_cross_split,testing/notflip/0025_000000025.jpg,training/notflip/0025_000000023.jpg,notflip__0025,notflip__0025,testing,training,notflip,notflip,25,23
434,435,0.9845663449787058,1,0,same_sequence_same_split,testing/notflip/0031_000000016.jpg,testing/notflip/0031_000000017.jpg,notflip__0031,notflip__0031,testing,testing,notflip,notflip,16,17
2638,2639,0.9845660006362091,1,0,same_sequence_same_split,training/notflip/0044_000000028.jpg,training/notflip/0044_000000029.jpg,notflip__0044,notflip__0044,training,training,notflip,notflip,28,29
1784,1785,0.9844866540787605,0,2,same_sequence_same_split,training/notflip/0002_000000001.jpg,training/notflip/0002_000000002.jpg,notflip__0002,notflip__0002,training,training,notflip,notflip,1,2
2963,2964,0.984470907071483,0,0,same_sequence_same_split,training/notflip/0057_000000028.jpg,training/notflip/0057_000000029.jpg,notflip__0057,notflip__0057,training,training,notflip,notflip,28,29
688,689,0.9844468375246934,2,0,same_sequence_same_split,training/flip/0006_000000002.jpg,training/flip/0006_000000003.jpg,flip__0006,flip__0006,training,training,flip,flip,2,3
1693,1694,0.9844308899596086,1,2,same_sequence_same_split,training/flip/0062_000000001.jpg,training/flip/0062_000000002.jpg,flip__0062,flip__0062,training,training,flip,flip,1,2
2372,2374,0.9843883923445453,1,0,same_sequence_same_split,training/notflip/0033_000000026.jpg,training/notflip/0033_000000029.jpg,notflip__0033,notflip__0033,training,training,notflip,notflip,26,29
2744,2745,0.9843631614505248,1,0,same_sequence_same_split,training/notflip/0049_000000008.jpg,training/notflip/0049_000000009.jpg,notflip__0049,notflip__0049,training,training,notflip,notflip,8,9
2749,2750,0.9843357798317972,0,0,same_sequence_same_split,training/notflip/0049_000000015.jpg,training/notflip/0049_000000016.jpg,notflip__0049,notflip__0049,training,training,notflip,notflip,15,16
364,2076,0.9843247943941149,1,0,same_sequence_cross_split,testing/notflip/0019_000000002.jpg,training/notflip/0019_000000003.jpg,notflip__0019,notflip__0019,testing,training,notflip,notflip,2,3
583,2937,0.9842993564097086,0,0,same_sequence_cross_split,testing/notflip/0056_000000024.jpg,training/notflip/0056_000000026.jpg,notflip__0056,notflip__0056,testing,training,notflip,notflip,24,26
2782,2784,0.984281021573653,0,0,same_sequence_same_split,training/notflip/0050_000000024.jpg,training/notflip/0050_000000026.jpg,notflip__0050,notflip__0050,training,training,notflip,notflip,24,26
302,1804,0.9842274347820124,0,2,same_sequence_cross_split,testing/notflip/0002_000000028.jpg,training/notflip/0002_000000029.jpg,notflip__0002,notflip__0002,testing,training,notflip,notflip,28,29
466,2449,0.9841807146795849,1,0,same_sequence_cross_split,testing/notflip/0036_000000025.jpg,training/notflip/0036_000000027.jpg,notflip__0036,notflip__0036,testing,training,notflip,notflip,25,27
2427,2428,0.9841619186530661,1,0,same_sequence_same_split,training/notflip/0035_000000031.jpg,training/notflip/0035_000000032.jpg,notflip__0035,notflip__0035,training,training,notflip,notflip,31,32
2529,2530,0.9841283704494239,4,0,same_sequence_same_split,training/notflip/0040_000000021.jpg,training/notflip/0040_000000022.jpg,notflip__0040,notflip__0040,training,training,notflip,notflip,21,22
1795,1796,0.9841069822384576,1,0,same_sequence_same_split,training/notflip/0002_000000017.jpg,training/notflip/0002_000000018.jpg,notflip__0002,notflip__0002,training,training,notflip,notflip,17,18
544,2710,0.9840109249437651,0,0,same_sequence_cross_split,testing/notflip/0047_000000029.jpg,training/notflip/0047_000000028.jpg,notflip__0047,notflip__0047,testing,training,notflip,notflip,29,28
2029,2030,0.9839773248044138,0,0,same_sequence_same_split,training/notflip/0011_000000029.jpg,training/notflip/0011_000000030.jpg,notflip__0011,notflip__0011,training,training,notflip,notflip,29,30
2106,2107,0.9839253077958547,0,0,same_sequence_same_split,training/notflip/0020_000000011.jpg,training/notflip/0020_000000012.jpg,notflip__0020,notflip__0020,training,training,notflip,notflip,11,12
510,2563,0.9839008770518404,0,0,same_sequence_cross_split,testing/notflip/0041_000000034.jpg,training/notflip/0041_000000035.jpg,notflip__0041,notflip__0041,testing,training,notflip,notflip,34,35
2957,2959,0.9838895981210047,0,2,same_sequence_same_split,training/notflip/0057_000000020.jpg,training/notflip/0057_000000022.jpg,notflip__0057,notflip__0057,training,training,notflip,notflip,20,22
515,2574,0.9838398811405568,1,0,same_sequence_cross_split,testing/notflip/0042_000000013.jpg,training/notflip/0042_000000014.jpg,notflip__0042,notflip__0042,testing,training,notflip,notflip,13,14
2256,2257,0.9838340318576099,1,0,same_sequence_same_split,training/notflip/0028_000000021.jpg,training/notflip/0028_000000022.jpg,notflip__0028,notflip__0028,training,training,notflip,notflip,21,22
1918,1919,0.9838274235084697,0,0,same_sequence_same_split,training/notflip/0007_000000017.jpg,training/notflip/0007_000000018.jpg,notflip__0007,notflip__0007,training,training,notflip,notflip,17,18
407,2222,0.9838198017466966,0,0,same_sequence_cross_split,testing/notflip/0027_000000013.jpg,training/notflip/0027_000000012.jpg,notflip__0027,notflip__0027,testing,training,notflip,notflip,13,12
2386,2387,0.9838106252232545,0,0,same_sequence_same_split,training/notflip/0034_000000012.jpg,training/notflip/0034_000000013.jpg,notflip__0034,notflip__0034,training,training,notflip,notflip,12,13
2707,2708,0.9837860687803819,1,0,same_sequence_same_split,training/notflip/0047_000000023.jpg,training/notflip/0047_000000026.jpg,notflip__0047,notflip__0047,training,training,notflip,notflip,23,26
449,2366,0.983717463944617,0,0,same_sequence_cross_split,testing/notflip/0033_000000019.jpg,training/notflip/0033_000000018.jpg,notflip__0033,notflip__0033,testing,training,notflip,notflip,19,18
1853,1855,0.9837012559083863,1,0,same_sequence_same_split,training/notflip/0004_000000031.jpg,training/notflip/0004_000000033.jpg,notflip__0004,notflip__0004,training,training,notflip,notflip,31,33
2119,2120,0.9836870611776373,0,2,same_sequence_same_split,training/notflip/0021_000000025.jpg,training/notflip/0021_000000027.jpg,notflip__0021,notflip__0021,training,training,notflip,notflip,25,27
2087,2089,0.9836809017868424,0,2,same_sequence_same_split,training/notflip/0019_000000017.jpg,training/notflip/0019_000000019.jpg,notflip__0019,notflip__0019,training,training,notflip,notflip,17,19
542,2707,0.9836589521996048,1,0,same_sequence_cross_split,testing/notflip/0047_000000024.jpg,training/notflip/0047_000000023.jpg,notflip__0047,notflip__0047,testing,training,notflip,notflip,24,23
2724,2725,0.9836119702451599,0,0,same_sequence_same_split,training/notflip/0048_000000013.jpg,training/notflip/0048_000000014.jpg,notflip__0048,notflip__0048,training,training,notflip,notflip,13,14
1825,1826,0.9835966181401459,1,0,same_sequence_same_split,training/notflip/0003_000000022.jpg,training/notflip/0003_000000023.jpg,notflip__0003,notflip__0003,training,training,notflip,notflip,22,23
560,2809,0.9835936910076432,0,0,same_sequence_cross_split,testing/notflip/0051_000000025.jpg,training/notflip/0051_000000024.jpg,notflip__0051,notflip__0051,testing,training,notflip,notflip,25,24
1789,1790,0.9835899767334917,0,0,same_sequence_same_split,training/notflip/0002_000000009.jpg,training/notflip/0002_000000010.jpg,notflip__0002,notflip__0002,training,training,notflip,notflip,9,10
375,2120,0.9835891824280165,0,0,same_sequence_cross_split,testing/notflip/0021_000000024.jpg,training/notflip/0021_000000027.jpg,notflip__0021,notflip__0021,testing,training,notflip,notflip,24,27
1949,1950,0.9835771232342806,0,0,same_sequence_same_split,training/notflip/0008_000000025.jpg,training/notflip/0008_000000026.jpg,notflip__0008,notflip__0008,training,training,notflip,notflip,25,26
2516,2517,0.9835653458677831,0,0,same_sequence_same_split,training/notflip/0039_000000028.jpg,training/notflip/0039_000000029.jpg,notflip__0039,notflip__0039,training,training,notflip,notflip,28,29
2512,2513,0.9835544427522833,0,2,same_sequence_same_split,training/notflip/0039_000000023.jpg,training/notflip/0039_000000024.jpg,notflip__0039,notflip__0039,training,training,notflip,notflip,23,24
1790,1791,0.9835416536138728,0,0,same_sequence_same_split,training/notflip/0002_000000010.jpg,training/notflip/0002_000000011.jpg,notflip__0002,notflip__0002,training,training,notflip,notflip,10,11
2612,2613,0.9835139097587452,0,0,same_sequence_same_split,training/notflip/0043_000000029.jpg,training/notflip/0043_000000030.jpg,notflip__0043,notflip__0043,training,training,notflip,notflip,29,30
2442,2443,0.9835094022980355,0,0,same_sequence_same_split,training/notflip/0036_000000018.jpg,training/notflip/0036_000000019.jpg,notflip__0036,notflip__0036,training,training,notflip,notflip,18,19
296,1787,0.9834626224653097,0,0,same_sequence_cross_split,testing/notflip/0002_000000006.jpg,training/notflip/0002_000000005.jpg,notflip__0002,notflip__0002,testing,training,notflip,notflip,6,5
1350,1351,0.9834586747082672,2,2,same_sequence_same_split,training/flip/0044_000000008.jpg,training/flip/0044_000000009.jpg,flip__0044,flip__0044,training,training,flip,flip,8,9
385,2149,0.9834237329527331,1,0,same_sequence_cross_split,testing/notflip/0024_000000007.jpg,training/notflip/0024_000000008.jpg,notflip__0024,notflip__0024,testing,training,notflip,notflip,7,8
487,2485,0.983391183857018,1,2,same_sequence_cross_split,testing/notflip/0038_000000023.jpg,training/notflip/0038_000000024.jpg,notflip__0038,notflip__0038,testing,training,notflip,notflip,23,24
2367,2368,0.9833427380754979,4,0,same_sequence_same_split,training/notflip/0033_000000020.jpg,training/notflip/0033_000000021.jpg,notflip__0033,notflip__0033,training,training,notflip,notflip,20,21
405,2215,0.9833185159040793,1,0,same_sequence_cross_split,testing/notflip/0027_000000004.jpg,training/notflip/0027_000000003.jpg,notflip__0027,notflip__0027,testing,training,notflip,notflip,4,3
272,1694,0.9833066276381024,2,0,same_sequence_cross_split,testing/flip/0062_000000003.jpg,training/flip/0062_000000002.jpg,flip__0062,flip__0062,testing,training,flip,flip,3,2
2284,2285,0.9833042964944844,0,0,same_sequence_same_split,training/notflip/0029_000000029.jpg,training/notflip/0029_000000030.jpg,notflip__0029,notflip__0029,training,training,notflip,notflip,29,30
2303,2304,0.983296380574084,0,2,same_sequence_same_split,training/notflip/0030_000000025.jpg,training/notflip/0030_000000026.jpg,notflip__0030,notflip__0030,training,training,notflip,notflip,25,26
1101,1102,0.9832899504773931,2,2,same_sequence_same_split,training/flip/0029_000000003.jpg,training/flip/0029_000000004.jpg,flip__0029,flip__0029,training,training,flip,flip,3,4
546,2733,0.9832606684635458,1,0,same_sequence_cross_split,testing/notflip/0048_000000025.jpg,training/notflip/0048_000000023.jpg,notflip__0048,notflip__0048,testing,training,notflip,notflip,25,23
406,2222,0.9832336923836367,2,0,same_sequence_cross_split,testing/notflip/0027_000000010.jpg,training/notflip/0027_000000012.jpg,notflip__0027,notflip__0027,testing,training,notflip,notflip,10,12
2729,2730,0.9832083777328008,2,0,same_sequence_same_split,training/notflip/0048_000000019.jpg,training/notflip/0048_000000020.jpg,notflip__0048,notflip__0048,training,training,notflip,notflip,19,20
2748,2749,0.9831837923398489,1,0,same_sequence_same_split,training/notflip/0049_000000014.jpg,training/notflip/0049_000000015.jpg,notflip__0049,notflip__0049,training,training,notflip,notflip,14,15
2532,2533,0.9831561054658091,0,0,same_sequence_same_split,training/notflip/0040_000000024.jpg,training/notflip/0040_000000025.jpg,notflip__0040,notflip__0040,training,training,notflip,notflip,24,25
474,475,0.983059170632642,2,0,same_sequence_same_split,testing/notflip/0037_000000014.jpg,testing/notflip/0037_000000015.jpg,notflip__0037,notflip__0037,testing,testing,notflip,notflip,14,15
299,1793,0.9830446701533274,2,0,same_sequence_cross_split,testing/notflip/0002_000000015.jpg,training/notflip/0002_000000014.jpg,notflip__0002,notflip__0002,testing,training,notflip,notflip,15,14
2234,2235,0.9829605357053555,1,0,same_sequence_same_split,training/notflip/0027_000000028.jpg,training/notflip/0027_000000029.jpg,notflip__0027,notflip__0027,training,training,notflip,notflip,28,29
2424,2426,0.9829569044360806,2,0,same_sequence_same_split,training/notflip/0035_000000028.jpg,training/notflip/0035_000000030.jpg,notflip__0035,notflip__0035,training,training,notflip,notflip,28,30
2220,2221,0.9829473784170313,0,0,same_sequence_same_split,training/notflip/0027_000000009.jpg,training/notflip/0027_000000011.jpg,notflip__0027,notflip__0027,training,training,notflip,notflip,9,11
2576,2577,0.9829384841240696,1,0,same_sequence_same_split,training/notflip/0042_000000016.jpg,training/notflip/0042_000000017.jpg,notflip__0042,notflip__0042,training,training,notflip,notflip,16,17
1797,1800,0.9829370627786416,1,0,same_sequence_same_split,training/notflip/0002_000000019.jpg,training/notflip/0002_000000022.jpg,notflip__0002,notflip__0002,training,training,notflip,notflip,19,22
2421,2422,0.9829170356966707,1,0,same_sequence_same_split,training/notflip/0035_000000024.jpg,training/notflip/0035_000000025.jpg,notflip__0035,notflip__0035,training,training,notflip,notflip,24,25
2906,2908,0.9828831587250174,0,0,same_sequence_same_split,training/notflip/0055_000000019.jpg,training/notflip/0055_000000021.jpg,notflip__0055,notflip__0055,training,training,notflip,notflip,19,21
2456,2457,0.9827626482204694,0,0,same_sequence_same_split,training/notflip/0037_000000011.jpg,training/notflip/0037_000000012.jpg,notflip__0037,notflip__0037,training,training,notflip,notflip,11,12
2700,2701,0.9827389025334757,0,0,same_sequence_same_split,training/notflip/0047_000000016.jpg,training/notflip/0047_000000017.jpg,notflip__0047,notflip__0047,training,training,notflip,notflip,16,17
577,2903,0.9827310193174387,3,0,same_sequence_cross_split,testing/notflip/0055_000000016.jpg,training/notflip/0055_000000015.jpg,notflip__0055,notflip__0055,testing,training,notflip,notflip,16,15
460,2424,0.9827163493385042,0,4,same_sequence_cross_split,testing/notflip/0035_000000026.jpg,training/notflip/0035_000000028.jpg,notflip__0035,notflip__0035,testing,training,notflip,notflip,26,28
402,2208,0.9827132317485723,1,0,same_sequence_cross_split,testing/notflip/0026_000000024.jpg,training/notflip/0026_000000023.jpg,notflip__0026,notflip__0026,testing,training,notflip,notflip,24,23
2140,2141,0.9827031339538772,2,0,same_sequence_same_split,training/notflip/0023_000000022.jpg,training/notflip/0023_000000023.jpg,notflip__0023,notflip__0023,training,training,notflip,notflip,22,23
296,1788,0.982693019940818,1,0,same_sequence_cross_split,testing/notflip/0002_000000006.jpg,training/notflip/0002_000000007.jpg,notflip__0002,notflip__0002,testing,training,notflip,notflip,6,7
290,1761,0.9826696245683314,0,0,same_sequence_cross_split,testing/notflip/0001_000000002.jpg,training/notflip/0001_000000005.jpg,notflip__0001,notflip__0001,testing,training,notflip,notflip,2,5
291,1761,0.9826692365070928,0,0,same_sequence_cross_split,testing/notflip/0001_000000004.jpg,training/notflip/0001_000000005.jpg,notflip__0001,notflip__0001,testing,training,notflip,notflip,4,5
1760,1761,0.9826685775123448,0,0,same_sequence_same_split,training/notflip/0001_000000003.jpg,training/notflip/0001_000000005.jpg,notflip__0001,notflip__0001,training,training,notflip,notflip,3,5
2556,2557,0.9826613572369632,0,2,same_sequence_same_split,training/notflip/0041_000000026.jpg,training/notflip/0041_000000027.jpg,notflip__0041,notflip__0041,training,training,notflip,notflip,26,27
1759,1761,0.9826589257390945,0,0,same_sequence_same_split,training/notflip/0001_000000001.jpg,training/notflip/0001_000000005.jpg,notflip__0001,notflip__0001,training,training,notflip,notflip,1,5
395,2181,0.9826458967845018,1,0,same_sequence_cross_split,testing/notflip/0025_000000021.jpg,training/notflip/0025_000000019.jpg,notflip__0025,notflip__0025,testing,training,notflip,notflip,21,19
2752,2753,0.9826205199614455,0,0,same_sequence_same_split,training/notflip/0049_000000019.jpg,training/notflip/0049_000000020.jpg,notflip__0049,notflip__0049,training,training,notflip,notflip,19,20
374,2113,0.9826188758937003,0,0,same_sequence_cross_split,testing/notflip/0020_000000019.jpg,training/notflip/0020_000000020.jpg,notflip__0020,notflip__0020,testing,training,notflip,notflip,19,20
382,2147,0.9825979305309869,1,4,same_sequence_cross_split,testing/notflip/0024_000000002.jpg,training/notflip/0024_000000003.jpg,notflip__0024,notflip__0024,testing,training,notflip,notflip,2,3
489,2511,0.9825900652133156,0,2,same_sequence_cross_split,testing/notflip/0039_000000022.jpg,training/notflip/0039_000000021.jpg,notflip__0039,notflip__0039,testing,training,notflip,notflip,22,21
577,2904,0.9825733046610946,1,2,same_sequence_cross_split,testing/notflip/0055_000000016.jpg,training/notflip/0055_000000017.jpg,notflip__0055,notflip__0055,testing,training,notflip,notflip,16,17
1819,1820,0.9825414842441869,1,0,same_sequence_same_split,training/notflip/0003_000000015.jpg,training/notflip/0003_000000016.jpg,notflip__0003,notflip__0003,training,training,notflip,notflip,15,16
2581,2582,0.9825245225685074,1,0,same_sequence_same_split,training/notflip/0042_000000022.jpg,training/notflip/0042_000000023.jpg,notflip__0042,notflip__0042,training,training,notflip,notflip,22,23
2880,2881,0.982512201478574,0,0,same_sequence_same_split,training/notflip/0054_000000017.jpg,training/notflip/0054_000000018.jpg,notflip__0054,notflip__0054,training,training,notflip,notflip,17,18
2142,2143,0.9825092591586287,1,0,same_sequence_same_split,training/notflip/0023_000000025.jpg,training/notflip/0023_000000026.jpg,notflip__0023,notflip__0023,training,training,notflip,notflip,25,26
2257,2258,0.9824868994220666,1,0,same_sequence_same_split,training/notflip/0028_000000022.jpg,training/notflip/0028_000000023.jpg,notflip__0028,notflip__0028,training,training,notflip,notflip,22,23
2149,2151,0.982479588694755,2,2,same_sequence_same_split,training/notflip/0024_000000008.jpg,training/notflip/0024_000000010.jpg,notflip__0024,notflip__0024,training,training,notflip,notflip,8,10
2721,2722,0.9824793699353186,0,4,same_sequence_same_split,training/notflip/0048_000000010.jpg,training/notflip/0048_000000011.jpg,notflip__0048,notflip__0048,training,training,notflip,notflip,10,11
370,2095,0.9824784741905064,0,0,same_sequence_cross_split,testing/notflip/0019_000000027.jpg,training/notflip/0019_000000028.jpg,notflip__0019,notflip__0019,testing,training,notflip,notflip,27,28
405,2216,0.9824580985039857,0,0,same_sequence_cross_split,testing/notflip/0027_000000004.jpg,training/notflip/0027_000000005.jpg,notflip__0027,notflip__0027,testing,training,notflip,notflip,4,5
2165,2166,0.9824536450077823,0,0,same_sequence_same_split,training/notflip/0024_000000029.jpg,training/notflip/0024_000000030.jpg,notflip__0024,notflip__0024,training,training,notflip,notflip,29,30
2667,2668,0.9824471110559201,2,0,same_sequence_same_split,training/notflip/0046_000000007.jpg,training/notflip/0046_000000008.jpg,notflip__0046,notflip__0046,training,training,notflip,notflip,7,8
1820,1821,0.9824385866604937,0,0,same_sequence_same_split,training/notflip/0003_000000016.jpg,training/notflip/0003_000000017.jpg,notflip__0003,notflip__0003,training,training,notflip,notflip,16,17
272,1695,0.9824258843690978,1,2,same_sequence_cross_split,testing/flip/0062_000000003.jpg,training/flip/0062_000000004.jpg,flip__0062,flip__0062,testing,training,flip,flip,3,4
2682,2683,0.9823905097423533,0,2,same_sequence_same_split,training/notflip/0046_000000024.jpg,training/notflip/0046_000000025.jpg,notflip__0046,notflip__0046,training,training,notflip,notflip,24,25
1968,1969,0.982358061417948,2,0,same_sequence_same_split,training/notflip/0009_000000021.jpg,training/notflip/0009_000000022.jpg,notflip__0009,notflip__0009,training,training,notflip,notflip,21,22
2187,2189,0.9823562045565536,0,0,same_sequence_same_split,training/notflip/0025_000000028.jpg,training/notflip/0025_000000030.jpg,notflip__0025,notflip__0025,training,training,notflip,notflip,28,30
2705,2706,0.9823175993757159,1,0,same_sequence_same_split,training/notflip/0047_000000021.jpg,training/notflip/0047_000000022.jpg,notflip__0047,notflip__0047,training,training,notflip,notflip,21,22
2924,2925,0.9822960935316609,0,0,same_sequence_same_split,training/notflip/0056_000000009.jpg,training/notflip/0056_000000010.jpg,notflip__0056,notflip__0056,training,training,notflip,notflip,9,10
380,2144,0.9822898074228147,0,0,same_sequence_cross_split,testing/notflip/0023_000000029.jpg,training/notflip/0023_000000027.jpg,notflip__0023,notflip__0023,testing,training,notflip,notflip,29,27
588,2959,0.9822339116709163,0,2,same_sequence_cross_split,testing/notflip/0057_000000023.jpg,training/notflip/0057_000000022.jpg,notflip__0057,notflip__0057,testing,training,notflip,notflip,23,22
2750,2752,0.9821883472072576,0,0,same_sequence_same_split,training/notflip/0049_000000016.jpg,training/notflip/0049_000000019.jpg,notflip__0049,notflip__0049,training,training,notflip,notflip,16,19
500,2528,0.9821528792706135,1,0,same_sequence_cross_split,testing/notflip/0040_000000018.jpg,training/notflip/0040_000000020.jpg,notflip__0040,notflip__0040,testing,training,notflip,notflip,18,20
2578,2579,0.9821274028506162,0,0,same_sequence_same_split,training/notflip/0042_000000018.jpg,training/notflip/0042_000000019.jpg,notflip__0042,notflip__0042,training,training,notflip,notflip,18,19
395,2183,0.9821258064772154,1,0,same_sequence_cross_split,testing/notflip/0025_000000021.jpg,training/notflip/0025_000000023.jpg,notflip__0025,notflip__0025,testing,training,notflip,notflip,21,23
2183,2186,0.9821236977373415,1,4,same_sequence_same_split,training/notflip/0025_000000023.jpg,training/notflip/0025_000000027.jpg,notflip__0025,notflip__0025,training,training,notflip,notflip,23,27
2182,2183,0.9821181697514071,2,0,same_sequence_same_split,training/notflip/0025_000000020.jpg,training/notflip/0025_000000023.jpg,notflip__0025,notflip__0025,training,training,notflip,notflip,20,23
1635,1636,0.9821094115252896,4,0,same_sequence_same_split,training/flip/0060_000000002.jpg,training/flip/0060_000000003.jpg,flip__0060,flip__0060,training,training,flip,flip,2,3
1854,1856,0.982097722800894,1,0,same_sequence_same_split,training/notflip/0004_000000032.jpg,training/notflip/0004_000000034.jpg,notflip__0004,notflip__0004,training,training,notflip,notflip,32,34
2304,2305,0.9820935394630391,2,0,same_sequence_same_split,training/notflip/0030_000000026.jpg,training/notflip/0030_000000027.jpg,notflip__0030,notflip__0030,training,training,notflip,notflip,26,27
1104,1105,0.9820862656442685,0,2,same_sequence_same_split,training/flip/0029_000000006.jpg,training/flip/0029_000000007.jpg,flip__0029,flip__0029,training,training,flip,flip,6,7
299,1795,0.9820855236559124,2,0,same_sequence_cross_split,testing/notflip/0002_000000015.jpg,training/notflip/0002_000000017.jpg,notflip__0002,notflip__0002,testing,training,notflip,notflip,15,17
2654,2655,0.9820790239057555,3,0,same_sequence_same_split,training/notflip/0045_000000019.jpg,training/notflip/0045_000000020.jpg,notflip__0045,notflip__0045,training,training,notflip,notflip,19,20
2233,2234,0.9820568243770594,1,0,same_sequence_same_split,training/notflip/0027_000000027.jpg,training/notflip/0027_000000028.jpg,notflip__0027,notflip__0027,training,training,notflip,notflip,27,28
372,2105,0.9820427499364973,1,0,same_sequence_cross_split,testing/notflip/0020_000000010.jpg,training/notflip/0020_000000009.jpg,notflip__0020,notflip__0020,testing,training,notflip,notflip,10,9
2255,2256,0.9820381698742516,1,0,same_sequence_same_split,training/notflip/0028_000000020.jpg,training/notflip/0028_000000021.jpg,notflip__0028,notflip__0028,training,training,notflip,notflip,20,21
2747,2748,0.9819568523885306,0,0,same_sequence_same_split,training/notflip/0049_000000013.jpg,training/notflip/0049_000000014.jpg,notflip__0049,notflip__0049,training,training,notflip,notflip,13,14
559,2797,0.981949220004325,2,0,same_sequence_cross_split,testing/notflip/0051_000000012.jpg,training/notflip/0051_000000011.jpg,notflip__0051,notflip__0051,testing,training,notflip,notflip,12,11
1823,1824,0.9819103189131916,0,0,same_sequence_same_split,training/notflip/0003_000000020.jpg,training/notflip/0003_000000021.jpg,notflip__0003,notflip__0003,training,training,notflip,notflip,20,21
406,2219,0.981905195596831,0,2,same_sequence_cross_split,testing/notflip/0027_000000010.jpg,training/notflip/0027_000000008.jpg,notflip__0027,notflip__0027,testing,training,notflip,notflip,10,8
1970,1971,0.9819032480196954,1,2,same_sequence_same_split,training/notflip/0009_000000023.jpg,training/notflip/0009_000000024.jpg,notflip__0009,notflip__0009,training,training,notflip,notflip,23,24
2735,2736,0.9818987949055198,0,0,same_sequence_same_split,training/notflip/0048_000000027.jpg,training/notflip/0048_000000028.jpg,notflip__0048,notflip__0048,training,training,notflip,notflip,27,28
2801,2802,0.9818877645030902,1,0,same_sequence_same_split,training/notflip/0051_000000016.jpg,training/notflip/0051_000000017.jpg,notflip__0051,notflip__0051,training,training,notflip,notflip,16,17
595,2982,0.9817652162937118,0,0,same_sequence_cross_split,testing/notflip/0058_000000021.jpg,training/notflip/0058_000000023.jpg,notflip__0058,notflip__0058,testing,training,notflip,notflip,21,23
519,2586,0.9817519650738538,3,0,same_sequence_cross_split,testing/notflip/0042_000000030.jpg,training/notflip/0042_000000029.jpg,notflip__0042,notflip__0042,testing,training,notflip,notflip,30,29
1852,1854,0.9817478586608713,3,0,same_sequence_same_split,training/notflip/0004_000000030.jpg,training/notflip/0004_000000032.jpg,notflip__0004,notflip__0004,training,training,notflip,notflip,30,32
475,2460,0.9816924727471086,3,0,same_sequence_cross_split,testing/notflip/0037_000000015.jpg,training/notflip/0037_000000017.jpg,notflip__0037,notflip__0037,testing,training,notflip,notflip,15,17
2978,2979,0.9816897511734655,0,0,same_sequence_same_split,training/notflip/0058_000000016.jpg,training/notflip/0058_000000017.jpg,notflip__0058,notflip__0058,training,training,notflip,notflip,16,17
2779,2780,0.9816663097816952,1,0,same_sequence_same_split,training/notflip/0050_000000021.jpg,training/notflip/0050_000000022.jpg,notflip__0050,notflip__0050,training,training,notflip,notflip,21,22
522,2609,0.9815941218766819,1,0,same_sequence_cross_split,testing/notflip/0043_000000026.jpg,training/notflip/0043_000000025.jpg,notflip__0043,notflip__0043,testing,training,notflip,notflip,26,25
569,2853,0.9815930118682724,1,0,same_sequence_cross_split,testing/notflip/0053_000000017.jpg,training/notflip/0053_000000018.jpg,notflip__0053,notflip__0053,testing,training,notflip,notflip,17,18
2961,2962,0.9815895399482544,0,0,same_sequence_same_split,training/notflip/0057_000000025.jpg,training/notflip/0057_000000026.jpg,notflip__0057,notflip__0057,training,training,notflip,notflip,25,26
2810,2811,0.9815543441729302,1,0,same_sequence_same_split,training/notflip/0051_000000026.jpg,training/notflip/0051_000000027.jpg,notflip__0051,notflip__0051,training,training,notflip,notflip,26,27
1352,1353,0.9815425405035277,2,2,same_sequence_same_split,training/flip/0044_000000010.jpg,training/flip/0044_000000011.jpg,flip__0044,flip__0044,training,training,flip,flip,10,11
2979,2980,0.9814690018581053,0,0,same_sequence_same_split,training/notflip/0058_000000017.jpg,training/notflip/0058_000000019.jpg,notflip__0058,notflip__0058,training,training,notflip,notflip,17,19
273,1696,0.9814537236865393,1,0,same_sequence_cross_split,testing/flip/0062_000000006.jpg,training/flip/0062_000000005.jpg,flip__0062,flip__0062,testing,training,flip,flip,6,5
366,2084,0.9814308484657659,0,0,same_sequence_cross_split,testing/notflip/0019_000000012.jpg,training/notflip/0019_000000013.jpg,notflip__0019,notflip__0019,testing,training,notflip,notflip,12,13
2885,2886,0.9813949097854575,1,2,same_sequence_same_split,training/notflip/0054_000000024.jpg,training/notflip/0054_000000025.jpg,notflip__0054,notflip__0054,training,training,notflip,notflip,24,25
403,2212,0.9813692381374747,4,2,same_sequence_cross_split,testing/notflip/0026_000000029.jpg,training/notflip/0026_000000028.jpg,notflip__0026,notflip__0026,testing,training,notflip,notflip,29,28
466,467,0.9813475804402969,1,0,same_sequence_same_split,testing/notflip/0036_000000025.jpg,testing/notflip/0036_000000028.jpg,notflip__0036,notflip__0036,testing,testing,notflip,notflip,25,28
2364,2365,0.9813140250177634,0,2,same_sequence_same_split,training/notflip/0033_000000016.jpg,training/notflip/0033_000000017.jpg,notflip__0033,notflip__0033,training,training,notflip,notflip,16,17
460,2425,0.9812960939255685,2,4,same_sequence_cross_split,testing/notflip/0035_000000026.jpg,training/notflip/0035_000000029.jpg,notflip__0035,notflip__0035,testing,training,notflip,notflip,26,29
1775,1776,0.9812866366817478,1,0,same_sequence_same_split,training/notflip/0001_000000021.jpg,training/notflip/0001_000000022.jpg,notflip__0001,notflip__0001,training,training,notflip,notflip,21,22
486,487,0.9812791593135135,0,0,same_sequence_same_split,testing/notflip/0038_000000022.jpg,testing/notflip/0038_000000023.jpg,notflip__0038,notflip__0038,testing,testing,notflip,notflip,22,23
2399,2400,0.9812653460852215,0,2,same_sequence_same_split,training/notflip/0034_000000027.jpg,training/notflip/0034_000000028.jpg,notflip__0034,notflip__0034,training,training,notflip,notflip,27,28
500,2529,0.9812367976244035,0,0,same_sequence_cross_split,testing/notflip/0040_000000018.jpg,training/notflip/0040_000000021.jpg,notflip__0040,notflip__0040,testing,training,notflip,notflip,18,21
383,2148,0.9812230291005871,1,0,same_sequence_cross_split,testing/notflip/0024_000000004.jpg,training/notflip/0024_000000005.jpg,notflip__0024,notflip__0024,testing,training,notflip,notflip,4,5
2385,2386,0.9811916075188679,0,0,same_sequence_same_split,training/notflip/0034_000000011.jpg,training/notflip/0034_000000012.jpg,notflip__0034,notflip__0034,training,training,notflip,notflip,11,12
396,2184,0.9811269985541013,2,2,same_sequence_cross_split,testing/notflip/0025_000000022.jpg,training/notflip/0025_000000024.jpg,notflip__0025,notflip__0025,testing,training,notflip,notflip,22,24
429,2307,0.9811201822844711,1,0,same_sequence_cross_split,testing/notflip/0030_000000028.jpg,training/notflip/0030_000000030.jpg,notflip__0030,notflip__0030,testing,training,notflip,notflip,28,30
2627,2629,0.9810757650090629,1,0,same_sequence_same_split,training/notflip/0044_000000016.jpg,training/notflip/0044_000000018.jpg,notflip__0044,notflip__0044,training,training,notflip,notflip,16,18
594,2980,0.9810487446620241,0,0,same_sequence_cross_split,testing/notflip/0058_000000020.jpg,training/notflip/0058_000000019.jpg,notflip__0058,notflip__0058,testing,training,notflip,notflip,20,19
2466,2468,0.9810206584773122,2,0,same_sequence_same_split,training/notflip/0037_000000026.jpg,training/notflip/0037_000000029.jpg,notflip__0037,notflip__0037,training,training,notflip,notflip,26,29
2811,2812,0.9810187559602651,1,0,same_sequence_same_split,training/notflip/0051_000000027.jpg,training/notflip/0051_000000028.jpg,notflip__0051,notflip__0051,training,training,notflip,notflip,27,28
379,2142,0.9810157052972617,0,0,same_sequence_cross_split,testing/notflip/0023_000000024.jpg,training/notflip/0023_000000025.jpg,notflip__0023,notflip__0023,testing,training,notflip,notflip,24,25
2702,2703,0.9810144224272267,1,2,same_sequence_same_split,training/notflip/0047_000000018.jpg,training/notflip/0047_000000019.jpg,notflip__0047,notflip__0047,training,training,notflip,notflip,18,19
2708,2709,0.9810143824827836,1,0,same_sequence_same_split,training/notflip/0047_000000026.jpg,training/notflip/0047_000000027.jpg,notflip__0047,notflip__0047,training,training,notflip,notflip,26,27
465,2445,0.9810090040294576,1,0,same_sequence_cross_split,testing/notflip/0036_000000020.jpg,training/notflip/0036_000000022.jpg,notflip__0036,notflip__0036,testing,training,notflip,notflip,20,22
2698,2699,0.9809952240674689,2,2,same_sequence_same_split,training/notflip/0047_000000014.jpg,training/notflip/0047_000000015.jpg,notflip__0047,notflip__0047,training,training,notflip,notflip,14,15
2777,2778,0.9809935816726281,1,0,same_sequence_same_split,training/notflip/0050_000000019.jpg,training/notflip/0050_000000020.jpg,notflip__0050,notflip__0050,training,training,notflip,notflip,19,20
2182,2184,0.9809594184518151,3,2,same_sequence_same_split,training/notflip/0025_000000020.jpg,training/notflip/0025_000000024.jpg,notflip__0025,notflip__0025,training,training,notflip,notflip,20,24
476,2460,0.9809515156390174,1,0,same_sequence_cross_split,testing/notflip/0037_000000018.jpg,training/notflip/0037_000000017.jpg,notflip__0037,notflip__0037,testing,training,notflip,notflip,18,17
582,2935,0.9809270017537066,1,0,same_sequence_cross_split,testing/notflip/0056_000000022.jpg,training/notflip/0056_000000023.jpg,notflip__0056,notflip__0056,testing,training,notflip,notflip,22,23
2562,2563,0.9809268428498719,1,0,same_sequence_same_split,training/notflip/0041_000000033.jpg,training/notflip/0041_000000035.jpg,notflip__0041,notflip__0041,training,training,notflip,notflip,33,35
2423,2427,0.9809067453995356,4,4,same_sequence_same_split,training/notflip/0035_000000027.jpg,training/notflip/0035_000000031.jpg,notflip__0035,notflip__0035,training,training,notflip,notflip,27,31
1800,1801,0.9808878420412781,0,2,same_sequence_same_split,training/notflip/0002_000000022.jpg,training/notflip/0002_000000023.jpg,notflip__0002,notflip__0002,training,training,notflip,notflip,22,23
2905,2908,0.980875994950714,0,0,same_sequence_same_split,training/notflip/0055_000000018.jpg,training/notflip/0055_000000021.jpg,notflip__0055,notflip__0055,training,training,notflip,notflip,18,21
2346,2347,0.9808742478506896,2,0,same_sequence_same_split,training/notflip/0032_000000022.jpg,training/notflip/0032_000000023.jpg,notflip__0032,notflip__0032,training,training,notflip,notflip,22,23
305,1829,0.9808445930076485,1,0,same_sequence_cross_split,testing/notflip/0003_000000025.jpg,training/notflip/0003_000000027.jpg,notflip__0003,notflip__0003,testing,training,notflip,notflip,25,27
1786,1787,0.9807922597862267,1,0,same_sequence_same_split,training/notflip/0002_000000004.jpg,training/notflip/0002_000000005.jpg,notflip__0002,notflip__0002,training,training,notflip,notflip,4,5
298,1793,0.9807617053179905,0,0,same_sequence_cross_split,testing/notflip/0002_000000012.jpg,training/notflip/0002_000000014.jpg,notflip__0002,notflip__0002,testing,training,notflip,notflip,12,14
1080,1081,0.9807488863069115,0,0,same_sequence_same_split,training/flip/0028_000000007.jpg,training/flip/0028_000000008.jpg,flip__0028,flip__0028,training,training,flip,flip,7,8
1893,1894,0.9807238674454478,1,0,same_sequence_same_split,training/notflip/0006_000000012.jpg,training/notflip/0006_000000013.jpg,notflip__0006,notflip__0006,training,training,notflip,notflip,12,13
396,2181,0.9806991844634649,1,0,same_sequence_cross_split,testing/notflip/0025_000000022.jpg,training/notflip/0025_000000019.jpg,notflip__0025,notflip__0025,testing,training,notflip,notflip,22,19
2858,2859,0.9806696342064881,1,2,same_sequence_same_split,training/notflip/0053_000000023.jpg,training/notflip/0053_000000024.jpg,notflip__0053,notflip__0053,training,training,notflip,notflip,23,24
412,2258,0.9806592946918371,1,0,same_sequence_cross_split,testing/notflip/0028_000000024.jpg,training/notflip/0028_000000023.jpg,notflip__0028,notflip__0028,testing,training,notflip,notflip,24,23
297,1790,0.9806569119434327,1,0,same_sequence_cross_split,testing/notflip/0002_000000008.jpg,training/notflip/0002_000000010.jpg,notflip__0002,notflip__0002,testing,training,notflip,notflip,8,10
2700,2702,0.9806370333760962,1,0,same_sequence_same_split,training/notflip/0047_000000016.jpg,training/notflip/0047_000000018.jpg,notflip__0047,notflip__0047,training,training,notflip,notflip,16,18
1850,1851,0.9806104380176185,0,0,same_sequence_same_split,training/notflip/0004_000000027.jpg,training/notflip/0004_000000028.jpg,notflip__0004,notflip__0004,training,training,notflip,notflip,27,28
2611,2612,0.9806060312480332,1,0,same_sequence_same_split,training/notflip/0043_000000028.jpg,training/notflip/0043_000000029.jpg,notflip__0043,notflip__0043,training,training,notflip,notflip,28,29
320,1874,0.9805973463447607,1,0,same_sequence_cross_split,testing/notflip/0005_000000022.jpg,training/notflip/0005_000000021.jpg,notflip__0005,notflip__0005,testing,training,notflip,notflip,22,21
2384,2385,0.9805846033415048,1,0,same_sequence_same_split,training/notflip/0034_000000010.jpg,training/notflip/0034_000000011.jpg,notflip__0034,notflip__0034,training,training,notflip,notflip,10,11
2808,2809,0.9805493041145258,2,0,same_sequence_same_split,training/notflip/0051_000000023.jpg,training/notflip/0051_000000024.jpg,notflip__0051,notflip__0051,training,training,notflip,notflip,23,24
2277,2278,0.9804779831963079,1,0,same_sequence_same_split,training/notflip/0029_000000021.jpg,training/notflip/0029_000000022.jpg,notflip__0029,notflip__0029,training,training,notflip,notflip,21,22
2795,2797,0.9804653038448026,2,0,same_sequence_same_split,training/notflip/0051_000000009.jpg,training/notflip/0051_000000011.jpg,notflip__0051,notflip__0051,training,training,notflip,notflip,9,11
2365,2366,0.9804255989011396,1,2,same_sequence_same_split,training/notflip/0033_000000017.jpg,training/notflip/0033_000000018.jpg,notflip__0033,notflip__0033,training,training,notflip,notflip,17,18
2118,2119,0.980408239320755,0,2,same_sequence_same_split,training/notflip/0021_000000023.jpg,training/notflip/0021_000000025.jpg,notflip__0021,notflip__0021,training,training,notflip,notflip,23,25
584,2937,0.980389317556896,0,0,same_sequence_cross_split,testing/notflip/0056_000000027.jpg,training/notflip/0056_000000026.jpg,notflip__0056,notflip__0056,testing,training,notflip,notflip,27,26
2793,2794,0.9803407758912471,4,0,same_sequence_same_split,training/notflip/0051_000000007.jpg,training/notflip/0051_000000008.jpg,notflip__0051,notflip__0051,training,training,notflip,notflip,7,8
521,2609,0.9803195124249731,1,0,same_sequence_cross_split,testing/notflip/0043_000000024.jpg,training/notflip/0043_000000025.jpg,notflip__0043,notflip__0043,testing,training,notflip,notflip,24,25
2632,2634,0.980308372172918,1,2,same_sequence_same_split,training/notflip/0044_000000021.jpg,training/notflip/0044_000000023.jpg,notflip__0044,notflip__0044,training,training,notflip,notflip,21,23
2147,2148,0.980298999658059,2,2,same_sequence_same_split,training/notflip/0024_000000003.jpg,training/notflip/0024_000000005.jpg,notflip__0024,notflip__0024,training,training,notflip,notflip,3,5
2372,2373,0.9802766007130428,0,2,same_sequence_same_split,training/notflip/0033_000000026.jpg,training/notflip/0033_000000028.jpg,notflip__0033,notflip__0033,training,training,notflip,notflip,26,28
2751,2753,0.9802673854747989,1,0,same_sequence_same_split,training/notflip/0049_000000017.jpg,training/notflip/0049_000000020.jpg,notflip__0049,notflip__0049,training,training,notflip,notflip,17,20
2282,2285,0.980249127096931,1,0,same_sequence_same_split,training/notflip/0029_000000027.jpg,training/notflip/0029_000000030.jpg,notflip__0029,notflip__0029,training,training,notflip,notflip,27,30
545,2725,0.9802310092201204,1,0,same_sequence_cross_split,testing/notflip/0048_000000015.jpg,training/notflip/0048_000000014.jpg,notflip__0048,notflip__0048,testing,training,notflip,notflip,15,14
2090,2091,0.9802032529982904,0,0,same_sequence_same_split,training/notflip/0019_000000020.jpg,training/notflip/0019_000000021.jpg,notflip__0019,notflip__0019,training,training,notflip,notflip,20,21
1815,1816,0.9801827736634824,1,0,same_sequence_same_split,training/notflip/0003_000000011.jpg,training/notflip/0003_000000012.jpg,notflip__0003,notflip__0003,training,training,notflip,notflip,11,12
473,2456,0.9801267381261107,0,4,same_sequence_cross_split,testing/notflip/0037_000000010.jpg,training/notflip/0037_000000011.jpg,notflip__0037,notflip__0037,testing,training,notflip,notflip,10,11
581,2927,0.9801151173579769,1,0,same_sequence_cross_split,testing/notflip/0056_000000013.jpg,training/notflip/0056_000000014.jpg,notflip__0056,notflip__0056,testing,training,notflip,notflip,13,14
2143,2144,0.9800821966057184,1,0,same_sequence_same_split,training/notflip/0023_000000026.jpg,training/notflip/0023_000000027.jpg,notflip__0023,notflip__0023,training,training,notflip,notflip,26,27
573,2884,0.9800749149926425,2,0,same_sequence_cross_split,testing/notflip/0054_000000023.jpg,training/notflip/0054_000000022.jpg,notflip__0054,notflip__0054,testing,training,notflip,notflip,23,22
1800,1802,0.9800531976721958,0,2,same_sequence_same_split,training/notflip/0002_000000022.jpg,training/notflip/0002_000000024.jpg,notflip__0002,notflip__0002,training,training,notflip,notflip,22,24
2931,2933,0.9800455934784548,1,0,same_sequence_same_split,training/notflip/0056_000000018.jpg,training/notflip/0056_000000020.jpg,notflip__0056,notflip__0056,training,training,notflip,notflip,18,20
1992,1993,0.9799994846899743,1,0,same_sequence_same_split,training/notflip/0010_000000018.jpg,training/notflip/0010_000000019.jpg,notflip__0010,notflip__0010,training,training,notflip,notflip,18,19
1105,1106,0.9799271361423013,1,0,same_sequence_same_split,training/flip/0029_000000007.jpg,training/flip/0029_000000008.jpg,flip__0029,flip__0029,training,training,flip,flip,7,8
1849,1850,0.9798678919806199,2,2,same_sequence_same_split,training/notflip/0004_000000026.jpg,training/notflip/0004_000000027.jpg,notflip__0004,notflip__0004,training,training,notflip,notflip,26,27
300,1803,0.9798498509548482,0,0,same_sequence_cross_split,testing/notflip/0002_000000026.jpg,training/notflip/0002_000000025.jpg,notflip__0002,notflip__0002,testing,training,notflip,notflip,26,25
2181,2182,0.9798478683974698,2,0,same_sequence_same_split,training/notflip/0025_000000019.jpg,training/notflip/0025_000000020.jpg,notflip__0025,notflip__0025,training,training,notflip,notflip,19,20
1967,1968,0.9798449147446118,1,2,same_sequence_same_split,training/notflip/0009_000000020.jpg,training/notflip/0009_000000021.jpg,notflip__0009,notflip__0009,training,training,notflip,notflip,20,21
397,2182,0.9798432446271603,3,2,same_sequence_cross_split,testing/notflip/0025_000000025.jpg,training/notflip/0025_000000020.jpg,notflip__0025,notflip__0025,testing,training,notflip,notflip,25,20
2098,2099,0.9797759632270486,1,2,same_sequence_same_split,training/notflip/0020_000000001.jpg,training/notflip/0020_000000002.jpg,notflip__0020,notflip__0020,training,training,notflip,notflip,1,2
435,2319,0.9797530875899046,1,0,same_sequence_cross_split,testing/notflip/0031_000000017.jpg,training/notflip/0031_000000018.jpg,notflip__0031,notflip__0031,testing,training,notflip,notflip,17,18
394,2180,0.9797356231637985,1,0,same_sequence_cross_split,testing/notflip/0025_000000018.jpg,training/notflip/0025_000000017.jpg,notflip__0025,notflip__0025,testing,training,notflip,notflip,18,17
2927,2928,0.979683820513476,3,0,same_sequence_same_split,training/notflip/0056_000000014.jpg,training/notflip/0056_000000015.jpg,notflip__0056,notflip__0056,training,training,notflip,notflip,14,15
543,2707,0.9796427943087922,1,0,same_sequence_cross_split,testing/notflip/0047_000000025.jpg,training/notflip/0047_000000023.jpg,notflip__0047,notflip__0047,testing,training,notflip,notflip,25,23
412,2259,0.9796027082131397,0,0,same_sequence_cross_split,testing/notflip/0028_000000024.jpg,training/notflip/0028_000000025.jpg,notflip__0028,notflip__0028,testing,training,notflip,notflip,24,25
1074,1075,0.9795837727042761,0,0,same_sequence_same_split,training/flip/0028_000000001.jpg,training/flip/0028_000000002.jpg,flip__0028,flip__0028,training,training,flip,flip,1,2
2081,2082,0.9795748425623456,1,2,same_sequence_same_split,training/notflip/0019_000000009.jpg,training/notflip/0019_000000010.jpg,notflip__0019,notflip__0019,training,training,notflip,notflip,9,10
2755,2756,0.9795208198071284,0,0,same_sequence_same_split,training/notflip/0049_000000023.jpg,training/notflip/0049_000000024.jpg,notflip__0049,notflip__0049,training,training,notflip,notflip,23,24
1499,1500,0.9795113972910876,1,2,same_sequence_same_split,training/flip/0053_000000005.jpg,training/flip/0053_000000006.jpg,flip__0053,flip__0053,training,training,flip,flip,5,6
479,2469,0.9794701669561697,1,0,same_sequence_cross_split,testing/notflip/0037_000000028.jpg,training/notflip/0037_000000030.jpg,notflip__0037,notflip__0037,testing,training,notflip,notflip,28,30
1498,1500,0.9794692296180342,1,2,same_sequence_same_split,training/flip/0053_000000004.jpg,training/flip/0053_000000006.jpg,flip__0053,flip__0053,training,training,flip,flip,4,6
2775,2777,0.9794254788577572,0,2,same_sequence_same_split,training/notflip/0050_000000017.jpg,training/notflip/0050_000000019.jpg,notflip__0050,notflip__0050,training,training,notflip,notflip,17,19
2904,2905,0.9794123767388804,1,0,same_sequence_same_split,training/notflip/0055_000000017.jpg,training/notflip/0055_000000018.jpg,notflip__0055,notflip__0055,training,training,notflip,notflip,17,18
2630,2632,0.9794087301363379,0,0,same_sequence_same_split,training/notflip/0044_000000019.jpg,training/notflip/0044_000000021.jpg,notflip__0044,notflip__0044,training,training,notflip,notflip,19,21
450,2371,0.979403551940612,3,0,same_sequence_cross_split,testing/notflip/0033_000000025.jpg,training/notflip/0033_000000024.jpg,notflip__0033,notflip__0033,testing,training,notflip,notflip,25,24
2915,2917,0.9793963266009892,1,2,same_sequence_same_split,training/notflip/0055_000000028.jpg,training/notflip/0055_000000030.jpg,notflip__0055,notflip__0055,training,training,notflip,notflip,28,30
395,2184,0.9793670398033316,2,2,same_sequence_cross_split,testing/notflip/0025_000000021.jpg,training/notflip/0025_000000024.jpg,notflip__0025,notflip__0025,testing,training,notflip,notflip,21,24
2672,2673,0.9793647448614177,2,0,same_sequence_same_split,training/notflip/0046_000000014.jpg,training/notflip/0046_000000015.jpg,notflip__0046,notflip__0046,training,training,notflip,notflip,14,15
2976,2977,0.9793413258107948,1,0,same_sequence_same_split,training/notflip/0058_000000014.jpg,training/notflip/0058_000000015.jpg,notflip__0058,notflip__0058,training,training,notflip,notflip,14,15
368,370,0.9793285417705576,0,0,same_sequence_same_split,testing/notflip/0019_000000024.jpg,testing/notflip/0019_000000027.jpg,notflip__0019,notflip__0019,testing,testing,notflip,notflip,24,27
2537,2538,0.979320295829784,1,0,same_sequence_same_split,training/notflip/0040_000000029.jpg,training/notflip/0040_000000030.jpg,notflip__0040,notflip__0040,training,training,notflip,notflip,29,30
2561,2562,0.9793201565371815,1,2,same_sequence_same_split,training/notflip/0041_000000032.jpg,training/notflip/0041_000000033.jpg,notflip__0041,notflip__0041,training,training,notflip,notflip,32,33
2111,2112,0.9792952658671394,1,0,same_sequence_same_split,training/notflip/0020_000000017.jpg,training/notflip/0020_000000018.jpg,notflip__0020,notflip__0020,training,training,notflip,notflip,17,18
1951,1953,0.9792568698969877,0,0,same_sequence_same_split,training/notflip/0008_000000027.jpg,training/notflip/0008_000000029.jpg,notflip__0008,notflip__0008,training,training,notflip,notflip,27,29
2394,2395,0.9792285904033761,1,0,same_sequence_same_split,training/notflip/0034_000000021.jpg,training/notflip/0034_000000022.jpg,notflip__0034,notflip__0034,training,training,notflip,notflip,21,22
2836,2837,0.979213027802635,0,0,same_sequence_same_split,training/notflip/0052_000000025.jpg,training/notflip/0052_000000026.jpg,notflip__0052,notflip__0052,training,training,notflip,notflip,25,26
552,2753,0.9791930937917359,1,0,same_sequence_cross_split,testing/notflip/0049_000000018.jpg,training/notflip/0049_000000020.jpg,notflip__0049,notflip__0049,testing,training,notflip,notflip,18,20
2553,2555,0.9791860481498624,0,0,same_sequence_same_split,training/notflip/0041_000000023.jpg,training/notflip/0041_000000025.jpg,notflip__0041,notflip__0041,training,training,notflip,notflip,23,25
2560,2561,0.9791852472478818,0,0,same_sequence_same_split,training/notflip/0041_000000031.jpg,training/notflip/0041_000000032.jpg,notflip__0041,notflip__0041,training,training,notflip,notflip,31,32
2676,2678,0.9791642054415288,2,0,same_sequence_same_split,training/notflip/0046_000000018.jpg,training/notflip/0046_000000020.jpg,notflip__0046,notflip__0046,training,training,notflip,notflip,18,20
2420,2421,0.9791551714929027,2,2,same_sequence_same_split,training/notflip/0035_000000023.jpg,training/notflip/0035_000000024.jpg,notflip__0035,notflip__0035,training,training,notflip,notflip,23,24
2457,2458,0.9791345244032362,1,0,same_sequence_same_split,training/notflip/0037_000000012.jpg,training/notflip/0037_000000013.jpg,notflip__0037,notflip__0037,training,training,notflip,notflip,12,13
2837,2838,0.9791199701874459,2,0,same_sequence_same_split,training/notflip/0052_000000026.jpg,training/notflip/0052_000000027.jpg,notflip__0052,notflip__0052,training,training,notflip,notflip,26,27
1824,1825,0.9791101060696813,1,2,same_sequence_same_split,training/notflip/0003_000000021.jpg,training/notflip/0003_000000022.jpg,notflip__0003,notflip__0003,training,training,notflip,notflip,21,22
2184,2186,0.9790533395390373,0,2,same_sequence_same_split,training/notflip/0025_000000024.jpg,training/notflip/0025_000000027.jpg,notflip__0025,notflip__0025,training,training,notflip,notflip,24,27
2805,2806,0.9790254075590552,2,0,same_sequence_same_split,training/notflip/0051_000000020.jpg,training/notflip/0051_000000021.jpg,notflip__0051,notflip__0051,training,training,notflip,notflip,20,21
2863,2864,0.9790204144569143,1,0,same_sequence_same_split,training/notflip/0053_000000029.jpg,training/notflip/0053_000000030.jpg,notflip__0053,notflip__0053,training,training,notflip,notflip,29,30
710,711,0.9790176111679025,1,0,same_sequence_same_split,training/flip/0007_000000006.jpg,training/flip/0007_000000007.jpg,flip__0007,flip__0007,training,training,flip,flip,6,7
429,2304,0.9789996375709228,1,0,same_sequence_cross_split,testing/notflip/0030_000000028.jpg,training/notflip/0030_000000026.jpg,notflip__0030,notflip__0030,testing,training,notflip,notflip,28,26
2636,2637,0.9789777279115839,0,0,same_sequence_same_split,training/notflip/0044_000000025.jpg,training/notflip/0044_000000026.jpg,notflip__0044,notflip__0044,training,training,notflip,notflip,25,26
1737,1738,0.9789684605207608,0,2,same_sequence_same_split,training/flip/0065_000000003.jpg,training/flip/0065_000000004.jpg,flip__0065,flip__0065,training,training,flip,flip,3,4
554,2758,0.9789600795447239,0,0,same_sequence_cross_split,testing/notflip/0049_000000026.jpg,training/notflip/0049_000000027.jpg,notflip__0049,notflip__0049,testing,training,notflip,notflip,26,27
2883,2884,0.9789285555195039,2,0,same_sequence_same_split,training/notflip/0054_000000021.jpg,training/notflip/0054_000000022.jpg,notflip__0054,notflip__0054,training,training,notflip,notflip,21,22
2100,2101,0.9789089383029159,1,0,same_sequence_same_split,training/notflip/0020_000000003.jpg,training/notflip/0020_000000005.jpg,notflip__0020,notflip__0020,training,training,notflip,notflip,3,5
2729,2731,0.9789023323358592,2,0,same_sequence_same_split,training/notflip/0048_000000019.jpg,training/notflip/0048_000000021.jpg,notflip__0048,notflip__0048,training,training,notflip,notflip,19,21
2158,2159,0.9789021923969395,0,2,same_sequence_same_split,training/notflip/0024_000000017.jpg,training/notflip/0024_000000018.jpg,notflip__0024,notflip__0024,training,training,notflip,notflip,17,18
369,370,0.9789012774086385,0,0,same_sequence_same_split,testing/notflip/0019_000000025.jpg,testing/notflip/0019_000000027.jpg,notflip__0019,notflip__0019,testing,testing,notflip,notflip,25,27
2152,2153,0.9788773741207201,0,0,same_sequence_same_split,training/notflip/0024_000000011.jpg,training/notflip/0024_000000012.jpg,notflip__0024,notflip__0024,training,training,notflip,notflip,11,12
2706,2708,0.9787997589912725,1,0,same_sequence_same_split,training/notflip/0047_000000022.jpg,training/notflip/0047_000000026.jpg,notflip__0047,notflip__0047,training,training,notflip,notflip,22,26
574,2888,0.9786995711063587,1,0,same_sequence_cross_split,testing/notflip/0054_000000027.jpg,training/notflip/0054_000000028.jpg,notflip__0054,notflip__0054,testing,training,notflip,notflip,27,28
2882,2883,0.978667659757393,0,0,same_sequence_same_split,training/notflip/0054_000000019.jpg,training/notflip/0054_000000021.jpg,notflip__0054,notflip__0054,training,training,notflip,notflip,19,21
2813,2814,0.9786535850035917,0,0,same_sequence_same_split,training/notflip/0051_000000029.jpg,training/notflip/0051_000000030.jpg,notflip__0051,notflip__0051,training,training,notflip,notflip,29,30
1766,1767,0.9786144832491475,2,0,same_sequence_same_split,training/notflip/0001_000000011.jpg,training/notflip/0001_000000012.jpg,notflip__0001,notflip__0001,training,training,notflip,notflip,11,12
2745,2746,0.978585749081796,0,2,same_sequence_same_split,training/notflip/0049_000000009.jpg,training/notflip/0049_000000010.jpg,notflip__0049,notflip__0049,training,training,notflip,notflip,9,10
2536,2537,0.9785563360978766,3,0,same_sequence_same_split,training/notflip/0040_000000028.jpg,training/notflip/0040_000000029.jpg,notflip__0040,notflip__0040,training,training,notflip,notflip,28,29
2831,2832,0.9785265861258912,3,4,same_sequence_same_split,training/notflip/0052_000000019.jpg,training/notflip/0052_000000020.jpg,notflip__0052,notflip__0052,training,training,notflip,notflip,19,20
2190,2191,0.9784438970662158,0,0,same_sequence_same_split,training/notflip/0026_000000001.jpg,training/notflip/0026_000000002.jpg,notflip__0026,notflip__0026,training,training,notflip,notflip,1,2
402,2209,0.9784354489801812,2,0,same_sequence_cross_split,testing/notflip/0026_000000024.jpg,training/notflip/0026_000000025.jpg,notflip__0026,notflip__0026,testing,training,notflip,notflip,24,25
2416,2417,0.9783922991300813,1,0,same_sequence_same_split,training/notflip/0035_000000019.jpg,training/notflip/0035_000000020.jpg,notflip__0035,notflip__0035,training,training,notflip,notflip,19,20
2626,2629,0.9783886463490356,0,2,same_sequence_same_split,training/notflip/0044_000000015.jpg,training/notflip/0044_000000018.jpg,notflip__0044,notflip__0044,training,training,notflip,notflip,15,18
396,397,0.9783687093889397,2,2,same_sequence_same_split,testing/notflip/0025_000000022.jpg,testing/notflip/0025_000000025.jpg,notflip__0025,notflip__0025,testing,testing,notflip,notflip,22,25
518,2585,0.9783628700280557,1,2,same_sequence_cross_split,testing/notflip/0042_000000027.jpg,training/notflip/0042_000000028.jpg,notflip__0042,notflip__0042,testing,training,notflip,notflip,27,28
2750,2753,0.9783535641157972,0,0,same_sequence_same_split,training/notflip/0049_000000016.jpg,training/notflip/0049_000000020.jpg,notflip__0049,notflip__0049,training,training,notflip,notflip,16,20
2423,2425,0.9783472995033872,2,4,same_sequence_same_split,training/notflip/0035_000000027.jpg,training/notflip/0035_000000029.jpg,notflip__0035,notflip__0035,training,training,notflip,notflip,27,29
387,2160,0.9783457301296081,1,0,same_sequence_cross_split,testing/notflip/0024_000000020.jpg,training/notflip/0024_000000021.jpg,notflip__0024,notflip__0024,testing,training,notflip,notflip,20,21
2551,2552,0.9783233578600083,1,2,same_sequence_same_split,training/notflip/0041_000000019.jpg,training/notflip/0041_000000020.jpg,notflip__0041,notflip__0041,training,training,notflip,notflip,19,20
2928,2929,0.9783222584171595,2,0,same_sequence_same_split,training/notflip/0056_000000015.jpg,training/notflip/0056_000000016.jpg,notflip__0056,notflip__0056,training,training,notflip,notflip,15,16
2782,2785,0.978270998674157,0,0,same_sequence_same_split,training/notflip/0050_000000024.jpg,training/notflip/0050_000000027.jpg,notflip__0050,notflip__0050,training,training,notflip,notflip,24,27
1695,1696,0.9782310044747785,1,2,same_sequence_same_split,training/flip/0062_000000004.jpg,training/flip/0062_000000005.jpg,flip__0062,flip__0062,training,training,flip,flip,4,5
2279,2280,0.9782158857722548,1,0,same_sequence_same_split,training/notflip/0029_000000023.jpg,training/notflip/0029_000000024.jpg,notflip__0029,notflip__0029,training,training,notflip,notflip,23,24
2628,2630,0.9781890203229752,0,0,same_sequence_same_split,training/notflip/0044_000000017.jpg,training/notflip/0044_000000019.jpg,notflip__0044,notflip__0044,training,training,notflip,notflip,17,19
2374,2375,0.978163879588898,2,0,same_sequence_same_split,training/notflip/0033_000000029.jpg,training/notflip/0033_000000030.jpg,notflip__0033,notflip__0033,training,training,notflip,notflip,29,30
1932,1933,0.9781241296288726,0,0,same_sequence_same_split,training/notflip/0008_000000002.jpg,training/notflip/0008_000000003.jpg,notflip__0008,notflip__0008,training,training,notflip,notflip,2,3
2635,2636,0.9780806100993129,1,0,same_sequence_same_split,training/notflip/0044_000000024.jpg,training/notflip/0044_000000025.jpg,notflip__0044,notflip__0044,training,training,notflip,notflip,24,25
1874,1875,0.9780515667410101,1,0,same_sequence_same_split,training/notflip/0005_000000021.jpg,training/notflip/0005_000000023.jpg,notflip__0005,notflip__0005,training,training,notflip,notflip,21,23
1966,1967,0.9780447178200029,0,0,same_sequence_same_split,training/notflip/0009_000000019.jpg,training/notflip/0009_000000020.jpg,notflip__0009,notflip__0009,training,training,notflip,notflip,19,20
2914,2915,0.9780272901590763,1,0,same_sequence_same_split,training/notflip/0055_000000027.jpg,training/notflip/0055_000000028.jpg,notflip__0055,notflip__0055,training,training,notflip,notflip,27,28
2535,2536,0.9780126195752626,1,0,same_sequence_same_split,training/notflip/0040_000000027.jpg,training/notflip/0040_000000028.jpg,notflip__0040,notflip__0040,training,training,notflip,notflip,27,28
1969,1970,0.9780023462815096,0,0,same_sequence_same_split,training/notflip/0009_000000022.jpg,training/notflip/0009_000000023.jpg,notflip__0009,notflip__0009,training,training,notflip,notflip,22,23
573,2886,0.97800004391416,1,2,same_sequence_cross_split,testing/notflip/0054_000000023.jpg,training/notflip/0054_000000025.jpg,notflip__0054,notflip__0054,testing,training,notflip,notflip,23,25
2422,2423,0.9779225826495384,2,2,same_sequence_same_split,training/notflip/0035_000000025.jpg,training/notflip/0035_000000027.jpg,notflip__0035,notflip__0035,training,training,notflip,notflip,25,27
321,1890,0.9779176138721032,1,0,same_sequence_cross_split,testing/notflip/0006_000000009.jpg,training/notflip/0006_000000008.jpg,notflip__0006,notflip__0006,testing,training,notflip,notflip,9,8
193,1349,0.9778804273711218,3,4,same_sequence_cross_split,testing/flip/0044_000000007.jpg,training/flip/0044_000000006.jpg,flip__0044,flip__0044,testing,training,flip,flip,7,6
2838,2839,0.9778334777887421,1,0,same_sequence_same_split,training/notflip/0052_000000027.jpg,training/notflip/0052_000000028.jpg,notflip__0052,notflip__0052,training,training,notflip,notflip,27,28
397,2186,0.9778276720878938,0,2,same_sequence_cross_split,testing/notflip/0025_000000025.jpg,training/notflip/0025_000000027.jpg,notflip__0025,notflip__0025,testing,training,notflip,notflip,25,27
429,2306,0.9777971600401881,2,0,same_sequence_cross_split,testing/notflip/0030_000000028.jpg,training/notflip/0030_000000029.jpg,notflip__0030,notflip__0030,testing,training,notflip,notflip,28,29
2665,2666,0.9777797742158167,0,0,same_sequence_same_split,training/notflip/0046_000000005.jpg,training/notflip/0046_000000006.jpg,notflip__0046,notflip__0046,training,training,notflip,notflip,5,6
2854,2855,0.9777746964100764,1,0,same_sequence_same_split,training/notflip/0053_000000019.jpg,training/notflip/0053_000000020.jpg,notflip__0053,notflip__0053,training,training,notflip,notflip,19,20
2531,2533,0.9777651145148577,1,0,same_sequence_same_split,training/notflip/0040_000000023.jpg,training/notflip/0040_000000025.jpg,notflip__0040,notflip__0040,training,training,notflip,notflip,23,25
374,2112,0.977750417270106,1,0,same_sequence_cross_split,testing/notflip/0020_000000019.jpg,training/notflip/0020_000000018.jpg,notflip__0020,notflip__0020,testing,training,notflip,notflip,19,18
709,710,0.9777053501313064,3,0,same_sequence_same_split,training/flip/0007_000000005.jpg,training/flip/0007_000000006.jpg,flip__0007,flip__0007,training,training,flip,flip,5,6
292,1764,0.9776903388585384,0,0,same_sequence_cross_split,testing/notflip/0001_000000009.jpg,training/notflip/0001_000000008.jpg,notflip__0001,notflip__0001,testing,training,notflip,notflip,9,8
395,397,0.9776444933603288,2,2,same_sequence_same_split,testing/notflip/0025_000000021.jpg,testing/notflip/0025_000000025.jpg,notflip__0025,notflip__0025,testing,testing,notflip,notflip,21,25
2956,2958,0.9776377893171311,2,4,same_sequence_same_split,training/notflip/0057_000000019.jpg,training/notflip/0057_000000021.jpg,notflip__0057,notflip__0057,training,training,notflip,notflip,19,21
2070,2071,0.9776320817491898,0,0,same_sequence_same_split,training/notflip/0016_000000018.jpg,training/notflip/0016_000000019.jpg,notflip__0016,notflip__0016,training,training,notflip,notflip,18,19
547,2733,0.9776077117189997,2,0,same_sequence_cross_split,testing/notflip/0048_000000026.jpg,training/notflip/0048_000000023.jpg,notflip__0048,notflip__0048,testing,training,notflip,notflip,26,23
2905,2907,0.9775946365992502,0,0,same_sequence_same_split,training/notflip/0055_000000018.jpg,training/notflip/0055_000000020.jpg,notflip__0055,notflip__0055,training,training,notflip,notflip,18,20
1894,1895,0.9775903944624584,1,0,same_sequence_same_split,training/notflip/0006_000000013.jpg,training/notflip/0006_000000014.jpg,notflip__0006,notflip__0006,training,training,notflip,notflip,13,14
2889,2890,0.9775753006467198,0,0,same_sequence_same_split,training/notflip/0054_000000029.jpg,training/notflip/0054_000000030.jpg,notflip__0054,notflip__0054,training,training,notflip,notflip,29,30
2303,2305,0.9775481925117682,2,2,same_sequence_same_split,training/notflip/0030_000000025.jpg,training/notflip/0030_000000027.jpg,notflip__0030,notflip__0030,training,training,notflip,notflip,25,27
2467,2469,0.9775440665415006,0,0,same_sequence_same_split,training/notflip/0037_000000027.jpg,training/notflip/0037_000000030.jpg,notflip__0037,notflip__0037,training,training,notflip,notflip,27,30
546,2731,0.9774238828353686,2,0,same_sequence_cross_split,testing/notflip/0048_000000025.jpg,training/notflip/0048_000000021.jpg,notflip__0048,notflip__0048,testing,training,notflip,notflip,25,21
572,2881,0.9774230402254869,2,2,same_sequence_cross_split,testing/notflip/0054_000000020.jpg,training/notflip/0054_000000018.jpg,notflip__0054,notflip__0054,testing,training,notflip,notflip,20,18
532,2659,0.9774097504603765,0,0,same_sequence_cross_split,testing/notflip/0045_000000026.jpg,training/notflip/0045_000000025.jpg,notflip__0045,notflip__0045,testing,training,notflip,notflip,26,25
2396,2397,0.9774065163641549,2,0,same_sequence_same_split,training/notflip/0034_000000023.jpg,training/notflip/0034_000000024.jpg,notflip__0034,notflip__0034,training,training,notflip,notflip,23,24
2443,2444,0.9773602868793893,0,2,same_sequence_same_split,training/notflip/0036_000000019.jpg,training/notflip/0036_000000021.jpg,notflip__0036,notflip__0036,training,training,notflip,notflip,19,21
2656,2657,0.9773032422752906,0,0,same_sequence_same_split,training/notflip/0045_000000021.jpg,training/notflip/0045_000000023.jpg,notflip__0045,notflip__0045,training,training,notflip,notflip,21,23
460,2426,0.9772830325683182,2,4,same_sequence_cross_split,testing/notflip/0035_000000026.jpg,training/notflip/0035_000000030.jpg,notflip__0035,notflip__0035,testing,training,notflip,notflip,26,30
436,437,0.9772536389038868,1,0,same_sequence_same_split,testing/notflip/0031_000000019.jpg,testing/notflip/0031_000000020.jpg,notflip__0031,notflip__0031,testing,testing,notflip,notflip,19,20
378,2139,0.9771929358497115,0,2,same_sequence_cross_split,testing/notflip/0023_000000020.jpg,training/notflip/0023_000000021.jpg,notflip__0023,notflip__0023,testing,training,notflip,notflip,20,21
2792,2794,0.9771907031290901,3,0,same_sequence_same_split,training/notflip/0051_000000006.jpg,training/notflip/0051_000000008.jpg,notflip__0051,notflip__0051,training,training,notflip,notflip,6,8
2637,2638,0.9771791708106141,2,2,same_sequence_same_split,training/notflip/0044_000000026.jpg,training/notflip/0044_000000028.jpg,notflip__0044,notflip__0044,training,training,notflip,notflip,26,28
2513,2514,0.9771580406441087,0,0,same_sequence_same_split,training/notflip/0039_000000024.jpg,training/notflip/0039_000000025.jpg,notflip__0039,notflip__0039,training,training,notflip,notflip,24,25
2699,2700,0.9771345983105681,0,0,same_sequence_same_split,training/notflip/0047_000000015.jpg,training/notflip/0047_000000016.jpg,notflip__0047,notflip__0047,training,training,notflip,notflip,15,16
2118,2120,0.9770983989618198,0,0,same_sequence_same_split,training/notflip/0021_000000023.jpg,training/notflip/0021_000000027.jpg,notflip__0021,notflip__0021,training,training,notflip,notflip,23,27
2528,2530,0.9770632373502662,3,0,same_sequence_same_split,training/notflip/0040_000000020.jpg,training/notflip/0040_000000022.jpg,notflip__0040,notflip__0040,training,training,notflip,notflip,20,22
2902,2903,0.9770465216368088,1,2,same_sequence_same_split,training/notflip/0055_000000014.jpg,training/notflip/0055_000000015.jpg,notflip__0055,notflip__0055,training,training,notflip,notflip,14,15
2668,2669,0.9770328541899957,1,0,same_sequence_same_split,training/notflip/0046_000000008.jpg,training/notflip/0046_000000009.jpg,notflip__0046,notflip__0046,training,training,notflip,notflip,8,9
2100,2102,0.97702148202719,2,2,same_sequence_same_split,training/notflip/0020_000000003.jpg,training/notflip/0020_000000006.jpg,notflip__0020,notflip__0020,training,training,notflip,notflip,3,6
2577,2578,0.9770190548120635,2,0,same_sequence_same_split,training/notflip/0042_000000017.jpg,training/notflip/0042_000000018.jpg,notflip__0042,notflip__0042,training,training,notflip,notflip,17,18
2822,2823,0.9770009646681053,2,0,same_sequence_same_split,training/notflip/0052_000000009.jpg,training/notflip/0052_000000010.jpg,notflip__0052,notflip__0052,training,training,notflip,notflip,9,10
2731,2734,0.976984006450056,2,0,same_sequence_same_split,training/notflip/0048_000000021.jpg,training/notflip/0048_000000024.jpg,notflip__0048,notflip__0048,training,training,notflip,notflip,21,24
2079,2080,0.9769550411379497,1,0,same_sequence_same_split,training/notflip/0019_000000007.jpg,training/notflip/0019_000000008.jpg,notflip__0019,notflip__0019,training,training,notflip,notflip,7,8
2706,2709,0.9769276728015159,0,0,same_sequence_same_split,training/notflip/0047_000000022.jpg,training/notflip/0047_000000027.jpg,notflip__0047,notflip__0047,training,training,notflip,notflip,22,27
2304,2307,0.9769079008908678,2,0,same_sequence_same_split,training/notflip/0030_000000026.jpg,training/notflip/0030_000000030.jpg,notflip__0030,notflip__0030,training,training,notflip,notflip,26,30
18,688,0.9768892452621526,1,0,same_sequence_cross_split,testing/flip/0006_000000001.jpg,training/flip/0006_000000002.jpg,flip__0006,flip__0006,testing,training,flip,flip,1,2
518,2584,0.9768437440826305,2,2,same_sequence_cross_split,testing/notflip/0042_000000027.jpg,training/notflip/0042_000000026.jpg,notflip__0042,notflip__0042,testing,training,notflip,notflip,27,26
474,2459,0.9768037277474791,3,0,same_sequence_cross_split,testing/notflip/0037_000000014.jpg,training/notflip/0037_000000016.jpg,notflip__0037,notflip__0037,testing,training,notflip,notflip,14,16
2080,2082,0.9767517264882171,2,2,same_sequence_same_split,training/notflip/0019_000000008.jpg,training/notflip/0019_000000010.jpg,notflip__0019,notflip__0019,training,training,notflip,notflip,8,10
396,2185,0.9767306292196808,2,2,same_sequence_cross_split,testing/notflip/0025_000000022.jpg,training/notflip/0025_000000026.jpg,notflip__0025,notflip__0025,testing,training,notflip,notflip,22,26
2316,2317,0.9767159005535507,2,0,same_sequence_same_split,training/notflip/0031_000000012.jpg,training/notflip/0031_000000013.jpg,notflip__0031,notflip__0031,training,training,notflip,notflip,12,13
454,2397,0.9766490609804317,4,0,same_sequence_cross_split,testing/notflip/0034_000000025.jpg,training/notflip/0034_000000024.jpg,notflip__0034,notflip__0034,testing,training,notflip,notflip,25,24
2573,2574,0.9766139657168469,1,0,same_sequence_same_split,training/notflip/0042_000000012.jpg,training/notflip/0042_000000014.jpg,notflip__0042,notflip__0042,training,training,notflip,notflip,12,14
2522,2523,0.9766136489310011,2,0,same_sequence_same_split,training/notflip/0040_000000008.jpg,training/notflip/0040_000000009.jpg,notflip__0040,notflip__0040,training,training,notflip,notflip,8,9
2218,2219,0.9765772332533383,2,0,same_sequence_same_split,training/notflip/0027_000000007.jpg,training/notflip/0027_000000008.jpg,notflip__0027,notflip__0027,training,training,notflip,notflip,7,8
1935,1936,0.9765688083547113,1,0,same_sequence_same_split,training/notflip/0008_000000005.jpg,training/notflip/0008_000000006.jpg,notflip__0008,notflip__0008,training,training,notflip,notflip,5,6
2217,2219,0.9765593491760244,2,0,same_sequence_same_split,training/notflip/0027_000000006.jpg,training/notflip/0027_000000008.jpg,notflip__0027,notflip__0027,training,training,notflip,notflip,6,8
2321,2322,0.9765469223730876,2,0,same_sequence_same_split,training/notflip/0031_000000022.jpg,training/notflip/0031_000000023.jpg,notflip__0031,notflip__0031,training,training,notflip,notflip,22,23
2185,2187,0.9765222848626586,0,2,same_sequence_same_split,training/notflip/0025_000000026.jpg,training/notflip/0025_000000028.jpg,notflip__0025,notflip__0025,training,training,notflip,notflip,26,28
368,2093,0.9765029629103346,1,0,same_sequence_cross_split,testing/notflip/0019_000000024.jpg,training/notflip/0019_000000023.jpg,notflip__0019,notflip__0019,testing,training,notflip,notflip,24,23
1965,1966,0.9764710066399825,0,0,same_sequence_same_split,training/notflip/0009_000000018.jpg,training/notflip/0009_000000019.jpg,notflip__0009,notflip__0009,training,training,notflip,notflip,18,19
2553,2556,0.9764684824159903,1,2,same_sequence_same_split,training/notflip/0041_000000023.jpg,training/notflip/0041_000000026.jpg,notflip__0041,notflip__0041,training,training,notflip,notflip,23,26
2149,2152,0.9764645900213181,1,2,same_sequence_same_split,training/notflip/0024_000000008.jpg,training/notflip/0024_000000011.jpg,notflip__0024,notflip__0024,training,training,notflip,notflip,8,11
870,871,0.9764390080151681,0,0,same_sequence_same_split,training/flip/0015_000000001.jpg,training/flip/0015_000000002.jpg,flip__0015,flip__0015,training,training,flip,flip,1,2
332,1925,0.976406270651321,0,0,same_sequence_cross_split,testing/notflip/0007_000000025.jpg,training/notflip/0007_000000024.jpg,notflip__0007,notflip__0007,testing,training,notflip,notflip,25,24
384,2147,0.9763805511965968,4,2,same_sequence_cross_split,testing/notflip/0024_000000006.jpg,training/notflip/0024_000000003.jpg,notflip__0024,notflip__0024,testing,training,notflip,notflip,6,3
2911,2912,0.976342640849374,0,2,same_sequence_same_split,training/notflip/0055_000000024.jpg,training/notflip/0055_000000025.jpg,notflip__0055,notflip__0055,training,training,notflip,notflip,24,25
517,2582,0.9763310493377669,0,2,same_sequence_cross_split,testing/notflip/0042_000000024.jpg,training/notflip/0042_000000023.jpg,notflip__0042,notflip__0042,testing,training,notflip,notflip,24,23
536,2669,0.9762999368630422,3,4,same_sequence_cross_split,testing/notflip/0046_000000011.jpg,training/notflip/0046_000000009.jpg,notflip__0046,notflip__0046,testing,training,notflip,notflip,11,9
193,1350,0.9762891314993793,2,2,same_sequence_cross_split,testing/flip/0044_000000007.jpg,training/flip/0044_000000008.jpg,flip__0044,flip__0044,testing,training,flip,flip,7,8
1634,1636,0.976278172547936,4,0,same_sequence_same_split,training/flip/0060_000000001.jpg,training/flip/0060_000000003.jpg,flip__0060,flip__0060,training,training,flip,flip,1,3
2963,2965,0.9762685129758754,0,0,same_sequence_same_split,training/notflip/0057_000000028.jpg,training/notflip/0057_000000030.jpg,notflip__0057,notflip__0057,training,training,notflip,notflip,28,30
2485,2486,0.9762624508509654,0,0,same_sequence_same_split,training/notflip/0038_000000024.jpg,training/notflip/0038_000000025.jpg,notflip__0038,notflip__0038,training,training,notflip,notflip,24,25
1948,1949,0.9762457028153545,1,2,same_sequence_same_split,training/notflip/0008_000000024.jpg,training/notflip/0008_000000025.jpg,notflip__0008,notflip__0008,training,training,notflip,notflip,24,25
690,691,0.9762439928952346,1,2,same_sequence_same_split,training/flip/0006_000000004.jpg,training/flip/0006_000000005.jpg,flip__0006,flip__0006,training,training,flip,flip,4,5
2182,2185,0.9762402992708783,3,2,same_sequence_same_split,training/notflip/0025_000000020.jpg,training/notflip/0025_000000026.jpg,notflip__0025,notflip__0025,training,training,notflip,notflip,20,26
2723,2725,0.9762385557791964,1,0,same_sequence_same_split,training/notflip/0048_000000012.jpg,training/notflip/0048_000000014.jpg,notflip__0048,notflip__0048,training,training,notflip,notflip,12,14
539,2685,0.9762032217454207,1,0,same_sequence_cross_split,testing/notflip/0046_000000028.jpg,training/notflip/0046_000000029.jpg,notflip__0046,notflip__0046,testing,training,notflip,notflip,28,29
443,2353,0.9761987007834163,2,0,same_sequence_cross_split,testing/notflip/0032_000000029.jpg,training/notflip/0032_000000030.jpg,notflip__0032,notflip__0032,testing,training,notflip,notflip,29,30
407,2223,0.9761924868481947,0,0,same_sequence_cross_split,testing/notflip/0027_000000013.jpg,training/notflip/0027_000000014.jpg,notflip__0027,notflip__0027,testing,training,notflip,notflip,13,14
517,2583,0.9761806180504968,0,2,same_sequence_cross_split,testing/notflip/0042_000000024.jpg,training/notflip/0042_000000025.jpg,notflip__0042,notflip__0042,testing,training,notflip,notflip,24,25
689,690,0.9761538519597733,1,0,same_sequence_same_split,training/flip/0006_000000003.jpg,training/flip/0006_000000004.jpg,flip__0006,flip__0006,training,training,flip,flip,3,4
273,1697,0.9761204379558978,0,2,same_sequence_cross_split,testing/flip/0062_000000006.jpg,training/flip/0062_000000007.jpg,flip__0062,flip__0062,testing,training,flip,flip,6,7
2368,2369,0.976067339045578,0,2,same_sequence_same_split,training/notflip/0033_000000021.jpg,training/notflip/0033_000000022.jpg,notflip__0033,notflip__0033,training,training,notflip,notflip,21,22
2323,2324,0.9760529470228347,1,2,same_sequence_same_split,training/notflip/0031_000000024.jpg,training/notflip/0031_000000025.jpg,notflip__0031,notflip__0031,training,training,notflip,notflip,24,25
395,2185,0.9760441890617263,2,2,same_sequence_cross_split,testing/notflip/0025_000000021.jpg,training/notflip/0025_000000026.jpg,notflip__0025,notflip__0025,testing,training,notflip,notflip,21,26
2305,2307,0.9760349390146755,2,0,same_sequence_same_split,training/notflip/0030_000000027.jpg,training/notflip/0030_000000030.jpg,notflip__0030,notflip__0030,training,training,notflip,notflip,27,30
1083,1084,0.9760026243399129,1,0,same_sequence_same_split,training/flip/0028_000000010.jpg,training/flip/0028_000000011.jpg,flip__0028,flip__0028,training,training,flip,flip,10,11
2304,2306,0.975960429198777,1,0,same_sequence_same_split,training/notflip/0030_000000026.jpg,training/notflip/0030_000000029.jpg,notflip__0030,notflip__0030,training,training,notflip,notflip,26,29
1818,1820,0.9759497099451124,2,0,same_sequence_same_split,training/notflip/0003_000000014.jpg,training/notflip/0003_000000016.jpg,notflip__0003,notflip__0003,training,training,notflip,notflip,14,16
2910,2911,0.9759272860705532,1,2,same_sequence_same_split,training/notflip/0055_000000023.jpg,training/notflip/0055_000000024.jpg,notflip__0055,notflip__0055,training,training,notflip,notflip,23,24
2702,2704,0.9758706670724149,1,2,same_sequence_same_split,training/notflip/0047_000000018.jpg,training/notflip/0047_000000020.jpg,notflip__0047,notflip__0047,training,training,notflip,notflip,18,20
2423,2428,0.9758278426480061,3,4,same_sequence_same_split,training/notflip/0035_000000027.jpg,training/notflip/0035_000000032.jpg,notflip__0035,notflip__0035,training,training,notflip,notflip,27,32
574,2887,0.9757783458024185,2,0,same_sequence_cross_split,testing/notflip/0054_000000027.jpg,training/notflip/0054_000000026.jpg,notflip__0054,notflip__0054,testing,training,notflip,notflip,27,26
1960,1961,0.9757722865634978,1,0,same_sequence_same_split,training/notflip/0009_000000010.jpg,training/notflip/0009_000000011.jpg,notflip__0009,notflip__0009,training,training,notflip,notflip,10,11
2232,2233,0.9757552458961146,1,2,same_sequence_same_split,training/notflip/0027_000000026.jpg,training/notflip/0027_000000027.jpg,notflip__0027,notflip__0027,training,training,notflip,notflip,26,27
2673,2674,0.9757262217097773,1,0,same_sequence_same_split,training/notflip/0046_000000015.jpg,training/notflip/0046_000000016.jpg,notflip__0046,notflip__0046,training,training,notflip,notflip,15,16
542,2706,0.9757246254508631,1,0,same_sequence_cross_split,testing/notflip/0047_000000024.jpg,training/notflip/0047_000000022.jpg,notflip__0047,notflip__0047,testing,training,notflip,notflip,24,22
2220,2222,0.9756977216555621,2,0,same_sequence_same_split,training/notflip/0027_000000009.jpg,training/notflip/0027_000000012.jpg,notflip__0027,notflip__0027,training,training,notflip,notflip,9,12
361,2070,0.9756833560141471,2,0,same_sequence_cross_split,testing/notflip/0016_000000020.jpg,training/notflip/0016_000000018.jpg,notflip__0016,notflip__0016,testing,training,notflip,notflip,20,18
559,2796,0.9756422875518076,1,0,same_sequence_cross_split,testing/notflip/0051_000000012.jpg,training/notflip/0051_000000010.jpg,notflip__0051,notflip__0051,testing,training,notflip,notflip,12,10
536,537,0.9756107470399795,0,0,same_sequence_same_split,testing/notflip/0046_000000011.jpg,testing/notflip/0046_000000012.jpg,notflip__0046,notflip__0046,testing,testing,notflip,notflip,11,12
524,2627,0.975595689396952,1,2,same_sequence_cross_split,testing/notflip/0044_000000014.jpg,training/notflip/0044_000000016.jpg,notflip__0044,notflip__0044,testing,training,notflip,notflip,14,16
450,2375,0.9755915252479349,3,0,same_sequence_cross_split,testing/notflip/0033_000000025.jpg,training/notflip/0033_000000030.jpg,notflip__0033,notflip__0033,testing,training,notflip,notflip,25,30
300,302,0.9755790161109225,0,0,same_sequence_same_split,testing/notflip/0002_000000026.jpg,testing/notflip/0002_000000028.jpg,notflip__0002,notflip__0002,testing,testing,notflip,notflip,26,28
2527,2530,0.9755378441227824,3,0,same_sequence_same_split,training/notflip/0040_000000019.jpg,training/notflip/0040_000000022.jpg,notflip__0040,notflip__0040,training,training,notflip,notflip,19,22
1347,1348,0.9755190199768066,3,0,same_sequence_same_split,training/flip/0044_000000004.jpg,training/flip/0044_000000005.jpg,flip__0044,flip__0044,training,training,flip,flip,4,5
449,2368,0.9754909731234938,3,2,same_sequence_cross_split,testing/notflip/0033_000000019.jpg,training/notflip/0033_000000021.jpg,notflip__0033,notflip__0033,testing,training,notflip,notflip,19,21
2983,2984,0.9754798598946589,1,0,same_sequence_same_split,training/notflip/0058_000000024.jpg,training/notflip/0058_000000026.jpg,notflip__0058,notflip__0058,training,training,notflip,notflip,24,26
2105,2107,0.9754791560782029,2,2,same_sequence_same_split,training/notflip/0020_000000009.jpg,training/notflip/0020_000000012.jpg,notflip__0020,notflip__0020,training,training,notflip,notflip,9,12
2629,2632,0.9754772148744482,2,0,same_sequence_same_split,training/notflip/0044_000000018.jpg,training/notflip/0044_000000021.jpg,notflip__0044,notflip__0044,training,training,notflip,notflip,18,21
383,384,0.975472115522969,3,0,same_sequence_same_split,testing/notflip/0024_000000004.jpg,testing/notflip/0024_000000006.jpg,notflip__0024,notflip__0024,testing,testing,notflip,notflip,4,6
2486,2487,0.9754403521413151,1,0,same_sequence_same_split,training/notflip/0038_000000025.jpg,training/notflip/0038_000000026.jpg,notflip__0038,notflip__0038,training,training,notflip,notflip,25,26
2853,2854,0.9754126464574187,0,0,same_sequence_same_split,training/notflip/0053_000000018.jpg,training/notflip/0053_000000019.jpg,notflip__0053,notflip__0053,training,training,notflip,notflip,18,19
2419,2420,0.9754011233786489,2,0,same_sequence_same_split,training/notflip/0035_000000022.jpg,training/notflip/0035_000000023.jpg,notflip__0035,notflip__0035,training,training,notflip,notflip,22,23
407,2221,0.975353403957208,2,0,same_sequence_cross_split,testing/notflip/0027_000000013.jpg,training/notflip/0027_000000011.jpg,notflip__0027,notflip__0027,testing,training,notflip,notflip,13,11
2578,2580,0.9753082477005257,2,2,same_sequence_same_split,training/notflip/0042_000000018.jpg,training/notflip/0042_000000020.jpg,notflip__0042,notflip__0042,training,training,notflip,notflip,18,20
2424,2428,0.9753011784802564,1,0,same_sequence_same_split,training/notflip/0035_000000028.jpg,training/notflip/0035_000000032.jpg,notflip__0035,notflip__0035,training,training,notflip,notflip,28,32
429,2303,0.9752865822105917,1,2,same_sequence_cross_split,testing/notflip/0030_000000028.jpg,training/notflip/0030_000000025.jpg,notflip__0030,notflip__0030,testing,training,notflip,notflip,28,25
524,2626,0.9752847024642046,2,0,same_sequence_cross_split,testing/notflip/0044_000000014.jpg,training/notflip/0044_000000015.jpg,notflip__0044,notflip__0044,testing,training,notflip,notflip,14,15
2629,2633,0.975270132841419,2,0,same_sequence_same_split,training/notflip/0044_000000018.jpg,training/notflip/0044_000000022.jpg,notflip__0044,notflip__0044,training,training,notflip,notflip,18,22
376,2118,0.9752698760375709,0,2,same_sequence_cross_split,testing/notflip/0021_000000026.jpg,training/notflip/0021_000000023.jpg,notflip__0021,notflip__0021,testing,training,notflip,notflip,26,23
272,1693,0.9752625716219129,3,2,same_sequence_cross_split,testing/flip/0062_000000003.jpg,training/flip/0062_000000001.jpg,flip__0062,flip__0062,testing,training,flip,flip,3,1
2398,2399,0.9752573426503487,3,2,same_sequence_same_split,training/notflip/0034_000000026.jpg,training/notflip/0034_000000027.jpg,notflip__0034,notflip__0034,training,training,notflip,notflip,26,27
1099,1101,0.9752228862123965,1,0,same_sequence_same_split,training/flip/0029_000000001.jpg,training/flip/0029_000000003.jpg,flip__0029,flip__0029,training,training,flip,flip,1,3
2830,2831,0.9751855888660017,1,0,same_sequence_same_split,training/notflip/0052_000000018.jpg,training/notflip/0052_000000019.jpg,notflip__0052,notflip__0052,training,training,notflip,notflip,18,19
322,323,0.9751449925996937,0,0,same_sequence_same_split,testing/notflip/0006_000000015.jpg,testing/notflip/0006_000000016.jpg,notflip__0006,notflip__0006,testing,testing,notflip,notflip,15,16
2702,2705,0.9751236625418274,0,2,same_sequence_same_split,training/notflip/0047_000000018.jpg,training/notflip/0047_000000021.jpg,notflip__0047,notflip__0047,training,training,notflip,notflip,18,21
345,1964,0.9751174884975834,0,0,same_sequence_cross_split,testing/notflip/0009_000000017.jpg,training/notflip/0009_000000016.jpg,notflip__0009,notflip__0009,testing,training,notflip,notflip,17,16
2366,2367,0.9751108376193901,1,2,same_sequence_same_split,training/notflip/0033_000000018.jpg,training/notflip/0033_000000020.jpg,notflip__0033,notflip__0033,training,training,notflip,notflip,18,20
521,522,0.9750982863976516,2,0,same_sequence_same_split,testing/notflip/0043_000000024.jpg,testing/notflip/0043_000000026.jpg,notflip__0043,notflip__0043,testing,testing,notflip,notflip,24,26
421,2284,0.9750887632495859,1,2,same_sequence_cross_split,testing/notflip/0029_000000025.jpg,training/notflip/0029_000000029.jpg,notflip__0029,notflip__0029,testing,training,notflip,notflip,25,29
2529,2531,0.9750818741765066,3,0,same_sequence_same_split,training/notflip/0040_000000021.jpg,training/notflip/0040_000000023.jpg,notflip__0040,notflip__0040,training,training,notflip,notflip,21,23
2630,2633,0.975071167466645,0,0,same_sequence_same_split,training/notflip/0044_000000019.jpg,training/notflip/0044_000000022.jpg,notflip__0044,notflip__0044,training,training,notflip,notflip,19,22
460,2427,0.9750632761585465,2,4,same_sequence_cross_split,testing/notflip/0035_000000026.jpg,training/notflip/0035_000000031.jpg,notflip__0035,notflip__0035,testing,training,notflip,notflip,26,31
2254,2255,0.9750560889401706,1,2,same_sequence_same_split,training/notflip/0028_000000019.jpg,training/notflip/0028_000000020.jpg,notflip__0028,notflip__0028,training,training,notflip,notflip,19,20
2583,2584,0.9750316781293957,0,0,same_sequence_same_split,training/notflip/0042_000000025.jpg,training/notflip/0042_000000026.jpg,notflip__0042,notflip__0042,training,training,notflip,notflip,25,26
2857,2858,0.975024264663639,1,0,same_sequence_same_split,training/notflip/0053_000000022.jpg,training/notflip/0053_000000023.jpg,notflip__0053,notflip__0053,training,training,notflip,notflip,22,23
378,2140,0.9749608210851957,1,4,same_sequence_cross_split,testing/notflip/0023_000000020.jpg,training/notflip/0023_000000022.jpg,notflip__0023,notflip__0023,testing,training,notflip,notflip,20,22
308,1833,0.974960249601995,2,0,same_sequence_cross_split,testing/notflip/0004_000000004.jpg,training/notflip/0004_000000003.jpg,notflip__0004,notflip__0004,testing,training,notflip,notflip,4,3
2002,2003,0.9749336874775164,0,0,same_sequence_same_split,training/notflip/0010_000000029.jpg,training/notflip/0010_000000030.jpg,notflip__0010,notflip__0010,training,training,notflip,notflip,29,30
2422,2424,0.9749039896521805,0,2,same_sequence_same_split,training/notflip/0035_000000025.jpg,training/notflip/0035_000000028.jpg,notflip__0035,notflip__0035,training,training,notflip,notflip,25,28
299,1792,0.9749006497104215,2,0,same_sequence_cross_split,testing/notflip/0002_000000015.jpg,training/notflip/0002_000000013.jpg,notflip__0002,notflip__0002,testing,training,notflip,notflip,15,13
546,547,0.9748701086482043,1,0,same_sequence_same_split,testing/notflip/0048_000000025.jpg,testing/notflip/0048_000000026.jpg,notflip__0048,notflip__0048,testing,testing,notflip,notflip,25,26
2372,2375,0.9748682347434295,3,0,same_sequence_same_split,training/notflip/0033_000000026.jpg,training/notflip/0033_000000030.jpg,notflip__0033,notflip__0033,training,training,notflip,notflip,26,30
1917,1919,0.9748425159529279,0,0,same_sequence_same_split,training/notflip/0007_000000016.jpg,training/notflip/0007_000000018.jpg,notflip__0007,notflip__0007,training,training,notflip,notflip,16,18
574,2885,0.9748239042351975,0,2,same_sequence_cross_split,testing/notflip/0054_000000027.jpg,training/notflip/0054_000000024.jpg,notflip__0054,notflip__0054,testing,training,notflip,notflip,27,24
185,1317,0.9748024943328071,1,2,same_sequence_cross_split,testing/flip/0042_000000004.jpg,training/flip/0042_000000005.jpg,flip__0042,flip__0042,testing,training,flip,flip,4,5
2570,2571,0.9748012926123498,2,4,same_sequence_same_split,training/notflip/0042_000000009.jpg,training/notflip/0042_000000010.jpg,notflip__0042,notflip__0042,training,training,notflip,notflip,9,10
2422,2425,0.9747770096708561,2,2,same_sequence_same_split,training/notflip/0035_000000025.jpg,training/notflip/0035_000000029.jpg,notflip__0035,notflip__0035,training,training,notflip,notflip,25,29
322,1895,0.9747769729291947,0,0,same_sequence_cross_split,testing/notflip/0006_000000015.jpg,training/notflip/0006_000000014.jpg,notflip__0006,notflip__0006,testing,training,notflip,notflip,15,14
1892,1893,0.9747545506905102,0,0,same_sequence_same_split,training/notflip/0006_000000011.jpg,training/notflip/0006_000000012.jpg,notflip__0006,notflip__0006,training,training,notflip,notflip,11,12
343,1961,0.974753760372298,1,2,same_sequence_cross_split,testing/notflip/0009_000000012.jpg,training/notflip/0009_000000011.jpg,notflip__0009,notflip__0009,testing,training,notflip,notflip,12,11
448,2364,0.9747531049728961,0,2,same_sequence_cross_split,testing/notflip/0033_000000015.jpg,training/notflip/0033_000000016.jpg,notflip__0033,notflip__0033,testing,training,notflip,notflip,15,16
2082,2083,0.9747508496957333,0,0,same_sequence_same_split,training/notflip/0019_000000010.jpg,training/notflip/0019_000000011.jpg,notflip__0019,notflip__0019,training,training,notflip,notflip,10,11
2392,2393,0.9747327974300684,2,0,same_sequence_same_split,training/notflip/0034_000000019.jpg,training/notflip/0034_000000020.jpg,notflip__0034,notflip__0034,training,training,notflip,notflip,19,20
2675,2677,0.9746888177695945,1,0,same_sequence_same_split,training/notflip/0046_000000017.jpg,training/notflip/0046_000000019.jpg,notflip__0046,notflip__0046,training,training,notflip,notflip,17,19
1812,1813,0.9746877425777529,2,0,same_sequence_same_split,training/notflip/0003_000000008.jpg,training/notflip/0003_000000009.jpg,notflip__0003,notflip__0003,training,training,notflip,notflip,8,9
1950,1952,0.9746530548931255,0,0,same_sequence_same_split,training/notflip/0008_000000026.jpg,training/notflip/0008_000000028.jpg,notflip__0008,notflip__0008,training,training,notflip,notflip,26,28
2470,2471,0.9746187498630126,1,0,same_sequence_same_split,training/notflip/0038_000000001.jpg,training/notflip/0038_000000002.jpg,notflip__0038,notflip__0038,training,training,notflip,notflip,1,2
2094,2095,0.9746186456517009,0,0,same_sequence_same_split,training/notflip/0019_000000026.jpg,training/notflip/0019_000000028.jpg,notflip__0019,notflip__0019,training,training,notflip,notflip,26,28
18,689,0.9746146049526294,3,0,same_sequence_cross_split,testing/flip/0006_000000001.jpg,training/flip/0006_000000003.jpg,flip__0006,flip__0006,testing,training,flip,flip,1,3
2879,2880,0.9745985504656739,0,0,same_sequence_same_split,training/notflip/0054_000000016.jpg,training/notflip/0054_000000017.jpg,notflip__0054,notflip__0054,training,training,notflip,notflip,16,17
1244,1245,0.9745359481308314,1,0,same_sequence_same_split,training/flip/0038_000000028.jpg,training/flip/0038_000000029.jpg,flip__0038,flip__0038,training,training,flip,flip,28,29
467,468,0.9745098386535036,3,0,same_sequence_same_split,testing/notflip/0036_000000028.jpg,testing/notflip/0036_000000030.jpg,notflip__0036,notflip__0036,testing,testing,notflip,notflip,28,30
1934,1935,0.9745033772799302,1,0,same_sequence_same_split,training/notflip/0008_000000004.jpg,training/notflip/0008_000000005.jpg,notflip__0008,notflip__0008,training,training,notflip,notflip,4,5
2985,2986,0.9744956366561217,0,0,same_sequence_same_split,training/notflip/0058_000000027.jpg,training/notflip/0058_000000028.jpg,notflip__0058,notflip__0058,training,training,notflip,notflip,27,28
2627,2630,0.9744566924644402,1,0,same_sequence_same_split,training/notflip/0044_000000016.jpg,training/notflip/0044_000000019.jpg,notflip__0044,notflip__0044,training,training,notflip,notflip,16,19
2150,2152,0.9744218381239883,3,2,same_sequence_same_split,training/notflip/0024_000000009.jpg,training/notflip/0024_000000011.jpg,notflip__0024,notflip__0024,training,training,notflip,notflip,9,11
1923,1924,0.9743939626070925,2,2,same_sequence_same_split,training/notflip/0007_000000022.jpg,training/notflip/0007_000000023.jpg,notflip__0007,notflip__0007,training,training,notflip,notflip,22,23
2207,2208,0.9743122916293152,0,0,same_sequence_same_split,training/notflip/0026_000000022.jpg,training/notflip/0026_000000023.jpg,notflip__0026,notflip__0026,training,training,notflip,notflip,22,23
421,2285,0.9743096102608497,1,2,same_sequence_cross_split,testing/notflip/0029_000000025.jpg,training/notflip/0029_000000030.jpg,notflip__0029,notflip__0029,testing,training,notflip,notflip,25,30
2258,2259,0.974241552771387,1,0,same_sequence_same_split,training/notflip/0028_000000023.jpg,training/notflip/0028_000000025.jpg,notflip__0028,notflip__0028,training,training,notflip,notflip,23,25
27,711,0.9742235993544727,1,0,same_sequence_cross_split,testing/flip/0007_000000008.jpg,training/flip/0007_000000007.jpg,flip__0007,flip__0007,testing,training,flip,flip,8,7
394,2181,0.9742205639035559,1,0,same_sequence_cross_split,testing/notflip/0025_000000018.jpg,training/notflip/0025_000000019.jpg,notflip__0025,notflip__0025,testing,training,notflip,notflip,18,19
6,627,0.974206455691567,2,2,same_sequence_cross_split,testing/flip/0003_000000008.jpg,training/flip/0003_000000009.jpg,flip__0003,flip__0003,testing,training,flip,flip,8,9
382,2146,0.9741932352468019,1,2,same_sequence_cross_split,testing/notflip/0024_000000002.jpg,training/notflip/0024_000000001.jpg,notflip__0024,notflip__0024,testing,training,notflip,notflip,2,1
2441,2443,0.9741883699669551,2,2,same_sequence_same_split,training/notflip/0036_000000017.jpg,training/notflip/0036_000000019.jpg,notflip__0036,notflip__0036,training,training,notflip,notflip,17,19
626,627,0.9741747344406577,2,2,same_sequence_same_split,training/flip/0003_000000007.jpg,training/flip/0003_000000009.jpg,flip__0003,flip__0003,training,training,flip,flip,7,9
1951,1954,0.9741659261429272,0,0,same_sequence_same_split,training/notflip/0008_000000027.jpg,training/notflip/0008_000000030.jpg,notflip__0008,notflip__0008,training,training,notflip,notflip,27,30
1593,1594,0.9741288785723836,4,2,same_sequence_same_split,training/flip/0058_000000011.jpg,training/flip/0058_000000012.jpg,flip__0058,flip__0058,training,training,flip,flip,11,12
2219,2221,0.9740927704382242,0,2,same_sequence_same_split,training/notflip/0027_000000008.jpg,training/notflip/0027_000000011.jpg,notflip__0027,notflip__0027,training,training,notflip,notflip,8,11
1914,1915,0.9740768781811335,0,0,same_sequence_same_split,training/notflip/0007_000000013.jpg,training/notflip/0007_000000014.jpg,notflip__0007,notflip__0007,training,training,notflip,notflip,13,14
1594,1595,0.9740221637415403,2,0,same_sequence_same_split,training/flip/0058_000000012.jpg,training/flip/0058_000000013.jpg,flip__0058,flip__0058,training,training,flip,flip,12,13
1853,1856,0.9740219336515241,2,0,same_sequence_same_split,training/notflip/0004_000000031.jpg,training/notflip/0004_000000034.jpg,notflip__0004,notflip__0004,training,training,notflip,notflip,31,34
593,594,0.9739412582088408,0,0,same_sequence_same_split,testing/notflip/0058_000000018.jpg,testing/notflip/0058_000000020.jpg,notflip__0058,notflip__0058,testing,testing,notflip,notflip,18,20
871,872,0.9738935648225002,2,2,same_sequence_same_split,training/flip/0015_000000002.jpg,training/flip/0015_000000003.jpg,flip__0015,flip__0015,training,training,flip,flip,2,3
2276,2277,0.9738802611502331,1,4,same_sequence_same_split,training/notflip/0029_000000020.jpg,training/notflip/0029_000000021.jpg,notflip__0029,notflip__0029,training,training,notflip,notflip,20,21
2434,2435,0.9738708728878889,2,0,same_sequence_same_split,training/notflip/0036_000000009.jpg,training/notflip/0036_000000010.jpg,notflip__0036,notflip__0036,training,training,notflip,notflip,9,10
366,2082,0.9738687994519569,0,0,same_sequence_cross_split,testing/notflip/0019_000000012.jpg,training/notflip/0019_000000010.jpg,notflip__0019,notflip__0019,testing,training,notflip,notflip,12,10
2932,2934,0.9738452089803711,0,0,same_sequence_same_split,training/notflip/0056_000000019.jpg,training/notflip/0056_000000021.jpg,notflip__0056,notflip__0056,training,training,notflip,notflip,19,21
2698,2700,0.9738044653541612,2,2,same_sequence_same_split,training/notflip/0047_000000014.jpg,training/notflip/0047_000000016.jpg,notflip__0047,notflip__0047,training,training,notflip,notflip,14,16
1852,1855,0.9737952764535444,3,0,same_sequence_same_split,training/notflip/0004_000000030.jpg,training/notflip/0004_000000033.jpg,notflip__0004,notflip__0004,training,training,notflip,notflip,30,33
1991,1992,0.9737945663598088,1,0,same_sequence_same_split,training/notflip/0010_000000017.jpg,training/notflip/0010_000000018.jpg,notflip__0010,notflip__0010,training,training,notflip,notflip,17,18
379,2141,0.9737854127363927,1,2,same_sequence_cross_split,testing/notflip/0023_000000024.jpg,training/notflip/0023_000000023.jpg,notflip__0023,notflip__0023,testing,training,notflip,notflip,24,23
554,2757,0.9737749861232434,2,0,same_sequence_cross_split,testing/notflip/0049_000000026.jpg,training/notflip/0049_000000025.jpg,notflip__0049,notflip__0049,testing,training,notflip,notflip,26,25
2791,2792,0.9737696985280977,1,0,same_sequence_same_split,training/notflip/0051_000000005.jpg,training/notflip/0051_000000006.jpg,notflip__0051,notflip__0051,training,training,notflip,notflip,5,6
2103,2104,0.9737657686954319,1,0,same_sequence_same_split,training/notflip/0020_000000007.jpg,training/notflip/0020_000000008.jpg,notflip__0020,notflip__0020,training,training,notflip,notflip,7,8
2281,2285,0.9737646293129101,0,0,same_sequence_same_split,training/notflip/0029_000000026.jpg,training/notflip/0029_000000030.jpg,notflip__0029,notflip__0029,training,training,notflip,notflip,26,30
2835,2836,0.9737618197762189,0,0,same_sequence_same_split,training/notflip/0052_000000024.jpg,training/notflip/0052_000000025.jpg,notflip__0052,notflip__0052,training,training,notflip,notflip,24,25
366,2089,0.9737614913840495,1,0,same_sequence_cross_split,testing/notflip/0019_000000012.jpg,training/notflip/0019_000000019.jpg,notflip__0019,notflip__0019,testing,training,notflip,notflip,12,19
373,2112,0.9737548313474028,0,0,same_sequence_cross_split,testing/notflip/0020_000000016.jpg,training/notflip/0020_000000018.jpg,notflip__0020,notflip__0020,testing,training,notflip,notflip,16,18
2529,2532,0.9737357496918009,4,0,same_sequence_same_split,training/notflip/0040_000000021.jpg,training/notflip/0040_000000024.jpg,notflip__0040,notflip__0040,training,training,notflip,notflip,21,24
538,539,0.9736408754005172,3,2,same_sequence_same_split,testing/notflip/0046_000000027.jpg,testing/notflip/0046_000000028.jpg,notflip__0046,notflip__0046,testing,testing,notflip,notflip,27,28
2179,2180,0.973626231307315,1,0,same_sequence_same_split,training/notflip/0025_000000016.jpg,training/notflip/0025_000000017.jpg,notflip__0025,notflip__0025,training,training,notflip,notflip,16,17
2393,2394,0.9736235033383165,1,0,same_sequence_same_split,training/notflip/0034_000000020.jpg,training/notflip/0034_000000021.jpg,notflip__0034,notflip__0034,training,training,notflip,notflip,20,21
535,2664,0.9736227910422014,0,0,same_sequence_cross_split,testing/notflip/0046_000000003.jpg,training/notflip/0046_000000004.jpg,notflip__0046,notflip__0046,testing,training,notflip,notflip,3,4
2905,2909,0.9735885919084344,0,0,same_sequence_same_split,training/notflip/0055_000000018.jpg,training/notflip/0055_000000022.jpg,notflip__0055,notflip__0055,training,training,notflip,notflip,18,22
2678,2679,0.9735883571988072,2,0,same_sequence_same_split,training/notflip/0046_000000020.jpg,training/notflip/0046_000000021.jpg,notflip__0046,notflip__0046,training,training,notflip,notflip,20,21
2722,2723,0.9735614564042078,2,0,same_sequence_same_split,training/notflip/0048_000000011.jpg,training/notflip/0048_000000012.jpg,notflip__0048,notflip__0048,training,training,notflip,notflip,11,12
509,2556,0.973526399330669,0,2,same_sequence_cross_split,testing/notflip/0041_000000028.jpg,training/notflip/0041_000000026.jpg,notflip__0041,notflip__0041,testing,training,notflip,notflip,28,26
2387,2388,0.9735108888428123,0,0,same_sequence_same_split,training/notflip/0034_000000013.jpg,training/notflip/0034_000000014.jpg,notflip__0034,notflip__0034,training,training,notflip,notflip,13,14
2559,2560,0.9735035943568575,0,0,same_sequence_same_split,training/notflip/0041_000000030.jpg,training/notflip/0041_000000031.jpg,notflip__0041,notflip__0041,training,training,notflip,notflip,30,31
1891,1892,0.973476030412962,0,0,same_sequence_same_split,training/notflip/0006_000000010.jpg,training/notflip/0006_000000011.jpg,notflip__0006,notflip__0006,training,training,notflip,notflip,10,11
1958,1959,0.9734172838589594,0,2,same_sequence_same_split,training/notflip/0009_000000008.jpg,training/notflip/0009_000000009.jpg,notflip__0009,notflip__0009,training,training,notflip,notflip,8,9
2977,2978,0.9734076251370283,0,0,same_sequence_same_split,training/notflip/0058_000000015.jpg,training/notflip/0058_000000016.jpg,notflip__0058,notflip__0058,training,training,notflip,notflip,15,16
1959,1960,0.9734025882226744,0,0,same_sequence_same_split,training/notflip/0009_000000009.jpg,training/notflip/0009_000000010.jpg,notflip__0009,notflip__0009,training,training,notflip,notflip,9,10
478,2465,0.9733946487841306,2,0,same_sequence_cross_split,testing/notflip/0037_000000025.jpg,training/notflip/0037_000000024.jpg,notflip__0037,notflip__0037,testing,training,notflip,notflip,25,24
555,2758,0.9733616504049794,1,0,same_sequence_cross_split,testing/notflip/0049_000000028.jpg,training/notflip/0049_000000027.jpg,notflip__0049,notflip__0049,testing,training,notflip,notflip,28,27
450,2374,0.9733466428540306,1,0,same_sequence_cross_split,testing/notflip/0033_000000025.jpg,training/notflip/0033_000000029.jpg,notflip__0033,notflip__0033,testing,training,notflip,notflip,25,29
1694,1695,0.9733319657106482,3,2,same_sequence_same_split,training/flip/0062_000000002.jpg,training/flip/0062_000000004.jpg,flip__0062,flip__0062,training,training,flip,flip,2,4
2533,2535,0.9733284995792238,0,0,same_sequence_same_split,training/notflip/0040_000000025.jpg,training/notflip/0040_000000027.jpg,notflip__0040,notflip__0040,training,training,notflip,notflip,25,27
1132,1133,0.9733094075629268,1,0,same_sequence_same_split,training/flip/0030_000000023.jpg,training/flip/0030_000000024.jpg,flip__0030,flip__0030,training,training,flip,flip,23,24
2544,2545,0.9733048812804315,2,0,same_sequence_same_split,training/notflip/0041_000000009.jpg,training/notflip/0041_000000010.jpg,notflip__0041,notflip__0041,training,training,notflip,notflip,9,10
559,2795,0.973288358506283,2,0,same_sequence_cross_split,testing/notflip/0051_000000012.jpg,training/notflip/0051_000000009.jpg,notflip__0051,notflip__0051,testing,training,notflip,notflip,12,9
2282,2284,0.9732731771711998,1,0,same_sequence_same_split,training/notflip/0029_000000027.jpg,training/notflip/0029_000000029.jpg,notflip__0029,notflip__0029,training,training,notflip,notflip,27,29
2110,2111,0.9732627025695,0,2,same_sequence_same_split,training/notflip/0020_000000015.jpg,training/notflip/0020_000000017.jpg,notflip__0020,notflip__0020,training,training,notflip,notflip,15,17
2369,2370,0.9732534326073876,3,2,same_sequence_same_split,training/notflip/0033_000000022.jpg,training/notflip/0033_000000023.jpg,notflip__0033,notflip__0033,training,training,notflip,notflip,22,23
2705,2709,0.973251276772332,1,0,same_sequence_same_split,training/notflip/0047_000000021.jpg,training/notflip/0047_000000027.jpg,notflip__0047,notflip__0047,training,training,notflip,notflip,21,27
2000,2001,0.9732164858255945,1,2,same_sequence_same_split,training/notflip/0010_000000027.jpg,training/notflip/0010_000000028.jpg,notflip__0010,notflip__0010,training,training,notflip,notflip,27,28
466,2446,0.9731889714263089,0,2,same_sequence_cross_split,testing/notflip/0036_000000025.jpg,training/notflip/0036_000000023.jpg,notflip__0036,notflip__0036,testing,training,notflip,notflip,25,23
503,2541,0.973185680436508,0,0,same_sequence_cross_split,testing/notflip/0041_000000006.jpg,training/notflip/0041_000000005.jpg,notflip__0041,notflip__0041,testing,training,notflip,notflip,6,5
2417,2418,0.9731819368849504,4,0,same_sequence_same_split,training/notflip/0035_000000020.jpg,training/notflip/0035_000000021.jpg,notflip__0035,notflip__0035,training,training,notflip,notflip,20,21
2461,2463,0.9731104825800637,0,0,same_sequence_same_split,training/notflip/0037_000000020.jpg,training/notflip/0037_000000022.jpg,notflip__0037,notflip__0037,training,training,notflip,notflip,20,22
192,1347,0.9730976144140668,3,2,same_sequence_cross_split,testing/flip/0044_000000003.jpg,training/flip/0044_000000004.jpg,flip__0044,flip__0044,testing,training,flip,flip,3,4
1586,1587,0.973076461903649,1,0,same_sequence_same_split,training/flip/0058_000000001.jpg,training/flip/0058_000000002.jpg,flip__0058,flip__0058,training,training,flip,flip,1,2
2700,2705,0.9730703837097691,1,2,same_sequence_same_split,training/notflip/0047_000000016.jpg,training/notflip/0047_000000021.jpg,notflip__0047,notflip__0047,training,training,notflip,notflip,16,21
1913,1914,0.9730315047595505,1,0,same_sequence_same_split,training/notflip/0007_000000012.jpg,training/notflip/0007_000000013.jpg,notflip__0007,notflip__0007,training,training,notflip,notflip,12,13
2880,2882,0.9730252519719744,0,2,same_sequence_same_split,training/notflip/0054_000000017.jpg,training/notflip/0054_000000019.jpg,notflip__0054,notflip__0054,training,training,notflip,notflip,17,19
2488,2491,0.9730178442817067,3,0,same_sequence_same_split,training/notflip/0038_000000027.jpg,training/notflip/0038_000000030.jpg,notflip__0038,notflip__0038,training,training,notflip,notflip,27,30
2447,2448,0.972998896881157,1,2,same_sequence_same_split,training/notflip/0036_000000024.jpg,training/notflip/0036_000000026.jpg,notflip__0036,notflip__0036,training,training,notflip,notflip,24,26
295,1786,0.9729883240547246,0,0,same_sequence_cross_split,testing/notflip/0002_000000003.jpg,training/notflip/0002_000000004.jpg,notflip__0002,notflip__0002,testing,training,notflip,notflip,3,4
426,428,0.9729867830766273,1,0,same_sequence_same_split,testing/notflip/0030_000000022.jpg,testing/notflip/0030_000000024.jpg,notflip__0030,notflip__0030,testing,testing,notflip,notflip,22,24
427,428,0.972975767588797,1,0,same_sequence_same_split,testing/notflip/0030_000000023.jpg,testing/notflip/0030_000000024.jpg,notflip__0030,notflip__0030,testing,testing,notflip,notflip,23,24
2634,2636,0.9729481061905041,2,0,same_sequence_same_split,training/notflip/0044_000000023.jpg,training/notflip/0044_000000025.jpg,notflip__0044,notflip__0044,training,training,notflip,notflip,23,25
2007,2008,0.9729018556597013,1,0,same_sequence_same_split,training/notflip/0011_000000004.jpg,training/notflip/0011_000000005.jpg,notflip__0011,notflip__0011,training,training,notflip,notflip,4,5
1931,1932,0.972898078422953,0,0,same_sequence_same_split,training/notflip/0008_000000001.jpg,training/notflip/0008_000000002.jpg,notflip__0008,notflip__0008,training,training,notflip,notflip,1,2
455,2401,0.9728930907175567,1,0,same_sequence_cross_split,testing/notflip/0034_000000030.jpg,training/notflip/0034_000000029.jpg,notflip__0034,notflip__0034,testing,training,notflip,notflip,30,29
2631,2634,0.9728899353679672,2,2,same_sequence_same_split,training/notflip/0044_000000020.jpg,training/notflip/0044_000000023.jpg,notflip__0044,notflip__0044,training,training,notflip,notflip,20,23
2626,2630,0.9728479802067115,2,2,same_sequence_same_split,training/notflip/0044_000000015.jpg,training/notflip/0044_000000019.jpg,notflip__0044,notflip__0044,training,training,notflip,notflip,15,19
27,712,0.9728186366321454,1,2,same_sequence_cross_split,testing/flip/0007_000000008.jpg,training/flip/0007_000000009.jpg,flip__0007,flip__0007,testing,training,flip,flip,8,9
486,2485,0.9727022226440049,1,2,same_sequence_cross_split,testing/notflip/0038_000000022.jpg,training/notflip/0038_000000024.jpg,notflip__0038,notflip__0038,testing,training,notflip,notflip,22,24
254,1636,0.9726751083988997,1,2,same_sequence_cross_split,testing/flip/0060_000000004.jpg,training/flip/0060_000000003.jpg,flip__0060,flip__0060,testing,training,flip,flip,4,3
459,2414,0.9726683460128573,2,2,same_sequence_cross_split,testing/notflip/0035_000000016.jpg,training/notflip/0035_000000017.jpg,notflip__0035,notflip__0035,testing,training,notflip,notflip,16,17
245,1589,0.9726628948387067,1,2,same_sequence_cross_split,testing/flip/0058_000000006.jpg,training/flip/0058_000000007.jpg,flip__0058,flip__0058,testing,training,flip,flip,6,7
366,2083,0.9726586931659892,0,0,same_sequence_cross_split,testing/notflip/0019_000000012.jpg,training/notflip/0019_000000011.jpg,notflip__0019,notflip__0019,testing,training,notflip,notflip,12,11
583,2935,0.9726441684606224,1,0,same_sequence_cross_split,testing/notflip/0056_000000024.jpg,training/notflip/0056_000000023.jpg,notflip__0056,notflip__0056,testing,training,notflip,notflip,24,23
2449,2450,0.9726114388008675,2,0,same_sequence_same_split,training/notflip/0036_000000027.jpg,training/notflip/0036_000000029.jpg,notflip__0036,notflip__0036,training,training,notflip,notflip,27,29
65,66,0.9725998222972413,0,2,same_sequence_same_split,testing/flip/0014_000000003.jpg,testing/flip/0014_000000004.jpg,flip__0014,flip__0014,testing,testing,flip,flip,3,4
2707,2709,0.9725773520661842,0,0,same_sequence_same_split,training/notflip/0047_000000023.jpg,training/notflip/0047_000000027.jpg,notflip__0047,notflip__0047,training,training,notflip,notflip,23,27
2805,2807,0.9725487878144304,1,0,same_sequence_same_split,training/notflip/0051_000000020.jpg,training/notflip/0051_000000022.jpg,notflip__0051,notflip__0051,training,training,notflip,notflip,20,22
419,420,0.9725245197340752,0,0,same_sequence_same_split,testing/notflip/0029_000000018.jpg,testing/notflip/0029_000000019.jpg,notflip__0029,notflip__0029,testing,testing,notflip,notflip,18,19
2084,2085,0.9724830327371662,0,2,same_sequence_same_split,training/notflip/0019_000000013.jpg,training/notflip/0019_000000014.jpg,notflip__0019,notflip__0019,training,training,notflip,notflip,13,14
547,2734,0.9724475860877474,3,0,same_sequence_cross_split,testing/notflip/0048_000000026.jpg,training/notflip/0048_000000024.jpg,notflip__0048,notflip__0048,testing,training,notflip,notflip,26,24
2751,2754,0.972421899527377,1,0,same_sequence_same_split,training/notflip/0049_000000017.jpg,training/notflip/0049_000000021.jpg,notflip__0049,notflip__0049,training,training,notflip,notflip,17,21
2554,2557,0.9723965160767043,1,0,same_sequence_same_split,training/notflip/0041_000000024.jpg,training/notflip/0041_000000027.jpg,notflip__0041,notflip__0041,training,training,notflip,notflip,24,27
2084,2089,0.97236661030657,1,0,same_sequence_same_split,training/notflip/0019_000000013.jpg,training/notflip/0019_000000019.jpg,notflip__0019,notflip__0019,training,training,notflip,notflip,13,19
1794,1796,0.9723417725884103,1,0,same_sequence_same_split,training/notflip/0002_000000016.jpg,training/notflip/0002_000000018.jpg,notflip__0002,notflip__0002,training,training,notflip,notflip,16,18
2628,2631,0.972307146732621,1,0,same_sequence_same_split,training/notflip/0044_000000017.jpg,training/notflip/0044_000000020.jpg,notflip__0044,notflip__0044,training,training,notflip,notflip,17,20
406,407,0.9722948757971559,2,0,same_sequence_same_split,testing/notflip/0027_000000010.jpg,testing/notflip/0027_000000013.jpg,notflip__0027,notflip__0027,testing,testing,notflip,notflip,10,13
2705,2710,0.9722850047836394,1,0,same_sequence_same_split,training/notflip/0047_000000021.jpg,training/notflip/0047_000000028.jpg,notflip__0047,notflip__0047,training,training,notflip,notflip,21,28
500,2530,0.9722123415856844,4,0,same_sequence_cross_split,testing/notflip/0040_000000018.jpg,training/notflip/0040_000000022.jpg,notflip__0040,notflip__0040,testing,training,notflip,notflip,18,22
428,2302,0.9722093553003869,1,0,same_sequence_cross_split,testing/notflip/0030_000000024.jpg,training/notflip/0030_000000021.jpg,notflip__0030,notflip__0030,testing,training,notflip,notflip,24,21
2067,2068,0.9721824188717751,1,0,same_sequence_same_split,training/notflip/0016_000000015.jpg,training/notflip/0016_000000016.jpg,notflip__0016,notflip__0016,training,training,notflip,notflip,15,16
1082,1083,0.9721744955207777,0,2,same_sequence_same_split,training/flip/0028_000000009.jpg,training/flip/0028_000000010.jpg,flip__0028,flip__0028,training,training,flip,flip,9,10
577,2902,0.9721599703583317,2,2,same_sequence_cross_split,testing/notflip/0055_000000016.jpg,training/notflip/0055_000000014.jpg,notflip__0055,notflip__0055,testing,training,notflip,notflip,16,14
2366,2368,0.9721467662062682,3,2,same_sequence_same_split,training/notflip/0033_000000018.jpg,training/notflip/0033_000000021.jpg,notflip__0033,notflip__0033,training,training,notflip,notflip,18,21
2262,2263,0.9721393822550966,0,0,same_sequence_same_split,training/notflip/0028_000000028.jpg,training/notflip/0028_000000029.jpg,notflip__0028,notflip__0028,training,training,notflip,notflip,28,29
2881,2883,0.9721351791955678,0,2,same_sequence_same_split,training/notflip/0054_000000018.jpg,training/notflip/0054_000000021.jpg,notflip__0054,notflip__0054,training,training,notflip,notflip,18,21
298,299,0.9721118290565399,2,0,same_sequence_same_split,testing/notflip/0002_000000012.jpg,testing/notflip/0002_000000015.jpg,notflip__0002,notflip__0002,testing,testing,notflip,notflip,12,15
343,1962,0.9720826533874288,0,0,same_sequence_cross_split,testing/notflip/0009_000000012.jpg,training/notflip/0009_000000013.jpg,notflip__0009,notflip__0009,testing,training,notflip,notflip,12,13
1100,1102,0.972045475852478,2,2,same_sequence_same_split,training/flip/0029_000000002.jpg,training/flip/0029_000000004.jpg,flip__0029,flip__0029,training,training,flip,flip,2,4
2238,2239,0.9720136966456276,4,0,same_sequence_same_split,training/notflip/0028_000000002.jpg,training/notflip/0028_000000003.jpg,notflip__0028,notflip__0028,training,training,notflip,notflip,2,3
489,2512,0.971939438503577,0,2,same_sequence_cross_split,testing/notflip/0039_000000022.jpg,training/notflip/0039_000000023.jpg,notflip__0039,notflip__0039,testing,training,notflip,notflip,22,23
2255,2257,0.9719219725342808,2,0,same_sequence_same_split,training/notflip/0028_000000020.jpg,training/notflip/0028_000000022.jpg,notflip__0028,notflip__0028,training,training,notflip,notflip,20,22
2218,2220,0.971915680581353,2,2,same_sequence_same_split,training/notflip/0027_000000007.jpg,training/notflip/0027_000000009.jpg,notflip__0027,notflip__0027,training,training,notflip,notflip,7,9
574,2886,0.9719118769814252,1,0,same_sequence_cross_split,testing/notflip/0054_000000027.jpg,training/notflip/0054_000000025.jpg,notflip__0054,notflip__0054,testing,training,notflip,notflip,27,25
2217,2220,0.9719116539745268,2,2,same_sequence_same_split,training/notflip/0027_000000006.jpg,training/notflip/0027_000000009.jpg,notflip__0027,notflip__0027,training,training,notflip,notflip,6,9
506,2548,0.9719106904138984,1,2,same_sequence_cross_split,testing/notflip/0041_000000015.jpg,training/notflip/0041_000000016.jpg,notflip__0041,notflip__0041,testing,training,notflip,notflip,15,16
2937,2938,0.9719082994598066,0,0,same_sequence_same_split,training/notflip/0056_000000026.jpg,training/notflip/0056_000000028.jpg,notflip__0056,notflip__0056,training,training,notflip,notflip,26,28
2632,2635,0.9718834252218559,2,2,same_sequence_same_split,training/notflip/0044_000000021.jpg,training/notflip/0044_000000024.jpg,notflip__0044,notflip__0044,training,training,notflip,notflip,21,24
1933,1934,0.9718693035812886,3,0,same_sequence_same_split,training/notflip/0008_000000003.jpg,training/notflip/0008_000000004.jpg,notflip__0008,notflip__0008,training,training,notflip,notflip,3,4
308,1834,0.9717800992069169,1,2,same_sequence_cross_split,testing/notflip/0004_000000004.jpg,training/notflip/0004_000000005.jpg,notflip__0004,notflip__0004,testing,training,notflip,notflip,4,5
166,1242,0.9717737811442398,3,0,same_sequence_cross_split,testing/flip/0038_000000026.jpg,training/flip/0038_000000025.jpg,flip__0038,flip__0038,testing,training,flip,flip,26,25
505,2547,0.9717619843097943,2,2,same_sequence_cross_split,testing/notflip/0041_000000014.jpg,training/notflip/0041_000000013.jpg,notflip__0041,notflip__0041,testing,training,notflip,notflip,14,13
2862,2864,0.9717592880120566,1,0,same_sequence_same_split,training/notflip/0053_000000028.jpg,training/notflip/0053_000000030.jpg,notflip__0053,notflip__0053,training,training,notflip,notflip,28,30
2553,2557,0.9717456589171796,1,0,same_sequence_same_split,training/notflip/0041_000000023.jpg,training/notflip/0041_000000027.jpg,notflip__0041,notflip__0041,training,training,notflip,notflip,23,27
1920,1921,0.9717452880999863,1,0,same_sequence_same_split,training/notflip/0007_000000019.jpg,training/notflip/0007_000000020.jpg,notflip__0007,notflip__0007,training,training,notflip,notflip,19,20
2914,2917,0.971733276358177,0,2,same_sequence_same_split,training/notflip/0055_000000027.jpg,training/notflip/0055_000000030.jpg,notflip__0055,notflip__0055,training,training,notflip,notflip,27,30
450,451,0.9716897382471316,0,2,same_sequence_same_split,testing/notflip/0033_000000025.jpg,testing/notflip/0033_000000027.jpg,notflip__0033,notflip__0033,testing,testing,notflip,notflip,25,27
186,1317,0.9716575429420418,2,4,same_sequence_cross_split,testing/flip/0042_000000006.jpg,training/flip/0042_000000005.jpg,flip__0042,flip__0042,testing,training,flip,flip,6,5
323,1896,0.9716486623927245,0,0,same_sequence_cross_split,testing/notflip/0006_000000016.jpg,training/notflip/0006_000000017.jpg,notflip__0006,notflip__0006,testing,training,notflip,notflip,16,17
2415,2416,0.9715632680603074,2,2,same_sequence_same_split,training/notflip/0035_000000018.jpg,training/notflip/0035_000000019.jpg,notflip__0035,notflip__0035,training,training,notflip,notflip,18,19
594,2979,0.9715404455623844,0,0,same_sequence_cross_split,testing/notflip/0058_000000020.jpg,training/notflip/0058_000000017.jpg,notflip__0058,notflip__0058,testing,training,notflip,notflip,20,17
872,873,0.9715361052704345,1,2,same_sequence_same_split,training/flip/0015_000000003.jpg,training/flip/0015_000000004.jpg,flip__0015,flip__0015,training,training,flip,flip,3,4
373,2109,0.9714916809732758,1,2,same_sequence_cross_split,testing/notflip/0020_000000016.jpg,training/notflip/0020_000000014.jpg,notflip__0020,notflip__0020,testing,training,notflip,notflip,16,14
2423,2426,0.9714716419270456,2,4,same_sequence_same_split,training/notflip/0035_000000027.jpg,training/notflip/0035_000000030.jpg,notflip__0035,notflip__0035,training,training,notflip,notflip,27,30
1762,1766,0.9714272176874277,3,0,same_sequence_same_split,training/notflip/0001_000000006.jpg,training/notflip/0001_000000011.jpg,notflip__0001,notflip__0001,training,training,notflip,notflip,6,11
712,713,0.9713986718748117,0,2,same_sequence_same_split,training/flip/0007_000000009.jpg,training/flip/0007_000000010.jpg,flip__0007,flip__0007,training,training,flip,flip,9,10
2806,2807,0.9713916612213209,1,0,same_sequence_same_split,training/notflip/0051_000000021.jpg,training/notflip/0051_000000022.jpg,notflip__0051,notflip__0051,training,training,notflip,notflip,21,22
2731,2732,0.9713760119773092,2,2,same_sequence_same_split,training/notflip/0048_000000021.jpg,training/notflip/0048_000000022.jpg,notflip__0048,notflip__0048,training,training,notflip,notflip,21,22
552,2754,0.9713100241989288,1,0,same_sequence_cross_split,testing/notflip/0049_000000018.jpg,training/notflip/0049_000000021.jpg,notflip__0049,notflip__0049,testing,training,notflip,notflip,18,21
1824,1826,0.971275284790338,0,2,same_sequence_same_split,training/notflip/0003_000000021.jpg,training/notflip/0003_000000023.jpg,notflip__0003,notflip__0003,training,training,notflip,notflip,21,23
2108,2110,0.9712599182150906,0,0,same_sequence_same_split,training/notflip/0020_000000013.jpg,training/notflip/0020_000000015.jpg,notflip__0020,notflip__0020,training,training,notflip,notflip,13,15
1609,1610,0.9711894297708767,0,2,same_sequence_same_split,training/flip/0059_000000001.jpg,training/flip/0059_000000002.jpg,flip__0059,flip__0059,training,training,flip,flip,1,2
239,1554,0.9711784186246121,0,0,same_sequence_cross_split,testing/flip/0056_000000016.jpg,training/flip/0056_000000015.jpg,flip__0056,flip__0056,testing,training,flip,flip,16,15
478,2467,0.9711064688059182,0,0,same_sequence_cross_split,testing/notflip/0037_000000025.jpg,training/notflip/0037_000000027.jpg,notflip__0037,notflip__0037,testing,training,notflip,notflip,25,27
1353,1354,0.9711064266874009,1,2,same_sequence_same_split,training/flip/0044_000000011.jpg,training/flip/0044_000000012.jpg,flip__0044,flip__0044,training,training,flip,flip,11,12
505,506,0.971101731576873,0,4,same_sequence_same_split,testing/notflip/0041_000000014.jpg,testing/notflip/0041_000000015.jpg,notflip__0041,notflip__0041,testing,testing,notflip,notflip,14,15
2303,2306,0.9710860158590068,1,2,same_sequence_same_split,training/notflip/0030_000000025.jpg,training/notflip/0030_000000029.jpg,notflip__0030,notflip__0030,training,training,notflip,notflip,25,29
2904,2909,0.9710851496021994,1,0,same_sequence_same_split,training/notflip/0055_000000017.jpg,training/notflip/0055_000000022.jpg,notflip__0055,notflip__0055,training,training,notflip,notflip,17,22
448,2363,0.9710837126605597,4,2,same_sequence_cross_split,testing/notflip/0033_000000015.jpg,training/notflip/0033_000000014.jpg,notflip__0033,notflip__0033,testing,training,notflip,notflip,15,14
2774,2775,0.9710836901393918,0,0,same_sequence_same_split,training/notflip/0050_000000016.jpg,training/notflip/0050_000000017.jpg,notflip__0050,notflip__0050,training,training,notflip,notflip,16,17
2183,2187,0.9710759984940717,1,4,same_sequence_same_split,training/notflip/0025_000000023.jpg,training/notflip/0025_000000028.jpg,notflip__0025,notflip__0025,training,training,notflip,notflip,23,28
296,297,0.9710636883102957,1,0,same_sequence_same_split,testing/notflip/0002_000000006.jpg,testing/notflip/0002_000000008.jpg,notflip__0002,notflip__0002,testing,testing,notflip,notflip,6,8
2448,2450,0.9709904805341144,2,0,same_sequence_same_split,training/notflip/0036_000000026.jpg,training/notflip/0036_000000029.jpg,notflip__0036,notflip__0036,training,training,notflip,notflip,26,29
2598,2599,0.9709798966674275,0,0,same_sequence_same_split,training/notflip/0043_000000012.jpg,training/notflip/0043_000000013.jpg,notflip__0043,notflip__0043,training,training,notflip,notflip,12,13
2704,2705,0.9709673579454465,1,0,same_sequence_same_split,training/notflip/0047_000000020.jpg,training/notflip/0047_000000021.jpg,notflip__0047,notflip__0047,training,training,notflip,notflip,20,21
1817,1818,0.9709652904383925,0,0,same_sequence_same_split,training/notflip/0003_000000013.jpg,training/notflip/0003_000000014.jpg,notflip__0003,notflip__0003,training,training,notflip,notflip,13,14
2800,2803,0.9709562800904221,1,0,same_sequence_same_split,training/notflip/0051_000000015.jpg,training/notflip/0051_000000018.jpg,notflip__0051,notflip__0051,training,training,notflip,notflip,15,18
2444,2446,0.9708844907397931,1,2,same_sequence_same_split,training/notflip/0036_000000021.jpg,training/notflip/0036_000000023.jpg,notflip__0036,notflip__0036,training,training,notflip,notflip,21,23
2668,2670,0.9708776399838174,0,2,same_sequence_same_split,training/notflip/0046_000000008.jpg,training/notflip/0046_000000010.jpg,notflip__0046,notflip__0046,training,training,notflip,notflip,8,10
2681,2683,0.9708569712928722,0,2,same_sequence_same_split,training/notflip/0046_000000023.jpg,training/notflip/0046_000000025.jpg,notflip__0046,notflip__0046,training,training,notflip,notflip,23,25
193,1348,0.9708338100724978,3,2,same_sequence_cross_split,testing/flip/0044_000000007.jpg,training/flip/0044_000000005.jpg,flip__0044,flip__0044,testing,training,flip,flip,7,5
2912,2913,0.9708059445267645,0,0,same_sequence_same_split,training/notflip/0055_000000025.jpg,training/notflip/0055_000000026.jpg,notflip__0055,notflip__0055,training,training,notflip,notflip,25,26
435,436,0.9708019693381105,1,0,same_sequence_same_split,testing/notflip/0031_000000017.jpg,testing/notflip/0031_000000019.jpg,notflip__0031,notflip__0031,testing,testing,notflip,notflip,17,19
582,2933,0.9707844446070566,0,0,same_sequence_cross_split,testing/notflip/0056_000000022.jpg,training/notflip/0056_000000020.jpg,notflip__0056,notflip__0056,testing,training,notflip,notflip,22,20
2903,2904,0.9707835495864222,2,2,same_sequence_same_split,training/notflip/0055_000000015.jpg,training/notflip/0055_000000017.jpg,notflip__0055,notflip__0055,training,training,notflip,notflip,15,17
2303,2307,0.9707660571280212,2,2,same_sequence_same_split,training/notflip/0030_000000025.jpg,training/notflip/0030_000000030.jpg,notflip__0030,notflip__0030,training,training,notflip,notflip,25,30
402,2211,0.9707495803165723,3,0,same_sequence_cross_split,testing/notflip/0026_000000024.jpg,training/notflip/0026_000000027.jpg,notflip__0026,notflip__0026,testing,training,notflip,notflip,24,27
2624,2625,0.9707417685998975,1,2,same_sequence_same_split,training/notflip/0044_000000012.jpg,training/notflip/0044_000000013.jpg,notflip__0044,notflip__0044,training,training,notflip,notflip,12,13
2086,2087,0.9707267008748902,1,2,same_sequence_same_split,training/notflip/0019_000000016.jpg,training/notflip/0019_000000017.jpg,notflip__0019,notflip__0019,training,training,notflip,notflip,16,17
2960,2961,0.9707032954253402,1,2,same_sequence_same_split,training/notflip/0057_000000024.jpg,training/notflip/0057_000000025.jpg,notflip__0057,notflip__0057,training,training,notflip,notflip,24,25
2103,2105,0.9706852023581813,1,0,same_sequence_same_split,training/notflip/0020_000000007.jpg,training/notflip/0020_000000009.jpg,notflip__0020,notflip__0020,training,training,notflip,notflip,7,9
2555,2557,0.9706751145866881,1,0,same_sequence_same_split,training/notflip/0041_000000025.jpg,training/notflip/0041_000000027.jpg,notflip__0041,notflip__0041,training,training,notflip,notflip,25,27
2749,2752,0.9706704972520263,0,0,same_sequence_same_split,training/notflip/0049_000000015.jpg,training/notflip/0049_000000019.jpg,notflip__0049,notflip__0049,training,training,notflip,notflip,15,19
550,2746,0.9706135296572732,0,0,same_sequence_cross_split,testing/notflip/0049_000000011.jpg,training/notflip/0049_000000010.jpg,notflip__0049,notflip__0049,testing,training,notflip,notflip,11,10
2445,2447,0.9706017984613374,0,0,same_sequence_same_split,training/notflip/0036_000000022.jpg,training/notflip/0036_000000024.jpg,notflip__0036,notflip__0036,training,training,notflip,notflip,22,24
543,2706,0.9705714840511532,1,0,same_sequence_cross_split,testing/notflip/0047_000000025.jpg,training/notflip/0047_000000022.jpg,notflip__0047,notflip__0047,testing,training,notflip,notflip,25,22
411,2240,0.9705361038490233,2,0,same_sequence_cross_split,testing/notflip/0028_000000004.jpg,training/notflip/0028_000000005.jpg,notflip__0028,notflip__0028,testing,training,notflip,notflip,4,5
433,2318,0.9705201786578911,2,0,same_sequence_cross_split,testing/notflip/0031_000000015.jpg,training/notflip/0031_000000014.jpg,notflip__0031,notflip__0031,testing,training,notflip,notflip,15,14
2205,2206,0.9705021602437888,1,0,same_sequence_same_split,training/notflip/0026_000000020.jpg,training/notflip/0026_000000021.jpg,notflip__0026,notflip__0026,training,training,notflip,notflip,20,21
460,2421,0.970497209361367,1,2,same_sequence_cross_split,testing/notflip/0035_000000026.jpg,training/notflip/0035_000000024.jpg,notflip__0035,notflip__0035,testing,training,notflip,notflip,26,24
2440,2442,0.970477424093488,2,2,same_sequence_same_split,training/notflip/0036_000000016.jpg,training/notflip/0036_000000018.jpg,notflip__0036,notflip__0036,training,training,notflip,notflip,16,18
163,164,0.9704708244014699,0,2,same_sequence_same_split,testing/flip/0038_000000015.jpg,testing/flip/0038_000000016.jpg,flip__0038,flip__0038,testing,testing,flip,flip,15,16
1770,1774,0.9704096438202094,3,0,same_sequence_same_split,training/notflip/0001_000000016.jpg,training/notflip/0001_000000020.jpg,notflip__0001,notflip__0001,training,training,notflip,notflip,16,20
2824,2825,0.970408653381765,2,2,same_sequence_same_split,training/notflip/0052_000000011.jpg,training/notflip/0052_000000012.jpg,notflip__0052,notflip__0052,training,training,notflip,notflip,11,12
1957,1958,0.9703990594161673,1,2,same_sequence_same_split,training/notflip/0009_000000007.jpg,training/notflip/0009_000000008.jpg,notflip__0009,notflip__0009,training,training,notflip,notflip,7,8
2282,2283,0.9703786938650624,1,0,same_sequence_same_split,training/notflip/0029_000000027.jpg,training/notflip/0029_000000028.jpg,notflip__0029,notflip__0029,training,training,notflip,notflip,27,28
2571,2572,0.9703669361772849,1,2,same_sequence_same_split,training/notflip/0042_000000010.jpg,training/notflip/0042_000000011.jpg,notflip__0042,notflip__0042,training,training,notflip,notflip,10,11
1795,1799,0.9703441515229638,2,0,same_sequence_same_split,training/notflip/0002_000000017.jpg,training/notflip/0002_000000021.jpg,notflip__0002,notflip__0002,training,training,notflip,notflip,17,21
2791,2793,0.9703083518268001,2,0,same_sequence_same_split,training/notflip/0051_000000005.jpg,training/notflip/0051_000000007.jpg,notflip__0051,notflip__0051,training,training,notflip,notflip,5,7
2763,2764,0.9702539213277988,2,2,same_sequence_same_split,training/notflip/0050_000000003.jpg,training/notflip/0050_000000004.jpg,notflip__0050,notflip__0050,training,training,notflip,notflip,3,4
1788,1790,0.9702473845817434,1,0,same_sequence_same_split,training/notflip/0002_000000007.jpg,training/notflip/0002_000000010.jpg,notflip__0002,notflip__0002,training,training,notflip,notflip,7,10
295,1784,0.9702361856997144,1,2,same_sequence_cross_split,testing/notflip/0002_000000003.jpg,training/notflip/0002_000000001.jpg,notflip__0002,notflip__0002,testing,training,notflip,notflip,3,1
594,2978,0.9701906157067357,0,0,same_sequence_cross_split,testing/notflip/0058_000000020.jpg,training/notflip/0058_000000016.jpg,notflip__0058,notflip__0058,testing,training,notflip,notflip,20,16
1796,1800,0.9701828944324188,1,0,same_sequence_same_split,training/notflip/0002_000000018.jpg,training/notflip/0002_000000022.jpg,notflip__0002,notflip__0002,training,training,notflip,notflip,18,22
2422,2427,0.9701528698530512,2,2,same_sequence_same_split,training/notflip/0035_000000025.jpg,training/notflip/0035_000000031.jpg,notflip__0035,notflip__0035,training,training,notflip,notflip,25,31
390,2162,0.97015080160736,0,0,same_sequence_cross_split,testing/notflip/0024_000000025.jpg,training/notflip/0024_000000026.jpg,notflip__0024,notflip__0024,testing,training,notflip,notflip,25,26
2305,2306,0.9701463907332368,3,0,same_sequence_same_split,training/notflip/0030_000000027.jpg,training/notflip/0030_000000029.jpg,notflip__0030,notflip__0030,training,training,notflip,notflip,27,29
2904,2908,0.9701239490566882,1,0,same_sequence_same_split,training/notflip/0055_000000017.jpg,training/notflip/0055_000000021.jpg,notflip__0055,notflip__0055,training,training,notflip,notflip,17,21
2126,2127,0.9700974075355424,1,0,same_sequence_same_split,training/notflip/0023_000000006.jpg,training/notflip/0023_000000007.jpg,notflip__0023,notflip__0023,training,training,notflip,notflip,6,7
273,1695,0.9700894996740195,2,2,same_sequence_cross_split,testing/flip/0062_000000006.jpg,training/flip/0062_000000004.jpg,flip__0062,flip__0062,testing,training,flip,flip,6,4
2078,2079,0.970086341924145,0,0,same_sequence_same_split,training/notflip/0019_000000006.jpg,training/notflip/0019_000000007.jpg,notflip__0019,notflip__0019,training,training,notflip,notflip,6,7
895,896,0.9700689355323203,3,0,same_sequence_same_split,training/flip/0016_000000002.jpg,training/flip/0016_000000003.jpg,flip__0016,flip__0016,training,training,flip,flip,2,3
2855,2856,0.9700542323048953,0,2,same_sequence_same_split,training/notflip/0053_000000020.jpg,training/notflip/0053_000000021.jpg,notflip__0053,notflip__0053,training,training,notflip,notflip,20,21
405,2217,0.9700389948803819,2,0,same_sequence_cross_split,testing/notflip/0027_000000004.jpg,training/notflip/0027_000000006.jpg,notflip__0027,notflip__0027,testing,training,notflip,notflip,4,6
2906,2909,0.9700369576350548,0,0,same_sequence_same_split,training/notflip/0055_000000019.jpg,training/notflip/0055_000000022.jpg,notflip__0055,notflip__0055,training,training,notflip,notflip,19,22
1736,1737,0.9700066320890863,1,0,same_sequence_same_split,training/flip/0065_000000002.jpg,training/flip/0065_000000003.jpg,flip__0065,flip__0065,training,training,flip,flip,2,3
2954,2955,0.9700034597933247,1,0,same_sequence_same_split,training/notflip/0057_000000017.jpg,training/notflip/0057_000000018.jpg,notflip__0057,notflip__0057,training,training,notflip,notflip,17,18
2084,2086,0.9699982194089757,0,0,same_sequence_same_split,training/notflip/0019_000000013.jpg,training/notflip/0019_000000016.jpg,notflip__0019,notflip__0019,training,training,notflip,notflip,13,16
184,1315,0.9699981172203128,2,2,same_sequence_cross_split,testing/flip/0042_000000002.jpg,training/flip/0042_000000001.jpg,flip__0042,flip__0042,testing,training,flip,flip,2,1
405,2214,0.9699866089588721,2,0,same_sequence_cross_split,testing/notflip/0027_000000004.jpg,training/notflip/0027_000000002.jpg,notflip__0027,notflip__0027,testing,training,notflip,notflip,4,2
2301,2304,0.9699851115939431,2,2,same_sequence_same_split,training/notflip/0030_000000020.jpg,training/notflip/0030_000000026.jpg,notflip__0030,notflip__0030,training,training,notflip,notflip,20,26
2300,2304,0.9699820292691607,2,2,same_sequence_same_split,training/notflip/0030_000000019.jpg,training/notflip/0030_000000026.jpg,notflip__0030,notflip__0030,training,training,notflip,notflip,19,26
2904,2906,0.9699602688010406,1,0,same_sequence_same_split,training/notflip/0055_000000017.jpg,training/notflip/0055_000000019.jpg,notflip__0055,notflip__0055,training,training,notflip,notflip,17,19
516,2580,0.9699274856554654,2,2,same_sequence_cross_split,testing/notflip/0042_000000021.jpg,training/notflip/0042_000000020.jpg,notflip__0042,notflip__0042,testing,training,notflip,notflip,21,20
2914,2916,0.9699083640903261,1,0,same_sequence_same_split,training/notflip/0055_000000027.jpg,training/notflip/0055_000000029.jpg,notflip__0055,notflip__0055,training,training,notflip,notflip,27,29
405,2218,0.9698677666123199,2,0,same_sequence_cross_split,testing/notflip/0027_000000004.jpg,training/notflip/0027_000000007.jpg,notflip__0027,notflip__0027,testing,training,notflip,notflip,4,7
1916,1919,0.9698348550232694,1,0,same_sequence_same_split,training/notflip/0007_000000015.jpg,training/notflip/0007_000000018.jpg,notflip__0007,notflip__0007,training,training,notflip,notflip,15,18
1822,1824,0.9698169776640229,0,0,same_sequence_same_split,training/notflip/0003_000000019.jpg,training/notflip/0003_000000021.jpg,notflip__0003,notflip__0003,training,training,notflip,notflip,19,21
404,2215,0.9697670537730437,2,2,same_sequence_cross_split,testing/notflip/0027_000000001.jpg,training/notflip/0027_000000003.jpg,notflip__0027,notflip__0027,testing,training,notflip,notflip,1,3
2370,2371,0.9697668562598729,3,0,same_sequence_same_split,training/notflip/0033_000000023.jpg,training/notflip/0033_000000024.jpg,notflip__0033,notflip__0033,training,training,notflip,notflip,23,24
2090,2092,0.9697148976463321,0,2,same_sequence_same_split,training/notflip/0019_000000020.jpg,training/notflip/0019_000000022.jpg,notflip__0019,notflip__0019,training,training,notflip,notflip,20,22
2527,2532,0.9696972543675739,3,0,same_sequence_same_split,training/notflip/0040_000000019.jpg,training/notflip/0040_000000024.jpg,notflip__0040,notflip__0040,training,training,notflip,notflip,19,24
2955,2956,0.9696640589655341,2,4,same_sequence_same_split,training/notflip/0057_000000018.jpg,training/notflip/0057_000000019.jpg,notflip__0057,notflip__0057,training,training,notflip,notflip,18,19
522,2610,0.9696561111888443,1,0,same_sequence_cross_split,testing/notflip/0043_000000026.jpg,training/notflip/0043_000000027.jpg,notflip__0043,notflip__0043,testing,training,notflip,notflip,26,27
2219,2222,0.96963753727205,2,2,same_sequence_same_split,training/notflip/0027_000000008.jpg,training/notflip/0027_000000012.jpg,notflip__0027,notflip__0027,training,training,notflip,notflip,8,12
2479,2480,0.9696300056302348,2,0,same_sequence_same_split,training/notflip/0038_000000015.jpg,training/notflip/0038_000000016.jpg,notflip__0038,notflip__0038,training,training,notflip,notflip,15,16
2749,2751,0.9696246987776622,1,0,same_sequence_same_split,training/notflip/0049_000000015.jpg,training/notflip/0049_000000017.jpg,notflip__0049,notflip__0049,training,training,notflip,notflip,15,17
402,2210,0.9695981303140143,3,0,same_sequence_cross_split,testing/notflip/0026_000000024.jpg,training/notflip/0026_000000026.jpg,notflip__0026,notflip__0026,testing,training,notflip,notflip,24,26
2257,2259,0.9695276353529523,0,0,same_sequence_same_split,training/notflip/0028_000000022.jpg,training/notflip/0028_000000025.jpg,notflip__0028,notflip__0028,training,training,notflip,notflip,22,25
2657,2658,0.9695208511928212,1,0,same_sequence_same_split,training/notflip/0045_000000023.jpg,training/notflip/0045_000000024.jpg,notflip__0045,notflip__0045,training,training,notflip,notflip,23,24
2515,2517,0.9695127742360521,0,0,same_sequence_same_split,training/notflip/0039_000000027.jpg,training/notflip/0039_000000029.jpg,notflip__0039,notflip__0039,training,training,notflip,notflip,27,29
593,2978,0.9695013262999528,0,0,same_sequence_cross_split,testing/notflip/0058_000000018.jpg,training/notflip/0058_000000016.jpg,notflip__0058,notflip__0058,testing,training,notflip,notflip,18,16
2528,2532,0.9694624731451094,3,0,same_sequence_same_split,training/notflip/0040_000000020.jpg,training/notflip/0040_000000024.jpg,notflip__0040,notflip__0040,training,training,notflip,notflip,20,24
572,2880,0.9694556023591112,2,2,same_sequence_cross_split,testing/notflip/0054_000000020.jpg,training/notflip/0054_000000017.jpg,notflip__0054,notflip__0054,testing,training,notflip,notflip,20,17
542,2709,0.969454560189066,1,0,same_sequence_cross_split,testing/notflip/0047_000000024.jpg,training/notflip/0047_000000027.jpg,notflip__0047,notflip__0047,testing,training,notflip,notflip,24,27
575,576,0.9694422260204805,1,2,same_sequence_same_split,testing/notflip/0055_000000012.jpg,testing/notflip/0055_000000013.jpg,notflip__0055,notflip__0055,testing,testing,notflip,notflip,12,13
396,2186,0.9694016737696052,2,4,same_sequence_cross_split,testing/notflip/0025_000000022.jpg,training/notflip/0025_000000027.jpg,notflip__0025,notflip__0025,testing,training,notflip,notflip,22,27
1962,1963,0.9693562900638095,1,2,same_sequence_same_split,training/notflip/0009_000000013.jpg,training/notflip/0009_000000014.jpg,notflip__0009,notflip__0009,training,training,notflip,notflip,13,14
1936,1937,0.9693481488680529,1,0,same_sequence_same_split,training/notflip/0008_000000006.jpg,training/notflip/0008_000000007.jpg,notflip__0008,notflip__0008,training,training,notflip,notflip,6,7
421,2283,0.9693459824639622,1,2,same_sequence_cross_split,testing/notflip/0029_000000025.jpg,training/notflip/0029_000000028.jpg,notflip__0029,notflip__0029,testing,training,notflip,notflip,25,28
2705,2707,0.9693407851622478,1,0,same_sequence_same_split,training/notflip/0047_000000021.jpg,training/notflip/0047_000000023.jpg,notflip__0047,notflip__0047,training,training,notflip,notflip,21,23
245,1588,0.9693392524017095,0,2,same_sequence_cross_split,testing/flip/0058_000000006.jpg,training/flip/0058_000000005.jpg,flip__0058,flip__0058,testing,training,flip,flip,6,5
1351,1353,0.9693377571658197,2,4,same_sequence_same_split,training/flip/0044_000000009.jpg,training/flip/0044_000000011.jpg,flip__0044,flip__0044,training,training,flip,flip,9,11
1825,1827,0.9693079535354836,0,0,same_sequence_same_split,training/notflip/0003_000000022.jpg,training/notflip/0003_000000024.jpg,notflip__0003,notflip__0003,training,training,notflip,notflip,22,24
1956,1957,0.9692767665296372,1,2,same_sequence_same_split,training/notflip/0009_000000006.jpg,training/notflip/0009_000000007.jpg,notflip__0009,notflip__0009,training,training,notflip,notflip,6,7
384,2149,0.9692587623263026,1,0,same_sequence_cross_split,testing/notflip/0024_000000006.jpg,training/notflip/0024_000000008.jpg,notflip__0024,notflip__0024,testing,training,notflip,notflip,6,8
272,1696,0.9691699449793958,2,2,same_sequence_cross_split,testing/flip/0062_000000003.jpg,training/flip/0062_000000005.jpg,flip__0062,flip__0062,testing,training,flip,flip,3,5
2422,2426,0.9691289924326975,2,2,same_sequence_same_split,training/notflip/0035_000000025.jpg,training/notflip/0035_000000030.jpg,notflip__0035,notflip__0035,training,training,notflip,notflip,25,30
2139,2141,0.9690560572156561,1,2,same_sequence_same_split,training/notflip/0023_000000021.jpg,training/notflip/0023_000000023.jpg,notflip__0023,notflip__0023,training,training,notflip,notflip,21,23
294,1778,0.96905318878199,0,0,same_sequence_cross_split,testing/notflip/0001_000000024.jpg,training/notflip/0001_000000025.jpg,notflip__0001,notflip__0001,testing,training,notflip,notflip,24,25
2607,2608,0.9690427837654778,0,0,same_sequence_same_split,training/notflip/0043_000000021.jpg,training/notflip/0043_000000022.jpg,notflip__0043,notflip__0043,training,training,notflip,notflip,21,22
2638,2640,0.9690180477609611,1,0,same_sequence_same_split,training/notflip/0044_000000028.jpg,training/notflip/0044_000000030.jpg,notflip__0044,notflip__0044,training,training,notflip,notflip,28,30
2856,2861,0.9690171623913616,0,2,same_sequence_same_split,training/notflip/0053_000000021.jpg,training/notflip/0053_000000027.jpg,notflip__0053,notflip__0053,training,training,notflip,notflip,21,27
473,2455,0.9689985605182388,1,2,same_sequence_cross_split,testing/notflip/0037_000000010.jpg,training/notflip/0037_000000009.jpg,notflip__0037,notflip__0037,testing,training,notflip,notflip,10,9
2798,2799,0.9689850469524178,0,0,same_sequence_same_split,training/notflip/0051_000000013.jpg,training/notflip/0051_000000014.jpg,notflip__0051,notflip__0051,training,training,notflip,notflip,13,14
2397,2398,0.9689685890257247,4,0,same_sequence_same_split,training/notflip/0034_000000024.jpg,training/notflip/0034_000000026.jpg,notflip__0034,notflip__0034,training,training,notflip,notflip,24,26
1887,1888,0.9689633320760264,0,0,same_sequence_same_split,training/notflip/0006_000000005.jpg,training/notflip/0006_000000006.jpg,notflip__0006,notflip__0006,training,training,notflip,notflip,5,6
2953,2954,0.9688824936868502,0,0,same_sequence_same_split,training/notflip/0057_000000016.jpg,training/notflip/0057_000000017.jpg,notflip__0057,notflip__0057,training,training,notflip,notflip,16,17
474,2458,0.9688542494544324,0,0,same_sequence_cross_split,testing/notflip/0037_000000014.jpg,training/notflip/0037_000000013.jpg,notflip__0037,notflip__0037,testing,training,notflip,notflip,14,13
315,1853,0.9687749079965485,4,0,same_sequence_cross_split,testing/notflip/0004_000000029.jpg,training/notflip/0004_000000031.jpg,notflip__0004,notflip__0004,testing,training,notflip,notflip,29,31
381,2145,0.968758539825307,0,0,same_sequence_cross_split,testing/notflip/0023_000000030.jpg,training/notflip/0023_000000028.jpg,notflip__0023,notflip__0023,testing,training,notflip,notflip,30,28
573,2887,0.9686733588433907,2,2,same_sequence_cross_split,testing/notflip/0054_000000023.jpg,training/notflip/0054_000000026.jpg,notflip__0054,notflip__0054,testing,training,notflip,notflip,23,26
1929,1930,0.968669540437573,1,2,same_sequence_same_split,training/notflip/0007_000000029.jpg,training/notflip/0007_000000030.jpg,notflip__0007,notflip__0007,training,training,notflip,notflip,29,30
1971,1972,0.9686501914348895,2,0,same_sequence_same_split,training/notflip/0009_000000024.jpg,training/notflip/0009_000000025.jpg,notflip__0009,notflip__0009,training,training,notflip,notflip,24,25
395,2186,0.9686444449263705,2,4,same_sequence_cross_split,testing/notflip/0025_000000021.jpg,training/notflip/0025_000000027.jpg,notflip__0025,notflip__0025,testing,training,notflip,notflip,21,27
315,1852,0.968623502606379,2,0,same_sequence_cross_split,testing/notflip/0004_000000029.jpg,training/notflip/0004_000000030.jpg,notflip__0004,notflip__0004,testing,training,notflip,notflip,29,30
385,2147,0.968598746669874,4,2,same_sequence_cross_split,testing/notflip/0024_000000007.jpg,training/notflip/0024_000000003.jpg,notflip__0024,notflip__0024,testing,training,notflip,notflip,7,3
255,1638,0.9685586102317276,2,2,same_sequence_cross_split,testing/flip/0060_000000006.jpg,training/flip/0060_000000007.jpg,flip__0060,flip__0060,testing,training,flip,flip,6,7
2931,2934,0.9685531564586453,1,0,same_sequence_same_split,training/notflip/0056_000000018.jpg,training/notflip/0056_000000021.jpg,notflip__0056,notflip__0056,training,training,notflip,notflip,18,21
304,1821,0.9685131585563828,0,0,same_sequence_cross_split,testing/notflip/0003_000000018.jpg,training/notflip/0003_000000017.jpg,notflip__0003,notflip__0003,testing,training,notflip,notflip,18,17
524,2628,0.9684896342926445,2,2,same_sequence_cross_split,testing/notflip/0044_000000014.jpg,training/notflip/0044_000000017.jpg,notflip__0044,notflip__0044,testing,training,notflip,notflip,14,17
1875,1876,0.968454840798272,1,2,same_sequence_same_split,training/notflip/0005_000000023.jpg,training/notflip/0005_000000024.jpg,notflip__0005,notflip__0005,training,training,notflip,notflip,23,24
2784,2786,0.9684278037559958,0,0,same_sequence_same_split,training/notflip/0050_000000026.jpg,training/notflip/0050_000000028.jpg,notflip__0050,notflip__0050,training,training,notflip,notflip,26,28
2725,2728,0.9684099994160291,1,2,same_sequence_same_split,training/notflip/0048_000000014.jpg,training/notflip/0048_000000018.jpg,notflip__0048,notflip__0048,training,training,notflip,notflip,14,18
2783,2785,0.9683910954523244,0,0,same_sequence_same_split,training/notflip/0050_000000025.jpg,training/notflip/0050_000000027.jpg,notflip__0050,notflip__0050,training,training,notflip,notflip,25,27
2703,2705,0.9683031048697237,1,0,same_sequence_same_split,training/notflip/0047_000000019.jpg,training/notflip/0047_000000021.jpg,notflip__0047,notflip__0047,training,training,notflip,notflip,19,21
1023,1024,0.9683018622726189,3,2,same_sequence_same_split,training/flip/0023_000000005.jpg,training/flip/0023_000000006.jpg,flip__0023,flip__0023,training,training,flip,flip,5,6
1693,1695,0.9682949425852101,2,2,same_sequence_same_split,training/flip/0062_000000001.jpg,training/flip/0062_000000004.jpg,flip__0062,flip__0062,training,training,flip,flip,1,4
2271,2272,0.9682925754516086,4,2,same_sequence_same_split,training/notflip/0029_000000011.jpg,training/notflip/0029_000000012.jpg,notflip__0029,notflip__0029,training,training,notflip,notflip,11,12
2908,2910,0.968277404461499,1,0,same_sequence_same_split,training/notflip/0055_000000021.jpg,training/notflip/0055_000000023.jpg,notflip__0055,notflip__0055,training,training,notflip,notflip,21,23
2083,2084,0.9682720679728449,0,0,same_sequence_same_split,training/notflip/0019_000000011.jpg,training/notflip/0019_000000013.jpg,notflip__0019,notflip__0019,training,training,notflip,notflip,11,13
500,2532,0.9682682917886035,4,0,same_sequence_cross_split,testing/notflip/0040_000000018.jpg,training/notflip/0040_000000024.jpg,notflip__0040,notflip__0040,testing,training,notflip,notflip,18,24
2913,2914,0.9682630854634994,0,0,same_sequence_same_split,training/notflip/0055_000000026.jpg,training/notflip/0055_000000027.jpg,notflip__0055,notflip__0055,training,training,notflip,notflip,26,27
2386,2388,0.9682368409819911,0,0,same_sequence_same_split,training/notflip/0034_000000012.jpg,training/notflip/0034_000000014.jpg,notflip__0034,notflip__0034,training,training,notflip,notflip,12,14
2722,2725,0.9682272684274075,3,0,same_sequence_same_split,training/notflip/0048_000000011.jpg,training/notflip/0048_000000014.jpg,notflip__0048,notflip__0048,training,training,notflip,notflip,11,14
1772,1776,0.9682137931033725,2,0,same_sequence_same_split,training/notflip/0001_000000018.jpg,training/notflip/0001_000000022.jpg,notflip__0001,notflip__0001,training,training,notflip,notflip,18,22
1106,1107,0.968180804541692,1,0,same_sequence_same_split,training/flip/0029_000000008.jpg,training/flip/0029_000000009.jpg,flip__0029,flip__0029,training,training,flip,flip,8,9
2527,2531,0.9681284208268118,2,0,same_sequence_same_split,training/notflip/0040_000000019.jpg,training/notflip/0040_000000023.jpg,notflip__0040,notflip__0040,training,training,notflip,notflip,19,23
2104,2106,0.96803476422404,2,2,same_sequence_same_split,training/notflip/0020_000000008.jpg,training/notflip/0020_000000011.jpg,notflip__0020,notflip__0020,training,training,notflip,notflip,8,11
301,1804,0.9680259792053724,0,2,same_sequence_cross_split,testing/notflip/0002_000000027.jpg,training/notflip/0002_000000029.jpg,notflip__0002,notflip__0002,testing,training,notflip,notflip,27,29
874,875,0.968004919538588,1,0,same_sequence_same_split,training/flip/0015_000000005.jpg,training/flip/0015_000000006.jpg,flip__0015,flip__0015,training,training,flip,flip,5,6
596,2982,0.967989527999164,0,0,same_sequence_cross_split,testing/notflip/0058_000000025.jpg,training/notflip/0058_000000023.jpg,notflip__0058,notflip__0058,testing,training,notflip,notflip,25,23
2088,2089,0.9679842115295675,0,2,same_sequence_same_split,training/notflip/0019_000000018.jpg,training/notflip/0019_000000019.jpg,notflip__0019,notflip__0019,training,training,notflip,notflip,18,19
1791,1792,0.9679645837715353,0,0,same_sequence_same_split,training/notflip/0002_000000011.jpg,training/notflip/0002_000000013.jpg,notflip__0002,notflip__0002,training,training,notflip,notflip,11,13
559,2798,0.9679506874849575,1,0,same_sequence_cross_split,testing/notflip/0051_000000012.jpg,training/notflip/0051_000000013.jpg,notflip__0051,notflip__0051,testing,training,notflip,notflip,12,13
487,2486,0.9679418350531934,1,2,same_sequence_cross_split,testing/notflip/0038_000000023.jpg,training/notflip/0038_000000025.jpg,notflip__0038,notflip__0038,testing,training,notflip,notflip,23,25
2937,2939,0.9679058786605773,0,2,same_sequence_same_split,training/notflip/0056_000000026.jpg,training/notflip/0056_000000029.jpg,notflip__0056,notflip__0056,training,training,notflip,notflip,26,29
2414,2415,0.967885250022555,3,0,same_sequence_same_split,training/notflip/0035_000000017.jpg,training/notflip/0035_000000018.jpg,notflip__0035,notflip__0035,training,training,notflip,notflip,17,18
371,2099,0.9678680483617795,1,0,same_sequence_cross_split,testing/notflip/0020_000000004.jpg,training/notflip/0020_000000002.jpg,notflip__0020,notflip__0020,testing,training,notflip,notflip,4,2
2425,2428,0.9678344903617724,1,0,same_sequence_same_split,training/notflip/0035_000000029.jpg,training/notflip/0035_000000032.jpg,notflip__0035,notflip__0035,training,training,notflip,notflip,29,32
2256,2258,0.9678251234977756,0,0,same_sequence_same_split,training/notflip/0028_000000021.jpg,training/notflip/0028_000000023.jpg,notflip__0028,notflip__0028,training,training,notflip,notflip,21,23
2736,2737,0.9678065046862093,0,0,same_sequence_same_split,training/notflip/0048_000000028.jpg,training/notflip/0048_000000029.jpg,notflip__0048,notflip__0048,training,training,notflip,notflip,28,29
2283,2285,0.9678001582039081,0,0,same_sequence_same_split,training/notflip/0029_000000028.jpg,training/notflip/0029_000000030.jpg,notflip__0029,notflip__0029,training,training,notflip,notflip,28,30
2182,2186,0.9677939248256133,3,4,same_sequence_same_split,training/notflip/0025_000000020.jpg,training/notflip/0025_000000027.jpg,notflip__0025,notflip__0025,training,training,notflip,notflip,20,27
1994,1995,0.9677689045692115,0,2,same_sequence_same_split,training/notflip/0010_000000020.jpg,training/notflip/0010_000000021.jpg,notflip__0010,notflip__0010,training,training,notflip,notflip,20,21
2364,2366,0.9677678597982419,1,4,same_sequence_same_split,training/notflip/0033_000000016.jpg,training/notflip/0033_000000018.jpg,notflip__0033,notflip__0033,training,training,notflip,notflip,16,18
1103,1104,0.9677368375844995,3,0,same_sequence_same_split,training/flip/0029_000000005.jpg,training/flip/0029_000000006.jpg,flip__0029,flip__0029,training,training,flip,flip,5,6
2006,2007,0.9677352387354292,1,2,same_sequence_same_split,training/notflip/0011_000000003.jpg,training/notflip/0011_000000004.jpg,notflip__0011,notflip__0011,training,training,notflip,notflip,3,4
375,2117,0.9677314199568493,0,0,same_sequence_cross_split,testing/notflip/0021_000000024.jpg,training/notflip/0021_000000022.jpg,notflip__0021,notflip__0021,testing,training,notflip,notflip,24,22
1973,1974,0.9677205969406152,0,2,same_sequence_same_split,training/notflip/0009_000000026.jpg,training/notflip/0009_000000028.jpg,notflip__0009,notflip__0009,training,training,notflip,notflip,26,28
2754,2755,0.967700301748932,0,2,same_sequence_same_split,training/notflip/0049_000000021.jpg,training/notflip/0049_000000023.jpg,notflip__0049,notflip__0049,training,training,notflip,notflip,21,23
2395,2396,0.9676971603298012,4,2,same_sequence_same_split,training/notflip/0034_000000022.jpg,training/notflip/0034_000000023.jpg,notflip__0034,notflip__0034,training,training,notflip,notflip,22,23
1974,1975,0.9676910158392018,0,0,same_sequence_same_split,training/notflip/0009_000000028.jpg,training/notflip/0009_000000029.jpg,notflip__0009,notflip__0009,training,training,notflip,notflip,28,29
420,2276,0.9676759468115437,0,0,same_sequence_cross_split,testing/notflip/0029_000000019.jpg,training/notflip/0029_000000020.jpg,notflip__0029,notflip__0029,testing,training,notflip,notflip,19,20
2528,2531,0.9676549871383229,2,0,same_sequence_same_split,training/notflip/0040_000000020.jpg,training/notflip/0040_000000023.jpg,notflip__0040,notflip__0040,training,training,notflip,notflip,20,23
386,2159,0.9676460654391078,1,0,same_sequence_cross_split,testing/notflip/0024_000000019.jpg,training/notflip/0024_000000018.jpg,notflip__0024,notflip__0024,testing,training,notflip,notflip,19,18
1881,1882,0.9676408042309905,1,0,same_sequence_same_split,training/notflip/0005_000000029.jpg,training/notflip/0005_000000030.jpg,notflip__0005,notflip__0005,training,training,notflip,notflip,29,30
436,2320,0.9676047242234932,3,0,same_sequence_cross_split,testing/notflip/0031_000000019.jpg,training/notflip/0031_000000021.jpg,notflip__0031,notflip__0031,testing,training,notflip,notflip,19,21
2254,2256,0.9676045923305098,2,2,same_sequence_same_split,training/notflip/0028_000000019.jpg,training/notflip/0028_000000021.jpg,notflip__0028,notflip__0028,training,training,notflip,notflip,19,21
2701,2705,0.9675796113910202,1,2,same_sequence_same_split,training/notflip/0047_000000017.jpg,training/notflip/0047_000000021.jpg,notflip__0047,notflip__0047,training,training,notflip,notflip,17,21
1592,1593,0.9675734962154093,0,0,same_sequence_same_split,training/flip/0058_000000010.jpg,training/flip/0058_000000011.jpg,flip__0058,flip__0058,training,training,flip,flip,10,11
569,2854,0.9675686170091774,1,0,same_sequence_cross_split,testing/notflip/0053_000000017.jpg,training/notflip/0053_000000019.jpg,notflip__0053,notflip__0053,testing,training,notflip,notflip,17,19
2443,2445,0.9675616522010306,1,0,same_sequence_same_split,training/notflip/0036_000000019.jpg,training/notflip/0036_000000022.jpg,notflip__0036,notflip__0036,training,training,notflip,notflip,19,22
2110,2112,0.9675559510149918,1,2,same_sequence_same_split,training/notflip/0020_000000015.jpg,training/notflip/0020_000000018.jpg,notflip__0020,notflip__0020,training,training,notflip,notflip,15,18
509,2554,0.9675530755140496,1,0,same_sequence_cross_split,testing/notflip/0041_000000028.jpg,training/notflip/0041_000000024.jpg,notflip__0041,notflip__0041,testing,training,notflip,notflip,28,24
2860,2861,0.9675257443215712,0,0,same_sequence_same_split,training/notflip/0053_000000026.jpg,training/notflip/0053_000000027.jpg,notflip__0053,notflip__0053,training,training,notflip,notflip,26,27
2086,2089,0.9675177843300393,1,0,same_sequence_same_split,training/notflip/0019_000000016.jpg,training/notflip/0019_000000019.jpg,notflip__0019,notflip__0019,training,training,notflip,notflip,16,19
583,584,0.9675163444104075,0,0,same_sequence_same_split,testing/notflip/0056_000000024.jpg,testing/notflip/0056_000000027.jpg,notflip__0056,notflip__0056,testing,testing,notflip,notflip,24,27
2885,2887,0.9674957737130839,2,2,same_sequence_same_split,training/notflip/0054_000000024.jpg,training/notflip/0054_000000026.jpg,notflip__0054,notflip__0054,training,training,notflip,notflip,24,26
2546,2547,0.9674816182892094,0,0,same_sequence_same_split,training/notflip/0041_000000012.jpg,training/notflip/0041_000000013.jpg,notflip__0041,notflip__0041,training,training,notflip,notflip,12,13
627,628,0.9674486886728003,2,4,same_sequence_same_split,training/flip/0003_000000009.jpg,training/flip/0003_000000010.jpg,flip__0003,flip__0003,training,training,flip,flip,9,10
537,2671,0.9674475324302725,0,2,same_sequence_cross_split,testing/notflip/0046_000000012.jpg,training/notflip/0046_000000013.jpg,notflip__0046,notflip__0046,testing,training,notflip,notflip,12,13
2557,2558,0.9674420043199765,0,0,same_sequence_same_split,training/notflip/0041_000000027.jpg,training/notflip/0041_000000029.jpg,notflip__0041,notflip__0041,training,training,notflip,notflip,27,29
1081,1082,0.9673942693965132,0,2,same_sequence_same_split,training/flip/0028_000000008.jpg,training/flip/0028_000000009.jpg,flip__0028,flip__0028,training,training,flip,flip,8,9
1696,1697,0.967380190683834,1,2,same_sequence_same_split,training/flip/0062_000000005.jpg,training/flip/0062_000000007.jpg,flip__0062,flip__0062,training,training,flip,flip,5,7
2181,2183,0.9673705358897287,2,0,same_sequence_same_split,training/notflip/0025_000000019.jpg,training/notflip/0025_000000023.jpg,notflip__0025,notflip__0025,training,training,notflip,notflip,19,23
407,2220,0.9673620510552526,2,0,same_sequence_cross_split,testing/notflip/0027_000000013.jpg,training/notflip/0027_000000009.jpg,notflip__0027,notflip__0027,testing,training,notflip,notflip,13,9
2784,2787,0.9673349235624994,0,0,same_sequence_same_split,training/notflip/0050_000000026.jpg,training/notflip/0050_000000029.jpg,notflip__0050,notflip__0050,training,training,notflip,notflip,26,29
2729,2734,0.9672656353550552,4,0,same_sequence_same_split,training/notflip/0048_000000019.jpg,training/notflip/0048_000000024.jpg,notflip__0048,notflip__0048,training,training,notflip,notflip,19,24
1873,1874,0.9672450563556426,0,0,same_sequence_same_split,training/notflip/0005_000000020.jpg,training/notflip/0005_000000021.jpg,notflip__0005,notflip__0005,training,training,notflip,notflip,20,21
2759,2760,0.9672262423407757,0,0,same_sequence_same_split,training/notflip/0049_000000029.jpg,training/notflip/0049_000000030.jpg,notflip__0049,notflip__0049,training,training,notflip,notflip,29,30
2794,2798,0.9672235325039076,0,0,same_sequence_same_split,training/notflip/0051_000000008.jpg,training/notflip/0051_000000013.jpg,notflip__0051,notflip__0051,training,training,notflip,notflip,8,13
581,2926,0.9672175694956655,2,0,same_sequence_cross_split,testing/notflip/0056_000000013.jpg,training/notflip/0056_000000012.jpg,notflip__0056,notflip__0056,testing,training,notflip,notflip,13,12
2212,2213,0.9672056818969128,3,2,same_sequence_same_split,training/notflip/0026_000000028.jpg,training/notflip/0026_000000030.jpg,notflip__0026,notflip__0026,training,training,notflip,notflip,28,30
2530,2533,0.9672032937072792,0,0,same_sequence_same_split,training/notflip/0040_000000022.jpg,training/notflip/0040_000000025.jpg,notflip__0040,notflip__0040,training,training,notflip,notflip,22,25
500,2531,0.9671272177464486,3,0,same_sequence_cross_split,testing/notflip/0040_000000018.jpg,training/notflip/0040_000000023.jpg,notflip__0040,notflip__0040,testing,training,notflip,notflip,18,23
1500,1501,0.9671268524607379,0,4,same_sequence_same_split,training/flip/0053_000000006.jpg,training/flip/0053_000000007.jpg,flip__0053,flip__0053,training,training,flip,flip,6,7
1814,1816,0.967091736821754,3,0,same_sequence_same_split,training/notflip/0003_000000010.jpg,training/notflip/0003_000000012.jpg,notflip__0003,notflip__0003,training,training,notflip,notflip,10,12
314,1846,0.9670558198482401,1,4,same_sequence_cross_split,testing/notflip/0004_000000023.jpg,training/notflip/0004_000000022.jpg,notflip__0004,notflip__0004,testing,training,notflip,notflip,23,22
1590,1591,0.967054047519137,1,0,same_sequence_same_split,training/flip/0058_000000008.jpg,training/flip/0058_000000009.jpg,flip__0058,flip__0058,training,training,flip,flip,8,9
225,1501,0.9670465359552735,0,2,same_sequence_cross_split,testing/flip/0053_000000008.jpg,training/flip/0053_000000007.jpg,flip__0053,flip__0053,testing,training,flip,flip,8,7
2234,2236,0.9670431859368543,2,0,same_sequence_same_split,training/notflip/0027_000000028.jpg,training/notflip/0027_000000030.jpg,notflip__0027,notflip__0027,training,training,notflip,notflip,28,30
1078,1079,0.9670280974331524,0,2,same_sequence_same_split,training/flip/0028_000000005.jpg,training/flip/0028_000000006.jpg,flip__0028,flip__0028,training,training,flip,flip,5,6
2658,2659,0.9670184178657357,2,0,same_sequence_same_split,training/notflip/0045_000000024.jpg,training/notflip/0045_000000025.jpg,notflip__0045,notflip__0045,training,training,notflip,notflip,24,25
1800,1803,0.96701344278935,0,2,same_sequence_same_split,training/notflip/0002_000000022.jpg,training/notflip/0002_000000025.jpg,notflip__0002,notflip__0002,training,training,notflip,notflip,22,25
2856,2857,0.9670065537823962,0,0,same_sequence_same_split,training/notflip/0053_000000021.jpg,training/notflip/0053_000000022.jpg,notflip__0053,notflip__0053,training,training,notflip,notflip,21,22
733,734,0.9669709719879214,1,0,same_sequence_same_split,training/flip/0008_000000002.jpg,training/flip/0008_000000003.jpg,flip__0008,flip__0008,training,training,flip,flip,2,3
372,2107,0.9669690025739128,1,2,same_sequence_cross_split,testing/notflip/0020_000000010.jpg,training/notflip/0020_000000012.jpg,notflip__0020,notflip__0020,testing,training,notflip,notflip,10,12
211,212,0.9669502279531073,1,0,same_sequence_same_split,testing/flip/0048_000000010.jpg,testing/flip/0048_000000011.jpg,flip__0048,flip__0048,testing,testing,flip,flip,10,11
2627,2631,0.96690115559811,2,0,same_sequence_same_split,training/notflip/0044_000000016.jpg,training/notflip/0044_000000020.jpg,notflip__0044,notflip__0044,training,training,notflip,notflip,16,20
2421,2423,0.9668933602028004,1,2,same_sequence_same_split,training/notflip/0035_000000024.jpg,training/notflip/0035_000000027.jpg,notflip__0035,notflip__0035,training,training,notflip,notflip,24,27
2699,2703,0.9668696834139248,2,2,same_sequence_same_split,training/notflip/0047_000000015.jpg,training/notflip/0047_000000019.jpg,notflip__0047,notflip__0047,training,training,notflip,notflip,15,19
466,2450,0.9668495811975886,3,0,same_sequence_cross_split,testing/notflip/0036_000000025.jpg,training/notflip/0036_000000029.jpg,notflip__0036,notflip__0036,testing,training,notflip,notflip,25,29
545,2726,0.966794838085659,1,2,same_sequence_cross_split,testing/notflip/0048_000000015.jpg,training/notflip/0048_000000016.jpg,notflip__0048,notflip__0048,testing,training,notflip,notflip,15,16
2884,2886,0.966786788837662,1,2,same_sequence_same_split,training/notflip/0054_000000022.jpg,training/notflip/0054_000000025.jpg,notflip__0054,notflip__0054,training,training,notflip,notflip,22,25
20,692,0.9667378370317116,0,2,same_sequence_cross_split,testing/flip/0006_000000008.jpg,training/flip/0006_000000007.jpg,flip__0006,flip__0006,testing,training,flip,flip,8,7
2752,2754,0.9667198042832931,0,0,same_sequence_same_split,training/notflip/0049_000000019.jpg,training/notflip/0049_000000021.jpg,notflip__0049,notflip__0049,training,training,notflip,notflip,19,21
2629,2634,0.9667193285893633,1,2,same_sequence_same_split,training/notflip/0044_000000018.jpg,training/notflip/0044_000000023.jpg,notflip__0044,notflip__0044,training,training,notflip,notflip,18,23
2447,2449,0.9666566242494924,1,2,same_sequence_same_split,training/notflip/0036_000000024.jpg,training/notflip/0036_000000027.jpg,notflip__0036,notflip__0036,training,training,notflip,notflip,24,27
592,2976,0.9666365343801615,0,2,same_sequence_cross_split,testing/notflip/0058_000000013.jpg,training/notflip/0058_000000014.jpg,notflip__0058,notflip__0058,testing,training,notflip,notflip,13,14
2674,2676,0.966634942931835,1,2,same_sequence_same_split,training/notflip/0046_000000016.jpg,training/notflip/0046_000000018.jpg,notflip__0046,notflip__0046,training,training,notflip,notflip,16,18
1350,1352,0.9666221780022477,2,2,same_sequence_same_split,training/flip/0044_000000008.jpg,training/flip/0044_000000010.jpg,flip__0044,flip__0044,training,training,flip,flip,8,10
1243,1244,0.966617319862997,0,0,same_sequence_same_split,training/flip/0038_000000027.jpg,training/flip/0038_000000028.jpg,flip__0038,flip__0038,training,training,flip,flip,27,28
345,1965,0.9666034907893142,0,0,same_sequence_cross_split,testing/notflip/0009_000000017.jpg,training/notflip/0009_000000018.jpg,notflip__0009,notflip__0009,testing,training,notflip,notflip,17,18
465,2446,0.9665956932475397,1,0,same_sequence_cross_split,testing/notflip/0036_000000020.jpg,training/notflip/0036_000000023.jpg,notflip__0036,notflip__0036,testing,training,notflip,notflip,20,23
1876,1877,0.9665405395544048,0,0,same_sequence_same_split,training/notflip/0005_000000024.jpg,training/notflip/0005_000000025.jpg,notflip__0005,notflip__0005,training,training,notflip,notflip,24,25
1591,1592,0.9665400532758968,0,0,same_sequence_same_split,training/flip/0058_000000009.jpg,training/flip/0058_000000010.jpg,flip__0058,flip__0058,training,training,flip,flip,9,10
2385,2387,0.9665304921737843,0,0,same_sequence_same_split,training/notflip/0034_000000011.jpg,training/notflip/0034_000000013.jpg,notflip__0034,notflip__0034,training,training,notflip,notflip,11,13
2223,2224,0.966478383716854,0,2,same_sequence_same_split,training/notflip/0027_000000014.jpg,training/notflip/0027_000000015.jpg,notflip__0027,notflip__0027,training,training,notflip,notflip,14,15
166,1243,0.966464281912473,0,0,same_sequence_cross_split,testing/flip/0038_000000026.jpg,training/flip/0038_000000027.jpg,flip__0038,flip__0038,testing,training,flip,flip,26,27
381,2144,0.9664390379421172,0,0,same_sequence_cross_split,testing/notflip/0023_000000030.jpg,training/notflip/0023_000000027.jpg,notflip__0023,notflip__0023,testing,training,notflip,notflip,30,27
2362,2363,0.96636843194585,1,2,same_sequence_same_split,training/notflip/0033_000000013.jpg,training/notflip/0033_000000014.jpg,notflip__0033,notflip__0033,training,training,notflip,notflip,13,14
296,1789,0.9663560385928829,2,0,same_sequence_cross_split,testing/notflip/0002_000000006.jpg,training/notflip/0002_000000009.jpg,notflip__0002,notflip__0002,testing,training,notflip,notflip,6,9
2157,2159,0.9663429707147101,0,4,same_sequence_same_split,training/notflip/0024_000000016.jpg,training/notflip/0024_000000018.jpg,notflip__0024,notflip__0024,training,training,notflip,notflip,16,18
2626,2631,0.9663310769342682,1,2,same_sequence_same_split,training/notflip/0044_000000015.jpg,training/notflip/0044_000000020.jpg,notflip__0044,notflip__0044,training,training,notflip,notflip,15,20
344,1964,0.9663207097915073,0,2,same_sequence_cross_split,testing/notflip/0009_000000015.jpg,training/notflip/0009_000000016.jpg,notflip__0009,notflip__0009,testing,training,notflip,notflip,15,16
1817,1819,0.9662937211638374,1,0,same_sequence_same_split,training/notflip/0003_000000013.jpg,training/notflip/0003_000000015.jpg,notflip__0003,notflip__0003,training,training,notflip,notflip,13,15
473,2457,0.966265527025123,0,4,same_sequence_cross_split,testing/notflip/0037_000000010.jpg,training/notflip/0037_000000012.jpg,notflip__0037,notflip__0037,testing,training,notflip,notflip,10,12
1075,1076,0.9662606268818728,0,2,same_sequence_same_split,training/flip/0028_000000002.jpg,training/flip/0028_000000003.jpg,flip__0028,flip__0028,training,training,flip,flip,2,3
443,2352,0.9662498643097885,1,0,same_sequence_cross_split,testing/notflip/0032_000000029.jpg,training/notflip/0032_000000028.jpg,notflip__0032,notflip__0032,testing,training,notflip,notflip,29,28
525,2639,0.9662407754086207,1,0,same_sequence_cross_split,testing/notflip/0044_000000027.jpg,training/notflip/0044_000000029.jpg,notflip__0044,notflip__0044,testing,training,notflip,notflip,27,29
364,365,0.9662345639707465,3,0,same_sequence_same_split,testing/notflip/0019_000000002.jpg,testing/notflip/0019_000000004.jpg,notflip__0019,notflip__0019,testing,testing,notflip,notflip,2,4
552,2749,0.9661365912825013,1,0,same_sequence_cross_split,testing/notflip/0049_000000018.jpg,training/notflip/0049_000000015.jpg,notflip__0049,notflip__0049,testing,training,notflip,notflip,18,15
2561,2563,0.9661362295153176,0,2,same_sequence_same_split,training/notflip/0041_000000032.jpg,training/notflip/0041_000000035.jpg,notflip__0041,notflip__0041,training,training,notflip,notflip,32,35
545,2728,0.9661284643624154,0,2,same_sequence_cross_split,testing/notflip/0048_000000015.jpg,training/notflip/0048_000000018.jpg,notflip__0048,notflip__0048,testing,training,notflip,notflip,15,18
2749,2753,0.9661101270143182,0,0,same_sequence_same_split,training/notflip/0049_000000015.jpg,training/notflip/0049_000000020.jpg,notflip__0049,notflip__0049,training,training,notflip,notflip,15,20
545,2724,0.9660816391568111,1,0,same_sequence_cross_split,testing/notflip/0048_000000015.jpg,training/notflip/0048_000000013.jpg,notflip__0048,notflip__0048,testing,training,notflip,notflip,15,13
2420,2422,0.9660388416267571,3,2,same_sequence_same_split,training/notflip/0035_000000023.jpg,training/notflip/0035_000000025.jpg,notflip__0035,notflip__0035,training,training,notflip,notflip,23,25
509,2555,0.9660344648104578,1,0,same_sequence_cross_split,testing/notflip/0041_000000028.jpg,training/notflip/0041_000000025.jpg,notflip__0041,notflip__0041,testing,training,notflip,notflip,28,25
2951,2952,0.9660144349763519,0,2,same_sequence_same_split,training/notflip/0057_000000014.jpg,training/notflip/0057_000000015.jpg,notflip__0057,notflip__0057,training,training,notflip,notflip,14,15
411,2239,0.965969618334779,2,0,same_sequence_cross_split,testing/notflip/0028_000000004.jpg,training/notflip/0028_000000003.jpg,notflip__0028,notflip__0028,testing,training,notflip,notflip,4,3
478,479,0.965863675134,1,0,same_sequence_same_split,testing/notflip/0037_000000025.jpg,testing/notflip/0037_000000028.jpg,notflip__0037,notflip__0037,testing,testing,notflip,notflip,25,28
580,2926,0.9658570526893301,2,0,same_sequence_cross_split,testing/notflip/0056_000000011.jpg,training/notflip/0056_000000012.jpg,notflip__0056,notflip__0056,testing,training,notflip,notflip,11,12
2057,2058,0.965843716461288,3,2,same_sequence_same_split,training/notflip/0016_000000004.jpg,training/notflip/0016_000000005.jpg,notflip__0016,notflip__0016,training,training,notflip,notflip,4,5
2782,2786,0.965842599201064,0,0,same_sequence_same_split,training/notflip/0050_000000024.jpg,training/notflip/0050_000000028.jpg,notflip__0050,notflip__0050,training,training,notflip,notflip,24,28
2655,2658,0.9658303729521478,3,0,same_sequence_same_split,training/notflip/0045_000000020.jpg,training/notflip/0045_000000024.jpg,notflip__0045,notflip__0045,training,training,notflip,notflip,20,24
1794,1799,0.9658259521236519,2,0,same_sequence_same_split,training/notflip/0002_000000016.jpg,training/notflip/0002_000000021.jpg,notflip__0002,notflip__0002,training,training,notflip,notflip,16,21
546,2729,0.9658055950401818,4,0,same_sequence_cross_split,testing/notflip/0048_000000025.jpg,training/notflip/0048_000000019.jpg,notflip__0048,notflip__0048,testing,training,notflip,notflip,25,19
185,1316,0.9658029410538264,2,2,same_sequence_cross_split,testing/flip/0042_000000004.jpg,training/flip/0042_000000003.jpg,flip__0042,flip__0042,testing,training,flip,flip,4,3
2710,2711,0.9657904039673548,0,0,same_sequence_same_split,training/notflip/0047_000000028.jpg,training/notflip/0047_000000030.jpg,notflip__0047,notflip__0047,training,training,notflip,notflip,28,30
1320,1321,0.9657267794303879,0,2,same_sequence_same_split,training/flip/0042_000000009.jpg,training/flip/0042_000000010.jpg,flip__0042,flip__0042,training,training,flip,flip,9,10
2104,2107,0.965718325821815,2,2,same_sequence_same_split,training/notflip/0020_000000008.jpg,training/notflip/0020_000000012.jpg,notflip__0020,notflip__0020,training,training,notflip,notflip,8,12
1795,1798,0.9656828535434175,1,0,same_sequence_same_split,training/notflip/0002_000000017.jpg,training/notflip/0002_000000020.jpg,notflip__0002,notflip__0002,training,training,notflip,notflip,17,20
451,2375,0.9656819261349248,3,2,same_sequence_cross_split,testing/notflip/0033_000000027.jpg,training/notflip/0033_000000030.jpg,notflip__0033,notflip__0033,testing,training,notflip,notflip,27,30
2418,2419,0.9656674574979578,1,2,same_sequence_same_split,training/notflip/0035_000000021.jpg,training/notflip/0035_000000022.jpg,notflip__0035,notflip__0035,training,training,notflip,notflip,21,22
568,569,0.9656591674546656,1,0,same_sequence_same_split,testing/notflip/0053_000000016.jpg,testing/notflip/0053_000000017.jpg,notflip__0053,notflip__0053,testing,testing,notflip,notflip,16,17
2700,2703,0.9656589625927676,2,2,same_sequence_same_split,training/notflip/0047_000000016.jpg,training/notflip/0047_000000019.jpg,notflip__0047,notflip__0047,training,training,notflip,notflip,16,19
18,690,0.9656487788475013,2,0,same_sequence_cross_split,testing/flip/0006_000000001.jpg,training/flip/0006_000000004.jpg,flip__0006,flip__0006,testing,training,flip,flip,1,4
1852,1856,0.9656364928254756,2,0,same_sequence_same_split,training/notflip/0004_000000030.jpg,training/notflip/0004_000000034.jpg,notflip__0004,notflip__0004,training,training,notflip,notflip,30,34
2163,2164,0.9656159863457867,0,0,same_sequence_same_split,training/notflip/0024_000000027.jpg,training/notflip/0024_000000028.jpg,notflip__0024,notflip__0024,training,training,notflip,notflip,27,28
2699,2704,0.9656036230213331,2,2,same_sequence_same_split,training/notflip/0047_000000015.jpg,training/notflip/0047_000000020.jpg,notflip__0047,notflip__0047,training,training,notflip,notflip,15,20
2776,2778,0.9655939268440545,1,2,same_sequence_same_split,training/notflip/0050_000000018.jpg,training/notflip/0050_000000020.jpg,notflip__0050,notflip__0050,training,training,notflip,notflip,18,20
2253,2254,0.9655937635854951,3,2,same_sequence_same_split,training/notflip/0028_000000018.jpg,training/notflip/0028_000000019.jpg,notflip__0028,notflip__0028,training,training,notflip,notflip,18,19
1697,1698,0.9655881836833654,3,0,same_sequence_same_split,training/flip/0062_000000007.jpg,training/flip/0062_000000008.jpg,flip__0062,flip__0062,training,training,flip,flip,7,8
509,2559,0.9655720438960607,1,0,same_sequence_cross_split,testing/notflip/0041_000000028.jpg,training/notflip/0041_000000030.jpg,notflip__0041,notflip__0041,testing,training,notflip,notflip,28,30
2400,2401,0.9655033609480361,2,0,same_sequence_same_split,training/notflip/0034_000000028.jpg,training/notflip/0034_000000029.jpg,notflip__0034,notflip__0034,training,training,notflip,notflip,28,29
20,693,0.9654872220715877,1,0,same_sequence_cross_split,testing/flip/0006_000000008.jpg,training/flip/0006_000000009.jpg,flip__0006,flip__0006,testing,training,flip,flip,8,9
2807,2808,0.9654777995399555,1,0,same_sequence_same_split,training/notflip/0051_000000022.jpg,training/notflip/0051_000000023.jpg,notflip__0051,notflip__0051,training,training,notflip,notflip,22,23
2794,2795,0.9654619930358379,1,0,same_sequence_same_split,training/notflip/0051_000000008.jpg,training/notflip/0051_000000009.jpg,notflip__0051,notflip__0051,training,training,notflip,notflip,8,9
1740,1741,0.9654282321183901,2,0,same_sequence_same_split,training/flip/0065_000000007.jpg,training/flip/0065_000000008.jpg,flip__0065,flip__0065,training,training,flip,flip,7,8
272,273,0.9654261873762368,1,2,same_sequence_same_split,testing/flip/0062_000000003.jpg,testing/flip/0062_000000006.jpg,flip__0062,flip__0062,testing,testing,flip,flip,3,6
2631,2635,0.9654254642783039,1,2,same_sequence_same_split,training/notflip/0044_000000020.jpg,training/notflip/0044_000000024.jpg,notflip__0044,notflip__0044,training,training,notflip,notflip,20,24
2439,2440,0.9653978008920081,2,2,same_sequence_same_split,training/notflip/0036_000000015.jpg,training/notflip/0036_000000016.jpg,notflip__0036,notflip__0036,training,training,notflip,notflip,15,16
490,2515,0.9653852075489643,0,2,same_sequence_cross_split,testing/notflip/0039_000000026.jpg,training/notflip/0039_000000027.jpg,notflip__0039,notflip__0039,testing,training,notflip,notflip,26,27
596,2981,0.965374633683264,0,0,same_sequence_cross_split,testing/notflip/0058_000000025.jpg,training/notflip/0058_000000022.jpg,notflip__0058,notflip__0058,testing,training,notflip,notflip,25,22
2365,2368,0.9653655507251204,2,4,same_sequence_same_split,training/notflip/0033_000000017.jpg,training/notflip/0033_000000021.jpg,notflip__0033,notflip__0033,training,training,notflip,notflip,17,21
547,2728,0.9653598016302267,4,0,same_sequence_cross_split,testing/notflip/0048_000000026.jpg,training/notflip/0048_000000018.jpg,notflip__0048,notflip__0048,testing,training,notflip,notflip,26,18
584,2936,0.9653470887776708,0,0,same_sequence_cross_split,testing/notflip/0056_000000027.jpg,training/notflip/0056_000000025.jpg,notflip__0056,notflip__0056,testing,training,notflip,notflip,27,25
2103,2106,0.9653441822277647,3,2,same_sequence_same_split,training/notflip/0020_000000007.jpg,training/notflip/0020_000000011.jpg,notflip__0020,notflip__0020,training,training,notflip,notflip,7,11
2671,2672,0.965331128590669,1,2,same_sequence_same_split,training/notflip/0046_000000013.jpg,training/notflip/0046_000000014.jpg,notflip__0046,notflip__0046,training,training,notflip,notflip,13,14
2799,2800,0.9653217746399442,2,0,same_sequence_same_split,training/notflip/0051_000000014.jpg,training/notflip/0051_000000015.jpg,notflip__0051,notflip__0051,training,training,notflip,notflip,14,15
1886,1887,0.9653013846392987,1,0,same_sequence_same_split,training/notflip/0006_000000004.jpg,training/notflip/0006_000000005.jpg,notflip__0006,notflip__0006,training,training,notflip,notflip,4,5
507,508,0.9653009517411618,1,0,same_sequence_same_split,testing/notflip/0041_000000021.jpg,testing/notflip/0041_000000022.jpg,notflip__0041,notflip__0041,testing,testing,notflip,notflip,21,22
2143,2145,0.9652878585692435,1,0,same_sequence_same_split,training/notflip/0023_000000026.jpg,training/notflip/0023_000000028.jpg,notflip__0023,notflip__0023,training,training,notflip,notflip,26,28
2316,2318,0.9652762062220117,2,2,same_sequence_same_split,training/notflip/0031_000000012.jpg,training/notflip/0031_000000014.jpg,notflip__0031,notflip__0031,training,training,notflip,notflip,12,14
2801,2803,0.9651947174045077,3,0,same_sequence_same_split,training/notflip/0051_000000016.jpg,training/notflip/0051_000000018.jpg,notflip__0051,notflip__0051,training,training,notflip,notflip,16,18
2151,2153,0.9651783954700991,1,0,same_sequence_same_split,training/notflip/0024_000000010.jpg,training/notflip/0024_000000012.jpg,notflip__0024,notflip__0024,training,training,notflip,notflip,10,12
2216,2219,0.9651741453338726,2,0,same_sequence_same_split,training/notflip/0027_000000005.jpg,training/notflip/0027_000000008.jpg,notflip__0027,notflip__0027,training,training,notflip,notflip,5,8
1319,1320,0.9651553788856915,1,0,same_sequence_same_split,training/flip/0042_000000008.jpg,training/flip/0042_000000009.jpg,flip__0042,flip__0042,training,training,flip,flip,8,9
383,385,0.9651356524841667,3,0,same_sequence_same_split,testing/notflip/0024_000000004.jpg,testing/notflip/0024_000000007.jpg,notflip__0024,notflip__0024,testing,testing,notflip,notflip,4,7
19,691,0.9651065894655291,2,0,same_sequence_cross_split,testing/flip/0006_000000006.jpg,training/flip/0006_000000005.jpg,flip__0006,flip__0006,testing,training,flip,flip,6,5
508,2554,0.9650954736642547,1,0,same_sequence_cross_split,testing/notflip/0041_000000022.jpg,training/notflip/0041_000000024.jpg,notflip__0041,notflip__0041,testing,training,notflip,notflip,22,24
1133,1134,0.9650847943306954,1,2,same_sequence_same_split,training/flip/0030_000000024.jpg,training/flip/0030_000000025.jpg,flip__0030,flip__0030,training,training,flip,flip,24,25
499,500,0.9650564236853436,1,0,same_sequence_same_split,testing/notflip/0040_000000017.jpg,testing/notflip/0040_000000018.jpg,notflip__0040,notflip__0040,testing,testing,notflip,notflip,17,18
2466,2469,0.9650191080568292,1,0,same_sequence_same_split,training/notflip/0037_000000026.jpg,training/notflip/0037_000000030.jpg,notflip__0037,notflip__0037,training,training,notflip,notflip,26,30
2270,2271,0.9650172973409703,1,4,same_sequence_same_split,training/notflip/0029_000000010.jpg,training/notflip/0029_000000011.jpg,notflip__0029,notflip__0029,training,training,notflip,notflip,10,11
186,1318,0.9650009957858297,2,0,same_sequence_cross_split,testing/flip/0042_000000006.jpg,training/flip/0042_000000007.jpg,flip__0042,flip__0042,testing,training,flip,flip,6,7
2184,2187,0.964992896059453,0,2,same_sequence_same_split,training/notflip/0025_000000024.jpg,training/notflip/0025_000000028.jpg,notflip__0025,notflip__0025,training,training,notflip,notflip,24,28
476,2461,0.964980960081053,1,0,same_sequence_cross_split,testing/notflip/0037_000000018.jpg,training/notflip/0037_000000020.jpg,notflip__0037,notflip__0037,testing,training,notflip,notflip,18,20
344,1963,0.9649732828552341,0,0,same_sequence_cross_split,testing/notflip/0009_000000015.jpg,training/notflip/0009_000000014.jpg,notflip__0009,notflip__0009,testing,training,notflip,notflip,15,14
1804,1805,0.964968393351731,1,0,same_sequence_same_split,training/notflip/0002_000000029.jpg,training/notflip/0002_000000030.jpg,notflip__0002,notflip__0002,training,training,notflip,notflip,29,30
2330,2331,0.9649541914793112,1,2,same_sequence_same_split,training/notflip/0032_000000001.jpg,training/notflip/0032_000000002.jpg,notflip__0032,notflip__0032,training,training,notflip,notflip,1,2
2884,2887,0.964949913824022,2,2,same_sequence_same_split,training/notflip/0054_000000022.jpg,training/notflip/0054_000000026.jpg,notflip__0054,notflip__0054,training,training,notflip,notflip,22,26
2421,2425,0.9649438287576249,1,2,same_sequence_same_split,training/notflip/0035_000000024.jpg,training/notflip/0035_000000029.jpg,notflip__0035,notflip__0035,training,training,notflip,notflip,24,29
573,574,0.9649165534309171,0,2,same_sequence_same_split,testing/notflip/0054_000000023.jpg,testing/notflip/0054_000000027.jpg,notflip__0054,notflip__0054,testing,testing,notflip,notflip,23,27
560,2810,0.9648962982833914,2,0,same_sequence_cross_split,testing/notflip/0051_000000025.jpg,training/notflip/0051_000000026.jpg,notflip__0051,notflip__0051,testing,training,notflip,notflip,25,26
2633,2636,0.9648891220494353,1,2,same_sequence_same_split,training/notflip/0044_000000022.jpg,training/notflip/0044_000000025.jpg,notflip__0044,notflip__0044,training,training,notflip,notflip,22,25
1912,1913,0.9648539136970856,1,0,same_sequence_same_split,training/notflip/0007_000000011.jpg,training/notflip/0007_000000012.jpg,notflip__0007,notflip__0007,training,training,notflip,notflip,11,12
453,2390,0.9648400049282696,2,0,same_sequence_cross_split,testing/notflip/0034_000000017.jpg,training/notflip/0034_000000016.jpg,notflip__0034,notflip__0034,testing,training,notflip,notflip,17,16
2976,2978,0.9648291534887841,1,0,same_sequence_same_split,training/notflip/0058_000000014.jpg,training/notflip/0058_000000016.jpg,notflip__0058,notflip__0058,training,training,notflip,notflip,14,16
588,2958,0.9648042378308387,0,2,same_sequence_cross_split,testing/notflip/0057_000000023.jpg,training/notflip/0057_000000021.jpg,notflip__0057,notflip__0057,testing,training,notflip,notflip,23,21
2937,2940,0.9647804243588828,0,0,same_sequence_same_split,training/notflip/0056_000000026.jpg,training/notflip/0056_000000030.jpg,notflip__0056,notflip__0056,training,training,notflip,notflip,26,30
2821,2822,0.9647431519160589,2,2,same_sequence_same_split,training/notflip/0052_000000008.jpg,training/notflip/0052_000000009.jpg,notflip__0052,notflip__0052,training,training,notflip,notflip,8,9
2263,2264,0.9647359079682178,0,0,same_sequence_same_split,training/notflip/0028_000000029.jpg,training/notflip/0028_000000030.jpg,notflip__0028,notflip__0028,training,training,notflip,notflip,29,30
2463,2465,0.9647296588109826,0,2,same_sequence_same_split,training/notflip/0037_000000022.jpg,training/notflip/0037_000000024.jpg,notflip__0037,notflip__0037,training,training,notflip,notflip,22,24
1639,1640,0.9647127169426601,3,0,same_sequence_same_split,training/flip/0060_000000009.jpg,training/flip/0060_000000010.jpg,flip__0060,flip__0060,training,training,flip,flip,9,10
2956,2959,0.9646941542436764,2,4,same_sequence_same_split,training/notflip/0057_000000019.jpg,training/notflip/0057_000000022.jpg,notflip__0057,notflip__0057,training,training,notflip,notflip,19,22
2750,2754,0.9646520216560712,0,0,same_sequence_same_split,training/notflip/0049_000000016.jpg,training/notflip/0049_000000021.jpg,notflip__0049,notflip__0049,training,training,notflip,notflip,16,21
1819,1821,0.9646355132214084,1,0,same_sequence_same_split,training/notflip/0003_000000015.jpg,training/notflip/0003_000000017.jpg,notflip__0003,notflip__0003,training,training,notflip,notflip,15,17
1589,1590,0.9646277088732903,1,0,same_sequence_same_split,training/flip/0058_000000007.jpg,training/flip/0058_000000008.jpg,flip__0058,flip__0058,training,training,flip,flip,7,8
435,437,0.9646232498556958,2,0,same_sequence_same_split,testing/notflip/0031_000000017.jpg,testing/notflip/0031_000000020.jpg,notflip__0031,notflip__0031,testing,testing,notflip,notflip,17,20
2256,2259,0.9646201702642201,1,0,same_sequence_same_split,training/notflip/0028_000000021.jpg,training/notflip/0028_000000025.jpg,notflip__0028,notflip__0028,training,training,notflip,notflip,21,25
516,2581,0.9645798381987121,1,0,same_sequence_cross_split,testing/notflip/0042_000000021.jpg,training/notflip/0042_000000022.jpg,notflip__0042,notflip__0042,testing,training,notflip,notflip,21,22
2850,2851,0.9645780550544579,2,4,same_sequence_same_split,training/notflip/0053_000000013.jpg,training/notflip/0053_000000014.jpg,notflip__0053,notflip__0053,training,training,notflip,notflip,13,14
187,1321,0.9644614278119539,1,2,same_sequence_cross_split,testing/flip/0042_000000011.jpg,training/flip/0042_000000010.jpg,flip__0042,flip__0042,testing,training,flip,flip,11,10
1975,1976,0.9644529994824917,1,0,same_sequence_same_split,training/notflip/0009_000000029.jpg,training/notflip/0009_000000030.jpg,notflip__0009,notflip__0009,training,training,notflip,notflip,29,30
2186,2189,0.9644261905767589,0,0,same_sequence_same_split,training/notflip/0025_000000027.jpg,training/notflip/0025_000000030.jpg,notflip__0025,notflip__0025,training,training,notflip,notflip,27,30
1318,1319,0.9644190118539722,1,0,same_sequence_same_split,training/flip/0042_000000007.jpg,training/flip/0042_000000008.jpg,flip__0042,flip__0042,training,training,flip,flip,7,8
2323,2326,0.9643229887941114,1,4,same_sequence_same_split,training/notflip/0031_000000024.jpg,training/notflip/0031_000000027.jpg,notflip__0031,notflip__0031,training,training,notflip,notflip,24,27
2421,2424,0.9643175741138071,1,2,same_sequence_same_split,training/notflip/0035_000000024.jpg,training/notflip/0035_000000028.jpg,notflip__0035,notflip__0035,training,training,notflip,notflip,24,28
467,2447,0.9643146158660804,1,2,same_sequence_cross_split,testing/notflip/0036_000000028.jpg,training/notflip/0036_000000024.jpg,notflip__0036,notflip__0036,testing,training,notflip,notflip,28,24
517,2581,0.9643060879758126,1,2,same_sequence_cross_split,testing/notflip/0042_000000024.jpg,training/notflip/0042_000000022.jpg,notflip__0042,notflip__0042,testing,training,notflip,notflip,24,22
372,2103,0.964267139366856,2,0,same_sequence_cross_split,testing/notflip/0020_000000010.jpg,training/notflip/0020_000000007.jpg,notflip__0020,notflip__0020,testing,training,notflip,notflip,10,7
1104,1106,0.96423915505019,1,2,same_sequence_same_split,training/flip/0029_000000006.jpg,training/flip/0029_000000008.jpg,flip__0029,flip__0029,training,training,flip,flip,6,8
19,692,0.9642284044677628,3,0,same_sequence_cross_split,testing/flip/0006_000000006.jpg,training/flip/0006_000000007.jpg,flip__0006,flip__0006,testing,training,flip,flip,6,7
1795,1797,0.9642268850213502,1,0,same_sequence_same_split,training/notflip/0002_000000017.jpg,training/notflip/0002_000000019.jpg,notflip__0002,notflip__0002,training,training,notflip,notflip,17,19
2426,2428,0.964193095861584,1,0,same_sequence_same_split,training/notflip/0035_000000030.jpg,training/notflip/0035_000000032.jpg,notflip__0035,notflip__0035,training,training,notflip,notflip,30,32
543,2709,0.9641871907694639,1,0,same_sequence_cross_split,testing/notflip/0047_000000025.jpg,training/notflip/0047_000000027.jpg,notflip__0047,notflip__0047,testing,training,notflip,notflip,25,27
421,2280,0.96418381536057,1,2,same_sequence_cross_split,testing/notflip/0029_000000025.jpg,training/notflip/0029_000000024.jpg,notflip__0029,notflip__0029,testing,training,notflip,notflip,25,24
545,2723,0.9641686476279657,2,0,same_sequence_cross_split,testing/notflip/0048_000000015.jpg,training/notflip/0048_000000012.jpg,notflip__0048,notflip__0048,testing,training,notflip,notflip,15,12
1741,1742,0.9641470194435054,2,0,same_sequence_same_split,training/flip/0065_000000008.jpg,training/flip/0065_000000009.jpg,flip__0065,flip__0065,training,training,flip,flip,8,9
465,2442,0.9641412646346214,0,0,same_sequence_cross_split,testing/notflip/0036_000000020.jpg,training/notflip/0036_000000018.jpg,notflip__0036,notflip__0036,testing,training,notflip,notflip,20,18
2882,2884,0.964116426107429,2,0,same_sequence_same_split,training/notflip/0054_000000019.jpg,training/notflip/0054_000000022.jpg,notflip__0054,notflip__0054,training,training,notflip,notflip,19,22
564,2839,0.9640957682554935,1,0,same_sequence_cross_split,testing/notflip/0052_000000029.jpg,training/notflip/0052_000000028.jpg,notflip__0052,notflip__0052,testing,training,notflip,notflip,29,28
1079,1081,0.96407823482806,0,2,same_sequence_same_split,training/flip/0028_000000006.jpg,training/flip/0028_000000008.jpg,flip__0028,flip__0028,training,training,flip,flip,6,8
510,2561,0.9640531736264832,0,2,same_sequence_cross_split,testing/notflip/0041_000000034.jpg,training/notflip/0041_000000032.jpg,notflip__0041,notflip__0041,testing,training,notflip,notflip,34,32
2662,2663,0.964019347402444,0,2,same_sequence_same_split,training/notflip/0046_000000001.jpg,training/notflip/0046_000000002.jpg,notflip__0046,notflip__0046,training,training,notflip,notflip,1,2
2344,2345,0.9639780816552571,1,2,same_sequence_same_split,training/notflip/0032_000000020.jpg,training/notflip/0032_000000021.jpg,notflip__0032,notflip__0032,training,training,notflip,notflip,20,21
553,2753,0.9639738521530888,0,0,same_sequence_cross_split,testing/notflip/0049_000000022.jpg,training/notflip/0049_000000020.jpg,notflip__0049,notflip__0049,testing,training,notflip,notflip,22,20
572,2884,0.9639543428336219,2,0,same_sequence_cross_split,testing/notflip/0054_000000020.jpg,training/notflip/0054_000000022.jpg,notflip__0054,notflip__0054,testing,training,notflip,notflip,20,22
1354,1355,0.9639494949050977,0,2,same_sequence_same_split,training/flip/0044_000000012.jpg,training/flip/0044_000000013.jpg,flip__0044,flip__0044,training,training,flip,flip,12,13
2628,2633,0.9639477084933974,0,0,same_sequence_same_split,training/notflip/0044_000000017.jpg,training/notflip/0044_000000022.jpg,notflip__0044,notflip__0044,training,training,notflip,notflip,17,22
449,2365,0.9639377659883036,1,2,same_sequence_cross_split,testing/notflip/0033_000000019.jpg,training/notflip/0033_000000017.jpg,notflip__0033,notflip__0033,testing,training,notflip,notflip,19,17
1102,1103,0.9638717706826937,2,0,same_sequence_same_split,training/flip/0029_000000004.jpg,training/flip/0029_000000005.jpg,flip__0029,flip__0029,training,training,flip,flip,4,5
300,1802,0.9638591847706631,0,0,same_sequence_cross_split,testing/notflip/0002_000000026.jpg,training/notflip/0002_000000024.jpg,notflip__0002,notflip__0002,testing,training,notflip,notflip,26,24
1640,1641,0.9638396561198537,1,2,same_sequence_same_split,training/flip/0060_000000010.jpg,training/flip/0060_000000011.jpg,flip__0060,flip__0060,training,training,flip,flip,10,11
1949,1951,0.9638218759177979,0,0,same_sequence_same_split,training/notflip/0008_000000025.jpg,training/notflip/0008_000000027.jpg,notflip__0008,notflip__0008,training,training,notflip,notflip,25,27
568,2852,0.9637179606365368,1,0,same_sequence_cross_split,testing/notflip/0053_000000016.jpg,training/notflip/0053_000000015.jpg,notflip__0053,notflip__0053,testing,training,notflip,notflip,16,15
2907,2909,0.9636846212527729,0,0,same_sequence_same_split,training/notflip/0055_000000020.jpg,training/notflip/0055_000000022.jpg,notflip__0055,notflip__0055,training,training,notflip,notflip,20,22
2383,2384,0.963659707715472,0,2,same_sequence_same_split,training/notflip/0034_000000009.jpg,training/notflip/0034_000000010.jpg,notflip__0034,notflip__0034,training,training,notflip,notflip,9,10
688,690,0.9636481980958649,1,0,same_sequence_same_split,training/flip/0006_000000002.jpg,training/flip/0006_000000004.jpg,flip__0006,flip__0006,training,training,flip,flip,2,4
2204,2205,0.9636194791595244,2,2,same_sequence_same_split,training/notflip/0026_000000019.jpg,training/notflip/0026_000000020.jpg,notflip__0026,notflip__0026,training,training,notflip,notflip,19,20
477,2462,0.9635975574567966,1,0,same_sequence_cross_split,testing/notflip/0037_000000019.jpg,training/notflip/0037_000000021.jpg,notflip__0037,notflip__0037,testing,training,notflip,notflip,19,21
570,2864,0.9635878254972927,0,0,same_sequence_cross_split,testing/notflip/0053_000000025.jpg,training/notflip/0053_000000030.jpg,notflip__0053,notflip__0053,testing,training,notflip,notflip,25,30
758,759,0.9635595602780289,0,2,same_sequence_same_split,training/flip/0009_000000003.jpg,training/flip/0009_000000004.jpg,flip__0009,flip__0009,training,training,flip,flip,3,4
594,595,0.96351649145369,0,0,same_sequence_same_split,testing/notflip/0058_000000020.jpg,testing/notflip/0058_000000021.jpg,notflip__0058,notflip__0058,testing,testing,notflip,notflip,20,21
396,2187,0.9635091526018373,2,4,same_sequence_cross_split,testing/notflip/0025_000000022.jpg,training/notflip/0025_000000028.jpg,notflip__0025,notflip__0025,testing,training,notflip,notflip,22,28
193,1351,0.9634994750772881,2,2,same_sequence_cross_split,testing/flip/0044_000000007.jpg,training/flip/0044_000000009.jpg,flip__0044,flip__0044,testing,training,flip,flip,7,9
2902,2904,0.9634803402194064,1,4,same_sequence_same_split,training/notflip/0055_000000014.jpg,training/notflip/0055_000000017.jpg,notflip__0055,notflip__0055,training,training,notflip,notflip,14,17
2186,2188,0.963403909117665,0,0,same_sequence_same_split,training/notflip/0025_000000027.jpg,training/notflip/0025_000000029.jpg,notflip__0025,notflip__0025,training,training,notflip,notflip,27,29
2231,2232,0.9633866370096253,0,0,same_sequence_same_split,training/notflip/0027_000000025.jpg,training/notflip/0027_000000026.jpg,notflip__0027,notflip__0027,training,training,notflip,notflip,25,26
1818,1821,0.9633448819309054,2,0,same_sequence_same_split,training/notflip/0003_000000014.jpg,training/notflip/0003_000000017.jpg,notflip__0003,notflip__0003,training,training,notflip,notflip,14,17
352,2027,0.9633392986337628,0,0,same_sequence_cross_split,testing/notflip/0011_000000027.jpg,training/notflip/0011_000000026.jpg,notflip__0011,notflip__0011,testing,training,notflip,notflip,27,26
437,2319,0.9632954415357672,3,0,same_sequence_cross_split,testing/notflip/0031_000000020.jpg,training/notflip/0031_000000018.jpg,notflip__0031,notflip__0031,testing,training,notflip,notflip,20,18
1349,1350,0.9632661422515965,3,2,same_sequence_same_split,training/flip/0044_000000006.jpg,training/flip/0044_000000008.jpg,flip__0044,flip__0044,training,training,flip,flip,6,8
595,2983,0.963255600414997,0,0,same_sequence_cross_split,testing/notflip/0058_000000021.jpg,training/notflip/0058_000000024.jpg,notflip__0058,notflip__0058,testing,training,notflip,notflip,21,24
433,435,0.9632379136979717,0,0,same_sequence_same_split,testing/notflip/0031_000000015.jpg,testing/notflip/0031_000000017.jpg,notflip__0031,notflip__0031,testing,testing,notflip,notflip,15,17
2255,2258,0.9631716219352034,1,0,same_sequence_same_split,training/notflip/0028_000000020.jpg,training/notflip/0028_000000023.jpg,notflip__0028,notflip__0028,training,training,notflip,notflip,20,23
2802,2804,0.9631242271566207,0,0,same_sequence_same_split,training/notflip/0051_000000017.jpg,training/notflip/0051_000000019.jpg,notflip__0051,notflip__0051,training,training,notflip,notflip,17,19
2421,2427,0.963117389258677,3,2,same_sequence_same_split,training/notflip/0035_000000024.jpg,training/notflip/0035_000000031.jpg,notflip__0035,notflip__0035,training,training,notflip,notflip,24,31
2721,2725,0.9631003355066922,3,4,same_sequence_same_split,training/notflip/0048_000000010.jpg,training/notflip/0048_000000014.jpg,notflip__0048,notflip__0048,training,training,notflip,notflip,10,14
709,711,0.9630876918345397,2,0,same_sequence_same_split,training/flip/0007_000000005.jpg,training/flip/0007_000000007.jpg,flip__0007,flip__0007,training,training,flip,flip,5,7
2697,2701,0.9630768900837109,2,4,same_sequence_same_split,training/notflip/0047_000000013.jpg,training/notflip/0047_000000017.jpg,notflip__0047,notflip__0047,training,training,notflip,notflip,13,17
2756,2757,0.9630675152676688,1,0,same_sequence_same_split,training/notflip/0049_000000024.jpg,training/notflip/0049_000000025.jpg,notflip__0049,notflip__0049,training,training,notflip,notflip,24,25
2772,2773,0.9630644020956299,0,0,same_sequence_same_split,training/notflip/0050_000000014.jpg,training/notflip/0050_000000015.jpg,notflip__0050,notflip__0050,training,training,notflip,notflip,14,15
1694,1696,0.9630382832965227,4,2,same_sequence_same_split,training/flip/0062_000000002.jpg,training/flip/0062_000000005.jpg,flip__0062,flip__0062,training,training,flip,flip,2,5
2857,2864,0.9630280302478723,0,2,same_sequence_same_split,training/notflip/0053_000000022.jpg,training/notflip/0053_000000030.jpg,notflip__0053,notflip__0053,training,training,notflip,notflip,22,30
2117,2120,0.9630179658805773,0,0,same_sequence_same_split,training/notflip/0021_000000022.jpg,training/notflip/0021_000000027.jpg,notflip__0021,notflip__0021,training,training,notflip,notflip,22,27
314,1847,0.9630168201930153,0,2,same_sequence_cross_split,testing/notflip/0004_000000023.jpg,training/notflip/0004_000000024.jpg,notflip__0004,notflip__0004,testing,training,notflip,notflip,23,24
509,2553,0.9630164709697395,1,0,same_sequence_cross_split,testing/notflip/0041_000000028.jpg,training/notflip/0041_000000023.jpg,notflip__0041,notflip__0041,testing,training,notflip,notflip,28,23
1921,1922,0.963011960762416,0,0,same_sequence_same_split,training/notflip/0007_000000020.jpg,training/notflip/0007_000000021.jpg,notflip__0007,notflip__0007,training,training,notflip,notflip,20,21
1950,1953,0.9629352594008325,0,0,same_sequence_same_split,training/notflip/0008_000000026.jpg,training/notflip/0008_000000029.jpg,notflip__0008,notflip__0008,training,training,notflip,notflip,26,29
407,2219,0.9628769809881217,2,2,same_sequence_cross_split,testing/notflip/0027_000000013.jpg,training/notflip/0027_000000008.jpg,notflip__0027,notflip__0027,testing,training,notflip,notflip,13,8
450,2373,0.962865104822589,0,2,same_sequence_cross_split,testing/notflip/0033_000000025.jpg,training/notflip/0033_000000028.jpg,notflip__0033,notflip__0033,testing,training,notflip,notflip,25,28
2325,2326,0.962834052488348,2,2,same_sequence_same_split,training/notflip/0031_000000026.jpg,training/notflip/0031_000000027.jpg,notflip__0031,notflip__0031,training,training,notflip,notflip,26,27
506,2547,0.9628208797922264,2,4,same_sequence_cross_split,testing/notflip/0041_000000015.jpg,training/notflip/0041_000000013.jpg,notflip__0041,notflip__0041,testing,training,notflip,notflip,15,13
2701,2703,0.9628195992252913,2,2,same_sequence_same_split,training/notflip/0047_000000017.jpg,training/notflip/0047_000000019.jpg,notflip__0047,notflip__0047,training,training,notflip,notflip,17,19
2301,2306,0.9628189960817236,3,2,same_sequence_same_split,training/notflip/0030_000000020.jpg,training/notflip/0030_000000029.jpg,notflip__0030,notflip__0030,training,training,notflip,notflip,20,29
2300,2306,0.9628163421960136,3,2,same_sequence_same_split,training/notflip/0030_000000019.jpg,training/notflip/0030_000000029.jpg,notflip__0030,notflip__0030,training,training,notflip,notflip,19,29
520,2608,0.962736816448752,1,0,same_sequence_cross_split,testing/notflip/0043_000000023.jpg,training/notflip/0043_000000022.jpg,notflip__0043,notflip__0043,testing,training,notflip,notflip,23,22
2222,2223,0.9627344445581552,0,0,same_sequence_same_split,training/notflip/0027_000000012.jpg,training/notflip/0027_000000014.jpg,notflip__0027,notflip__0027,training,training,notflip,notflip,12,14
2085,2090,0.9627246908752979,1,2,same_sequence_same_split,training/notflip/0019_000000014.jpg,training/notflip/0019_000000020.jpg,notflip__0019,notflip__0019,training,training,notflip,notflip,14,20
304,1822,0.9627208791108662,1,2,same_sequence_cross_split,testing/notflip/0003_000000018.jpg,training/notflip/0003_000000019.jpg,notflip__0003,notflip__0003,testing,training,notflip,notflip,18,19
2086,2090,0.9627196114414587,1,2,same_sequence_same_split,training/notflip/0019_000000016.jpg,training/notflip/0019_000000020.jpg,notflip__0019,notflip__0019,training,training,notflip,notflip,16,20
395,2187,0.9627161658412843,2,4,same_sequence_cross_split,testing/notflip/0025_000000021.jpg,training/notflip/0025_000000028.jpg,notflip__0025,notflip__0025,testing,training,notflip,notflip,21,28
1782,1783,0.9627099787090087,1,0,same_sequence_same_split,training/notflip/0001_000000029.jpg,training/notflip/0001_000000030.jpg,notflip__0001,notflip__0001,training,training,notflip,notflip,29,30
2087,2088,0.9626537355810826,0,2,same_sequence_same_split,training/notflip/0019_000000017.jpg,training/notflip/0019_000000018.jpg,notflip__0019,notflip__0019,training,training,notflip,notflip,17,18
577,2909,0.9626433870641925,2,2,same_sequence_cross_split,testing/notflip/0055_000000016.jpg,training/notflip/0055_000000022.jpg,notflip__0055,notflip__0055,testing,training,notflip,notflip,16,22
293,1769,0.962627878375872,1,0,same_sequence_cross_split,testing/notflip/0001_000000014.jpg,training/notflip/0001_000000015.jpg,notflip__0001,notflip__0001,testing,training,notflip,notflip,14,15
713,714,0.9626172280962565,0,2,same_sequence_same_split,training/flip/0007_000000010.jpg,training/flip/0007_000000011.jpg,flip__0007,flip__0007,training,training,flip,flip,10,11
957,958,0.9626110077288283,1,2,same_sequence_same_split,training/flip/0019_000000012.jpg,training/flip/0019_000000013.jpg,flip__0019,flip__0019,training,training,flip,flip,12,13
300,1801,0.9626027051591702,0,0,same_sequence_cross_split,testing/notflip/0002_000000026.jpg,training/notflip/0002_000000023.jpg,notflip__0002,notflip__0002,testing,training,notflip,notflip,26,23
1878,1879,0.9625852268718489,1,2,same_sequence_same_split,training/notflip/0005_000000026.jpg,training/notflip/0005_000000027.jpg,notflip__0005,notflip__0005,training,training,notflip,notflip,26,27
2295,2296,0.9625746005982015,1,0,same_sequence_same_split,training/notflip/0030_000000013.jpg,training/notflip/0030_000000014.jpg,notflip__0030,notflip__0030,training,training,notflip,notflip,13,14
1798,1802,0.9625696985195404,1,2,same_sequence_same_split,training/notflip/0002_000000020.jpg,training/notflip/0002_000000024.jpg,notflip__0002,notflip__0002,training,training,notflip,notflip,20,24
1993,1994,0.9625597995537652,2,0,same_sequence_same_split,training/notflip/0010_000000019.jpg,training/notflip/0010_000000020.jpg,notflip__0010,notflip__0010,training,training,notflip,notflip,19,20
2700,2704,0.962554001567178,2,2,same_sequence_same_split,training/notflip/0047_000000016.jpg,training/notflip/0047_000000020.jpg,notflip__0047,notflip__0047,training,training,notflip,notflip,16,20
2082,2084,0.9625509234404435,0,0,same_sequence_same_split,training/notflip/0019_000000010.jpg,training/notflip/0019_000000013.jpg,notflip__0019,notflip__0019,training,training,notflip,notflip,10,13
2216,2220,0.9625147703566771,2,2,same_sequence_same_split,training/notflip/0027_000000005.jpg,training/notflip/0027_000000009.jpg,notflip__0027,notflip__0027,training,training,notflip,notflip,5,9
2556,2558,0.9625108741908053,0,2,same_sequence_same_split,training/notflip/0041_000000026.jpg,training/notflip/0041_000000029.jpg,notflip__0041,notflip__0041,training,training,notflip,notflip,26,29
2295,2297,0.9625034281234806,2,0,same_sequence_same_split,training/notflip/0030_000000013.jpg,training/notflip/0030_000000015.jpg,notflip__0030,notflip__0030,training,training,notflip,notflip,13,15
2107,2109,0.9624926989533967,0,0,same_sequence_same_split,training/notflip/0020_000000012.jpg,training/notflip/0020_000000014.jpg,notflip__0020,notflip__0020,training,training,notflip,notflip,12,14
474,2460,0.962482888575003,3,0,same_sequence_cross_split,testing/notflip/0037_000000014.jpg,training/notflip/0037_000000017.jpg,notflip__0037,notflip__0037,testing,training,notflip,notflip,14,17
2099,2102,0.9624533305857114,2,2,same_sequence_same_split,training/notflip/0020_000000002.jpg,training/notflip/0020_000000006.jpg,notflip__0020,notflip__0020,training,training,notflip,notflip,2,6
386,2160,0.9624505042057401,3,2,same_sequence_cross_split,testing/notflip/0024_000000019.jpg,training/notflip/0024_000000021.jpg,notflip__0024,notflip__0024,testing,training,notflip,notflip,19,21
511,2563,0.9623891949165191,3,0,same_sequence_cross_split,testing/notflip/0041_000000036.jpg,training/notflip/0041_000000035.jpg,notflip__0041,notflip__0041,testing,training,notflip,notflip,36,35
1967,1969,0.9623622496323695,3,2,same_sequence_same_split,training/notflip/0009_000000020.jpg,training/notflip/0009_000000022.jpg,notflip__0009,notflip__0009,training,training,notflip,notflip,20,22
1924,1925,0.9623612791976507,0,0,same_sequence_same_split,training/notflip/0007_000000023.jpg,training/notflip/0007_000000024.jpg,notflip__0007,notflip__0007,training,training,notflip,notflip,23,24
2630,2634,0.9623295247827672,1,2,same_sequence_same_split,training/notflip/0044_000000019.jpg,training/notflip/0044_000000023.jpg,notflip__0044,notflip__0044,training,training,notflip,notflip,19,23
2724,2728,0.9622828644286997,1,2,same_sequence_same_split,training/notflip/0048_000000013.jpg,training/notflip/0048_000000018.jpg,notflip__0048,notflip__0048,training,training,notflip,notflip,13,18
2698,2702,0.9622383494422643,3,2,same_sequence_same_split,training/notflip/0047_000000014.jpg,training/notflip/0047_000000018.jpg,notflip__0047,notflip__0047,training,training,notflip,notflip,14,18
2162,2163,0.9622055339006625,1,0,same_sequence_same_split,training/notflip/0024_000000026.jpg,training/notflip/0024_000000027.jpg,notflip__0024,notflip__0024,training,training,notflip,notflip,26,27
397,2187,0.9621889420832599,0,2,same_sequence_cross_split,testing/notflip/0025_000000025.jpg,training/notflip/0025_000000028.jpg,notflip__0025,notflip__0025,testing,training,notflip,notflip,25,28
460,2428,0.9621843544613748,1,4,same_sequence_cross_split,testing/notflip/0035_000000026.jpg,training/notflip/0035_000000032.jpg,notflip__0035,notflip__0035,testing,training,notflip,notflip,26,32
570,2861,0.9621423536999363,0,0,same_sequence_cross_split,testing/notflip/0053_000000025.jpg,training/notflip/0053_000000027.jpg,notflip__0053,notflip__0053,testing,training,notflip,notflip,25,27
2699,2702,0.962140985247967,1,0,same_sequence_same_split,training/notflip/0047_000000015.jpg,training/notflip/0047_000000018.jpg,notflip__0047,notflip__0047,training,training,notflip,notflip,15,18
243,244,0.962110331759962,0,0,same_sequence_same_split,testing/flip/0058_000000003.jpg,testing/flip/0058_000000004.jpg,flip__0058,flip__0058,testing,testing,flip,flip,3,4
2083,2089,0.962087426077504,1,0,same_sequence_same_split,training/notflip/0019_000000011.jpg,training/notflip/0019_000000019.jpg,notflip__0019,notflip__0019,training,training,notflip,notflip,11,19
516,2578,0.9620510056987258,0,2,same_sequence_cross_split,testing/notflip/0042_000000021.jpg,training/notflip/0042_000000018.jpg,notflip__0042,notflip__0042,testing,training,notflip,notflip,21,18
369,2093,0.9620396853386161,1,0,same_sequence_cross_split,testing/notflip/0019_000000025.jpg,training/notflip/0019_000000023.jpg,notflip__0019,notflip__0019,testing,training,notflip,notflip,25,23
1794,1798,0.9620068228980024,1,0,same_sequence_same_split,training/notflip/0002_000000016.jpg,training/notflip/0002_000000020.jpg,notflip__0002,notflip__0002,training,training,notflip,notflip,16,20
9,643,0.9619966445990641,0,0,same_sequence_cross_split,testing/flip/0004_000000006.jpg,training/flip/0004_000000005.jpg,flip__0004,flip__0004,testing,training,flip,flip,6,5
1742,1743,0.961990620207975,3,0,same_sequence_same_split,training/flip/0065_000000009.jpg,training/flip/0065_000000010.jpg,flip__0065,flip__0065,training,training,flip,flip,9,10
2093,2094,0.9619886029118375,1,0,same_sequence_same_split,training/notflip/0019_000000023.jpg,training/notflip/0019_000000026.jpg,notflip__0019,notflip__0019,training,training,notflip,notflip,23,26
2758,2760,0.9619168587083526,1,0,same_sequence_same_split,training/notflip/0049_000000027.jpg,training/notflip/0049_000000030.jpg,notflip__0049,notflip__0049,training,training,notflip,notflip,27,30
486,2484,0.96190569667191,0,0,same_sequence_cross_split,testing/notflip/0038_000000022.jpg,training/notflip/0038_000000021.jpg,notflip__0038,notflip__0038,testing,training,notflip,notflip,22,21
2455,2456,0.9618432050584326,1,4,same_sequence_same_split,training/notflip/0037_000000009.jpg,training/notflip/0037_000000011.jpg,notflip__0037,notflip__0037,training,training,notflip,notflip,9,11
485,2484,0.9618279331978007,1,0,same_sequence_cross_split,testing/notflip/0038_000000020.jpg,training/notflip/0038_000000021.jpg,notflip__0038,notflip__0038,testing,training,notflip,notflip,20,21
1798,1801,0.9618158686899428,1,2,same_sequence_same_split,training/notflip/0002_000000020.jpg,training/notflip/0002_000000023.jpg,notflip__0002,notflip__0002,training,training,notflip,notflip,20,23
412,2257,0.9617778645583797,0,0,same_sequence_cross_split,testing/notflip/0028_000000024.jpg,training/notflip/0028_000000022.jpg,notflip__0028,notflip__0028,testing,training,notflip,notflip,24,22
243,1587,0.9617664105209679,3,0,same_sequence_cross_split,testing/flip/0058_000000003.jpg,training/flip/0058_000000002.jpg,flip__0058,flip__0058,testing,training,flip,flip,3,2
564,2840,0.9617634789008914,1,2,same_sequence_cross_split,testing/notflip/0052_000000029.jpg,training/notflip/0052_000000030.jpg,notflip__0052,notflip__0052,testing,training,notflip,notflip,29,30
285,1738,0.961694423372503,1,0,same_sequence_cross_split,testing/flip/0065_000000005.jpg,training/flip/0065_000000004.jpg,flip__0065,flip__0065,testing,training,flip,flip,5,4
2628,2636,0.9616905137192644,1,2,same_sequence_same_split,training/notflip/0044_000000017.jpg,training/notflip/0044_000000025.jpg,notflip__0044,notflip__0044,training,training,notflip,notflip,17,25
2698,2703,0.9616395404721846,4,4,same_sequence_same_split,training/notflip/0047_000000014.jpg,training/notflip/0047_000000019.jpg,notflip__0047,notflip__0047,training,training,notflip,notflip,14,19
577,2905,0.9616278218734131,2,2,same_sequence_cross_split,testing/notflip/0055_000000016.jpg,training/notflip/0055_000000018.jpg,notflip__0055,notflip__0055,testing,training,notflip,notflip,16,18
468,2449,0.9616097091617041,3,0,same_sequence_cross_split,testing/notflip/0036_000000030.jpg,training/notflip/0036_000000027.jpg,notflip__0036,notflip__0036,testing,training,notflip,notflip,30,27
2233,2235,0.9615899904559707,2,0,same_sequence_same_split,training/notflip/0027_000000027.jpg,training/notflip/0027_000000029.jpg,notflip__0027,notflip__0027,training,training,notflip,notflip,27,29
570,2857,0.9615880781177606,0,2,same_sequence_cross_split,testing/notflip/0053_000000025.jpg,training/notflip/0053_000000022.jpg,notflip__0053,notflip__0053,testing,training,notflip,notflip,25,22
592,2978,0.9615603780589732,1,2,same_sequence_cross_split,testing/notflip/0058_000000013.jpg,training/notflip/0058_000000016.jpg,notflip__0058,notflip__0058,testing,training,notflip,notflip,13,16
1744,1745,0.9615453686639894,1,0,same_sequence_same_split,training/flip/0065_000000011.jpg,training/flip/0065_000000012.jpg,flip__0065,flip__0065,training,training,flip,flip,11,12
2478,2479,0.9615303746156337,3,2,same_sequence_same_split,training/notflip/0038_000000014.jpg,training/notflip/0038_000000015.jpg,notflip__0038,notflip__0038,training,training,notflip,notflip,14,15
1772,1775,0.9615062539714742,3,0,same_sequence_same_split,training/notflip/0001_000000018.jpg,training/notflip/0001_000000021.jpg,notflip__0001,notflip__0001,training,training,notflip,notflip,18,21
332,1926,0.9614941820395323,0,0,same_sequence_cross_split,testing/notflip/0007_000000025.jpg,training/notflip/0007_000000026.jpg,notflip__0007,notflip__0007,testing,training,notflip,notflip,25,26
2706,2710,0.9614780169661776,0,0,same_sequence_same_split,training/notflip/0047_000000022.jpg,training/notflip/0047_000000028.jpg,notflip__0047,notflip__0047,training,training,notflip,notflip,22,28
558,2789,0.9614580415372886,3,2,same_sequence_cross_split,testing/notflip/0051_000000002.jpg,training/notflip/0051_000000003.jpg,notflip__0051,notflip__0051,testing,training,notflip,notflip,2,3
1145,1146,0.9614565837481355,0,2,same_sequence_same_split,training/flip/0031_000000014.jpg,training/flip/0031_000000015.jpg,flip__0031,flip__0031,training,training,flip,flip,14,15
2854,2856,0.9614133601582763,1,2,same_sequence_same_split,training/notflip/0053_000000019.jpg,training/notflip/0053_000000021.jpg,notflip__0053,notflip__0053,training,training,notflip,notflip,19,21
1302,1303,0.9613647926178435,2,4,same_sequence_same_split,training/flip/0041_000000011.jpg,training/flip/0041_000000012.jpg,flip__0041,flip__0041,training,training,flip,flip,11,12
2978,2980,0.9613499250020227,0,0,same_sequence_same_split,training/notflip/0058_000000016.jpg,training/notflip/0058_000000019.jpg,notflip__0058,notflip__0058,training,training,notflip,notflip,16,19
2099,2101,0.9613460214258096,1,0,same_sequence_same_split,training/notflip/0020_000000002.jpg,training/notflip/0020_000000005.jpg,notflip__0020,notflip__0020,training,training,notflip,notflip,2,5
448,2365,0.9612992661356206,0,4,same_sequence_cross_split,testing/notflip/0033_000000015.jpg,training/notflip/0033_000000017.jpg,notflip__0033,notflip__0033,testing,training,notflip,notflip,15,17
765,766,0.961260841297219,0,2,same_sequence_same_split,training/flip/0009_000000011.jpg,training/flip/0009_000000012.jpg,flip__0009,flip__0009,training,training,flip,flip,11,12
2629,2635,0.9612537880889328,2,2,same_sequence_same_split,training/notflip/0044_000000018.jpg,training/notflip/0044_000000024.jpg,notflip__0044,notflip__0044,training,training,notflip,notflip,18,24
284,1736,0.9612293123927835,1,0,same_sequence_cross_split,testing/flip/0065_000000001.jpg,training/flip/0065_000000002.jpg,flip__0065,flip__0065,testing,training,flip,flip,1,2
294,1779,0.9612270597377018,0,0,same_sequence_cross_split,testing/notflip/0001_000000024.jpg,training/notflip/0001_000000026.jpg,notflip__0001,notflip__0001,testing,training,notflip,notflip,24,26
1791,1793,0.9612257675681265,0,0,same_sequence_same_split,training/notflip/0002_000000011.jpg,training/notflip/0002_000000014.jpg,notflip__0002,notflip__0002,training,training,notflip,notflip,11,14
2442,2444,0.9612165466059459,0,2,same_sequence_same_split,training/notflip/0036_000000018.jpg,training/notflip/0036_000000021.jpg,notflip__0036,notflip__0036,training,training,notflip,notflip,18,21
2153,2155,0.9612077074363472,0,0,same_sequence_same_split,training/notflip/0024_000000012.jpg,training/notflip/0024_000000014.jpg,notflip__0024,notflip__0024,training,training,notflip,notflip,12,14
531,2655,0.9611603161275789,2,0,same_sequence_cross_split,testing/notflip/0045_000000022.jpg,training/notflip/0045_000000020.jpg,notflip__0045,notflip__0045,testing,training,notflip,notflip,22,20
2728,2733,0.9611586421826045,4,0,same_sequence_same_split,training/notflip/0048_000000018.jpg,training/notflip/0048_000000023.jpg,notflip__0048,notflip__0048,training,training,notflip,notflip,18,23
2555,2558,0.961156008216812,1,0,same_sequence_same_split,training/notflip/0041_000000025.jpg,training/notflip/0041_000000029.jpg,notflip__0041,notflip__0041,training,training,notflip,notflip,25,29
2628,2634,0.96114584988641,1,2,same_sequence_same_split,training/notflip/0044_000000017.jpg,training/notflip/0044_000000023.jpg,notflip__0044,notflip__0044,training,training,notflip,notflip,17,23
2232,2234,0.9611239856802375,0,2,same_sequence_same_split,training/notflip/0027_000000026.jpg,training/notflip/0027_000000028.jpg,notflip__0027,notflip__0027,training,training,notflip,notflip,26,28
2117,2119,0.9611201474673274,0,2,same_sequence_same_split,training/notflip/0021_000000022.jpg,training/notflip/0021_000000025.jpg,notflip__0021,notflip__0021,training,training,notflip,notflip,22,25
2348,2349,0.9611076784425996,0,2,same_sequence_same_split,training/notflip/0032_000000024.jpg,training/notflip/0032_000000025.jpg,notflip__0032,notflip__0032,training,training,notflip,notflip,24,25
532,2654,0.9611035507018751,2,0,same_sequence_cross_split,testing/notflip/0045_000000026.jpg,training/notflip/0045_000000019.jpg,notflip__0045,notflip__0045,testing,training,notflip,notflip,26,19
2800,2801,0.9610773722497495,2,0,same_sequence_same_split,training/notflip/0051_000000015.jpg,training/notflip/0051_000000016.jpg,notflip__0051,notflip__0051,training,training,notflip,notflip,15,16
478,2468,0.9610512842436995,1,0,same_sequence_cross_split,testing/notflip/0037_000000025.jpg,training/notflip/0037_000000029.jpg,notflip__0037,notflip__0037,testing,training,notflip,notflip,25,29
2211,2212,0.9610356419183588,1,0,same_sequence_same_split,training/notflip/0026_000000027.jpg,training/notflip/0026_000000028.jpg,notflip__0026,notflip__0026,training,training,notflip,notflip,27,28
588,2957,0.9610059539998906,0,4,same_sequence_cross_split,testing/notflip/0057_000000023.jpg,training/notflip/0057_000000020.jpg,notflip__0057,notflip__0057,testing,training,notflip,notflip,23,20
2675,2678,0.9609945542221556,2,0,same_sequence_same_split,training/notflip/0046_000000017.jpg,training/notflip/0046_000000020.jpg,notflip__0046,notflip__0046,training,training,notflip,notflip,17,20
2079,2081,0.9609827191428433,2,2,same_sequence_same_split,training/notflip/0019_000000007.jpg,training/notflip/0019_000000009.jpg,notflip__0019,notflip__0019,training,training,notflip,notflip,7,9
380,2143,0.9609396957423535,1,0,same_sequence_cross_split,testing/notflip/0023_000000029.jpg,training/notflip/0023_000000026.jpg,notflip__0023,notflip__0023,testing,training,notflip,notflip,29,26
2462,2464,0.9609391051905386,0,2,same_sequence_same_split,training/notflip/0037_000000021.jpg,training/notflip/0037_000000023.jpg,notflip__0037,notflip__0037,training,training,notflip,notflip,21,23
2699,2705,0.9609163423064245,1,2,same_sequence_same_split,training/notflip/0047_000000015.jpg,training/notflip/0047_000000021.jpg,notflip__0047,notflip__0047,training,training,notflip,notflip,15,21
2106,2108,0.9609055818935062,0,0,same_sequence_same_split,training/notflip/0020_000000011.jpg,training/notflip/0020_000000013.jpg,notflip__0020,notflip__0020,training,training,notflip,notflip,11,13
2215,2216,0.9609001919595429,1,0,same_sequence_same_split,training/notflip/0027_000000003.jpg,training/notflip/0027_000000005.jpg,notflip__0027,notflip__0027,training,training,notflip,notflip,3,5
1793,1795,0.9608617055644492,0,0,same_sequence_same_split,training/notflip/0002_000000014.jpg,training/notflip/0002_000000017.jpg,notflip__0002,notflip__0002,training,training,notflip,notflip,14,17
211,1426,0.9608422385991866,1,2,same_sequence_cross_split,testing/flip/0048_000000010.jpg,training/flip/0048_000000009.jpg,flip__0048,flip__0048,testing,training,flip,flip,10,9
2371,2375,0.9608278979618264,2,0,same_sequence_same_split,training/notflip/0033_000000024.jpg,training/notflip/0033_000000030.jpg,notflip__0033,notflip__0033,training,training,notflip,notflip,24,30
2829,2830,0.9608078278768035,1,0,same_sequence_same_split,training/notflip/0052_000000017.jpg,training/notflip/0052_000000018.jpg,notflip__0052,notflip__0052,training,training,notflip,notflip,17,18
2905,2910,0.9608071786072498,1,0,same_sequence_same_split,training/notflip/0055_000000018.jpg,training/notflip/0055_000000023.jpg,notflip__0055,notflip__0055,training,training,notflip,notflip,18,23
2798,2805,0.9607782596433883,1,0,same_sequence_same_split,training/notflip/0051_000000013.jpg,training/notflip/0051_000000020.jpg,notflip__0051,notflip__0051,training,training,notflip,notflip,13,20
2371,2372,0.9607701309747285,3,0,same_sequence_same_split,training/notflip/0033_000000024.jpg,training/notflip/0033_000000026.jpg,notflip__0033,notflip__0033,training,training,notflip,notflip,24,26
2554,2558,0.9607113256175085,1,0,same_sequence_same_split,training/notflip/0041_000000024.jpg,training/notflip/0041_000000029.jpg,notflip__0041,notflip__0041,training,training,notflip,notflip,24,29
2774,2776,0.9607107573761139,0,0,same_sequence_same_split,training/notflip/0050_000000016.jpg,training/notflip/0050_000000018.jpg,notflip__0050,notflip__0050,training,training,notflip,notflip,16,18
516,517,0.9607037678647163,2,2,same_sequence_same_split,testing/notflip/0042_000000021.jpg,testing/notflip/0042_000000024.jpg,notflip__0042,notflip__0042,testing,testing,notflip,notflip,21,24
418,419,0.9606995450424655,1,2,same_sequence_same_split,testing/notflip/0029_000000017.jpg,testing/notflip/0029_000000018.jpg,notflip__0029,notflip__0029,testing,testing,notflip,notflip,17,18
2079,2082,0.960672401042716,1,2,same_sequence_same_split,training/notflip/0019_000000007.jpg,training/notflip/0019_000000010.jpg,notflip__0019,notflip__0019,training,training,notflip,notflip,7,10
273,1694,0.9606621308246807,3,2,same_sequence_cross_split,testing/flip/0062_000000006.jpg,training/flip/0062_000000002.jpg,flip__0062,flip__0062,testing,training,flip,flip,6,2
2944,2945,0.9606475318509026,1,2,same_sequence_same_split,training/notflip/0057_000000005.jpg,training/notflip/0057_000000006.jpg,notflip__0057,notflip__0057,training,training,notflip,notflip,5,6
2422,2428,0.9606395021164611,1,2,same_sequence_same_split,training/notflip/0035_000000025.jpg,training/notflip/0035_000000032.jpg,notflip__0035,notflip__0035,training,training,notflip,notflip,25,32
2743,2744,0.96063460483434,2,2,same_sequence_same_split,training/notflip/0049_000000007.jpg,training/notflip/0049_000000008.jpg,notflip__0049,notflip__0049,training,training,notflip,notflip,7,8
2324,2326,0.9606196163330708,2,2,same_sequence_same_split,training/notflip/0031_000000025.jpg,training/notflip/0031_000000027.jpg,notflip__0031,notflip__0031,training,training,notflip,notflip,25,27
573,2883,0.9606136263801474,2,0,same_sequence_cross_split,testing/notflip/0054_000000023.jpg,training/notflip/0054_000000021.jpg,notflip__0054,notflip__0054,testing,training,notflip,notflip,23,21
472,2455,0.9606094541697779,3,2,same_sequence_cross_split,testing/notflip/0037_000000008.jpg,training/notflip/0037_000000009.jpg,notflip__0037,notflip__0037,testing,training,notflip,notflip,8,9
1813,1814,0.9605902010093201,0,2,same_sequence_same_split,training/notflip/0003_000000009.jpg,training/notflip/0003_000000010.jpg,notflip__0003,notflip__0003,training,training,notflip,notflip,9,10
2576,2578,0.96056668381537,1,0,same_sequence_same_split,training/notflip/0042_000000016.jpg,training/notflip/0042_000000018.jpg,notflip__0042,notflip__0042,training,training,notflip,notflip,16,18
2373,2375,0.9605663244685578,3,2,same_sequence_same_split,training/notflip/0033_000000028.jpg,training/notflip/0033_000000030.jpg,notflip__0033,notflip__0033,training,training,notflip,notflip,28,30
349,1999,0.9605436585446334,1,2,same_sequence_cross_split,testing/notflip/0010_000000026.jpg,training/notflip/0010_000000025.jpg,notflip__0010,notflip__0010,testing,training,notflip,notflip,26,25
2523,2524,0.9605226778699221,1,2,same_sequence_same_split,training/notflip/0040_000000009.jpg,training/notflip/0040_000000010.jpg,notflip__0040,notflip__0040,training,training,notflip,notflip,9,10
1797,1802,0.9605087039420628,1,2,same_sequence_same_split,training/notflip/0002_000000019.jpg,training/notflip/0002_000000024.jpg,notflip__0002,notflip__0002,training,training,notflip,notflip,19,24
2656,2658,0.960504149051677,1,0,same_sequence_same_split,training/notflip/0045_000000021.jpg,training/notflip/0045_000000024.jpg,notflip__0045,notflip__0045,training,training,notflip,notflip,21,24
2155,2158,0.9604802100822605,3,4,same_sequence_same_split,training/notflip/0024_000000014.jpg,training/notflip/0024_000000017.jpg,notflip__0024,notflip__0024,training,training,notflip,notflip,14,17
1797,1801,0.9604709815508445,1,2,same_sequence_same_split,training/notflip/0002_000000019.jpg,training/notflip/0002_000000023.jpg,notflip__0002,notflip__0002,training,training,notflip,notflip,19,23
2102,2103,0.9604608353345871,1,0,same_sequence_same_split,training/notflip/0020_000000006.jpg,training/notflip/0020_000000007.jpg,notflip__0020,notflip__0020,training,training,notflip,notflip,6,7
547,2735,0.9604197852839289,1,0,same_sequence_cross_split,testing/notflip/0048_000000026.jpg,training/notflip/0048_000000027.jpg,notflip__0048,notflip__0048,testing,training,notflip,notflip,26,27
2629,2636,0.9604175294621493,1,2,same_sequence_same_split,training/notflip/0044_000000018.jpg,training/notflip/0044_000000025.jpg,notflip__0044,notflip__0044,training,training,notflip,notflip,18,25
2703,2710,0.9604115309414423,2,0,same_sequence_same_split,training/notflip/0047_000000019.jpg,training/notflip/0047_000000028.jpg,notflip__0047,notflip__0047,training,training,notflip,notflip,19,28
2800,2804,0.9603572113035613,3,0,same_sequence_same_split,training/notflip/0051_000000015.jpg,training/notflip/0051_000000019.jpg,notflip__0051,notflip__0051,training,training,notflip,notflip,15,19
2344,2348,0.9603222542572589,3,2,same_sequence_same_split,training/notflip/0032_000000020.jpg,training/notflip/0032_000000024.jpg,notflip__0032,notflip__0032,training,training,notflip,notflip,20,24
468,2448,0.9602938321711553,3,0,same_sequence_cross_split,testing/notflip/0036_000000030.jpg,training/notflip/0036_000000026.jpg,notflip__0036,notflip__0036,testing,training,notflip,notflip,30,26
1595,1596,0.960289823599255,1,2,same_sequence_same_split,training/flip/0058_000000013.jpg,training/flip/0058_000000014.jpg,flip__0058,flip__0058,training,training,flip,flip,13,14
2704,2710,0.960277728277564,2,0,same_sequence_same_split,training/notflip/0047_000000020.jpg,training/notflip/0047_000000028.jpg,notflip__0047,notflip__0047,training,training,notflip,notflip,20,28
1794,1797,0.9602362879895538,1,0,same_sequence_same_split,training/notflip/0002_000000016.jpg,training/notflip/0002_000000019.jpg,notflip__0002,notflip__0002,training,training,notflip,notflip,16,19
1781,1783,0.9602286703175459,1,0,same_sequence_same_split,training/notflip/0001_000000028.jpg,training/notflip/0001_000000030.jpg,notflip__0001,notflip__0001,training,training,notflip,notflip,28,30
2832,2833,0.9602255107545089,4,0,same_sequence_same_split,training/notflip/0052_000000020.jpg,training/notflip/0052_000000021.jpg,notflip__0052,notflip__0052,training,training,notflip,notflip,20,21
2800,2802,0.9602158168380471,3,0,same_sequence_same_split,training/notflip/0051_000000015.jpg,training/notflip/0051_000000017.jpg,notflip__0051,notflip__0051,training,training,notflip,notflip,15,17
2347,2348,0.9602110882312197,2,0,same_sequence_same_split,training/notflip/0032_000000023.jpg,training/notflip/0032_000000024.jpg,notflip__0032,notflip__0032,training,training,notflip,notflip,23,24
2584,2585,0.9601863262164095,3,2,same_sequence_same_split,training/notflip/0042_000000026.jpg,training/notflip/0042_000000028.jpg,notflip__0042,notflip__0042,training,training,notflip,notflip,26,28
2098,2100,0.9601566176574764,1,2,same_sequence_same_split,training/notflip/0020_000000001.jpg,training/notflip/0020_000000003.jpg,notflip__0020,notflip__0020,training,training,notflip,notflip,1,3
574,2889,0.9601542989698281,2,0,same_sequence_cross_split,testing/notflip/0054_000000027.jpg,training/notflip/0054_000000029.jpg,notflip__0054,notflip__0054,testing,training,notflip,notflip,27,29
586,2946,0.9601315476311006,0,2,same_sequence_cross_split,testing/notflip/0057_000000007.jpg,training/notflip/0057_000000008.jpg,notflip__0057,notflip__0057,testing,training,notflip,notflip,7,8
2421,2426,0.9601193219472101,1,2,same_sequence_same_split,training/notflip/0035_000000024.jpg,training/notflip/0035_000000030.jpg,notflip__0035,notflip__0035,training,training,notflip,notflip,24,30
875,876,0.9600976042217376,1,2,same_sequence_same_split,training/flip/0015_000000006.jpg,training/flip/0015_000000007.jpg,flip__0015,flip__0015,training,training,flip,flip,6,7
2575,2578,0.9600737561789731,1,0,same_sequence_same_split,training/notflip/0042_000000015.jpg,training/notflip/0042_000000018.jpg,notflip__0042,notflip__0042,training,training,notflip,notflip,15,18
544,2709,0.9600332109898512,0,0,same_sequence_cross_split,testing/notflip/0047_000000029.jpg,training/notflip/0047_000000027.jpg,notflip__0047,notflip__0047,testing,training,notflip,notflip,29,27
402,2212,0.9600029963325891,2,0,same_sequence_cross_split,testing/notflip/0026_000000024.jpg,training/notflip/0026_000000028.jpg,notflip__0026,notflip__0026,testing,training,notflip,notflip,24,28
2181,2187,0.9599935256314605,3,4,same_sequence_same_split,training/notflip/0025_000000019.jpg,training/notflip/0025_000000028.jpg,notflip__0025,notflip__0025,training,training,notflip,notflip,19,28
1789,1791,0.9599894005026213,0,0,same_sequence_same_split,training/notflip/0002_000000009.jpg,training/notflip/0002_000000011.jpg,notflip__0002,notflip__0002,training,training,notflip,notflip,9,11
1693,1696,0.9599753072567224,3,2,same_sequence_same_split,training/flip/0062_000000001.jpg,training/flip/0062_000000005.jpg,flip__0062,flip__0062,training,training,flip,flip,1,5
81,896,0.9599739183245775,3,0,same_sequence_cross_split,testing/flip/0016_000000004.jpg,training/flip/0016_000000003.jpg,flip__0016,flip__0016,testing,training,flip,flip,4,3
508,2557,0.9599698655690959,2,0,same_sequence_cross_split,testing/notflip/0041_000000022.jpg,training/notflip/0041_000000027.jpg,notflip__0041,notflip__0041,testing,training,notflip,notflip,22,27
538,2684,0.9599278912560425,1,0,same_sequence_cross_split,testing/notflip/0046_000000027.jpg,training/notflip/0046_000000026.jpg,notflip__0046,notflip__0046,testing,training,notflip,notflip,27,26
1880,1881,0.9599246613360298,1,0,same_sequence_same_split,training/notflip/0005_000000028.jpg,training/notflip/0005_000000029.jpg,notflip__0005,notflip__0005,training,training,notflip,notflip,28,29
388,2160,0.959915614498034,1,0,same_sequence_cross_split,testing/notflip/0024_000000022.jpg,training/notflip/0024_000000021.jpg,notflip__0024,notflip__0024,testing,training,notflip,notflip,22,21
315,1849,0.959894641433001,2,2,same_sequence_cross_split,testing/notflip/0004_000000029.jpg,training/notflip/0004_000000026.jpg,notflip__0004,notflip__0004,testing,training,notflip,notflip,29,26
2181,2184,0.9598730470065207,3,2,same_sequence_same_split,training/notflip/0025_000000019.jpg,training/notflip/0025_000000024.jpg,notflip__0025,notflip__0025,training,training,notflip,notflip,19,24
568,2856,0.9598382229766329,1,2,same_sequence_cross_split,testing/notflip/0053_000000016.jpg,training/notflip/0053_000000021.jpg,notflip__0053,notflip__0053,testing,training,notflip,notflip,16,21
374,2114,0.9598194219789059,1,0,same_sequence_cross_split,testing/notflip/0020_000000019.jpg,training/notflip/0020_000000021.jpg,notflip__0020,notflip__0020,testing,training,notflip,notflip,19,21
299,1796,0.9597879488444033,1,0,same_sequence_cross_split,testing/notflip/0002_000000015.jpg,training/notflip/0002_000000018.jpg,notflip__0002,notflip__0002,testing,training,notflip,notflip,15,18
2365,2367,0.9597844777772014,2,4,same_sequence_same_split,training/notflip/0033_000000017.jpg,training/notflip/0033_000000020.jpg,notflip__0033,notflip__0033,training,training,notflip,notflip,17,20
1347,1349,0.9597813445996093,3,2,same_sequence_same_split,training/flip/0044_000000004.jpg,training/flip/0044_000000006.jpg,flip__0044,flip__0044,training,training,flip,flip,4,6
2782,2787,0.9597473551212109,0,0,same_sequence_same_split,training/notflip/0050_000000024.jpg,training/notflip/0050_000000029.jpg,notflip__0050,notflip__0050,training,training,notflip,notflip,24,29
2302,2303,0.9597461568506992,3,0,same_sequence_same_split,training/notflip/0030_000000021.jpg,training/notflip/0030_000000025.jpg,notflip__0030,notflip__0030,training,training,notflip,notflip,21,25
2651,2652,0.9597435460285685,1,4,same_sequence_same_split,training/notflip/0045_000000014.jpg,training/notflip/0045_000000015.jpg,notflip__0045,notflip__0045,training,training,notflip,notflip,14,15
406,2223,0.9597403794349041,2,0,same_sequence_cross_split,testing/notflip/0027_000000010.jpg,training/notflip/0027_000000014.jpg,notflip__0027,notflip__0027,testing,training,notflip,notflip,10,14
459,2415,0.9597365311161448,3,2,same_sequence_cross_split,testing/notflip/0035_000000016.jpg,training/notflip/0035_000000018.jpg,notflip__0035,notflip__0035,testing,training,notflip,notflip,16,18
1995,1996,0.9596651905494225,2,0,same_sequence_same_split,training/notflip/0010_000000021.jpg,training/notflip/0010_000000022.jpg,notflip__0010,notflip__0010,training,training,notflip,notflip,21,22
1245,1246,0.9596600245045959,0,2,same_sequence_same_split,training/flip/0038_000000029.jpg,training/flip/0038_000000030.jpg,flip__0038,flip__0038,training,training,flip,flip,29,30
1793,1794,0.9596578137136593,2,0,same_sequence_same_split,training/notflip/0002_000000014.jpg,training/notflip/0002_000000016.jpg,notflip__0002,notflip__0002,training,training,notflip,notflip,14,16
507,2552,0.9596264581465856,1,0,same_sequence_cross_split,testing/notflip/0041_000000021.jpg,training/notflip/0041_000000020.jpg,notflip__0041,notflip__0041,testing,training,notflip,notflip,21,20
2773,2774,0.959618626450429,0,2,same_sequence_same_split,training/notflip/0050_000000015.jpg,training/notflip/0050_000000016.jpg,notflip__0050,notflip__0050,training,training,notflip,notflip,15,16
576,2902,0.9595899110065362,1,0,same_sequence_cross_split,testing/notflip/0055_000000013.jpg,training/notflip/0055_000000014.jpg,notflip__0055,notflip__0055,testing,training,notflip,notflip,13,14
2702,2710,0.9595783811544512,1,2,same_sequence_same_split,training/notflip/0047_000000018.jpg,training/notflip/0047_000000028.jpg,notflip__0047,notflip__0047,training,training,notflip,notflip,18,28
1770,1773,0.9595700321666036,1,0,same_sequence_same_split,training/notflip/0001_000000016.jpg,training/notflip/0001_000000019.jpg,notflip__0001,notflip__0001,training,training,notflip,notflip,16,19
406,2217,0.959543267508799,2,2,same_sequence_cross_split,testing/notflip/0027_000000010.jpg,training/notflip/0027_000000006.jpg,notflip__0027,notflip__0027,testing,training,notflip,notflip,10,6
406,2218,0.9595032057572226,2,2,same_sequence_cross_split,testing/notflip/0027_000000010.jpg,training/notflip/0027_000000007.jpg,notflip__0027,notflip__0027,testing,training,notflip,notflip,10,7
2532,2534,0.9594967739865508,0,0,same_sequence_same_split,training/notflip/0040_000000024.jpg,training/notflip/0040_000000026.jpg,notflip__0040,notflip__0040,training,training,notflip,notflip,24,26
503,2540,0.9594842047640111,0,0,same_sequence_cross_split,testing/notflip/0041_000000006.jpg,training/notflip/0041_000000004.jpg,notflip__0041,notflip__0041,testing,training,notflip,notflip,6,4
1811,1812,0.9594498783289692,0,0,same_sequence_same_split,training/notflip/0003_000000007.jpg,training/notflip/0003_000000008.jpg,notflip__0003,notflip__0003,training,training,notflip,notflip,7,8
1997,1998,0.9594381470856681,1,2,same_sequence_same_split,training/notflip/0010_000000023.jpg,training/notflip/0010_000000024.jpg,notflip__0010,notflip__0010,training,training,notflip,notflip,23,24
2506,2507,0.9593623708937139,0,0,same_sequence_same_split,training/notflip/0039_000000016.jpg,training/notflip/0039_000000017.jpg,notflip__0039,notflip__0039,training,training,notflip,notflip,16,17
2181,2188,0.9592922229303182,3,4,same_sequence_same_split,training/notflip/0025_000000019.jpg,training/notflip/0025_000000029.jpg,notflip__0025,notflip__0025,training,training,notflip,notflip,19,29
2255,2259,0.9592895681472223,2,0,same_sequence_same_split,training/notflip/0028_000000020.jpg,training/notflip/0028_000000025.jpg,notflip__0028,notflip__0028,training,training,notflip,notflip,20,25
2345,2346,0.9592850182455099,2,2,same_sequence_same_split,training/notflip/0032_000000021.jpg,training/notflip/0032_000000022.jpg,notflip__0032,notflip__0032,training,training,notflip,notflip,21,22
2685,2686,0.9592156994329207,1,2,same_sequence_same_split,training/notflip/0046_000000029.jpg,training/notflip/0046_000000030.jpg,notflip__0046,notflip__0046,training,training,notflip,notflip,29,30
460,2420,0.9591396355690229,3,2,same_sequence_cross_split,testing/notflip/0035_000000026.jpg,training/notflip/0035_000000023.jpg,notflip__0035,notflip__0035,testing,training,notflip,notflip,26,23
1922,1923,0.9591348705068128,0,0,same_sequence_same_split,training/notflip/0007_000000021.jpg,training/notflip/0007_000000022.jpg,notflip__0007,notflip__0007,training,training,notflip,notflip,21,22
338,1948,0.9591133817535333,3,0,same_sequence_cross_split,testing/notflip/0008_000000023.jpg,training/notflip/0008_000000024.jpg,notflip__0008,notflip__0008,testing,training,notflip,notflip,23,24
2722,2724,0.959112653753169,3,0,same_sequence_same_split,training/notflip/0048_000000011.jpg,training/notflip/0048_000000013.jpg,notflip__0048,notflip__0048,training,training,notflip,notflip,11,13
2741,2742,0.9591072980650076,2,4,same_sequence_same_split,training/notflip/0049_000000004.jpg,training/notflip/0049_000000005.jpg,notflip__0049,notflip__0049,training,training,notflip,notflip,4,5
2574,2575,0.9590758793501698,1,0,same_sequence_same_split,training/notflip/0042_000000014.jpg,training/notflip/0042_000000015.jpg,notflip__0042,notflip__0042,training,training,notflip,notflip,14,15
2254,2257,0.9590660465321506,3,2,same_sequence_same_split,training/notflip/0028_000000019.jpg,training/notflip/0028_000000022.jpg,notflip__0028,notflip__0028,training,training,notflip,notflip,19,22
2628,2632,0.959054491073993,0,0,same_sequence_same_split,training/notflip/0044_000000017.jpg,training/notflip/0044_000000021.jpg,notflip__0044,notflip__0044,training,training,notflip,notflip,17,21
2148,2149,0.9590477418303565,3,0,same_sequence_same_split,training/notflip/0024_000000005.jpg,training/notflip/0024_000000008.jpg,notflip__0024,notflip__0024,training,training,notflip,notflip,5,8
1695,1697,0.9590269422957525,2,0,same_sequence_same_split,training/flip/0062_000000004.jpg,training/flip/0062_000000007.jpg,flip__0062,flip__0062,training,training,flip,flip,4,7
2181,2185,0.9590148748191439,3,2,same_sequence_same_split,training/notflip/0025_000000019.jpg,training/notflip/0025_000000026.jpg,notflip__0025,notflip__0025,training,training,notflip,notflip,19,26
2793,2798,0.9589953929412085,4,0,same_sequence_same_split,training/notflip/0051_000000007.jpg,training/notflip/0051_000000013.jpg,notflip__0051,notflip__0051,training,training,notflip,notflip,7,13
693,694,0.9589823266967206,0,0,same_sequence_same_split,training/flip/0006_000000009.jpg,training/flip/0006_000000010.jpg,flip__0006,flip__0006,training,training,flip,flip,9,10
2825,2826,0.9589683070349192,3,2,same_sequence_same_split,training/notflip/0052_000000012.jpg,training/notflip/0052_000000013.jpg,notflip__0052,notflip__0052,training,training,notflip,notflip,12,13
2575,2576,0.958965411430501,0,0,same_sequence_same_split,training/notflip/0042_000000015.jpg,training/notflip/0042_000000016.jpg,notflip__0042,notflip__0042,training,training,notflip,notflip,15,16
1824,1827,0.9589404769848513,1,2,same_sequence_same_split,training/notflip/0003_000000021.jpg,training/notflip/0003_000000024.jpg,notflip__0003,notflip__0003,training,training,notflip,notflip,21,24
530,2654,0.9589160660244466,0,0,same_sequence_cross_split,testing/notflip/0045_000000018.jpg,training/notflip/0045_000000019.jpg,notflip__0045,notflip__0045,testing,training,notflip,notflip,18,19
1949,1952,0.9589021134811702,0,0,same_sequence_same_split,training/notflip/0008_000000025.jpg,training/notflip/0008_000000028.jpg,notflip__0008,notflip__0008,training,training,notflip,notflip,25,28
2623,2624,0.9588615398745239,0,4,same_sequence_same_split,training/notflip/0044_000000011.jpg,training/notflip/0044_000000012.jpg,notflip__0044,notflip__0044,training,training,notflip,notflip,11,12
2943,2944,0.9588609857911413,1,4,same_sequence_same_split,training/notflip/0057_000000004.jpg,training/notflip/0057_000000005.jpg,notflip__0057,notflip__0057,training,training,notflip,notflip,4,5
2439,2441,0.958853461962999,2,2,same_sequence_same_split,training/notflip/0036_000000015.jpg,training/notflip/0036_000000017.jpg,notflip__0036,notflip__0036,training,training,notflip,notflip,15,17
2221,2223,0.9588507779425325,2,0,same_sequence_same_split,training/notflip/0027_000000011.jpg,training/notflip/0027_000000014.jpg,notflip__0027,notflip__0027,training,training,notflip,notflip,11,14
367,2084,0.9588312670308886,0,2,same_sequence_cross_split,testing/notflip/0019_000000015.jpg,training/notflip/0019_000000013.jpg,notflip__0019,notflip__0019,testing,training,notflip,notflip,15,13
212,1427,0.9588205093366464,2,4,same_sequence_cross_split,testing/flip/0048_000000011.jpg,training/flip/0048_000000012.jpg,flip__0048,flip__0048,testing,training,flip,flip,11,12
2558,2560,0.9588197370631247,1,0,same_sequence_same_split,training/notflip/0041_000000029.jpg,training/notflip/0041_000000031.jpg,notflip__0041,notflip__0041,training,training,notflip,notflip,29,31
2252,2253,0.9588161300573477,3,2,same_sequence_same_split,training/notflip/0028_000000017.jpg,training/notflip/0028_000000018.jpg,notflip__0028,notflip__0028,training,training,notflip,notflip,17,18
298,1790,0.958810642804593,0,0,same_sequence_cross_split,testing/notflip/0002_000000012.jpg,training/notflip/0002_000000010.jpg,notflip__0002,notflip__0002,testing,training,notflip,notflip,12,10
346,1975,0.9587764149829171,0,2,same_sequence_cross_split,testing/notflip/0009_000000027.jpg,training/notflip/0009_000000029.jpg,notflip__0009,notflip__0009,testing,training,notflip,notflip,27,29
2904,2907,0.9587632676827393,1,0,same_sequence_same_split,training/notflip/0055_000000017.jpg,training/notflip/0055_000000020.jpg,notflip__0055,notflip__0055,training,training,notflip,notflip,17,20
1763,1765,0.9587485674079016,3,0,same_sequence_same_split,training/notflip/0001_000000007.jpg,training/notflip/0001_000000010.jpg,notflip__0001,notflip__0001,training,training,notflip,notflip,7,10
2747,2749,0.9587286664978056,1,0,same_sequence_same_split,training/notflip/0049_000000013.jpg,training/notflip/0049_000000015.jpg,notflip__0049,notflip__0049,training,training,notflip,notflip,13,15
1774,1775,0.9587174761808211,0,0,same_sequence_same_split,training/notflip/0001_000000020.jpg,training/notflip/0001_000000021.jpg,notflip__0001,notflip__0001,training,training,notflip,notflip,20,21
458,459,0.9587074840822417,1,0,same_sequence_same_split,testing/notflip/0035_000000015.jpg,testing/notflip/0035_000000016.jpg,notflip__0035,notflip__0035,testing,testing,notflip,notflip,15,16
2206,2207,0.9586978828561882,0,2,same_sequence_same_split,training/notflip/0026_000000021.jpg,training/notflip/0026_000000022.jpg,notflip__0026,notflip__0026,training,training,notflip,notflip,21,22
551,2747,0.9586875971267074,0,0,same_sequence_cross_split,testing/notflip/0049_000000012.jpg,training/notflip/0049_000000013.jpg,notflip__0049,notflip__0049,testing,training,notflip,notflip,12,13
2781,2782,0.9586669734139344,0,0,same_sequence_same_split,training/notflip/0050_000000023.jpg,training/notflip/0050_000000024.jpg,notflip__0050,notflip__0050,training,training,notflip,notflip,23,24
2440,2443,0.958658338429154,2,2,same_sequence_same_split,training/notflip/0036_000000016.jpg,training/notflip/0036_000000019.jpg,notflip__0036,notflip__0036,training,training,notflip,notflip,16,19
476,2459,0.9586216508264631,3,0,same_sequence_cross_split,testing/notflip/0037_000000018.jpg,training/notflip/0037_000000016.jpg,notflip__0037,notflip__0037,testing,training,notflip,notflip,18,16
378,2141,0.9586195468972022,1,4,same_sequence_cross_split,testing/notflip/0023_000000020.jpg,training/notflip/0023_000000023.jpg,notflip__0023,notflip__0023,testing,training,notflip,notflip,20,23
2798,2807,0.9585897123326487,2,0,same_sequence_same_split,training/notflip/0051_000000013.jpg,training/notflip/0051_000000022.jpg,notflip__0051,notflip__0051,training,training,notflip,notflip,13,22
592,2977,0.9585785216428768,1,2,same_sequence_cross_split,testing/notflip/0058_000000013.jpg,training/notflip/0058_000000015.jpg,notflip__0058,notflip__0058,testing,training,notflip,notflip,13,15
2881,2884,0.9585585895824553,2,2,same_sequence_same_split,training/notflip/0054_000000018.jpg,training/notflip/0054_000000022.jpg,notflip__0054,notflip__0054,training,training,notflip,notflip,18,22
2655,2659,0.9585426623176097,3,0,same_sequence_same_split,training/notflip/0045_000000020.jpg,training/notflip/0045_000000025.jpg,notflip__0045,notflip__0045,training,training,notflip,notflip,20,25
2209,2212,0.9584661126236952,0,0,same_sequence_same_split,training/notflip/0026_000000025.jpg,training/notflip/0026_000000028.jpg,notflip__0026,notflip__0026,training,training,notflip,notflip,25,28
163,1234,0.9584160723532387,2,0,same_sequence_cross_split,testing/flip/0038_000000015.jpg,training/flip/0038_000000014.jpg,flip__0038,flip__0038,testing,training,flip,flip,15,14
2884,2885,0.9583871043870078,2,0,same_sequence_same_split,training/notflip/0054_000000022.jpg,training/notflip/0054_000000024.jpg,notflip__0054,notflip__0054,training,training,notflip,notflip,22,24
533,2661,0.9583521628720626,1,0,same_sequence_cross_split,testing/notflip/0045_000000028.jpg,training/notflip/0045_000000029.jpg,notflip__0045,notflip__0045,testing,training,notflip,notflip,28,29
2260,2261,0.958340639277263,0,0,same_sequence_same_split,training/notflip/0028_000000026.jpg,training/notflip/0028_000000027.jpg,notflip__0028,notflip__0028,training,training,notflip,notflip,26,27
2780,2781,0.9583070030748019,0,0,same_sequence_same_split,training/notflip/0050_000000022.jpg,training/notflip/0050_000000023.jpg,notflip__0050,notflip__0050,training,training,notflip,notflip,22,23
1743,1744,0.9582792747640038,4,2,same_sequence_same_split,training/flip/0065_000000010.jpg,training/flip/0065_000000011.jpg,flip__0065,flip__0065,training,training,flip,flip,10,11
2659,2660,0.95825836732738,1,0,same_sequence_same_split,training/notflip/0045_000000025.jpg,training/notflip/0045_000000027.jpg,notflip__0045,notflip__0045,training,training,notflip,notflip,25,27
2001,2002,0.9582520557088503,1,2,same_sequence_same_split,training/notflip/0010_000000028.jpg,training/notflip/0010_000000029.jpg,notflip__0010,notflip__0010,training,training,notflip,notflip,28,29
575,2901,0.9582452915656559,4,4,same_sequence_cross_split,testing/notflip/0055_000000012.jpg,training/notflip/0055_000000011.jpg,notflip__0055,notflip__0055,testing,training,notflip,notflip,12,11
503,2542,0.9582415925029596,0,0,same_sequence_cross_split,testing/notflip/0041_000000006.jpg,training/notflip/0041_000000007.jpg,notflip__0041,notflip__0041,testing,training,notflip,notflip,6,7
449,2364,0.9582408426030922,1,4,same_sequence_cross_split,testing/notflip/0033_000000019.jpg,training/notflip/0033_000000016.jpg,notflip__0033,notflip__0033,testing,training,notflip,notflip,19,16
338,1947,0.958237277632233,2,0,same_sequence_cross_split,testing/notflip/0008_000000023.jpg,training/notflip/0008_000000022.jpg,notflip__0008,notflip__0008,testing,training,notflip,notflip,23,22
65,859,0.9582282326432793,1,0,same_sequence_cross_split,testing/flip/0014_000000003.jpg,training/flip/0014_000000002.jpg,flip__0014,flip__0014,testing,training,flip,flip,3,2
2419,2421,0.9582111399030634,2,2,same_sequence_same_split,training/notflip/0035_000000022.jpg,training/notflip/0035_000000024.jpg,notflip__0035,notflip__0035,training,training,notflip,notflip,22,24
65,858,0.9582048154340134,1,0,same_sequence_cross_split,testing/flip/0014_000000003.jpg,training/flip/0014_000000001.jpg,flip__0014,flip__0014,testing,training,flip,flip,3,1
2572,2573,0.9582014972471523,1,0,same_sequence_same_split,training/notflip/0042_000000011.jpg,training/notflip/0042_000000012.jpg,notflip__0042,notflip__0042,training,training,notflip,notflip,11,12
385,2150,0.958197608403105,1,0,same_sequence_cross_split,testing/notflip/0024_000000007.jpg,training/notflip/0024_000000009.jpg,notflip__0024,notflip__0024,testing,training,notflip,notflip,7,9
2701,2704,0.9581961215972952,2,2,same_sequence_same_split,training/notflip/0047_000000017.jpg,training/notflip/0047_000000020.jpg,notflip__0047,notflip__0047,training,training,notflip,notflip,17,20
2627,2636,0.958143516006024,2,2,same_sequence_same_split,training/notflip/0044_000000016.jpg,training/notflip/0044_000000025.jpg,notflip__0044,notflip__0044,training,training,notflip,notflip,16,25
2985,2987,0.9581326004402049,0,0,same_sequence_same_split,training/notflip/0058_000000027.jpg,training/notflip/0058_000000029.jpg,notflip__0058,notflip__0058,training,training,notflip,notflip,27,29
2182,2187,0.9581250207939223,3,4,same_sequence_same_split,training/notflip/0025_000000020.jpg,training/notflip/0025_000000028.jpg,notflip__0025,notflip__0025,training,training,notflip,notflip,20,28
1799,1802,0.9581025263000356,0,2,same_sequence_same_split,training/notflip/0002_000000021.jpg,training/notflip/0002_000000024.jpg,notflip__0002,notflip__0002,training,training,notflip,notflip,21,24
2220,2223,0.9581009795204956,2,0,same_sequence_same_split,training/notflip/0027_000000009.jpg,training/notflip/0027_000000014.jpg,notflip__0027,notflip__0027,training,training,notflip,notflip,9,14
1771,1776,0.9580994480615056,1,0,same_sequence_same_split,training/notflip/0001_000000017.jpg,training/notflip/0001_000000022.jpg,notflip__0001,notflip__0001,training,training,notflip,notflip,17,22
379,2143,0.9580806742655913,1,0,same_sequence_cross_split,testing/notflip/0023_000000024.jpg,training/notflip/0023_000000026.jpg,notflip__0023,notflip__0023,testing,training,notflip,notflip,24,26
1306,1307,0.9580589492839642,1,2,same_sequence_same_split,training/flip/0041_000000016.jpg,training/flip/0041_000000017.jpg,flip__0041,flip__0041,training,training,flip,flip,16,17
328,1901,0.958048388101359,0,0,same_sequence_cross_split,testing/notflip/0006_000000027.jpg,training/notflip/0006_000000026.jpg,notflip__0006,notflip__0006,testing,training,notflip,notflip,27,26
365,2077,0.9580388494231489,1,0,same_sequence_cross_split,testing/notflip/0019_000000004.jpg,training/notflip/0019_000000005.jpg,notflip__0019,notflip__0019,testing,training,notflip,notflip,4,5
2280,2282,0.958028407244869,1,0,same_sequence_same_split,training/notflip/0029_000000024.jpg,training/notflip/0029_000000027.jpg,notflip__0029,notflip__0029,training,training,notflip,notflip,24,27
327,328,0.9580027534897989,0,0,same_sequence_same_split,testing/notflip/0006_000000025.jpg,testing/notflip/0006_000000027.jpg,notflip__0006,notflip__0006,testing,testing,notflip,notflip,25,27
2664,2666,0.9579796788453729,0,2,same_sequence_same_split,training/notflip/0046_000000004.jpg,training/notflip/0046_000000006.jpg,notflip__0046,notflip__0046,training,training,notflip,notflip,4,6
1348,1350,0.9579741746800964,3,2,same_sequence_same_split,training/flip/0044_000000005.jpg,training/flip/0044_000000008.jpg,flip__0044,flip__0044,training,training,flip,flip,5,8
477,2463,0.957968541486894,1,0,same_sequence_cross_split,testing/notflip/0037_000000019.jpg,training/notflip/0037_000000022.jpg,notflip__0037,notflip__0037,testing,training,notflip,notflip,19,22
1739,1741,0.957941435124122,3,0,same_sequence_same_split,training/flip/0065_000000006.jpg,training/flip/0065_000000008.jpg,flip__0065,flip__0065,training,training,flip,flip,6,8
536,2668,0.9579292236131304,4,4,same_sequence_cross_split,testing/notflip/0046_000000011.jpg,training/notflip/0046_000000008.jpg,notflip__0046,notflip__0046,testing,training,notflip,notflip,11,8
1890,1891,0.9579089293047098,1,0,same_sequence_same_split,training/notflip/0006_000000008.jpg,training/notflip/0006_000000010.jpg,notflip__0006,notflip__0006,training,training,notflip,notflip,8,10
2181,2189,0.957834645742605,3,4,same_sequence_same_split,training/notflip/0025_000000019.jpg,training/notflip/0025_000000030.jpg,notflip__0025,notflip__0025,training,training,notflip,notflip,19,30
187,188,0.9578317086956002,4,0,same_sequence_same_split,testing/flip/0042_000000011.jpg,testing/flip/0042_000000012.jpg,flip__0042,flip__0042,testing,testing,flip,flip,11,12
2700,2710,0.9578236854788735,2,2,same_sequence_same_split,training/notflip/0047_000000016.jpg,training/notflip/0047_000000028.jpg,notflip__0047,notflip__0047,training,training,notflip,notflip,16,28
555,2760,0.9578004243642572,0,0,same_sequence_cross_split,testing/notflip/0049_000000028.jpg,training/notflip/0049_000000030.jpg,notflip__0049,notflip__0049,testing,training,notflip,notflip,28,30
2363,2364,0.9577596041559426,4,4,same_sequence_same_split,training/notflip/0033_000000014.jpg,training/notflip/0033_000000016.jpg,notflip__0033,notflip__0033,training,training,notflip,notflip,14,16
1849,1851,0.9577377456222109,2,2,same_sequence_same_split,training/notflip/0004_000000026.jpg,training/notflip/0004_000000028.jpg,notflip__0004,notflip__0004,training,training,notflip,notflip,26,28
1877,1878,0.9577314903739302,1,0,same_sequence_same_split,training/notflip/0005_000000025.jpg,training/notflip/0005_000000026.jpg,notflip__0005,notflip__0005,training,training,notflip,notflip,25,26
2083,2086,0.9576734924449811,0,0,same_sequence_same_split,training/notflip/0019_000000011.jpg,training/notflip/0019_000000016.jpg,notflip__0019,notflip__0019,training,training,notflip,notflip,11,16
2700,2709,0.9576571036281569,2,2,same_sequence_same_split,training/notflip/0047_000000016.jpg,training/notflip/0047_000000027.jpg,notflip__0047,notflip__0047,training,training,notflip,notflip,16,27
1948,1950,0.957634929649731,1,2,same_sequence_same_split,training/notflip/0008_000000024.jpg,training/notflip/0008_000000026.jpg,notflip__0008,notflip__0008,training,training,notflip,notflip,24,26
472,473,0.9575602073637738,4,4,same_sequence_same_split,testing/notflip/0037_000000008.jpg,testing/notflip/0037_000000010.jpg,notflip__0037,notflip__0037,testing,testing,notflip,notflip,8,10
516,2577,0.9575454899095959,2,2,same_sequence_cross_split,testing/notflip/0042_000000021.jpg,training/notflip/0042_000000017.jpg,notflip__0042,notflip__0042,testing,training,notflip,notflip,21,17
274,1698,0.9575306743153076,3,0,same_sequence_cross_split,testing/flip/0062_000000009.jpg,training/flip/0062_000000008.jpg,flip__0062,flip__0062,testing,training,flip,flip,9,8
297,1791,0.9574780362570365,1,0,same_sequence_cross_split,testing/notflip/0002_000000008.jpg,training/notflip/0002_000000011.jpg,notflip__0002,notflip__0002,testing,training,notflip,notflip,8,11
2857,2863,0.957467444034541,1,2,same_sequence_same_split,training/notflip/0053_000000022.jpg,training/notflip/0053_000000029.jpg,notflip__0053,notflip__0053,training,training,notflip,notflip,22,29
2698,2704,0.9574491840401443,4,4,same_sequence_same_split,training/notflip/0047_000000014.jpg,training/notflip/0047_000000020.jpg,notflip__0047,notflip__0047,training,training,notflip,notflip,14,20
2008,2009,0.9574420777910613,2,0,same_sequence_same_split,training/notflip/0011_000000005.jpg,training/notflip/0011_000000006.jpg,notflip__0011,notflip__0011,training,training,notflip,notflip,5,6
2323,2325,0.9574397793191719,3,2,same_sequence_same_split,training/notflip/0031_000000024.jpg,training/notflip/0031_000000026.jpg,notflip__0031,notflip__0031,training,training,notflip,notflip,24,26
2517,2518,0.9574397423193739,0,0,same_sequence_same_split,training/notflip/0039_000000029.jpg,training/notflip/0039_000000030.jpg,notflip__0039,notflip__0039,training,training,notflip,notflip,29,30
354,355,0.9574299557125401,0,2,same_sequence_same_split,testing/notflip/0015_000000003.jpg,testing/notflip/0015_000000004.jpg,notflip__0015,notflip__0015,testing,testing,notflip,notflip,3,4
2904,2910,0.9574105020583522,2,0,same_sequence_same_split,training/notflip/0055_000000017.jpg,training/notflip/0055_000000023.jpg,notflip__0055,notflip__0055,training,training,notflip,notflip,17,23
1323,1324,0.957410317263567,0,2,same_sequence_same_split,training/flip/0042_000000014.jpg,training/flip/0042_000000015.jpg,flip__0042,flip__0042,training,training,flip,flip,14,15
1996,1997,0.9573939010358653,1,0,same_sequence_same_split,training/notflip/0010_000000022.jpg,training/notflip/0010_000000023.jpg,notflip__0010,notflip__0010,training,training,notflip,notflip,22,23
1082,1084,0.9573783388356788,1,2,same_sequence_same_split,training/flip/0028_000000009.jpg,training/flip/0028_000000011.jpg,flip__0028,flip__0028,training,training,flip,flip,9,11
2534,2536,0.9573644584301501,1,0,same_sequence_same_split,training/notflip/0040_000000026.jpg,training/notflip/0040_000000028.jpg,notflip__0040,notflip__0040,training,training,notflip,notflip,26,28
321,1892,0.95735062549515,0,0,same_sequence_cross_split,testing/notflip/0006_000000009.jpg,training/notflip/0006_000000011.jpg,notflip__0006,notflip__0006,testing,training,notflip,notflip,9,11
2778,2779,0.957314296073105,1,0,same_sequence_same_split,training/notflip/0050_000000020.jpg,training/notflip/0050_000000021.jpg,notflip__0050,notflip__0050,training,training,notflip,notflip,20,21
67,860,0.957313143232823,1,0,same_sequence_cross_split,testing/flip/0014_000000006.jpg,training/flip/0014_000000005.jpg,flip__0014,flip__0014,testing,training,flip,flip,6,5
2389,2390,0.957277855759967,1,0,same_sequence_same_split,training/notflip/0034_000000015.jpg,training/notflip/0034_000000016.jpg,notflip__0034,notflip__0034,training,training,notflip,notflip,15,16
2361,2362,0.9572350718327819,3,2,same_sequence_same_split,training/notflip/0033_000000012.jpg,training/notflip/0033_000000013.jpg,notflip__0033,notflip__0033,training,training,notflip,notflip,12,13
458,2415,0.9572229535856457,4,2,same_sequence_cross_split,testing/notflip/0035_000000015.jpg,training/notflip/0035_000000018.jpg,notflip__0035,notflip__0035,testing,training,notflip,notflip,15,18
1972,1973,0.9571938063062191,0,0,same_sequence_same_split,training/notflip/0009_000000025.jpg,training/notflip/0009_000000026.jpg,notflip__0009,notflip__0009,training,training,notflip,notflip,25,26
537,2670,0.9571804523632174,4,2,same_sequence_cross_split,testing/notflip/0046_000000012.jpg,training/notflip/0046_000000010.jpg,notflip__0046,notflip__0046,testing,training,notflip,notflip,12,10
572,573,0.9571680532263528,2,0,same_sequence_same_split,testing/notflip/0054_000000020.jpg,testing/notflip/0054_000000023.jpg,notflip__0054,notflip__0054,testing,testing,notflip,notflip,20,23
2101,2103,0.9571596904804657,2,2,same_sequence_same_split,training/notflip/0020_000000005.jpg,training/notflip/0020_000000007.jpg,notflip__0020,notflip__0020,training,training,notflip,notflip,5,7
583,2940,0.9571539026459613,0,0,same_sequence_cross_split,testing/notflip/0056_000000024.jpg,training/notflip/0056_000000030.jpg,notflip__0056,notflip__0056,testing,training,notflip,notflip,24,30
366,2087,0.9571122460573622,1,2,same_sequence_cross_split,testing/notflip/0019_000000012.jpg,training/notflip/0019_000000017.jpg,notflip__0019,notflip__0019,testing,training,notflip,notflip,12,17
2274,2275,0.957068596048973,0,0,same_sequence_same_split,training/notflip/0029_000000015.jpg,training/notflip/0029_000000016.jpg,notflip__0029,notflip__0029,training,training,notflip,notflip,15,16
621,623,0.9570607787751431,1,2,same_sequence_same_split,training/flip/0003_000000001.jpg,training/flip/0003_000000003.jpg,flip__0003,flip__0003,training,training,flip,flip,1,3
66,860,0.9570506811197509,1,2,same_sequence_cross_split,testing/flip/0014_000000004.jpg,training/flip/0014_000000005.jpg,flip__0014,flip__0014,testing,training,flip,flip,4,5
621,622,0.9570498546896203,1,2,same_sequence_same_split,training/flip/0003_000000001.jpg,training/flip/0003_000000002.jpg,flip__0003,flip__0003,training,training,flip,flip,1,2
592,2975,0.9570354432354843,1,4,same_sequence_cross_split,testing/notflip/0058_000000013.jpg,training/notflip/0058_000000012.jpg,notflip__0058,notflip__0058,testing,training,notflip,notflip,13,12
2744,2746,0.9569970218145234,1,2,same_sequence_same_split,training/notflip/0049_000000008.jpg,training/notflip/0049_000000010.jpg,notflip__0049,notflip__0049,training,training,notflip,notflip,8,10
577,2908,0.956990094683193,2,2,same_sequence_cross_split,testing/notflip/0055_000000016.jpg,training/notflip/0055_000000021.jpg,notflip__0055,notflip__0055,testing,training,notflip,notflip,16,21
256,1639,0.9569803374266187,2,2,same_sequence_cross_split,testing/flip/0060_000000008.jpg,training/flip/0060_000000009.jpg,flip__0060,flip__0060,testing,training,flip,flip,8,9
2631,2636,0.9569785668160518,0,2,same_sequence_same_split,training/notflip/0044_000000020.jpg,training/notflip/0044_000000025.jpg,notflip__0044,notflip__0044,training,training,notflip,notflip,20,25
466,468,0.9569224909371954,4,0,same_sequence_same_split,testing/notflip/0036_000000025.jpg,testing/notflip/0036_000000030.jpg,notflip__0036,notflip__0036,testing,testing,notflip,notflip,25,30
2628,2635,0.956911352275535,2,2,same_sequence_same_split,training/notflip/0044_000000017.jpg,training/notflip/0044_000000024.jpg,notflip__0044,notflip__0044,training,training,notflip,notflip,17,24
372,2104,0.9569035954988196,1,0,same_sequence_cross_split,testing/notflip/0020_000000010.jpg,training/notflip/0020_000000008.jpg,notflip__0020,notflip__0020,testing,training,notflip,notflip,10,8
2155,2156,0.9568928803341727,1,0,same_sequence_same_split,training/notflip/0024_000000014.jpg,training/notflip/0024_000000015.jpg,notflip__0024,notflip__0024,training,training,notflip,notflip,14,15
428,2303,0.9568817360244991,2,0,same_sequence_cross_split,testing/notflip/0030_000000024.jpg,training/notflip/0030_000000025.jpg,notflip__0030,notflip__0030,testing,training,notflip,notflip,24,25
1990,1991,0.956876147477862,2,0,same_sequence_same_split,training/notflip/0010_000000016.jpg,training/notflip/0010_000000017.jpg,notflip__0010,notflip__0010,training,training,notflip,notflip,16,17
2879,2881,0.956858588321865,0,0,same_sequence_same_split,training/notflip/0054_000000016.jpg,training/notflip/0054_000000018.jpg,notflip__0054,notflip__0054,training,training,notflip,notflip,16,18
464,2439,0.9568578998488526,2,0,same_sequence_cross_split,testing/notflip/0036_000000014.jpg,training/notflip/0036_000000015.jpg,notflip__0036,notflip__0036,testing,training,notflip,notflip,14,15
2781,2785,0.9568488008511324,0,0,same_sequence_same_split,training/notflip/0050_000000023.jpg,training/notflip/0050_000000027.jpg,notflip__0050,notflip__0050,training,training,notflip,notflip,23,27
2185,2189,0.9568295056184336,0,2,same_sequence_same_split,training/notflip/0025_000000026.jpg,training/notflip/0025_000000030.jpg,notflip__0025,notflip__0025,training,training,notflip,notflip,26,30
2082,2089,0.9568230332031684,1,0,same_sequence_same_split,training/notflip/0019_000000010.jpg,training/notflip/0019_000000019.jpg,notflip__0019,notflip__0019,training,training,notflip,notflip,10,19
531,2658,0.95681480488235,1,0,same_sequence_cross_split,testing/notflip/0045_000000022.jpg,training/notflip/0045_000000024.jpg,notflip__0045,notflip__0045,testing,training,notflip,notflip,22,24
2727,2728,0.9568030660140776,2,0,same_sequence_same_split,training/notflip/0048_000000017.jpg,training/notflip/0048_000000018.jpg,notflip__0048,notflip__0048,training,training,notflip,notflip,17,18
6,628,0.9568022540197969,4,4,same_sequence_cross_split,testing/flip/0003_000000008.jpg,training/flip/0003_000000010.jpg,flip__0003,flip__0003,testing,training,flip,flip,8,10
626,628,0.9567821260004606,4,4,same_sequence_same_split,training/flip/0003_000000007.jpg,training/flip/0003_000000010.jpg,flip__0003,flip__0003,training,training,flip,flip,7,10
324,1897,0.956763529663206,1,0,same_sequence_cross_split,testing/notflip/0006_000000019.jpg,training/notflip/0006_000000018.jpg,notflip__0006,notflip__0006,testing,training,notflip,notflip,19,18
2531,2534,0.9567582014311291,1,0,same_sequence_same_split,training/notflip/0040_000000023.jpg,training/notflip/0040_000000026.jpg,notflip__0040,notflip__0040,training,training,notflip,notflip,23,26
527,528,0.9567489540848295,3,4,same_sequence_same_split,testing/notflip/0045_000000012.jpg,testing/notflip/0045_000000013.jpg,notflip__0045,notflip__0045,testing,testing,notflip,notflip,12,13
2083,2087,0.956735912192068,1,2,same_sequence_same_split,training/notflip/0019_000000011.jpg,training/notflip/0019_000000017.jpg,notflip__0019,notflip__0019,training,training,notflip,notflip,11,17
376,2117,0.9567111720529746,0,2,same_sequence_cross_split,testing/notflip/0021_000000026.jpg,training/notflip/0021_000000022.jpg,notflip__0021,notflip__0021,testing,training,notflip,notflip,26,22
296,1790,0.9566958503044484,2,0,same_sequence_cross_split,testing/notflip/0002_000000006.jpg,training/notflip/0002_000000010.jpg,notflip__0002,notflip__0002,testing,training,notflip,notflip,6,10
2281,2284,0.9566824813076085,0,0,same_sequence_same_split,training/notflip/0029_000000026.jpg,training/notflip/0029_000000029.jpg,notflip__0029,notflip__0029,training,training,notflip,notflip,26,29
396,2189,0.9566730012779119,2,4,same_sequence_cross_split,testing/notflip/0025_000000022.jpg,training/notflip/0025_000000030.jpg,notflip__0025,notflip__0025,testing,training,notflip,notflip,22,30
2888,2890,0.9566490092408182,1,0,same_sequence_same_split,training/notflip/0054_000000028.jpg,training/notflip/0054_000000030.jpg,notflip__0054,notflip__0054,training,training,notflip,notflip,28,30
2975,2976,0.9566190563462149,1,4,same_sequence_same_split,training/notflip/0058_000000012.jpg,training/notflip/0058_000000014.jpg,notflip__0058,notflip__0058,training,training,notflip,notflip,12,14
1799,1801,0.9566169605306224,0,2,same_sequence_same_split,training/notflip/0002_000000021.jpg,training/notflip/0002_000000023.jpg,notflip__0002,notflip__0002,training,training,notflip,notflip,21,23
475,476,0.9566161157284223,4,0,same_sequence_same_split,testing/notflip/0037_000000015.jpg,testing/notflip/0037_000000018.jpg,notflip__0037,notflip__0037,testing,testing,notflip,notflip,15,18
2698,2701,0.9566139328026649,2,2,same_sequence_same_split,training/notflip/0047_000000014.jpg,training/notflip/0047_000000017.jpg,notflip__0047,notflip__0047,training,training,notflip,notflip,14,17
1998,1999,0.9566115426911689,2,0,same_sequence_same_split,training/notflip/0010_000000024.jpg,training/notflip/0010_000000025.jpg,notflip__0010,notflip__0010,training,training,notflip,notflip,24,25
2627,2633,0.9566007450758464,1,0,same_sequence_same_split,training/notflip/0044_000000016.jpg,training/notflip/0044_000000022.jpg,notflip__0044,notflip__0044,training,training,notflip,notflip,16,22
1848,1851,0.9565936982289823,3,2,same_sequence_same_split,training/notflip/0004_000000025.jpg,training/notflip/0004_000000028.jpg,notflip__0004,notflip__0004,training,training,notflip,notflip,25,28
1099,1102,0.9565206544622807,3,2,same_sequence_same_split,training/flip/0029_000000001.jpg,training/flip/0029_000000004.jpg,flip__0029,flip__0029,training,training,flip,flip,1,4
2091,2092,0.9565074114316916,0,2,same_sequence_same_split,training/notflip/0019_000000021.jpg,training/notflip/0019_000000022.jpg,notflip__0019,notflip__0019,training,training,notflip,notflip,21,22
2630,2636,0.9565042942157455,1,2,same_sequence_same_split,training/notflip/0044_000000019.jpg,training/notflip/0044_000000025.jpg,notflip__0044,notflip__0044,training,training,notflip,notflip,19,25
2667,2670,0.9564810265804234,2,2,same_sequence_same_split,training/notflip/0046_000000007.jpg,training/notflip/0046_000000010.jpg,notflip__0046,notflip__0046,training,training,notflip,notflip,7,10
2861,2862,0.9564299547762128,1,0,same_sequence_same_split,training/notflip/0053_000000027.jpg,training/notflip/0053_000000028.jpg,notflip__0053,notflip__0053,training,training,notflip,notflip,27,28
2885,2888,0.9564217610886846,1,2,same_sequence_same_split,training/notflip/0054_000000024.jpg,training/notflip/0054_000000028.jpg,notflip__0054,notflip__0054,training,training,notflip,notflip,24,28
2026,2027,0.9564095739958889,1,2,same_sequence_same_split,training/notflip/0011_000000025.jpg,training/notflip/0011_000000026.jpg,notflip__0011,notflip__0011,training,training,notflip,notflip,25,26
572,2879,0.9563847184017691,2,2,same_sequence_cross_split,testing/notflip/0054_000000020.jpg,training/notflip/0054_000000016.jpg,notflip__0054,notflip__0054,testing,training,notflip,notflip,20,16
2697,2700,0.9563361504331156,2,4,same_sequence_same_split,training/notflip/0047_000000013.jpg,training/notflip/0047_000000016.jpg,notflip__0047,notflip__0047,training,training,notflip,notflip,13,16
2142,2144,0.9563311749062301,0,0,same_sequence_same_split,training/notflip/0023_000000025.jpg,training/notflip/0023_000000027.jpg,notflip__0023,notflip__0023,training,training,notflip,notflip,25,27
2936,2938,0.9563289698519724,0,0,same_sequence_same_split,training/notflip/0056_000000025.jpg,training/notflip/0056_000000028.jpg,notflip__0056,notflip__0056,training,training,notflip,notflip,25,28
146,147,0.9563280454250164,1,0,same_sequence_same_split,testing/flip/0036_000000008.jpg,testing/flip/0036_000000009.jpg,flip__0036,flip__0036,testing,testing,flip,flip,8,9
595,2977,0.9563261222111118,0,0,same_sequence_cross_split,testing/notflip/0058_000000021.jpg,training/notflip/0058_000000015.jpg,notflip__0058,notflip__0058,testing,training,notflip,notflip,21,15
1817,1820,0.9563115223501034,2,0,same_sequence_same_split,training/notflip/0003_000000013.jpg,training/notflip/0003_000000016.jpg,notflip__0003,notflip__0003,training,training,notflip,notflip,13,16
2181,2186,0.9563114032514101,3,4,same_sequence_same_split,training/notflip/0025_000000019.jpg,training/notflip/0025_000000027.jpg,notflip__0025,notflip__0025,training,training,notflip,notflip,19,27
254,1637,0.9562987732048047,2,2,same_sequence_cross_split,testing/flip/0060_000000004.jpg,training/flip/0060_000000005.jpg,flip__0060,flip__0060,testing,training,flip,flip,4,5
2109,2112,0.9562976874469501,1,2,same_sequence_same_split,training/notflip/0020_000000014.jpg,training/notflip/0020_000000018.jpg,notflip__0020,notflip__0020,training,training,notflip,notflip,14,18
1302,1304,0.9562698871815273,3,2,same_sequence_same_split,training/flip/0041_000000011.jpg,training/flip/0041_000000013.jpg,flip__0041,flip__0041,training,training,flip,flip,11,13
2610,2612,0.9561434422249669,1,0,same_sequence_same_split,training/notflip/0043_000000027.jpg,training/notflip/0043_000000029.jpg,notflip__0043,notflip__0043,training,training,notflip,notflip,27,29
1787,1788,0.9561069154714591,1,0,same_sequence_same_split,training/notflip/0002_000000005.jpg,training/notflip/0002_000000007.jpg,notflip__0002,notflip__0002,training,training,notflip,notflip,5,7
2702,2709,0.9560958383161707,1,2,same_sequence_same_split,training/notflip/0047_000000018.jpg,training/notflip/0047_000000027.jpg,notflip__0047,notflip__0047,training,training,notflip,notflip,18,27
1968,1970,0.9560532408675484,2,0,same_sequence_same_split,training/notflip/0009_000000021.jpg,training/notflip/0009_000000023.jpg,notflip__0009,notflip__0009,training,training,notflip,notflip,21,23
583,2938,0.9560442145808314,0,0,same_sequence_cross_split,testing/notflip/0056_000000024.jpg,training/notflip/0056_000000028.jpg,notflip__0056,notflip__0056,testing,training,notflip,notflip,24,28
2575,2579,0.9560356242143304,1,0,same_sequence_same_split,training/notflip/0042_000000015.jpg,training/notflip/0042_000000019.jpg,notflip__0042,notflip__0042,training,training,notflip,notflip,15,19
2164,2166,0.9560162795263405,0,0,same_sequence_same_split,training/notflip/0024_000000028.jpg,training/notflip/0024_000000030.jpg,notflip__0024,notflip__0024,training,training,notflip,notflip,28,30
301,1803,0.9560118432084793,0,0,same_sequence_cross_split,testing/notflip/0002_000000027.jpg,training/notflip/0002_000000025.jpg,notflip__0002,notflip__0002,testing,training,notflip,notflip,27,25
2626,2633,0.9560027977778348,2,2,same_sequence_same_split,training/notflip/0044_000000015.jpg,training/notflip/0044_000000022.jpg,notflip__0044,notflip__0044,training,training,notflip,notflip,15,22
584,2935,0.9559892123024897,1,0,same_sequence_cross_split,testing/notflip/0056_000000027.jpg,training/notflip/0056_000000023.jpg,notflip__0056,notflip__0056,testing,training,notflip,notflip,27,23
2279,2281,0.9559716458327192,1,0,same_sequence_same_split,training/notflip/0029_000000023.jpg,training/notflip/0029_000000026.jpg,notflip__0029,notflip__0029,training,training,notflip,notflip,23,26
2309,2310,0.9559701698045896,0,2,same_sequence_same_split,training/notflip/0031_000000002.jpg,training/notflip/0031_000000003.jpg,notflip__0031,notflip__0031,training,training,notflip,notflip,2,3
2683,2684,0.9559219841767927,0,2,same_sequence_same_split,training/notflip/0046_000000025.jpg,training/notflip/0046_000000026.jpg,notflip__0046,notflip__0046,training,training,notflip,notflip,25,26
2420,2425,0.9558711364452791,1,2,same_sequence_same_split,training/notflip/0035_000000023.jpg,training/notflip/0035_000000029.jpg,notflip__0035,notflip__0035,training,training,notflip,notflip,23,29
582,2931,0.9558450879430289,1,0,same_sequence_cross_split,testing/notflip/0056_000000022.jpg,training/notflip/0056_000000018.jpg,notflip__0056,notflip__0056,testing,training,notflip,notflip,22,18
434,2318,0.9558359645618719,3,0,same_sequence_cross_split,testing/notflip/0031_000000016.jpg,training/notflip/0031_000000014.jpg,notflip__0031,notflip__0031,testing,training,notflip,notflip,16,14
477,2460,0.9558263520747757,1,0,same_sequence_cross_split,testing/notflip/0037_000000019.jpg,training/notflip/0037_000000017.jpg,notflip__0037,notflip__0037,testing,training,notflip,notflip,19,17
370,2093,0.955751724086506,1,0,same_sequence_cross_split,testing/notflip/0019_000000027.jpg,training/notflip/0019_000000023.jpg,notflip__0019,notflip__0019,testing,training,notflip,notflip,27,23
1888,1889,0.9557498507971944,2,0,same_sequence_same_split,training/notflip/0006_000000006.jpg,training/notflip/0006_000000007.jpg,notflip__0006,notflip__0006,training,training,notflip,notflip,6,7
2219,2223,0.9557338625366396,2,2,same_sequence_same_split,training/notflip/0027_000000008.jpg,training/notflip/0027_000000014.jpg,notflip__0027,notflip__0027,training,training,notflip,notflip,8,14
366,2088,0.9557320574888911,1,2,same_sequence_cross_split,testing/notflip/0019_000000012.jpg,training/notflip/0019_000000018.jpg,notflip__0019,notflip__0019,testing,training,notflip,notflip,12,18
1773,1775,0.9557082216850087,2,0,same_sequence_same_split,training/notflip/0001_000000019.jpg,training/notflip/0001_000000021.jpg,notflip__0001,notflip__0001,training,training,notflip,notflip,19,21
438,2331,0.9556100905330828,0,0,same_sequence_cross_split,testing/notflip/0032_000000003.jpg,training/notflip/0032_000000002.jpg,notflip__0032,notflip__0032,testing,training,notflip,notflip,3,2
2726,2735,0.9555990895965467,4,0,same_sequence_same_split,training/notflip/0048_000000016.jpg,training/notflip/0048_000000027.jpg,notflip__0048,notflip__0048,training,training,notflip,notflip,16,27
2700,2706,0.9555757603561985,2,2,same_sequence_same_split,training/notflip/0047_000000016.jpg,training/notflip/0047_000000022.jpg,notflip__0047,notflip__0047,training,training,notflip,notflip,16,22
273,1693,0.9555678466572817,4,2,same_sequence_cross_split,testing/flip/0062_000000006.jpg,training/flip/0062_000000001.jpg,flip__0062,flip__0062,testing,training,flip,flip,6,1
366,2081,0.9555626587666752,1,2,same_sequence_cross_split,testing/notflip/0019_000000012.jpg,training/notflip/0019_000000009.jpg,notflip__0019,notflip__0019,testing,training,notflip,notflip,12,9
360,2067,0.9555606077156988,0,0,same_sequence_cross_split,testing/notflip/0016_000000014.jpg,training/notflip/0016_000000015.jpg,notflip__0016,notflip__0016,testing,training,notflip,notflip,14,15
2723,2728,0.9554986730822475,2,2,same_sequence_same_split,training/notflip/0048_000000012.jpg,training/notflip/0048_000000018.jpg,notflip__0048,notflip__0048,training,training,notflip,notflip,12,18
2345,2348,0.9554830605495978,4,2,same_sequence_same_split,training/notflip/0032_000000021.jpg,training/notflip/0032_000000024.jpg,notflip__0032,notflip__0032,training,training,notflip,notflip,21,24
2630,2635,0.9554778768010924,2,2,same_sequence_same_split,training/notflip/0044_000000019.jpg,training/notflip/0044_000000024.jpg,notflip__0044,notflip__0044,training,training,notflip,notflip,19,24
1950,1954,0.9554677137576796,0,0,same_sequence_same_split,training/notflip/0008_000000026.jpg,training/notflip/0008_000000030.jpg,notflip__0008,notflip__0008,training,training,notflip,notflip,26,30
553,2756,0.9554602305169245,0,2,same_sequence_cross_split,testing/notflip/0049_000000022.jpg,training/notflip/0049_000000024.jpg,notflip__0049,notflip__0049,testing,training,notflip,notflip,22,24
167,1248,0.9554589491399138,1,0,same_sequence_cross_split,testing/flip/0038_000000032.jpg,training/flip/0038_000000033.jpg,flip__0038,flip__0038,testing,training,flip,flip,32,33
2667,2669,0.9553372491590977,1,0,same_sequence_same_split,training/notflip/0046_000000007.jpg,training/notflip/0046_000000009.jpg,notflip__0046,notflip__0046,training,training,notflip,notflip,7,9
465,2441,0.955319946166439,2,2,same_sequence_cross_split,testing/notflip/0036_000000020.jpg,training/notflip/0036_000000017.jpg,notflip__0036,notflip__0036,testing,training,notflip,notflip,20,17
2322,2323,0.9553120276676816,1,0,same_sequence_same_split,training/notflip/0031_000000023.jpg,training/notflip/0031_000000024.jpg,notflip__0031,notflip__0031,training,training,notflip,notflip,23,24
2935,2940,0.9552873029267234,1,0,same_sequence_same_split,training/notflip/0056_000000023.jpg,training/notflip/0056_000000030.jpg,notflip__0056,notflip__0056,training,training,notflip,notflip,23,30
2301,2307,0.955282458728019,2,2,same_sequence_same_split,training/notflip/0030_000000020.jpg,training/notflip/0030_000000030.jpg,notflip__0030,notflip__0030,training,training,notflip,notflip,20,30
2300,2307,0.9552814743091598,2,2,same_sequence_same_split,training/notflip/0030_000000019.jpg,training/notflip/0030_000000030.jpg,notflip__0030,notflip__0030,training,training,notflip,notflip,19,30
586,2945,0.9552793108845102,0,0,same_sequence_cross_split,testing/notflip/0057_000000007.jpg,training/notflip/0057_000000006.jpg,notflip__0057,notflip__0057,testing,training,notflip,notflip,7,6
1989,1990,0.9552268865442306,1,2,same_sequence_same_split,training/notflip/0010_000000015.jpg,training/notflip/0010_000000016.jpg,notflip__0010,notflip__0010,training,training,notflip,notflip,15,16
2849,2850,0.9552090890298326,0,2,same_sequence_same_split,training/notflip/0053_000000012.jpg,training/notflip/0053_000000013.jpg,notflip__0053,notflip__0053,training,training,notflip,notflip,12,13
2812,2814,0.9552038449968351,1,0,same_sequence_same_split,training/notflip/0051_000000028.jpg,training/notflip/0051_000000030.jpg,notflip__0051,notflip__0051,training,training,notflip,notflip,28,30
2253,2255,0.9551845266197838,4,4,same_sequence_same_split,training/notflip/0028_000000018.jpg,training/notflip/0028_000000020.jpg,notflip__0028,notflip__0028,training,training,notflip,notflip,18,20
1350,1353,0.9551592080335632,4,4,same_sequence_same_split,training/flip/0044_000000008.jpg,training/flip/0044_000000011.jpg,flip__0044,flip__0044,training,training,flip,flip,8,11
2446,2448,0.9551495454314745,1,2,same_sequence_same_split,training/notflip/0036_000000023.jpg,training/notflip/0036_000000026.jpg,notflip__0036,notflip__0036,training,training,notflip,notflip,23,26
2858,2863,0.9551450932528008,0,2,same_sequence_same_split,training/notflip/0053_000000023.jpg,training/notflip/0053_000000029.jpg,notflip__0053,notflip__0053,training,training,notflip,notflip,23,29
1084,1085,0.9551316092499617,3,2,same_sequence_same_split,training/flip/0028_000000011.jpg,training/flip/0028_000000012.jpg,flip__0028,flip__0028,training,training,flip,flip,11,12
1879,1880,0.9551308056026323,0,0,same_sequence_same_split,training/notflip/0005_000000027.jpg,training/notflip/0005_000000028.jpg,notflip__0005,notflip__0005,training,training,notflip,notflip,27,28
2421,2428,0.9550906649929095,2,2,same_sequence_same_split,training/notflip/0035_000000024.jpg,training/notflip/0035_000000032.jpg,notflip__0035,notflip__0035,training,training,notflip,notflip,24,32
485,2483,0.9550899104916303,0,2,same_sequence_cross_split,testing/notflip/0038_000000020.jpg,training/notflip/0038_000000019.jpg,notflip__0038,notflip__0038,testing,training,notflip,notflip,20,19
870,872,0.9550597330216535,2,2,same_sequence_same_split,training/flip/0015_000000001.jpg,training/flip/0015_000000003.jpg,flip__0015,flip__0015,training,training,flip,flip,1,3
2191,2192,0.9550505617525186,2,0,same_sequence_same_split,training/notflip/0026_000000002.jpg,training/notflip/0026_000000003.jpg,notflip__0026,notflip__0026,training,training,notflip,notflip,2,3
553,2751,0.9549649284408764,1,0,same_sequence_cross_split,testing/notflip/0049_000000022.jpg,training/notflip/0049_000000017.jpg,notflip__0049,notflip__0049,testing,training,notflip,notflip,22,17
381,2143,0.9549597798450543,1,0,same_sequence_cross_split,testing/notflip/0023_000000030.jpg,training/notflip/0023_000000026.jpg,notflip__0023,notflip__0023,testing,training,notflip,notflip,30,26
516,2583,0.9549496498809928,2,2,same_sequence_cross_split,testing/notflip/0042_000000021.jpg,training/notflip/0042_000000025.jpg,notflip__0042,notflip__0042,testing,training,notflip,notflip,21,25
1889,1890,0.9549213445934597,0,0,same_sequence_same_split,training/notflip/0006_000000007.jpg,training/notflip/0006_000000008.jpg,notflip__0006,notflip__0006,training,training,notflip,notflip,7,8
2708,2710,0.954915036743622,1,0,same_sequence_same_split,training/notflip/0047_000000026.jpg,training/notflip/0047_000000028.jpg,notflip__0047,notflip__0047,training,training,notflip,notflip,26,28
552,553,0.9549005350746549,1,0,same_sequence_same_split,testing/notflip/0049_000000018.jpg,testing/notflip/0049_000000022.jpg,notflip__0049,notflip__0049,testing,testing,notflip,notflip,18,22
2319,2320,0.9548699664479521,3,0,same_sequence_same_split,training/notflip/0031_000000018.jpg,training/notflip/0031_000000021.jpg,notflip__0031,notflip__0031,training,training,notflip,notflip,18,21
2384,2386,0.9548651158890791,1,0,same_sequence_same_split,training/notflip/0034_000000010.jpg,training/notflip/0034_000000012.jpg,notflip__0034,notflip__0034,training,training,notflip,notflip,10,12
1076,1077,0.9548516729872976,0,0,same_sequence_same_split,training/flip/0028_000000003.jpg,training/flip/0028_000000004.jpg,flip__0028,flip__0028,training,training,flip,flip,3,4
1928,1929,0.9548390596092587,2,0,same_sequence_same_split,training/notflip/0007_000000028.jpg,training/notflip/0007_000000029.jpg,notflip__0007,notflip__0007,training,training,notflip,notflip,28,29
2880,2883,0.9548364240538927,0,2,same_sequence_same_split,training/notflip/0054_000000017.jpg,training/notflip/0054_000000021.jpg,notflip__0054,notflip__0054,training,training,notflip,notflip,17,21
31,737,0.9548239484015331,0,0,same_sequence_cross_split,testing/flip/0008_000000007.jpg,training/flip/0008_000000008.jpg,flip__0008,flip__0008,testing,training,flip,flip,7,8
448,2366,0.9547919555569641,1,4,same_sequence_cross_split,testing/notflip/0033_000000015.jpg,training/notflip/0033_000000018.jpg,notflip__0033,notflip__0033,testing,training,notflip,notflip,15,18
2740,2741,0.9547866667032021,2,2,same_sequence_same_split,training/notflip/0049_000000003.jpg,training/notflip/0049_000000004.jpg,notflip__0049,notflip__0049,training,training,notflip,notflip,3,4
2705,2708,0.9547410449149887,0,0,same_sequence_same_split,training/notflip/0047_000000021.jpg,training/notflip/0047_000000026.jpg,notflip__0047,notflip__0047,training,training,notflip,notflip,21,26
504,2545,0.9547337166059651,2,0,same_sequence_cross_split,testing/notflip/0041_000000011.jpg,training/notflip/0041_000000010.jpg,notflip__0041,notflip__0041,testing,training,notflip,notflip,11,10
2856,2860,0.9547311009975328,0,2,same_sequence_same_split,training/notflip/0053_000000021.jpg,training/notflip/0053_000000026.jpg,notflip__0053,notflip__0053,training,training,notflip,notflip,21,26
1612,1613,0.9547269705579381,2,0,same_sequence_same_split,training/flip/0059_000000004.jpg,training/flip/0059_000000005.jpg,flip__0059,flip__0059,training,training,flip,flip,4,5
2984,2985,0.9547237984983057,1,2,same_sequence_same_split,training/notflip/0058_000000026.jpg,training/notflip/0058_000000027.jpg,notflip__0058,notflip__0058,training,training,notflip,notflip,26,27
537,2669,0.9547232722172899,3,4,same_sequence_cross_split,testing/notflip/0046_000000012.jpg,training/notflip/0046_000000009.jpg,notflip__0046,notflip__0046,testing,training,notflip,notflip,12,9
2674,2677,0.9547219374134586,0,2,same_sequence_same_split,training/notflip/0046_000000016.jpg,training/notflip/0046_000000019.jpg,notflip__0046,notflip__0046,training,training,notflip,notflip,16,19
2721,2723,0.9547208930045239,2,4,same_sequence_same_split,training/notflip/0048_000000010.jpg,training/notflip/0048_000000012.jpg,notflip__0048,notflip__0048,training,training,notflip,notflip,10,12
689,691,0.9547116242248659,0,2,same_sequence_same_split,training/flip/0006_000000003.jpg,training/flip/0006_000000005.jpg,flip__0006,flip__0006,training,training,flip,flip,3,5
2791,2794,0.9546716880674746,2,0,same_sequence_same_split,training/notflip/0051_000000005.jpg,training/notflip/0051_000000008.jpg,notflip__0051,notflip__0051,training,training,notflip,notflip,5,8
355,356,0.9546235714836377,1,4,same_sequence_same_split,testing/notflip/0015_000000004.jpg,testing/notflip/0015_000000005.jpg,notflip__0015,notflip__0015,testing,testing,notflip,notflip,4,5
1355,1356,0.9546006810690186,0,2,same_sequence_same_split,training/flip/0044_000000013.jpg,training/flip/0044_000000014.jpg,flip__0044,flip__0044,training,training,flip,flip,13,14
766,767,0.954592571200102,0,2,same_sequence_same_split,training/flip/0009_000000012.jpg,training/flip/0009_000000013.jpg,flip__0009,flip__0009,training,training,flip,flip,12,13
2879,2882,0.954586291540574,0,2,same_sequence_same_split,training/notflip/0054_000000016.jpg,training/notflip/0054_000000019.jpg,notflip__0054,notflip__0054,training,training,notflip,notflip,16,19
548,2722,0.954577771152991,3,2,same_sequence_cross_split,testing/notflip/0048_000000030.jpg,training/notflip/0048_000000011.jpg,notflip__0048,notflip__0048,testing,training,notflip,notflip,30,11
1614,1615,0.9545562840366205,3,0,same_sequence_same_split,training/flip/0059_000000006.jpg,training/flip/0059_000000007.jpg,flip__0059,flip__0059,training,training,flip,flip,6,7
2857,2862,0.9545546301053449,1,2,same_sequence_same_split,training/notflip/0053_000000022.jpg,training/notflip/0053_000000028.jpg,notflip__0053,notflip__0053,training,training,notflip,notflip,22,28
2084,2087,0.9545194286785249,1,2,same_sequence_same_split,training/notflip/0019_000000013.jpg,training/notflip/0019_000000017.jpg,notflip__0019,notflip__0019,training,training,notflip,notflip,13,17
2909,2911,0.9545056499457646,0,2,same_sequence_same_split,training/notflip/0055_000000022.jpg,training/notflip/0055_000000024.jpg,notflip__0055,notflip__0055,training,training,notflip,notflip,22,24
395,2189,0.9544839218126189,2,4,same_sequence_cross_split,testing/notflip/0025_000000021.jpg,training/notflip/0025_000000030.jpg,notflip__0025,notflip__0025,testing,training,notflip,notflip,21,30
397,2181,0.9544819048128049,3,2,same_sequence_cross_split,testing/notflip/0025_000000025.jpg,training/notflip/0025_000000019.jpg,notflip__0025,notflip__0025,testing,training,notflip,notflip,25,19
1969,1971,0.9544785701656299,1,2,same_sequence_same_split,training/notflip/0009_000000022.jpg,training/notflip/0009_000000024.jpg,notflip__0009,notflip__0009,training,training,notflip,notflip,22,24
2781,2784,0.9544636026766492,0,0,same_sequence_same_split,training/notflip/0050_000000023.jpg,training/notflip/0050_000000026.jpg,notflip__0050,notflip__0050,training,training,notflip,notflip,23,26
2861,2864,0.9544414439410626,0,0,same_sequence_same_split,training/notflip/0053_000000027.jpg,training/notflip/0053_000000030.jpg,notflip__0053,notflip__0053,training,training,notflip,notflip,27,30
2345,2347,0.9543882019590265,2,2,same_sequence_same_split,training/notflip/0032_000000021.jpg,training/notflip/0032_000000023.jpg,notflip__0032,notflip__0032,training,training,notflip,notflip,21,23
1232,1233,0.9543676742062615,0,2,same_sequence_same_split,training/flip/0038_000000011.jpg,training/flip/0038_000000012.jpg,flip__0038,flip__0038,training,training,flip,flip,11,12
2420,2426,0.9543403452565546,1,2,same_sequence_same_split,training/notflip/0035_000000023.jpg,training/notflip/0035_000000030.jpg,notflip__0035,notflip__0035,training,training,notflip,notflip,23,30
362,2072,0.9543190817663325,0,0,same_sequence_cross_split,testing/notflip/0016_000000023.jpg,training/notflip/0016_000000021.jpg,notflip__0016,notflip__0016,testing,training,notflip,notflip,23,21
2109,2111,0.9543053711352683,0,2,same_sequence_same_split,training/notflip/0020_000000014.jpg,training/notflip/0020_000000017.jpg,notflip__0020,notflip__0020,training,training,notflip,notflip,14,17
871,873,0.9542909341870889,1,2,same_sequence_same_split,training/flip/0015_000000002.jpg,training/flip/0015_000000004.jpg,flip__0015,flip__0015,training,training,flip,flip,2,4
629,630,0.9542832153698241,4,4,same_sequence_same_split,training/flip/0003_000000011.jpg,training/flip/0003_000000012.jpg,flip__0003,flip__0003,training,training,flip,flip,11,12
2105,2108,0.9542513331343522,2,2,same_sequence_same_split,training/notflip/0020_000000009.jpg,training/notflip/0020_000000013.jpg,notflip__0020,notflip__0020,training,training,notflip,notflip,9,13
2748,2750,0.9542207725173357,1,0,same_sequence_same_split,training/notflip/0049_000000014.jpg,training/notflip/0049_000000016.jpg,notflip__0049,notflip__0049,training,training,notflip,notflip,14,16
2906,2910,0.9542023980733597,1,0,same_sequence_same_split,training/notflip/0055_000000019.jpg,training/notflip/0055_000000023.jpg,notflip__0055,notflip__0055,training,training,notflip,notflip,19,23
458,2414,0.9541872113651819,3,2,same_sequence_cross_split,testing/notflip/0035_000000015.jpg,training/notflip/0035_000000017.jpg,notflip__0035,notflip__0035,testing,training,notflip,notflip,15,17
2859,2863,0.9541823340003669,1,0,same_sequence_same_split,training/notflip/0053_000000024.jpg,training/notflip/0053_000000029.jpg,notflip__0053,notflip__0053,training,training,notflip,notflip,24,29
225,1502,0.954152933351137,3,2,same_sequence_cross_split,testing/flip/0053_000000008.jpg,training/flip/0053_000000009.jpg,flip__0053,flip__0053,testing,training,flip,flip,8,9
2279,2282,0.9541279152958545,0,0,same_sequence_same_split,training/notflip/0029_000000023.jpg,training/notflip/0029_000000027.jpg,notflip__0029,notflip__0029,training,training,notflip,notflip,23,27
2726,2728,0.9541257270824884,1,0,same_sequence_same_split,training/notflip/0048_000000016.jpg,training/notflip/0048_000000018.jpg,notflip__0048,notflip__0048,training,training,notflip,notflip,16,18
257,1642,0.9541224433011489,4,4,same_sequence_cross_split,testing/flip/0060_000000013.jpg,training/flip/0060_000000012.jpg,flip__0060,flip__0060,testing,training,flip,flip,13,12
2480,2481,0.9541040876868095,1,2,same_sequence_same_split,training/notflip/0038_000000016.jpg,training/notflip/0038_000000017.jpg,notflip__0038,notflip__0038,training,training,notflip,notflip,16,17
5,624,0.9540753148889974,0,2,same_sequence_cross_split,testing/flip/0003_000000005.jpg,training/flip/0003_000000004.jpg,flip__0003,flip__0003,testing,training,flip,flip,5,4
2699,2710,0.9540653785733075,2,2,same_sequence_same_split,training/notflip/0047_000000015.jpg,training/notflip/0047_000000028.jpg,notflip__0047,notflip__0047,training,training,notflip,notflip,15,28
2572,2579,0.9540619335095631,4,0,same_sequence_same_split,training/notflip/0042_000000011.jpg,training/notflip/0042_000000019.jpg,notflip__0042,notflip__0042,training,training,notflip,notflip,11,19
315,1854,0.954061899245098,3,0,same_sequence_cross_split,testing/notflip/0004_000000029.jpg,training/notflip/0004_000000032.jpg,notflip__0004,notflip__0004,testing,training,notflip,notflip,29,32
1834,1835,0.9540592129802563,1,2,same_sequence_same_split,training/notflip/0004_000000005.jpg,training/notflip/0004_000000006.jpg,notflip__0004,notflip__0004,training,training,notflip,notflip,5,6
545,2727,0.9540553151438735,2,2,same_sequence_cross_split,testing/notflip/0048_000000015.jpg,training/notflip/0048_000000017.jpg,notflip__0048,notflip__0048,testing,training,notflip,notflip,15,17
624,625,0.9540324730226981,0,2,same_sequence_same_split,training/flip/0003_000000004.jpg,training/flip/0003_000000006.jpg,flip__0003,flip__0003,training,training,flip,flip,4,6
2698,2705,0.9540098722271538,3,4,same_sequence_same_split,training/notflip/0047_000000014.jpg,training/notflip/0047_000000021.jpg,notflip__0047,notflip__0047,training,training,notflip,notflip,14,21
315,1850,0.9539435804971587,0,0,same_sequence_cross_split,testing/notflip/0004_000000029.jpg,training/notflip/0004_000000027.jpg,notflip__0004,notflip__0004,testing,training,notflip,notflip,29,27
2654,2660,0.953895602747195,1,0,same_sequence_same_split,training/notflip/0045_000000019.jpg,training/notflip/0045_000000027.jpg,notflip__0045,notflip__0045,training,training,notflip,notflip,19,27
331,1912,0.9538837618685018,1,0,same_sequence_cross_split,testing/notflip/0007_000000010.jpg,training/notflip/0007_000000011.jpg,notflip__0007,notflip__0007,testing,training,notflip,notflip,10,11
407,2224,0.9538365937657618,0,2,same_sequence_cross_split,testing/notflip/0027_000000013.jpg,training/notflip/0027_000000015.jpg,notflip__0027,notflip__0027,testing,training,notflip,notflip,13,15
396,2188,0.9538298607304992,2,4,same_sequence_cross_split,testing/notflip/0025_000000022.jpg,training/notflip/0025_000000029.jpg,notflip__0025,notflip__0025,testing,training,notflip,notflip,22,29
2456,2458,0.9537914937960743,1,0,same_sequence_same_split,training/notflip/0037_000000011.jpg,training/notflip/0037_000000013.jpg,notflip__0037,notflip__0037,training,training,notflip,notflip,11,13
2548,2549,0.9537411699716339,0,4,same_sequence_same_split,training/notflip/0041_000000016.jpg,training/notflip/0041_000000017.jpg,notflip__0041,notflip__0041,training,training,notflip,notflip,16,17
570,2860,0.9537381338864216,0,0,same_sequence_cross_split,testing/notflip/0053_000000025.jpg,training/notflip/0053_000000026.jpg,notflip__0053,notflip__0053,testing,training,notflip,notflip,25,26
2820,2821,0.9537167389054694,1,2,same_sequence_same_split,training/notflip/0052_000000007.jpg,training/notflip/0052_000000008.jpg,notflip__0052,notflip__0052,training,training,notflip,notflip,7,8
559,2806,0.9536660527682802,4,0,same_sequence_cross_split,testing/notflip/0051_000000012.jpg,training/notflip/0051_000000021.jpg,notflip__0051,notflip__0051,testing,training,notflip,notflip,12,21
524,2629,0.9536596436062932,2,2,same_sequence_cross_split,testing/notflip/0044_000000014.jpg,training/notflip/0044_000000018.jpg,notflip__0044,notflip__0044,testing,training,notflip,notflip,14,18
448,2362,0.9536448897059737,3,2,same_sequence_cross_split,testing/notflip/0033_000000015.jpg,training/notflip/0033_000000013.jpg,notflip__0033,notflip__0033,testing,training,notflip,notflip,15,13
193,1352,0.9536352734241211,2,4,same_sequence_cross_split,testing/flip/0044_000000007.jpg,training/flip/0044_000000010.jpg,flip__0044,flip__0044,testing,training,flip,flip,7,10
2857,2861,0.9536279561662836,0,2,same_sequence_same_split,training/notflip/0053_000000022.jpg,training/notflip/0053_000000027.jpg,notflip__0053,notflip__0053,training,training,notflip,notflip,22,27
2655,2657,0.9536230720653623,2,0,same_sequence_same_split,training/notflip/0045_000000020.jpg,training/notflip/0045_000000023.jpg,notflip__0045,notflip__0045,training,training,notflip,notflip,20,23
545,2736,0.9536008543139687,3,2,same_sequence_cross_split,testing/notflip/0048_000000015.jpg,training/notflip/0048_000000028.jpg,notflip__0048,notflip__0048,testing,training,notflip,notflip,15,28
508,2556,0.9536001423649445,2,2,same_sequence_cross_split,testing/notflip/0041_000000022.jpg,training/notflip/0041_000000026.jpg,notflip__0041,notflip__0041,testing,training,notflip,notflip,22,26
2727,2735,0.9535957533304698,3,0,same_sequence_same_split,training/notflip/0048_000000017.jpg,training/notflip/0048_000000027.jpg,notflip__0048,notflip__0048,training,training,notflip,notflip,17,27
2728,2734,0.9535891183641443,3,0,same_sequence_same_split,training/notflip/0048_000000018.jpg,training/notflip/0048_000000024.jpg,notflip__0048,notflip__0048,training,training,notflip,notflip,18,24
298,1794,0.9535871903135604,2,0,same_sequence_cross_split,testing/notflip/0002_000000012.jpg,training/notflip/0002_000000016.jpg,notflip__0002,notflip__0002,testing,training,notflip,notflip,12,16
2855,2860,0.953571352718234,0,0,same_sequence_same_split,training/notflip/0053_000000020.jpg,training/notflip/0053_000000026.jpg,notflip__0053,notflip__0053,training,training,notflip,notflip,20,26
2487,2488,0.9535639765396191,1,0,same_sequence_same_split,training/notflip/0038_000000026.jpg,training/notflip/0038_000000027.jpg,notflip__0038,notflip__0038,training,training,notflip,notflip,26,27
1021,1022,0.9535554043854436,2,4,same_sequence_same_split,training/flip/0023_000000003.jpg,training/flip/0023_000000004.jpg,flip__0023,flip__0023,training,training,flip,flip,3,4
525,2636,0.9535076300940072,2,2,same_sequence_cross_split,testing/notflip/0044_000000027.jpg,training/notflip/0044_000000025.jpg,notflip__0044,notflip__0044,testing,training,notflip,notflip,27,25
2301,2303,0.9535033271972672,2,0,same_sequence_same_split,training/notflip/0030_000000020.jpg,training/notflip/0030_000000025.jpg,notflip__0030,notflip__0030,training,training,notflip,notflip,20,25
2300,2303,0.9534916460524602,2,0,same_sequence_same_split,training/notflip/0030_000000019.jpg,training/notflip/0030_000000025.jpg,notflip__0030,notflip__0030,training,training,notflip,notflip,19,25
299,1791,0.9534881091872773,2,0,same_sequence_cross_split,testing/notflip/0002_000000015.jpg,training/notflip/0002_000000011.jpg,notflip__0002,notflip__0002,testing,training,notflip,notflip,15,11
1611,1612,0.9534660644710057,2,2,same_sequence_same_split,training/flip/0059_000000003.jpg,training/flip/0059_000000004.jpg,flip__0059,flip__0059,training,training,flip,flip,3,4
544,2705,0.9534484865410476,1,0,same_sequence_cross_split,testing/notflip/0047_000000029.jpg,training/notflip/0047_000000021.jpg,notflip__0047,notflip__0047,testing,training,notflip,notflip,29,21
2599,2600,0.9534440702326318,0,0,same_sequence_same_split,training/notflip/0043_000000013.jpg,training/notflip/0043_000000014.jpg,notflip__0043,notflip__0043,training,training,notflip,notflip,13,14
2903,2905,0.9534086727696222,3,2,same_sequence_same_split,training/notflip/0055_000000015.jpg,training/notflip/0055_000000018.jpg,notflip__0055,notflip__0055,training,training,notflip,notflip,15,18
2185,2188,0.9533821748471442,0,2,same_sequence_same_split,training/notflip/0025_000000026.jpg,training/notflip/0025_000000029.jpg,notflip__0025,notflip__0025,training,training,notflip,notflip,26,29
2217,2222,0.9533593576390512,4,2,same_sequence_same_split,training/notflip/0027_000000006.jpg,training/notflip/0027_000000012.jpg,notflip__0027,notflip__0027,training,training,notflip,notflip,6,12
2731,2733,0.9533571141356217,3,0,same_sequence_same_split,training/notflip/0048_000000021.jpg,training/notflip/0048_000000023.jpg,notflip__0048,notflip__0048,training,training,notflip,notflip,21,23
2792,2798,0.9533528851232534,3,0,same_sequence_same_split,training/notflip/0051_000000006.jpg,training/notflip/0051_000000013.jpg,notflip__0051,notflip__0051,training,training,notflip,notflip,6,13
2367,2369,0.9533441489154744,4,2,same_sequence_same_split,training/notflip/0033_000000020.jpg,training/notflip/0033_000000022.jpg,notflip__0033,notflip__0033,training,training,notflip,notflip,20,22
2218,2222,0.953318768646574,4,2,same_sequence_same_split,training/notflip/0027_000000007.jpg,training/notflip/0027_000000012.jpg,notflip__0027,notflip__0027,training,training,notflip,notflip,7,12
1991,1993,0.9533165471546007,2,0,same_sequence_same_split,training/notflip/0010_000000017.jpg,training/notflip/0010_000000019.jpg,notflip__0010,notflip__0010,training,training,notflip,notflip,17,19
580,584,0.9533049771171873,0,0,same_sequence_same_split,testing/notflip/0056_000000011.jpg,testing/notflip/0056_000000027.jpg,notflip__0056,notflip__0056,testing,testing,notflip,notflip,11,27
1988,1989,0.9532905731280956,3,0,same_sequence_same_split,training/notflip/0010_000000014.jpg,training/notflip/0010_000000015.jpg,notflip__0010,notflip__0010,training,training,notflip,notflip,14,15
2927,2930,0.9532482922192348,1,0,same_sequence_same_split,training/notflip/0056_000000014.jpg,training/notflip/0056_000000017.jpg,notflip__0056,notflip__0056,training,training,notflip,notflip,14,17
342,1956,0.9532443375421822,2,0,same_sequence_cross_split,testing/notflip/0009_000000005.jpg,training/notflip/0009_000000006.jpg,notflip__0009,notflip__0009,testing,training,notflip,notflip,5,6
2512,2514,0.9531962278488952,0,2,same_sequence_same_split,training/notflip/0039_000000023.jpg,training/notflip/0039_000000025.jpg,notflip__0039,notflip__0039,training,training,notflip,notflip,23,25
2444,2447,0.9531939161257287,1,2,same_sequence_same_split,training/notflip/0036_000000021.jpg,training/notflip/0036_000000024.jpg,notflip__0036,notflip__0036,training,training,notflip,notflip,21,24
2699,2701,0.9531912045394676,0,0,same_sequence_same_split,training/notflip/0047_000000015.jpg,training/notflip/0047_000000017.jpg,notflip__0047,notflip__0047,training,training,notflip,notflip,15,17
2254,2259,0.9531878749321662,3,2,same_sequence_same_split,training/notflip/0028_000000019.jpg,training/notflip/0028_000000025.jpg,notflip__0028,notflip__0028,training,training,notflip,notflip,19,25
188,1322,0.9531460945016222,0,0,same_sequence_cross_split,testing/flip/0042_000000012.jpg,training/flip/0042_000000013.jpg,flip__0042,flip__0042,testing,training,flip,flip,12,13
296,1786,0.9531233795993579,1,0,same_sequence_cross_split,testing/notflip/0002_000000006.jpg,training/notflip/0002_000000004.jpg,notflip__0002,notflip__0002,testing,training,notflip,notflip,6,4
560,2808,0.9531170686183137,2,0,same_sequence_cross_split,testing/notflip/0051_000000025.jpg,training/notflip/0051_000000023.jpg,notflip__0051,notflip__0051,testing,training,notflip,notflip,25,23
2626,2632,0.9531169688354478,2,2,same_sequence_same_split,training/notflip/0044_000000015.jpg,training/notflip/0044_000000021.jpg,notflip__0044,notflip__0044,training,training,notflip,notflip,15,21
1792,1794,0.9530606181780966,2,0,same_sequence_same_split,training/notflip/0002_000000013.jpg,training/notflip/0002_000000016.jpg,notflip__0002,notflip__0002,training,training,notflip,notflip,13,16
2481,2482,0.9530256251000929,1,2,same_sequence_same_split,training/notflip/0038_000000017.jpg,training/notflip/0038_000000018.jpg,notflip__0038,notflip__0038,training,training,notflip,notflip,17,18
580,2938,0.9530095141184726,0,0,same_sequence_cross_split,testing/notflip/0056_000000011.jpg,training/notflip/0056_000000028.jpg,notflip__0056,notflip__0056,testing,training,notflip,notflip,11,28
2701,2709,0.9529593496167192,2,2,same_sequence_same_split,training/notflip/0047_000000017.jpg,training/notflip/0047_000000027.jpg,notflip__0047,notflip__0047,training,training,notflip,notflip,17,27
349,2000,0.952907036138378,1,4,same_sequence_cross_split,testing/notflip/0010_000000026.jpg,training/notflip/0010_000000027.jpg,notflip__0010,notflip__0010,testing,training,notflip,notflip,26,27
2365,2369,0.9528702276996674,2,4,same_sequence_same_split,training/notflip/0033_000000017.jpg,training/notflip/0033_000000022.jpg,notflip__0033,notflip__0033,training,training,notflip,notflip,17,22
2627,2634,0.9528531713282669,0,2,same_sequence_same_split,training/notflip/0044_000000016.jpg,training/notflip/0044_000000023.jpg,notflip__0044,notflip__0044,training,training,notflip,notflip,16,23
1794,1800,0.952832228834273,2,0,same_sequence_same_split,training/notflip/0002_000000016.jpg,training/notflip/0002_000000022.jpg,notflip__0002,notflip__0002,training,training,notflip,notflip,16,22
2388,2389,0.9527758821947532,3,2,same_sequence_same_split,training/notflip/0034_000000014.jpg,training/notflip/0034_000000015.jpg,notflip__0034,notflip__0034,training,training,notflip,notflip,14,15
2835,2837,0.9527488209447049,0,0,same_sequence_same_split,training/notflip/0052_000000024.jpg,training/notflip/0052_000000026.jpg,notflip__0052,notflip__0052,training,training,notflip,notflip,24,26
2366,2369,0.9527236651625075,3,2,same_sequence_same_split,training/notflip/0033_000000018.jpg,training/notflip/0033_000000022.jpg,notflip__0033,notflip__0033,training,training,notflip,notflip,18,22
577,2906,0.9527100490572789,2,2,same_sequence_cross_split,testing/notflip/0055_000000016.jpg,training/notflip/0055_000000019.jpg,notflip__0055,notflip__0055,testing,training,notflip,notflip,16,19
1946,1947,0.9526732034531826,2,2,same_sequence_same_split,training/notflip/0008_000000021.jpg,training/notflip/0008_000000022.jpg,notflip__0008,notflip__0008,training,training,notflip,notflip,21,22
2415,2417,0.9526622960610716,1,2,same_sequence_same_split,training/notflip/0035_000000018.jpg,training/notflip/0035_000000020.jpg,notflip__0035,notflip__0035,training,training,notflip,notflip,18,20
2441,2444,0.952605455966227,2,0,same_sequence_same_split,training/notflip/0036_000000017.jpg,training/notflip/0036_000000021.jpg,notflip__0036,notflip__0036,training,training,notflip,notflip,17,21
2217,2221,0.9525991366579436,2,2,same_sequence_same_split,training/notflip/0027_000000006.jpg,training/notflip/0027_000000011.jpg,notflip__0027,notflip__0027,training,training,notflip,notflip,6,11
2729,2732,0.9525653784256003,2,2,same_sequence_same_split,training/notflip/0048_000000019.jpg,training/notflip/0048_000000022.jpg,notflip__0048,notflip__0048,training,training,notflip,notflip,19,22
2811,2813,0.9525584089130943,2,0,same_sequence_same_split,training/notflip/0051_000000027.jpg,training/notflip/0051_000000029.jpg,notflip__0051,notflip__0051,training,training,notflip,notflip,27,29
385,2151,0.952551224029965,3,2,same_sequence_cross_split,testing/notflip/0024_000000007.jpg,training/notflip/0024_000000010.jpg,notflip__0024,notflip__0024,testing,training,notflip,notflip,7,10
2536,2538,0.9525491564777974,2,0,same_sequence_same_split,training/notflip/0040_000000028.jpg,training/notflip/0040_000000030.jpg,notflip__0040,notflip__0040,training,training,notflip,notflip,28,30
2218,2221,0.952541876241614,2,2,same_sequence_same_split,training/notflip/0027_000000007.jpg,training/notflip/0027_000000011.jpg,notflip__0027,notflip__0027,training,training,notflip,notflip,7,11
454,2399,0.9524971117236279,3,2,same_sequence_cross_split,testing/notflip/0034_000000025.jpg,training/notflip/0034_000000027.jpg,notflip__0034,notflip__0034,testing,training,notflip,notflip,25,27
1977,1978,0.9524959627563401,0,2,same_sequence_same_split,training/notflip/0010_000000001.jpg,training/notflip/0010_000000002.jpg,notflip__0010,notflip__0010,training,training,notflip,notflip,1,2
574,2890,0.9524949619379386,2,0,same_sequence_cross_split,testing/notflip/0054_000000027.jpg,training/notflip/0054_000000030.jpg,notflip__0054,notflip__0054,testing,training,notflip,notflip,27,30
548,2736,0.9524661420672768,0,0,same_sequence_cross_split,testing/notflip/0048_000000030.jpg,training/notflip/0048_000000028.jpg,notflip__0048,notflip__0048,testing,training,notflip,notflip,30,28
2125,2126,0.9524452591689802,2,2,same_sequence_same_split,training/notflip/0023_000000005.jpg,training/notflip/0023_000000006.jpg,notflip__0023,notflip__0023,training,training,notflip,notflip,5,6
178,1306,0.9524380615460305,1,0,same_sequence_cross_split,testing/flip/0041_000000015.jpg,training/flip/0041_000000016.jpg,flip__0041,flip__0041,testing,training,flip,flip,15,16
1105,1107,0.9524018127218086,0,0,same_sequence_same_split,training/flip/0029_000000007.jpg,training/flip/0029_000000009.jpg,flip__0029,flip__0029,training,training,flip,flip,7,9
2982,2984,0.9523992689138971,1,0,same_sequence_same_split,training/notflip/0058_000000023.jpg,training/notflip/0058_000000026.jpg,notflip__0058,notflip__0058,training,training,notflip,notflip,23,26
544,2699,0.952394489192803,2,2,same_sequence_cross_split,testing/notflip/0047_000000029.jpg,training/notflip/0047_000000015.jpg,notflip__0047,notflip__0047,testing,training,notflip,notflip,29,15
544,2704,0.9523928077664392,2,0,same_sequence_cross_split,testing/notflip/0047_000000029.jpg,training/notflip/0047_000000020.jpg,notflip__0047,notflip__0047,testing,training,notflip,notflip,29,20
2903,2909,0.9523829272507739,3,2,same_sequence_same_split,training/notflip/0055_000000015.jpg,training/notflip/0055_000000022.jpg,notflip__0055,notflip__0055,training,training,notflip,notflip,15,22
568,2861,0.9523771214072965,1,0,same_sequence_cross_split,testing/notflip/0053_000000016.jpg,training/notflip/0053_000000027.jpg,notflip__0053,notflip__0053,testing,training,notflip,notflip,16,27
2068,2069,0.9523593790200995,0,0,same_sequence_same_split,training/notflip/0016_000000016.jpg,training/notflip/0016_000000017.jpg,notflip__0016,notflip__0016,training,training,notflip,notflip,16,17
2783,2786,0.9523296437852004,0,0,same_sequence_same_split,training/notflip/0050_000000025.jpg,training/notflip/0050_000000028.jpg,notflip__0050,notflip__0050,training,training,notflip,notflip,25,28
2975,2977,0.9523148728492505,2,4,same_sequence_same_split,training/notflip/0058_000000012.jpg,training/notflip/0058_000000015.jpg,notflip__0058,notflip__0058,training,training,notflip,notflip,12,15
2936,2939,0.9522686443872823,0,2,same_sequence_same_split,training/notflip/0056_000000025.jpg,training/notflip/0056_000000029.jpg,notflip__0056,notflip__0056,training,training,notflip,notflip,25,29
568,2854,0.9522600184147821,0,0,same_sequence_cross_split,testing/notflip/0053_000000016.jpg,training/notflip/0053_000000019.jpg,notflip__0053,notflip__0053,testing,training,notflip,notflip,16,19
2722,2737,0.9522454397818354,3,2,same_sequence_same_split,training/notflip/0048_000000011.jpg,training/notflip/0048_000000029.jpg,notflip__0048,notflip__0048,training,training,notflip,notflip,11,29
2141,2142,0.9522397389762463,1,2,same_sequence_same_split,training/notflip/0023_000000023.jpg,training/notflip/0023_000000025.jpg,notflip__0023,notflip__0023,training,training,notflip,notflip,23,25
2673,2675,0.9522151401815944,2,2,same_sequence_same_split,training/notflip/0046_000000015.jpg,training/notflip/0046_000000017.jpg,notflip__0046,notflip__0046,training,training,notflip,notflip,15,17
2935,2937,0.9521884688438196,1,0,same_sequence_same_split,training/notflip/0056_000000023.jpg,training/notflip/0056_000000026.jpg,notflip__0056,notflip__0056,training,training,notflip,notflip,23,26
193,1347,0.9521392967038167,4,2,same_sequence_cross_split,testing/flip/0044_000000007.jpg,training/flip/0044_000000004.jpg,flip__0044,flip__0044,testing,training,flip,flip,7,4
1987,1988,0.9521390690982202,2,2,same_sequence_same_split,training/notflip/0010_000000013.jpg,training/notflip/0010_000000014.jpg,notflip__0010,notflip__0010,training,training,notflip,notflip,13,14
2472,2473,0.9521191014110056,0,2,same_sequence_same_split,training/notflip/0038_000000003.jpg,training/notflip/0038_000000004.jpg,notflip__0038,notflip__0038,training,training,notflip,notflip,3,4
2555,2559,0.952105115970276,0,0,same_sequence_same_split,training/notflip/0041_000000025.jpg,training/notflip/0041_000000030.jpg,notflip__0041,notflip__0041,training,training,notflip,notflip,25,30
2627,2632,0.9520763638079656,1,0,same_sequence_same_split,training/notflip/0044_000000016.jpg,training/notflip/0044_000000021.jpg,notflip__0044,notflip__0044,training,training,notflip,notflip,16,21
2083,2085,0.9520751169721697,0,2,same_sequence_same_split,training/notflip/0019_000000011.jpg,training/notflip/0019_000000014.jpg,notflip__0019,notflip__0019,training,training,notflip,notflip,11,14
2277,2279,0.9520282928141521,0,0,same_sequence_same_split,training/notflip/0029_000000021.jpg,training/notflip/0029_000000023.jpg,notflip__0029,notflip__0029,training,training,notflip,notflip,21,23
1856,1857,0.9520154970471819,1,0,same_sequence_same_split,training/notflip/0004_000000034.jpg,training/notflip/0004_000000035.jpg,notflip__0004,notflip__0004,training,training,notflip,notflip,34,35
2572,2574,0.9519527432414838,2,0,same_sequence_same_split,training/notflip/0042_000000011.jpg,training/notflip/0042_000000014.jpg,notflip__0042,notflip__0042,training,training,notflip,notflip,11,14
628,629,0.9519398278267568,2,4,same_sequence_same_split,training/flip/0003_000000010.jpg,training/flip/0003_000000011.jpg,flip__0003,flip__0003,training,training,flip,flip,10,11
239,1555,0.9519174602755677,3,0,same_sequence_cross_split,testing/flip/0056_000000016.jpg,training/flip/0056_000000017.jpg,flip__0056,flip__0056,testing,training,flip,flip,16,17
406,2216,0.9519054953369521,2,2,same_sequence_cross_split,testing/notflip/0027_000000010.jpg,training/notflip/0027_000000005.jpg,notflip__0027,notflip__0027,testing,training,notflip,notflip,10,5
2654,2659,0.9518885075472255,2,0,same_sequence_same_split,training/notflip/0045_000000019.jpg,training/notflip/0045_000000025.jpg,notflip__0045,notflip__0045,training,training,notflip,notflip,19,25
395,2188,0.9518871087772202,2,4,same_sequence_cross_split,testing/notflip/0025_000000021.jpg,training/notflip/0025_000000029.jpg,notflip__0025,notflip__0025,testing,training,notflip,notflip,21,29
588,2956,0.951866242183961,2,4,same_sequence_cross_split,testing/notflip/0057_000000023.jpg,training/notflip/0057_000000019.jpg,notflip__0057,notflip__0057,testing,training,notflip,notflip,23,19
2696,2697,0.9518628236338476,1,4,same_sequence_same_split,training/notflip/0047_000000012.jpg,training/notflip/0047_000000013.jpg,notflip__0047,notflip__0047,training,training,notflip,notflip,12,13
542,2705,0.9518598117462811,0,0,same_sequence_cross_split,testing/notflip/0047_000000024.jpg,training/notflip/0047_000000021.jpg,notflip__0047,notflip__0047,testing,training,notflip,notflip,24,21
873,874,0.9518460687564332,0,0,same_sequence_same_split,training/flip/0015_000000004.jpg,training/flip/0015_000000005.jpg,flip__0015,flip__0015,training,training,flip,flip,4,5
322,1896,0.9518378042039504,0,0,same_sequence_cross_split,testing/notflip/0006_000000015.jpg,training/notflip/0006_000000017.jpg,notflip__0006,notflip__0006,testing,training,notflip,notflip,15,17
2728,2735,0.9518276601859341,3,0,same_sequence_same_split,training/notflip/0048_000000018.jpg,training/notflip/0048_000000027.jpg,notflip__0048,notflip__0048,training,training,notflip,notflip,18,27
2550,2551,0.9518062461925171,1,0,same_sequence_same_split,training/notflip/0041_000000018.jpg,training/notflip/0041_000000019.jpg,notflip__0041,notflip__0041,training,training,notflip,notflip,18,19
367,2090,0.9517988610006616,1,2,same_sequence_cross_split,testing/notflip/0019_000000015.jpg,training/notflip/0019_000000020.jpg,notflip__0019,notflip__0019,testing,training,notflip,notflip,15,20
2775,2778,0.9517958804085377,1,2,same_sequence_same_split,training/notflip/0050_000000017.jpg,training/notflip/0050_000000020.jpg,notflip__0050,notflip__0050,training,training,notflip,notflip,17,20
366,2080,0.9517632542375825,2,2,same_sequence_cross_split,testing/notflip/0019_000000012.jpg,training/notflip/0019_000000008.jpg,notflip__0019,notflip__0019,testing,training,notflip,notflip,12,8
508,2555,0.951761887924568,1,0,same_sequence_cross_split,testing/notflip/0041_000000022.jpg,training/notflip/0041_000000025.jpg,notflip__0041,notflip__0041,testing,training,notflip,notflip,22,25
379,381,0.9517487644520423,0,0,same_sequence_same_split,testing/notflip/0023_000000024.jpg,testing/notflip/0023_000000030.jpg,notflip__0023,notflip__0023,testing,testing,notflip,notflip,24,30
535,2665,0.9517473394605247,0,2,same_sequence_cross_split,testing/notflip/0046_000000003.jpg,training/notflip/0046_000000005.jpg,notflip__0046,notflip__0046,testing,training,notflip,notflip,3,5
2695,2696,0.9517113510010232,3,2,same_sequence_same_split,training/notflip/0047_000000011.jpg,training/notflip/0047_000000012.jpg,notflip__0047,notflip__0047,training,training,notflip,notflip,11,12
559,2794,0.9516948439744572,1,0,same_sequence_cross_split,testing/notflip/0051_000000012.jpg,training/notflip/0051_000000008.jpg,notflip__0051,notflip__0051,testing,training,notflip,notflip,12,8
2697,2702,0.9516809084788411,3,4,same_sequence_same_split,training/notflip/0047_000000013.jpg,training/notflip/0047_000000018.jpg,notflip__0047,notflip__0047,training,training,notflip,notflip,13,18
2482,2483,0.9516469723134643,1,2,same_sequence_same_split,training/notflip/0038_000000018.jpg,training/notflip/0038_000000019.jpg,notflip__0038,notflip__0038,training,training,notflip,notflip,18,19
2861,2863,0.9516362598480258,1,0,same_sequence_same_split,training/notflip/0053_000000027.jpg,training/notflip/0053_000000029.jpg,notflip__0053,notflip__0053,training,training,notflip,notflip,27,29
499,2527,0.9516326171984378,0,0,same_sequence_cross_split,testing/notflip/0040_000000017.jpg,training/notflip/0040_000000019.jpg,notflip__0040,notflip__0040,testing,training,notflip,notflip,17,19
2981,2984,0.9515889863157678,1,0,same_sequence_same_split,training/notflip/0058_000000022.jpg,training/notflip/0058_000000026.jpg,notflip__0058,notflip__0058,training,training,notflip,notflip,22,26
272,1697,0.9515238819005338,1,2,same_sequence_cross_split,testing/flip/0062_000000003.jpg,training/flip/0062_000000007.jpg,flip__0062,flip__0062,testing,training,flip,flip,3,7
2391,2392,0.951472919287908,1,0,same_sequence_same_split,training/notflip/0034_000000018.jpg,training/notflip/0034_000000019.jpg,notflip__0034,notflip__0034,training,training,notflip,notflip,18,19
1966,1968,0.9514551904652274,1,2,same_sequence_same_split,training/notflip/0009_000000019.jpg,training/notflip/0009_000000021.jpg,notflip__0009,notflip__0009,training,training,notflip,notflip,19,21
172,1262,0.9514335414283391,1,2,same_sequence_cross_split,testing/flip/0039_000000009.jpg,training/flip/0039_000000010.jpg,flip__0039,flip__0039,testing,training,flip,flip,9,10
293,1768,0.9514015060091181,1,0,same_sequence_cross_split,testing/notflip/0001_000000014.jpg,training/notflip/0001_000000013.jpg,notflip__0001,notflip__0001,testing,training,notflip,notflip,14,13
2278,2281,0.9513987824126812,0,0,same_sequence_same_split,training/notflip/0029_000000022.jpg,training/notflip/0029_000000026.jpg,notflip__0029,notflip__0029,training,training,notflip,notflip,22,26
499,2528,0.9513944388379757,0,0,same_sequence_cross_split,testing/notflip/0040_000000017.jpg,training/notflip/0040_000000020.jpg,notflip__0040,notflip__0040,testing,training,notflip,notflip,17,20
2858,2864,0.9513371929866082,1,2,same_sequence_same_split,training/notflip/0053_000000023.jpg,training/notflip/0053_000000030.jpg,notflip__0053,notflip__0053,training,training,notflip,notflip,23,30
2433,2434,0.9513371230484139,3,4,same_sequence_same_split,training/notflip/0036_000000008.jpg,training/notflip/0036_000000009.jpg,notflip__0036,notflip__0036,training,training,notflip,notflip,8,9
2725,2737,0.9513153945572264,2,2,same_sequence_same_split,training/notflip/0048_000000014.jpg,training/notflip/0048_000000029.jpg,notflip__0048,notflip__0048,training,training,notflip,notflip,14,29
2095,2096,0.9513014451560461,0,0,same_sequence_same_split,training/notflip/0019_000000028.jpg,training/notflip/0019_000000029.jpg,notflip__0019,notflip__0019,training,training,notflip,notflip,28,29
2080,2083,0.9512990376815562,2,2,same_sequence_same_split,training/notflip/0019_000000008.jpg,training/notflip/0019_000000011.jpg,notflip__0019,notflip__0019,training,training,notflip,notflip,8,11
412,2256,0.9512931785828148,1,0,same_sequence_cross_split,testing/notflip/0028_000000024.jpg,training/notflip/0028_000000021.jpg,notflip__0028,notflip__0028,testing,training,notflip,notflip,24,21
1903,1904,0.9512891009319776,1,0,same_sequence_same_split,training/notflip/0007_000000001.jpg,training/notflip/0007_000000002.jpg,notflip__0007,notflip__0007,training,training,notflip,notflip,1,2
2626,2636,0.9512885060138355,1,2,same_sequence_same_split,training/notflip/0044_000000015.jpg,training/notflip/0044_000000025.jpg,notflip__0044,notflip__0044,training,training,notflip,notflip,15,25
583,2939,0.9512797876914942,0,2,same_sequence_cross_split,testing/notflip/0056_000000024.jpg,training/notflip/0056_000000029.jpg,notflip__0056,notflip__0056,testing,training,notflip,notflip,24,29
2321,2323,0.9512689188704402,3,0,same_sequence_same_split,training/notflip/0031_000000022.jpg,training/notflip/0031_000000024.jpg,notflip__0031,notflip__0031,training,training,notflip,notflip,22,24
536,2671,0.9512593749580789,0,2,same_sequence_cross_split,testing/notflip/0046_000000011.jpg,training/notflip/0046_000000013.jpg,notflip__0046,notflip__0046,testing,training,notflip,notflip,11,13
2626,2634,0.951192697647114,1,2,same_sequence_same_split,training/notflip/0044_000000015.jpg,training/notflip/0044_000000023.jpg,notflip__0044,notflip__0044,training,training,notflip,notflip,15,23
2261,2263,0.9511846679939436,0,0,same_sequence_same_split,training/notflip/0028_000000027.jpg,training/notflip/0028_000000029.jpg,notflip__0028,notflip__0028,training,training,notflip,notflip,27,29
1986,1987,0.9511500578633449,1,4,same_sequence_same_split,training/notflip/0010_000000012.jpg,training/notflip/0010_000000013.jpg,notflip__0010,notflip__0010,training,training,notflip,notflip,12,13
545,2722,0.9510996916341794,2,0,same_sequence_cross_split,testing/notflip/0048_000000015.jpg,training/notflip/0048_000000011.jpg,notflip__0048,notflip__0048,testing,training,notflip,notflip,15,11
1823,1825,0.9510599500733361,1,2,same_sequence_same_split,training/notflip/0003_000000020.jpg,training/notflip/0003_000000022.jpg,notflip__0003,notflip__0003,training,training,notflip,notflip,20,22
2224,2225,0.9510596131850314,1,0,same_sequence_same_split,training/notflip/0027_000000015.jpg,training/notflip/0027_000000016.jpg,notflip__0027,notflip__0027,training,training,notflip,notflip,15,16
2798,2806,0.9510435447494353,3,0,same_sequence_same_split,training/notflip/0051_000000013.jpg,training/notflip/0051_000000021.jpg,notflip__0051,notflip__0051,training,training,notflip,notflip,13,21
2360,2361,0.9510416178645217,3,2,same_sequence_same_split,training/notflip/0033_000000011.jpg,training/notflip/0033_000000012.jpg,notflip__0033,notflip__0033,training,training,notflip,notflip,11,12
694,695,0.9510406211130865,2,2,same_sequence_same_split,training/flip/0006_000000010.jpg,training/flip/0006_000000011.jpg,flip__0006,flip__0006,training,training,flip,flip,10,11
1762,1767,0.9510170827871373,3,0,same_sequence_same_split,training/notflip/0001_000000006.jpg,training/notflip/0001_000000012.jpg,notflip__0001,notflip__0001,training,training,notflip,notflip,6,12
448,449,0.9510133003533523,1,4,same_sequence_same_split,testing/notflip/0033_000000015.jpg,testing/notflip/0033_000000019.jpg,notflip__0033,notflip__0033,testing,testing,notflip,notflip,15,19
688,691,0.9510054439575337,2,2,same_sequence_same_split,training/flip/0006_000000002.jpg,training/flip/0006_000000005.jpg,flip__0006,flip__0006,training,training,flip,flip,2,5
1823,1826,0.9509617366220929,0,2,same_sequence_same_split,training/notflip/0003_000000020.jpg,training/notflip/0003_000000023.jpg,notflip__0003,notflip__0003,training,training,notflip,notflip,20,23
2201,2202,0.950931042253608,4,4,same_sequence_same_split,training/notflip/0026_000000016.jpg,training/notflip/0026_000000017.jpg,notflip__0026,notflip__0026,training,training,notflip,notflip,16,17
545,2735,0.9509247543256415,3,2,same_sequence_cross_split,testing/notflip/0048_000000015.jpg,training/notflip/0048_000000027.jpg,notflip__0048,notflip__0048,testing,training,notflip,notflip,15,27
2504,2505,0.9508721428197761,3,2,same_sequence_same_split,training/notflip/0039_000000014.jpg,training/notflip/0039_000000015.jpg,notflip__0039,notflip__0039,training,training,notflip,notflip,14,15
2728,2729,0.9508581008724855,1,0,same_sequence_same_split,training/notflip/0048_000000018.jpg,training/notflip/0048_000000019.jpg,notflip__0048,notflip__0048,training,training,notflip,notflip,18,19
1316,1317,0.9508554415727307,1,2,same_sequence_same_split,training/flip/0042_000000003.jpg,training/flip/0042_000000005.jpg,flip__0042,flip__0042,training,training,flip,flip,3,5
2359,2360,0.9508140881106694,1,2,same_sequence_same_split,training/notflip/0033_000000010.jpg,training/notflip/0033_000000011.jpg,notflip__0033,notflip__0033,training,training,notflip,notflip,10,11
401,2200,0.9508061116833416,1,4,same_sequence_cross_split,testing/notflip/0026_000000014.jpg,training/notflip/0026_000000015.jpg,notflip__0026,notflip__0026,testing,training,notflip,notflip,14,15
381,2142,0.9507784355427621,0,0,same_sequence_cross_split,testing/notflip/0023_000000030.jpg,training/notflip/0023_000000025.jpg,notflip__0023,notflip__0023,testing,training,notflip,notflip,30,25
546,2728,0.9507734587514568,3,0,same_sequence_cross_split,testing/notflip/0048_000000025.jpg,training/notflip/0048_000000018.jpg,notflip__0048,notflip__0048,testing,training,notflip,notflip,25,18
2183,2189,0.950772707038623,1,4,same_sequence_same_split,training/notflip/0025_000000023.jpg,training/notflip/0025_000000030.jpg,notflip__0025,notflip__0025,training,training,notflip,notflip,23,30
2447,2450,0.9507726436466254,3,2,same_sequence_same_split,training/notflip/0036_000000024.jpg,training/notflip/0036_000000029.jpg,notflip__0036,notflip__0036,training,training,notflip,notflip,24,29
1322,1323,0.9507526079197505,4,4,same_sequence_same_split,training/flip/0042_000000013.jpg,training/flip/0042_000000014.jpg,flip__0042,flip__0042,training,training,flip,flip,13,14
9,644,0.9507484448085461,1,2,same_sequence_cross_split,testing/flip/0004_000000006.jpg,training/flip/0004_000000007.jpg,flip__0004,flip__0004,testing,training,flip,flip,6,7
1970,1972,0.9507029489863569,3,2,same_sequence_same_split,training/notflip/0009_000000023.jpg,training/notflip/0009_000000025.jpg,notflip__0009,notflip__0009,training,training,notflip,notflip,23,25
2461,2464,0.9506979328978532,0,2,same_sequence_same_split,training/notflip/0037_000000020.jpg,training/notflip/0037_000000023.jpg,notflip__0037,notflip__0037,training,training,notflip,notflip,20,23
421,2279,0.9506838001243655,2,2,same_sequence_cross_split,testing/notflip/0029_000000025.jpg,training/notflip/0029_000000023.jpg,notflip__0029,notflip__0029,testing,training,notflip,notflip,25,23
2280,2283,0.9506782183617446,0,0,same_sequence_same_split,training/notflip/0029_000000024.jpg,training/notflip/0029_000000028.jpg,notflip__0029,notflip__0029,training,training,notflip,notflip,24,28
1352,1354,0.950672497677091,3,2,same_sequence_same_split,training/flip/0044_000000010.jpg,training/flip/0044_000000012.jpg,flip__0044,flip__0044,training,training,flip,flip,10,12
2637,2639,0.9506289815455841,3,2,same_sequence_same_split,training/notflip/0044_000000026.jpg,training/notflip/0044_000000029.jpg,notflip__0044,notflip__0044,training,training,notflip,notflip,26,29
2443,2446,0.9506172710158881,1,0,same_sequence_same_split,training/notflip/0036_000000019.jpg,training/notflip/0036_000000023.jpg,notflip__0036,notflip__0036,training,training,notflip,notflip,19,23
2794,2805,0.950610592251652,1,0,same_sequence_same_split,training/notflip/0051_000000008.jpg,training/notflip/0051_000000020.jpg,notflip__0051,notflip__0051,training,training,notflip,notflip,8,20
2877,2878,0.9506090704889281,2,0,same_sequence_same_split,training/notflip/0054_000000014.jpg,training/notflip/0054_000000015.jpg,notflip__0054,notflip__0054,training,training,notflip,notflip,14,15
361,2072,0.9506008025860193,1,0,same_sequence_cross_split,testing/notflip/0016_000000020.jpg,training/notflip/0016_000000021.jpg,notflip__0016,notflip__0016,testing,training,notflip,notflip,20,21
1904,1905,0.9505868103268722,0,2,same_sequence_same_split,training/notflip/0007_000000002.jpg,training/notflip/0007_000000003.jpg,notflip__0007,notflip__0007,training,training,notflip,notflip,2,3
2720,2721,0.9505817160409983,2,4,same_sequence_same_split,training/notflip/0048_000000009.jpg,training/notflip/0048_000000010.jpg,notflip__0048,notflip__0048,training,training,notflip,notflip,9,10
2231,2233,0.9505812469697368,1,2,same_sequence_same_split,training/notflip/0027_000000025.jpg,training/notflip/0027_000000027.jpg,notflip__0027,notflip__0027,training,training,notflip,notflip,25,27
404,405,0.9505495034005219,3,2,same_sequence_same_split,testing/notflip/0027_000000001.jpg,testing/notflip/0027_000000004.jpg,notflip__0027,notflip__0027,testing,testing,notflip,notflip,1,4
2702,2706,0.9505481992762572,1,2,same_sequence_same_split,training/notflip/0047_000000018.jpg,training/notflip/0047_000000022.jpg,notflip__0047,notflip__0047,training,training,notflip,notflip,18,22
580,2939,0.9505434940980744,0,2,same_sequence_cross_split,testing/notflip/0056_000000011.jpg,training/notflip/0056_000000029.jpg,notflip__0056,notflip__0056,testing,training,notflip,notflip,11,29
419,2276,0.9505289701656193,0,0,same_sequence_cross_split,testing/notflip/0029_000000018.jpg,training/notflip/0029_000000020.jpg,notflip__0029,notflip__0029,testing,training,notflip,notflip,18,20
2597,2598,0.9505217052146543,3,2,same_sequence_same_split,training/notflip/0043_000000011.jpg,training/notflip/0043_000000012.jpg,notflip__0043,notflip__0043,training,training,notflip,notflip,11,12
548,2721,0.9505114637587181,3,2,same_sequence_cross_split,testing/notflip/0048_000000030.jpg,training/notflip/0048_000000010.jpg,notflip__0048,notflip__0048,testing,training,notflip,notflip,30,10
2950,2951,0.9504837356157192,0,4,same_sequence_same_split,training/notflip/0057_000000013.jpg,training/notflip/0057_000000014.jpg,notflip__0057,notflip__0057,training,training,notflip,notflip,13,14
734,735,0.9504816787449728,0,2,same_sequence_same_split,training/flip/0008_000000003.jpg,training/flip/0008_000000004.jpg,flip__0008,flip__0008,training,training,flip,flip,3,4
548,2725,0.9504541772035836,2,2,same_sequence_cross_split,testing/notflip/0048_000000030.jpg,training/notflip/0048_000000014.jpg,notflip__0048,notflip__0048,testing,training,notflip,notflip,30,14
2730,2734,0.9504441398588788,4,0,same_sequence_same_split,training/notflip/0048_000000020.jpg,training/notflip/0048_000000024.jpg,notflip__0048,notflip__0048,training,training,notflip,notflip,20,24
1852,1857,0.9504403673708254,3,0,same_sequence_same_split,training/notflip/0004_000000030.jpg,training/notflip/0004_000000035.jpg,notflip__0004,notflip__0004,training,training,notflip,notflip,30,35
2707,2710,0.9504321898282843,0,0,same_sequence_same_split,training/notflip/0047_000000023.jpg,training/notflip/0047_000000028.jpg,notflip__0047,notflip__0047,training,training,notflip,notflip,23,28
2721,2737,0.9503762057139338,3,2,same_sequence_same_split,training/notflip/0048_000000010.jpg,training/notflip/0048_000000029.jpg,notflip__0048,notflip__0048,training,training,notflip,notflip,10,29
544,2703,0.9503709437233366,2,0,same_sequence_cross_split,testing/notflip/0047_000000029.jpg,training/notflip/0047_000000019.jpg,notflip__0047,notflip__0047,testing,training,notflip,notflip,29,19
1798,1803,0.9503678592190739,1,2,same_sequence_same_split,training/notflip/0002_000000020.jpg,training/notflip/0002_000000025.jpg,notflip__0002,notflip__0002,training,training,notflip,notflip,20,25
2420,2423,0.9503437764174315,1,2,same_sequence_same_split,training/notflip/0035_000000023.jpg,training/notflip/0035_000000027.jpg,notflip__0035,notflip__0035,training,training,notflip,notflip,23,27
2420,2424,0.9503163801773592,3,2,same_sequence_same_split,training/notflip/0035_000000023.jpg,training/notflip/0035_000000028.jpg,notflip__0035,notflip__0035,training,training,notflip,notflip,23,28
546,2730,0.9502943537648586,4,0,same_sequence_cross_split,testing/notflip/0048_000000025.jpg,training/notflip/0048_000000020.jpg,notflip__0048,notflip__0048,testing,training,notflip,notflip,25,20
298,1795,0.9502938907512163,0,0,same_sequence_cross_split,testing/notflip/0002_000000012.jpg,training/notflip/0002_000000017.jpg,notflip__0002,notflip__0002,testing,training,notflip,notflip,12,17
1792,1795,0.9502839411084713,0,0,same_sequence_same_split,training/notflip/0002_000000013.jpg,training/notflip/0002_000000017.jpg,notflip__0002,notflip__0002,training,training,notflip,notflip,13,17
2254,2258,0.9502810418751629,2,2,same_sequence_same_split,training/notflip/0028_000000019.jpg,training/notflip/0028_000000023.jpg,notflip__0028,notflip__0028,training,training,notflip,notflip,19,23
573,2882,0.9502444512451637,2,0,same_sequence_cross_split,testing/notflip/0054_000000023.jpg,training/notflip/0054_000000019.jpg,notflip__0054,notflip__0054,testing,training,notflip,notflip,23,19
2758,2759,0.950210576014864,1,0,same_sequence_same_split,training/notflip/0049_000000027.jpg,training/notflip/0049_000000029.jpg,notflip__0049,notflip__0049,training,training,notflip,notflip,27,29
2728,2732,0.9500875977442274,1,2,same_sequence_same_split,training/notflip/0048_000000018.jpg,training/notflip/0048_000000022.jpg,notflip__0048,notflip__0048,training,training,notflip,notflip,18,22
1499,1501,0.9500872765733452,1,4,same_sequence_same_split,training/flip/0053_000000005.jpg,training/flip/0053_000000007.jpg,flip__0053,flip__0053,training,training,flip,flip,5,7
582,2932,0.9500656714127609,0,0,same_sequence_cross_split,testing/notflip/0056_000000022.jpg,training/notflip/0056_000000019.jpg,notflip__0056,notflip__0056,testing,training,notflip,notflip,22,19
1498,1501,0.9500619411968397,1,4,same_sequence_same_split,training/flip/0053_000000004.jpg,training/flip/0053_000000007.jpg,flip__0053,flip__0053,training,training,flip,flip,4,7
1896,1897,0.9500556627653508,1,0,same_sequence_same_split,training/notflip/0006_000000017.jpg,training/notflip/0006_000000018.jpg,notflip__0006,notflip__0006,training,training,notflip,notflip,17,18
2903,2908,0.9500488008338424,3,2,same_sequence_same_split,training/notflip/0055_000000015.jpg,training/notflip/0055_000000021.jpg,notflip__0055,notflip__0055,training,training,notflip,notflip,15,21
