dedup_group_id,keep,path,label,video_id,sequence_id,frame_num,split,sha256
1,1,training/notflip/0002_000000001.jpg,notflip,0002,notflip__0002,1,training,08316d41e08de61216647466d534e76cd0f733042a86978550ae8e5d513f5f6b
1,0,training/notflip/0002_000000002.jpg,notflip,0002,notflip__0002,2,training,b67e3e419b79a78bad21285443fda8df4504396611a4e1112d13edf35cf95848
1,0,testing/notflip/0002_000000003.jpg,notflip,0002,notflip__0002,3,testing,8092c97b30243d06642fa1d529541210f4226bd6277ec2a04a7693ef4c939405
1,0,training/notflip/0002_000000004.jpg,notflip,0002,notflip__0002,4,training,81fd95cb6878dfd855fe090bf288c42c4197680a99b2d94a5539a215738f56b8
1,0,training/notflip/0002_000000005.jpg,notflip,0002,notflip__0002,5,training,4210f7b8c2a41bc68602b80e55a40daa262e1c1f25b35f0a8a1215da176003d1
1,0,testing/notflip/0002_000000006.jpg,notflip,0002,notflip__0002,6,testing,5a6f48ea1cfac85a98c8e649df1746bbfa56bd8bd543017d40f1d648849a909e
1,0,training/notflip/0002_000000007.jpg,notflip,0002,notflip__0002,7,training,5190e3b79e4e4c0620f904d77292797bafa304adb8eba97d7628732f3b20c28a
1,0,testing/notflip/0002_000000008.jpg,notflip,0002,notflip__0002,8,testing,a069c261f904abb7db3f0575ab64089f132861681aa7b50cc8ab2b21504a54e4
1,0,training/notflip/0002_000000009.jpg,notflip,0002,notflip__0002,9,training,c9603ff72eaf970e9e4f110b170a2f40af14a045f3a08c689a23c01a2236f446
1,0,training/notflip/0002_000000010.jpg,notflip,0002,notflip__0002,10,training,b824f84fb47710f6f01628584f0b4a8af5d153da015481b729bc5aff0ab89661
1,0,training/notflip/0002_000000011.jpg,notflip,0002,notflip__0002,11,training,aa586118f6607f03c2dc2cbfee475f934a5408962bc426f7ef0f973674bccaf1
1,0,testing/notflip/0002_000000012.jpg,notflip,0002,notflip__0002,12,testing,7f6c5c713082fbd0130ba4e5d864bb508897b43e0a2a0414097cd6e22024531c
1,0,training/notflip/0002_000000013.jpg,notflip,0002,notflip__0002,13,training,099292b35f8480dafb107dd4c7840f4e383ce00b2085ebd60add0e6ef409b2de
1,0,training/notflip/0002_000000014.jpg,notflip,0002,notflip__0002,14,training,0e136cd6e7efb56653f953d55d1447b37842612fbea1d5b4636f38f8c175c7e9
1,0,testing/notflip/0002_000000015.jpg,notflip,0002,notflip__0002,15,testing,e042d3ffd83d47bdfb1f5d18765db7835505645eac76bd2e32505bcd647f1e42
1,0,training/notflip/0002_000000016.jpg,notflip,0002,notflip__0002,16,training,6e31a47c2ab53a98f38a1071d18c4696d6c76d43cf578003c4216b469223bdc8
1,0,training/notflip/0002_000000017.jpg,notflip,0002,notflip__0002,17,training,4244515e29d49bbc60f8e845aef75b838b19b0196dc35c012c86b581a19804b8
1,0,training/notflip/0002_000000018.jpg,notflip,0002,notflip__0002,18,training,9ef8610f9446ff2f120a57e66c9e3c7416ffa05c6f3f7ec73ed691218e4cc471
1,0,training/notflip/0002_000000019.jpg,notflip,0002,notflip__0002,19,training,c49fac5732a6bbeb8f7050edf92b9de35b87169d6b002cabe5ab1bbd91eb476e
1,0,training/notflip/0002_000000020.jpg,notflip,0002,notflip__0002,20,training,804d1ce9b34f2e8f2deabf8d12abb412d0b62c29682d683c5f80c8e9ad18c0e8
1,0,training/notflip/0002_000000021.jpg,notflip,0002,notflip__0002,21,training,c3d885421cb215e2956fd1ea415def769611a19aeec7697def1beff105b8db33
1,0,training/notflip/0002_000000022.jpg,notflip,0002,notflip__0002,22,training,7c7862527099a79a837f4164c192ab03490c9c19925af16c81d3647ab140a35d
1,0,training/notflip/0002_000000023.jpg,notflip,0002,notflip__0002,23,training,6ece74bbae98be630a260bfba5885558cf26a24056a3270d9ce0f4f268d5fdd9
1,0,training/notflip/0002_000000024.jpg,notflip,0002,notflip__0002,24,training,fbc36a0b816f5c795ea3e28c684423479cc0d1fb505ece3e371991a9bcaf3043
1,0,training/notflip/0002_000000025.jpg,notflip,0002,notflip__0002,25,training,86b50ae708b998ffbbdd8848f5227e51061a17fc0c018a4dc54f4efd0cb291d5
1,0,testing/notflip/0002_000000026.jpg,notflip,0002,notflip__0002,26,testing,55332355d21f291149c0be63e648abe9cd819803b0ee586c8bdd83e4c5bf854a
1,0,testing/notflip/0002_000000027.jpg,notflip,0002,notflip__0002,27,testing,9b30f962f566ddde52c6cdaee0821e0c1e247e4859baf496367b20123871bca4
1,0,testing/notflip/0002_000000028.jpg,notflip,0002,notflip__0002,28,testing,942dc846cbd98c47164359e993505a7d81396b5f136248a8278a89956a3cf295
1,0,training/notflip/0002_000000029.jpg,notflip,0002,notflip__0002,29,training,e0c2029c0d7379064fbc8f66324c667472ed2bbc1b00ee3baa579b7509287b53
1,0,training/notflip/0002_000000030.jpg,notflip,0002,notflip__0002,30,training,37fa9a0d734a3746a7945f0e02ecb9b04a73c2f7e07b9a3cd5de849225372c76
2,1,testing/notflip/0009_000000005.jpg,notflip,0009,notflip__0009,5,testing,cfb9669f511ea31ade99b76fdec844bb537f7657f462a9c62ba2d3936013a985
2,0,training/notflip/0009_000000006.jpg,notflip,0009,notflip__0009,6,training,0a633dcec6dede818ab68a3785d367c916886256b2114afcb55225bf5449a5fb
2,0,training/notflip/0009_000000007.jpg,notflip,0009,notflip__0009,7,training,b4a27dd3048c3539b75d2a540271c2137104f190779ad75158dcf2c2b8f40700
2,0,training/notflip/0009_000000008.jpg,notflip,0009,notflip__0009,8,training,13c87495d4b5fa2e27f8b83f26e91be67e16efa973eb02cb7b93a36ec2284bba
2,0,training/notflip/0009_000000009.jpg,notflip,0009,notflip__0009,9,training,0e2ec2c9d07aca938016533d8b0176709fa1bf01c7777897a6cfa65fa4d327de
2,0,training/notflip/0009_000000010.jpg,notflip,0009,notflip__0009,10,training,a8ef4c8629cfe550bc882af90eb65fd59ccf3509254bf57c1712e3186206e4fb
2,0,training/notflip/0009_000000011.jpg,notflip,0009,notflip__0009,11,training,3f266a513daa1b7b46793dc3e5ff6c9126678658230c94b2882dcf714b6e4bc9
2,0,testing/notflip/0009_000000012.jpg,notflip,0009,notflip__0009,12,testing,486b8fa03527ef702642bbf9b1b24a25a5de1fc4a50dfa7c55668e8725d35e4d
2,0,training/notflip/0009_000000013.jpg,notflip,0009,notflip__0009,13,training,5fd8d2127b25e1186896f56b394cd9ad82bb81ec27992c03ded22ae35b613969
2,0,training/notflip/0009_000000014.jpg,notflip,0009,notflip__0009,14,training,1ad4f123162b0a3c7df5416557a3329ae8e8d625bd53b569837163a9737fdbd0
2,0,testing/notflip/0009_000000015.jpg,notflip,0009,notflip__0009,15,testing,4d8851b49880efbbb75edae87ae49c8bad6ea53d0335f6fd12575ee06426d4e7
2,0,training/notflip/0009_000000016.jpg,notflip,0009,notflip__0009,16,training,14c77641d5a27c42d59e6e9b0dcd01d918fcd8cb0e2edf0df70aa5e22f7c2930
2,0,testing/notflip/0009_000000017.jpg,notflip,0009,notflip__0009,17,testing,521c0d81b9f3e53c4244cd3c5d1fa4654f831ae46280515e5c61c49e01957b4a
2,0,training/notflip/0009_000000018.jpg,notflip,0009,notflip__0009,18,training,8cc6b5f2d91715ccea439f43754f4bca36f95d09b54009d1436fe6c5071fcd41
2,0,training/notflip/0009_000000019.jpg,notflip,0009,notflip__0009,19,training,399c461714a27793fb907648e9bc8ecfbc378cea61733af51761a0a989cd514c
2,0,training/notflip/0009_000000020.jpg,notflip,0009,notflip__0009,20,training,3128edb253969afa581c6da433d2fe1fa5c92fe4de70df2b2b0b41d686f8da30
2,0,training/notflip/0009_000000021.jpg,notflip,0009,notflip__0009,21,training,487e01c6796166c964c95e83d80c641acf3bd193e96c5be1bbd1f7533d6c695a
2,0,training/notflip/0009_000000022.jpg,notflip,0009,notflip__0009,22,training,50e2357755263b5a7f5c92638f225979f593bc885a4b5e81c7f06e80632e9029
2,0,training/notflip/0009_000000023.jpg,notflip,0009,notflip__0009,23,training,a019e89463c662b8f997843c984a78644319ffa9e28f440f5bfe75dedbaa6192
2,0,training/notflip/0009_000000024.jpg,notflip,0009,notflip__0009,24,training,7a806436aa0c3cbbb9e7fb3f85f5b7ee30d8623b4a5e64b48a574b52fbb8d4c4
2,0,training/notflip/0009_000000025.jpg,notflip,0009,notflip__0009,25,training,1c4e72e9a872d7e5874d3aae2c5836500fe1aaa205788df41b1f90edd723357a
2,0,training/notflip/0009_000000026.jpg,notflip,0009,notflip__0009,26,training,9c486b1858624d561707576c077c251132911e460c15785ef7b5358e7595de69
2,0,testing/notflip/0009_000000027.jpg,notflip,0009,notflip__0009,27,testing,845a7ebe1e5fee6996ee868f7fd8454f1ad929b848d0f7b2ddbcd263a7ed7adc
2,0,training/notflip/0009_000000028.jpg,notflip,0009,notflip__0009,28,training,5aa81c571efc91491643148e70a86496d77de07929a880c6e6818b8fdc32ea87
2,0,training/notflip/0009_000000029.jpg,notflip,0009,notflip__0009,29,training,074d1d304cc477cffaa9467fcf6ee890dc15086d43994bc86cc7bd185dab0c06
2,0,training/notflip/0009_000000030.jpg,notflip,0009,notflip__0009,30,training,322fd1e10268f299243136a7255b36ac4a876f5bf3bf2e0cfbfb8d899bc13cff
3,1,training/notflip/0051_000000005.jpg,notflip,0051,notflip__0051,5,training,f85df6ec3190c90dc0b9bd8f9636a7c35a84bf3be884b9bbed3f0b73b5c952af
3,0,training/notflip/0051_000000006.jpg,notflip,0051,notflip__0051,6,training,5f2b74704a09af9b2708fef158a6452d2af6aeb109bf35521581ef088876c7eb
3,0,training/notflip/0051_000000007.jpg,notflip,0051,notflip__0051,7,training,1950573c6f2be5df876536f3e250c3c2a8964f93efc0df2663983d38f5cf7191
3,0,training/notflip/0051_000000008.jpg,notflip,0051,notflip__0051,8,training,92e8296f7b6606c5d222f7887a59b865409c2f6ec1899c21b6bad59780d5bef7
3,0,training/notflip/0051_000000009.jpg,notflip,0051,notflip__0051,9,training,c28437ca6d96cfa849518e67b815533d356c770241e7cfb180d27d95251c6aeb
3,0,training/notflip/0051_000000010.jpg,notflip,0051,notflip__0051,10,training,b97ac63ca70a180b358097fecf16fa4d824b9d72b144b51f7ad8445992fe0545
3,0,training/notflip/0051_000000011.jpg,notflip,0051,notflip__0051,11,training,495abd5262583f153b320c75aef222db6fe89e079442f03eac281c06debc2dda
3,0,testing/notflip/0051_000000012.jpg,notflip,0051,notflip__0051,12,testing,b0bddb7dbb7774a5798b17486db7d0d2b173980298493632f0b1693d3d8cd864
3,0,training/notflip/0051_000000013.jpg,notflip,0051,notflip__0051,13,training,1a4e2deb9813c183db46380b7c0a7a3ddfcd787010894adfeb57ae48818732c0
3,0,training/notflip/0051_000000014.jpg,notflip,0051,notflip__0051,14,training,19bfbf959af9e4bd340a950ea8c546e0352cc5ed2b2ca453679602d54fb38172
3,0,training/notflip/0051_000000015.jpg,notflip,0051,notflip__0051,15,training,61e21b368786895dc50b9cb1c1d902879914525c22a6ab0fe5eaf6cebef48257
3,0,training/notflip/0051_000000016.jpg,notflip,0051,notflip__0051,16,training,2cdb42f4fcf220a33cf0e5fc6fd2836deae626b1323b6ec109816d323655342b
3,0,training/notflip/0051_000000017.jpg,notflip,0051,notflip__0051,17,training,82e784067f98cc7f2915773ac027cb1501d36dd7230556ed62c215b2143e4185
3,0,training/notflip/0051_000000018.jpg,notflip,0051,notflip__0051,18,training,9917b8def71bf2721d518d3a23f77215b9dde95c3cb99664e0f0b3c4918a4ed0
3,0,training/notflip/0051_000000019.jpg,notflip,0051,notflip__0051,19,training,92f88da7d31c0fee48f2f312e06d0b9b72131c9f7444d9693173d0faab09ab5c
3,0,training/notflip/0051_000000020.jpg,notflip,0051,notflip__0051,20,training,4622d335dab8855d1072fb1f376a8b230f724306dc24654904d0e1b072feca5f
3,0,training/notflip/0051_000000021.jpg,notflip,0051,notflip__0051,21,training,9baf2e56c102d4afd91014460b5111ae8c38d8780f4825a22a81fdcb5b589eff
3,0,training/notflip/0051_000000022.jpg,notflip,0051,notflip__0051,22,training,124fdb4ed2cfde19297e850d38b47a3c08edb7b11849a1a15c1fec9f7d080565
3,0,training/notflip/0051_000000023.jpg,notflip,0051,notflip__0051,23,training,a27681ebaf968f248c061e156a7498bfda023e33f03f9412cabb6150066397bd
3,0,training/notflip/0051_000000024.jpg,notflip,0051,notflip__0051,24,training,d25bcddab2cbce6436392e76d35386cbc42f12ad415ae4152c23f2484f1e9fe0
3,0,testing/notflip/0051_000000025.jpg,notflip,0051,notflip__0051,25,testing,a3b2faeaa86a505819f20032e645f8aed56574a993916e13ce5a28215896beba
3,0,training/notflip/0051_000000026.jpg,notflip,0051,notflip__0051,26,training,bcbef5717fa6fac87b279e47e3a5d1eb2c897002a18eef0eccab3edd53f5dbdf
3,0,training/notflip/0051_000000027.jpg,notflip,0051,notflip__0051,27,training,df6edb31657efae256b3212a12f21a695253269afcc5628cde3cc05009d6792c
3,0,training/notflip/0051_000000028.jpg,notflip,0051,notflip__0051,28,training,9e917bde0f1508f2e59b9f93b03793009329e2084393aa213ec15e0ee1e09f07
3,0,training/notflip/0051_000000029.jpg,notflip,0051,notflip__0051,29,training,7c10ca42afa00ea8762d5b2f87b0d8516c9e32aa0f9d95adb2d2cc9f19961dd7
3,0,training/notflip/0051_000000030.jpg,notflip,0051,notflip__0051,30,training,c9f7206570a264ded6b167b0e267fe166881a773dffb8127528c1a1a8ca623ac
4,1,testing/notflip/0037_000000008.jpg,notflip,0037,notflip__0037,8,testing,490544f152c546c09ace3a34e8473e60cbc42049b029e9f6a34a84b6908c9740
4,0,training/notflip/0037_000000009.jpg,notflip,0037,notflip__0037,9,training,13582b822470d545c2acb7fe18a8e4a4bb3367a7c416e7ce55c7ca4b3ba2c2eb
4,0,testing/notflip/0037_000000010.jpg,notflip,0037,notflip__0037,10,testing,c99c28b89f3d2d496904610062241c7484c2592b1f1b0cdd8c9726d27e6bdc71
4,0,training/notflip/0037_000000011.jpg,notflip,0037,notflip__0037,11,training,dcf6fa99f2891cb7cb646f16643b100e14af23a4e9a71b5944ff1ea6b431a24b
4,0,training/notflip/0037_000000012.jpg,notflip,0037,notflip__0037,12,training,fc2abb52cebfa29729a275290302be1e1fb73ac8aa7e878108d1d0e701a71b04
4,0,training/notflip/0037_000000013.jpg,notflip,0037,notflip__0037,13,training,27cc5108af72f3c17e01e5fa3170ee3718a5a3e2ce035cd5a8db768afa0185e7
4,0,testing/notflip/0037_000000014.jpg,notflip,0037,notflip__0037,14,testing,bb994a12a1e04c7000a609aa0b78b7404043df4ecf74978113c6390c32a059d7
4,0,testing/notflip/0037_000000015.jpg,notflip,0037,notflip__0037,15,testing,962c1b2d842dd112807c3833d1bec3fd84c7130e673382ad393370f5211f5ea4
4,0,training/notflip/0037_000000016.jpg,notflip,0037,notflip__0037,16,training,e10f036df49499950e57fe54084f780e9a08f8b903c779cc0c75381a3d19d207
4,0,training/notflip/0037_000000017.jpg,notflip,0037,notflip__0037,17,training,7e5126f802d1fe41af1d15c87db8492d0249de69ef7330736ecaa66e4f7d0271
4,0,testing/notflip/0037_000000018.jpg,notflip,0037,notflip__0037,18,testing,79718976da6d8a16e22f9a702e4f1878c99d5613eb76c38fc17a9d9c60afeaa0
4,0,testing/notflip/0037_000000019.jpg,notflip,0037,notflip__0037,19,testing,8e4e193e42dde9d6d46d335e6cbf4b80e579a5f68b73cc9b375eba4fabd91df5
4,0,training/notflip/0037_000000020.jpg,notflip,0037,notflip__0037,20,training,ce08ea7356356fb8e3cbc2ef30845e285befe7e0a099d5251c48b20ed5b2e35a
4,0,training/notflip/0037_000000021.jpg,notflip,0037,notflip__0037,21,training,2d98500b09b153622e4b660b610f644d781d53f5202a7f2413bbb76cf7981c37
4,0,training/notflip/0037_000000022.jpg,notflip,0037,notflip__0037,22,training,2cc9cfe86a934ba41115cf34967d26e84773b27d0d0f3d1e2fbf69ea6db95c67
4,0,training/notflip/0037_000000023.jpg,notflip,0037,notflip__0037,23,training,be460b43c21d91b86a4d12c6f97ca72c226b3587d5fc2f17fef78c5117ba5141
4,0,training/notflip/0037_000000024.jpg,notflip,0037,notflip__0037,24,training,965d3eadcaf1f51c603d9ebb7fc8061f6e687c2602da3b98430e02fa9f335862
4,0,testing/notflip/0037_000000025.jpg,notflip,0037,notflip__0037,25,testing,d20a6daeff5e791f10711c624506de578f70bc304e6fdfadf106058a4a704857
4,0,training/notflip/0037_000000026.jpg,notflip,0037,notflip__0037,26,training,43ced34f517d8cf76e98a93b799112fb1f03329bf2de228e32dc8bfba68ecac4
4,0,training/notflip/0037_000000027.jpg,notflip,0037,notflip__0037,27,training,da542295717b5762e987c2391f5ab12e031fabb1bfe5700a99a7fe38fa33ccf7
4,0,testing/notflip/0037_000000028.jpg,notflip,0037,notflip__0037,28,testing,d28e7574fd05eab63ade4fa51f374261189eb60114ac5bb267611a9b5d8b20e1
4,0,training/notflip/0037_000000029.jpg,notflip,0037,notflip__0037,29,training,4cec39ab98298d46fa4bfeccbbf05f7d552617a4b5046de911098cde0bade030
4,0,training/notflip/0037_000000030.jpg,notflip,0037,notflip__0037,30,training,57d4f051bfcc439d387a1a4258bd236b10f65419284be09334fa6ea9bc24d445
5,1,training/notflip/0024_000000001.jpg,notflip,0024,notflip__0024,1,training,aafa1470add4eaadf2eba489f561db283fe121aee4833487cc555a33254ce555
5,0,testing/notflip/0024_000000002.jpg,notflip,0024,notflip__0024,2,testing,b855cc62af5d6e338db039cecf4fca4bd8e03b01edeac73459e81034f3ed5e0b
5,0,training/notflip/0024_000000003.jpg,notflip,0024,notflip__0024,3,training,3da7f679095ae603ae9d519e9054c31bab08b631964e42f9b2455803260b6c65
5,0,testing/notflip/0024_000000004.jpg,notflip,0024,notflip__0024,4,testing,b179fbc5f7f23800517bf2d3fc40e3580a3667a75c56663a489212a234c6b28c
5,0,training/notflip/0024_000000005.jpg,notflip,0024,notflip__0024,5,training,bee8457057b8cd6c36c7ff00397d3ce964700cf2d7ecbef2d27365bb49517657
5,0,testing/notflip/0024_000000006.jpg,notflip,0024,notflip__0024,6,testing,104fa974681bacccb73c037ff31c2508b8cca9363803db50e03a72051c43ea48
5,0,testing/notflip/0024_000000007.jpg,notflip,0024,notflip__0024,7,testing,b1b7fafd9675a182acf33dcac285d9489ce79a1fc7edeafebc8c8f2d17e0a679
5,0,training/notflip/0024_000000008.jpg,notflip,0024,notflip__0024,8,training,c131ddede9c0cb6e1d6926df1158db0bf36d8c345834ab45a718b5e1ee56ed38
5,0,training/notflip/0024_000000009.jpg,notflip,0024,notflip__0024,9,training,0d1850c6b658d4a905cc630ee76a8ff1fdac326354467a9f160e6507a66928d7
5,0,training/notflip/0024_000000010.jpg,notflip,0024,notflip__0024,10,training,a10074bff38d01f46112eb78f144e72b8364f67a764a1cd421de9dafb1753e35
5,0,training/notflip/0024_000000011.jpg,notflip,0024,notflip__0024,11,training,893eb02eac4ff274e9d1d27f38d1b26e7111cb4f1348ddf446359f4eee2d638a
5,0,training/notflip/0024_000000012.jpg,notflip,0024,notflip__0024,12,training,0a7f3a7dc9f747655fd43a04fe6a363b14a3388823873cbfd565e20a14c6ce46
5,0,training/notflip/0024_000000013.jpg,notflip,0024,notflip__0024,13,training,7eda9237a06e4a65863abe19d32ec11338ebcfcefe995e49258256dadfa6a2f2
5,0,training/notflip/0024_000000014.jpg,notflip,0024,notflip__0024,14,training,7877dd62ecc9eba47f6e057677cf1dbb379e676b75fe089f35ed97b5ec9637a2
5,0,training/notflip/0024_000000015.jpg,notflip,0024,notflip__0024,15,training,b1c69513a671499b4650cdc1c4602f23a60617a28a6302ac41777191d87f33c6
5,0,training/notflip/0024_000000016.jpg,notflip,0024,notflip__0024,16,training,d8e27087e7342fea3bc6cc1c705b9f2985e31439c0b54b7f3b6ea989fbe10f89
5,0,training/notflip/0024_000000017.jpg,notflip,0024,notflip__0024,17,training,dc99d9562e57b04847417a1fb38e8281da4a84dbe1e748a526ccad474c5bb4f0
5,0,training/notflip/0024_000000018.jpg,notflip,0024,notflip__0024,18,training,0186c3ae6128f86eb9c35eeba273a920c00ef070997b830ad295b2173eb32f6d
5,0,testing/notflip/0024_000000019.jpg,notflip,0024,notflip__0024,19,testing,c99cf3a30e6e3861e9d7a2e52832466f6c2af90b4e059f54fc193e539a777338
5,0,testing/notflip/0024_000000020.jpg,notflip,0024,notflip__0024,20,testing,21019e9da10df25b95001530a1e6dbb84d2ac128610baa00c033436954381f46
5,0,training/notflip/0024_000000021.jpg,notflip,0024,notflip__0024,21,training,a413f6e3991d8b4a6e6eb03d355c359042696981d92df4190d906ce16b423c47
5,0,testing/notflip/0024_000000022.jpg,notflip,0024,notflip__0024,22,testing,e06dfe4a6be7fae4972f2fa2bfc182b3372c937f529707e9c1cfc28ce3a71a80
6,1,training/notflip/0048_000000009.jpg,notflip,0048,notflip__0048,9,training,279bf0ea58dea2448dd831fa1fb2233837ff055ab22e7b350cc2cd556cba23ad
6,0,training/notflip/0048_000000010.jpg,notflip,0048,notflip__0048,10,training,2513db8369d13262fd4791eb601bbad462a12b24fabbac4216a4ddd7d5473b56
6,0,training/notflip/0048_000000011.jpg,notflip,0048,notflip__0048,11,training,d3b6dca9e16e26f00e6cf80ef38539a640275e6943af0483b5a05f99ff6d936a
6,0,training/notflip/0048_000000012.jpg,notflip,0048,notflip__0048,12,training,b35c8ebef4807bb40ae5257c5b281f50dc4d3029a1a50d855ce1e0a6f17b846a
6,0,training/notflip/0048_000000013.jpg,notflip,0048,notflip__0048,13,training,b259a4967c2aa09467694b6ece02fcfc7ce178bde33b7db539964f8baf40f0e5
6,0,training/notflip/0048_000000014.jpg,notflip,0048,notflip__0048,14,training,6d19c7789d879934680e80b4b1debc6832e26e3a21bd7b41da976a9a70b8541e
6,0,testing/notflip/0048_000000015.jpg,notflip,0048,notflip__0048,15,testing,f194bae26191bdeddc8dec88c6a52d84b425b773e0f3c769f44d59be3f1f58b6
6,0,training/notflip/0048_000000016.jpg,notflip,0048,notflip__0048,16,training,cc03f1e89fba4a58f029dc8391f0ede666e10c7a694b0be864182597b35980d3
6,0,training/notflip/0048_000000017.jpg,notflip,0048,notflip__0048,17,training,58d1a9ec85ba3c0ec71958113b93b3440be17f52a66827587e1d8f9da2ae4f50
6,0,training/notflip/0048_000000018.jpg,notflip,0048,notflip__0048,18,training,774a3d7dfc9ff99deef5338ec08456b6591c9d2204f6000b8c958eecad2a02b4
6,0,training/notflip/0048_000000019.jpg,notflip,0048,notflip__0048,19,training,8462d435174f97525b132294503a4a3f7d9d08247434889a9d93f8d59acadc3b
6,0,training/notflip/0048_000000020.jpg,notflip,0048,notflip__0048,20,training,613087b59d7737345a0ea688289afa839ea24a4adc8eefd20c4e183af1098be6
6,0,training/notflip/0048_000000021.jpg,notflip,0048,notflip__0048,21,training,5960af99c81cf179133dd3375a3872f8d96dd03886a07975f677c40e61a0e2c4
6,0,training/notflip/0048_000000022.jpg,notflip,0048,notflip__0048,22,training,4634fd917f8f9203bffd31f3b9592f2418cb7d1f5bf31317e4b676c123cc0018
6,0,training/notflip/0048_000000023.jpg,notflip,0048,notflip__0048,23,training,7eaa84d5e77262aa0fcc5e413bd8196c29e2657110ee3519f27a50569c529636
6,0,training/notflip/0048_000000024.jpg,notflip,0048,notflip__0048,24,training,a169c1bca6868d542b0771b07582f2f2e19e63d43fdcdf20cfff23ad66027bdd
6,0,testing/notflip/0048_000000025.jpg,notflip,0048,notflip__0048,25,testing,55815e60bedc3fbab8d48a3fbc3aa6b48ad19a7b4dbf9c41349cf3d40e522e5d
6,0,testing/notflip/0048_000000026.jpg,notflip,0048,notflip__0048,26,testing,cd4aa901bf90bc0ecb8d279bd63b91a1f78ff6dbef1501003717c120ec1d9155
6,0,training/notflip/0048_000000027.jpg,notflip,0048,notflip__0048,27,training,2a96866268248c6f6d4d9ca611c27846a91402654978ce546be4240876bcb1d9
6,0,training/notflip/0048_000000028.jpg,notflip,0048,notflip__0048,28,training,f349c9d6709cb4445146c586cd65ca9d9f73e59246123483ceab882bc7bb1b26
6,0,training/notflip/0048_000000029.jpg,notflip,0048,notflip__0048,29,training,ab7474f9dff98f78835a76d00c4f781a129f502f1b4a1b79baa56e8f95db7b4e
6,0,testing/notflip/0048_000000030.jpg,notflip,0048,notflip__0048,30,testing,8f37043b409a0691cd164224ee72e3eafbc72664236d620871bde6dff7bd20dd
7,1,training/notflip/0020_000000001.jpg,notflip,0020,notflip__0020,1,training,d9782496c54e2870fa78fd0875229ccb4a51e5b9c6b41b95d771278fbaed3314
7,0,training/notflip/0020_000000002.jpg,notflip,0020,notflip__0020,2,training,f1a1cee5f619eb17e55049d72224e487a3b5192150b5cae6b28c87be4b64de93
7,0,training/notflip/0020_000000003.jpg,notflip,0020,notflip__0020,3,training,ab48d0a046aa5b86eb3250ff8a84ca2d98bc0da8bf1aef6c6084321b37f9fff0
7,0,testing/notflip/0020_000000004.jpg,notflip,0020,notflip__0020,4,testing,2a49d096d8556011bb3f47e454b3df49faf4b710d7ae5caf5ebca655e8e44ea9
7,0,training/notflip/0020_000000005.jpg,notflip,0020,notflip__0020,5,training,f555fd89e9336ef57a24e058e4070c104eee4061030646ec75e0368df239e3b3
7,0,training/notflip/0020_000000006.jpg,notflip,0020,notflip__0020,6,training,36f5d6aa0ba51d19271049af3b416dadb52ffcd3624c8eae35edd7c3737c58de
7,0,training/notflip/0020_000000007.jpg,notflip,0020,notflip__0020,7,training,a47aeb43f8ae4f44f24e1f0a1a51e2f97b919c94618de39677ed16e103595d9a
7,0,training/notflip/0020_000000008.jpg,notflip,0020,notflip__0020,8,training,6fdf488d718e4410eb51d03f66e57aac1964bdcf81aabe7d53a96024139a1bb0
7,0,training/notflip/0020_000000009.jpg,notflip,0020,notflip__0020,9,training,419b90a81d5702a22599196a8e81eae60f22ca3ec77f91e974c26b87737e4f36
7,0,testing/notflip/0020_000000010.jpg,notflip,0020,notflip__0020,10,testing,5a92c7dd244ceb5250e1479c944e251aecb62473d299b45d817e9799bab77c1a
7,0,training/notflip/0020_000000011.jpg,notflip,0020,notflip__0020,11,training,83c5e71e80f2b7fc5945f7c08554a0061bee1eca84cb24866aff0927981c3897
7,0,training/notflip/0020_000000012.jpg,notflip,0020,notflip__0020,12,training,e3c5ddd3d7f62c4a5940e74a34aaa394a4a3a8f8df15372abd24cf00821c7ffb
7,0,training/notflip/0020_000000013.jpg,notflip,0020,notflip__0020,13,training,930f6579c33a74bd147946dfa208b39c24e3c8d9e8047514f1b0483485f1d917
7,0,training/notflip/0020_000000014.jpg,notflip,0020,notflip__0020,14,training,c2171ce1af996edfb3e188fac3bce0956678f0cc23e77759f5da3ab43c1e582b
7,0,training/notflip/0020_000000015.jpg,notflip,0020,notflip__0020,15,training,98460be13a3be3a88c927a79bfeb5dbc5afba33b7f5dc19e031fbbc0acc2bdfa
7,0,testing/notflip/0020_000000016.jpg,notflip,0020,notflip__0020,16,testing,b9c5f83661db21f0f4e56a55e345e69893e57db2ea437dcceaa660ab9770c8c1
7,0,training/notflip/0020_000000017.jpg,notflip,0020,notflip__0020,17,training,64d1b3f17e772cc9b9fcf76613539bd771847bed268b1adcc2bca594541060f1
7,0,training/notflip/0020_000000018.jpg,notflip,0020,notflip__0020,18,training,79ee0aa3240cc9089a4e7bbbffaddc78e39904ccb3601859464f188b03fa46d0
7,0,testing/notflip/0020_000000019.jpg,notflip,0020,notflip__0020,19,testing,94621e348ea5d4fbef3e9d63f1180b290ff35ca4fda840740e71b23a1f9ad5d0
7,0,training/notflip/0020_000000020.jpg,notflip,0020,notflip__0020,20,training,e9256b874741660ec9440051c160de1827aefd86beeb75a94223f870101478fb
7,0,training/notflip/0020_000000021.jpg,notflip,0020,notflip__0020,21,training,306874b78a70ef60a4ae93f0e2cb717cfd9a5c8220fdbd7d3072f61927d4ebb8
8,1,training/notflip/0033_000000010.jpg,notflip,0033,notflip__0033,10,training,06a8c4c30930d4183e473e6d0901ecab23f99494c55bffc52822e1ef6e55161a
8,0,training/notflip/0033_000000011.jpg,notflip,0033,notflip__0033,11,training,fdb0fd8a79f2ba5840335cd650933509c1b66a61d339065d0704fee43f7471ee
8,0,training/notflip/0033_000000012.jpg,notflip,0033,notflip__0033,12,training,a7003b2cb29723b6976eb338b5f6a5e80081e668a52403722a219926bca69570
8,0,training/notflip/0033_000000013.jpg,notflip,0033,notflip__0033,13,training,c84bddafc666683459c07fd0e9812f67fb47aceee0f81009eb7f37be3c0cbdb8
8,0,training/notflip/0033_000000014.jpg,notflip,0033,notflip__0033,14,training,3b08f308866a2ff0a7c1ea1ef4084e44cc78665d9779c6f5571fd12bebd42bde
8,0,testing/notflip/0033_000000015.jpg,notflip,0033,notflip__0033,15,testing,81d81ed508412f4121cbe747d68e5148c246232300b4b0a3a3667e2615ebc0c4
8,0,training/notflip/0033_000000016.jpg,notflip,0033,notflip__0033,16,training,51bb1cc9fd35c551735b36319547f1eb2c4385199fa6417628e13b02ff914915
8,0,training/notflip/0033_000000017.jpg,notflip,0033,notflip__0033,17,training,004989ef0f14be70ebc3acfb4b4b6c39dcea35afa0b5506464e4c472c5c41c55
8,0,training/notflip/0033_000000018.jpg,notflip,0033,notflip__0033,18,training,8eae3af675798b3c5bbfd4ba64cdad2e98aad2d5b15172512d1336beb3e3e9e1
8,0,testing/notflip/0033_000000019.jpg,notflip,0033,notflip__0033,19,testing,a266b4cceb2f075efc6927f4e64a372cc049968801954882df4e5a9492af24e4
8,0,training/notflip/0033_000000020.jpg,notflip,0033,notflip__0033,20,training,d8b58bbf957faa2f45631d439883c08c47a02e662ff43dca8960c0ec21fd723b
8,0,training/notflip/0033_000000021.jpg,notflip,0033,notflip__0033,21,training,983530e75706741b8c2a846dc8a831261f36666694e309c4c0f5e90431c7c47a
8,0,training/notflip/0033_000000022.jpg,notflip,0033,notflip__0033,22,training,5a2b7862e09d6dc01e07ba473508805ba7e23cba04f0bda5821a4b84cac117fc
8,0,training/notflip/0033_000000023.jpg,notflip,0033,notflip__0033,23,training,1f0fdb97a4d3711ae991da7b62575794bcb814f1b6db874427419a28f9b81399
8,0,training/notflip/0033_000000024.jpg,notflip,0033,notflip__0033,24,training,98630d713573bb7eddfc3488931ed29b5f8b9afe46f62ea56c059c9ebd2834b8
8,0,testing/notflip/0033_000000025.jpg,notflip,0033,notflip__0033,25,testing,d70b7a5a228da2b8754e9cf34cedb08a935d3d4719113a0aa640e6f3ab6c3323
8,0,training/notflip/0033_000000026.jpg,notflip,0033,notflip__0033,26,training,612a5e99b48538a8b6e648993cd662cad2a0d2a8f98544c61b80af0a80a4d91a
8,0,testing/notflip/0033_000000027.jpg,notflip,0033,notflip__0033,27,testing,35ae46ea016e197cc5dd5cbc677a8ac2f8f2ec76ec132961585633dd2de646e4
8,0,training/notflip/0033_000000028.jpg,notflip,0033,notflip__0033,28,training,2f0730db5d39d1d27616ce1cf70141545dfa8ccccf37621babb74c1c644c9c78
8,0,training/notflip/0033_000000029.jpg,notflip,0033,notflip__0033,29,training,9c7cfd1bb4bb57c76c3ce59e1370b462a8961a63db258e4928a64942dda9b723
8,0,training/notflip/0033_000000030.jpg,notflip,0033,notflip__0033,30,training,2c828ffb45ece1a37750a85d1cebcf6a5ac6deae1e4f09cddb160376fdd6694e
9,1,training/notflip/0041_000000018.jpg,notflip,0041,notflip__0041,18,training,2203bd785486d43a82b9d02d702f7f36cba86897c4c5bb3ecaf66f556b2de91d
9,0,training/notflip/0041_000000019.jpg,notflip,0041,notflip__0041,19,training,b579ce2226311159b53e1afd16d797e9eeb72c540a8674b6b683f91fd591cb88
9,0,training/notflip/0041_000000020.jpg,notflip,0041,notflip__0041,20,training,714183afcc363b26d97e0174ed3c82e1d557ac81f16ff6d8a15403d9bb68570f
9,0,testing/notflip/0041_000000021.jpg,notflip,0041,notflip__0041,21,testing,def3fd1076727862ae2b19045a6608047f73a4d66e4ca3e42418f4138c495a86
9,0,testing/notflip/0041_000000022.jpg,notflip,0041,notflip__0041,22,testing,2b52159d731c1ebb1f73a038ef757874472008c41212e625666a22b04956d1ba
9,0,training/notflip/0041_000000023.jpg,notflip,0041,notflip__0041,23,training,1ec680ca32e7a52a809c4d7625bf0d38421ae7add279dff602feafa094756f73
9,0,training/notflip/0041_000000024.jpg,notflip,0041,notflip__0041,24,training,0e19b1dd0a9a448806859f015493977412f1857790d54e515836fbfe14dd5c6c
9,0,training/notflip/0041_000000025.jpg,notflip,0041,notflip__0041,25,training,1b2bbb3c8fb5b8c8752992316adced790b068c1ccbf864ba619b81253b98e6f5
9,0,training/notflip/0041_000000026.jpg,notflip,0041,notflip__0041,26,training,9a12ba7bd5916410d8e0dd874c8a04f6e8ef9bf3475e09ee150126502951fa15
9,0,training/notflip/0041_000000027.jpg,notflip,0041,notflip__0041,27,training,933218ee86b7aee596de09fca325ed2cbf8dbd8ed127570e0b3054d06ac246aa
9,0,testing/notflip/0041_000000028.jpg,notflip,0041,notflip__0041,28,testing,b1574b5b38a75843ce28d13399e4f767c66ccd17bcbd03a9ca55921edf02e8d4
9,0,training/notflip/0041_000000029.jpg,notflip,0041,notflip__0041,29,training,049306a155ff36f4adba3d7f334aefcd4864f0567b237cebfe841b5f97f7f862
9,0,training/notflip/0041_000000030.jpg,notflip,0041,notflip__0041,30,training,5dc8aa5abfda9e0125989dba76d5473e6178a97ff15618bdbd9ab4da70b46284
9,0,training/notflip/0041_000000031.jpg,notflip,0041,notflip__0041,31,training,80ead23dd2f39602841d53b104a4cae6813289988921f80c81bad4d291a6114d
9,0,training/notflip/0041_000000032.jpg,notflip,0041,notflip__0041,32,training,9b1d5c7def7120a4e8073a0bbceb274b35ac9427e30155574e6ad53a62303f94
9,0,training/notflip/0041_000000033.jpg,notflip,0041,notflip__0041,33,training,f08a54d7dda62f0df2a050e0118fada59484f6f4432c674267a00f175ae1767e
9,0,testing/notflip/0041_000000034.jpg,notflip,0041,notflip__0041,34,testing,828003ac764e93982abbf3c8679197c55fff1c92bc53bc74451e57ca8e6440dd
9,0,training/notflip/0041_000000035.jpg,notflip,0041,notflip__0041,35,training,ab581a71a954677b50decd959612e88e117a2d622334f1613f5e77d093245f19
9,0,testing/notflip/0041_000000036.jpg,notflip,0041,notflip__0041,36,testing,a86ce806264e2e58a78ec1e53eadd7c18d45ae42cc2a2e97612895740b0b487e
9,0,training/notflip/0041_000000037.jpg,notflip,0041,notflip__0041,37,training,15c89fd95a523f1ac328e08b9e2b7531291b820c50c93c5e8b26f696e05d7d49
10,1,training/notflip/0042_000000009.jpg,notflip,0042,notflip__0042,9,training,da5910edb4cc1b5cd5fff0ba32b88a7749bcd4cf27cc4fb2c8150862a63bf9f6
10,0,training/notflip/0042_000000010.jpg,notflip,0042,notflip__0042,10,training,b7a637421737ea6572673c1c50657bfb2739192d1f5f2e02b9088b35a8d0a46f
10,0,training/notflip/0042_000000011.jpg,notflip,0042,notflip__0042,11,training,a028204e7d8678f93aaa44da6a380488001a3c8d26520ef5196917437fb5038e
10,0,training/notflip/0042_000000012.jpg,notflip,0042,notflip__0042,12,training,036549fe98c942aad838a1b093068417eea2610b03c4d4f21173e80f29d8ec43
10,0,testing/notflip/0042_000000013.jpg,notflip,0042,notflip__0042,13,testing,1f366e0f0e82c7433938ed8612a596768068d7466a2fe144a80dc3993f7a22bd
10,0,training/notflip/0042_000000014.jpg,notflip,0042,notflip__0042,14,training,0dd1f6967440f4d2056cad76d40e0aacefe30286bd02aab682bfc2df0f55829c
10,0,training/notflip/0042_000000015.jpg,notflip,0042,notflip__0042,15,training,2e5f4139acb018c54f8e9d83837b4f594973e7223648b5b6a16db80813bc111d
10,0,training/notflip/0042_000000016.jpg,notflip,0042,notflip__0042,16,training,28915eaf0a2018233e3a19b8100c272ea794ef4600e96c945ca49bc3d67e26aa
10,0,training/notflip/0042_000000017.jpg,notflip,0042,notflip__0042,17,training,ab98ed7c7ef812c51612b729907427c710c9484e38d0c5bb94dddf8fdfebe25d
10,0,training/notflip/0042_000000018.jpg,notflip,0042,notflip__0042,18,training,76f262c19fdb70a6cc94b491565369f02743c28ca6142549b99a14eaf0efd8aa
10,0,training/notflip/0042_000000019.jpg,notflip,0042,notflip__0042,19,training,9f8b608bb2816b99109b2da61119d22b41ba87c96abb60c89dc32770c4bb7012
10,0,training/notflip/0042_000000020.jpg,notflip,0042,notflip__0042,20,training,a732492dcf018c81420a4f59043765bfabeec6b967af69161b7de0a91e49ccfa
10,0,testing/notflip/0042_000000021.jpg,notflip,0042,notflip__0042,21,testing,fee762a049faeafc6054a51eda900488c712b909dd6b46c9be1437904cc050ef
10,0,training/notflip/0042_000000022.jpg,notflip,0042,notflip__0042,22,training,2aa01fe8c15a311a5d054a90bfbe86a265e00eba0c52c346e70239f943c96406
10,0,training/notflip/0042_000000023.jpg,notflip,0042,notflip__0042,23,training,b47c58fc6110097888ca37d3a18e0fec9850a1619cb05a116b71c04c33145170
10,0,testing/notflip/0042_000000024.jpg,notflip,0042,notflip__0042,24,testing,5f13c5ee3fe6c8a353a02eaf7a242214d1cb8ea468f07b1f818db3aa6dfe4b2a
10,0,training/notflip/0042_000000025.jpg,notflip,0042,notflip__0042,25,training,a9b6953e5dd98cbfb7e70618ded5fa3287dca1a17f36e41c9cb707dc963d8d71
10,0,training/notflip/0042_000000026.jpg,notflip,0042,notflip__0042,26,training,07821505ba4c575a81921d3dd66adee603e713b535bce8f3965d40240d816796
10,0,testing/notflip/0042_000000027.jpg,notflip,0042,notflip__0042,27,testing,7970c624f5761e83d70fa9a764e1b5c749757b89ec027e66843d21f43d0b8e96
10,0,training/notflip/0042_000000028.jpg,notflip,0042,notflip__0042,28,training,b7b4f169d8ae9eb057758b2db59273089feacff2e19e231d64b1fa09dc411c4a
11,1,training/notflip/0047_000000011.jpg,notflip,0047,notflip__0047,11,training,a7bcef9c84750065f51bc9c051147a4c9cb70528343ea551b19cae9c1921bb0b
11,0,training/notflip/0047_000000012.jpg,notflip,0047,notflip__0047,12,training,e0f32b99a43c0b19b08bfd095cb6eecf43bcbe72c82c7fb98d2fb78f898bf234
11,0,training/notflip/0047_000000013.jpg,notflip,0047,notflip__0047,13,training,45b1a2f827b62eff6aa99e23429d17dc5b5cc71885f70b5e75028e3fd9c9434e
11,0,training/notflip/0047_000000014.jpg,notflip,0047,notflip__0047,14,training,5b358b69d11b77cf0cd15db4f2fd3930d798906ce24a6becd3706c479829d8d9
11,0,training/notflip/0047_000000015.jpg,notflip,0047,notflip__0047,15,training,93bffd67d552224b28ea9f687578585f91d28d6956d676bcf2fa37b71b4eb721
11,0,training/notflip/0047_000000016.jpg,notflip,0047,notflip__0047,16,training,3740e5d355070b3fea1e6062be7e5d6b9f43f8b49718bbbaf5d1305a21526398
11,0,training/notflip/0047_000000017.jpg,notflip,0047,notflip__0047,17,training,ab6471d2c3e49862349db1a074be4e8e41717fdb8b7cf3b421c7cbf3d4467208
11,0,training/notflip/0047_000000018.jpg,notflip,0047,notflip__0047,18,training,6921eead61d011e2c1cc15661f2bf3cf6a22e215e0327713f0db49fed466857d
11,0,training/notflip/0047_000000019.jpg,notflip,0047,notflip__0047,19,training,024e943cfa0f9a68ad910ac6c53efba9d821b6246a53eee3e0ab31f94112b563
11,0,training/notflip/0047_000000020.jpg,notflip,0047,notflip__0047,20,training,a62087c59af5343ee533f59463e9a3b7e084aa47863e8f23b12cedde05b87a81
11,0,training/notflip/0047_000000021.jpg,notflip,0047,notflip__0047,21,training,430734e2cc0e5c1af05ab7fb39c30ffe6130fe64d72a3d055f2872fd86c58fa8
11,0,training/notflip/0047_000000022.jpg,notflip,0047,notflip__0047,22,training,10a853a2ae60056769b11052280aaa7c00c7380a522ddd8340eb92258a3fff1d
11,0,training/notflip/0047_000000023.jpg,notflip,0047,notflip__0047,23,training,657db289634ca56737ab1654c459465fee3c54e7d2bdb9a027d92082ab176d2f
11,0,testing/notflip/0047_000000024.jpg,notflip,0047,notflip__0047,24,testing,5d2f956183e0447cc0978c57f5dc31932a180f045a3bd4461789ef1234bf9f7f
11,0,testing/notflip/0047_000000025.jpg,notflip,0047,notflip__0047,25,testing,7aebe5ee03ef593a73f3371e0335d9dd2f14a3c37501e9b6482e4301ec601588
11,0,training/notflip/0047_000000026.jpg,notflip,0047,notflip__0047,26,training,44803064d187aa6d46fcf62fcc211b9e63fe4db48505ea58e79ed849a4d182d9
11,0,training/notflip/0047_000000027.jpg,notflip,0047,notflip__0047,27,training,2ca86bf574516c409d7701a5274f6f0d1d46072ee1ac4e482a9dc5af0715ac65
11,0,training/notflip/0047_000000028.jpg,notflip,0047,notflip__0047,28,training,67460573b4b8265234bda696bdda29bb3366c34013ba25e092f518e4f0e3f8c0
11,0,testing/notflip/0047_000000029.jpg,notflip,0047,notflip__0047,29,testing,ff24c3afdc482bbf89d17c2d531884e3c172018396e4ddf569f7dfdcf597cdb8
11,0,training/notflip/0047_000000030.jpg,notflip,0047,notflip__0047,30,training,90dcd498ddb651bf027f2f6d6f0f4d3adac833eb3190b1eb9207f9a6d285c3b8
12,1,training/notflip/0055_000000011.jpg,notflip,0055,notflip__0055,11,training,f052945952f1d666a81700aaeebc3f74f3a2b2e224f3935d22aa68c2f2c0faaa
12,0,testing/notflip/0055_000000012.jpg,notflip,0055,notflip__0055,12,testing,6469b661fe1f049acae18fb46a8a61105c916417a96b6b25ccc035df1043e788
12,0,testing/notflip/0055_000000013.jpg,notflip,0055,notflip__0055,13,testing,aae0c5086864feee9b257e22e8c228d2ba45cd09ec5beb49234e818ac43ae4ee
12,0,training/notflip/0055_000000014.jpg,notflip,0055,notflip__0055,14,training,b29ecd2b97f5cf67d28bae3166bc716296cd2849a9b62145a2baf3f56a1207cd
12,0,training/notflip/0055_000000015.jpg,notflip,0055,notflip__0055,15,training,a9c5db80430a03a7ccb61635772957cb80434dc5093edc6bcf4cb4d279e541ad
12,0,testing/notflip/0055_000000016.jpg,notflip,0055,notflip__0055,16,testing,ce2e79c99a8715994d9096622fd256b762bd15bfe1e92e8b5f6f7645762af074
12,0,training/notflip/0055_000000017.jpg,notflip,0055,notflip__0055,17,training,ddf89fe28b145585057becbab94acddb2a1a75f5e16209df4ad37467947baaff
12,0,training/notflip/0055_000000018.jpg,notflip,0055,notflip__0055,18,training,53d963f0b22e5a675296b9cf9c5e2e4b886caaaa458efafa124e048882354210
12,0,training/notflip/0055_000000019.jpg,notflip,0055,notflip__0055,19,training,f488aa653979e3714e91e170d92ed80963abe3f9393825ae47bf92401f7ad01e
12,0,training/notflip/0055_000000020.jpg,notflip,0055,notflip__0055,20,training,9748aff3a96037d62d65d26257eb600f604841a78da42adfcf8eff2fbe74664f
12,0,training/notflip/0055_000000021.jpg,notflip,0055,notflip__0055,21,training,1030547ed3288a31ac46c9146a18bc54f87eea4290500c42b28022445ae97dd6
12,0,training/notflip/0055_000000022.jpg,notflip,0055,notflip__0055,22,training,8dcf185362b4beb7d50d595a5d60bd03de35e68a2b2efa762911e9ba106f318c
12,0,training/notflip/0055_000000023.jpg,notflip,0055,notflip__0055,23,training,a6676e98897d53c57f779898daed06809e3054b18ed5d8d2caa17f14ea5631eb
12,0,training/notflip/0055_000000024.jpg,notflip,0055,notflip__0055,24,training,2bab392dcd795413b02b0541c32cb0b72caa1391aa9af7029fac9d9548fb309f
12,0,training/notflip/0055_000000025.jpg,notflip,0055,notflip__0055,25,training,b6e959685c1a44c857d8ea2f3e4040742ff529767777732e8a75edb191e5c3b3
12,0,training/notflip/0055_000000026.jpg,notflip,0055,notflip__0055,26,training,665c1bd0e6c8facc3b13b692257698985cc6deba5eb041132de86df09523b457
12,0,training/notflip/0055_000000027.jpg,notflip,0055,notflip__0055,27,training,2af6d856a20ab3cbc88d36b33925d538d7e68fec93c332c0d384b8a8592bbc7f
12,0,training/notflip/0055_000000028.jpg,notflip,0055,notflip__0055,28,training,5da04e4a5719267ca82dc126eea9dbb40b2b4eb79a7e3daa7f9f71979209319d
12,0,training/notflip/0055_000000029.jpg,notflip,0055,notflip__0055,29,training,e916058cfe13068f2d6e38340ab1f737c28b0d441805e75d7c3e65b639cee599
12,0,training/notflip/0055_000000030.jpg,notflip,0055,notflip__0055,30,training,189817a47b9368fba440d38e929660e161d132e869a28d3a294e34ca709f3b98
13,1,testing/notflip/0056_000000011.jpg,notflip,0056,notflip__0056,11,testing,4acc7d6090ce700608912f6a6334963f484028d1ef574a69137678178a463700
13,0,training/notflip/0056_000000012.jpg,notflip,0056,notflip__0056,12,training,dfd288e56fd835b4e931baf764aa6c5fdc4af30ce750e1f0e48ab6b9d28ac624
13,0,testing/notflip/0056_000000013.jpg,notflip,0056,notflip__0056,13,testing,4925a39fe85d04e95de4afee7e16a62d4bd274356e9a79b38bfb884596df23f5
13,0,training/notflip/0056_000000014.jpg,notflip,0056,notflip__0056,14,training,9baca5ffbe62cf34cef81f0de4a5b7d698b0d1a4c55abd4202b12c9519a831d4
13,0,training/notflip/0056_000000015.jpg,notflip,0056,notflip__0056,15,training,72b87b51facc23be436999f4351a4a978c0f6a89dcfd6bf718a15e80e29a3179
13,0,training/notflip/0056_000000016.jpg,notflip,0056,notflip__0056,16,training,dd30db520b87b49d1263e46c5e31ab1104ebe226706f0acb63a88ac865e915c3
13,0,training/notflip/0056_000000017.jpg,notflip,0056,notflip__0056,17,training,cb9c751f649c0e2f719a74da61634460482668f46a52c808c7b95d6fc9bb925e
13,0,training/notflip/0056_000000018.jpg,notflip,0056,notflip__0056,18,training,61b9dd50303dc868ba1a4b7d2e05693ddaea9a274dde2f24159dba76073f2e90
13,0,training/notflip/0056_000000019.jpg,notflip,0056,notflip__0056,19,training,18307477bf8db9c498f571e91c5586e11b8b1b5a37b686d7bc18791ebf5e51ea
13,0,training/notflip/0056_000000020.jpg,notflip,0056,notflip__0056,20,training,ace87a50c978a2a7a4dc3a21514e9274206ace74a967139cf0e47b956dd338bc
13,0,training/notflip/0056_000000021.jpg,notflip,0056,notflip__0056,21,training,83c0b01eca40e99d9b40ce4db8cebfcbb514edb83865139ccd9545c8c928f423
13,0,testing/notflip/0056_000000022.jpg,notflip,0056,notflip__0056,22,testing,408dfb4a0e0615d084665f262e26bdc1d5333ff908ab27d2d33004291977cabb
13,0,training/notflip/0056_000000023.jpg,notflip,0056,notflip__0056,23,training,7af6579e55676d3afdce59abda6fe5055f02089c806dfaac241ef87ef35c0cbb
13,0,testing/notflip/0056_000000024.jpg,notflip,0056,notflip__0056,24,testing,7118c22a0ab3db69a888fa76b79d998a93d165845a5f9e83abb0e25702424426
13,0,training/notflip/0056_000000025.jpg,notflip,0056,notflip__0056,25,training,200d02386d7f8ec4ba9ad780c3b08c26c9b230d4fa3d57e57a49e8d9d2e133c5
13,0,training/notflip/0056_000000026.jpg,notflip,0056,notflip__0056,26,training,f3542287d235efe897b1f190c1db4007fb7ac187a21aa2ae1b54f162bb16bf10
13,0,testing/notflip/0056_000000027.jpg,notflip,0056,notflip__0056,27,testing,660eac36fbf1fbed03b7234ef7780c3b33a168311b87e200e6a017b4f0e3cd03
13,0,training/notflip/0056_000000028.jpg,notflip,0056,notflip__0056,28,training,9871c5ab9c9393015d95541ec3462027c6b4167575922e0589ba2540be3c7ba9
13,0,training/notflip/0056_000000029.jpg,notflip,0056,notflip__0056,29,training,2d6f16aae9ede5dd27fcf088aaf912058b6b0eb717a29088acdd2faf133ebe79
13,0,training/notflip/0056_000000030.jpg,notflip,0056,notflip__0056,30,training,11c51c70dd1e7ef742f5ee699b1f2490812a9dee4b8443bec5ac715d2f224d2f
14,1,training/notflip/0010_000000012.jpg,notflip,0010,notflip__0010,12,training,ef645b024bd1632822c541f79226e036a1ef065fea85a49379aff20dd339759a
14,0,training/notflip/0010_000000013.jpg,notflip,0010,notflip__0010,13,training,18e54d6f1728cb7190bf7ba2c0731d4bf854e62818dc3c74b5d19e187955b68a
14,0,training/notflip/0010_000000014.jpg,notflip,0010,notflip__0010,14,training,a857d6d233711cb9d56e0e9481d9beb98356b77f7a6c17181e83641cdc656fe6
14,0,training/notflip/0010_000000015.jpg,notflip,0010,notflip__0010,15,training,512ddf57c2f7a228679c46d73ab79c83bc04643eae0fe11ee2c6a774e5c6cfb2
14,0,training/notflip/0010_000000016.jpg,notflip,0010,notflip__0010,16,training,2d2fe5343e7c4a0cf77f10f642656b5bee0007f29f4cc0c83acc6852eb29c9ce
14,0,training/notflip/0010_000000017.jpg,notflip,0010,notflip__0010,17,training,c43ce4a9e8d201800bf672b5fd4475816445e45a547766166dbbf948d099387f
14,0,training/notflip/0010_000000018.jpg,notflip,0010,notflip__0010,18,training,bd5894c245b596def19129044cb9aae44c4b0558a08b2e1318a889eff893014e
14,0,training/notflip/0010_000000019.jpg,notflip,0010,notflip__0010,19,training,740550b581814258c3b50a2bb60b057c34d2a3d60582182c4de1db78a012e476
14,0,training/notflip/0010_000000020.jpg,notflip,0010,notflip__0010,20,training,463e78ae8fb5b0c82b96327ece51ae3df4487dabcdac6cf786f299d2b36e922d
14,0,training/notflip/0010_000000021.jpg,notflip,0010,notflip__0010,21,training,28e6192a679c7f21c7d8c08884170e45e04b2eee764fcc84e2f2f69e85a20c0e
14,0,training/notflip/0010_000000022.jpg,notflip,0010,notflip__0010,22,training,b3d86864aba7f3dc47aac633782c8f1c610279ac8ee79f1ef6cdb829cbddfe50
14,0,training/notflip/0010_000000023.jpg,notflip,0010,notflip__0010,23,training,d5267918ea19cc398d88619fa383ae2b28234b2fea11cc3f1dc4558e65d3161b
14,0,training/notflip/0010_000000024.jpg,notflip,0010,notflip__0010,24,training,499a8eca9ccb2dc6d28e1140b4036704c79646f98687f265e04779f7f9ee9ef6
14,0,training/notflip/0010_000000025.jpg,notflip,0010,notflip__0010,25,training,dd6cdaab195b79cf052d2f47333427ecf5f6b5e2648a0203cffc59939073df7b
14,0,testing/notflip/0010_000000026.jpg,notflip,0010,notflip__0010,26,testing,e9f77f0fcfcc807e2b2477669ffcfc49ef7a44e5ec2576d40f1f7fcac3997af3
14,0,training/notflip/0010_000000027.jpg,notflip,0010,notflip__0010,27,training,4490ab169e7a4f4b903a6231113b7e3a39a051e126d579996326fce92dc88f68
14,0,training/notflip/0010_000000028.jpg,notflip,0010,notflip__0010,28,training,2d3a06f7e68fc378bd4f3799a1a2bfeb1cbf107d908edeb4fb38028571aa63cb
14,0,training/notflip/0010_000000029.jpg,notflip,0010,notflip__0010,29,training,2b6dbf1225129a2f62b4314b7769cf216ef7089630cc9e9f17baa5c076620789
14,0,training/notflip/0010_000000030.jpg,notflip,0010,notflip__0010,30,training,9087a49a0622911280a64a64394664866cfa4b28f6b2935d7daa66df275fd545
15,1,testing/notflip/0049_000000012.jpg,notflip,0049,notflip__0049,12,testing,c6c7ce2df74dc5784f23d71667bbdb08ffeff3772fe290ee3f61e92b8f359d64
15,0,training/notflip/0049_000000013.jpg,notflip,0049,notflip__0049,13,training,c73b4189ab185692f4c9949deeb791512570f981baac035a8eed7f4d6f31f884
15,0,training/notflip/0049_000000014.jpg,notflip,0049,notflip__0049,14,training,368a0e36cf6ee602ac5aa429d3cb5dcd9e7dfb5c226aaa6dd21f5bb20386cb5a
15,0,training/notflip/0049_000000015.jpg,notflip,0049,notflip__0049,15,training,aec1131688cc423cb25b85df7aace77490a5700f24947ef35742149c6f10de37
15,0,training/notflip/0049_000000016.jpg,notflip,0049,notflip__0049,16,training,f0eae4fc323825406cd95187ec8d33ce2c852ad02b91e009589c05051a4ebb85
15,0,training/notflip/0049_000000017.jpg,notflip,0049,notflip__0049,17,training,e1073f74ac2172fd777de5f5c6f4f1bb57a47895de869d63c0285a5610d5d76f
15,0,testing/notflip/0049_000000018.jpg,notflip,0049,notflip__0049,18,testing,66f66ce7acbdbbcf8b97df57bb0809eb443c4ebbafbcb19e5f09673c5b4f718b
15,0,training/notflip/0049_000000019.jpg,notflip,0049,notflip__0049,19,training,ec830d719b61f4ed9c8ebdc9df5d50c8858278e07b997344e52c010381fcf43d
15,0,training/notflip/0049_000000020.jpg,notflip,0049,notflip__0049,20,training,b8a45f9ea111a6c8d05172370ec46017fc436a44c1583464907363c2aa3e895f
15,0,training/notflip/0049_000000021.jpg,notflip,0049,notflip__0049,21,training,aa6f52b9842f8360156e20ff5d4a502d76bece20e761ffbc792e7c927aa65bc3
15,0,testing/notflip/0049_000000022.jpg,notflip,0049,notflip__0049,22,testing,aeb7eda8a5ea24d79d06a70a92924c7ca787688ab3e95f20680506407a46ae7f
15,0,training/notflip/0049_000000023.jpg,notflip,0049,notflip__0049,23,training,84daa9a97640c9e1ee48188763932269dabdae05bc00eb091fb5dc392e199f72
15,0,training/notflip/0049_000000024.jpg,notflip,0049,notflip__0049,24,training,fb15eec36319fa20e07350144ba7839fea60ac3efdfe030b614fbddcfbc2499b
15,0,training/notflip/0049_000000025.jpg,notflip,0049,notflip__0049,25,training,7419b8232b9d2da2ad9aeac7384e0028cdb8634be605889f002c97c51ddc6268
15,0,testing/notflip/0049_000000026.jpg,notflip,0049,notflip__0049,26,testing,566ac1680c1c02ff35fe6b6cd8d58b1f7a0ed2ada12f5c9b03a2081fde8da2da
15,0,training/notflip/0049_000000027.jpg,notflip,0049,notflip__0049,27,training,1d9c9483bb0c53a46d123802dddb9e55faa4823bfd52a1fab6f7cb3e73d7ab82
15,0,testing/notflip/0049_000000028.jpg,notflip,0049,notflip__0049,28,testing,89594793006b645cea96b4aab9defc685c8b015e04802775ce94f1d79d15951b
15,0,training/notflip/0049_000000029.jpg,notflip,0049,notflip__0049,29,training,34077a61bc8e82e975ba55eceeef598fe3d6b2f15d9f1012a6c77283cf2414c0
15,0,training/notflip/0049_000000030.jpg,notflip,0049,notflip__0049,30,training,dfbb17cdcde354ad001653f69e5be2df056cf8d75f5c5a962eef41a0ee68e413
16,1,training/notflip/0058_000000012.jpg,notflip,0058,notflip__0058,12,training,c52e6642039522bda6f5f238bf31d66da103c9d6bead47c99633baf94aa5610b
16,0,testing/notflip/0058_000000013.jpg,notflip,0058,notflip__0058,13,testing,8f7eff5e085ab5b2182f4d94d8cc87f30b8dea5b1dcf533c957f7db24353d681
16,0,training/notflip/0058_000000014.jpg,notflip,0058,notflip__0058,14,training,df4a37681efa49d64b27965049fdeb72eac52c6a6147a6fbbf952be4fc77771a
16,0,training/notflip/0058_000000015.jpg,notflip,0058,notflip__0058,15,training,e3922713ed4c2a4b9a2ba1476468a18bde54f6b4fa6771d353e9e9b2540f4ff7
16,0,training/notflip/0058_000000016.jpg,notflip,0058,notflip__0058,16,training,c7de647b7e68cfe6fd32b2cd1ae03277b28f08e1f330274ca97c8027facd1cf9
16,0,training/notflip/0058_000000017.jpg,notflip,0058,notflip__0058,17,training,effd4432514f03f472c63829b7a2859189c49e608698d66a3baceea0db3c478b
16,0,testing/notflip/0058_000000018.jpg,notflip,0058,notflip__0058,18,testing,4b785319ae8817f846718a6e57f62feb5412cfa9a09a070d20051a0d8946110c
16,0,training/notflip/0058_000000019.jpg,notflip,0058,notflip__0058,19,training,5b0bb55b356d83aafa8e14e981142d51735457bbdd83e71cf7317d09b2da3c71
16,0,testing/notflip/0058_000000020.jpg,notflip,0058,notflip__0058,20,testing,233eaacbf75405dc901c8994b6f6cf27bcd034a21e73bdafa821d72ba8f51117
16,0,testing/notflip/0058_000000021.jpg,notflip,0058,notflip__0058,21,testing,ac3923c3ad1311a0d242956d6bbb6960d06001270016a4cc440a7b20253b980c
16,0,training/notflip/0058_000000022.jpg,notflip,0058,notflip__0058,22,training,53475204931346fc6e02596837cfbecdc9f46ee2296bf80bef9b4f110bb83afc
16,0,training/notflip/0058_000000023.jpg,notflip,0058,notflip__0058,23,training,200e89ed19efa1f85099c1ba7757edd25adcf62d99d9656412b287b3c0bf834f
16,0,training/notflip/0058_000000024.jpg,notflip,0058,notflip__0058,24,training,667307e5aefaed14af985b7438964ea6bddd2f257342595a9e63c6736e146679
16,0,testing/notflip/0058_000000025.jpg,notflip,0058,notflip__0058,25,testing,5ad1315e6821e508a5739dc3c9225d40c8f12b94bd944c6977b89ee267519693
16,0,training/notflip/0058_000000026.jpg,notflip,0058,notflip__0058,26,training,cd9126cba94899e4e707e354eed4cd9912826fc17fee042de781f66263b6aaf4
16,0,training/notflip/0058_000000027.jpg,notflip,0058,notflip__0058,27,training,e8e61e864ed065ae001ff721d6473b1c118c51d71f5e3d5340c5cd136650144f
16,0,training/notflip/0058_000000028.jpg,notflip,0058,notflip__0058,28,training,59143aa28a2fab54e798b8027b1a9d15de5fbe94d4ce5677600dd2cd6fd1094f
16,0,training/notflip/0058_000000029.jpg,notflip,0058,notflip__0058,29,training,75339c51bd135603e984e76f383f3fd5d54c0b3381ccfa4f7423656c4bed8ea2
16,0,training/notflip/0058_000000030.jpg,notflip,0058,notflip__0058,30,training,45a52300de7c6b3a00b4c7458c9c011520e347da638c082efd23b3869e88809c
17,1,testing/notflip/0035_000000015.jpg,notflip,0035,notflip__0035,15,testing,e090adb585866b4f2d0c7cb79d078cbd74e030a6d8a40a2700d29cc33da43d17
17,0,testing/notflip/0035_000000016.jpg,notflip,0035,notflip__0035,16,testing,2f3f937dc8634ca02316f1a861974290735db8f3a6084be159bf64cbd404b814
17,0,training/notflip/0035_000000017.jpg,notflip,0035,notflip__0035,17,training,f55d202204daf358cc84ecdf3b596ef864921c9c2e6c0529b0d68a328611c736
17,0,training/notflip/0035_000000018.jpg,notflip,0035,notflip__0035,18,training,f514e2fa6fad60b6d9410fa458b9f7c8967dda0754429eb6b1573b15328879c8
17,0,training/notflip/0035_000000019.jpg,notflip,0035,notflip__0035,19,training,122aaea012a916ed48e6ad87d0dbb80cec6f66ecb16b8a0110217b77cbdd8328
17,0,training/notflip/0035_000000020.jpg,notflip,0035,notflip__0035,20,training,65023959b82e1b6e465223183b53e4755adbe2dfb99d35ed3a3cfcfc7600d156
17,0,training/notflip/0035_000000021.jpg,notflip,0035,notflip__0035,21,training,11f692741388d3292bf9009af5313571a9128c90073c8b6df9531024edd3df9f
17,0,training/notflip/0035_000000022.jpg,notflip,0035,notflip__0035,22,training,fb7a22703386e8492792a2cff449c423a3c968f3540439dcd752e11318b0cc36
17,0,training/notflip/0035_000000023.jpg,notflip,0035,notflip__0035,23,training,4ae6a58d7f0ae073892f3cac9576205c88aa564fefd73459fe7a69596e5cd6ed
17,0,training/notflip/0035_000000024.jpg,notflip,0035,notflip__0035,24,training,9b4a653a31919b0e3c69cafae1052e88e976093af5ec81a1ffdbcdf69d6aa8fe
17,0,training/notflip/0035_000000025.jpg,notflip,0035,notflip__0035,25,training,28324755e6293e4fc57bb8112b4f6b87b4c60415f461ee4acd3c9a7e7dc03042
17,0,testing/notflip/0035_000000026.jpg,notflip,0035,notflip__0035,26,testing,061a428ed9aac87c6f6e7246bd4df95eb8858cec7aeccd6bf1ed841fdd5ca2f5
17,0,training/notflip/0035_000000027.jpg,notflip,0035,notflip__0035,27,training,17ecdda2b2230d41fd23ce9d205edd00af7b0f7f157184577afd0b32868a3f57
17,0,training/notflip/0035_000000028.jpg,notflip,0035,notflip__0035,28,training,1a8c137563d22e1a69cda3512ed856165617cea3e76b30019e1d9c93cd583cf8
17,0,training/notflip/0035_000000029.jpg,notflip,0035,notflip__0035,29,training,5e3cb616d954e4111bf58c48c3fb9058013edd4188201646e6a0433dfe04f9d0
17,0,training/notflip/0035_000000030.jpg,notflip,0035,notflip__0035,30,training,9860d792eef3b0aac5d810ac7fbfa1b46551957428afb16c88bb7713a93ed80c
17,0,training/notflip/0035_000000031.jpg,notflip,0035,notflip__0035,31,training,14f4ecf3d015a11180127a61b8412a67f9ae084485a654890f644f6b0f5bdec3
17,0,training/notflip/0035_000000032.jpg,notflip,0035,notflip__0035,32,training,89129630fed77f9beb4a61e96f0b452644922e9852baf7f4f961f50728a9a232
18,1,training/notflip/0019_000000006.jpg,notflip,0019,notflip__0019,6,training,3d545ae84e96ae47c2231e0f9413b7468362c884513b46e72e20516eba74a7ff
18,0,training/notflip/0019_000000007.jpg,notflip,0019,notflip__0019,7,training,a1e019934aaa65924846270d182bf70d7e9e67325f75becf2b790a1b22920113
18,0,training/notflip/0019_000000008.jpg,notflip,0019,notflip__0019,8,training,0d794ce63146d48b32a3533769da32ae5b5b4e4269f3442710a5a872e234291c
18,0,training/notflip/0019_000000009.jpg,notflip,0019,notflip__0019,9,training,de8db77f72913090f5727012cbbe23f9cbc05f68acc02def1e57832270bba08a
18,0,training/notflip/0019_000000010.jpg,notflip,0019,notflip__0019,10,training,1b661849515e1864b4499b9aa8416933591ed16466ea5a3652895b8fdedcfe48
18,0,training/notflip/0019_000000011.jpg,notflip,0019,notflip__0019,11,training,afdbb39630a1f474f88cf848979dae23d9f595b3248bbd78a9d772415dbdcec8
18,0,testing/notflip/0019_000000012.jpg,notflip,0019,notflip__0019,12,testing,68eaff93b7dfcbd4b3c93033d4c312855b10b2a857ff1bdb04cb4298fc9847fe
18,0,training/notflip/0019_000000013.jpg,notflip,0019,notflip__0019,13,training,15a5f78885505170ffa29d844b373e8631464472ae0a0645095f1740b0b26a11
18,0,training/notflip/0019_000000014.jpg,notflip,0019,notflip__0019,14,training,37dbfde4f86f51f666d417dd2d0b7aa437a19d16d025c7b732f8823b2b9ad6c0
18,0,testing/notflip/0019_000000015.jpg,notflip,0019,notflip__0019,15,testing,b5c4e07d428ade9c7d9446e660ddfd0576d30b4c2789b9b5d271b7601bee5258
18,0,training/notflip/0019_000000016.jpg,notflip,0019,notflip__0019,16,training,cc7be5c385a99942ac5ee031ebd64b86ab71fea7d958a973377ef2b3b10f3055
18,0,training/notflip/0019_000000017.jpg,notflip,0019,notflip__0019,17,training,3d1850354e9082b2500b397f2f939dcb470ab15c543147c5a22a5cb959c9b1ba
18,0,training/notflip/0019_000000018.jpg,notflip,0019,notflip__0019,18,training,88652a381d36c183cb4b2e886ee83f303f9628846ed59ff4141100d1837fa4e9
18,0,training/notflip/0019_000000019.jpg,notflip,0019,notflip__0019,19,training,1e0ca4bd9a10b4ab268e33316c9777d67481859e10901eb770168134ede4c7a2
18,0,training/notflip/0019_000000020.jpg,notflip,0019,notflip__0019,20,training,f3340fa3bad74b796cac308ff293ebf24bc8b95f75a91c5be8d836c443ecec6c
18,0,training/notflip/0019_000000021.jpg,notflip,0019,notflip__0019,21,training,77f1c9a51f43ad884d3b82ed0967cde29431d3b9da6e9c1815b2e97e508ba53d
18,0,training/notflip/0019_000000022.jpg,notflip,0019,notflip__0019,22,training,3696dea16cd0988fe094d0c76f233c0c729c794258800cb5ebdcad147fd0868f
19,1,testing/notflip/0036_000000014.jpg,notflip,0036,notflip__0036,14,testing,b89f5d8ca54f3cb06e63a3327a3062c4c6039243e643288da2ba9a7a1813750b
19,0,training/notflip/0036_000000015.jpg,notflip,0036,notflip__0036,15,training,07753f70692802c6f2e27a02a0301cd3c93e2f5b7af7b938ef65b7957922f831
19,0,training/notflip/0036_000000016.jpg,notflip,0036,notflip__0036,16,training,263b58a35f2fa78ba818242e41a4b658b037b694a541820f25a829427fcf0c94
19,0,training/notflip/0036_000000017.jpg,notflip,0036,notflip__0036,17,training,c3c0445ef2bfae5bbdcab49ef1146fe3db83d129391cbfebcfd78c9f79ab6c69
19,0,training/notflip/0036_000000018.jpg,notflip,0036,notflip__0036,18,training,03a9a3d7812911b3c9aba6029bc2cc42c370b0d032d994bfda99b25f64519edb
19,0,training/notflip/0036_000000019.jpg,notflip,0036,notflip__0036,19,training,37ad905cde75ead97f95d4855ddf14a8ee2a20d65c237ca90c1223853bdd2742
19,0,testing/notflip/0036_000000020.jpg,notflip,0036,notflip__0036,20,testing,d063f9465763dd3a69400f4215150eac914c213b9c3429d7c087123b3cab93f7
19,0,training/notflip/0036_000000021.jpg,notflip,0036,notflip__0036,21,training,affc9f8ee447b32aec87e9a9c05e3a0217c6f922c5ecef6cfe311ed38e65af94
19,0,training/notflip/0036_000000022.jpg,notflip,0036,notflip__0036,22,training,61124e42cc297949155a4d7f319c50caaf1a062ebf80cdc8f3a1373d8582c816
19,0,training/notflip/0036_000000023.jpg,notflip,0036,notflip__0036,23,training,570b05d8fea4aa2e4398e5933a93ab43c0a1fa8d1df027e47ef92e1dd8e3b6c0
19,0,training/notflip/0036_000000024.jpg,notflip,0036,notflip__0036,24,training,bc467d5050bf97c192e1825e77145c68738271d19167e3456490807805f109c6
19,0,testing/notflip/0036_000000025.jpg,notflip,0036,notflip__0036,25,testing,cc9c4db31114a9bae0194d2c2bfed50d7f3ad37e95ff76750f770dc9eb950f80
19,0,training/notflip/0036_000000026.jpg,notflip,0036,notflip__0036,26,training,9484ef069ea320d5d4a22df33e27d762f18cc38ad4ab464705ca2dd44de273bd
19,0,training/notflip/0036_000000027.jpg,notflip,0036,notflip__0036,27,training,3a770a1509e24fcdcbb52a829cb7266792e5eb6f694f8d487f6784c3d29b49c0
19,0,testing/notflip/0036_000000028.jpg,notflip,0036,notflip__0036,28,testing,4e73125ac53439ad7c04b3fc1937cfa4766120e8cda4efc8d0314b3fdd70b9de
19,0,training/notflip/0036_000000029.jpg,notflip,0036,notflip__0036,29,training,7c9ce0232981253f0284af298db49cae7e6d49d9475a5800cb64acc0f1841ade
19,0,testing/notflip/0036_000000030.jpg,notflip,0036,notflip__0036,30,testing,a7f2e80f0d17f757d9a25282b0c80967bb1b0edd27fb5bb1a70b1fc125a84ef2
20,1,training/notflip/0038_000000014.jpg,notflip,0038,notflip__0038,14,training,8ce690c00bd39ba0684e9f7a15a66f22b8b57c70461ec9684dd7cae8632bd434
20,0,training/notflip/0038_000000015.jpg,notflip,0038,notflip__0038,15,training,b50e7b97bff05a982b142d497f297d63233bd2049ec1ead599b9f2f9e205167b
20,0,training/notflip/0038_000000016.jpg,notflip,0038,notflip__0038,16,training,36a3bf04a8904c08378a33a5c7395db4e5bee76837b08f73bb162bbfad787a9e
20,0,training/notflip/0038_000000017.jpg,notflip,0038,notflip__0038,17,training,8a108d6d875b83cd5c5616cf399631e70e94e7966baa778a0eeb1a2625c5f962
20,0,training/notflip/0038_000000018.jpg,notflip,0038,notflip__0038,18,training,5776f1653fb79202d80e8c1e68ddf63d487e7f99affc477a3ddca2e7b19985bb
20,0,training/notflip/0038_000000019.jpg,notflip,0038,notflip__0038,19,training,8c2c624f708687e84efb6223c77cb0ae0bd45f2c8087ecef182f5522f2b406cb
20,0,testing/notflip/0038_000000020.jpg,notflip,0038,notflip__0038,20,testing,fb0ce559c465b141b519ceb069b6b0379097e20100adb59e6ccba0ae0fe53c5e
20,0,training/notflip/0038_000000021.jpg,notflip,0038,notflip__0038,21,training,75d640d6cc49bc658f6b038b23dab31525234f5f695c3024ef8e162585f85a5f
20,0,testing/notflip/0038_000000022.jpg,notflip,0038,notflip__0038,22,testing,aae17fcaf00acee9d8ab6b83ba001a64b6cf5a0cd7fa32ff2bed9a8e9875cf72
20,0,testing/notflip/0038_000000023.jpg,notflip,0038,notflip__0038,23,testing,30d535e93b170761403441424f4e99c587ede7c83ad38b4d795c3964d895dbd0
20,0,training/notflip/0038_000000024.jpg,notflip,0038,notflip__0038,24,training,2aa02994639c5a1c9a98c6338a51b902f627fe3e44a450759495835f529e0e47
20,0,training/notflip/0038_000000025.jpg,notflip,0038,notflip__0038,25,training,b136a4b141e952886fb6061ad64a68be4366c4d45a54a9992c5cbaeadcc3c10d
20,0,training/notflip/0038_000000026.jpg,notflip,0038,notflip__0038,26,training,4043b31a3da399a80a07e45d98fc51b0388e39c2723e6c54633a4dbe207f53d3
20,0,training/notflip/0038_000000027.jpg,notflip,0038,notflip__0038,27,training,5f0e4de60e7b901512e747e68316ab76ed13479835c1cee14d79e9b8e511b7f7
20,0,training/notflip/0038_000000028.jpg,notflip,0038,notflip__0038,28,training,a65d347a0ac80cf9856afb39ba00533ba405fca0ad3765fa5d73a8705dda4f70
20,0,training/notflip/0038_000000029.jpg,notflip,0038,notflip__0038,29,training,c6a3351af3ca0b573d753871173b95ffbf7c1937ba2275b8e127a2b2f6b84040
20,0,training/notflip/0038_000000030.jpg,notflip,0038,notflip__0038,30,training,c0c9ec592399a5e88edd63c29ea73af4683d4deb11828015d94c0cb62ec74bf3
21,1,testing/notflip/0044_000000014.jpg,notflip,0044,notflip__0044,14,testing,eb640d1ddb444162a2bfb386b19ef2aaab8b653d400069197b6dcff2d5f67583
21,0,training/notflip/0044_000000015.jpg,notflip,0044,notflip__0044,15,training,207fc04d15b7d5b3bc322dd170ba422530c3ef27a5fa51a67cad7abf194ed59c
21,0,training/notflip/0044_000000016.jpg,notflip,0044,notflip__0044,16,training,d6a3cb476bf1d00fb732505f493850330c3d39e182f6c13f9e8bd3a60b00ace4
21,0,training/notflip/0044_000000017.jpg,notflip,0044,notflip__0044,17,training,95ff293651d3dc27e1dbc0214883999b3edc2343b1d6eb487da38e1ef5bdd225
21,0,training/notflip/0044_000000018.jpg,notflip,0044,notflip__0044,18,training,f15261845d3c05e4e98e1533cf1491e280c71f5d9b87d814c2749371b54d9792
21,0,training/notflip/0044_000000019.jpg,notflip,0044,notflip__0044,19,training,162b36a81ef70af1347f9c747f01397afcf7c7771bdead7bbaf7503ced68db92
21,0,training/notflip/0044_000000020.jpg,notflip,0044,notflip__0044,20,training,d76dd3c34532e6cdcc0597ec545df038614753532d84e0a61cffc8f0b39d568e
21,0,training/notflip/0044_000000021.jpg,notflip,0044,notflip__0044,21,training,182cbf00fab9e7a71c82cf217a79b5d2e72faf04cf172dd84988c0191cecc67d
21,0,training/notflip/0044_000000022.jpg,notflip,0044,notflip__0044,22,training,13d665373ea21c7edc0b81bf8a5c8dbd75d4e90f0db8ba23c6ce4e89526811c3
21,0,training/notflip/0044_000000023.jpg,notflip,0044,notflip__0044,23,training,380c94f57b8160b25f4f7f35b10699afcbd2a148d87306d0b74027230d3b6243
21,0,training/notflip/0044_000000024.jpg,notflip,0044,notflip__0044,24,training,90215051df3269b5de7204c3ef49440788322a7f56f69132741f963e7bbe01b6
21,0,training/notflip/0044_000000025.jpg,notflip,0044,notflip__0044,25,training,ba160d5020817b7fdd6a8a035169a2eb845dd5249f6a44bf925aba28b0693d04
21,0,training/notflip/0044_000000026.jpg,notflip,0044,notflip__0044,26,training,57e1534faa5378016b253684de4b31eea1430b6bbf1a7f12543449c8277fcb94
21,0,testing/notflip/0044_000000027.jpg,notflip,0044,notflip__0044,27,testing,838de401dcfddbd5b9797286a69a03136800a1ed93efe9ab7b318bcfc339ff51
21,0,training/notflip/0044_000000028.jpg,notflip,0044,notflip__0044,28,training,c2a9c9ccc15ec9ba52ffe9364f18f6b5049f84e6a75669f2db31fa294f1c1fb2
21,0,training/notflip/0044_000000029.jpg,notflip,0044,notflip__0044,29,training,e1efe05692c822d135a9b068d35f43d454fb8a5b33e1a9256cc168cb1df72179
21,0,training/notflip/0044_000000030.jpg,notflip,0044,notflip__0044,30,training,483e1c277733dc88b213b68e6e9e3c06d93901eab7d7eca04d9340019f29c447
22,1,training/notflip/0006_000000004.jpg,notflip,0006,notflip__0006,4,training,2e3172520d7e3d578975181d8825c4cf69d7806df73f9245665decda164b1d24
22,0,training/notflip/0006_000000005.jpg,notflip,0006,notflip__0006,5,training,560f40aef7f413a260093f4a22b093b22cee676786f8b2955724e964374ed1ce
22,0,training/notflip/0006_000000006.jpg,notflip,0006,notflip__0006,6,training,cf783251d779f863d53826f1e494cb58f66be4418fc7d0ac00b59e13a91a6d18
22,0,training/notflip/0006_000000007.jpg,notflip,0006,notflip__0006,7,training,7abcd4d795b691b527baf1021e083a7dd3f94d75ab0c6e23bd1973f40272fbbf
22,0,training/notflip/0006_000000008.jpg,notflip,0006,notflip__0006,8,training,1e6711f768149f141283862446dc49bcaa5ca8225feea6b5a0275dcda914bd93
22,0,testing/notflip/0006_000000009.jpg,notflip,0006,notflip__0006,9,testing,5dfe591f552b4db8707a5ac9f08720597151093a19c09fa736525298e8705fd8
22,0,training/notflip/0006_000000010.jpg,notflip,0006,notflip__0006,10,training,31162a604151b2f59585333739b5847a1a7d36e514bc805ffc1ffb91a85d76a0
22,0,training/notflip/0006_000000011.jpg,notflip,0006,notflip__0006,11,training,9e68538b11c1a05300f894abbd3bf3b5824e40e99ea75e60b4e680125e768f8b
22,0,training/notflip/0006_000000012.jpg,notflip,0006,notflip__0006,12,training,6fa6e43b7c85b626f85c31009afbc672024e9380a7b7173f55d8f51c0c5e692e
22,0,training/notflip/0006_000000013.jpg,notflip,0006,notflip__0006,13,training,ad99f42639418a1fbb54eec508f4472527212b0b9cd9e1d2e89913bca7a62d61
22,0,training/notflip/0006_000000014.jpg,notflip,0006,notflip__0006,14,training,f6f5583c7724d2aa35ebd5b5cd47e71fcfe9bd69ea3f54ee33fece4056053a07
22,0,testing/notflip/0006_000000015.jpg,notflip,0006,notflip__0006,15,testing,f58eddec3e4995cbb753921945c56f8e2802f7cd3a53a1d8005b45c3aff9b410
22,0,testing/notflip/0006_000000016.jpg,notflip,0006,notflip__0006,16,testing,82f9bb70d67ff5af7ba4991a41f2e7b3c93568781f30a288d695c6a6bc58d1aa
22,0,training/notflip/0006_000000017.jpg,notflip,0006,notflip__0006,17,training,cf6d3e6764b2c18e8d3f15299158e7fc6a555ef3dc5482d72da60f7a139c7183
22,0,training/notflip/0006_000000018.jpg,notflip,0006,notflip__0006,18,training,bc117ecc4cb798a1bcec8813e2fb948803476203f33e2b8cf7c74291eb1a792c
22,0,testing/notflip/0006_000000019.jpg,notflip,0006,notflip__0006,19,testing,13dc0def23292569467cde55d1cc96de9faf9571e717babda6358b26cb2c49b9
23,1,testing/notflip/0027_000000001.jpg,notflip,0027,notflip__0027,1,testing,c6b4fa505d9374cac8796a3134b46ae5b0f6b3cb237d0ce7d7e53761c09e835b
23,0,training/notflip/0027_000000002.jpg,notflip,0027,notflip__0027,2,training,5cba4ad444b7381a2ef1849345469d733019de6c097c43dde2a178b3d3216849
23,0,training/notflip/0027_000000003.jpg,notflip,0027,notflip__0027,3,training,ca67dfc6592e27181b511d5e4faa695637122ab7ee4beaa26abaea2a37cc7de6
23,0,testing/notflip/0027_000000004.jpg,notflip,0027,notflip__0027,4,testing,68072b0a593d1c228063a6f4676ad7976ad03361bfe7f2bc7c9dbeeb02309500
23,0,training/notflip/0027_000000005.jpg,notflip,0027,notflip__0027,5,training,0c7d67e9b9c056981eba8ecb4953ddbd4896170e2e053512bd3021b14ddf6838
23,0,training/notflip/0027_000000006.jpg,notflip,0027,notflip__0027,6,training,bc813e67f99dfef2d4b9896a0abe0d292d9c6d935281e350d368c98d44483550
23,0,training/notflip/0027_000000007.jpg,notflip,0027,notflip__0027,7,training,367d5ec0b08b4d7cae97642d59ebe1585db24755cede1d9145b064ba70b261fb
23,0,training/notflip/0027_000000008.jpg,notflip,0027,notflip__0027,8,training,ee330c2e47097221e90e9017ad2caa162eaf116b3d5d362d4e0292c45bb1bc56
23,0,training/notflip/0027_000000009.jpg,notflip,0027,notflip__0027,9,training,8a5e6323d4a466826064c1a53495720110de30fd4c0fbdc746aa6ac5b298c5cc
23,0,testing/notflip/0027_000000010.jpg,notflip,0027,notflip__0027,10,testing,4877edf04be655a5419531c6779f32d088b43722cd700ac0820a1e381e70d870
23,0,training/notflip/0027_000000011.jpg,notflip,0027,notflip__0027,11,training,61520d4eef4548ab281054ecdc2a1b338f86f65b143f075ec511e4e4b4df843f
23,0,training/notflip/0027_000000012.jpg,notflip,0027,notflip__0027,12,training,ecea2f61272e27d7e018b7cafba27735cb67989f4bf9aa86c708aec06fb048f6
23,0,testing/notflip/0027_000000013.jpg,notflip,0027,notflip__0027,13,testing,a0e59bb80ca3fd818362cf7d7ca6b6cdd43b6b7a95d6888f0f5623634cae3a2b
23,0,training/notflip/0027_000000014.jpg,notflip,0027,notflip__0027,14,training,9bf7fa6647e96119f7831c89db04c690b6ef16d82d51a4bbd5570b7633107678
23,0,training/notflip/0027_000000015.jpg,notflip,0027,notflip__0027,15,training,100e388138da40c91fb695c5939e316e28883e8459b9230b872dd99115ea4957
23,0,training/notflip/0027_000000016.jpg,notflip,0027,notflip__0027,16,training,257f8cff8912fe714b5c2994394eace046053ae1bbc261f5cc7511f3f85fa4b8
24,1,training/notflip/0053_000000015.jpg,notflip,0053,notflip__0053,15,training,4e5f9069a62b53256cc1043e8b6def567470c5769b2c5e9a0edbefd3472dc0a8
24,0,testing/notflip/0053_000000016.jpg,notflip,0053,notflip__0053,16,testing,68a002c803ecc828989bf5a6f68be1c5c2cad2f1e816285a0475eee7025bacc6
24,0,testing/notflip/0053_000000017.jpg,notflip,0053,notflip__0053,17,testing,22e5fffec7dd717121fda22f6fc8d1b853f2d80f5cc2b9d1f7c969bcd068e6ec
24,0,training/notflip/0053_000000018.jpg,notflip,0053,notflip__0053,18,training,086fa3458315eb8e09102fc91da38e58cc58f11fcaf5327f71296eeba8c9fdf5
24,0,training/notflip/0053_000000019.jpg,notflip,0053,notflip__0053,19,training,41eed1e6daeeb688fa2f859f7e2a314be2a1dd4774617cd887b294ecdecdeef8
24,0,training/notflip/0053_000000020.jpg,notflip,0053,notflip__0053,20,training,07d48893d4bec0a3c53b636ee411330c4f6a52c90ad8521b3d607886bf8cd06e
24,0,training/notflip/0053_000000021.jpg,notflip,0053,notflip__0053,21,training,a11d37287766e5042f877f76488a5ba7391d709f33d8e23e59e3d38caaf3cf0b
24,0,training/notflip/0053_000000022.jpg,notflip,0053,notflip__0053,22,training,9958bf95f5dd129068f140cf24f1326677e1bb8e8476fa2ed62961d25fecec81
24,0,training/notflip/0053_000000023.jpg,notflip,0053,notflip__0053,23,training,20c353fbb717f9492aa239f7bd4450713672210f662e0884377bf4631087b33d
24,0,training/notflip/0053_000000024.jpg,notflip,0053,notflip__0053,24,training,b68de79793c7bf2d95b7480560a0d958a4fc534feb6cdcc084580b2c6a3d7333
24,0,testing/notflip/0053_000000025.jpg,notflip,0053,notflip__0053,25,testing,88afdc16e95766973db780c32925c0d6f9de6ded4146b17dbde933bd65cd2953
24,0,training/notflip/0053_000000026.jpg,notflip,0053,notflip__0053,26,training,70a940ebf0821fd5bd1ae0a8fdff6c22b9402d70f6d0c17d936f94926d58b51e
24,0,training/notflip/0053_000000027.jpg,notflip,0053,notflip__0053,27,training,22d24e782bf85b5e40a5f3670664f3f05328e7af00e62b9e6f7fe28ee5646fa9
24,0,training/notflip/0053_000000028.jpg,notflip,0053,notflip__0053,28,training,40f1da39064f7c4eab2759dab55b788967c64fdeaa3ff210bfa9cfddeab77250
24,0,training/notflip/0053_000000029.jpg,notflip,0053,notflip__0053,29,training,1be7fa53f3a4c1a19f53f370a6deb3b377ecdd1938173c492bf19e448a4e1e4e
24,0,training/notflip/0053_000000030.jpg,notflip,0053,notflip__0053,30,training,86ba58cefcba13345f0f0a44313f9ef92dbed677bdf4eae133e02009e9c8cf7a
25,1,training/notflip/0050_000000014.jpg,notflip,0050,notflip__0050,14,training,c9022c6e50fa9134f5ddd313407d322953fd33e54ebe27a3b02853926fb8f877
25,0,training/notflip/0050_000000015.jpg,notflip,0050,notflip__0050,15,training,51d04883ac3db930a0bd51de09f2de7bc828d40b5faf809c36a7ea9acefd8016
25,0,training/notflip/0050_000000016.jpg,notflip,0050,notflip__0050,16,training,175823e0804185074315f536385b5d8298ed05c5fa9c5f0b09f2ac03795badcf
25,0,training/notflip/0050_000000017.jpg,notflip,0050,notflip__0050,17,training,9dfab24e9424acaa2404afa5fecf03641d7da8aa9cbe203d9d6263ee28ca091d
25,0,training/notflip/0050_000000018.jpg,notflip,0050,notflip__0050,18,training,b5ea7aacd029708315cf535f1a3be4b7a9a993ee82b7c4d1c460c44077a73f57
25,0,training/notflip/0050_000000019.jpg,notflip,0050,notflip__0050,19,training,976f5d7d137b2e6ca859d8faea873500ea9a1fa2eca0d78aae8a0d5c528eb6f1
25,0,training/notflip/0050_000000020.jpg,notflip,0050,notflip__0050,20,training,059f68f2304f6d0f36cf2c110b5188e45293014f18fbc2bb2ba6eb9f1916a7a8
25,0,training/notflip/0050_000000021.jpg,notflip,0050,notflip__0050,21,training,2b37a5953daa20996a24e4330894f591adbb979ea3db418ce2c9d1ba295bf30e
25,0,training/notflip/0050_000000022.jpg,notflip,0050,notflip__0050,22,training,c66f2da9f9e4f2012579b37dd34fb51bfeaeac0ce5e9fad73d914a0ae52199e0
25,0,training/notflip/0050_000000023.jpg,notflip,0050,notflip__0050,23,training,dc252ff75eab4709b5ce88a463bfd839ecff530e026ec4cf6927db2958beb0b2
25,0,training/notflip/0050_000000024.jpg,notflip,0050,notflip__0050,24,training,4e9d6e01511b652e7b161ba9ea6df293c6fb29e8f4348760618415ae11865fa2
25,0,training/notflip/0050_000000025.jpg,notflip,0050,notflip__0050,25,training,67de99cfdc47efef0e68f3ab0b7fd41b4c79e6811312a3e198e4a3e8c1766228
25,0,training/notflip/0050_000000026.jpg,notflip,0050,notflip__0050,26,training,424ddcc0b480fb9fb72b92026139eac560ae5fd2bbbc6b9cd11cbd79c62bc51b
25,0,training/notflip/0050_000000027.jpg,notflip,0050,notflip__0050,27,training,a08534fd60f061eeaf04b6f818fcc798a2e2b79d32b1c1bd41e1d8f63a843804
25,0,training/notflip/0050_000000028.jpg,notflip,0050,notflip__0050,28,training,394d8ee3de49a01a2ed73ecfd70e38883cd9668771af78b9db340eb9ab512ca9
25,0,training/notflip/0050_000000029.jpg,notflip,0050,notflip__0050,29,training,c6a2e68e27e51d2f995618e291469c223a24b32b9245ed5b408ac231378e4fca
26,1,training/notflip/0025_000000016.jpg,notflip,0025,notflip__0025,16,training,deffb14e711b15bd1b9b483823d17f8f6ae3f7caf0d56cb33aaf8624252738e2
26,0,training/notflip/0025_000000017.jpg,notflip,0025,notflip__0025,17,training,c57100cc223357c9dfd5869267e8fa49ed3d4d3ae5a0dd57c4b81e10051b497a
26,0,testing/notflip/0025_000000018.jpg,notflip,0025,notflip__0025,18,testing,f43668277289d4dc5fdd5731942c5ce173c9f7983c2fda38fca30d4b8da36338
26,0,training/notflip/0025_000000019.jpg,notflip,0025,notflip__0025,19,training,00498aa82cdf7639481963d72a451ab56b2e1cf2f9c67eb602882c2ce7ad1c05
26,0,training/notflip/0025_000000020.jpg,notflip,0025,notflip__0025,20,training,afef517d7f69d07f844cd18adb2c017a0cf9ddafddd4eb94a381b656eccb9a72
26,0,testing/notflip/0025_000000021.jpg,notflip,0025,notflip__0025,21,testing,ad90ff2b95fcc3d7f96f2c4becfa33ace8cbe462eda0df44a3c8b43ea6a8b05a
26,0,testing/notflip/0025_000000022.jpg,notflip,0025,notflip__0025,22,testing,a976ef758973d0a1894be8c68f43aaf3ad6f077a40ed31e843acd738a1c3303a
26,0,training/notflip/0025_000000023.jpg,notflip,0025,notflip__0025,23,training,ced5990c20039985ae733009be5ad4ee325afdfb0d4a7dd574c89e52b38a3852
26,0,training/notflip/0025_000000024.jpg,notflip,0025,notflip__0025,24,training,7d43fcb1d576edc276976bcfdd6c179424fc91e9ebf474a505415182985d5cb8
26,0,testing/notflip/0025_000000025.jpg,notflip,0025,notflip__0025,25,testing,18bb30d52b0a73dd147ad57f6abdafb53720ac0ca2b3fe1ac6be5decf4edb0e1
26,0,training/notflip/0025_000000026.jpg,notflip,0025,notflip__0025,26,training,1fe1cb3ccbe4929a5bdfafa654f4b37319cdd5044edbd23b99e5dc88331bca17
26,0,training/notflip/0025_000000027.jpg,notflip,0025,notflip__0025,27,training,e390cd6d5c50dcd021494b4d68f7cadc05d16864469485032985b10da09197df
26,0,training/notflip/0025_000000028.jpg,notflip,0025,notflip__0025,28,training,433e5d28e3fd3c025281c4802881e9f19984277eeb4002008bd8c227b1f8bb03
26,0,training/notflip/0025_000000029.jpg,notflip,0025,notflip__0025,29,training,2022d7bb4690967911fa72b0d841fdbb5aee864e95461039f404be17b1cb11c0
26,0,training/notflip/0025_000000030.jpg,notflip,0025,notflip__0025,30,training,de0533dcfffd211d8776da297b6025e56fff81199e4713f40034cca7b7422230
27,1,training/notflip/0046_000000007.jpg,notflip,0046,notflip__0046,7,training,97cf9406ef05606e40844794d8f79c6c349729c134ad33c3395fb742e6c4bf04
27,0,training/notflip/0046_000000008.jpg,notflip,0046,notflip__0046,8,training,7c4d3edfa03585644fbc14ed4f0cd78959143823769d43fec6ff2796c3099b9a
27,0,training/notflip/0046_000000009.jpg,notflip,0046,notflip__0046,9,training,7af4c9bd0a7956c84e0709296df825ff785ea54f22b95366b1b15e8f2a08e560
27,0,training/notflip/0046_000000010.jpg,notflip,0046,notflip__0046,10,training,46bed7988e53a14348bc2b730e6e8daa4dab1a0bd01c87cc05df54d09b376952
27,0,testing/notflip/0046_000000011.jpg,notflip,0046,notflip__0046,11,testing,234b0c57023820770ba49859d2318b033f8f3ad87e85f9bd301e46d584063e27
27,0,testing/notflip/0046_000000012.jpg,notflip,0046,notflip__0046,12,testing,10a7f036b142877021fc846cd1ad47cc1fb064be1873a3a092a364a73b0c1a4c
27,0,training/notflip/0046_000000013.jpg,notflip,0046,notflip__0046,13,training,1d4d4258a6546d2fbd6ba97cb444fdeb5d16ced4681de89a94abb6b1493546cc
27,0,training/notflip/0046_000000014.jpg,notflip,0046,notflip__0046,14,training,62cbf31596357e0ba02df84aabc6fb7c03d741960e0f6ff8ead7fe8b6bc20035
27,0,training/notflip/0046_000000015.jpg,notflip,0046,notflip__0046,15,training,a40d5d20c288f3c89d02cc9ab8599e94f9bbf87f1873ffedf1589f3e886b59ad
27,0,training/notflip/0046_000000016.jpg,notflip,0046,notflip__0046,16,training,2945b0137b16e777b212d3859e2e072c9cb01c38bd22a7ab661a22d52b702790
27,0,training/notflip/0046_000000017.jpg,notflip,0046,notflip__0046,17,training,c2824734c896df8a7be29ca612e7c368bf415e9cd6772c6d53c810afa716d0b9
27,0,training/notflip/0046_000000018.jpg,notflip,0046,notflip__0046,18,training,9a36cc1a0dfc466547b765f779b2887f11fe64d9877e963f11e3fe7045ef4906
27,0,training/notflip/0046_000000019.jpg,notflip,0046,notflip__0046,19,training,94b207ff6de3876483510da107ee780723aed7b9ed69307ca85f49a06eaeb38c
27,0,training/notflip/0046_000000020.jpg,notflip,0046,notflip__0046,20,training,f49d94385a8a85e002b7302678d171a051ddf3cb4dce2d237e8215ebdf86dd17
27,0,training/notflip/0046_000000021.jpg,notflip,0046,notflip__0046,21,training,3df828c6156bec1633bfcdc92b3a234d928589abc3d53909f77aacf71b95de80
28,1,training/notflip/0054_000000016.jpg,notflip,0054,notflip__0054,16,training,c4faf6ef85c705faacd324d345bc385283d28ec38e6160866e74316680a395cf
28,0,training/notflip/0054_000000017.jpg,notflip,0054,notflip__0054,17,training,0f63183b9d9c179090489c659ad00bba36aa618d58823432ec0641c2835fdf15
28,0,training/notflip/0054_000000018.jpg,notflip,0054,notflip__0054,18,training,e1be5a5c3c3d23d10649a5679386dc2baba9ca2b366c9b9498c0d19f6d0b52c4
28,0,training/notflip/0054_000000019.jpg,notflip,0054,notflip__0054,19,training,2a2adaa2e990ddc3ca3e4a321d0546c6449120246bdc2bc8292c148cd76cef3f
28,0,testing/notflip/0054_000000020.jpg,notflip,0054,notflip__0054,20,testing,09152185380de8730ed6841c5b711c8d48aa0a5deae50277068c9fd48a5800ef
28,0,training/notflip/0054_000000021.jpg,notflip,0054,notflip__0054,21,training,d2be6f229f45eb52b1cccc16ba0ed27d6eea30b44f7057d2d3d5f3a3b29c0c88
28,0,training/notflip/0054_000000022.jpg,notflip,0054,notflip__0054,22,training,9998ccd46a7e5e982aebe86b02bba2aed740d2b0a489e90770500b179f991f4b
28,0,testing/notflip/0054_000000023.jpg,notflip,0054,notflip__0054,23,testing,2a81599cde18e002d1a0b707c86735ac918f473a3abd9f4eca1ddabcb5ffb4e5
28,0,training/notflip/0054_000000024.jpg,notflip,0054,notflip__0054,24,training,b2135f5dc8d0fd261a6239af8262ac9a2bc2854830fed0a8a366fc8f49dc47c1
28,0,training/notflip/0054_000000025.jpg,notflip,0054,notflip__0054,25,training,7a60e4143338a20c7c5263ae222a670ac2c8eb5b4bb2902400c161c60f2f5fcc
28,0,training/notflip/0054_000000026.jpg,notflip,0054,notflip__0054,26,training,6811cfa5d7160df833360b6607d77fd3ec50aadb6d487e4afb91f17c00a7d757
28,0,testing/notflip/0054_000000027.jpg,notflip,0054,notflip__0054,27,testing,1d335dce6b123c1e9924ed007cc26d93093d8df10236c560be9f6ea01a26d153
28,0,training/notflip/0054_000000028.jpg,notflip,0054,notflip__0054,28,training,75ca838d0b3a960c8d400c8d010f4919a482181d44ddaac72631e6d824b929bb
28,0,training/notflip/0054_000000029.jpg,notflip,0054,notflip__0054,29,training,d7e10c83176003b0d2260cc32e1e1892f63ea180c80cf2d91bc7c451f305291c
28,0,training/notflip/0054_000000030.jpg,notflip,0054,notflip__0054,30,training,76473ef54d509e57a162bbae4267e6cc1f368729558b09c651656a90f5298cc3
29,1,testing/notflip/0029_000000017.jpg,notflip,0029,notflip__0029,17,testing,db813ea9b95e750d9e9a709390d95b32197dd4a7e185e8427325bd72d2de6756
29,0,testing/notflip/0029_000000018.jpg,notflip,0029,notflip__0029,18,testing,6edf253cebcf93190eb1494a457f8af1aae6d84b354aabd1e7aa009716074a0e
29,0,testing/notflip/0029_000000019.jpg,notflip,0029,notflip__0029,19,testing,ade168bd11cd65a7504f80e139862fb0e74354145ec2b202311341c5bc8da419
29,0,training/notflip/0029_000000020.jpg,notflip,0029,notflip__0029,20,training,13515b35cb244d076dfb355c2b55ec0fb292dc8a84d5de520ed9554693c39a68
29,0,training/notflip/0029_000000021.jpg,notflip,0029,notflip__0029,21,training,e887886121bc7ee79c755a988d19cf154f24dad3123a52e419c6cdc735a2095b
29,0,training/notflip/0029_000000022.jpg,notflip,0029,notflip__0029,22,training,18ffa622d1b7bd239fa766a5006e83ffae45803e204b4f20b520d31cd17fa4c5
29,0,training/notflip/0029_000000023.jpg,notflip,0029,notflip__0029,23,training,e68dbe3a121a2daee5cb43ba9662d5def0777e3096c0fc8df6adf9f5cfe397d2
29,0,training/notflip/0029_000000024.jpg,notflip,0029,notflip__0029,24,training,51a27942ab1bd87b8c8d15dd8ac5b21e7ba6c6cb3ad4e3c2b1cd159307896c11
29,0,testing/notflip/0029_000000025.jpg,notflip,0029,notflip__0029,25,testing,a53936a66eb437e79a44675e2aa2ffd72e1e079f7a86c0903ebfb705b17a04f9
29,0,training/notflip/0029_000000026.jpg,notflip,0029,notflip__0029,26,training,20afcc8209c45052e66744a2e5dccf440555f041c0ec4eeb6227763bf32a4ebb
29,0,training/notflip/0029_000000027.jpg,notflip,0029,notflip__0029,27,training,7fc8c69312fd143e3482aff6300585db9b14034b5fa059b32831b07878ccc746
29,0,training/notflip/0029_000000028.jpg,notflip,0029,notflip__0029,28,training,0a985d6051069908c6c01dd0d701f1bc4ccb61ed95c8d89acc52910658ff91c7
29,0,training/notflip/0029_000000029.jpg,notflip,0029,notflip__0029,29,training,683b7819f5d8eb05a1d9bf22ddd856c2a489a7191aa1a6275de11e1a9fb16bd1
29,0,training/notflip/0029_000000030.jpg,notflip,0029,notflip__0029,30,training,ea7b822fffb6488147d50e6c7ceab10413133f50ec2ad79d32914ade725fd9d5
30,1,testing/notflip/0040_000000017.jpg,notflip,0040,notflip__0040,17,testing,afb371fcb1c3f74a93f62d4b7df9792bdb80dc03f816bfa705e95b98c6d11049
30,0,testing/notflip/0040_000000018.jpg,notflip,0040,notflip__0040,18,testing,32700125445e0b7e5baf3f9a1bfaaa42146116c687afa0c35d21dcc9d963d07b
30,0,training/notflip/0040_000000019.jpg,notflip,0040,notflip__0040,19,training,2d92c6c3401b337c3ad903033fa5587404c700c1f13933f944d3b9e744983132
30,0,training/notflip/0040_000000020.jpg,notflip,0040,notflip__0040,20,training,a208a86c679fea3b4af374bc3b71a0813e54f532a9679c56649591d4520f42af
30,0,training/notflip/0040_000000021.jpg,notflip,0040,notflip__0040,21,training,812635da0b5262d7d887175be3a63dc8384e264bf3537425a51adab7baec473e
30,0,training/notflip/0040_000000022.jpg,notflip,0040,notflip__0040,22,training,c9fb6a516c56a6256d978c6a99038f81367424be3dfd65a9c2d9dc66b646cac2
30,0,training/notflip/0040_000000023.jpg,notflip,0040,notflip__0040,23,training,28ac17144c1ad8263acdae9cf578efc8af35a40b097f251d5e004f1fba890c69
30,0,training/notflip/0040_000000024.jpg,notflip,0040,notflip__0040,24,training,16f5e9e113a1313286f68f324376bb38b68c38ef00fcb68006bb3774efde9bb5
30,0,training/notflip/0040_000000025.jpg,notflip,0040,notflip__0040,25,training,c795cd0db6c680921c7422fe729d4dcbfff5eeeb026f05afa879cf18015a6111
30,0,training/notflip/0040_000000026.jpg,notflip,0040,notflip__0040,26,training,8c3a4d15c1c9b477c742f98b0a6620ef9f64a7293711273ddacfe13ca6402b17
30,0,training/notflip/0040_000000027.jpg,notflip,0040,notflip__0040,27,training,1019fe15abd3412f3b8e8e0d44f09fac3197bf8ae697dcc7fcc1d3ffb390996d
30,0,training/notflip/0040_000000028.jpg,notflip,0040,notflip__0040,28,training,9e03d3be13cab1732cb2faf45890e2c5ed02e4348d2663292927c76c33dc7dea
30,0,training/notflip/0040_000000029.jpg,notflip,0040,notflip__0040,29,training,68f34d72af1149ea84935e4268f65b3af412d507b00dc63bcca2a65dbc5bb0ee
30,0,training/notflip/0040_000000030.jpg,notflip,0040,notflip__0040,30,training,1cfc178afb12aa54f44ef8acb3cab1085e714fa64a42db7a4974811132031ac1
31,1,training/flip/0042_000000003.jpg,flip,0042,flip__0042,3,training,66e8305c659af467b4575f0ca3792023b9807ac1a58dbd08e721cb9480a7d26d
31,0,testing/flip/0042_000000004.jpg,flip,0042,flip__0042,4,testing,1bc9e3fe6b6d5db750aea8b67d9991daef0649eec0179affda98878f67196556
31,0,training/flip/0042_000000005.jpg,flip,0042,flip__0042,5,training,1aa9461d245b052c0bcdb11cc34e2345f12b546f96ebbaf8ea409c0d69f2f2ea
31,0,testing/flip/0042_000000006.jpg,flip,0042,flip__0042,6,testing,e04302115b6aea27fb820f9725e17a620ca7d1f9ce79060134392df5e368b2ee
31,0,training/flip/0042_000000007.jpg,flip,0042,flip__0042,7,training,91266b25d19dd780757ed1bd239546f1a978fa1e1f478307729362e3df9e8b97
31,0,training/flip/0042_000000008.jpg,flip,0042,flip__0042,8,training,5627fde3ae95cfbcff267869ab531445672916b5bf7a2f9b9a202e119bc1c10b
31,0,training/flip/0042_000000009.jpg,flip,0042,flip__0042,9,training,679fdd00b786fe43ef5671395f221bb9c1521bf3f432181e4d48e1644fdf7454
31,0,training/flip/0042_000000010.jpg,flip,0042,flip__0042,10,training,428e951af2c806c57122fa25bef327043ad359d5c78fe7801f4104aa3396daf1
31,0,testing/flip/0042_000000011.jpg,flip,0042,flip__0042,11,testing,60f979cc4071b6f841b140e9636f28b2f45d3db6e5d60c2321473fd3c8193518
31,0,testing/flip/0042_000000012.jpg,flip,0042,flip__0042,12,testing,ade30553abfe15467bc56648eabf53bfab631c9763ff188380d3a2663b1f99ba
31,0,training/flip/0042_000000013.jpg,flip,0042,flip__0042,13,training,aeae8ca9cb37c1066167360a858a303d9ca430895f0b875b53f07a30d6642366
31,0,training/flip/0042_000000014.jpg,flip,0042,flip__0042,14,training,cd8178b74f5ed437c94c2c67483c431d486eaac2d00b7078378ef21f9717adf3
31,0,training/flip/0042_000000015.jpg,flip,0042,flip__0042,15,training,db22b5b276701855b9080b80cca76d9e4e449d902eb02e3228d51fd287b41ec0
32,1,training/notflip/0034_000000018.jpg,notflip,0034,notflip__0034,18,training,86a51c12fda05912c8659a1c005d9bbf2e09994739d202232864c764cfcb8647
32,0,training/notflip/0034_000000019.jpg,notflip,0034,notflip__0034,19,training,00f171c8bfe881b3905fd98be528ac039a45894271ba0dc0addb52cce325a79a
32,0,training/notflip/0034_000000020.jpg,notflip,0034,notflip__0034,20,training,31dfdf1fe054279c225a2f2211a7c214e4ffb9315a0dd1b963c3da7d7c458776
32,0,training/notflip/0034_000000021.jpg,notflip,0034,notflip__0034,21,training,6a1af068f853bef37dcb6547d4f5bd08cc79d340c38fb73d4a003d3c292721bd
32,0,training/notflip/0034_000000022.jpg,notflip,0034,notflip__0034,22,training,ef8ca458d47e657d08df6c701aa8c129eb956f79a7402685366821df66b01eec
32,0,training/notflip/0034_000000023.jpg,notflip,0034,notflip__0034,23,training,f0c997e504ed4a21b1f619e96b9e9d74ae1b4be128caa2446b5edc9afb92ecb6
32,0,training/notflip/0034_000000024.jpg,notflip,0034,notflip__0034,24,training,d44ace0727dd23496243618a379e24e06e633e329bc8cf5906883b98cfbe724a
32,0,testing/notflip/0034_000000025.jpg,notflip,0034,notflip__0034,25,testing,2e7878c29beec2bf80066c7fd03537f86922f33ae2e1eebbaf70a33a82eb341e
32,0,training/notflip/0034_000000026.jpg,notflip,0034,notflip__0034,26,training,8c100e5355c393973d106f93539aa33b46f5a612c96f1ba89e613fac8a764a35
32,0,training/notflip/0034_000000027.jpg,notflip,0034,notflip__0034,27,training,83e6d011d2003b75b4d21339b6697b72d39604b3d934a273255e481f5c7ea548
32,0,training/notflip/0034_000000028.jpg,notflip,0034,notflip__0034,28,training,f8ded74fff9ac51d1bec72c4826630493e455aeacb7ececaa3ed51eacb3d89b1
32,0,training/notflip/0034_000000029.jpg,notflip,0034,notflip__0034,29,training,64b05fdd883b20f50852ff42b70ae9a7b806239d50262e5fa5a213f85519f205
32,0,testing/notflip/0034_000000030.jpg,notflip,0034,notflip__0034,30,testing,5402c07a0b0339faa0327406f47f4ef3317833c6b898edb2da5d81d225b214dd
33,1,testing/flip/0044_000000003.jpg,flip,0044,flip__0044,3,testing,0b35d358a63334117304763f6d8e3e6470f26cfae77a94bce75b1f90ee9c0c24
33,0,training/flip/0044_000000004.jpg,flip,0044,flip__0044,4,training,d9e3af26fa295e27ddf93cf6e3d44e16d6d8c4d6d7301808e5809e6c88a396ee
33,0,training/flip/0044_000000005.jpg,flip,0044,flip__0044,5,training,5ee9664a894050011c507bd8064b39a292e6c38bb161809b5ca38c4ad61dce77
33,0,training/flip/0044_000000006.jpg,flip,0044,flip__0044,6,training,440298133b6571e719a8cfb6b4984ca19f40bdbb2a14c76eefac9506f5ad688d
33,0,testing/flip/0044_000000007.jpg,flip,0044,flip__0044,7,testing,b4b2ffb330025e9e1f443cb48c9cff5bd6d02a99551a9815917649891dd6bfbd
33,0,training/flip/0044_000000008.jpg,flip,0044,flip__0044,8,training,a0d993e8208069c6a053aeddbcf21184e7adb049305ca3d63fdfeeb83c8647f1
33,0,training/flip/0044_000000009.jpg,flip,0044,flip__0044,9,training,9818f2b3122cc7623c4f511c9b2d96d6d0f057b006415ab5152f2fd89e99ed22
33,0,training/flip/0044_000000010.jpg,flip,0044,flip__0044,10,training,443796d2ad5194318880908821a38717b61c4f1add6cd5d7f5a6d8a20c8f3cbd
33,0,training/flip/0044_000000011.jpg,flip,0044,flip__0044,11,training,e10d49cc15c8a87c6aab305825a5135ea0e92d494e4beb33ebefa014a44d1f3f
33,0,training/flip/0044_000000012.jpg,flip,0044,flip__0044,12,training,39df5c2270d7983ffc504927e5ab23983077f7c996e14674286958cc476b7789
33,0,training/flip/0044_000000013.jpg,flip,0044,flip__0044,13,training,2e37bc525c2caa648dce4adc52e51b986773c2c0a1092cf545bb1ce8e20da0b5
33,0,training/flip/0044_000000014.jpg,flip,0044,flip__0044,14,training,d1965e7f773d2acc2f0e26c8660b4ce85c0ef6e26fe6cd81a7a355ff17fadbc4
34,1,training/notflip/0003_000000013.jpg,notflip,0003,notflip__0003,13,training,1efa1e923a6afe2fd4f737d15e5bc031fe78af8381ccedbdc16d3483b09f4ed2
34,0,training/notflip/0003_000000014.jpg,notflip,0003,notflip__0003,14,training,aa433cbd9e825e8d81686193d6c02e88d9cdf966504caf4766f32d0c2d6cfeed
34,0,training/notflip/0003_000000015.jpg,notflip,0003,notflip__0003,15,training,6563af6c3dc9891aecc9a46516a1b28f93d7d0a99b3b0fe265f073bfaf6ec9dd
34,0,training/notflip/0003_000000016.jpg,notflip,0003,notflip__0003,16,training,db47806f8a8754913c193b6502e39e988ed9e6999eb2073c523ad4c4411c6836
34,0,training/notflip/0003_000000017.jpg,notflip,0003,notflip__0003,17,training,6ad01f8baea7449a87ee40c91f440f72db095368fab3598fcd9653f5d0130899
34,0,testing/notflip/0003_000000018.jpg,notflip,0003,notflip__0003,18,testing,4c6ef2a66f6faab53653bed2e81ab878ecc4e060f82110cb6f834a723c5a1697
34,0,training/notflip/0003_000000019.jpg,notflip,0003,notflip__0003,19,training,81d69847fa4b3488cde38c4d76859780f7e5d28c79fabdd3f978efbda6065486
34,0,training/notflip/0003_000000020.jpg,notflip,0003,notflip__0003,20,training,39562521abdb7c987918bb8d20cea807b0d8631fbd63e63b23352d416822aea0
34,0,training/notflip/0003_000000021.jpg,notflip,0003,notflip__0003,21,training,2e41fbbb23d4d9c2aafd714748dc175ab469267dda50d3aa5c98147be037ef80
34,0,training/notflip/0003_000000022.jpg,notflip,0003,notflip__0003,22,training,9075e64afbfdf879813893a5dcd375d57264098546ca2e16779a76bb6e7e42da
34,0,training/notflip/0003_000000023.jpg,notflip,0003,notflip__0003,23,training,1eed74b2c2896e1d953a8459632e289ed00c9af2cb4b525c9759f77225303876
34,0,training/notflip/0003_000000024.jpg,notflip,0003,notflip__0003,24,training,76c5ba925af7279b03050584fb6fcb3e6ff55e656339a482adc8141c4f3b83f9
35,1,training/notflip/0026_000000019.jpg,notflip,0026,notflip__0026,19,training,ac827fdc51e631cfc257b62c09879329720062c6da2f524cddb17b6fa0e8a821
35,0,training/notflip/0026_000000020.jpg,notflip,0026,notflip__0026,20,training,99c8dd9ec5063f5d35ca60502e429526a490802b70b20f8dcac7c2c26bff69ca
35,0,training/notflip/0026_000000021.jpg,notflip,0026,notflip__0026,21,training,0c6a4c8d141ea802a16bdc619b5484b655d6ee4a8df44489e01e77dc9d086910
35,0,training/notflip/0026_000000022.jpg,notflip,0026,notflip__0026,22,training,6b2e5d3beccfc3296b03412fa42ca1c4417d222dc2d37b4d7683fcb40e96d119
35,0,training/notflip/0026_000000023.jpg,notflip,0026,notflip__0026,23,training,a6e67a79a17d9c2c3f13d85e7fe3b072a8f2638ce1bd8ae3194dba40f710d831
35,0,testing/notflip/0026_000000024.jpg,notflip,0026,notflip__0026,24,testing,408c7765ca0f26de78c891f856b8053075436bd722ddc762e115ea9a4f8ac79c
35,0,training/notflip/0026_000000025.jpg,notflip,0026,notflip__0026,25,training,c4f9cbfe6ad37dce367fcf6e5ea7ab3cf5e0baed6a41daa42ee73982961aeec1
35,0,training/notflip/0026_000000026.jpg,notflip,0026,notflip__0026,26,training,208e903982274a4ae8a62dd624cd0140e9eca11927de646fb37d5d0dc89ec0f3
35,0,training/notflip/0026_000000027.jpg,notflip,0026,notflip__0026,27,training,3eef14365e14c9f485ca2581c3ab3b97eacaf9c316628866ca86b3793913d553
35,0,training/notflip/0026_000000028.jpg,notflip,0026,notflip__0026,28,training,3da1afc4d4c41482c883a8ac288441d9229b66e0f19cad2d85192fa24ab348ab
35,0,testing/notflip/0026_000000029.jpg,notflip,0026,notflip__0026,29,testing,81e20f118a57850c400b237e9cb70b81281e62de4f96564c3632b2e5d0b3c2f7
35,0,training/notflip/0026_000000030.jpg,notflip,0026,notflip__0026,30,training,ec31bf49a4abd44c5117bc1ad80cad98029e10d3f7b56fc8f5bb8e24f1006a6c
36,1,training/notflip/0030_000000019.jpg,notflip,0030,notflip__0030,19,training,e7b1347ba894c88bfd318b647118318422fe9c1e8462c5ec6ad0f9a52bf45c1b
36,0,training/notflip/0030_000000020.jpg,notflip,0030,notflip__0030,20,training,690ea04fc87f31690ad16f81fc5b3260b747e32ab095eb51cf8463727a11595d
36,0,training/notflip/0030_000000021.jpg,notflip,0030,notflip__0030,21,training,58e245dcb75932e6c9b8465247604df40ada052ad8825fdcd263899997bef15f
36,0,testing/notflip/0030_000000022.jpg,notflip,0030,notflip__0030,22,testing,9f5e4d667b26392b1b3bb5785698e439d811ffee2594fb451e96243fd8046f37
36,0,testing/notflip/0030_000000023.jpg,notflip,0030,notflip__0030,23,testing,74e3c4f4f5ff98144e0a0207de39eacbe837715cb2e7ff075839fc6ce63da8ab
36,0,testing/notflip/0030_000000024.jpg,notflip,0030,notflip__0030,24,testing,378292e670febc595b248be0a9e91fc2effaf50886c7c91a947a0173a801b5b8
36,0,training/notflip/0030_000000025.jpg,notflip,0030,notflip__0030,25,training,7f42a91e765a5fca8907f4557d2b9c46adccff77542ee24ebf2978900e86ec8c
36,0,training/notflip/0030_000000026.jpg,notflip,0030,notflip__0030,26,training,3bb1ce161e97a24987c27290cdc4f04ab0b917a9d4b2e5077d6ef71093572d28
36,0,training/notflip/0030_000000027.jpg,notflip,0030,notflip__0030,27,training,d0e30277168a2f0182854ec4ae5b5b5e3d25a671f4d01ad6b4a07e1ce23a7375
36,0,testing/notflip/0030_000000028.jpg,notflip,0030,notflip__0030,28,testing,f436fc7b8ac00cd0bb2c4b132e3dd247f1fa64a63836049ca78a3da5107f6596
36,0,training/notflip/0030_000000029.jpg,notflip,0030,notflip__0030,29,training,33063d45492a8c4ccc549e9931281f3656314cee64bbbfc44f461cf9fb784962
36,0,training/notflip/0030_000000030.jpg,notflip,0030,notflip__0030,30,training,0c112bab4897455070ae0c95eb3c769626e4a61bfa394685ede46290c04243b3
37,1,testing/flip/0006_000000001.jpg,flip,0006,flip__0006,1,testing,c05c5428222217253e2e0d4766bf28aa9f2040e0a216af4161aca42e61bfcff4
37,0,training/flip/0006_000000002.jpg,flip,0006,flip__0006,2,training,2a2873eea7d870feb2f2b5da41cf70fd0fa249b29ec970ee916ecd63b3e2f897
37,0,training/flip/0006_000000003.jpg,flip,0006,flip__0006,3,training,b0b71a8ac4080796483a5afb45886d333b2aeae707e1043c270e955371482eb3
37,0,training/flip/0006_000000004.jpg,flip,0006,flip__0006,4,training,e099713464f345363a6d35c1a9fd6a8b6cf718537154f2efd06e5a93e1d7af43
37,0,training/flip/0006_000000005.jpg,flip,0006,flip__0006,5,training,c08fc2fa1a3dc54bc5177d5d6ebee96e4a131a39e8048f9526792879118a82b7
37,0,testing/flip/0006_000000006.jpg,flip,0006,flip__0006,6,testing,43111104878aefb087e8240159c171eee950bf33b37d43985f816a81957d567e
37,0,training/flip/0006_000000007.jpg,flip,0006,flip__0006,7,training,8f04d9cc5745538f31407a1ac9e2c6eab0dc48361c51c40fc6afc5bad08c8328
37,0,testing/flip/0006_000000008.jpg,flip,0006,flip__0006,8,testing,806fece9f5bfe5bc520384ef2c4e602e3153a75299795defa03f456d1ea4c142
37,0,training/flip/0006_000000009.jpg,flip,0006,flip__0006,9,training,ae27caee40612f56da0994a80c59b461ec4f94055f04e2a5110b6c71f8497a50
37,0,training/flip/0006_000000010.jpg,flip,0006,flip__0006,10,training,01b5a2593465589589ae559ae498edc15fb99d2bb76a9a66611517bb269b06a2
37,0,training/flip/0006_000000011.jpg,flip,0006,flip__0006,11,training,008dc274b0aabcc456c57762c6dcadb6a6b151c106a3972b8d53fbd5412d6c4d
38,1,training/notflip/0004_000000025.jpg,notflip,0004,notflip__0004,25,training,8a042449d7a3c96dd5b5f8e07d6c5ccc4e17ae817fed95e33d27a99338a1f685
38,0,training/notflip/0004_000000026.jpg,notflip,0004,notflip__0004,26,training,8be213d21c3374a0e7e970ecc0528a2175aa88c44dcc75fe5ed3019d599f8504
38,0,training/notflip/0004_000000027.jpg,notflip,0004,notflip__0004,27,training,01899ec564c52507360f99961e95801eabc09f3583c8bb7f5bbf93893ea57496
38,0,training/notflip/0004_000000028.jpg,notflip,0004,notflip__0004,28,training,72a52b43963ea9e5fd447c8554f1664a4cda59d875ae896ae91ee9c578282975
38,0,testing/notflip/0004_000000029.jpg,notflip,0004,notflip__0004,29,testing,9c8f01162efe5790f865e12138070f6d0169dc6e3107dfe69565191100888287
38,0,training/notflip/0004_000000030.jpg,notflip,0004,notflip__0004,30,training,97d776d2e1a386bc1e3102164f4563e7866cadb687f6591a7bab029d8e6db104
38,0,training/notflip/0004_000000031.jpg,notflip,0004,notflip__0004,31,training,700a24285c3eeef4fa2c951cf4abb7fcaf6a3547bdeb16bfbef6a2a26d33302b
38,0,training/notflip/0004_000000032.jpg,notflip,0004,notflip__0004,32,training,68c7400663c0511a19a137a46469342545f8ca004e2acb5afd8b42f2ca3276b2
38,0,training/notflip/0004_000000033.jpg,notflip,0004,notflip__0004,33,training,f6cd4288411f13f4d672a07ea77bf0dfdc0fc9efb11427e40db212d653b6ad68
38,0,training/notflip/0004_000000034.jpg,notflip,0004,notflip__0004,34,training,37edabb88854f9cff8354a40d3aefccaa92de64bd11d35b4dd2af76688f06e1b
38,0,training/notflip/0004_000000035.jpg,notflip,0004,notflip__0004,35,training,b25e095786debe07f9897ca0f03136a3738ffc54e5128c703c8671277b948bfb
39,1,training/notflip/0005_000000020.jpg,notflip,0005,notflip__0005,20,training,81abac19516a7708ca1305d5e7bd519620478665fece00e12e39b40f873fe1ce
39,0,training/notflip/0005_000000021.jpg,notflip,0005,notflip__0005,21,training,fa8f03f3f7c9afd9e162ff9b1543eed90eb23f2ad37db9faf4e4b7fc99f5546d
39,0,testing/notflip/0005_000000022.jpg,notflip,0005,notflip__0005,22,testing,2c85ca1d12e7a47117692d81c4f50fc8ebdeb91cd194d6cfc93696b792e6d474
39,0,training/notflip/0005_000000023.jpg,notflip,0005,notflip__0005,23,training,87bce81e09a5c18105c6a3e9776662cf67e38415c772c561c69ab59959130b6e
39,0,training/notflip/0005_000000024.jpg,notflip,0005,notflip__0005,24,training,97f682be8e6d84143c1b988e9c67ddf9981859e431e1c39616394a0b8de00858
39,0,training/notflip/0005_000000025.jpg,notflip,0005,notflip__0005,25,training,3740b7cd39f4a79139ccfb42361970157c8d570ef3e91225b8fd8a11dbbcbc1f
39,0,training/notflip/0005_000000026.jpg,notflip,0005,notflip__0005,26,training,d754850f3102452065543caeed19e4412e93ce683f7631f15b7ddeb8054665e9
39,0,training/notflip/0005_000000027.jpg,notflip,0005,notflip__0005,27,training,502035caf6f308e838b342bff151ccfd086ace78f09c1929d4e8793def981967
39,0,training/notflip/0005_000000028.jpg,notflip,0005,notflip__0005,28,training,4a90fff4695b6674349b9ba3fbe2e18b7e2daeb40b0e90112593779aa90c20a5
39,0,training/notflip/0005_000000029.jpg,notflip,0005,notflip__0005,29,training,c38d306ad07a7cd533b08420fed5acb6304e26d3b34c1cca5dcd039db3e1a62f
39,0,training/notflip/0005_000000030.jpg,notflip,0005,notflip__0005,30,training,89deb57fb4bfbb163b44fd0dc3d3d1188ab39a97ce40be59bbbdab8226b08eba
40,1,testing/notflip/0023_000000020.jpg,notflip,0023,notflip__0023,20,testing,9d139d845dcc28bf622c8e1b04126b78fafa0c7471803d3798425fbcdb3e9c90
40,0,training/notflip/0023_000000021.jpg,notflip,0023,notflip__0023,21,training,17920ca2c8a1a82825c2b7c182c0afec9c636a4e88715150e1ffe2ffb2321e72
40,0,training/notflip/0023_000000022.jpg,notflip,0023,notflip__0023,22,training,8d727ec0ee03782ef0802e9e0cc73d88131722ea9aa1cb245e4ceaa6f36b199b
40,0,training/notflip/0023_000000023.jpg,notflip,0023,notflip__0023,23,training,6cd1909e221546aad46b80b2cc3310268f5707ef6bfbb365b7aca4f5d0be0895
40,0,testing/notflip/0023_000000024.jpg,notflip,0023,notflip__0023,24,testing,171ef9198146af304154ce28711d9772cca2202bcee055f7c0e0979e5eae7607
40,0,training/notflip/0023_000000025.jpg,notflip,0023,notflip__0023,25,training,5d36bd669b137247d6d092840c679a7b9a71a9ba6bee5960c3f7cecb4dfd2612
40,0,training/notflip/0023_000000026.jpg,notflip,0023,notflip__0023,26,training,bdfbbef0d5ffecd20d8135625915a9f5404b6594a0c290322b9e25abe236a979
40,0,training/notflip/0023_000000027.jpg,notflip,0023,notflip__0023,27,training,b5c04a00faa7a11dbb954a52d6fe2b182dc0d16e12a5cc37fad836d96e9b430d
40,0,training/notflip/0023_000000028.jpg,notflip,0023,notflip__0023,28,training,21a3468f03c198774b9dfedca641d556a1f7f144a0f033025d05397e80a486d9
40,0,testing/notflip/0023_000000029.jpg,notflip,0023,notflip__0023,29,testing,9cab627b368488d861ee83a995ef2615905366be6d356740c3396029e979f184
40,0,testing/notflip/0023_000000030.jpg,notflip,0023,notflip__0023,30,testing,4ba661ab60d79ce134494bac553d067059af2a639e5d44dec8a3ab519fc65863
41,1,training/notflip/0045_000000017.jpg,notflip,0045,notflip__0045,17,training,459cbe8f91c4870fe6809ecc878f8e55949d9b2976f4a8b3e800263f7c09679e
41,0,testing/notflip/0045_000000018.jpg,notflip,0045,notflip__0045,18,testing,516337a950ac19278bbf3399f5ffc9062aab8640291cfb7e3ee71cb73d81acd6
41,0,training/notflip/0045_000000019.jpg,notflip,0045,notflip__0045,19,training,4c0c08331d1e220a141bed1743d582922277a75131cdb441161e44e0cc05089b
41,0,training/notflip/0045_000000020.jpg,notflip,0045,notflip__0045,20,training,55477da56db3123782a65415f8e7a42adcdc0850b014f8399835da6a94ea2231
41,0,training/notflip/0045_000000021.jpg,notflip,0045,notflip__0045,21,training,8dd6379e5115656990f8d5637f051c6ccd778bf3442b50f0580712e2afe39963
41,0,testing/notflip/0045_000000022.jpg,notflip,0045,notflip__0045,22,testing,54cdcd7020c090924f8edff910e88c05c4fdb1a5c99504ae3d5c3888ee540c4c
41,0,training/notflip/0045_000000023.jpg,notflip,0045,notflip__0045,23,training,0418392e29209aee374b4a62f28bb4b9407d97df10add1b24cf33155b119d612
41,0,training/notflip/0045_000000024.jpg,notflip,0045,notflip__0045,24,training,cabe174441bc5780f4cab0267ee2c97309e5377ac54f4ae59dc2cb4d422bc151
41,0,training/notflip/0045_000000025.jpg,notflip,0045,notflip__0045,25,training,7c2cd1f441e6b71f75a9222c26968b2027902a9a957fb47e42c0b7e0d8a136fc
41,0,testing/notflip/0045_000000026.jpg,notflip,0045,notflip__0045,26,testing,0f73d719c01396e4beab10409b42ac21379da3e0e26b9b61a6df268f34b5f8f2
41,0,training/notflip/0045_000000027.jpg,notflip,0045,notflip__0045,27,training,5dc45496c80bec50fe07d18b04219474ec7696499df6f805eb5ab6b8f8a013cc
42,1,training/notflip/0057_000000013.jpg,notflip,0057,notflip__0057,13,training,f28bd60d670b955f7af90dc072c39ddb8136e61e78236824e63758df20dbeb22
42,0,training/notflip/0057_000000014.jpg,notflip,0057,notflip__0057,14,training,0dc0961e66d49a9977ca6c7faa99211d1a9ce1f3cde96bfad0c3d939cd0f7b42
42,0,training/notflip/0057_000000015.jpg,notflip,0057,notflip__0057,15,training,4256380925aceb5a739d39de8c03d164d6702658f669be7e8eec42f15ea1d010
42,0,training/notflip/0057_000000016.jpg,notflip,0057,notflip__0057,16,training,616fcb54dd86f52919a42110d6e4f884495dd30c6425769031212c8e8eec76c6
42,0,training/notflip/0057_000000017.jpg,notflip,0057,notflip__0057,17,training,a902e7688eeaf62e3bb969822b352e7f08793a5ffe89b9761d117a197def62e5
42,0,training/notflip/0057_000000018.jpg,notflip,0057,notflip__0057,18,training,312bb56f3967f670731da01ac0af0576f71ee38e37efd8aa0c3a09901dec0c91
42,0,training/notflip/0057_000000019.jpg,notflip,0057,notflip__0057,19,training,05cb477bc5b5b5c717bb7b5af029c44d246982bc48d46531eed8632c715012f7
42,0,training/notflip/0057_000000020.jpg,notflip,0057,notflip__0057,20,training,25edfc9a1fc4e92695feeb4662f24dbb2c1a0947e4eeb46a4ace1e91b0c2f4b2
42,0,training/notflip/0057_000000021.jpg,notflip,0057,notflip__0057,21,training,bdfefd6b98c0ef4562f6aa3e3c52b1c7f9e0ec0663255f706cc45f46a447da57
42,0,training/notflip/0057_000000022.jpg,notflip,0057,notflip__0057,22,training,3e74ae4a2113f9b7e2d34098028555665c00729a712edc24d6104c37db67303d
42,0,testing/notflip/0057_000000023.jpg,notflip,0057,notflip__0057,23,testing,a5e6d441dd6e7c671e4343d337cf367bd43d1c1466070c38fadfd70588391194
43,1,training/flip/0058_000000005.jpg,flip,0058,flip__0058,5,training,70a033a71b7252440d37d949bd839828cba5e93c94208e8e6e0bb399d1684d15
43,0,testing/flip/0058_000000006.jpg,flip,0058,flip__0058,6,testing,50c65b6484b8cb834203384ffa268889e012c70d2011b999e1c9781d2223700d
43,0,training/flip/0058_000000007.jpg,flip,0058,flip__0058,7,training,80bd41691414267f708f9b7107fd36662c3e8ac0c90d313c2cce7bb3de8025e6
43,0,training/flip/0058_000000008.jpg,flip,0058,flip__0058,8,training,ca6d1fa5d632847a93e8a047f66a9d3ad2c61879a2380d75420dd91e2dad751a
43,0,training/flip/0058_000000009.jpg,flip,0058,flip__0058,9,training,a09e04b99b7a1a2583ece3fad33d2394949e75a3f47f64f3192e1b00013cb1a7
43,0,training/flip/0058_000000010.jpg,flip,0058,flip__0058,10,training,d7fefcf0df56da6d585fa693ead85e3a8f810b1768ab7ec716a8ebf5fedda582
43,0,training/flip/0058_000000011.jpg,flip,0058,flip__0058,11,training,079d5abaf6ad5c4a1e4027cd60cec7084bff79b57689d7e1bcc9babd4b59c787
43,0,training/flip/0058_000000012.jpg,flip,0058,flip__0058,12,training,e406899f0ce5f5dd0f4cba857d0c5b333321fe0680d89005d2c0af6457220163
43,0,training/flip/0058_000000013.jpg,flip,0058,flip__0058,13,training,ba5a2a091a6585c0f61a13731907f8faade03cf2d136692c686e5602d6c02f43
43,0,training/flip/0058_000000014.jpg,flip,0058,flip__0058,14,training,bd8337dd066364190f2ccd8ce98b1fccfbce2c6ec4f51e1031d597d92eb989c9
44,1,training/notflip/0008_000000021.jpg,notflip,0008,notflip__0008,21,training,e5a23f4f0c96684f95fa693a65078a58a5c9fc5f0fce4a04991fef27975cdf1e
44,0,training/notflip/0008_000000022.jpg,notflip,0008,notflip__0008,22,training,1a7bc2a7ebc9bf721dc3fac83d73361fe5f22dba80ebe0d9298b2c748a105d6b
44,0,testing/notflip/0008_000000023.jpg,notflip,0008,notflip__0008,23,testing,0fc92bbc7e01894e0c0e89abcfca8753b63dadef5f503eec5620e40dd6eab45f
44,0,training/notflip/0008_000000024.jpg,notflip,0008,notflip__0008,24,training,6c878d233d509e074fdb7e609f75526c4e740daf6a293164e9459f78896d6fcd
44,0,training/notflip/0008_000000025.jpg,notflip,0008,notflip__0008,25,training,2b9486d6e7ab686e9fd9d8241a61092e12fd9fd5d4f6f96ea89ee61e126d9237
44,0,training/notflip/0008_000000026.jpg,notflip,0008,notflip__0008,26,training,a63c7610a87b2624897f81a2a6208a52212bcc84a377aa47b0b0705a74b7a3d9
44,0,training/notflip/0008_000000027.jpg,notflip,0008,notflip__0008,27,training,b3aac14f815c41f9b769f6639c36583e4962d6c273922731cf78e657428c8e53
44,0,training/notflip/0008_000000028.jpg,notflip,0008,notflip__0008,28,training,9d0aea4c7ddd0e108c838b66650b398bae861f35aeacd2c9694ac667d162be70
44,0,training/notflip/0008_000000029.jpg,notflip,0008,notflip__0008,29,training,e4437464522cf0fde1e0ad6eb0d4def85b2e43717e01f29dc846bcae167306bb
44,0,training/notflip/0008_000000030.jpg,notflip,0008,notflip__0008,30,training,abf37f0ed3c3b5d5badd0bf99bce05b5e0eecacc7edea28dd2f1c8512bef6fa1
45,1,training/notflip/0031_000000012.jpg,notflip,0031,notflip__0031,12,training,b2e1daeb4460f2f76436c68aba184663c6835d08f0e60cfc69f487ab2b6507c1
45,0,training/notflip/0031_000000013.jpg,notflip,0031,notflip__0031,13,training,783645b6362fc0ae80fd840ed397bbdf14bf30e14dd4589b4315723487899870
45,0,training/notflip/0031_000000014.jpg,notflip,0031,notflip__0031,14,training,bac0858d38be23dd02cbaae9369d6958cb7407de8897fff244ad0b141b1438a4
45,0,testing/notflip/0031_000000015.jpg,notflip,0031,notflip__0031,15,testing,ca6a8aa54ed052e11505ca5cf45eb4e183730f177f467337271c5a6ac6825705
45,0,testing/notflip/0031_000000016.jpg,notflip,0031,notflip__0031,16,testing,7ba6bf4f67e121f7cd3adf84b132b4008406449b40c80f98d56214ee563d0ce4
45,0,testing/notflip/0031_000000017.jpg,notflip,0031,notflip__0031,17,testing,b9ade601c5f0b640889c43e646a3dfde6adf5498874e4a29f678b30bc295ad99
45,0,training/notflip/0031_000000018.jpg,notflip,0031,notflip__0031,18,training,5b941b48ebfeebed1e8fa06e4737f3ae12997cc573980d0e3661e2e0862ab5d3
45,0,testing/notflip/0031_000000019.jpg,notflip,0031,notflip__0031,19,testing,7c1880779fc5a73c1a6bd2f03a338356991e8902cf37787f0659ee5526476b50
45,0,testing/notflip/0031_000000020.jpg,notflip,0031,notflip__0031,20,testing,82e7c2bb6a94c34e90993a03d12e90ac4ea158928f3dbe5e14ab3ec311f80c85
45,0,training/notflip/0031_000000021.jpg,notflip,0031,notflip__0031,21,training,9ca402b56be73cfd302a461bb32a86f97d24184a5260d8200d3a34d75de68d7e
46,1,training/flip/0062_000000001.jpg,flip,0062,flip__0062,1,training,af3570b7a6bc1a3809b209ce362f867cf21037573f2a3a2be1f017865c26e3eb
46,0,training/flip/0062_000000002.jpg,flip,0062,flip__0062,2,training,d37f0cb0ff064d1dfda1f598eb0bed4a27b27c2eab82f1d65d4d1563305eb886
46,0,testing/flip/0062_000000003.jpg,flip,0062,flip__0062,3,testing,bbbce1f1e96fe650f41e3b4035f9c4568510353b137f9e6a403a30bdf82b3aa4
46,0,training/flip/0062_000000004.jpg,flip,0062,flip__0062,4,training,850d0a463ca8c538c6377cccb6bba67a472a88c55e7cd86c6f3a23bd388c5fbc
46,0,training/flip/0062_000000005.jpg,flip,0062,flip__0062,5,training,efc912d9a0fc26a20d851d8e01f57aff936658da36f52247a66c7d522683c99e
46,0,testing/flip/0062_000000006.jpg,flip,0062,flip__0062,6,testing,35ab855aac60ae548ca93ef53353ef6e4b1ab1840352578b4384d20e8b7e9a25
46,0,training/flip/0062_000000007.jpg,flip,0062,flip__0062,7,training,501dfb860544c1f9ae09a1b109a73df7f5da1c3a4953e017c92b44dd443d8482
46,0,training/flip/0062_000000008.jpg,flip,0062,flip__0062,8,training,4efaaf543d50e369a445d9306b27ef32cd1ca18d7101a406a34104e7f779f733
46,0,testing/flip/0062_000000009.jpg,flip,0062,flip__0062,9,testing,832d73bd0d7d71373453170caeb7ddc02233ff65ea94fafca8ccd3eec776eda0
47,1,training/notflip/0028_000000017.jpg,notflip,0028,notflip__0028,17,training,7e3313d75db8d4dc8c8537fb47664c72b62703acebbaa5d9a2bb22539351ddef
47,0,training/notflip/0028_000000018.jpg,notflip,0028,notflip__0028,18,training,7b94ad6ceffed0fcaa3f0114a79f211d384892411a83ec3ce75c97bc0df1bc8c
47,0,training/notflip/0028_000000019.jpg,notflip,0028,notflip__0028,19,training,76f2ac16a40f9da50769fccf9712c2dc182ca3554dc4fe72da784b6dced98ce7
47,0,training/notflip/0028_000000020.jpg,notflip,0028,notflip__0028,20,training,84cc0f8a9dae53927a78c6effe6b580f795aac57b2bf9498476f7d4de5c417bf
47,0,training/notflip/0028_000000021.jpg,notflip,0028,notflip__0028,21,training,0ed9f03f3637b372f9166856844030812610db378ee77bfafc5dfaf2bf01c6e2
47,0,training/notflip/0028_000000022.jpg,notflip,0028,notflip__0028,22,training,118ceb510b78776b2e873dd484ce970165e9b97a344736efff38bc80597a26b0
47,0,training/notflip/0028_000000023.jpg,notflip,0028,notflip__0028,23,training,e7b2ba25211745f33b1f575bfe851cb9e4926fe2c9343d79b17dcd265ddba185
47,0,testing/notflip/0028_000000024.jpg,notflip,0028,notflip__0028,24,testing,f3401428f9d4751e1eb6f706a9e39ab097feeea2ad88f820fce5989fb0c6cce0
47,0,training/notflip/0028_000000025.jpg,notflip,0028,notflip__0028,25,training,1deb1db6e1ded71440377936af0ec7dee1b692a716b6d7d20ed6ca3739336938
48,1,training/notflip/0034_000000009.jpg,notflip,0034,notflip__0034,9,training,c56365c1554fc7d8df07849791e6240f1d68492155249f7c543834ccc211ff57
48,0,training/notflip/0034_000000010.jpg,notflip,0034,notflip__0034,10,training,2842e3606c7f6e1e76621a3454df8efbeeee5535efe6837707836e4b2790a14b
48,0,training/notflip/0034_000000011.jpg,notflip,0034,notflip__0034,11,training,13f23466b2ebdd67558e5cd5d16865ee1b87f0a9c36fdb9677b475a2f205c111
48,0,training/notflip/0034_000000012.jpg,notflip,0034,notflip__0034,12,training,07c201be716a1e963b07a69c54de3ea868afa373584ab56a4bbde19751c057b9
48,0,training/notflip/0034_000000013.jpg,notflip,0034,notflip__0034,13,training,d856c52c73b81bb5350cf3a93d9e5740c0a3694242746af75d4618e18989416a
48,0,training/notflip/0034_000000014.jpg,notflip,0034,notflip__0034,14,training,6f17d5f75ab6822e878cdc536a555a184d8fc3a753ac598fa793094b440277fe
48,0,training/notflip/0034_000000015.jpg,notflip,0034,notflip__0034,15,training,9c8775ce1fbc6b510fed07308187824681cffba5788cb9ba81cebfeb5cee81d4
48,0,training/notflip/0034_000000016.jpg,notflip,0034,notflip__0034,16,training,0fdfdb8ba3c4338fc9b6c67231bbaf8fa14515778486fc461b077e7a5a301c9d
48,0,testing/notflip/0034_000000017.jpg,notflip,0034,notflip__0034,17,testing,8b6955a9bf589f2cb38a8db138bfdfb7d47413d9baacfad873e5becef16ca431
49,1,training/flip/0029_000000001.jpg,flip,0029,flip__0029,1,training,d00b41d199a07f4e73fddb448d779e27f1476fc1aa8d88c9a4dbe93f664cc076
49,0,training/flip/0029_000000002.jpg,flip,0029,flip__0029,2,training,6dfc7a7562a6ee667fde1360a96414be1802ab5292242518fe3c9adee99beab5
49,0,training/flip/0029_000000003.jpg,flip,0029,flip__0029,3,training,d9e38916427869c05c1f622ce540a36927fc7e62e7b8eea78c7be848f6895582
49,0,training/flip/0029_000000004.jpg,flip,0029,flip__0029,4,training,656272f50d188b81729b5b2897bf212ba68ac02e99422f07a66710927df07697
49,0,training/flip/0029_000000005.jpg,flip,0029,flip__0029,5,training,13c3ded55128254132f295c3899284011091b2a008cdf05abb78ebdbfc1c692a
49,0,training/flip/0029_000000006.jpg,flip,0029,flip__0029,6,training,6057e3a6c3bcda090f11ab99ea2eba0a3ebe1f24a15a1eb383482a230e60bba3
49,0,training/flip/0029_000000007.jpg,flip,0029,flip__0029,7,training,8e851201327698e1db81d500c48296fbf30180d2cc106d895a16a323a1c9068f
49,0,training/flip/0029_000000008.jpg,flip,0029,flip__0029,8,training,7eda666ad1106def9d263d8c2c1c2116928bbdc4d7b265ca97a5386b52a5a7bd
49,0,training/flip/0029_000000009.jpg,flip,0029,flip__0029,9,training,c840f72f6a0ba3b79cf587a697e309758c9ead0f75ce94c90096f3d1422e263b
50,1,training/notflip/0007_000000019.jpg,notflip,0007,notflip__0007,19,training,e9fd51b4525abf67edb9962a1a10e131ba81812c9a1fa38eb23b41765e86945e
50,0,training/notflip/0007_000000020.jpg,notflip,0007,notflip__0007,20,training,e67fa1579033def5be44fa0ac89393c0cecd61ad74004dc86e205605b6f40c71
50,0,training/notflip/0007_000000021.jpg,notflip,0007,notflip__0007,21,training,865801876b14a60246ba021b69f1370c18507678c51322eb789a5eaba4ad9dac
50,0,training/notflip/0007_000000022.jpg,notflip,0007,notflip__0007,22,training,0190bbcf4883575095c748c006b432aaf95b89317402805921d44d75ed86eb7a
50,0,training/notflip/0007_000000023.jpg,notflip,0007,notflip__0007,23,training,c2fd1b6a0fc7382a2bbb8fb322c6bb59a353492767b4e75279caea907cafd1a8
50,0,training/notflip/0007_000000024.jpg,notflip,0007,notflip__0007,24,training,509d86307ed8c8cf929718de298e6491c4abdc73e54e59be9353b87adcdbdc45
50,0,testing/notflip/0007_000000025.jpg,notflip,0007,notflip__0007,25,testing,3463b9c322a287adba7235a62108b4a39874e3236bb5d3658b0856c19608059e
50,0,training/notflip/0007_000000026.jpg,notflip,0007,notflip__0007,26,training,1419bbeb9b9ee38e9de56c09d4ca490f029844af9887c13fd8bb8c8445b2dbe7
51,1,training/notflip/0046_000000023.jpg,notflip,0046,notflip__0046,23,training,8f34254e4aab181b6a9edd54ccb67bdaf40ebadd01126f6de3bb5b2539908c04
51,0,training/notflip/0046_000000024.jpg,notflip,0046,notflip__0046,24,training,68a242a44489c4a3c1140001d695fceb35b95632e4231b6ad3d31f23fdd78e67
51,0,training/notflip/0046_000000025.jpg,notflip,0046,notflip__0046,25,training,66ba8ef96efa53acfe6793e5eff2916ff45f48af57afb28609807f0509a2a7ee
51,0,training/notflip/0046_000000026.jpg,notflip,0046,notflip__0046,26,training,06a7254a518b43656079e9be70569af19a1e59e9200cb8373dc032bc1ca79274
51,0,testing/notflip/0046_000000027.jpg,notflip,0046,notflip__0046,27,testing,0d22ef210607dfb6b22885a4584e82dc097b53d0fd2201200cd34661c143610f
51,0,testing/notflip/0046_000000028.jpg,notflip,0046,notflip__0046,28,testing,27bf9b947418b440e62b5ff9520f02ccad52991a5d3bd5d4f33ab0bcc2d2cbd9
51,0,training/notflip/0046_000000029.jpg,notflip,0046,notflip__0046,29,training,262636a6e487e3828c30ecf92d9dee21af6318a229520696d53d0ac78119b84c
51,0,training/notflip/0046_000000030.jpg,notflip,0046,notflip__0046,30,training,43f75f0283714b568b52a38d6e0e039a97a9d4713e3c18b7e623c1fbac3f3a48
52,1,training/flip/0028_000000005.jpg,flip,0028,flip__0028,5,training,29f5bfc29f5d9974bc59eeff393d28db9bd5fed573a7d5cac81f14f704991e68
52,0,training/flip/0028_000000006.jpg,flip,0028,flip__0028,6,training,41195f5d36afbf9cf3096c846aee90883224180ae14c39ba4dd512635b37f1f4
52,0,training/flip/0028_000000007.jpg,flip,0028,flip__0028,7,training,06de0bfedf33c8bebe7bda572e24eac7ad8329034b904e0ef2bc813eeb149982
52,0,training/flip/0028_000000008.jpg,flip,0028,flip__0028,8,training,65297bebef94b7363c64dadd4e82ba520984a8f6474f06d4f4f677d32a1ea9a3
52,0,training/flip/0028_000000009.jpg,flip,0028,flip__0028,9,training,805e50289a38b1dad81c81042970f651793ad835532695ef33904f5ba2cdccf5
52,0,training/flip/0028_000000010.jpg,flip,0028,flip__0028,10,training,d94d2e20d4cb249d456ec34d5ee43f315c1b8b2f3b54d4581567a5329ddc4336
52,0,training/flip/0028_000000011.jpg,flip,0028,flip__0028,11,training,d05a365b524b3dd6cf1b29988b40cc4d19fcc73edf55f6840897f88c12bcec3f
52,0,training/flip/0028_000000012.jpg,flip,0028,flip__0028,12,training,ff8e4f2db613b8f4196c88f84e351c248d378934d1e90a26ef89859f364d649b
53,1,training/flip/0007_000000005.jpg,flip,0007,flip__0007,5,training,eaeefa4aa6f4c60827675d55789ffab8adaa85915a1a3a2836c53c579ba81818
53,0,training/flip/0007_000000006.jpg,flip,0007,flip__0007,6,training,af9a772ea491168cfad6506828889133ca7a99ca0c0fc03860471a4fdb91ab3f
53,0,training/flip/0007_000000007.jpg,flip,0007,flip__0007,7,training,4ec50bb6b8e13de075f90d5811c3f9d8f99f47ae20586221c690aaf65f00222f
53,0,testing/flip/0007_000000008.jpg,flip,0007,flip__0007,8,testing,d441afd948a778680151fee4ba1440b3aa593befc100a752ada5e2ad68754faa
53,0,training/flip/0007_000000009.jpg,flip,0007,flip__0007,9,training,9ced3ca61aa7dc6869455d0dfc0d924efa538c906f2bc4ff37518530eb9b0ea5
53,0,training/flip/0007_000000010.jpg,flip,0007,flip__0007,10,training,c93cb3fc76eac649ac0836a923ff4082deb8e783a1270657c6f10cf710a0f4fa
53,0,training/flip/0007_000000011.jpg,flip,0007,flip__0007,11,training,72c0ba5ddd6c1bf9deb9c915aaee351617f709f8fc4b90ffea774947c83dadc0
54,1,training/notflip/0019_000000023.jpg,notflip,0019,notflip__0019,23,training,68d7207cbf57540d3bd65917760de9926bd27e5c0db79004b4fb628cd8f61089
54,0,testing/notflip/0019_000000024.jpg,notflip,0019,notflip__0019,24,testing,b96a0e74df2ba32f4ca2c3fe14c8f373253c58b52d0a0b1842c9067738fcfa9d
54,0,testing/notflip/0019_000000025.jpg,notflip,0019,notflip__0019,25,testing,f8e839c27d29513c24b6c85c83c4bec7148a0be6c5ad3571ed9abab05d1c2664
54,0,training/notflip/0019_000000026.jpg,notflip,0019,notflip__0019,26,training,264927677896dbb2069449f7db277e5599c3e647f5b238a6665d25715b64d5c1
54,0,testing/notflip/0019_000000027.jpg,notflip,0019,notflip__0019,27,testing,4312b4a326fc29c000dba71a76952deb9eb7c669be3ffa5d16f8dae1dcc47821
54,0,training/notflip/0019_000000028.jpg,notflip,0019,notflip__0019,28,training,590d7d0b36452ed655427a6e245fca35053799914cf23beb318cca6d1225b5ab
54,0,training/notflip/0019_000000029.jpg,notflip,0019,notflip__0019,29,training,c3a41183dff6e7ed27eceda0ca30b74d15eedced51011211dcb0b40802773e89
55,1,testing/notflip/0041_000000001.jpg,notflip,0041,notflip__0041,1,testing,c4c475c1337093f1d8fff8d635c1427633fa2b22de30871c323a143ea7d46fdd
55,0,training/notflip/0041_000000002.jpg,notflip,0041,notflip__0041,2,training,0164f368c7cbdcc12bddea83f22fc200b840adabfa66a0f0dbd9d27af38c9b89
55,0,testing/notflip/0041_000000003.jpg,notflip,0041,notflip__0041,3,testing,5ee2985798bf1fb0379f2b923882724f5b25b95f05916713ce10fc8a11f8ca29
55,0,training/notflip/0041_000000004.jpg,notflip,0041,notflip__0041,4,training,6a26456db9e82c94595d24fc59e5d5919647df6834bd57ec99cd35c2c8a8a899
55,0,training/notflip/0041_000000005.jpg,notflip,0041,notflip__0041,5,training,ece53b337b3707d1a279a73f68887293b721c90f1a345d0b8806de1565645109
55,0,testing/notflip/0041_000000006.jpg,notflip,0041,notflip__0041,6,testing,f8484579a49bba5f7289a4de3ad5192fc24b7cd893c094f34215d23cd1d55d81
55,0,training/notflip/0041_000000007.jpg,notflip,0041,notflip__0041,7,training,fdf2e39ce43eb8ce86739a55de1ce06570cbd23b5459fc380f05095b76c42312
56,1,testing/notflip/0043_000000024.jpg,notflip,0043,notflip__0043,24,testing,687a10368f54785f691277a4769c39423372f59c763b8fdf48d7d9294ba24963
56,0,training/notflip/0043_000000025.jpg,notflip,0043,notflip__0043,25,training,d19d39534687a4f9602e1d050cb3ab91e1905fc9d7fa0e1f75ce1db9fd676a20
56,0,testing/notflip/0043_000000026.jpg,notflip,0043,notflip__0043,26,testing,9d06aa00e1287a588caac321cf52a3b91b76d8cff99053624c48aec1a5768508
56,0,training/notflip/0043_000000027.jpg,notflip,0043,notflip__0043,27,training,e1e4a49d4d7b4957f4f1081bfe814640dda1e3fed2efd66b93bbec9c27bc4ccf
56,0,training/notflip/0043_000000028.jpg,notflip,0043,notflip__0043,28,training,4e2798a543e58111ac127751b3b7bdd391726154821f6e60d40f04f239e0ef85
56,0,training/notflip/0043_000000029.jpg,notflip,0043,notflip__0043,29,training,9a1e4fe502d35ceb8dab7c7de9f0f9fc62fe0700207eda93a5bf7ed37a12c2fd
56,0,training/notflip/0043_000000030.jpg,notflip,0043,notflip__0043,30,training,5989bf7142c239b5607a29ff57a179a053f5a65c4872bba3312f9da1dfc2c9ad
57,1,training/notflip/0052_000000024.jpg,notflip,0052,notflip__0052,24,training,a1ca204c420fcb56b622c56b6c80a914303d3949547c8cdfc8bb4aed224d6e97
57,0,training/notflip/0052_000000025.jpg,notflip,0052,notflip__0052,25,training,18bd3fd4178cb8bd8a7b24abe4a99e74835f78a2881be75a5166ed0e138f608a
57,0,training/notflip/0052_000000026.jpg,notflip,0052,notflip__0052,26,training,c192318e839d37c571e2b7c72bc2fa59c4fb638715f99979bee8e16eef29a6cc
57,0,training/notflip/0052_000000027.jpg,notflip,0052,notflip__0052,27,training,828287f123c82e674c0e589d836101e07c32c6e68f878156ab956c9e602390b1
57,0,training/notflip/0052_000000028.jpg,notflip,0052,notflip__0052,28,training,fb2f20a62aa7d8c06184fc7b39380824b7900fd6bedb6822ebb8778b1b2c77e8
57,0,testing/notflip/0052_000000029.jpg,notflip,0052,notflip__0052,29,testing,323e74b2a2242756f335bd5cdfe82d0474281f88ee05897c73a035687e9cb987
57,0,training/notflip/0052_000000030.jpg,notflip,0052,notflip__0052,30,training,67badc319489e491dab297a974a9950a2de37c479f35b0dab411f6b1c4a5cc81
58,1,training/flip/0015_000000001.jpg,flip,0015,flip__0015,1,training,e05e6f7a3bcd598c0ef9c0cfb4ee16585e22fefb67176bc44ca4f918d6fd30c2
58,0,training/flip/0015_000000002.jpg,flip,0015,flip__0015,2,training,c864173ca38b8609a41454be99bc1fdb100ead6085c0a0aca9c9be6229159082
58,0,training/flip/0015_000000003.jpg,flip,0015,flip__0015,3,training,f777bba46a4478d395537954d7d24f059b54f9095a29c018c6b73a39c12ed6c6
58,0,training/flip/0015_000000004.jpg,flip,0015,flip__0015,4,training,38a93dc6363aaa9a0110587754ba82744760abad4e338d64f8f85d3757efdc66
58,0,training/flip/0015_000000005.jpg,flip,0015,flip__0015,5,training,c29dd8279eef1b34a1a305314da41249889e3f2ed248a044699423f96462cac4
58,0,training/flip/0015_000000006.jpg,flip,0015,flip__0015,6,training,ac694fd2c19d2224145e00af6cda478376668b578cc6d18b1f92e8e80d35a5e0
58,0,training/flip/0015_000000007.jpg,flip,0015,flip__0015,7,training,435f4c0667de2ccae57fd4ee199c49419583d5cb13f576aca36096bfd9e9050f
59,1,training/flip/0065_000000006.jpg,flip,0065,flip__0065,6,training,52cac400960cf46f4675c52f2024e4703126ed159cd387d10a22e827d1a57cb0
59,0,training/flip/0065_000000007.jpg,flip,0065,flip__0065,7,training,eade3f2c397c63c9eb496dc5f0ee379ccade362f64781051a789981c362940c9
59,0,training/flip/0065_000000008.jpg,flip,0065,flip__0065,8,training,f0cac91d432476ee87623cace5740c8407fcd444279a1023cb25d1ba27c455fa
59,0,training/flip/0065_000000009.jpg,flip,0065,flip__0065,9,training,c3a5a31924cde5ad1418ed9644e16059c58aa1e9270db7a76ef365647c932737
59,0,training/flip/0065_000000010.jpg,flip,0065,flip__0065,10,training,9ca7b22c64b468e3d14417153fdc6d9d2b930d687c2115d47640f7bcffe9341e
59,0,training/flip/0065_000000011.jpg,flip,0065,flip__0065,11,training,f2ca6962bf21bd25cc7c714ff57e64bec4d725867f02d5e62c4190b42642a352
59,0,training/flip/0065_000000012.jpg,flip,0065,flip__0065,12,training,4b22aaf23636621079dfdc3e3ad9f3a3c987c540718c5334673dae6fa5282f82
60,1,training/notflip/0001_000000016.jpg,notflip,0001,notflip__0001,16,training,be0017d20ab0618850f1dce493376986dad15f3b1599941cfc7e70eb4c123160
60,0,training/notflip/0001_000000017.jpg,notflip,0001,notflip__0001,17,training,e2f65c6fd426b76cf3462dbeb736b13f68c08b86e5efb2b44c442243d85ac119
60,0,training/notflip/0001_000000018.jpg,notflip,0001,notflip__0001,18,training,63bff4032107562903863bf77bbfd26b9b51a5f29a6e221addcb53e23e76044a
60,0,training/notflip/0001_000000019.jpg,notflip,0001,notflip__0001,19,training,b9d6064fa64b15bea4e394886fde7aa00fd83c6a37f19604365bc7145881d601
60,0,training/notflip/0001_000000020.jpg,notflip,0001,notflip__0001,20,training,a478b95310153c777bfeb278a2a4832276ec8dda855d2d0e80f423a46f50b4f1
60,0,training/notflip/0001_000000021.jpg,notflip,0001,notflip__0001,21,training,4e735eb0e6b46ecb5678651c95c7084a6a868acc03aa9fe3fa7a975344e7dbfd
60,0,training/notflip/0001_000000022.jpg,notflip,0001,notflip__0001,22,training,0e6b8c37784cc36faf3ece3468d57e093cc397a13ca47104e8cfacbcdabbd92d
61,1,training/notflip/0008_000000001.jpg,notflip,0008,notflip__0008,1,training,f5225a09426594974736ea77c2562614de3c316ea4cd89bc1713d33d2539dbaa
61,0,training/notflip/0008_000000002.jpg,notflip,0008,notflip__0008,2,training,92f160a96f00e15d192f6d501162375a42fee8af35cf2eebbb63be29c70dd7a4
61,0,training/notflip/0008_000000003.jpg,notflip,0008,notflip__0008,3,training,6e8e803d8b1dc20b1091aaa4851d606e244d1ba2494b47e8971c21772257afea
61,0,training/notflip/0008_000000004.jpg,notflip,0008,notflip__0008,4,training,cd0243f64c9d0f8db4cf453f24e0b5e6079742c1509c804aedae9157f55a6224
61,0,training/notflip/0008_000000005.jpg,notflip,0008,notflip__0008,5,training,c580699c06879d6f9d970819344ed3ad18851040220e07c073a16f9ce40340f4
61,0,training/notflip/0008_000000006.jpg,notflip,0008,notflip__0008,6,training,1ece049f982082d2411760e926034a567481dcacacbd7add163483e804b9c5ea
61,0,training/notflip/0008_000000007.jpg,notflip,0008,notflip__0008,7,training,976dce1a71d922a6cc051915a145598070ec6533f24353b1354073bd53052e8c
62,1,training/flip/0003_000000007.jpg,flip,0003,flip__0003,7,training,661111a8e1ca2d4954cad7a7792af23821ccbda610c934e21c9d3f4bbcb63cc7
62,0,testing/flip/0003_000000008.jpg,flip,0003,flip__0003,8,testing,00fe3efc3425b6deaed9868c0075f57593989c8c391a2f75657591ca275c2a07
62,0,training/flip/0003_000000009.jpg,flip,0003,flip__0003,9,training,fb1752823d0cbad29c1056ff1946c6ba0d168803b12a0ec2c1c6a883d20bb8f5
62,0,training/flip/0003_000000010.jpg,flip,0003,flip__0003,10,training,9bbff7d2c5a56bcccc9621bfc26c5f6e59795c28b87479a47913e5effa44721e
62,0,training/flip/0003_000000011.jpg,flip,0003,flip__0003,11,training,8688fd7eaf56b91059baaa7c2e6af73aa3ca7bb106ed56273836fc55c42903ce
62,0,training/flip/0003_000000012.jpg,flip,0003,flip__0003,12,training,e23d9dd7df0ed6ea0b32bb2ab02edfcff8b923284cbe271145e4e9679c46f519
63,1,training/flip/0014_000000001.jpg,flip,0014,flip__0014,1,training,d0d00fec9b0cac9bb18577d002266014e561415cfca672afbf2b9ba999f218a1
63,0,training/flip/0014_000000002.jpg,flip,0014,flip__0014,2,training,8a46ad0949588ff279852fa84694a0c41336b5cf30413e8b559def271697077e
63,0,testing/flip/0014_000000003.jpg,flip,0014,flip__0014,3,testing,875001dd56a60b38623664ec4e9260de93be48a516ab0f9f61dfe4a7dddd8b70
63,0,testing/flip/0014_000000004.jpg,flip,0014,flip__0014,4,testing,3998b138319090ec98b33f94532d7e47c0b7b25872b276613cab2ed2f22e23f0
63,0,training/flip/0014_000000005.jpg,flip,0014,flip__0014,5,training,b7360dd7df01577ae361d2f3c1011a134816f2d5fea736958a76a579a8229fcd
63,0,testing/flip/0014_000000006.jpg,flip,0014,flip__0014,6,testing,34900aef555a19f97357ca8bd00698f24f94b1cb76e06119802020a40d46ec0a
64,1,training/flip/0038_000000025.jpg,flip,0038,flip__0038,25,training,d9407e45c4d24adc4c971733cdb5bb301a10c9574ce7c284f57558111a286442
64,0,testing/flip/0038_000000026.jpg,flip,0038,flip__0038,26,testing,ad44956345f701ca726ec1a1c7ebfa9a34f4c56d365239f4f2dd8994a421157a
64,0,training/flip/0038_000000027.jpg,flip,0038,flip__0038,27,training,e42d0c735c63803aed0b96fbbacc352d65f8f609e3230aaff7c7a2040a92774e
64,0,training/flip/0038_000000028.jpg,flip,0038,flip__0038,28,training,37b65b76486688ad8b6a4ee0e7aaf98ac979a0d7c5c5803e4bedf0426073501e
64,0,training/flip/0038_000000029.jpg,flip,0038,flip__0038,29,training,7a4dbd3c0f62f77918331ce1a3fa20bac946b427d04d959f5c940c2559fa0179
64,0,training/flip/0038_000000030.jpg,flip,0038,flip__0038,30,training,f9de248c7406defc9fffeae32f2482298a062261708765f1a8d8119648f83831
65,1,training/flip/0053_000000004.jpg,flip,0053,flip__0053,4,training,73b0f0b4e35eb0fdf3cd0e78e81940e7f7fac25e2760783c7c3aa9ca534b01d6
65,0,training/flip/0053_000000005.jpg,flip,0053,flip__0053,5,training,7e9f4ff30b73f4bfeb38705e1959d831bdfa4040564ebf401c8b57cabf8244b4
65,0,training/flip/0053_000000006.jpg,flip,0053,flip__0053,6,training,5c819687d0b053b3df9dee679de3a9a33365f5f9aba2fafd59fef14f2f8043f4
65,0,training/flip/0053_000000007.jpg,flip,0053,flip__0053,7,training,b7e4cd1368a499da6f8ff1d55d948ea95f7aa250ce12a096a763e519400cee9e
65,0,testing/flip/0053_000000008.jpg,flip,0053,flip__0053,8,testing,c4887cf60febd85937478054b702846f16f606b4b2ed6fb6be97d871f70b8fa7
65,0,training/flip/0053_000000009.jpg,flip,0053,flip__0053,9,training,5b84b7cd57e6ce3471b7f56874c5e7247b65894ca98064c7a65873ee97ef56ac
66,1,training/notflip/0016_000000018.jpg,notflip,0016,notflip__0016,18,training,1d2f2468732bbba293924968b5a703419267922b0fd158a807f9a3f3d82a48cc
66,0,training/notflip/0016_000000019.jpg,notflip,0016,notflip__0016,19,training,05e35ed7cdedaed2e48f01b86c29e630903a78ec98244d0587525907d9204a2e
66,0,testing/notflip/0016_000000020.jpg,notflip,0016,notflip__0016,20,testing,b92a88eab31864cdd069b60d8f0756f87627ef5115a0d9673e69f62fe475c496
66,0,training/notflip/0016_000000021.jpg,notflip,0016,notflip__0016,21,training,ec3a71b5781472fb477770d116eab2b36d179f247ea33fb48a37795179b3dbc9
66,0,training/notflip/0016_000000022.jpg,notflip,0016,notflip__0016,22,training,3ca7f52a91fb614e949444c550410cc117da4fc9e78938d450e833620ae8ef1c
66,0,testing/notflip/0016_000000023.jpg,notflip,0016,notflip__0016,23,testing,6831346e5a5c39b5a5cb9eb8b20a3745eac26b511347fc2a1dbd4c647f62b03b
67,1,training/notflip/0021_000000022.jpg,notflip,0021,notflip__0021,22,training,372dd3b8ec72da86a64e656345de4fbfb4ec6e06b4b46e2e86c9ebd1f258b9af
67,0,training/notflip/0021_000000023.jpg,notflip,0021,notflip__0021,23,training,24b72f501d559278a7d3ee91be910db28b78596fc5120d6b1e92de748b040d36
67,0,testing/notflip/0021_000000024.jpg,notflip,0021,notflip__0021,24,testing,fa5947181f0ee4effca7c83d69d496e8fae557bdf53e87a415ba42286e4a18e8
67,0,training/notflip/0021_000000025.jpg,notflip,0021,notflip__0021,25,training,0e7789696ebe16c3f8cef89bb2a964f3d53e7e3a458ddecaa17f7544d7fb6543
67,0,testing/notflip/0021_000000026.jpg,notflip,0021,notflip__0021,26,testing,76bc182a5874ef397f988513e14cf74e0808e509317122ccdfd0520e96302968
67,0,training/notflip/0021_000000027.jpg,notflip,0021,notflip__0021,27,training,9b4a128d1ddc62d6b3cbfd9c45010823c33c533f79f8846fbbab2544a794a6d5
68,1,testing/notflip/0024_000000025.jpg,notflip,0024,notflip__0024,25,testing,5e2f0489d813c8bcf79583f1b378e3c29ea5f6281659813b9a1b946d709eec2b
68,0,training/notflip/0024_000000026.jpg,notflip,0024,notflip__0024,26,training,81461c30dfe570bb95c56bc4983b17132bd5a0cb6b87c5bdcfc2b588db29f210
68,0,training/notflip/0024_000000027.jpg,notflip,0024,notflip__0024,27,training,45a7b89ff5c3bbf8d21766c5578bf2b887882bdc0a56e493ab459d6fff86c3cf
68,0,training/notflip/0024_000000028.jpg,notflip,0024,notflip__0024,28,training,934bd1f588b6421cc9fb488913775b91121374689b1432aa0914712d7395c952
68,0,training/notflip/0024_000000029.jpg,notflip,0024,notflip__0024,29,training,a0995315e1993ee0c06f32fbc4f93319f9be9d8d48af9bda75eccd829f0d48cd
68,0,training/notflip/0024_000000030.jpg,notflip,0024,notflip__0024,30,training,8220412e37fa765b9aa7a184884c10416f55736946e9e58a7784822f8d8eab6c
69,1,training/notflip/0041_000000012.jpg,notflip,0041,notflip__0041,12,training,227ecca8c12ff9578bf1d2e3c4a2a4bafd870b74addad8dc508914466999f6f2
69,0,training/notflip/0041_000000013.jpg,notflip,0041,notflip__0041,13,training,e10dd2e6f9fc97548cf2c6cfb897f484234dd852fbd3ebfc76f7763d82554f6f
69,0,testing/notflip/0041_000000014.jpg,notflip,0041,notflip__0041,14,testing,3c69cbaf6698346bbd7e0b1604e1fea3332845cb344f2f0186164912ac24fc99
69,0,testing/notflip/0041_000000015.jpg,notflip,0041,notflip__0041,15,testing,0efd0777108c0f69c4cc9363b35089c618a2e8177944e4a8122485deaf33eee8
69,0,training/notflip/0041_000000016.jpg,notflip,0041,notflip__0041,16,training,0925e96bef7d7c6f06cf880a21b843b8641094945e375bd7a7319064b4386f15
69,0,training/notflip/0041_000000017.jpg,notflip,0041,notflip__0041,17,training,ff4c2c11f52baa702b6fe9b8890cefd8ae2ffcea9dd14ace453fac03647ce961
70,1,training/notflip/0003_000000007.jpg,notflip,0003,notflip__0003,7,training,ed2f9ee286cc32e43b31e4c0d9cfb4c04ddd5f8a0d8dda94424c765d96b615bf
70,0,training/notflip/0003_000000008.jpg,notflip,0003,notflip__0003,8,training,dd7ca89e0b893260d9227f90efacf3997d9759d236e602ef92f24e6da48924bf
70,0,training/notflip/0003_000000009.jpg,notflip,0003,notflip__0003,9,training,1798ead58c71f8e0a737cf6b42df923fa66adf27dfa9a09190f5a89ab1ed39a4
70,0,training/notflip/0003_000000010.jpg,notflip,0003,notflip__0003,10,training,a2e8ebcf2381251371061b6356e84a07f27e1670b0bd547b56a5274e349a1cd4
70,0,training/notflip/0003_000000011.jpg,notflip,0003,notflip__0003,11,training,65f7ae1c835a7196f3a7e82027907bee04c9d40e60236b1446e7d0aa190434cc
70,0,training/notflip/0003_000000012.jpg,notflip,0003,notflip__0003,12,training,347c6727b4a7c3f37e18abf06b63fcaa54612d0a17ef7d0db353d335c977a246
71,1,training/notflip/0027_000000025.jpg,notflip,0027,notflip__0027,25,training,b364746f187809f62d1177e992d41094a986522eaa031b7831e794d20567b3eb
71,0,training/notflip/0027_000000026.jpg,notflip,0027,notflip__0027,26,training,87b7320232d33357cf88be68d8f4e0fcf0c494d2f7fe17f5eeed452fc67c4e9c
71,0,training/notflip/0027_000000027.jpg,notflip,0027,notflip__0027,27,training,16f610c4718da1ccf0c49931d000f30802f2d92f32263ed04c91788db35dae09
71,0,training/notflip/0027_000000028.jpg,notflip,0027,notflip__0027,28,training,c8b7cc65b555a120d4b4fac212db08c6966f70dccac0ff772d1fcd694cf3b15b
71,0,training/notflip/0027_000000029.jpg,notflip,0027,notflip__0027,29,training,833b825ac980bbf6d600dd38c305a8085e33636605ee72b7e4b4d970b7cbbb25
71,0,training/notflip/0027_000000030.jpg,notflip,0027,notflip__0027,30,training,1b693eb1cb0d646d0bedff1b1f91b8731d4e8917fc9692ac19f1a9180fd8f231
72,1,training/notflip/0031_000000022.jpg,notflip,0031,notflip__0031,22,training,914fade6b4f6c231701b2e92463f52c5caf4c510afb48b46f049cfda16d8a654
72,0,training/notflip/0031_000000023.jpg,notflip,0031,notflip__0031,23,training,8bf556ad489405edbe7c827c5ca7f46c48c72b66d255938e317adfd097f35f40
72,0,training/notflip/0031_000000024.jpg,notflip,0031,notflip__0031,24,training,f51f8f421bc883ba8e11efabaab2cf0a7a4c7919fa71a29b544710ee23f907a0
72,0,training/notflip/0031_000000025.jpg,notflip,0031,notflip__0031,25,training,09725d58363b901941c88e7d5baca244a5bb9fecdec2a7f263067cc076e6b03c
72,0,training/notflip/0031_000000026.jpg,notflip,0031,notflip__0031,26,training,00964b774839b497600921ce5d854e28dc95ce5b26e28823ef8607be7f430d66
72,0,training/notflip/0031_000000027.jpg,notflip,0031,notflip__0031,27,training,0e17bac56f0b9b92a5c44e9ff748335d8f523e17a318049eb4e393ab22ef19e1
73,1,training/notflip/0032_000000020.jpg,notflip,0032,notflip__0032,20,training,bdd9e14fdf1ed697f4ded124cfc32d150ac601774b56b0a70723e433ac17edaa
73,0,training/notflip/0032_000000021.jpg,notflip,0032,notflip__0032,21,training,b7a3ad26bd361a7749512f566c0b498c27698f52213dda12356f939ba6d56b9d
73,0,training/notflip/0032_000000022.jpg,notflip,0032,notflip__0032,22,training,3a1816830ad9cc74e39abee7e99dd598bd98ad5b2a67b6a91b64b85eccb01824
73,0,training/notflip/0032_000000023.jpg,notflip,0032,notflip__0032,23,training,f1a17cbea9d844a6ebc82ab7e7cea2b07d6fbd96ddebdcab457e54b5b2d85586
73,0,training/notflip/0032_000000024.jpg,notflip,0032,notflip__0032,24,training,87649a445e62f465c6331e3c45c3aa93fc85223d7b0b3db165b28d5178aaf13e
73,0,training/notflip/0032_000000025.jpg,notflip,0032,notflip__0032,25,training,912bddd208bb6c5150d3e71ab5a29c10786f77b49e06b5118f3ad8d3bd6f95a8
74,1,training/flip/0060_000000001.jpg,flip,0060,flip__0060,1,training,dd51413748d12613dff83dcf9121a8e22117e05d3d57cef9ea61f6d8804ebadf
74,0,training/flip/0060_000000002.jpg,flip,0060,flip__0060,2,training,188d626bf8e025df1007416c5e37f2e999ae9ca9eabf1d62287c5456fb57fe6a
74,0,training/flip/0060_000000003.jpg,flip,0060,flip__0060,3,training,8d1aa37dc14d325799cbeca46b5c0aa391ccd7d35b178923221ec118344f6eb7
74,0,testing/flip/0060_000000004.jpg,flip,0060,flip__0060,4,testing,f0c8326f9e28d1815afa33c27963a285ccc475911cb4b1a906888d43b7f6ef8a
74,0,training/flip/0060_000000005.jpg,flip,0060,flip__0060,5,training,9bf433b7013c34968dc5e1f27a154b89dd1054c9ce17b3b932d8289542624b70
75,1,testing/flip/0065_000000001.jpg,flip,0065,flip__0065,1,testing,d130449246d67c8ac7e917a9770b20f25c93de142ed0d923af7ae35767a72269
75,0,training/flip/0065_000000002.jpg,flip,0065,flip__0065,2,training,fe86228586705c7f1a3485e1b3d8082e9c74b95410f8a96b900b8fd1825b0386
75,0,training/flip/0065_000000003.jpg,flip,0065,flip__0065,3,training,60bb61808b9ff2df0efe2967efbc1fd609d2e4f08d32ac79c4d2ba8c52d4d201
75,0,training/flip/0065_000000004.jpg,flip,0065,flip__0065,4,training,cf1b6efb8988131f2940718d961c75d11ad93b499e85e73a1979537edd5fb8ae
75,0,testing/flip/0065_000000005.jpg,flip,0065,flip__0065,5,testing,ed622dd6b24df449a52b8c266b8798eda6f425e00476a8cf532f06fc6f90a088
76,1,training/notflip/0001_000000001.jpg,notflip,0001,notflip__0001,1,training,9b68a2f1d70795c8b6cae9c27dbcaeec805c1b77883b46042de9e791b19a3b06
76,0,testing/notflip/0001_000000002.jpg,notflip,0001,notflip__0001,2,testing,cef9052ddc08c94b00c9937ebda8270f2bd57cde301955c723518f4dbbbb68ec
76,0,training/notflip/0001_000000003.jpg,notflip,0001,notflip__0001,3,training,117a114dea3eb973cee39b7120eff3311d1b623d3de7f33b6908cd86885ce212
76,0,testing/notflip/0001_000000004.jpg,notflip,0001,notflip__0001,4,testing,2aa97e72c3b51763212267c8c1fe31dd8305e2bb0cccd362192cdf9e03548fa1
76,0,training/notflip/0001_000000005.jpg,notflip,0001,notflip__0001,5,training,f73a88f24910225eb6c49f2d2fbb106644174f2be216c63c36e265144813785c
77,1,testing/notflip/0007_000000010.jpg,notflip,0007,notflip__0007,10,testing,d22a61aa37a3d8c69bed49dd0e7f9fb8ad370234d6bae4cc085d4712de177402
77,0,training/notflip/0007_000000011.jpg,notflip,0007,notflip__0007,11,training,cafd498ea83d1c843e0441557b9bfa611143a4c2aaa57ca0f8abe10782542275
77,0,training/notflip/0007_000000012.jpg,notflip,0007,notflip__0007,12,training,fce491dcc576de0f9f902e58a8e400c409ca0bc166b4f06328a81ed49a6171ea
77,0,training/notflip/0007_000000013.jpg,notflip,0007,notflip__0007,13,training,6a9dd4a5002230acce3fd93908b9bb3fe3fc9b2c14acf7fddbd4d1e11152332d
77,0,training/notflip/0007_000000014.jpg,notflip,0007,notflip__0007,14,training,672938ffa7142fa03eba1a4d1d6ca7b77f5a4a128d9fffcbfaddc36192135e3a
78,1,training/notflip/0039_000000021.jpg,notflip,0039,notflip__0039,21,training,75094371b9b397f4a654cfcf042eb832cfaca18a621346b620a465cfb4be31f7
78,0,testing/notflip/0039_000000022.jpg,notflip,0039,notflip__0039,22,testing,a3a97edd451b46f4c8ac58cd77ed831311f5495df03bdd0d097a1aa7aab1b09f
78,0,training/notflip/0039_000000023.jpg,notflip,0039,notflip__0039,23,training,8a07b58c1fc34eca9d322fa294f287848aba05433ee1eefb2720a2b572f36d1f
78,0,training/notflip/0039_000000024.jpg,notflip,0039,notflip__0039,24,training,1826b4bab821c023f13e88ed80b5611dcb489f4ce0ac9343ef7708bc730b334c
78,0,training/notflip/0039_000000025.jpg,notflip,0039,notflip__0039,25,training,fc7c6d052c832efb7e69297d4634e9cd35645348fa6ffb9bebe6898508798192
79,1,testing/notflip/0039_000000026.jpg,notflip,0039,notflip__0039,26,testing,ec18d06f0af072de96e87783132089d62764b8f472ec5a79f8d1090a3922b31f
79,0,training/notflip/0039_000000027.jpg,notflip,0039,notflip__0039,27,training,8c173f3b12990480d88fb5f2f593d50db15a4d026d1397d45ada5b2554ec1067
79,0,training/notflip/0039_000000028.jpg,notflip,0039,notflip__0039,28,training,cd373ee47a1c9718f1463f2c5d71eb71a57fdbeb5e477869351e599c756ab207
79,0,training/notflip/0039_000000029.jpg,notflip,0039,notflip__0039,29,training,b70195fbdf0ae711e12aff639d4ddae1204a38dae079ec0ac7e5aa489ba96dd4
79,0,training/notflip/0039_000000030.jpg,notflip,0039,notflip__0039,30,training,f3a827fe7bff04950b7a0038cedac67692d927ab3a115ff8305c164ab4079e68
80,1,training/notflip/0049_000000007.jpg,notflip,0049,notflip__0049,7,training,40833c7002d4a37a6f6b4101b4b586ee2616ac42f4ec01b6ea54b54dd429e541
80,0,training/notflip/0049_000000008.jpg,notflip,0049,notflip__0049,8,training,2155059d9a59cc94a1bd746d5d3972ad48e4cf0684ab0dcf490dd45f4a2d6a6e
80,0,training/notflip/0049_000000009.jpg,notflip,0049,notflip__0049,9,training,158be9e05e5dcc778f6b233e743716faaed0101240f970d4a863c60f7263f71d
80,0,training/notflip/0049_000000010.jpg,notflip,0049,notflip__0049,10,training,56fa85bcf388aec70550244986a1a359a7f5368636948a01694e1c155759bb4d
80,0,testing/notflip/0049_000000011.jpg,notflip,0049,notflip__0049,11,testing,db3e68744c99d7ccad0f4538df1cad21f597b553b943ccd6ea6d7bb1c9f7b0fa
81,1,training/notflip/0057_000000004.jpg,notflip,0057,notflip__0057,4,training,2fcc302f9ecac92da962a44ade372f70625249e37cd925fd5a2c3e2aad0060c1
81,0,training/notflip/0057_000000005.jpg,notflip,0057,notflip__0057,5,training,ba14fce9a5c24c426ebd9ec043b4e6f38fd1928c31d7a41803c5c28eb0998819
81,0,training/notflip/0057_000000006.jpg,notflip,0057,notflip__0057,6,training,6e759ec30699fa93705866bf2c3cb8b6813a5882b3c99abb09746649bdc9b65f
81,0,testing/notflip/0057_000000007.jpg,notflip,0057,notflip__0057,7,testing,f046afba2b5382b1ca2abafdb272181c978d8312a8d2157647e631cbe52bc0b1
81,0,training/notflip/0057_000000008.jpg,notflip,0057,notflip__0057,8,training,7d855f91759275c35ed6684f1aeae62d59ce7b6964406810e4e37d2ccc09812f
82,1,training/notflip/0028_000000026.jpg,notflip,0028,notflip__0028,26,training,6e5a73c9a5cd6c11598e0658c66ef2501eb9456840747757a2400cbaf39e4a70
82,0,training/notflip/0028_000000027.jpg,notflip,0028,notflip__0028,27,training,14a5e5b337d0769161c09ce1cbcc6543fc6600d49adb6adcc64f8b52e054c8fb
82,0,training/notflip/0028_000000028.jpg,notflip,0028,notflip__0028,28,training,074257350823d910674a815e624a30646ccd2fadd61d91fe1098ee2132f2f4f1
82,0,training/notflip/0028_000000029.jpg,notflip,0028,notflip__0028,29,training,be30ebd6020e9433504e8ac2817316e39b06683515201620207dc29880ac91de
82,0,training/notflip/0028_000000030.jpg,notflip,0028,notflip__0028,30,training,fa54a57985140af10221f757fa6b1348e221e6f4513e7cf261fe4c2a16be8561
83,1,training/notflip/0052_000000017.jpg,notflip,0052,notflip__0052,17,training,62f4d69cfb7a0289fe1b4dcd9f706cb2a707704d76a4feafbe586153e0c7c828
83,0,training/notflip/0052_000000018.jpg,notflip,0052,notflip__0052,18,training,a354498f4d3a74fe94034288ca5d93ba82620e9759234e30714ae405480d0276
83,0,training/notflip/0052_000000019.jpg,notflip,0052,notflip__0052,19,training,ce9121f1fa7fb44a2852e1633911a54be325748289c2f580766ab9305811670d
83,0,training/notflip/0052_000000020.jpg,notflip,0052,notflip__0052,20,training,93db945def499d2b10cc9b2571ee869d5dde999e8689579981bf7591d850063d
83,0,training/notflip/0052_000000021.jpg,notflip,0052,notflip__0052,21,training,2520ab5fa677f08dabe1211615099a54ba2d57401eb970b82ff30c19db1494f3
84,1,training/flip/0048_000000009.jpg,flip,0048,flip__0048,9,training,a1b0940345608870f7342b9c2da8d9a33760a92e0384a0e7b174cdc5ba34b590
84,0,testing/flip/0048_000000010.jpg,flip,0048,flip__0048,10,testing,da2bc6c1823ac1496f9e828235a2563468545457da3c4c9a6acb1685c8ce4ba0
84,0,testing/flip/0048_000000011.jpg,flip,0048,flip__0048,11,testing,9644a687bc9b2c47301b3d0d28c747e1b42d89a534c3c68855b19736e2322bd7
84,0,training/flip/0048_000000012.jpg,flip,0048,flip__0048,12,training,d1a8177e83ee4658c8a727f7b1d7f503e42ddba4dc91dec50569be5c903283bc
85,1,training/flip/0058_000000001.jpg,flip,0058,flip__0058,1,training,8d5013d48c31acc23e68e25f92fa9aa44fb06867ec012ed646f040f50128f36a
85,0,training/flip/0058_000000002.jpg,flip,0058,flip__0058,2,training,38fcaae1102b86e702750ef2db25223c0d28fd46ba1ac7ebbc2a41207d3b8f1c
85,0,testing/flip/0058_000000003.jpg,flip,0058,flip__0058,3,testing,6fdd5e229b4586da00b652c337e2c6c4cfde46d011737cd32febc562f3c49002
85,0,testing/flip/0058_000000004.jpg,flip,0058,flip__0058,4,testing,901464d275b99b95b0524953b50baf8d1cde57c9b2b3a8a460797b42700f7718
86,1,testing/flip/0060_000000008.jpg,flip,0060,flip__0060,8,testing,d400d1fdbebc1b6941fa618787eef67fc649f801d89d05091bc01427a74159b6
86,0,training/flip/0060_000000009.jpg,flip,0060,flip__0060,9,training,a4dfb79038b912d3c9f952287eab5bd05fab80e2d079fd4f7362800c853b657a
86,0,training/flip/0060_000000010.jpg,flip,0060,flip__0060,10,training,cb43ada8a646eee4c05dd1d879d9717db5b7aefb874611cae403f347f32abd42
86,0,training/flip/0060_000000011.jpg,flip,0060,flip__0060,11,training,7206d6b88f604a659c0ce28337e43756242f6135a9712985ec243c88096e13b7
87,1,training/notflip/0004_000000003.jpg,notflip,0004,notflip__0004,3,training,a786954d367eb1bfa5044b8ea37610fd4984229cc5d20d7fb6d5daf9ce87e892
87,0,testing/notflip/0004_000000004.jpg,notflip,0004,notflip__0004,4,testing,d481639db6677439e3c53215d9038a375e77f5a44b58673e70290b74f8f2f900
87,0,training/notflip/0004_000000005.jpg,notflip,0004,notflip__0004,5,training,1a899bb4c0afb44fde25e0564d609e082f35c768e932e77a22de72639b63b2d4
87,0,training/notflip/0004_000000006.jpg,notflip,0004,notflip__0004,6,training,f630fdb6a852f470e8aeb8603ce6c834b5e2f1147602873c3470b4b484d6cb70
88,1,testing/notflip/0016_000000014.jpg,notflip,0016,notflip__0016,14,testing,6f8816b8a39bf3522776ccfa1e991614fc8ffb3bddb9872e27eb1415b17523c9
88,0,training/notflip/0016_000000015.jpg,notflip,0016,notflip__0016,15,training,b3dd0bf0244a4655732070448050502816b07d1631626f0ba6c1bb015318db7c
88,0,training/notflip/0016_000000016.jpg,notflip,0016,notflip__0016,16,training,eb35d068916b6d81b63109da86b60350eba4ec0fd25e09ac5086594f45f9f7c5
88,0,training/notflip/0016_000000017.jpg,notflip,0016,notflip__0016,17,training,32cefaec19a8e08b0ca5b2752345bb74d0b069e6923c5be4f67d067466147bed
89,1,testing/notflip/0019_000000002.jpg,notflip,0019,notflip__0019,2,testing,e59590983c672e0a31c9ca0d181e92eb43bc91ff8baa341a9ac5754e067a013a
89,0,training/notflip/0019_000000003.jpg,notflip,0019,notflip__0019,3,training,4190103b2df37f4e28ff7dffd9b73c820f0657b3590e13029a37eac8b2c6c131
89,0,testing/notflip/0019_000000004.jpg,notflip,0019,notflip__0019,4,testing,b190602ccc9adbff4ed497cf4afa0c7158c53c22bc5b78394f11c4b33d626a93
89,0,training/notflip/0019_000000005.jpg,notflip,0019,notflip__0019,5,training,1ca8bec93fde441c6a566adcea6026c5fccb9a58216038ed690c62dbf1dd9605
90,1,training/notflip/0028_000000002.jpg,notflip,0028,notflip__0028,2,training,f5c7f91da8de39de207b47a616fd47a0f71508f1ecc8919525cb0467367bef14
90,0,training/notflip/0028_000000003.jpg,notflip,0028,notflip__0028,3,training,5722730a0312c5ba808473d6868e2d173b5161600548e28b82f4b3a94363bfb0
90,0,testing/notflip/0028_000000004.jpg,notflip,0028,notflip__0028,4,testing,ca31778a96c02efd83fc78bcf14ba7cc279808e463559c7ac758aa3f98505646
90,0,training/notflip/0028_000000005.jpg,notflip,0028,notflip__0028,5,training,d0d423637f308dd5ae16ea098370666ed22ad7e25fbccab01ac97a2b87ee0a4e
91,1,testing/notflip/0046_000000003.jpg,notflip,0046,notflip__0046,3,testing,6e7a17bf213faef65a88bba41d82348e659495782e552f7a2dab8d0585b4e561
91,0,training/notflip/0046_000000004.jpg,notflip,0046,notflip__0046,4,training,cdce3766d81c585c2747ec806f8da8cb0e4cd06df330359acfbc49827f58c99b
91,0,training/notflip/0046_000000005.jpg,notflip,0046,notflip__0046,5,training,728e53737d4069233a3da32e532d0206e6c5851565f4fef50fd3870d56947242
91,0,training/notflip/0046_000000006.jpg,notflip,0046,notflip__0046,6,training,4dd6e147b1fbf0f4e9a11c5606ae35234ddccb85561aea430dee0b9e85684f9f
92,1,training/flip/0028_000000001.jpg,flip,0028,flip__0028,1,training,f62cbec8ef97f85433af142d452b33eb434fd05df3c690d5c68effabc99894cf
92,0,training/flip/0028_000000002.jpg,flip,0028,flip__0028,2,training,050f72f5fd2afc4342c669c134de0de34c843d7543cecbaa323659fbfeba9fa9
92,0,training/flip/0028_000000003.jpg,flip,0028,flip__0028,3,training,0f20a919b47c9852e19676013d900ae30cca10a7b3c389928efc6eaf0a301ddd
92,0,training/flip/0028_000000004.jpg,flip,0028,flip__0028,4,training,006ef28c2c6e9ab01b4ba5c793dc6287712293fc96bc1936880406eac64aaade
93,1,training/notflip/0007_000000015.jpg,notflip,0007,notflip__0007,15,training,5e32f5c8e4a691c70e4059b6a03726aa753c6d87942eb7bc59dcd4c6d5a4a6f4
93,0,training/notflip/0007_000000016.jpg,notflip,0007,notflip__0007,16,training,31ca7638f95abef3e5a681d44845721e33454a39cbb89eb6634ef18d5392345f
93,0,training/notflip/0007_000000017.jpg,notflip,0007,notflip__0007,17,training,8abe7f9cb407de30808a431109549542229ee5ef133cfe3d2604041766685bb2
93,0,training/notflip/0007_000000018.jpg,notflip,0007,notflip__0007,18,training,bcb5fd86c435ac8c9cbec72946aa22c413ab0dd6c488ef132f5608664de49d2f
94,1,training/notflip/0007_000000027.jpg,notflip,0007,notflip__0007,27,training,317d5efea1f587a39888f71f11bf1de583ff9d4c7288ef0f0c6b72c4874a27c3
94,0,training/notflip/0007_000000028.jpg,notflip,0007,notflip__0007,28,training,6ca02412be5ff1e4c39359cb7d9379b99c313d0bb758556f7a91c572c6e6e3c5
94,0,training/notflip/0007_000000029.jpg,notflip,0007,notflip__0007,29,training,f85602d89ebd151b927919423711ccb4ceb46a07d7048b4f0b3545d1cb8642a4
94,0,training/notflip/0007_000000030.jpg,notflip,0007,notflip__0007,30,training,d3657f8296d46c55ae4fbbe5022615e625bf51e3e74517062eb726d743740b48
95,1,training/notflip/0011_000000003.jpg,notflip,0011,notflip__0011,3,training,65115ca0d52e9262fbbdcbb53f335a778df94d22283235e912e036744a9b7cc2
95,0,training/notflip/0011_000000004.jpg,notflip,0011,notflip__0011,4,training,59e8a78ff8503bc82ca13635f247d18a8312de83abeae5b43f7cb76be9b87335
95,0,training/notflip/0011_000000005.jpg,notflip,0011,notflip__0011,5,training,eca853d09feb7c3f4bdd66dc2978981c916e1f4a2cfe07a0172f94c6161a5ccc
95,0,training/notflip/0011_000000006.jpg,notflip,0011,notflip__0011,6,training,d38400c0b51ea609e6cccade1d65ef53a4c5239c4681cd161b53f9c3b30e4479
96,1,training/notflip/0043_000000011.jpg,notflip,0043,notflip__0043,11,training,7196bb103356c7d6754813ef7817a4a3f46bfe7676756188312a489b71b22003
96,0,training/notflip/0043_000000012.jpg,notflip,0043,notflip__0043,12,training,0c21fe1253eb182c938f59400c9b8d18794902394d5ebaae7b010585dcb4573f
96,0,training/notflip/0043_000000013.jpg,notflip,0043,notflip__0043,13,training,e82e1cf0d8edf61f5199be748a52f8ba5c575136a1cece9ed26a02edf3f7d199
96,0,training/notflip/0043_000000014.jpg,notflip,0043,notflip__0043,14,training,33051e8638fcf487939cde27df05e06b516b341f15ef8478a13f0f6806b42f3b
97,1,training/notflip/0052_000000007.jpg,notflip,0052,notflip__0052,7,training,3aa0cc89a81e1ed14d3eb01dbda8a14bc641b98576096f4c8f493a8c90fd7610
97,0,training/notflip/0052_000000008.jpg,notflip,0052,notflip__0052,8,training,4220d18d344789b28fe4179ec962f42f4f998e70d54fda7eb4b607d66804199d
97,0,training/notflip/0052_000000009.jpg,notflip,0052,notflip__0052,9,training,96ca0044f613cabc8c4d654a3e0ccc04ffd663bf0fdf7f754afa692958259784
97,0,training/notflip/0052_000000010.jpg,notflip,0052,notflip__0052,10,training,39dd4dffd73dc329416dbb56477e1adb9e7faf97d5faef2cfaba96655ddd7ce3
98,1,training/flip/0003_000000004.jpg,flip,0003,flip__0003,4,training,4b168861d396f293a6d1a3d5b0fc5e08ab68aa2d1b834cf6278eaf9bc8b34d18
98,0,testing/flip/0003_000000005.jpg,flip,0003,flip__0003,5,testing,34e316bfd6a3babcbb0bb75c90b1511a1ae1c0f166511eed60215e577e416d1a
98,0,training/flip/0003_000000006.jpg,flip,0003,flip__0003,6,training,3924bfcfcff5650f524c14a03cc80b62720faecfd43f804933078fd6c999190d
99,1,training/flip/0004_000000005.jpg,flip,0004,flip__0004,5,training,b15b8dbbe7376031be56e9de68e20840b6a9beded9dccbafb38e6868ffe47b4a
99,0,testing/flip/0004_000000006.jpg,flip,0004,flip__0004,6,testing,bd30f53ab3b29e153b5410df1af324dd821226fc59cf72bbdeb6774421c0d990
99,0,training/flip/0004_000000007.jpg,flip,0004,flip__0004,7,training,f554e1524b2c13487750bcd26abd9551e85dc0a9fc23f6d57eda33b1edbacaeb
100,1,training/flip/0016_000000002.jpg,flip,0016,flip__0016,2,training,dc50da164e64b40ecb7c2b017c3fe784bb4a0055121ef0cd693034af840d3a31
100,0,training/flip/0016_000000003.jpg,flip,0016,flip__0016,3,training,fcf7ba707e043e8af2e97ba153b069ad9561aed7596f3ead5a0e30ee0229dddf
100,0,testing/flip/0016_000000004.jpg,flip,0016,flip__0016,4,testing,83259e6e620ec4b7db02ee8fee9e2337efb4a9991656569b52d57c2e96110cfc
101,1,training/flip/0038_000000014.jpg,flip,0038,flip__0038,14,training,08a04e8c1676c9ceec4f1e29ca3ae527dda0e991b42f9ae89d538617daadaeb4
101,0,testing/flip/0038_000000015.jpg,flip,0038,flip__0038,15,testing,b6603eca6b07fa647329221abe69d628589441fc502c00a586ab049119bbbdd7
101,0,testing/flip/0038_000000016.jpg,flip,0038,flip__0038,16,testing,043a05795b354f071aeaf985ac8f35a00b1cc523fec6615ae144f5cd1e349be6
102,1,testing/flip/0041_000000015.jpg,flip,0041,flip__0041,15,testing,ec7ba219418214d5e8d8ef33e86a43e2eee6e639b0167ec07c0ab8611e55d2b7
102,0,training/flip/0041_000000016.jpg,flip,0041,flip__0041,16,training,ad809da88b464c85785d13a5a53c25b3dbeb22551daedfb2c1c93f94aa35ab67
102,0,training/flip/0041_000000017.jpg,flip,0041,flip__0041,17,training,7981e5983e9c4c34aa2ac4acbc7cad9e2ae3e0dc5ec72977ba62f2ce2db49af6
103,1,training/flip/0056_000000015.jpg,flip,0056,flip__0056,15,training,d852ca246326df10792fea4eb7ea60d1f14372384cc27fea9e9fff01211ec4b3
103,0,testing/flip/0056_000000016.jpg,flip,0056,flip__0056,16,testing,d637b904577fb10ed14d7e84a23fa8224af43ffa28a32191dfceb18374c212f3
103,0,training/flip/0056_000000017.jpg,flip,0056,flip__0056,17,training,fea5d00dea6053971bef4cf35713cdba453ed75a5e1f519d63b938f2f8e4fd12
104,1,training/notflip/0001_000000013.jpg,notflip,0001,notflip__0001,13,training,e32bff855c0abbd73a3acb5ec32a55ad1960aa7570611d345132ef0e81cfa79b
104,0,testing/notflip/0001_000000014.jpg,notflip,0001,notflip__0001,14,testing,1957b7715a833da89f4767a6405879fdf3dcbe886f8bbd8455a74421bf4aa2ad
104,0,training/notflip/0001_000000015.jpg,notflip,0001,notflip__0001,15,training,2a3081692e11e08a22d842b20d68b8cdcc9ca76ce0ce0f9bbf3813334a4cfa48
105,1,testing/notflip/0001_000000024.jpg,notflip,0001,notflip__0001,24,testing,490c5e8b53b3f0550ef61ec1cb7dc46268146e82d6027f6a6e1b1029668cc1c9
105,0,training/notflip/0001_000000025.jpg,notflip,0001,notflip__0001,25,training,895f8c08bdb50dd671d15c008d9f3d035e81bf48913d22964d98d4134a7240ae
105,0,training/notflip/0001_000000026.jpg,notflip,0001,notflip__0001,26,training,6347337ed8faab9ffe323ec25291fda44ea85db5cc9d39c5af3b254af3d96a03
106,1,testing/notflip/0003_000000025.jpg,notflip,0003,notflip__0003,25,testing,ddb124ae087cf35923bf2e39af24239cae8cb1f6385bea92614a4136ef7255e0
106,0,training/notflip/0003_000000026.jpg,notflip,0003,notflip__0003,26,training,4a883df1124d54b0e9ba970ba288c5081e777c95780ebfd1308ebf76614b1318
106,0,training/notflip/0003_000000027.jpg,notflip,0003,notflip__0003,27,training,36ac6c2ee4d0e004cc894a5f72aa06fad4e7660a909e9eb74121530428e750a5
107,1,training/notflip/0004_000000022.jpg,notflip,0004,notflip__0004,22,training,569d933a466d91118d096b2cfc39dee238ac59b814e33fad5068049230963b8f
107,0,testing/notflip/0004_000000023.jpg,notflip,0004,notflip__0004,23,testing,29cb3ae2b7d372d364b57247ecb41dc89cb6d1e36eaa8ef945f2edc5c4f2e674
107,0,training/notflip/0004_000000024.jpg,notflip,0004,notflip__0004,24,training,1603a06c0bcf055ceb62a4acf9b5a36c15382abbba43ea7db2f5edf9d69c80c9
108,1,testing/notflip/0006_000000025.jpg,notflip,0006,notflip__0006,25,testing,e5556bda95d9510cbcf2caf1af84627ab50a368b245ff1f1d469349372f09a1b
108,0,training/notflip/0006_000000026.jpg,notflip,0006,notflip__0006,26,training,d515f40dc064a86afe0296642d38a070d2533cbd5e73768226f3c435f44364ac
108,0,testing/notflip/0006_000000027.jpg,notflip,0006,notflip__0006,27,testing,81b26fd113728b1d5e0e09a339569fad71cd0e8debb493590d0b0a8befd6f757
109,1,training/notflip/0011_000000025.jpg,notflip,0011,notflip__0011,25,training,bfaa7c22da5945e3831675a69e3da78502fbedaaac0d1feb04a2314d3c6b679f
109,0,training/notflip/0011_000000026.jpg,notflip,0011,notflip__0011,26,training,44bdb21d87718e88ffe1493cea0a11f5fcbd2063c4704a70abd29b691f77181d
109,0,testing/notflip/0011_000000027.jpg,notflip,0011,notflip__0011,27,testing,eb08bf92ae6f245661663fb0551cb1ffda16238fd244ec85ced07feeacd5b79d
110,1,testing/notflip/0015_000000003.jpg,notflip,0015,notflip__0015,3,testing,c9106e0619f98b2fd877274373397405d25a4c08fe910b145df5884e893063b4
110,0,testing/notflip/0015_000000004.jpg,notflip,0015,notflip__0015,4,testing,450b402aaea593bd676c710d784d353a093a3f97600b0c6b0c419a8d5f1b332b
110,0,testing/notflip/0015_000000005.jpg,notflip,0015,notflip__0015,5,testing,4bfe62c37f2fbe97bd566832b146eeea6239a5ba43a6ddbd82ab285882bc6fdd
111,1,testing/notflip/0016_000000001.jpg,notflip,0016,notflip__0016,1,testing,272e14b30c631f4715e36b86927b1f9200552aa47136d41c792e86e2eb0f82ca
111,0,training/notflip/0016_000000002.jpg,notflip,0016,notflip__0016,2,training,911e4969bd6841eea6c3d5b0de760fb3f25525e1c1f18fbdda19574178c6e648
111,0,training/notflip/0016_000000003.jpg,notflip,0016,notflip__0016,3,training,a277b9321d162a255bac809c5d0739757b6ae30c715ecdb3794f224cccb7f5d0
112,1,training/notflip/0032_000000001.jpg,notflip,0032,notflip__0032,1,training,7b0725bcf39516681e9be47b68c918e3339b48c8f98284cdafc93516c112a252
112,0,training/notflip/0032_000000002.jpg,notflip,0032,notflip__0032,2,training,f5332e587228e6d25174219f68d91c8e879e52f9be424a519d90bd06be11bcc5
112,0,testing/notflip/0032_000000003.jpg,notflip,0032,notflip__0032,3,testing,1ac6930b498b607195257cb84fd05c47c3272d7c3a2f73cf0c609b45f5407e87
113,1,training/notflip/0032_000000028.jpg,notflip,0032,notflip__0032,28,training,8162d8f211bb5f11f540d389424b4dfd3e0827320decb16529585138654019f9
113,0,testing/notflip/0032_000000029.jpg,notflip,0032,notflip__0032,29,testing,3e243a872b7da19109d51eaf7a6c1d2ba475a887fe6fbae7901e8710f3f6e9da
113,0,training/notflip/0032_000000030.jpg,notflip,0032,notflip__0032,30,training,e96d5895e7592eda6532e5405032dbd5491b49ba406fb2f1c0186466a8782ea6
114,1,training/notflip/0041_000000009.jpg,notflip,0041,notflip__0041,9,training,9243f72bd259df618470e92fab7775c9663260c2f23c515fe43e49c59d6e0aa1
114,0,training/notflip/0041_000000010.jpg,notflip,0041,notflip__0041,10,training,66e4dd2d876fff31dcce64e6d7956acd70496738f2696f26efa5747f1ffc493e
114,0,testing/notflip/0041_000000011.jpg,notflip,0041,notflip__0041,11,testing,827e6f495c27d85e58de17054b399de7892918a9b8d8a8517f65f0bd25ca4c8d
115,1,training/notflip/0043_000000021.jpg,notflip,0043,notflip__0043,21,training,7599dc59455562cb4a7a85ea156ec50d7204cc0e5d7e4637ccc020ada5614f88
115,0,training/notflip/0043_000000022.jpg,notflip,0043,notflip__0043,22,training,40c31dec72dba0d4725750a701bb009e71b3da8300c88016476396ded7035a67
115,0,testing/notflip/0043_000000023.jpg,notflip,0043,notflip__0043,23,testing,5d04758fcd6d7f9e83430e3e4d63bfabd8bce56326741df1b98e13f60f7426e8
116,1,testing/notflip/0045_000000028.jpg,notflip,0045,notflip__0045,28,testing,c413fe988156bebfa82d80968308d2f7219ddc2deeff2e341638f16ba11ae99d
116,0,training/notflip/0045_000000029.jpg,notflip,0045,notflip__0045,29,training,212c0d587ab8100627cfd8d672ce929897dc85299442e9d0cb362882716f59c6
116,0,testing/notflip/0045_000000030.jpg,notflip,0045,notflip__0045,30,testing,726e8798f2cd4d5c3f6af3d82cbe32969d673d4f00ba6f1a47b5138566ff4735
117,1,training/flip/0003_000000001.jpg,flip,0003,flip__0003,1,training,1abb370f9be20c7d87e41d268ca85d87d9ef97a6f141ebe6caa50d731dbcdcfc
117,0,training/flip/0003_000000002.jpg,flip,0003,flip__0003,2,training,64e23d9c52d834ffd7b6a22967191dc9c888974455d07c13830423977ed31619
117,0,training/flip/0003_000000003.jpg,flip,0003,flip__0003,3,training,85cebb31f89b56c15fa8ba7293d763346e445f0fc8d45d100a553c3fef083d24
118,1,training/flip/0008_000000002.jpg,flip,0008,flip__0008,2,training,4f845cf9a78619f15924c2cd5a34dcc34bcbe8f2385012c6258e388d97b7716f
118,0,training/flip/0008_000000003.jpg,flip,0008,flip__0008,3,training,62fd2deabfcc890967b4319a8158c53164ea3cf80b397bcfd0bffdde96b16f35
118,0,training/flip/0008_000000004.jpg,flip,0008,flip__0008,4,training,17ee1f234f7e41c5c870d49d715af0866c4e219575b4944ed5b295f39a251ec1
119,1,training/flip/0009_000000011.jpg,flip,0009,flip__0009,11,training,9708d6175e07198b34394db0b4fe3ccb7a56835fd60a37eadb852d967d9e1278
119,0,training/flip/0009_000000012.jpg,flip,0009,flip__0009,12,training,10fe2690527009ce35bc63a8e309b880afe161f8983b2055d097eb12880c179b
119,0,training/flip/0009_000000013.jpg,flip,0009,flip__0009,13,training,fcc4b75e68266f35d56e764f85008da992b836d74184ca16a5bd127bd5dc2476
120,1,training/flip/0030_000000023.jpg,flip,0030,flip__0030,23,training,c488c82e58f440b04afc536bd8b0494e2ec7eccaf0f2846f89dcc2f1c3f1f69e
120,0,training/flip/0030_000000024.jpg,flip,0030,flip__0030,24,training,39e18b1dc793b3bf7ebdddc1c1e188445f8cf8ba2563d6434dfa02b1d9c5f248
120,0,training/flip/0030_000000025.jpg,flip,0030,flip__0030,25,training,a980064f5843cd5c02a80ed397ba14dd4406a52d604d3c9a7cf2e522015a0945
121,1,training/flip/0041_000000011.jpg,flip,0041,flip__0041,11,training,e762fabd40bf5955cfd2c8bd11e1fe4ace3438ac82d9bb729735b42f6e6efacd
121,0,training/flip/0041_000000012.jpg,flip,0041,flip__0041,12,training,2979053c619e16f68b6f23cd31b23ea2619809ef010787db944f895a3a413362
121,0,training/flip/0041_000000013.jpg,flip,0041,flip__0041,13,training,22dfa3a9bb8040a6c0d28ee462876191f8eff1b343c3bf072639ee94dec1458b
122,1,training/flip/0059_000000003.jpg,flip,0059,flip__0059,3,training,9fbb8a5c15b01dbd8501ae37c98626d0268896302ae79f6af58a3231cac947b5
122,0,training/flip/0059_000000004.jpg,flip,0059,flip__0059,4,training,4711f7916ece6d4beb072e7e8c9f9691bd3ddeb9a1b7e48f83b4048f2f12ec6e
122,0,training/flip/0059_000000005.jpg,flip,0059,flip__0059,5,training,7034a757851041c5e3c5c7a7958f37be24308f593afd790ede62dda03e6f1542
123,1,training/notflip/0001_000000006.jpg,notflip,0001,notflip__0001,6,training,3c0467f5330d2a8172a01ab333764130016ecaaed442dfd1ceeb5ac12517e8e1
123,0,training/notflip/0001_000000011.jpg,notflip,0001,notflip__0001,11,training,12f9355860f616b89051d4ff841ee3ce35756cd841bdf99aceef5447c552f257
123,0,training/notflip/0001_000000012.jpg,notflip,0001,notflip__0001,12,training,9a18e6758ed8bfff26b810037276ad31c32473873ae37e670d5bbcff263ab855
124,1,training/notflip/0001_000000028.jpg,notflip,0001,notflip__0001,28,training,cd14d90a9ea6559ac7724ca48b62c503ea9d882e09299e6a0cea7e2df8162b0e
124,0,training/notflip/0001_000000029.jpg,notflip,0001,notflip__0001,29,training,a377642318c58d7fa4b6fc6e8f6bd8964612115a5f3366da313b2709dda6d8d4
124,0,training/notflip/0001_000000030.jpg,notflip,0001,notflip__0001,30,training,0c31fc7dd465dcbd423894cbeaa8c6a95540d70fd506ccc72961ec59afda9deb
125,1,training/notflip/0007_000000001.jpg,notflip,0007,notflip__0007,1,training,8c4fdcf97472f792f915e2133a19fd25081691c4e9859bd2cf5bd8302c3cea1f
125,0,training/notflip/0007_000000002.jpg,notflip,0007,notflip__0007,2,training,8e69db834be0b6ff284cf37f17321f9308548fc0aa736e86e33d0259b0865ab2
125,0,training/notflip/0007_000000003.jpg,notflip,0007,notflip__0007,3,training,09505476f42754295f325bba430668e1d1834cf53a5fa0ced040468d30778974
126,1,training/notflip/0023_000000005.jpg,notflip,0023,notflip__0023,5,training,73718118ed500535866c8b89545be70cb0ea8f0e82ab12e10c43459421848ec7
126,0,training/notflip/0023_000000006.jpg,notflip,0023,notflip__0023,6,training,ac5c834551e48859f46329ad886061060230cb30da1dd0232f1db44c7971b970
126,0,training/notflip/0023_000000007.jpg,notflip,0023,notflip__0023,7,training,2bbd7d8b0b7214ca46497c4650fabd1d4c82519f65e0d2335e9f58130cd13bd6
127,1,training/notflip/0026_000000001.jpg,notflip,0026,notflip__0026,1,training,f4bf6dbef606328687975d7ed22f91cd45b72c8f73add61b1ddf58ca57ed1c9a
127,0,training/notflip/0026_000000002.jpg,notflip,0026,notflip__0026,2,training,8529d598335bf4dd2592ffd8e7c37a2b7a9fb68461a608e3dba8f8f0b011b8d4
127,0,training/notflip/0026_000000003.jpg,notflip,0026,notflip__0026,3,training,e1f3f91c682565dbb4358e3caa3853d11df4ed2fab3b04c8eaaa9b2b167b0506
128,1,training/notflip/0029_000000010.jpg,notflip,0029,notflip__0029,10,training,09c285dd8bda1130c957221bddad66227f3afd8f932969e0e3b89e5a5230245e
128,0,training/notflip/0029_000000011.jpg,notflip,0029,notflip__0029,11,training,bc82201af92ff9bbe13857e45e62402dad0472cef85b556e8791aded3b57f70d
128,0,training/notflip/0029_000000012.jpg,notflip,0029,notflip__0029,12,training,8088faa902a96ad6ab7d9eb5792fa9756bdd64ea5a0ae18f944fd4e1bdfc84c6
129,1,training/notflip/0030_000000013.jpg,notflip,0030,notflip__0030,13,training,6df2219bafd781742c88e901bcb94be6f7d79a813a2935a98dc5c7659f174e0e
129,0,training/notflip/0030_000000014.jpg,notflip,0030,notflip__0030,14,training,c00d2281ed5e8aa235e6d72015c4b19de8edd19757d983d3df566d0a206c4591
129,0,training/notflip/0030_000000015.jpg,notflip,0030,notflip__0030,15,training,954dcf15507bc45e6bb0ee2291824da3017b7831ef67106c31290036dd5e2b6a
130,1,training/notflip/0036_000000008.jpg,notflip,0036,notflip__0036,8,training,7d93e8389e08d2de54f13779cd228668c07aff80d18f6413115c2254889288b2
130,0,training/notflip/0036_000000009.jpg,notflip,0036,notflip__0036,9,training,c6e5d9a52cfe0d60884ce6f38f3019b896600480990004eabc9fae6659edf3a7
130,0,training/notflip/0036_000000010.jpg,notflip,0036,notflip__0036,10,training,ab4884d7965cfa5623256770623f86efda0a73ba84005c8e381231ba5f991e11
131,1,training/notflip/0040_000000008.jpg,notflip,0040,notflip__0040,8,training,6e78866a61b9c11051781c53fbc3f9e9e76c834fed2444b4125a181198825467
131,0,training/notflip/0040_000000009.jpg,notflip,0040,notflip__0040,9,training,bbf29fc94430be8a217d747c8915b1211af3841e48b7f5e7507b564f666776c1
131,0,training/notflip/0040_000000010.jpg,notflip,0040,notflip__0040,10,training,5bb8abfd58920098cced0b130fb13038a263d9ea453ff5aadfdc6a9628cd4959
132,1,training/notflip/0044_000000011.jpg,notflip,0044,notflip__0044,11,training,09a4e7e0313228e7f9118c5f295940362e027f254b6c14a2b5e8815c5881bbf1
132,0,training/notflip/0044_000000012.jpg,notflip,0044,notflip__0044,12,training,b6d503b471c0d6d23043adf4108f87a42c3b1eca4f5513a78d78e5b3e25103d4
132,0,training/notflip/0044_000000013.jpg,notflip,0044,notflip__0044,13,training,d4fbeb65532da1c7333d266205fa48e29cf842641fe57a00638b797eb8bd46f0
133,1,training/notflip/0049_000000003.jpg,notflip,0049,notflip__0049,3,training,b7de188f25452ff972078c000bf5a92132534b4a76e723a61673f0a7557f5446
133,0,training/notflip/0049_000000004.jpg,notflip,0049,notflip__0049,4,training,50af69b5979a3d35c24bd8db9f0f3d22a08a73eed99238d7120d89229d17fa1f
133,0,training/notflip/0049_000000005.jpg,notflip,0049,notflip__0049,5,training,f6af9185d06a3e6c93a3e257723b5342f648cea3c02781cf352e40855f94985e
134,1,training/notflip/0052_000000011.jpg,notflip,0052,notflip__0052,11,training,b9237c2610182c658e69fc604d68df99572decdf9df6f07fa99d185504091b59
134,0,training/notflip/0052_000000012.jpg,notflip,0052,notflip__0052,12,training,58c81ae46025a994de2b816e499e2062c69bd1b5fe5f3a710c3b85a1dcb9f717
134,0,training/notflip/0052_000000013.jpg,notflip,0052,notflip__0052,13,training,8509eddaedacfcaabbd87e294af08305426f433deb3325821394aeb70573e6f7
135,1,training/notflip/0053_000000012.jpg,notflip,0053,notflip__0053,12,training,b02219ffe81f002d41cc5b65dedcae84bb54e2fa582201755731daf7df52de31
135,0,training/notflip/0053_000000013.jpg,notflip,0053,notflip__0053,13,training,f57c6c8489e1a48f4e7a28a554f7e4fa6ee15aacf1c7bf369b0c02ba4a76de50
135,0,training/notflip/0053_000000014.jpg,notflip,0053,notflip__0053,14,training,352de785c1e8161e48529e3af0e6c3d3e08bf27e50b695b486536e12b4739159
136,1,training/notflip/0057_000000024.jpg,notflip,0057,notflip__0057,24,training,90372a7f63dd3db7b2d403495adc480e428893d6d975f89f3c8483e1726c5490
136,0,training/notflip/0057_000000025.jpg,notflip,0057,notflip__0057,25,training,287b9ff4176300af31bbecf1b074b0d5ac8b7b3719be147d436f428e92ae71e5
136,0,training/notflip/0057_000000026.jpg,notflip,0057,notflip__0057,26,training,1fa79c918c42ca89d37854c8cb8dfd0882fd4f32dd6bb8c5c9d0f42ed2d16f97
137,1,training/notflip/0057_000000028.jpg,notflip,0057,notflip__0057,28,training,799bea337d7563291e0e69026e7f2c754f508f2de40374ea40fd8fd39fca6219
137,0,training/notflip/0057_000000029.jpg,notflip,0057,notflip__0057,29,training,5ecedfb684a5f50a3c46f4a63f2e24288a57fe5ef806a1ae65471882b5a7f289
137,0,training/notflip/0057_000000030.jpg,notflip,0057,notflip__0057,30,training,f893886a1fd00cc208a6a362b150ca60912c1e208766e970c8d26c5ad12fe3e7
138,1,testing/flip/0008_000000007.jpg,flip,0008,flip__0008,7,testing,ca45f5ef3773186eaf362f55af7a626ddd4ea095ef9265c09d6624001a2fb108
138,0,training/flip/0008_000000008.jpg,flip,0008,flip__0008,8,training,fa2af5c87b860f0da083c9c78ea9e45104bf99b8dcffec7b8793efa2681802a3
139,1,testing/flip/0016_000000008.jpg,flip,0016,flip__0016,8,testing,eb4ff593e8053a1dc69491c4ef3985842c5ad196f329e56d992edd6e9dca875d
139,0,training/flip/0016_000000009.jpg,flip,0016,flip__0016,9,training,49adf86d634e643113176aadbba409d8711c3b9179b41e43e06d25052b1f1a7f
140,1,testing/flip/0036_000000008.jpg,flip,0036,flip__0036,8,testing,ec8942baacc8a4f2110c71c48a7104f04117637179891009ba5e492159b56bd1
140,0,testing/flip/0036_000000009.jpg,flip,0036,flip__0036,9,testing,bb69e3a2828b6e9f85931f209caf29497b283a06861b0743e6f978d8f2d486d0
141,1,testing/flip/0038_000000032.jpg,flip,0038,flip__0038,32,testing,c3d2b4f2ec3216082a85c8916e1e186dda15e038cdc4fd691d2fb41c50931aaa
141,0,training/flip/0038_000000033.jpg,flip,0038,flip__0038,33,training,f5af4863b91d1a8b0e6a2f4e205175c2d2de8a468d69b3bc41d90c2b336e52d1
142,1,testing/flip/0039_000000009.jpg,flip,0039,flip__0039,9,testing,e6fcff118f21ee418c180b9f8050c909ca6152eed3a90245708a23c60f17546d
142,0,training/flip/0039_000000010.jpg,flip,0039,flip__0039,10,training,8488e83d02dd50932967ef78b048ccda6352a3d2a165adf68a96b537a126204a
143,1,training/flip/0042_000000001.jpg,flip,0042,flip__0042,1,training,5e99824403de316815e7cc44774446988fca5341b701faa0923bda08a022f9ec
143,0,testing/flip/0042_000000002.jpg,flip,0042,flip__0042,2,testing,ab6b5ef7babc0b52a2630a8a690064a1a98fe5d6dda85e2b011c5b86e9df820b
144,1,testing/flip/0054_000000010.jpg,flip,0054,flip__0054,10,testing,9bb7ab971e92a648e30f0e2aea7378c4e1aa7ea9176e83f2365176961b999bbd
144,0,testing/flip/0054_000000011.jpg,flip,0054,flip__0054,11,testing,6f1566a2de700bcd7657b856559f8a7183dd620c8abc3f56601add4315e85935
145,1,testing/flip/0060_000000006.jpg,flip,0060,flip__0060,6,testing,93b962f220122312fc68269d0a257d645bf1e7399ce3ec2117bbbf40d1592d30
145,0,training/flip/0060_000000007.jpg,flip,0060,flip__0060,7,training,19880a042b46b2de0c6a73b7e25571f9a7ad018f68e7dc898f6e4fa1d653a13a
146,1,training/flip/0060_000000012.jpg,flip,0060,flip__0060,12,training,00c916ad791e960bd3633b207e972dbc4d35cc2d5b3d1cf59c5ec14d4c3b17ba
146,0,testing/flip/0060_000000013.jpg,flip,0060,flip__0060,13,testing,fbbd1515db87e338c525f0aa66012dd992bcb75c7a4848aa3c51362cc964edfa
147,1,training/flip/0063_000000010.jpg,flip,0063,flip__0063,10,training,2895f60642d03061e751c5189773ba6b697f70069c5a3b528c126b54fe7336d3
147,0,testing/flip/0063_000000011.jpg,flip,0063,flip__0063,11,testing,f6b533cf7bad3d08270f4b5b2cbc01b59b450110af68270c469ce74badca9605
148,1,training/flip/0063_000000013.jpg,flip,0063,flip__0063,13,training,c872057cad766a9ccc2d569c55e5b4c005fb2e73932beb4180085e42bbcabac2
148,0,testing/flip/0063_000000014.jpg,flip,0063,flip__0063,14,testing,67ed543f42b22071fad866eb1214912dba217fdd0f8f79aad159a8a2ba5b48f7
149,1,training/notflip/0001_000000008.jpg,notflip,0001,notflip__0001,8,training,cd08e57d817eff51ece3ee36ff48f3668ab06678c75c6db0c679e282ed1630fb
149,0,testing/notflip/0001_000000009.jpg,notflip,0001,notflip__0001,9,testing,9f6d6fe0ae404a171ccd1a0a03449938b193daa9c72358dd07513202195e5b4d
150,1,training/notflip/0006_000000020.jpg,notflip,0006,notflip__0006,20,training,029e22aa8b96304e22b710d596f29c6ad865dfd439b67a30a3966360fc420b7e
150,0,testing/notflip/0006_000000021.jpg,notflip,0006,notflip__0006,21,testing,16262a28efa82817ac6c1baca1cc01085bbd36dfc9da2fdde4b61e3158dcda7c
151,1,testing/notflip/0006_000000023.jpg,notflip,0006,notflip__0006,23,testing,f744a6c86966a416c9ca88ea2baa45900713294b8c44e6aa7e3777312db1d130
151,0,training/notflip/0006_000000024.jpg,notflip,0006,notflip__0006,24,training,cea8a4f70fbe398ae6e54300aa084bc5f6bd30bda779f9676a390162889d2e72
152,1,testing/notflip/0006_000000028.jpg,notflip,0006,notflip__0006,28,testing,3cf338aad3f43262da302d2878ac1c961a3d3680248f3a5722512a79c2850e1e
152,0,testing/notflip/0006_000000029.jpg,notflip,0006,notflip__0006,29,testing,95c375e8275e8b0fa202fb711f29f265193d4b9ab1b438d2dc8970838f5bd682
153,1,testing/notflip/0026_000000014.jpg,notflip,0026,notflip__0026,14,testing,44313db4734ba8b4bb024e9fffd653793bedc3e8db4440c7570c4fa693557651
153,0,training/notflip/0026_000000015.jpg,notflip,0026,notflip__0026,15,training,d84ea0fdcbaceb0c567fe6ac98748d17b5498d37dad6483f21d4bd2e0708eb26
154,1,training/notflip/0042_000000029.jpg,notflip,0042,notflip__0042,29,training,a301381765950e063adb3779cabd698aac62485801cadf385307505386b7742c
154,0,testing/notflip/0042_000000030.jpg,notflip,0042,notflip__0042,30,testing,64d7620673870afcf169f4700f77b6dabf97d2a9276e290625f18df420c0fbf9
155,1,testing/notflip/0045_000000012.jpg,notflip,0045,notflip__0045,12,testing,ce785a56092d2d3f0b7b082add6788edce0f6d2e5ac020827d7d4ffcea2c7159
155,0,testing/notflip/0045_000000013.jpg,notflip,0045,notflip__0045,13,testing,18f7d91bcd6d84e55957aa473e8370aa7dacf2480cb7b56665bf6959fdaec59d
156,1,testing/notflip/0051_000000002.jpg,notflip,0051,notflip__0051,2,testing,553aa1fff6f5a2d3b52221da61d09f763adda33718745df32b6a68113225cb9f
156,0,training/notflip/0051_000000003.jpg,notflip,0051,notflip__0051,3,training,c9dfcdea9f47280f4b1b10f7fdc8f91206569582e164d6e0c8435c95f8b97846
157,1,training/flip/0001_000000010.jpg,flip,0001,flip__0001,10,training,cec180fcfcefce69a3a16c513b37395ea32668869f99cbd0d56427fcd9575af5
157,0,training/flip/0001_000000011.jpg,flip,0001,flip__0001,11,training,193235dc2094617a7a2aa5338eb39bc005874edca9ac7ccc52bbfd2cbbf941aa
158,1,training/flip/0009_000000003.jpg,flip,0009,flip__0009,3,training,5562b8424ca1462ece6895b008f51ac08182f35303e8fde732b56874796ef534
158,0,training/flip/0009_000000004.jpg,flip,0009,flip__0009,4,training,8136011238868be28d4f6df899d4dfd9783e7478d54583d8a287b369958dab62
159,1,training/flip/0016_000000011.jpg,flip,0016,flip__0016,11,training,fd0c16f12687a70a2b36bb2fd933771f1d5e51c8199cc7dbbc1810322f33557c
159,0,training/flip/0016_000000012.jpg,flip,0016,flip__0016,12,training,53758585a80169945dfe2d113d6f985219d26ea2f94049a7a8c7352afbfe139a
160,1,training/flip/0016_000000014.jpg,flip,0016,flip__0016,14,training,d6e74684d6eb3aba106732a7c957da4dce0d870709377659fe7f154fb62cfc8f
160,0,training/flip/0016_000000015.jpg,flip,0016,flip__0016,15,training,715c481d69e758d809a69b068863b30f1b092ab6a53b574b9efbe315158f632f
161,1,training/flip/0016_000000016.jpg,flip,0016,flip__0016,16,training,c3baf2e8979689f1890b4094c7dbdc38d25e75e7ac3e78e473d30d0141fb9d5f
161,0,training/flip/0016_000000017.jpg,flip,0016,flip__0016,17,training,9c9cb763e1f4c4396126a5e3c388e51e04377e438d6d0081d51023ed2c6ffab5
162,1,training/flip/0016_000000019.jpg,flip,0016,flip__0016,19,training,4f1c18e4d7ddc4e7695f1d6e494ad616198a261574a083b78ec2e0febe3674a9
162,0,training/flip/0016_000000020.jpg,flip,0016,flip__0016,20,training,ac9153962777a074a851d8b138c4f244397c48eb627e7d8a417687b2e0746c16
163,1,training/flip/0019_000000012.jpg,flip,0019,flip__0019,12,training,e02e779612222156209b434e3df65b78e705e95ddae2c9ab7607b17f5f45833f
163,0,training/flip/0019_000000013.jpg,flip,0019,flip__0019,13,training,5ab7f2a7ddfcdcbdaec6f1a0d72962bf5e79cb1fe5a0f3767ad77310530ee73d
164,1,training/flip/0023_000000003.jpg,flip,0023,flip__0023,3,training,ff3817ff6721cdbc49613b5241cf0bbb73e32218b8c836434b519d2407d4f230
164,0,training/flip/0023_000000004.jpg,flip,0023,flip__0023,4,training,3ee31fc2a97cd3696c5d7bbf2f935ba13e00ec35575ad4169f5b8d02f84d18d9
165,1,training/flip/0023_000000005.jpg,flip,0023,flip__0023,5,training,e7b4b1e8629db3098e6c69bcccd0b5c73639b9746b404975706175b3776991fa
165,0,training/flip/0023_000000006.jpg,flip,0023,flip__0023,6,training,bce0d1ba2c2a1491f6fc7807eb65622d9b74b12f8aa81f405f238ff5f1a32f42
166,1,training/flip/0031_000000014.jpg,flip,0031,flip__0031,14,training,a861a7ff7b29b4c2e6c6d437637e97e9908c189382520d921415b2a4a5b57026
166,0,training/flip/0031_000000015.jpg,flip,0031,flip__0031,15,training,65e27638ac892f69b800994431a06dc76264beddf6ec3dd1c5ab9910a4336262
167,1,training/flip/0038_000000011.jpg,flip,0038,flip__0038,11,training,82796cff29d38828b557f896e1d97e993c6b6cbdc131e459c1d0c18c99322bf0
167,0,training/flip/0038_000000012.jpg,flip,0038,flip__0038,12,training,2b99f91d30acf3aeac483ec42e32e5c99d3e7023fbaca2c50f3165afc71a38e0
168,1,training/flip/0053_000000001.jpg,flip,0053,flip__0053,1,training,0178ec243a5f965c38340c8754a02577556afbad8a5cd296b67e6629b8fabd61
168,0,training/flip/0053_000000002.jpg,flip,0053,flip__0053,2,training,69bd05a72a2566c01eca6c904dd75ef2cc7ff731fb23f3eae55d5893e2c046c1
169,1,training/flip/0054_000000008.jpg,flip,0054,flip__0054,8,training,1e1ac3f4f63981882f59597cd8f3169c1c901e8924e0c9a374322285264b3b14
169,0,training/flip/0054_000000009.jpg,flip,0054,flip__0054,9,training,26af4f8cdb4aaa732b7bf9d865388fb9e712657416c53b3ab7586161ae6b0519
170,1,training/flip/0055_000000029.jpg,flip,0055,flip__0055,29,training,8b54e6664e9a82dfba6e7cb835bd92892b0d9aab3699c0405fbcf690b280fea8
170,0,training/flip/0055_000000030.jpg,flip,0055,flip__0055,30,training,7a206da37f9f764ddf87422593d943726f3c54bdafb88a2051df6e855481a11f
171,1,training/flip/0059_000000001.jpg,flip,0059,flip__0059,1,training,7c0313ca014a8acf4ef6dc365b07f77f2a4d21cc724424e6bc35ad04bf0dcbe7
171,0,training/flip/0059_000000002.jpg,flip,0059,flip__0059,2,training,865d6a308560381863a21c803aaec439b9cdb09a5ecf80796e7dd691334d48d1
172,1,training/flip/0059_000000006.jpg,flip,0059,flip__0059,6,training,e151816267b1d17d0a83e062ca07599b452ca4609cda5f9ac65dcc8eeeb6a0f0
172,0,training/flip/0059_000000007.jpg,flip,0059,flip__0059,7,training,c91927fee22b77444d7a2b8aa36cf4de6f3524a4b6bf3a2603c94ce8a89d7f4a
173,1,training/notflip/0001_000000007.jpg,notflip,0001,notflip__0001,7,training,129ef5998b1901f391627218f8ab96b3e54d7a4405d974621014cd16506dbb04
173,0,training/notflip/0001_000000010.jpg,notflip,0001,notflip__0001,10,training,3bc4e6db9fbcd008ff7c63257fad7527641de74aec66e219ec08625008e4b121
174,1,training/notflip/0010_000000001.jpg,notflip,0010,notflip__0010,1,training,146947990d03fb7fa04b68f2ac6eaac97c0a2e5ebefb28059d4fd4061a3f2d54
174,0,training/notflip/0010_000000002.jpg,notflip,0010,notflip__0010,2,training,9664f2c225e12bd23d3fb5ab90945493afb3e3da388a8fd5846684cd4149362c
175,1,training/notflip/0011_000000029.jpg,notflip,0011,notflip__0011,29,training,f3abbae0bea25cb7e9b85f023280cf677cc2908b78ff7cfde78cbe5d72e0c0b2
175,0,training/notflip/0011_000000030.jpg,notflip,0011,notflip__0011,30,training,e6912c60cc010fe2301204244a360b3c44a91c89304b968f1fb6c0a977122e04
176,1,training/notflip/0016_000000004.jpg,notflip,0016,notflip__0016,4,training,f335851817c4183deec51d95811fe1a1a12ca91e7c0c9a611cae3e680c88a567
176,0,training/notflip/0016_000000005.jpg,notflip,0016,notflip__0016,5,training,1fbe7943beaf3275974a55821360992e2aa58c73341195e363752a10c2010983
177,1,training/notflip/0026_000000016.jpg,notflip,0026,notflip__0026,16,training,cbf17c5e27dd7d0a0ace4cc7dcfb7e51cedcae7331716e5cc1cf25b7c777c2e5
177,0,training/notflip/0026_000000017.jpg,notflip,0026,notflip__0026,17,training,b84ae8d0fdd8bd443c7574ad68e1bc5a08db4df4a7741f7df65a954ee47ac1e1
178,1,training/notflip/0029_000000015.jpg,notflip,0029,notflip__0029,15,training,a216a0eb24e6881df9800e5bfbe1f3ec15a3357f2501cf16df1334f9a6ddaf70
178,0,training/notflip/0029_000000016.jpg,notflip,0029,notflip__0029,16,training,01a091793a970d65fae84269cab9b0511d9688b647ecee6a0c893a02327f0e8b
179,1,training/notflip/0030_000000016.jpg,notflip,0030,notflip__0030,16,training,b6a245458ea7052805476248d0d2cf4a23ad071531db08d388ac39c7289b3412
179,0,training/notflip/0030_000000017.jpg,notflip,0030,notflip__0030,17,training,482cd374517db6b56d9d778789f6719b660746f8d572981e527967b8ecdd2403
180,1,training/notflip/0031_000000002.jpg,notflip,0031,notflip__0031,2,training,a7426076f749053faae6fb56fd803e20a523c9f31f158822589eb0a8f5c5dbf2
180,0,training/notflip/0031_000000003.jpg,notflip,0031,notflip__0031,3,training,9290fc211beb4659b8ce7b65b22f9450f67a62acb6c9aa4a68fb9d96b5bf9c24
181,1,training/notflip/0038_000000001.jpg,notflip,0038,notflip__0038,1,training,03461fdd4cf3ef1f89c08fb1b30dbad6874b20dd4432a82a7f52f02e66dc71f9
181,0,training/notflip/0038_000000002.jpg,notflip,0038,notflip__0038,2,training,52d4a97de153a61bcc36bfcf56df277149ee21e74afc3637560065c57d916a50
182,1,training/notflip/0038_000000003.jpg,notflip,0038,notflip__0038,3,training,434602b7873d99797e655a09f31cdaff6b10df9c258b2b8156f4308b6c5813f9
182,0,training/notflip/0038_000000004.jpg,notflip,0038,notflip__0038,4,training,97d4581dd2959e57c2573d868fd968e7fe148fe1939d32aaa30b8eafc516d675
183,1,training/notflip/0039_000000014.jpg,notflip,0039,notflip__0039,14,training,1b4d9ac0915ccb4ae873230b5826472515abd74ddf0cd9bbefaa4bf98507d7ab
183,0,training/notflip/0039_000000015.jpg,notflip,0039,notflip__0039,15,training,e4acd8597822ef2642de69f3305d46d8e5e252a0d6ab08c8b654e25fd94dbd13
184,1,training/notflip/0039_000000016.jpg,notflip,0039,notflip__0039,16,training,2ba508641c4b11027317aafb523631bf5e59aea53d3962d59702e5368cff6302
184,0,training/notflip/0039_000000017.jpg,notflip,0039,notflip__0039,17,training,4496eb18807e52a40103b72fb83dd2059da9b9fc29c2a5850332d326a3c89f0f
185,1,training/notflip/0045_000000014.jpg,notflip,0045,notflip__0045,14,training,869399eb1e0fa27df280da0619e95a7b60a2f556d7b12ed7a828f614a241a356
185,0,training/notflip/0045_000000015.jpg,notflip,0045,notflip__0045,15,training,7283f2690fe38e5cb5f048e54002baf047e27099734c8386c8ea55c5b69acb75
186,1,training/notflip/0046_000000001.jpg,notflip,0046,notflip__0046,1,training,7928ddee51eed3494179f86cf284a429679748290caaa53158a26808a9f1eb43
186,0,training/notflip/0046_000000002.jpg,notflip,0046,notflip__0046,2,training,a05b8fa16faf88d8e619d46cf8948d8027963309a11ac17f7453323496ed476a
187,1,training/notflip/0050_000000003.jpg,notflip,0050,notflip__0050,3,training,84e6304ba9a4c8a782a54385552f94b06d88afc63a1b3967e1ffa0b0739a2bb7
187,0,training/notflip/0050_000000004.jpg,notflip,0050,notflip__0050,4,training,610084797f8c8a2bae4bc03d40f3b70878e04df08a578f6c58d87889750fdf0a
188,1,training/notflip/0054_000000014.jpg,notflip,0054,notflip__0054,14,training,51b03b63b6b42c8aea53e753c63cc72de96f9e39c7ef15082877a9b5b6337bad
188,0,training/notflip/0054_000000015.jpg,notflip,0054,notflip__0054,15,training,e16db194e11c2afb867183d5e25dee5729e193f7709a844c7b740e2225208c81
189,1,training/notflip/0056_000000009.jpg,notflip,0056,notflip__0056,9,training,3aa7786b1bfb59b1e153e9311e0e01ffb4c5d7012f1dc3151a1892884eadc34d
189,0,training/notflip/0056_000000010.jpg,notflip,0056,notflip__0056,10,training,7476e684d40bfde9d54a55aa7953f7f2346b7d2f711c84a7e89a3581154dae65
