candidate_id,sample_id,video_id,frame_number,y_true,prob_flip,y_pred
C01,training/flip/0034_000000025,flip/0034,25,1,0.011795454658567905,0
C01,training/flip/0034_000000026,flip/0034,26,1,0.009228704497218132,0
C01,training/flip/0034_000000027,flip/0034,27,1,0.006598836276680231,0
C01,training/flip/0035_000000019,flip/0035,19,1,0.01945319026708603,0
C01,training/flip/0035_000000020,flip/0035,20,1,0.02517557516694069,0
C01,training/flip/0035_000000021,flip/0035,21,1,0.022136563435196877,0
C01,training/flip/0035_000000022,flip/0035,22,1,0.011327806860208511,0
C01,training/flip/0036_000000023,flip/0036,23,1,0.15354573726654053,0
C01,testing/flip/0036_000000024,flip/0036,24,1,0.23394270241260529,0
C01,training/flip/0036_000000025,flip/0036,25,1,0.3009669780731201,0
C01,training/flip/0036_000000026,flip/0036,26,1,0.23070025444030762,0
C01,training/flip/0036_000000027,flip/0036,27,1,0.16058526933193207,0
C01,training/flip/0037_000000022,flip/0037,22,1,0.03190992400050163,0
C01,training/flip/0037_000000023,flip/0037,23,1,0.02261929400265217,0
C01,testing/flip/0037_000000024,flip/0037,24,1,0.010935640893876553,0
C01,training/flip/0037_000000025,flip/0037,25,1,0.007738151587545872,0
C01,training/flip/0037_000000026,flip/0037,26,1,0.010369100607931614,0
C01,training/flip/0037_000000027,flip/0037,27,1,0.01161284651607275,0
C01,training/flip/0038_000000040,flip/0038,40,1,0.3587590157985687,0
C01,training/flip/0038_000000041,flip/0038,41,1,0.360515832901001,0
C01,training/flip/0038_000000042,flip/0038,42,1,0.34395408630371094,0
C01,testing/flip/0038_000000043,flip/0038,43,1,0.437873512506485,0
C01,testing/flip/0038_000000044,flip/0038,44,1,0.44279277324676514,0
C01,training/flip/0038_000000045,flip/0038,45,1,0.39568406343460083,0
C01,training/flip/0038_000000046,flip/0038,46,1,0.34595736861228943,0
C01,testing/flip/0038_000000047,flip/0038,47,1,0.2884965240955353,0
C01,testing/flip/0038_000000048,flip/0038,48,1,0.17698568105697632,0
C01,training/flip/0038_000000049,flip/0038,49,1,0.11440487205982208,0
C01,training/flip/0039_000000024,flip/0039,24,1,0.016994085162878036,0
C01,training/flip/0039_000000025,flip/0039,25,1,0.012697815895080566,0
C01,training/flip/0039_000000026,flip/0039,26,1,0.0074239615350961685,0
C01,training/flip/0039_000000027,flip/0039,27,1,0.004381390288472176,0
C01,training/flip/0039_000000028,flip/0039,28,1,0.0036900665145367384,0
C01,training/flip/0040_000000026,flip/0040,26,1,0.8686525225639343,1
C01,training/flip/0040_000000027,flip/0040,27,1,0.7691348791122437,1
C01,testing/flip/0040_000000028,flip/0040,28,1,0.6560646891593933,1
C01,training/flip/0040_000000029,flip/0040,29,1,0.6828898787498474,1
C01,training/flip/0040_000000030,flip/0040,30,1,0.6817615628242493,1
C01,training/flip/0041_000000026,flip/0041,26,1,0.023021193221211433,0
C01,testing/flip/0041_000000027,flip/0041,27,1,0.017467493191361427,0
C01,training/flip/0041_000000028,flip/0041,28,1,0.018470000475645065,0
C01,training/flip/0041_000000029,flip/0041,29,1,0.018060166388750076,0
C01,training/flip/0042_000000025,flip/0042,25,1,0.6953018307685852,1
C01,training/flip/0042_000000026,flip/0042,26,1,0.6163060069084167,1
C01,testing/flip/0042_000000027,flip/0042,27,1,0.46625301241874695,0
C01,training/flip/0042_000000028,flip/0042,28,1,0.2779688835144043,0
C01,training/flip/0042_000000029,flip/0042,29,1,0.21586772799491882,0
C01,training/flip/0042_000000030,flip/0042,30,1,0.15791606903076172,0
C01,testing/flip/0043_000000023,flip/0043,23,1,0.09021905809640884,0
C01,training/flip/0043_000000024,flip/0043,24,1,0.052099380642175674,0
C01,testing/flip/0044_000000024,flip/0044,24,1,0.8332045078277588,1
C01,testing/flip/0044_000000025,flip/0044,25,1,0.6091298460960388,1
C01,training/flip/0044_000000026,flip/0044,26,1,0.5264480113983154,1
C01,training/flip/0044_000000027,flip/0044,27,1,0.5088847875595093,1
C01,training/flip/0044_000000028,flip/0044,28,1,0.49831506609916687,0
C01,training/flip/0044_000000029,flip/0044,29,1,0.3968296945095062,0
C01,training/flip/0045_000000026,flip/0045,26,1,0.5785945057868958,1
C01,testing/flip/0045_000000027,flip/0045,27,1,0.49173635244369507,0
C01,training/flip/0045_000000028,flip/0045,28,1,0.3602285385131836,0
C01,training/flip/0045_000000029,flip/0045,29,1,0.2802320420742035,0
C01,training/flip/0045_000000030,flip/0045,30,1,0.17045313119888306,0
C01,testing/flip/0046_000000023,flip/0046,23,1,0.08851152658462524,0
C01,training/flip/0046_000000024,flip/0046,24,1,0.0681237205862999,0
C01,testing/flip/0046_000000025,flip/0046,25,1,0.03807363286614418,0
C01,training/flip/0046_000000026,flip/0046,26,1,0.026484955102205276,0
C01,training/flip/0046_000000027,flip/0046,27,1,0.023366417735815048,0
C01,testing/flip/0047_000000026,flip/0047,26,1,0.7351437211036682,1
C01,training/flip/0047_000000027,flip/0047,27,1,0.6903107166290283,1
C01,training/flip/0047_000000028,flip/0047,28,1,0.7832989692687988,1
C01,training/flip/0047_000000029,flip/0047,29,1,0.7778810262680054,1
C01,training/flip/0047_000000030,flip/0047,30,1,0.6237934231758118,1
C01,training/flip/0048_000000026,flip/0048,26,1,0.040364451706409454,0
C01,training/flip/0048_000000027,flip/0048,27,1,0.021683339029550552,0
C01,training/flip/0048_000000028,flip/0048,28,1,0.010117782279849052,0
C01,training/flip/0048_000000029,flip/0048,29,1,0.0021614886354655027,0
C01,training/flip/0048_000000030,flip/0048,30,1,0.0019595089834183455,0
C01,training/notflip/0027_000000025,notflip/0027,25,0,0.010781536810100079,0
C01,training/notflip/0027_000000026,notflip/0027,26,0,0.010092267766594887,0
C01,training/notflip/0027_000000027,notflip/0027,27,0,0.01129868533462286,0
C01,training/notflip/0027_000000028,notflip/0027,28,0,0.011381597258150578,0
C01,training/notflip/0027_000000029,notflip/0027,29,0,0.011444911360740662,0
C01,training/notflip/0027_000000030,notflip/0027,30,0,0.010417704470455647,0
C01,training/notflip/0028_000000025,notflip/0028,25,0,0.0002382709935773164,0
C01,training/notflip/0028_000000026,notflip/0028,26,0,0.0002820445515681058,0
C01,training/notflip/0028_000000027,notflip/0028,27,0,0.000257950829109177,0
C01,training/notflip/0028_000000028,notflip/0028,28,0,0.00024811201728880405,0
C01,training/notflip/0028_000000029,notflip/0028,29,0,0.00022082627401687205,0
C01,training/notflip/0028_000000030,notflip/0028,30,0,0.00019816984422504902,0
C01,testing/notflip/0029_000000025,notflip/0029,25,0,0.0034359770361334085,0
C01,training/notflip/0029_000000026,notflip/0029,26,0,0.003549617249518633,0
C01,training/notflip/0029_000000027,notflip/0029,27,0,0.003411061828956008,0
C01,training/notflip/0029_000000028,notflip/0029,28,0,0.0037664459086954594,0
C01,training/notflip/0029_000000029,notflip/0029,29,0,0.0038601665291935205,0
C01,training/notflip/0029_000000030,notflip/0029,30,0,0.00381217198446393,0
C01,training/notflip/0030_000000025,notflip/0030,25,0,0.005117643624544144,0
C01,training/notflip/0030_000000026,notflip/0030,26,0,0.005529382731765509,0
C01,training/notflip/0030_000000027,notflip/0030,27,0,0.005216989666223526,0
C01,testing/notflip/0030_000000028,notflip/0030,28,0,0.005531622096896172,0
C01,training/notflip/0030_000000029,notflip/0030,29,0,0.005448204930871725,0
C01,training/notflip/0030_000000030,notflip/0030,30,0,0.005722609348595142,0
C01,training/notflip/0031_000000025,notflip/0031,25,0,0.021748263388872147,0
C01,training/notflip/0031_000000026,notflip/0031,26,0,0.01981254667043686,0
C01,training/notflip/0031_000000027,notflip/0031,27,0,0.016384894028306007,0
C01,training/notflip/0031_000000028,notflip/0031,28,0,0.0175236314535141,0
C01,training/notflip/0031_000000029,notflip/0031,29,0,0.017042256891727448,0
C01,training/notflip/0031_000000030,notflip/0031,30,0,0.02109687216579914,0
C01,training/notflip/0032_000000025,notflip/0032,25,0,0.0014464937848970294,0
C01,training/notflip/0032_000000026,notflip/0032,26,0,0.0011847837595269084,0
C01,training/notflip/0032_000000027,notflip/0032,27,0,0.0013112649321556091,0
C01,training/notflip/0032_000000028,notflip/0032,28,0,0.001082438393495977,0
C01,testing/notflip/0032_000000029,notflip/0032,29,0,0.0011259467573836446,0
C01,training/notflip/0032_000000030,notflip/0032,30,0,0.001019640825688839,0
C01,testing/notflip/0033_000000025,notflip/0033,25,0,0.04041573777794838,0
C01,training/notflip/0033_000000026,notflip/0033,26,0,0.04782719537615776,0
C01,testing/notflip/0033_000000027,notflip/0033,27,0,0.05255909264087677,0
C01,training/notflip/0033_000000028,notflip/0033,28,0,0.05563513562083244,0
C01,training/notflip/0033_000000029,notflip/0033,29,0,0.06521952897310257,0
C01,training/notflip/0033_000000030,notflip/0033,30,0,0.08742168545722961,0
C01,testing/notflip/0034_000000025,notflip/0034,25,0,0.013265615329146385,0
C01,training/notflip/0034_000000026,notflip/0034,26,0,0.014344296418130398,0
C01,training/notflip/0034_000000027,notflip/0034,27,0,0.015766888856887817,0
C01,training/notflip/0034_000000028,notflip/0034,28,0,0.017162956297397614,0
C01,training/notflip/0034_000000029,notflip/0034,29,0,0.016731692478060722,0
C01,testing/notflip/0034_000000030,notflip/0034,30,0,0.01899767480790615,0
C01,testing/notflip/0035_000000026,notflip/0035,26,0,0.01816963590681553,0
C01,training/notflip/0035_000000027,notflip/0035,27,0,0.01793711632490158,0
C01,training/notflip/0035_000000028,notflip/0035,28,0,0.022408386692404747,0
C01,training/notflip/0035_000000029,notflip/0035,29,0,0.02617652714252472,0
C01,training/notflip/0035_000000030,notflip/0035,30,0,0.030163414776325226,0
C01,training/notflip/0035_000000031,notflip/0035,31,0,0.03305608406662941,0
C01,training/notflip/0035_000000032,notflip/0035,32,0,0.046419866383075714,0
C01,testing/notflip/0036_000000025,notflip/0036,25,0,0.06935013830661774,0
C01,training/notflip/0036_000000026,notflip/0036,26,0,0.07265320420265198,0
C01,training/notflip/0036_000000027,notflip/0036,27,0,0.08048653602600098,0
C01,testing/notflip/0036_000000028,notflip/0036,28,0,0.07902877777814865,0
C01,training/notflip/0036_000000029,notflip/0036,29,0,0.08471201360225677,0
C01,testing/notflip/0036_000000030,notflip/0036,30,0,0.0809968039393425,0
C01,testing/notflip/0037_000000025,notflip/0037,25,0,0.019925231114029884,0
C01,training/notflip/0037_000000026,notflip/0037,26,0,0.019515397027134895,0
C01,training/notflip/0037_000000027,notflip/0037,27,0,0.01935727894306183,0
C01,testing/notflip/0037_000000028,notflip/0037,28,0,0.018220258876681328,0
C01,training/notflip/0037_000000029,notflip/0037,29,0,0.021043794229626656,0
C01,training/notflip/0037_000000030,notflip/0037,30,0,0.020177289843559265,0
C01,training/notflip/0038_000000025,notflip/0038,25,0,0.0038898049388080835,0
C01,training/notflip/0038_000000026,notflip/0038,26,0,0.0044193388894200325,0
C01,training/notflip/0038_000000027,notflip/0038,27,0,0.005246296990662813,0
C01,training/notflip/0038_000000028,notflip/0038,28,0,0.005363064352422953,0
C01,training/notflip/0038_000000029,notflip/0038,29,0,0.005580198019742966,0
C01,training/notflip/0038_000000030,notflip/0038,30,0,0.005845115520060062,0
C01,training/notflip/0039_000000025,notflip/0039,25,0,0.051511250436306,0
C01,testing/notflip/0039_000000026,notflip/0039,26,0,0.04675709456205368,0
C01,training/notflip/0039_000000027,notflip/0039,27,0,0.03572053089737892,0
C01,training/notflip/0039_000000028,notflip/0039,28,0,0.03386877849698067,0
C01,training/notflip/0039_000000029,notflip/0039,29,0,0.035318523645401,0
C01,training/notflip/0039_000000030,notflip/0039,30,0,0.04663878306746483,0
C01,training/notflip/0040_000000025,notflip/0040,25,0,0.0002625370107125491,0
C01,training/notflip/0040_000000026,notflip/0040,26,0,0.00027815185603685677,0
C01,training/notflip/0040_000000027,notflip/0040,27,0,0.00025687023298814893,0
C01,training/notflip/0040_000000028,notflip/0040,28,0,0.000247642194153741,0
C01,training/notflip/0040_000000029,notflip/0040,29,0,0.00023367151152342558,0
C01,training/notflip/0040_000000030,notflip/0040,30,0,0.00021094217663630843,0
C02,training/flip/0034_000000025,flip/0034,25,1,0.8872952461242676,1
C02,training/flip/0034_000000026,flip/0034,26,1,0.8856386542320251,1
C02,training/flip/0034_000000027,flip/0034,27,1,0.8772280216217041,1
C02,training/flip/0035_000000019,flip/0035,19,1,0.3720493018627167,0
C02,training/flip/0035_000000020,flip/0035,20,1,0.373134046792984,0
C02,training/flip/0035_000000021,flip/0035,21,1,0.37321892380714417,0
C02,training/flip/0035_000000022,flip/0035,22,1,0.3367273509502411,0
C02,training/flip/0036_000000023,flip/0036,23,1,0.8700547218322754,1
C02,testing/flip/0036_000000024,flip/0036,24,1,0.8526710867881775,1
C02,training/flip/0036_000000025,flip/0036,25,1,0.8631165027618408,1
C02,training/flip/0036_000000026,flip/0036,26,1,0.8634383082389832,1
C02,training/flip/0036_000000027,flip/0036,27,1,0.8578667640686035,1
C02,training/flip/0037_000000022,flip/0037,22,1,0.7482620477676392,1
C02,training/flip/0037_000000023,flip/0037,23,1,0.7371983528137207,1
C02,testing/flip/0037_000000024,flip/0037,24,1,0.7382147908210754,1
C02,training/flip/0037_000000025,flip/0037,25,1,0.7202823162078857,1
C02,training/flip/0037_000000026,flip/0037,26,1,0.736087441444397,1
C02,training/flip/0037_000000027,flip/0037,27,1,0.7259120941162109,1
C02,training/flip/0038_000000040,flip/0038,40,1,0.8779937028884888,1
C02,training/flip/0038_000000041,flip/0038,41,1,0.8770313858985901,1
C02,training/flip/0038_000000042,flip/0038,42,1,0.872358500957489,1
C02,testing/flip/0038_000000043,flip/0038,43,1,0.8807371854782104,1
C02,testing/flip/0038_000000044,flip/0038,44,1,0.891294002532959,1
C02,training/flip/0038_000000045,flip/0038,45,1,0.9065976142883301,1
C02,training/flip/0038_000000046,flip/0038,46,1,0.9208382368087769,1
C02,testing/flip/0038_000000047,flip/0038,47,1,0.9193615913391113,1
C02,testing/flip/0038_000000048,flip/0038,48,1,0.9086980819702148,1
C02,training/flip/0038_000000049,flip/0038,49,1,0.8998241424560547,1
C02,training/flip/0039_000000024,flip/0039,24,1,0.7597459554672241,1
C02,training/flip/0039_000000025,flip/0039,25,1,0.7732189893722534,1
C02,training/flip/0039_000000026,flip/0039,26,1,0.7747218012809753,1
C02,training/flip/0039_000000027,flip/0039,27,1,0.7566828727722168,1
C02,training/flip/0039_000000028,flip/0039,28,1,0.7496517300605774,1
C02,training/flip/0040_000000026,flip/0040,26,1,0.974054753780365,1
C02,training/flip/0040_000000027,flip/0040,27,1,0.9753499031066895,1
C02,testing/flip/0040_000000028,flip/0040,28,1,0.9768562912940979,1
C02,training/flip/0040_000000029,flip/0040,29,1,0.9794425368309021,1
C02,training/flip/0040_000000030,flip/0040,30,1,0.9818903207778931,1
C02,training/flip/0041_000000026,flip/0041,26,1,0.5430667400360107,1
C02,testing/flip/0041_000000027,flip/0041,27,1,0.5002434849739075,1
C02,training/flip/0041_000000028,flip/0041,28,1,0.46455061435699463,0
C02,training/flip/0041_000000029,flip/0041,29,1,0.46696990728378296,0
C02,training/flip/0042_000000025,flip/0042,25,1,0.831159770488739,1
C02,training/flip/0042_000000026,flip/0042,26,1,0.8081261515617371,1
C02,testing/flip/0042_000000027,flip/0042,27,1,0.798616349697113,1
C02,training/flip/0042_000000028,flip/0042,28,1,0.7842409014701843,1
C02,training/flip/0042_000000029,flip/0042,29,1,0.7886204719543457,1
C02,training/flip/0042_000000030,flip/0042,30,1,0.775671660900116,1
C02,testing/flip/0043_000000023,flip/0043,23,1,0.7969930768013,1
C02,training/flip/0043_000000024,flip/0043,24,1,0.83226478099823,1
C02,testing/flip/0044_000000024,flip/0044,24,1,0.9552541375160217,1
C02,testing/flip/0044_000000025,flip/0044,25,1,0.957590639591217,1
C02,training/flip/0044_000000026,flip/0044,26,1,0.951125979423523,1
C02,training/flip/0044_000000027,flip/0044,27,1,0.9489070773124695,1
C02,training/flip/0044_000000028,flip/0044,28,1,0.9472344517707825,1
C02,training/flip/0044_000000029,flip/0044,29,1,0.9413149356842041,1
C02,training/flip/0045_000000026,flip/0045,26,1,0.8389929533004761,1
C02,testing/flip/0045_000000027,flip/0045,27,1,0.8499078154563904,1
C02,training/flip/0045_000000028,flip/0045,28,1,0.86711585521698,1
C02,training/flip/0045_000000029,flip/0045,29,1,0.8711142539978027,1
C02,training/flip/0045_000000030,flip/0045,30,1,0.8618457913398743,1
C02,testing/flip/0046_000000023,flip/0046,23,1,0.9158293008804321,1
C02,training/flip/0046_000000024,flip/0046,24,1,0.9038258790969849,1
C02,testing/flip/0046_000000025,flip/0046,25,1,0.8955153822898865,1
C02,training/flip/0046_000000026,flip/0046,26,1,0.8851079344749451,1
C02,training/flip/0046_000000027,flip/0046,27,1,0.8824436068534851,1
C02,testing/flip/0047_000000026,flip/0047,26,1,0.9939737915992737,1
C02,training/flip/0047_000000027,flip/0047,27,1,0.994602382183075,1
C02,training/flip/0047_000000028,flip/0047,28,1,0.9943748712539673,1
C02,training/flip/0047_000000029,flip/0047,29,1,0.9940727353096008,1
C02,training/flip/0047_000000030,flip/0047,30,1,0.9944875836372375,1
C02,training/flip/0048_000000026,flip/0048,26,1,0.8703795075416565,1
C02,training/flip/0048_000000027,flip/0048,27,1,0.7061753869056702,1
C02,training/flip/0048_000000028,flip/0048,28,1,0.5436728000640869,1
C02,training/flip/0048_000000029,flip/0048,29,1,0.411649227142334,0
C02,training/flip/0048_000000030,flip/0048,30,1,0.34664982557296753,0
C02,training/notflip/0027_000000025,notflip/0027,25,0,0.6201518774032593,1
C02,training/notflip/0027_000000026,notflip/0027,26,0,0.6461772918701172,1
C02,training/notflip/0027_000000027,notflip/0027,27,0,0.665813148021698,1
C02,training/notflip/0027_000000028,notflip/0027,28,0,0.6778092980384827,1
C02,training/notflip/0027_000000029,notflip/0027,29,0,0.6896393895149231,1
C02,training/notflip/0027_000000030,notflip/0027,30,0,0.7042419910430908,1
C02,training/notflip/0028_000000025,notflip/0028,25,0,0.32947200536727905,0
C02,training/notflip/0028_000000026,notflip/0028,26,0,0.33631962537765503,0
C02,training/notflip/0028_000000027,notflip/0028,27,0,0.349761426448822,0
C02,training/notflip/0028_000000028,notflip/0028,28,0,0.349160373210907,0
C02,training/notflip/0028_000000029,notflip/0028,29,0,0.35528552532196045,0
C02,training/notflip/0028_000000030,notflip/0028,30,0,0.35546067357063293,0
C02,testing/notflip/0029_000000025,notflip/0029,25,0,0.7957008481025696,1
C02,training/notflip/0029_000000026,notflip/0029,26,0,0.7957683801651001,1
C02,training/notflip/0029_000000027,notflip/0029,27,0,0.797809898853302,1
C02,training/notflip/0029_000000028,notflip/0029,28,0,0.8013878464698792,1
C02,training/notflip/0029_000000029,notflip/0029,29,0,0.8029167056083679,1
C02,training/notflip/0029_000000030,notflip/0029,30,0,0.8039190173149109,1
C02,training/notflip/0030_000000025,notflip/0030,25,0,0.7920289039611816,1
C02,training/notflip/0030_000000026,notflip/0030,26,0,0.7917007803916931,1
C02,training/notflip/0030_000000027,notflip/0030,27,0,0.7913132309913635,1
C02,testing/notflip/0030_000000028,notflip/0030,28,0,0.7913933396339417,1
C02,training/notflip/0030_000000029,notflip/0030,29,0,0.8129127621650696,1
C02,training/notflip/0030_000000030,notflip/0030,30,0,0.8139435648918152,1
C02,training/notflip/0031_000000025,notflip/0031,25,0,0.7940359115600586,1
C02,training/notflip/0031_000000026,notflip/0031,26,0,0.7855414748191833,1
C02,training/notflip/0031_000000027,notflip/0031,27,0,0.789878249168396,1
C02,training/notflip/0031_000000028,notflip/0031,28,0,0.7780001163482666,1
C02,training/notflip/0031_000000029,notflip/0031,29,0,0.765463650226593,1
C02,training/notflip/0031_000000030,notflip/0031,30,0,0.7482782006263733,1
C02,training/notflip/0032_000000025,notflip/0032,25,0,0.7393307685852051,1
C02,training/notflip/0032_000000026,notflip/0032,26,0,0.7299799919128418,1
C02,training/notflip/0032_000000027,notflip/0032,27,0,0.7455694675445557,1
C02,training/notflip/0032_000000028,notflip/0032,28,0,0.7577638626098633,1
C02,testing/notflip/0032_000000029,notflip/0032,29,0,0.7592740058898926,1
C02,training/notflip/0032_000000030,notflip/0032,30,0,0.7641206383705139,1
C02,testing/notflip/0033_000000025,notflip/0033,25,0,0.6249088644981384,1
C02,training/notflip/0033_000000026,notflip/0033,26,0,0.6380205750465393,1
C02,testing/notflip/0033_000000027,notflip/0033,27,0,0.6463060975074768,1
C02,training/notflip/0033_000000028,notflip/0033,28,0,0.6453360319137573,1
C02,training/notflip/0033_000000029,notflip/0033,29,0,0.6494126915931702,1
C02,training/notflip/0033_000000030,notflip/0033,30,0,0.6545336842536926,1
C02,testing/notflip/0034_000000025,notflip/0034,25,0,0.728408694267273,1
C02,training/notflip/0034_000000026,notflip/0034,26,0,0.7322307825088501,1
C02,training/notflip/0034_000000027,notflip/0034,27,0,0.7430356740951538,1
C02,training/notflip/0034_000000028,notflip/0034,28,0,0.7565651535987854,1
C02,training/notflip/0034_000000029,notflip/0034,29,0,0.7657588720321655,1
C02,testing/notflip/0034_000000030,notflip/0034,30,0,0.7744981646537781,1
C02,testing/notflip/0035_000000026,notflip/0035,26,0,0.9100354909896851,1
C02,training/notflip/0035_000000027,notflip/0035,27,0,0.912118136882782,1
C02,training/notflip/0035_000000028,notflip/0035,28,0,0.9155930876731873,1
C02,training/notflip/0035_000000029,notflip/0035,29,0,0.9151316285133362,1
C02,training/notflip/0035_000000030,notflip/0035,30,0,0.914444088935852,1
C02,training/notflip/0035_000000031,notflip/0035,31,0,0.9165006875991821,1
C02,training/notflip/0035_000000032,notflip/0035,32,0,0.9297462701797485,1
C02,testing/notflip/0036_000000025,notflip/0036,25,0,0.8855165243148804,1
C02,training/notflip/0036_000000026,notflip/0036,26,0,0.8894392848014832,1
C02,training/notflip/0036_000000027,notflip/0036,27,0,0.8937128782272339,1
C02,testing/notflip/0036_000000028,notflip/0036,28,0,0.895599365234375,1
C02,training/notflip/0036_000000029,notflip/0036,29,0,0.8973344564437866,1
C02,testing/notflip/0036_000000030,notflip/0036,30,0,0.8952447175979614,1
C02,testing/notflip/0037_000000025,notflip/0037,25,0,0.8628923296928406,1
C02,training/notflip/0037_000000026,notflip/0037,26,0,0.8688124418258667,1
C02,training/notflip/0037_000000027,notflip/0037,27,0,0.8752351403236389,1
C02,testing/notflip/0037_000000028,notflip/0037,28,0,0.8748297691345215,1
C02,training/notflip/0037_000000029,notflip/0037,29,0,0.8830086588859558,1
C02,training/notflip/0037_000000030,notflip/0037,30,0,0.8827516436576843,1
C02,training/notflip/0038_000000025,notflip/0038,25,0,0.8112541437149048,1
C02,training/notflip/0038_000000026,notflip/0038,26,0,0.8252997994422913,1
C02,training/notflip/0038_000000027,notflip/0038,27,0,0.8384410738945007,1
C02,training/notflip/0038_000000028,notflip/0038,28,0,0.8404170274734497,1
C02,training/notflip/0038_000000029,notflip/0038,29,0,0.8421021103858948,1
C02,training/notflip/0038_000000030,notflip/0038,30,0,0.8430331349372864,1
C02,training/notflip/0039_000000025,notflip/0039,25,0,0.9932635426521301,1
C02,testing/notflip/0039_000000026,notflip/0039,26,0,0.9930635094642639,1
C02,training/notflip/0039_000000027,notflip/0039,27,0,0.9927108287811279,1
C02,training/notflip/0039_000000028,notflip/0039,28,0,0.9924032688140869,1
C02,training/notflip/0039_000000029,notflip/0039,29,0,0.9923077821731567,1
C02,training/notflip/0039_000000030,notflip/0039,30,0,0.9930415153503418,1
C02,training/notflip/0040_000000025,notflip/0040,25,0,0.18529528379440308,0
C02,training/notflip/0040_000000026,notflip/0040,26,0,0.18707171082496643,0
C02,training/notflip/0040_000000027,notflip/0040,27,0,0.18331322073936462,0
C02,training/notflip/0040_000000028,notflip/0040,28,0,0.18006619811058044,0
C02,training/notflip/0040_000000029,notflip/0040,29,0,0.18285390734672546,0
C02,training/notflip/0040_000000030,notflip/0040,30,0,0.18084076046943665,0
C03,training/flip/0034_000000025,flip/0034,25,1,0.0007575271301902831,0
C03,training/flip/0034_000000026,flip/0034,26,1,0.0006225049146451056,0
C03,training/flip/0034_000000027,flip/0034,27,1,0.00043313077185302973,0
C03,training/flip/0035_000000019,flip/0035,19,1,0.006114152260124683,0
C03,training/flip/0035_000000020,flip/0035,20,1,0.006270954385399818,0
C03,training/flip/0035_000000021,flip/0035,21,1,0.00444509694352746,0
C03,training/flip/0035_000000022,flip/0035,22,1,0.002298911102116108,0
C03,training/flip/0036_000000023,flip/0036,23,1,0.03423544764518738,0
C03,testing/flip/0036_000000024,flip/0036,24,1,0.03473556041717529,0
C03,training/flip/0036_000000025,flip/0036,25,1,0.04546215757727623,0
C03,training/flip/0036_000000026,flip/0036,26,1,0.039178866893053055,0
C03,training/flip/0036_000000027,flip/0036,27,1,0.02428433857858181,0
C03,training/flip/0037_000000022,flip/0037,22,1,0.00377248739823699,0
C03,training/flip/0037_000000023,flip/0037,23,1,0.002299883868545294,0
C03,testing/flip/0037_000000024,flip/0037,24,1,0.001734117977321148,0
C03,training/flip/0037_000000025,flip/0037,25,1,0.0012531124521046877,0
C03,training/flip/0037_000000026,flip/0037,26,1,0.0016762607265263796,0
C03,training/flip/0037_000000027,flip/0037,27,1,0.0016728719929233193,0
C03,training/flip/0038_000000040,flip/0038,40,1,0.036055900156497955,0
C03,training/flip/0038_000000041,flip/0038,41,1,0.04014548286795616,0
C03,training/flip/0038_000000042,flip/0038,42,1,0.0416407510638237,0
C03,testing/flip/0038_000000043,flip/0038,43,1,0.046888984739780426,0
C03,testing/flip/0038_000000044,flip/0038,44,1,0.0525188185274601,0
C03,training/flip/0038_000000045,flip/0038,45,1,0.04195478931069374,0
C03,training/flip/0038_000000046,flip/0038,46,1,0.037463415414094925,0
C03,testing/flip/0038_000000047,flip/0038,47,1,0.02603730745613575,0
C03,testing/flip/0038_000000048,flip/0038,48,1,0.011758538894355297,0
C03,training/flip/0038_000000049,flip/0038,49,1,0.006360179278999567,0
C03,training/flip/0039_000000024,flip/0039,24,1,0.002125042024999857,0
C03,training/flip/0039_000000025,flip/0039,25,1,0.0018737430218607187,0
C03,training/flip/0039_000000026,flip/0039,26,1,0.0012090085074305534,0
C03,training/flip/0039_000000027,flip/0039,27,1,0.0007654771907255054,0
C03,training/flip/0039_000000028,flip/0039,28,1,0.0008019227534532547,0
C03,training/flip/0040_000000026,flip/0040,26,1,0.19363179802894592,0
C03,training/flip/0040_000000027,flip/0040,27,1,0.16215084493160248,0
C03,testing/flip/0040_000000028,flip/0040,28,1,0.14707942306995392,0
C03,training/flip/0040_000000029,flip/0040,29,1,0.22010092437267303,0
C03,training/flip/0040_000000030,flip/0040,30,1,0.21907757222652435,0
C03,training/flip/0041_000000026,flip/0041,26,1,0.0032199013512581587,0
C03,testing/flip/0041_000000027,flip/0041,27,1,0.0017495271749794483,0
C03,training/flip/0041_000000028,flip/0041,28,1,0.0013734244275838137,0
C03,training/flip/0041_000000029,flip/0041,29,1,0.0010760208824649453,0
C03,training/flip/0042_000000025,flip/0042,25,1,0.20935525000095367,0
C03,training/flip/0042_000000026,flip/0042,26,1,0.13001041114330292,0
C03,testing/flip/0042_000000027,flip/0042,27,1,0.08353492617607117,0
C03,training/flip/0042_000000028,flip/0042,28,1,0.040219854563474655,0
C03,training/flip/0042_000000029,flip/0042,29,1,0.028679434210062027,0
C03,training/flip/0042_000000030,flip/0042,30,1,0.020461207255721092,0
C03,testing/flip/0043_000000023,flip/0043,23,1,0.017190197482705116,0
C03,training/flip/0043_000000024,flip/0043,24,1,0.005899544805288315,0
C03,testing/flip/0044_000000024,flip/0044,24,1,0.20154990255832672,0
C03,testing/flip/0044_000000025,flip/0044,25,1,0.07711900770664215,0
C03,training/flip/0044_000000026,flip/0044,26,1,0.04388407617807388,0
C03,training/flip/0044_000000027,flip/0044,27,1,0.041490983217954636,0
C03,training/flip/0044_000000028,flip/0044,28,1,0.0391671396791935,0
C03,training/flip/0044_000000029,flip/0044,29,1,0.026816261932253838,0
C03,training/flip/0045_000000026,flip/0045,26,1,0.10836856067180634,0
C03,testing/flip/0045_000000027,flip/0045,27,1,0.06784486770629883,0
C03,training/flip/0045_000000028,flip/0045,28,1,0.03896627575159073,0
C03,training/flip/0045_000000029,flip/0045,29,1,0.02851012907922268,0
C03,training/flip/0045_000000030,flip/0045,30,1,0.012152991257607937,0
C03,testing/flip/0046_000000023,flip/0046,23,1,0.007743161637336016,0
C03,training/flip/0046_000000024,flip/0046,24,1,0.004950479604303837,0
C03,testing/flip/0046_000000025,flip/0046,25,1,0.0044838739559054375,0
C03,training/flip/0046_000000026,flip/0046,26,1,0.003991525620222092,0
C03,training/flip/0046_000000027,flip/0046,27,1,0.003432028228417039,0
C03,testing/flip/0047_000000026,flip/0047,26,1,0.8087645769119263,1
C03,training/flip/0047_000000027,flip/0047,27,1,0.8155239224433899,1
C03,training/flip/0047_000000028,flip/0047,28,1,0.8334364891052246,1
C03,training/flip/0047_000000029,flip/0047,29,1,0.8545698523521423,1
C03,training/flip/0047_000000030,flip/0047,30,1,0.8009421825408936,1
C03,training/flip/0048_000000026,flip/0048,26,1,0.020023774355649948,0
C03,training/flip/0048_000000027,flip/0048,27,1,0.0048051923513412476,0
C03,training/flip/0048_000000028,flip/0048,28,1,0.0017946100560948253,0
C03,training/flip/0048_000000029,flip/0048,29,1,0.0005253987619653344,0
C03,training/flip/0048_000000030,flip/0048,30,1,0.0002901450789067894,0
C03,training/notflip/0027_000000025,notflip/0027,25,0,0.000689128355588764,0
C03,training/notflip/0027_000000026,notflip/0027,26,0,0.0006120757898315787,0
C03,training/notflip/0027_000000027,notflip/0027,27,0,0.0006778056849725544,0
C03,training/notflip/0027_000000028,notflip/0027,28,0,0.000676309980917722,0
C03,training/notflip/0027_000000029,notflip/0027,29,0,0.0007221588748507202,0
C03,training/notflip/0027_000000030,notflip/0027,30,0,0.0007291627116501331,0
C03,training/notflip/0028_000000025,notflip/0028,25,0,0.00011158432607771829,0
C03,training/notflip/0028_000000026,notflip/0028,26,0,0.00011423866817494854,0
C03,training/notflip/0028_000000027,notflip/0028,27,0,0.00013579682854469866,0
C03,training/notflip/0028_000000028,notflip/0028,28,0,0.00014648603973910213,0
C03,training/notflip/0028_000000029,notflip/0028,29,0,0.00014303697389550507,0
C03,training/notflip/0028_000000030,notflip/0028,30,0,0.00014496712537948042,0
C03,testing/notflip/0029_000000025,notflip/0029,25,0,0.0006275378982536495,0
C03,training/notflip/0029_000000026,notflip/0029,26,0,0.0006770358304493129,0
C03,training/notflip/0029_000000027,notflip/0029,27,0,0.0006713878829032183,0
C03,training/notflip/0029_000000028,notflip/0029,28,0,0.0006954882410354912,0
C03,training/notflip/0029_000000029,notflip/0029,29,0,0.0007384714554063976,0
C03,training/notflip/0029_000000030,notflip/0029,30,0,0.0007318052812479436,0
C03,training/notflip/0030_000000025,notflip/0030,25,0,0.0009250869043171406,0
C03,training/notflip/0030_000000026,notflip/0030,26,0,0.000985188060440123,0
C03,training/notflip/0030_000000027,notflip/0030,27,0,0.0010352021781727672,0
C03,testing/notflip/0030_000000028,notflip/0030,28,0,0.0010167253203690052,0
C03,training/notflip/0030_000000029,notflip/0030,29,0,0.0010177060030400753,0
C03,training/notflip/0030_000000030,notflip/0030,30,0,0.0010557998903095722,0
C03,training/notflip/0031_000000025,notflip/0031,25,0,0.002408359432592988,0
C03,training/notflip/0031_000000026,notflip/0031,26,0,0.002337583340704441,0
C03,training/notflip/0031_000000027,notflip/0031,27,0,0.0021672712173312902,0
C03,training/notflip/0031_000000028,notflip/0031,28,0,0.002227713353931904,0
C03,training/notflip/0031_000000029,notflip/0031,29,0,0.002060436177998781,0
C03,training/notflip/0031_000000030,notflip/0031,30,0,0.002226663287729025,0
C03,training/notflip/0032_000000025,notflip/0032,25,0,0.00012568554666358978,0
C03,training/notflip/0032_000000026,notflip/0032,26,0,0.0001216909076902084,0
C03,training/notflip/0032_000000027,notflip/0032,27,0,0.00012816220987588167,0
C03,training/notflip/0032_000000028,notflip/0032,28,0,0.00012667094415519387,0
C03,testing/notflip/0032_000000029,notflip/0032,29,0,0.00012521364260464907,0
C03,training/notflip/0032_000000030,notflip/0032,30,0,0.00012470140063669533,0
C03,testing/notflip/0033_000000025,notflip/0033,25,0,0.001190657145343721,0
C03,training/notflip/0033_000000026,notflip/0033,26,0,0.0013601169921457767,0
C03,testing/notflip/0033_000000027,notflip/0033,27,0,0.0015649899141862988,0
C03,training/notflip/0033_000000028,notflip/0033,28,0,0.0017103374702855945,0
C03,training/notflip/0033_000000029,notflip/0033,29,0,0.001916503650136292,0
C03,training/notflip/0033_000000030,notflip/0033,30,0,0.0024924124591052532,0
C03,testing/notflip/0034_000000025,notflip/0034,25,0,0.0004990814486518502,0
C03,training/notflip/0034_000000026,notflip/0034,26,0,0.0005349416169337928,0
C03,training/notflip/0034_000000027,notflip/0034,27,0,0.000610619958024472,0
C03,training/notflip/0034_000000028,notflip/0034,28,0,0.0006465806509368122,0
C03,training/notflip/0034_000000029,notflip/0034,29,0,0.0006518043810501695,0
C03,testing/notflip/0034_000000030,notflip/0034,30,0,0.0006943772314116359,0
C03,testing/notflip/0035_000000026,notflip/0035,26,0,0.0006322769913822412,0
C03,training/notflip/0035_000000027,notflip/0035,27,0,0.000683790014591068,0
C03,training/notflip/0035_000000028,notflip/0035,28,0,0.0008560168789699674,0
C03,training/notflip/0035_000000029,notflip/0035,29,0,0.0009428171906620264,0
C03,training/notflip/0035_000000030,notflip/0035,30,0,0.0010008199606090784,0
C03,training/notflip/0035_000000031,notflip/0035,31,0,0.0011168539058417082,0
C03,training/notflip/0035_000000032,notflip/0035,32,0,0.0014897818909958005,0
C03,testing/notflip/0036_000000025,notflip/0036,25,0,0.0023437009658664465,0
C03,training/notflip/0036_000000026,notflip/0036,26,0,0.0024025263264775276,0
C03,training/notflip/0036_000000027,notflip/0036,27,0,0.0025181511882692575,0
C03,testing/notflip/0036_000000028,notflip/0036,28,0,0.0025400500744581223,0
C03,training/notflip/0036_000000029,notflip/0036,29,0,0.002739616436883807,0
C03,testing/notflip/0036_000000030,notflip/0036,30,0,0.0028173925820738077,0
C03,testing/notflip/0037_000000025,notflip/0037,25,0,0.0003949205274693668,0
C03,training/notflip/0037_000000026,notflip/0037,26,0,0.00040695155621506274,0
C03,training/notflip/0037_000000027,notflip/0037,27,0,0.0004665760206989944,0
C03,testing/notflip/0037_000000028,notflip/0037,28,0,0.00048711412819102407,0
C03,training/notflip/0037_000000029,notflip/0037,29,0,0.0005768763949163258,0
C03,training/notflip/0037_000000030,notflip/0037,30,0,0.0006740514072589576,0
C03,training/notflip/0038_000000025,notflip/0038,25,0,0.00044556421926245093,0
C03,training/notflip/0038_000000026,notflip/0038,26,0,0.0004863735812250525,0
C03,training/notflip/0038_000000027,notflip/0038,27,0,0.0005044328281655908,0
C03,training/notflip/0038_000000028,notflip/0038,28,0,0.000516692700330168,0
C03,training/notflip/0038_000000029,notflip/0038,29,0,0.0005396946216933429,0
C03,training/notflip/0038_000000030,notflip/0038,30,0,0.0005437147337943316,0
C03,training/notflip/0039_000000025,notflip/0039,25,0,0.2220257669687271,0
C03,testing/notflip/0039_000000026,notflip/0039,26,0,0.22529691457748413,0
C03,training/notflip/0039_000000027,notflip/0039,27,0,0.22245219349861145,0
C03,training/notflip/0039_000000028,notflip/0039,28,0,0.22690963745117188,0
C03,training/notflip/0039_000000029,notflip/0039,29,0,0.22248364984989166,0
C03,training/notflip/0039_000000030,notflip/0039,30,0,0.2228628545999527,0
C03,training/notflip/0040_000000025,notflip/0040,25,0,9.740793029777706e-05,0
C03,training/notflip/0040_000000026,notflip/0040,26,0,9.739678353071213e-05,0
C03,training/notflip/0040_000000027,notflip/0040,27,0,9.563472121953964e-05,0
C03,training/notflip/0040_000000028,notflip/0040,28,0,9.463545575272292e-05,0
C03,training/notflip/0040_000000029,notflip/0040,29,0,9.566390508553013e-05,0
C03,training/notflip/0040_000000030,notflip/0040,30,0,9.58253294811584e-05,0
C04,training/flip/0034_000000025,flip/0034,25,1,0.06931300461292267,0
C04,training/flip/0034_000000026,flip/0034,26,1,0.058735232800245285,0
C04,training/flip/0034_000000027,flip/0034,27,1,0.03617404028773308,0
C04,training/flip/0035_000000019,flip/0035,19,1,0.06947364658117294,0
C04,training/flip/0035_000000020,flip/0035,20,1,0.06669177114963531,0
C04,training/flip/0035_000000021,flip/0035,21,1,0.04116108641028404,0
C04,training/flip/0035_000000022,flip/0035,22,1,0.02301664650440216,0
C04,training/flip/0036_000000023,flip/0036,23,1,0.4011530578136444,0
C04,testing/flip/0036_000000024,flip/0036,24,1,0.400126188993454,0
C04,training/flip/0036_000000025,flip/0036,25,1,0.4319530725479126,0
C04,training/flip/0036_000000026,flip/0036,26,1,0.3597417175769806,0
C04,training/flip/0036_000000027,flip/0036,27,1,0.2903822362422943,0
C04,training/flip/0037_000000022,flip/0037,22,1,0.14087441563606262,0
C04,training/flip/0037_000000023,flip/0037,23,1,0.11062747240066528,0
C04,testing/flip/0037_000000024,flip/0037,24,1,0.08126552402973175,0
C04,training/flip/0037_000000025,flip/0037,25,1,0.06423807144165039,0
C04,training/flip/0037_000000026,flip/0037,26,1,0.08086283504962921,0
C04,training/flip/0037_000000027,flip/0037,27,1,0.07626469433307648,0
C04,training/flip/0038_000000040,flip/0038,40,1,0.52232426404953,1
C04,training/flip/0038_000000041,flip/0038,41,1,0.5345608592033386,1
C04,training/flip/0038_000000042,flip/0038,42,1,0.5115081667900085,1
C04,testing/flip/0038_000000043,flip/0038,43,1,0.5282641053199768,1
C04,testing/flip/0038_000000044,flip/0038,44,1,0.5773247480392456,1
C04,training/flip/0038_000000045,flip/0038,45,1,0.5799546241760254,1
C04,training/flip/0038_000000046,flip/0038,46,1,0.5630255937576294,1
C04,testing/flip/0038_000000047,flip/0038,47,1,0.510578989982605,1
C04,testing/flip/0038_000000048,flip/0038,48,1,0.36478349566459656,0
C04,training/flip/0038_000000049,flip/0038,49,1,0.26357993483543396,0
C04,training/flip/0039_000000024,flip/0039,24,1,0.08358108252286911,0
C04,training/flip/0039_000000025,flip/0039,25,1,0.07224690169095993,0
C04,training/flip/0039_000000026,flip/0039,26,1,0.052895721048116684,0
C04,training/flip/0039_000000027,flip/0039,27,1,0.03818975389003754,0
C04,training/flip/0039_000000028,flip/0039,28,1,0.032249920070171356,0
C04,training/flip/0040_000000026,flip/0040,26,1,0.850179135799408,1
C04,training/flip/0040_000000027,flip/0040,27,1,0.7718555331230164,1
C04,testing/flip/0040_000000028,flip/0040,28,1,0.6883173584938049,1
C04,training/flip/0040_000000029,flip/0040,29,1,0.7449461817741394,1
C04,training/flip/0040_000000030,flip/0040,30,1,0.7490573525428772,1
C04,training/flip/0041_000000026,flip/0041,26,1,0.055999141186475754,0
C04,testing/flip/0041_000000027,flip/0041,27,1,0.03595161810517311,0
C04,training/flip/0041_000000028,flip/0041,28,1,0.034511957317590714,0
C04,training/flip/0041_000000029,flip/0041,29,1,0.03528820350766182,0
C04,training/flip/0042_000000025,flip/0042,25,1,0.776290237903595,1
C04,training/flip/0042_000000026,flip/0042,26,1,0.6609303951263428,1
C04,testing/flip/0042_000000027,flip/0042,27,1,0.5232976675033569,1
C04,training/flip/0042_000000028,flip/0042,28,1,0.3494124710559845,0
C04,training/flip/0042_000000029,flip/0042,29,1,0.2956216633319855,0
C04,training/flip/0042_000000030,flip/0042,30,1,0.21644209325313568,0
C04,testing/flip/0043_000000023,flip/0043,23,1,0.24164535105228424,0
C04,training/flip/0043_000000024,flip/0043,24,1,0.17421190440654755,0
C04,testing/flip/0044_000000024,flip/0044,24,1,0.8139294981956482,1
C04,testing/flip/0044_000000025,flip/0044,25,1,0.6526097655296326,1
C04,training/flip/0044_000000026,flip/0044,26,1,0.566112756729126,1
C04,training/flip/0044_000000027,flip/0044,27,1,0.546485185623169,1
C04,training/flip/0044_000000028,flip/0044,28,1,0.52619868516922,1
C04,training/flip/0044_000000029,flip/0044,29,1,0.4684797525405884,0
C04,training/flip/0045_000000026,flip/0045,26,1,0.5054574012756348,1
C04,testing/flip/0045_000000027,flip/0045,27,1,0.40430688858032227,0
C04,training/flip/0045_000000028,flip/0045,28,1,0.34027156233787537,0
C04,training/flip/0045_000000029,flip/0045,29,1,0.30768030881881714,0
C04,training/flip/0045_000000030,flip/0045,30,1,0.226255863904953,0
C04,testing/flip/0046_000000023,flip/0046,23,1,0.2684769630432129,0
C04,training/flip/0046_000000024,flip/0046,24,1,0.17145487666130066,0
C04,testing/flip/0046_000000025,flip/0046,25,1,0.13247831165790558,0
C04,training/flip/0046_000000026,flip/0046,26,1,0.11700049787759781,0
C04,training/flip/0046_000000027,flip/0046,27,1,0.11332312971353531,0
C04,testing/flip/0047_000000026,flip/0047,26,1,0.7318173050880432,1
C04,training/flip/0047_000000027,flip/0047,27,1,0.7412458658218384,1
C04,training/flip/0047_000000028,flip/0047,28,1,0.7567341327667236,1
C04,training/flip/0047_000000029,flip/0047,29,1,0.7787831425666809,1
C04,training/flip/0047_000000030,flip/0047,30,1,0.697237491607666,1
C04,training/flip/0048_000000026,flip/0048,26,1,0.08653726428747177,0
C04,training/flip/0048_000000027,flip/0048,27,1,0.06391347944736481,0
C04,training/flip/0048_000000028,flip/0048,28,1,0.0523676872253418,0
C04,training/flip/0048_000000029,flip/0048,29,1,0.01904783584177494,0
C04,training/flip/0048_000000030,flip/0048,30,1,0.011167379096150398,0
C04,training/notflip/0027_000000025,notflip/0027,25,0,0.041899532079696655,0
C04,training/notflip/0027_000000026,notflip/0027,26,0,0.043396610766649246,0
C04,training/notflip/0027_000000027,notflip/0027,27,0,0.04879717901349068,0
C04,training/notflip/0027_000000028,notflip/0027,28,0,0.04867367818951607,0
C04,training/notflip/0027_000000029,notflip/0027,29,0,0.04753794148564339,0
C04,training/notflip/0027_000000030,notflip/0027,30,0,0.04845811799168587,0
C04,training/notflip/0028_000000025,notflip/0028,25,0,0.003729676827788353,0
C04,training/notflip/0028_000000026,notflip/0028,26,0,0.003539567580446601,0
C04,training/notflip/0028_000000027,notflip/0028,27,0,0.0036012274213135242,0
C04,training/notflip/0028_000000028,notflip/0028,28,0,0.003472061362117529,0
C04,training/notflip/0028_000000029,notflip/0028,29,0,0.0036536287516355515,0
C04,training/notflip/0028_000000030,notflip/0028,30,0,0.003812490263953805,0
C04,testing/notflip/0029_000000025,notflip/0029,25,0,0.03466738760471344,0
C04,training/notflip/0029_000000026,notflip/0029,26,0,0.034977640956640244,0
C04,training/notflip/0029_000000027,notflip/0029,27,0,0.035454779863357544,0
C04,training/notflip/0029_000000028,notflip/0029,28,0,0.036862388253211975,0
C04,training/notflip/0029_000000029,notflip/0029,29,0,0.034828104078769684,0
C04,training/notflip/0029_000000030,notflip/0029,30,0,0.035066742449998856,0
C04,training/notflip/0030_000000025,notflip/0030,25,0,0.05409741774201393,0
C04,training/notflip/0030_000000026,notflip/0030,26,0,0.057525623589754105,0
C04,training/notflip/0030_000000027,notflip/0030,27,0,0.05976659432053566,0
C04,testing/notflip/0030_000000028,notflip/0030,28,0,0.062495119869709015,0
C04,training/notflip/0030_000000029,notflip/0030,29,0,0.07196804136037827,0
C04,training/notflip/0030_000000030,notflip/0030,30,0,0.07027582079172134,0
C04,training/notflip/0031_000000025,notflip/0031,25,0,0.12625223398208618,0
C04,training/notflip/0031_000000026,notflip/0031,26,0,0.11964549869298935,0
C04,training/notflip/0031_000000027,notflip/0031,27,0,0.11497268825769424,0
C04,training/notflip/0031_000000028,notflip/0031,28,0,0.11411146819591522,0
C04,training/notflip/0031_000000029,notflip/0031,29,0,0.0990777537226677,0
C04,training/notflip/0031_000000030,notflip/0031,30,0,0.09802279621362686,0
C04,training/notflip/0032_000000025,notflip/0032,25,0,0.014612209051847458,0
C04,training/notflip/0032_000000026,notflip/0032,26,0,0.013825011439621449,0
C04,training/notflip/0032_000000027,notflip/0032,27,0,0.014927271753549576,0
C04,training/notflip/0032_000000028,notflip/0032,28,0,0.014349529519677162,0
C04,testing/notflip/0032_000000029,notflip/0032,29,0,0.013937762007117271,0
C04,training/notflip/0032_000000030,notflip/0032,30,0,0.014425165019929409,0
C04,testing/notflip/0033_000000025,notflip/0033,25,0,0.07981347292661667,0
C04,training/notflip/0033_000000026,notflip/0033,26,0,0.08869002014398575,0
C04,testing/notflip/0033_000000027,notflip/0033,27,0,0.09866099059581757,0
C04,training/notflip/0033_000000028,notflip/0033,28,0,0.10523522645235062,0
C04,training/notflip/0033_000000029,notflip/0033,29,0,0.11714934557676315,0
C04,training/notflip/0033_000000030,notflip/0033,30,0,0.1381741613149643,0
C04,testing/notflip/0034_000000025,notflip/0034,25,0,0.05893845856189728,0
C04,training/notflip/0034_000000026,notflip/0034,26,0,0.06275627017021179,0
C04,training/notflip/0034_000000027,notflip/0034,27,0,0.06626925617456436,0
C04,training/notflip/0034_000000028,notflip/0034,28,0,0.0684768334031105,0
C04,training/notflip/0034_000000029,notflip/0034,29,0,0.07837852835655212,0
C04,testing/notflip/0034_000000030,notflip/0034,30,0,0.0823771134018898,0
C04,testing/notflip/0035_000000026,notflip/0035,26,0,0.09223869442939758,0
C04,training/notflip/0035_000000027,notflip/0035,27,0,0.0944351851940155,0
C04,training/notflip/0035_000000028,notflip/0035,28,0,0.11078564822673798,0
C04,training/notflip/0035_000000029,notflip/0035,29,0,0.11692395061254501,0
C04,training/notflip/0035_000000030,notflip/0035,30,0,0.12341970205307007,0
C04,training/notflip/0035_000000031,notflip/0035,31,0,0.13104109466075897,0
C04,training/notflip/0035_000000032,notflip/0035,32,0,0.15061576664447784,0
C04,testing/notflip/0036_000000025,notflip/0036,25,0,0.17488573491573334,0
C04,training/notflip/0036_000000026,notflip/0036,26,0,0.17902305722236633,0
C04,training/notflip/0036_000000027,notflip/0036,27,0,0.18364128470420837,0
C04,testing/notflip/0036_000000028,notflip/0036,28,0,0.18317349255084991,0
C04,training/notflip/0036_000000029,notflip/0036,29,0,0.18741661310195923,0
C04,testing/notflip/0036_000000030,notflip/0036,30,0,0.18597401678562164,0
C04,testing/notflip/0037_000000025,notflip/0037,25,0,0.04953593760728836,0
C04,training/notflip/0037_000000026,notflip/0037,26,0,0.04954596608877182,0
C04,training/notflip/0037_000000027,notflip/0037,27,0,0.05234668776392937,0
C04,testing/notflip/0037_000000028,notflip/0037,28,0,0.051296282559633255,0
C04,training/notflip/0037_000000029,notflip/0037,29,0,0.06317531317472458,0
C04,training/notflip/0037_000000030,notflip/0037,30,0,0.062140002846717834,0
C04,training/notflip/0038_000000025,notflip/0038,25,0,0.038362763822078705,0
C04,training/notflip/0038_000000026,notflip/0038,26,0,0.037841904908418655,0
C04,training/notflip/0038_000000027,notflip/0038,27,0,0.03885672986507416,0
C04,training/notflip/0038_000000028,notflip/0038,28,0,0.03988082334399223,0
C04,training/notflip/0038_000000029,notflip/0038,29,0,0.04064496234059334,0
C04,training/notflip/0038_000000030,notflip/0038,30,0,0.040962059050798416,0
C04,training/notflip/0039_000000025,notflip/0039,25,0,0.20733390748500824,0
C04,testing/notflip/0039_000000026,notflip/0039,26,0,0.21792960166931152,0
C04,training/notflip/0039_000000027,notflip/0039,27,0,0.22486846148967743,0
C04,training/notflip/0039_000000028,notflip/0039,28,0,0.2255793809890747,0
C04,training/notflip/0039_000000029,notflip/0039,29,0,0.22406862676143646,0
C04,training/notflip/0039_000000030,notflip/0039,30,0,0.2304791659116745,0
C04,training/notflip/0040_000000025,notflip/0040,25,0,0.003702486865222454,0
C04,training/notflip/0040_000000026,notflip/0040,26,0,0.0035162519197911024,0
C04,training/notflip/0040_000000027,notflip/0040,27,0,0.0034098951146006584,0
C04,training/notflip/0040_000000028,notflip/0040,28,0,0.00354198832064867,0
C04,training/notflip/0040_000000029,notflip/0040,29,0,0.003641520394012332,0
C04,training/notflip/0040_000000030,notflip/0040,30,0,0.0034133109729737043,0
C05,training/flip/0034_000000025,flip/0034,25,1,0.011104583740234375,0
C05,training/flip/0034_000000026,flip/0034,26,1,0.00831950269639492,0
C05,training/flip/0034_000000027,flip/0034,27,1,0.0051280427724123,0
C05,training/flip/0035_000000019,flip/0035,19,1,0.044520068913698196,0
C05,training/flip/0035_000000020,flip/0035,20,1,0.047345880419015884,0
C05,training/flip/0035_000000021,flip/0035,21,1,0.0397198423743248,0
C05,training/flip/0035_000000022,flip/0035,22,1,0.020342528820037842,0
C05,training/flip/0036_000000023,flip/0036,23,1,0.35232943296432495,0
C05,testing/flip/0036_000000024,flip/0036,24,1,0.2814372777938843,0
C05,training/flip/0036_000000025,flip/0036,25,1,0.2714264392852783,0
C05,training/flip/0036_000000026,flip/0036,26,1,0.23898980021476746,0
C05,training/flip/0036_000000027,flip/0036,27,1,0.19868041574954987,0
C05,training/flip/0037_000000022,flip/0037,22,1,0.06570190191268921,0
C05,training/flip/0037_000000023,flip/0037,23,1,0.04180255904793739,0
C05,testing/flip/0037_000000024,flip/0037,24,1,0.0329132080078125,0
C05,training/flip/0037_000000025,flip/0037,25,1,0.02791966311633587,0
C05,training/flip/0037_000000026,flip/0037,26,1,0.030987262725830078,0
C05,training/flip/0037_000000027,flip/0037,27,1,0.029268739745020866,0
C05,training/flip/0038_000000040,flip/0038,40,1,0.24699915945529938,0
C05,training/flip/0038_000000041,flip/0038,41,1,0.2176540195941925,0
C05,training/flip/0038_000000042,flip/0038,42,1,0.18878300487995148,0
C05,testing/flip/0038_000000043,flip/0038,43,1,0.2075110524892807,0
C05,testing/flip/0038_000000044,flip/0038,44,1,0.22183018922805786,0
C05,training/flip/0038_000000045,flip/0038,45,1,0.20911478996276855,0
C05,training/flip/0038_000000046,flip/0038,46,1,0.1961689442396164,0
C05,testing/flip/0038_000000047,flip/0038,47,1,0.16764041781425476,0
C05,testing/flip/0038_000000048,flip/0038,48,1,0.11194086074829102,0
C05,training/flip/0038_000000049,flip/0038,49,1,0.08130567520856857,0
C05,training/flip/0039_000000024,flip/0039,24,1,0.031124183908104897,0
C05,training/flip/0039_000000025,flip/0039,25,1,0.02781418338418007,0
C05,training/flip/0039_000000026,flip/0039,26,1,0.021986229345202446,0
C05,training/flip/0039_000000027,flip/0039,27,1,0.013882298953831196,0
C05,training/flip/0039_000000028,flip/0039,28,1,0.014393499121069908,0
C05,training/flip/0040_000000026,flip/0040,26,1,0.6885178685188293,1
C05,training/flip/0040_000000027,flip/0040,27,1,0.5858309864997864,1
C05,testing/flip/0040_000000028,flip/0040,28,1,0.3917418420314789,0
C05,training/flip/0040_000000029,flip/0040,29,1,0.45959287881851196,0
C05,training/flip/0040_000000030,flip/0040,30,1,0.4985865354537964,0
C05,training/flip/0041_000000026,flip/0041,26,1,0.030034754425287247,0
C05,testing/flip/0041_000000027,flip/0041,27,1,0.01600671373307705,0
C05,training/flip/0041_000000028,flip/0041,28,1,0.012927035801112652,0
C05,training/flip/0041_000000029,flip/0041,29,1,0.010558213107287884,0
C05,training/flip/0042_000000025,flip/0042,25,1,0.7153505086898804,1
C05,training/flip/0042_000000026,flip/0042,26,1,0.5829265713691711,1
C05,testing/flip/0042_000000027,flip/0042,27,1,0.43805092573165894,0
C05,training/flip/0042_000000028,flip/0042,28,1,0.230801522731781,0
C05,training/flip/0042_000000029,flip/0042,29,1,0.196577787399292,0
C05,training/flip/0042_000000030,flip/0042,30,1,0.13603433966636658,0
C05,testing/flip/0043_000000023,flip/0043,23,1,0.20567746460437775,0
C05,training/flip/0043_000000024,flip/0043,24,1,0.111567921936512,0
C05,testing/flip/0044_000000024,flip/0044,24,1,0.8190024495124817,1
C05,testing/flip/0044_000000025,flip/0044,25,1,0.5806844234466553,1
C05,training/flip/0044_000000026,flip/0044,26,1,0.43523210287094116,0
C05,training/flip/0044_000000027,flip/0044,27,1,0.4234446585178375,0
C05,training/flip/0044_000000028,flip/0044,28,1,0.3866620361804962,0
C05,training/flip/0044_000000029,flip/0044,29,1,0.33498337864875793,0
C05,training/flip/0045_000000026,flip/0045,26,1,0.5728696584701538,1
C05,testing/flip/0045_000000027,flip/0045,27,1,0.4900064170360565,0
C05,training/flip/0045_000000028,flip/0045,28,1,0.35600924491882324,0
C05,training/flip/0045_000000029,flip/0045,29,1,0.3041122853755951,0
C05,training/flip/0045_000000030,flip/0045,30,1,0.18542736768722534,0
C05,testing/flip/0046_000000023,flip/0046,23,1,0.16724999248981476,0
C05,training/flip/0046_000000024,flip/0046,24,1,0.121029332280159,0
C05,testing/flip/0046_000000025,flip/0046,25,1,0.09585008770227432,0
C05,training/flip/0046_000000026,flip/0046,26,1,0.08940043300390244,0
C05,training/flip/0046_000000027,flip/0046,27,1,0.08201625198125839,0
C05,testing/flip/0047_000000026,flip/0047,26,1,0.511719286441803,1
C05,training/flip/0047_000000027,flip/0047,27,1,0.47626793384552,0
C05,training/flip/0047_000000028,flip/0047,28,1,0.5149403810501099,1
C05,training/flip/0047_000000029,flip/0047,29,1,0.545724093914032,1
C05,training/flip/0047_000000030,flip/0047,30,1,0.4224409759044647,0
C05,training/flip/0048_000000026,flip/0048,26,1,0.06021406874060631,0
C05,training/flip/0048_000000027,flip/0048,27,1,0.03213103115558624,0
C05,training/flip/0048_000000028,flip/0048,28,1,0.016585545614361763,0
C05,training/flip/0048_000000029,flip/0048,29,1,0.005170021206140518,0
C05,training/flip/0048_000000030,flip/0048,30,1,0.003451264463365078,0
C05,training/notflip/0027_000000025,notflip/0027,25,0,0.011742746457457542,0
C05,training/notflip/0027_000000026,notflip/0027,26,0,0.011269665323197842,0
C05,training/notflip/0027_000000027,notflip/0027,27,0,0.012999518774449825,0
C05,training/notflip/0027_000000028,notflip/0027,28,0,0.013051724061369896,0
C05,training/notflip/0027_000000029,notflip/0027,29,0,0.01350477896630764,0
C05,training/notflip/0027_000000030,notflip/0027,30,0,0.014225201681256294,0
C05,training/notflip/0028_000000025,notflip/0028,25,0,0.0030058929696679115,0
C05,training/notflip/0028_000000026,notflip/0028,26,0,0.0033000013791024685,0
C05,training/notflip/0028_000000027,notflip/0028,27,0,0.003507136134430766,0
C05,training/notflip/0028_000000028,notflip/0028,28,0,0.003748553106561303,0
C05,training/notflip/0028_000000029,notflip/0028,29,0,0.003766997018828988,0
C05,training/notflip/0028_000000030,notflip/0028,30,0,0.003453817218542099,0
C05,testing/notflip/0029_000000025,notflip/0029,25,0,0.013538961298763752,0
C05,training/notflip/0029_000000026,notflip/0029,26,0,0.01405539084225893,0
C05,training/notflip/0029_000000027,notflip/0029,27,0,0.013385082595050335,0
C05,training/notflip/0029_000000028,notflip/0029,28,0,0.013238590210676193,0
C05,training/notflip/0029_000000029,notflip/0029,29,0,0.014124532230198383,0
C05,training/notflip/0029_000000030,notflip/0029,30,0,0.014012688770890236,0
C05,training/notflip/0030_000000025,notflip/0030,25,0,0.03140323609113693,0
C05,training/notflip/0030_000000026,notflip/0030,26,0,0.03250361979007721,0
C05,training/notflip/0030_000000027,notflip/0030,27,0,0.0327599011361599,0
C05,testing/notflip/0030_000000028,notflip/0030,28,0,0.03388483077287674,0
C05,training/notflip/0030_000000029,notflip/0030,29,0,0.03754411265254021,0
C05,training/notflip/0030_000000030,notflip/0030,30,0,0.03707500919699669,0
C05,training/notflip/0031_000000025,notflip/0031,25,0,0.04496365413069725,0
C05,training/notflip/0031_000000026,notflip/0031,26,0,0.04367572069168091,0
C05,training/notflip/0031_000000027,notflip/0031,27,0,0.03974229097366333,0
C05,training/notflip/0031_000000028,notflip/0031,28,0,0.04210994765162468,0
C05,training/notflip/0031_000000029,notflip/0031,29,0,0.03700268268585205,0
C05,training/notflip/0031_000000030,notflip/0031,30,0,0.037274379283189774,0
C05,training/notflip/0032_000000025,notflip/0032,25,0,0.003751494688913226,0
C05,training/notflip/0032_000000026,notflip/0032,26,0,0.0036722770892083645,0
C05,training/notflip/0032_000000027,notflip/0032,27,0,0.0037782033905386925,0
C05,training/notflip/0032_000000028,notflip/0032,28,0,0.003997184336185455,0
C05,testing/notflip/0032_000000029,notflip/0032,29,0,0.004397421143949032,0
C05,training/notflip/0032_000000030,notflip/0032,30,0,0.0044745588675141335,0
C05,testing/notflip/0033_000000025,notflip/0033,25,0,0.013404113240540028,0
C05,training/notflip/0033_000000026,notflip/0033,26,0,0.015073824673891068,0
C05,testing/notflip/0033_000000027,notflip/0033,27,0,0.016479795798659325,0
C05,training/notflip/0033_000000028,notflip/0033,28,0,0.017959000542759895,0
C05,training/notflip/0033_000000029,notflip/0033,29,0,0.019509097561240196,0
C05,training/notflip/0033_000000030,notflip/0033,30,0,0.02449219487607479,0
C05,testing/notflip/0034_000000025,notflip/0034,25,0,0.012677883729338646,0
C05,training/notflip/0034_000000026,notflip/0034,26,0,0.013960073702037334,0
C05,training/notflip/0034_000000027,notflip/0034,27,0,0.014870765618979931,0
C05,training/notflip/0034_000000028,notflip/0034,28,0,0.014849859289824963,0
C05,training/notflip/0034_000000029,notflip/0034,29,0,0.015640726312994957,0
C05,testing/notflip/0034_000000030,notflip/0034,30,0,0.016691479831933975,0
C05,testing/notflip/0035_000000026,notflip/0035,26,0,0.018614178523421288,0
C05,training/notflip/0035_000000027,notflip/0035,27,0,0.019325528293848038,0
C05,training/notflip/0035_000000028,notflip/0035,28,0,0.02440800704061985,0
C05,training/notflip/0035_000000029,notflip/0035,29,0,0.026124058291316032,0
C05,training/notflip/0035_000000030,notflip/0035,30,0,0.027596017345786095,0
C05,training/notflip/0035_000000031,notflip/0035,31,0,0.02871214970946312,0
C05,training/notflip/0035_000000032,notflip/0035,32,0,0.032556284219026566,0
C05,testing/notflip/0036_000000025,notflip/0036,25,0,0.08075772970914841,0
C05,training/notflip/0036_000000026,notflip/0036,26,0,0.08124405890703201,0
C05,training/notflip/0036_000000027,notflip/0036,27,0,0.08276396244764328,0
C05,testing/notflip/0036_000000028,notflip/0036,28,0,0.08304046839475632,0
C05,training/notflip/0036_000000029,notflip/0036,29,0,0.08572699874639511,0
C05,testing/notflip/0036_000000030,notflip/0036,30,0,0.08314267545938492,0
C05,testing/notflip/0037_000000025,notflip/0037,25,0,0.013911912217736244,0
C05,training/notflip/0037_000000026,notflip/0037,26,0,0.013138862326741219,0
C05,training/notflip/0037_000000027,notflip/0037,27,0,0.013864254578948021,0
C05,testing/notflip/0037_000000028,notflip/0037,28,0,0.014448674395680428,0
C05,training/notflip/0037_000000029,notflip/0037,29,0,0.017260359600186348,0
C05,training/notflip/0037_000000030,notflip/0037,30,0,0.018493125215172768,0
C05,training/notflip/0038_000000025,notflip/0038,25,0,0.012415953911840916,0
C05,training/notflip/0038_000000026,notflip/0038,26,0,0.012961720116436481,0
C05,training/notflip/0038_000000027,notflip/0038,27,0,0.015652133151888847,0
C05,training/notflip/0038_000000028,notflip/0038,28,0,0.015535893850028515,0
C05,training/notflip/0038_000000029,notflip/0038,29,0,0.01586325466632843,0
C05,training/notflip/0038_000000030,notflip/0038,30,0,0.015248671174049377,0
C05,training/notflip/0039_000000025,notflip/0039,25,0,0.07063330709934235,0
C05,testing/notflip/0039_000000026,notflip/0039,26,0,0.06690746545791626,0
C05,training/notflip/0039_000000027,notflip/0039,27,0,0.0637466236948967,0
C05,training/notflip/0039_000000028,notflip/0039,28,0,0.0632191151380539,0
C05,training/notflip/0039_000000029,notflip/0039,29,0,0.06343347579240799,0
C05,training/notflip/0039_000000030,notflip/0039,30,0,0.06775788962841034,0
C05,training/notflip/0040_000000025,notflip/0040,25,0,0.0020185576286166906,0
C05,training/notflip/0040_000000026,notflip/0040,26,0,0.002048604656010866,0
C05,training/notflip/0040_000000027,notflip/0040,27,0,0.0019488225225359201,0
C05,training/notflip/0040_000000028,notflip/0040,28,0,0.0019480378832668066,0
C05,training/notflip/0040_000000029,notflip/0040,29,0,0.0018673535669222474,0
C05,training/notflip/0040_000000030,notflip/0040,30,0,0.0019042821368202567,0
C06,training/flip/0034_000000025,flip/0034,25,1,2.381699778197799e-05,0
C06,training/flip/0034_000000026,flip/0034,26,1,3.696618296089582e-05,0
C06,training/flip/0034_000000027,flip/0034,27,1,1.4641183042840566e-05,0
C06,training/flip/0035_000000019,flip/0035,19,1,0.011292124167084694,0
C06,training/flip/0035_000000020,flip/0035,20,1,0.005121318157762289,0
C06,training/flip/0035_000000021,flip/0035,21,1,0.0013207260053604841,0
C06,training/flip/0035_000000022,flip/0035,22,1,0.00045000214595347643,0
C06,training/flip/0036_000000023,flip/0036,23,1,0.9283064603805542,1
C06,testing/flip/0036_000000024,flip/0036,24,1,0.9917762279510498,1
C06,training/flip/0036_000000025,flip/0036,25,1,0.9931625127792358,1
C06,training/flip/0036_000000026,flip/0036,26,1,0.8663540482521057,1
C06,training/flip/0036_000000027,flip/0036,27,1,0.6115899682044983,1
C06,training/flip/0037_000000022,flip/0037,22,1,0.01180447917431593,0
C06,training/flip/0037_000000023,flip/0037,23,1,0.003844301914796233,0
C06,testing/flip/0037_000000024,flip/0037,24,1,0.0015336571959778666,0
C06,training/flip/0037_000000025,flip/0037,25,1,0.0005417267675511539,0
C06,training/flip/0037_000000026,flip/0037,26,1,0.0006693616742268205,0
C06,training/flip/0037_000000027,flip/0037,27,1,0.0007544728578068316,0
C06,training/flip/0038_000000040,flip/0038,40,1,0.9898781776428223,1
C06,training/flip/0038_000000041,flip/0038,41,1,0.9884265661239624,1
C06,training/flip/0038_000000042,flip/0038,42,1,0.9687933325767517,1
C06,testing/flip/0038_000000043,flip/0038,43,1,0.9690829515457153,1
C06,testing/flip/0038_000000044,flip/0038,44,1,0.9853160977363586,1
C06,training/flip/0038_000000045,flip/0038,45,1,0.9793521165847778,1
C06,training/flip/0038_000000046,flip/0038,46,1,0.9145611524581909,1
C06,testing/flip/0038_000000047,flip/0038,47,1,0.5666194558143616,1
C06,testing/flip/0038_000000048,flip/0038,48,1,0.11375407874584198,0
C06,training/flip/0038_000000049,flip/0038,49,1,0.01254073902964592,0
C06,training/flip/0039_000000024,flip/0039,24,1,0.00018701510271057487,0
C06,training/flip/0039_000000025,flip/0039,25,1,0.00013528025010600686,0
C06,training/flip/0039_000000026,flip/0039,26,1,6.700414087390527e-05,0
C06,training/flip/0039_000000027,flip/0039,27,1,1.973420148715377e-05,0
C06,training/flip/0039_000000028,flip/0039,28,1,1.8753678887151182e-05,0
C06,training/flip/0040_000000026,flip/0040,26,1,0.9935494065284729,1
C06,training/flip/0040_000000027,flip/0040,27,1,0.9658535122871399,1
C06,testing/flip/0040_000000028,flip/0040,28,1,0.7094214558601379,1
C06,training/flip/0040_000000029,flip/0040,29,1,0.6272246837615967,1
C06,training/flip/0040_000000030,flip/0040,30,1,0.6603924036026001,1
C06,training/flip/0041_000000026,flip/0041,26,1,0.003050584811717272,0
C06,testing/flip/0041_000000027,flip/0041,27,1,0.0002922628482338041,0
C06,training/flip/0041_000000028,flip/0041,28,1,0.00018954022380057722,0
C06,training/flip/0041_000000029,flip/0041,29,1,0.00014247559010982513,0
C06,training/flip/0042_000000025,flip/0042,25,1,0.9974517226219177,1
C06,training/flip/0042_000000026,flip/0042,26,1,0.9901363253593445,1
C06,testing/flip/0042_000000027,flip/0042,27,1,0.9562568068504333,1
C06,training/flip/0042_000000028,flip/0042,28,1,0.5262928009033203,1
C06,training/flip/0042_000000029,flip/0042,29,1,0.2743867337703705,0
C06,training/flip/0042_000000030,flip/0042,30,1,0.08305329084396362,0
C06,testing/flip/0043_000000023,flip/0043,23,1,0.24066194891929626,0
C06,training/flip/0043_000000024,flip/0043,24,1,0.012958926148712635,0
C06,testing/flip/0044_000000024,flip/0044,24,1,0.9782121181488037,1
C06,testing/flip/0044_000000025,flip/0044,25,1,0.6239480972290039,1
C06,training/flip/0044_000000026,flip/0044,26,1,0.4044748544692993,0
C06,training/flip/0044_000000027,flip/0044,27,1,0.3041428029537201,0
C06,training/flip/0044_000000028,flip/0044,28,1,0.25426116585731506,0
C06,training/flip/0044_000000029,flip/0044,29,1,0.16361825168132782,0
C06,training/flip/0045_000000026,flip/0045,26,1,0.9881367683410645,1
C06,testing/flip/0045_000000027,flip/0045,27,1,0.9362483024597168,1
C06,training/flip/0045_000000028,flip/0045,28,1,0.7007521986961365,1
C06,training/flip/0045_000000029,flip/0045,29,1,0.5206210613250732,1
C06,training/flip/0045_000000030,flip/0045,30,1,0.18139652907848358,0
C06,testing/flip/0046_000000023,flip/0046,23,1,0.1723812073469162,0
C06,training/flip/0046_000000024,flip/0046,24,1,0.037668950855731964,0
C06,testing/flip/0046_000000025,flip/0046,25,1,0.007182864006608725,0
C06,training/flip/0046_000000026,flip/0046,26,1,0.003116283565759659,0
C06,training/flip/0046_000000027,flip/0046,27,1,0.002546456176787615,0
C06,testing/flip/0047_000000026,flip/0047,26,1,0.5545051097869873,1
C06,training/flip/0047_000000027,flip/0047,27,1,0.6026406288146973,1
C06,training/flip/0047_000000028,flip/0047,28,1,0.694304883480072,1
C06,training/flip/0047_000000029,flip/0047,29,1,0.8278064131736755,1
C06,training/flip/0047_000000030,flip/0047,30,1,0.6556695699691772,1
C06,training/flip/0048_000000026,flip/0048,26,1,0.0009808073518797755,0
C06,training/flip/0048_000000027,flip/0048,27,1,0.0003691781312227249,0
C06,training/flip/0048_000000028,flip/0048,28,1,3.8911141018616036e-05,0
C06,training/flip/0048_000000029,flip/0048,29,1,1.5892780993453925e-06,0
C06,training/flip/0048_000000030,flip/0048,30,1,2.8356805614748737e-06,0
C06,training/notflip/0027_000000025,notflip/0027,25,0,4.100095338799292e-06,0
C06,training/notflip/0027_000000026,notflip/0027,26,0,4.152273049840005e-06,0
C06,training/notflip/0027_000000027,notflip/0027,27,0,5.677002718584845e-06,0
C06,training/notflip/0027_000000028,notflip/0027,28,0,6.262824172154069e-06,0
C06,training/notflip/0027_000000029,notflip/0027,29,0,5.767754828411853e-06,0
C06,training/notflip/0027_000000030,notflip/0027,30,0,5.521558705368079e-06,0
C06,training/notflip/0028_000000025,notflip/0028,25,0,7.770456278421989e-08,0
C06,training/notflip/0028_000000026,notflip/0028,26,0,5.2953737395000644e-08,0
C06,training/notflip/0028_000000027,notflip/0028,27,0,6.328346557893383e-08,0
C06,training/notflip/0028_000000028,notflip/0028,28,0,7.271736990333011e-08,0
C06,training/notflip/0028_000000029,notflip/0028,29,0,7.412698010966778e-08,0
C06,training/notflip/0028_000000030,notflip/0028,30,0,6.794390117192961e-08,0
C06,testing/notflip/0029_000000025,notflip/0029,25,0,2.465634315740317e-05,0
C06,training/notflip/0029_000000026,notflip/0029,26,0,3.108700184384361e-05,0
C06,training/notflip/0029_000000027,notflip/0029,27,0,2.3916141799418256e-05,0
C06,training/notflip/0029_000000028,notflip/0029,28,0,1.9620259990915656e-05,0
C06,training/notflip/0029_000000029,notflip/0029,29,0,2.356964978389442e-05,0
C06,training/notflip/0029_000000030,notflip/0029,30,0,2.4950806619017385e-05,0
C06,training/notflip/0030_000000025,notflip/0030,25,0,0.00017830631986726075,0
C06,training/notflip/0030_000000026,notflip/0030,26,0,0.0001677029358688742,0
C06,training/notflip/0030_000000027,notflip/0030,27,0,0.0001773530530044809,0
C06,testing/notflip/0030_000000028,notflip/0030,28,0,0.00019052265270147473,0
C06,training/notflip/0030_000000029,notflip/0030,29,0,0.00024309837317559868,0
C06,training/notflip/0030_000000030,notflip/0030,30,0,0.00023849302669987082,0
C06,training/notflip/0031_000000025,notflip/0031,25,0,1.3483911970979534e-05,0
C06,training/notflip/0031_000000026,notflip/0031,26,0,1.3412272892310284e-05,0
C06,training/notflip/0031_000000027,notflip/0031,27,0,1.2452018381736707e-05,0
C06,training/notflip/0031_000000028,notflip/0031,28,0,1.5202664144453593e-05,0
C06,training/notflip/0031_000000029,notflip/0031,29,0,1.6329062418662943e-05,0
C06,training/notflip/0031_000000030,notflip/0031,30,0,3.0089920983300544e-05,0
C06,training/notflip/0032_000000025,notflip/0032,25,0,2.4540563003938587e-07,0
C06,training/notflip/0032_000000026,notflip/0032,26,0,3.089315896431799e-07,0
C06,training/notflip/0032_000000027,notflip/0032,27,0,3.478648693544528e-07,0
C06,training/notflip/0032_000000028,notflip/0032,28,0,3.0487561275549524e-07,0
C06,testing/notflip/0032_000000029,notflip/0032,29,0,3.367062220149819e-07,0
C06,training/notflip/0032_000000030,notflip/0032,30,0,3.36696587055485e-07,0
C06,testing/notflip/0033_000000025,notflip/0033,25,0,2.932582538051065e-05,0
C06,training/notflip/0033_000000026,notflip/0033,26,0,3.95295319322031e-05,0
C06,testing/notflip/0033_000000027,notflip/0033,27,0,5.411847814684734e-05,0
C06,training/notflip/0033_000000028,notflip/0033,28,0,5.7630160881672055e-05,0
C06,training/notflip/0033_000000029,notflip/0033,29,0,9.990354010369629e-05,0
C06,training/notflip/0033_000000030,notflip/0033,30,0,0.00027403372223488986,0
C06,testing/notflip/0034_000000025,notflip/0034,25,0,1.8680960920391954e-06,0
C06,training/notflip/0034_000000026,notflip/0034,26,0,2.5330723474326078e-06,0
C06,training/notflip/0034_000000027,notflip/0034,27,0,3.0933183552406263e-06,0
C06,training/notflip/0034_000000028,notflip/0034,28,0,4.868265023105778e-06,0
C06,training/notflip/0034_000000029,notflip/0034,29,0,7.215949153760448e-06,0
C06,testing/notflip/0034_000000030,notflip/0034,30,0,9.701840099296533e-06,0
C06,testing/notflip/0035_000000026,notflip/0035,26,0,5.2129321375105064e-06,0
C06,training/notflip/0035_000000027,notflip/0035,27,0,5.022023742640158e-06,0
C06,training/notflip/0035_000000028,notflip/0035,28,0,1.0119495527760591e-05,0
C06,training/notflip/0035_000000029,notflip/0035,29,0,1.2972405784239527e-05,0
C06,training/notflip/0035_000000030,notflip/0035,30,0,1.4634706531069241e-05,0
C06,training/notflip/0035_000000031,notflip/0035,31,0,1.8045968317892402e-05,0
C06,training/notflip/0035_000000032,notflip/0035,32,0,4.5632557885255665e-05,0
C06,testing/notflip/0036_000000025,notflip/0036,25,0,0.00191928306594491,0
C06,training/notflip/0036_000000026,notflip/0036,26,0,0.001907890080474317,0
C06,training/notflip/0036_000000027,notflip/0036,27,0,0.002063912805169821,0
C06,testing/notflip/0036_000000028,notflip/0036,28,0,0.0017996287206187844,0
C06,training/notflip/0036_000000029,notflip/0036,29,0,0.0018398751271888614,0
C06,testing/notflip/0036_000000030,notflip/0036,30,0,0.0015412692446261644,0
C06,testing/notflip/0037_000000025,notflip/0037,25,0,3.9607304643141106e-05,0
C06,training/notflip/0037_000000026,notflip/0037,26,0,3.977293454227038e-05,0
C06,training/notflip/0037_000000027,notflip/0037,27,0,4.202600757707842e-05,0
C06,testing/notflip/0037_000000028,notflip/0037,28,0,3.8715486880391836e-05,0
C06,training/notflip/0037_000000029,notflip/0037,29,0,7.035322778392583e-05,0
C06,training/notflip/0037_000000030,notflip/0037,30,0,6.612033757846802e-05,0
C06,training/notflip/0038_000000025,notflip/0038,25,0,1.0811948413902428e-05,0
C06,training/notflip/0038_000000026,notflip/0038,26,0,1.3325374311534688e-05,0
C06,training/notflip/0038_000000027,notflip/0038,27,0,1.8743039618129842e-05,0
C06,training/notflip/0038_000000028,notflip/0038,28,0,1.649880505283363e-05,0
C06,training/notflip/0038_000000029,notflip/0038,29,0,1.8946040654554963e-05,0
C06,training/notflip/0038_000000030,notflip/0038,30,0,1.9984097889391705e-05,0
C06,training/notflip/0039_000000025,notflip/0039,25,0,3.502762774587609e-05,0
C06,testing/notflip/0039_000000026,notflip/0039,26,0,3.5589226172305644e-05,0
C06,training/notflip/0039_000000027,notflip/0039,27,0,2.5873425329336897e-05,0
C06,training/notflip/0039_000000028,notflip/0039,28,0,2.7267091354588047e-05,0
C06,training/notflip/0039_000000029,notflip/0039,29,0,2.3701983081991784e-05,0
C06,training/notflip/0039_000000030,notflip/0039,30,0,2.0315352230682038e-05,0
C06,training/notflip/0040_000000025,notflip/0040,25,0,2.3193670983800985e-07,0
C06,training/notflip/0040_000000026,notflip/0040,26,0,2.144779500667937e-07,0
C06,training/notflip/0040_000000027,notflip/0040,27,0,1.802590787747249e-07,0
C06,training/notflip/0040_000000028,notflip/0040,28,0,1.6786857770512142e-07,0
C06,training/notflip/0040_000000029,notflip/0040,29,0,1.3087839079162222e-07,0
C06,training/notflip/0040_000000030,notflip/0040,30,0,1.5492854288368108e-07,0
C07,training/flip/0034_000000025,flip/0034,25,1,0.011385900899767876,0
C07,training/flip/0034_000000026,flip/0034,26,1,0.011199882254004478,0
C07,training/flip/0034_000000027,flip/0034,27,1,0.003943953197449446,0
C07,training/flip/0035_000000019,flip/0035,19,1,0.7098764181137085,1
C07,training/flip/0035_000000020,flip/0035,20,1,0.6790947318077087,1
C07,training/flip/0035_000000021,flip/0035,21,1,0.3836228549480438,0
C07,training/flip/0035_000000022,flip/0035,22,1,0.04057999327778816,0
C07,training/flip/0036_000000023,flip/0036,23,1,0.9875937104225159,1
C07,testing/flip/0036_000000024,flip/0036,24,1,0.9986734390258789,1
C07,training/flip/0036_000000025,flip/0036,25,1,0.9986928105354309,1
C07,training/flip/0036_000000026,flip/0036,26,1,0.9951590895652771,1
C07,training/flip/0036_000000027,flip/0036,27,1,0.9695299863815308,1
C07,training/flip/0037_000000022,flip/0037,22,1,0.26658397912979126,0
C07,training/flip/0037_000000023,flip/0037,23,1,0.071146160364151,0
C07,testing/flip/0037_000000024,flip/0037,24,1,0.02654101885855198,0
C07,training/flip/0037_000000025,flip/0037,25,1,0.025795796886086464,0
C07,training/flip/0037_000000026,flip/0037,26,1,0.03730584308505058,0
C07,training/flip/0037_000000027,flip/0037,27,1,0.045908864587545395,0
C07,training/flip/0038_000000040,flip/0038,40,1,0.9292653799057007,1
C07,training/flip/0038_000000041,flip/0038,41,1,0.9586909413337708,1
C07,training/flip/0038_000000042,flip/0038,42,1,0.9604586958885193,1
C07,testing/flip/0038_000000043,flip/0038,43,1,0.9769306182861328,1
C07,testing/flip/0038_000000044,flip/0038,44,1,0.98294997215271,1
C07,training/flip/0038_000000045,flip/0038,45,1,0.9588090777397156,1
C07,training/flip/0038_000000046,flip/0038,46,1,0.9026525020599365,1
C07,testing/flip/0038_000000047,flip/0038,47,1,0.6389275789260864,1
C07,testing/flip/0038_000000048,flip/0038,48,1,0.2562268078327179,0
C07,training/flip/0038_000000049,flip/0038,49,1,0.12068580836057663,0
C07,training/flip/0039_000000024,flip/0039,24,1,0.11037487536668777,0
C07,training/flip/0039_000000025,flip/0039,25,1,0.055391762405633926,0
C07,training/flip/0039_000000026,flip/0039,26,1,0.017401540651917458,0
C07,training/flip/0039_000000027,flip/0039,27,1,0.0045484560541808605,0
C07,training/flip/0039_000000028,flip/0039,28,1,0.007831346243619919,0
C07,training/flip/0040_000000026,flip/0040,26,1,0.9991208910942078,1
C07,training/flip/0040_000000027,flip/0040,27,1,0.9956328272819519,1
C07,testing/flip/0040_000000028,flip/0040,28,1,0.9621148109436035,1
C07,training/flip/0040_000000029,flip/0040,29,1,0.9818083643913269,1
C07,training/flip/0040_000000030,flip/0040,30,1,0.9848572015762329,1
C07,training/flip/0041_000000026,flip/0041,26,1,0.025957362726330757,0
C07,testing/flip/0041_000000027,flip/0041,27,1,0.005811944603919983,0
C07,training/flip/0041_000000028,flip/0041,28,1,0.006883346941322088,0
C07,training/flip/0041_000000029,flip/0041,29,1,0.009104181081056595,0
C07,training/flip/0042_000000025,flip/0042,25,1,0.9996896982192993,1
C07,training/flip/0042_000000026,flip/0042,26,1,0.9985910058021545,1
C07,testing/flip/0042_000000027,flip/0042,27,1,0.9926913380622864,1
C07,training/flip/0042_000000028,flip/0042,28,1,0.9567975997924805,1
C07,training/flip/0042_000000029,flip/0042,29,1,0.9111410975456238,1
C07,training/flip/0042_000000030,flip/0042,30,1,0.8610495924949646,1
C07,testing/flip/0043_000000023,flip/0043,23,1,0.9543919563293457,1
C07,training/flip/0043_000000024,flip/0043,24,1,0.7325801253318787,1
C07,testing/flip/0044_000000024,flip/0044,24,1,0.9995310306549072,1
C07,testing/flip/0044_000000025,flip/0044,25,1,0.9934068918228149,1
C07,training/flip/0044_000000026,flip/0044,26,1,0.9891545176506042,1
C07,training/flip/0044_000000027,flip/0044,27,1,0.9892686009407043,1
C07,training/flip/0044_000000028,flip/0044,28,1,0.9847161769866943,1
C07,training/flip/0044_000000029,flip/0044,29,1,0.9776539206504822,1
C07,training/flip/0045_000000026,flip/0045,26,1,0.9992897510528564,1
C07,testing/flip/0045_000000027,flip/0045,27,1,0.9988722205162048,1
C07,training/flip/0045_000000028,flip/0045,28,1,0.9975146055221558,1
C07,training/flip/0045_000000029,flip/0045,29,1,0.992158055305481,1
C07,training/flip/0045_000000030,flip/0045,30,1,0.9491204023361206,1
C07,testing/flip/0046_000000023,flip/0046,23,1,0.5961030125617981,1
C07,training/flip/0046_000000024,flip/0046,24,1,0.4992654323577881,0
C07,testing/flip/0046_000000025,flip/0046,25,1,0.4517475664615631,0
C07,training/flip/0046_000000026,flip/0046,26,1,0.28321823477745056,0
C07,training/flip/0046_000000027,flip/0046,27,1,0.3264155983924866,0
C07,testing/flip/0047_000000026,flip/0047,26,1,0.8497212529182434,1
C07,training/flip/0047_000000027,flip/0047,27,1,0.6246263384819031,1
C07,training/flip/0047_000000028,flip/0047,28,1,0.859478235244751,1
C07,training/flip/0047_000000029,flip/0047,29,1,0.8471225500106812,1
C07,training/flip/0047_000000030,flip/0047,30,1,0.3766380548477173,0
C07,training/flip/0048_000000026,flip/0048,26,1,0.37889331579208374,0
C07,training/flip/0048_000000027,flip/0048,27,1,0.315337210893631,0
C07,training/flip/0048_000000028,flip/0048,28,1,0.09814251214265823,0
C07,training/flip/0048_000000029,flip/0048,29,1,0.0069207120686769485,0
C07,training/flip/0048_000000030,flip/0048,30,1,0.0051423716358840466,0
C07,training/notflip/0027_000000025,notflip/0027,25,0,0.06401997059583664,0
C07,training/notflip/0027_000000026,notflip/0027,26,0,0.037906527519226074,0
C07,training/notflip/0027_000000027,notflip/0027,27,0,0.07105355709791183,0
C07,training/notflip/0027_000000028,notflip/0027,28,0,0.07334454357624054,0
C07,training/notflip/0027_000000029,notflip/0027,29,0,0.06666766852140427,0
C07,training/notflip/0027_000000030,notflip/0027,30,0,0.07247243821620941,0
C07,training/notflip/0028_000000025,notflip/0028,25,0,6.405426393030211e-05,0
C07,training/notflip/0028_000000026,notflip/0028,26,0,7.831539551261812e-05,0
C07,training/notflip/0028_000000027,notflip/0028,27,0,6.632633449044079e-05,0
C07,training/notflip/0028_000000028,notflip/0028,28,0,6.425297033274546e-05,0
C07,training/notflip/0028_000000029,notflip/0028,29,0,4.908900518785231e-05,0
C07,training/notflip/0028_000000030,notflip/0028,30,0,6.71074740239419e-05,0
C07,testing/notflip/0029_000000025,notflip/0029,25,0,0.0007945074466988444,0
C07,training/notflip/0029_000000026,notflip/0029,26,0,0.0009147169184871018,0
C07,training/notflip/0029_000000027,notflip/0029,27,0,0.0009345997241325676,0
C07,training/notflip/0029_000000028,notflip/0029,28,0,0.0009357744711451232,0
C07,training/notflip/0029_000000029,notflip/0029,29,0,0.00098559504840523,0
C07,training/notflip/0029_000000030,notflip/0029,30,0,0.0009844866581261158,0
C07,training/notflip/0030_000000025,notflip/0030,25,0,0.0069609135389328,0
C07,training/notflip/0030_000000026,notflip/0030,26,0,0.008616122417151928,0
C07,training/notflip/0030_000000027,notflip/0030,27,0,0.006612012628465891,0
C07,testing/notflip/0030_000000028,notflip/0030,28,0,0.007115389220416546,0
C07,training/notflip/0030_000000029,notflip/0030,29,0,0.005744535010308027,0
C07,training/notflip/0030_000000030,notflip/0030,30,0,0.004765971563756466,0
C07,training/notflip/0031_000000025,notflip/0031,25,0,0.0046959309838712215,0
C07,training/notflip/0031_000000026,notflip/0031,26,0,0.003253940027207136,0
C07,training/notflip/0031_000000027,notflip/0031,27,0,0.0035573565401136875,0
C07,training/notflip/0031_000000028,notflip/0031,28,0,0.0051297652535140514,0
C07,training/notflip/0031_000000029,notflip/0031,29,0,0.006211041007190943,0
C07,training/notflip/0031_000000030,notflip/0031,30,0,0.00410704780369997,0
C07,training/notflip/0032_000000025,notflip/0032,25,0,0.00021249512792564929,0
C07,training/notflip/0032_000000026,notflip/0032,26,0,0.00013434480933938175,0
C07,training/notflip/0032_000000027,notflip/0032,27,0,0.00021451740758493543,0
C07,training/notflip/0032_000000028,notflip/0032,28,0,0.00018699656357057393,0
C07,testing/notflip/0032_000000029,notflip/0032,29,0,0.00017722135817166418,0
C07,training/notflip/0032_000000030,notflip/0032,30,0,0.00013535625475924462,0
C07,testing/notflip/0033_000000025,notflip/0033,25,0,0.01025502197444439,0
C07,training/notflip/0033_000000026,notflip/0033,26,0,0.012029919773340225,0
C07,testing/notflip/0033_000000027,notflip/0033,27,0,0.013461187481880188,0
C07,training/notflip/0033_000000028,notflip/0033,28,0,0.015583083964884281,0
C07,training/notflip/0033_000000029,notflip/0033,29,0,0.017335085198283195,0
C07,training/notflip/0033_000000030,notflip/0033,30,0,0.028230005875229836,0
C07,testing/notflip/0034_000000025,notflip/0034,25,0,0.002729166066274047,0
C07,training/notflip/0034_000000026,notflip/0034,26,0,0.002641987055540085,0
C07,training/notflip/0034_000000027,notflip/0034,27,0,0.0030959316063672304,0
C07,training/notflip/0034_000000028,notflip/0034,28,0,0.0031515785958617926,0
C07,training/notflip/0034_000000029,notflip/0034,29,0,0.0023833070881664753,0
C07,testing/notflip/0034_000000030,notflip/0034,30,0,0.0027810914907604456,0
C07,testing/notflip/0035_000000026,notflip/0035,26,0,0.0055122035555541515,0
C07,training/notflip/0035_000000027,notflip/0035,27,0,0.006385700311511755,0
C07,training/notflip/0035_000000028,notflip/0035,28,0,0.00982917845249176,0
C07,training/notflip/0035_000000029,notflip/0035,29,0,0.012821642681956291,0
C07,training/notflip/0035_000000030,notflip/0035,30,0,0.015438143163919449,0
C07,training/notflip/0035_000000031,notflip/0035,31,0,0.014909829944372177,0
C07,training/notflip/0035_000000032,notflip/0035,32,0,0.0237006563693285,0
C07,testing/notflip/0036_000000025,notflip/0036,25,0,0.5034006237983704,1
C07,training/notflip/0036_000000026,notflip/0036,26,0,0.5170872211456299,1
C07,training/notflip/0036_000000027,notflip/0036,27,0,0.5231747627258301,1
C07,testing/notflip/0036_000000028,notflip/0036,28,0,0.4947631359100342,0
C07,training/notflip/0036_000000029,notflip/0036,29,0,0.551736056804657,1
C07,testing/notflip/0036_000000030,notflip/0036,30,0,0.557125449180603,1
C07,testing/notflip/0037_000000025,notflip/0037,25,0,0.02855498343706131,0
C07,training/notflip/0037_000000026,notflip/0037,26,0,0.029923364520072937,0
C07,training/notflip/0037_000000027,notflip/0037,27,0,0.025008302181959152,0
C07,testing/notflip/0037_000000028,notflip/0037,28,0,0.02127389796078205,0
C07,training/notflip/0037_000000029,notflip/0037,29,0,0.029847117140889168,0
C07,training/notflip/0037_000000030,notflip/0037,30,0,0.032762374728918076,0
C07,training/notflip/0038_000000025,notflip/0038,25,0,0.005365216638892889,0
C07,training/notflip/0038_000000026,notflip/0038,26,0,0.007644792553037405,0
C07,training/notflip/0038_000000027,notflip/0038,27,0,0.0072936746291816235,0
C07,training/notflip/0038_000000028,notflip/0038,28,0,0.009053886868059635,0
C07,training/notflip/0038_000000029,notflip/0038,29,0,0.008801589719951153,0
C07,training/notflip/0038_000000030,notflip/0038,30,0,0.008737570606172085,0
C07,training/notflip/0039_000000025,notflip/0039,25,0,0.005888030864298344,0
C07,testing/notflip/0039_000000026,notflip/0039,26,0,0.00805779080837965,0
C07,training/notflip/0039_000000027,notflip/0039,27,0,0.007082964293658733,0
C07,training/notflip/0039_000000028,notflip/0039,28,0,0.00708230072632432,0
C07,training/notflip/0039_000000029,notflip/0039,29,0,0.005441777873784304,0
C07,training/notflip/0039_000000030,notflip/0039,30,0,0.0037007613573223352,0
C07,training/notflip/0040_000000025,notflip/0040,25,0,7.246369204949588e-05,0
C07,training/notflip/0040_000000026,notflip/0040,26,0,7.556654600193724e-05,0
C07,training/notflip/0040_000000027,notflip/0040,27,0,7.393022679025307e-05,0
C07,training/notflip/0040_000000028,notflip/0040,28,0,7.319150608964264e-05,0
C07,training/notflip/0040_000000029,notflip/0040,29,0,7.033973815850914e-05,0
C07,training/notflip/0040_000000030,notflip/0040,30,0,6.35030519333668e-05,0
C08,training/flip/0034_000000025,flip/0034,25,1,0.021052613854408264,0
C08,training/flip/0034_000000026,flip/0034,26,1,0.017291991040110588,0
C08,training/flip/0034_000000027,flip/0034,27,1,0.01237745862454176,0
C08,training/flip/0035_000000019,flip/0035,19,1,0.058511000126600266,0
C08,training/flip/0035_000000020,flip/0035,20,1,0.05754404515028,0
C08,training/flip/0035_000000021,flip/0035,21,1,0.04717126488685608,0
C08,training/flip/0035_000000022,flip/0035,22,1,0.029673771932721138,0
C08,training/flip/0036_000000023,flip/0036,23,1,0.32243025302886963,0
C08,testing/flip/0036_000000024,flip/0036,24,1,0.27973490953445435,0
C08,training/flip/0036_000000025,flip/0036,25,1,0.28032243251800537,0
C08,training/flip/0036_000000026,flip/0036,26,1,0.24211762845516205,0
C08,training/flip/0036_000000027,flip/0036,27,1,0.20042969286441803,0
C08,training/flip/0037_000000022,flip/0037,22,1,0.09111307561397552,0
C08,training/flip/0037_000000023,flip/0037,23,1,0.07218204438686371,0
C08,testing/flip/0037_000000024,flip/0037,24,1,0.05623023211956024,0
C08,training/flip/0037_000000025,flip/0037,25,1,0.046212539076805115,0
C08,training/flip/0037_000000026,flip/0037,26,1,0.05660606175661087,0
C08,training/flip/0037_000000027,flip/0037,27,1,0.051421090960502625,0
C08,training/flip/0038_000000040,flip/0038,40,1,0.4153413772583008,0
C08,training/flip/0038_000000041,flip/0038,41,1,0.42266589403152466,0
C08,training/flip/0038_000000042,flip/0038,42,1,0.3605802059173584,0
C08,testing/flip/0038_000000043,flip/0038,43,1,0.3700791001319885,0
C08,testing/flip/0038_000000044,flip/0038,44,1,0.35991528630256653,0
C08,training/flip/0038_000000045,flip/0038,45,1,0.2859320044517517,0
C08,training/flip/0038_000000046,flip/0038,46,1,0.23574405908584595,0
C08,testing/flip/0038_000000047,flip/0038,47,1,0.19664838910102844,0
C08,testing/flip/0038_000000048,flip/0038,48,1,0.13947780430316925,0
C08,training/flip/0038_000000049,flip/0038,49,1,0.10512244701385498,0
C08,training/flip/0039_000000024,flip/0039,24,1,0.05367907136678696,0
C08,training/flip/0039_000000025,flip/0039,25,1,0.04743138700723648,0
C08,training/flip/0039_000000026,flip/0039,26,1,0.033847201615571976,0
C08,training/flip/0039_000000027,flip/0039,27,1,0.0255686417222023,0
C08,training/flip/0039_000000028,flip/0039,28,1,0.028045132756233215,0
C08,training/flip/0040_000000026,flip/0040,26,1,0.6433281898498535,1
C08,training/flip/0040_000000027,flip/0040,27,1,0.5762600302696228,1
C08,testing/flip/0040_000000028,flip/0040,28,1,0.499578058719635,0
C08,training/flip/0040_000000029,flip/0040,29,1,0.5360108017921448,1
C08,training/flip/0040_000000030,flip/0040,30,1,0.5606540441513062,1
C08,training/flip/0041_000000026,flip/0041,26,1,0.05619414523243904,0
C08,testing/flip/0041_000000027,flip/0041,27,1,0.03167704492807388,0
C08,training/flip/0041_000000028,flip/0041,28,1,0.026857513934373856,0
C08,training/flip/0041_000000029,flip/0041,29,1,0.022671999409794807,0
C08,training/flip/0042_000000025,flip/0042,25,1,0.7233736515045166,1
C08,training/flip/0042_000000026,flip/0042,26,1,0.6200050711631775,1
C08,testing/flip/0042_000000027,flip/0042,27,1,0.5559454560279846,1
C08,training/flip/0042_000000028,flip/0042,28,1,0.4122416377067566,0
C08,training/flip/0042_000000029,flip/0042,29,1,0.3454473912715912,0
C08,training/flip/0042_000000030,flip/0042,30,1,0.2818043828010559,0
C08,testing/flip/0043_000000023,flip/0043,23,1,0.2543882131576538,0
C08,training/flip/0043_000000024,flip/0043,24,1,0.1219664141535759,0
C08,testing/flip/0044_000000024,flip/0044,24,1,0.7976731657981873,1
C08,testing/flip/0044_000000025,flip/0044,25,1,0.601944625377655,1
C08,training/flip/0044_000000026,flip/0044,26,1,0.4864874482154846,0
C08,training/flip/0044_000000027,flip/0044,27,1,0.4758583605289459,0
C08,training/flip/0044_000000028,flip/0044,28,1,0.4474177062511444,0
C08,training/flip/0044_000000029,flip/0044,29,1,0.38016262650489807,0
C08,training/flip/0045_000000026,flip/0045,26,1,0.5236942768096924,1
C08,testing/flip/0045_000000027,flip/0045,27,1,0.4410914182662964,0
C08,training/flip/0045_000000028,flip/0045,28,1,0.3371964693069458,0
C08,training/flip/0045_000000029,flip/0045,29,1,0.2597212791442871,0
C08,training/flip/0045_000000030,flip/0045,30,1,0.16393662989139557,0
C08,testing/flip/0046_000000023,flip/0046,23,1,0.2098953276872635,0
C08,training/flip/0046_000000024,flip/0046,24,1,0.1543041467666626,0
C08,testing/flip/0046_000000025,flip/0046,25,1,0.14252960681915283,0
C08,training/flip/0046_000000026,flip/0046,26,1,0.12850689888000488,0
C08,training/flip/0046_000000027,flip/0046,27,1,0.12060518562793732,0
C08,testing/flip/0047_000000026,flip/0047,26,1,0.673947274684906,1
C08,training/flip/0047_000000027,flip/0047,27,1,0.644576907157898,1
C08,training/flip/0047_000000028,flip/0047,28,1,0.6669875979423523,1
C08,training/flip/0047_000000029,flip/0047,29,1,0.6890621781349182,1
C08,training/flip/0047_000000030,flip/0047,30,1,0.6383823156356812,1
C08,training/flip/0048_000000026,flip/0048,26,1,0.07236186414957047,0
C08,training/flip/0048_000000027,flip/0048,27,1,0.038880422711372375,0
C08,training/flip/0048_000000028,flip/0048,28,1,0.021494504064321518,0
C08,training/flip/0048_000000029,flip/0048,29,1,0.013589376583695412,0
C08,training/flip/0048_000000030,flip/0048,30,1,0.009816517122089863,0
C08,training/notflip/0027_000000025,notflip/0027,25,0,0.01795903407037258,0
C08,training/notflip/0027_000000026,notflip/0027,26,0,0.016743376851081848,0
C08,training/notflip/0027_000000027,notflip/0027,27,0,0.017735376954078674,0
C08,training/notflip/0027_000000028,notflip/0027,28,0,0.017971057444810867,0
C08,training/notflip/0027_000000029,notflip/0027,29,0,0.01817840337753296,0
C08,training/notflip/0027_000000030,notflip/0027,30,0,0.018338249996304512,0
C08,training/notflip/0028_000000025,notflip/0028,25,0,0.006336750462651253,0
C08,training/notflip/0028_000000026,notflip/0028,26,0,0.006593468599021435,0
C08,training/notflip/0028_000000027,notflip/0028,27,0,0.006618937477469444,0
C08,training/notflip/0028_000000028,notflip/0028,28,0,0.006715987343341112,0
C08,training/notflip/0028_000000029,notflip/0028,29,0,0.006710404064506292,0
C08,training/notflip/0028_000000030,notflip/0028,30,0,0.006697975564748049,0
C08,testing/notflip/0029_000000025,notflip/0029,25,0,0.02996169775724411,0
C08,training/notflip/0029_000000026,notflip/0029,26,0,0.030984267592430115,0
C08,training/notflip/0029_000000027,notflip/0029,27,0,0.03089767135679722,0
C08,training/notflip/0029_000000028,notflip/0029,28,0,0.032293226569890976,0
C08,training/notflip/0029_000000029,notflip/0029,29,0,0.03224380686879158,0
C08,training/notflip/0029_000000030,notflip/0029,30,0,0.03233297914266586,0
C08,training/notflip/0030_000000025,notflip/0030,25,0,0.04406402260065079,0
C08,training/notflip/0030_000000026,notflip/0030,26,0,0.04474569857120514,0
C08,training/notflip/0030_000000027,notflip/0030,27,0,0.04485210031270981,0
C08,testing/notflip/0030_000000028,notflip/0030,28,0,0.045605096966028214,0
C08,training/notflip/0030_000000029,notflip/0030,29,0,0.04867853596806526,0
C08,training/notflip/0030_000000030,notflip/0030,30,0,0.04749338701367378,0
C08,training/notflip/0031_000000025,notflip/0031,25,0,0.057211846113204956,0
C08,training/notflip/0031_000000026,notflip/0031,26,0,0.05559200793504715,0
C08,training/notflip/0031_000000027,notflip/0031,27,0,0.053994111716747284,0
C08,training/notflip/0031_000000028,notflip/0031,28,0,0.053493842482566833,0
C08,training/notflip/0031_000000029,notflip/0031,29,0,0.056326430290937424,0
C08,training/notflip/0031_000000030,notflip/0031,30,0,0.054710131138563156,0
C08,training/notflip/0032_000000025,notflip/0032,25,0,0.011460134759545326,0
C08,training/notflip/0032_000000026,notflip/0032,26,0,0.010660810396075249,0
C08,training/notflip/0032_000000027,notflip/0032,27,0,0.011695776134729385,0
C08,training/notflip/0032_000000028,notflip/0032,28,0,0.011754046194255352,0
C08,testing/notflip/0032_000000029,notflip/0032,29,0,0.012049322947859764,0
C08,training/notflip/0032_000000030,notflip/0032,30,0,0.01185513660311699,0
C08,testing/notflip/0033_000000025,notflip/0033,25,0,0.04517083987593651,0
C08,training/notflip/0033_000000026,notflip/0033,26,0,0.04932428523898125,0
C08,testing/notflip/0033_000000027,notflip/0033,27,0,0.05399700254201889,0
C08,training/notflip/0033_000000028,notflip/0033,28,0,0.055716875940561295,0
C08,training/notflip/0033_000000029,notflip/0033,29,0,0.06178915873169899,0
C08,training/notflip/0033_000000030,notflip/0033,30,0,0.07473926991224289,0
C08,testing/notflip/0034_000000025,notflip/0034,25,0,0.046924199908971786,0
C08,training/notflip/0034_000000026,notflip/0034,26,0,0.04958050325512886,0
C08,training/notflip/0034_000000027,notflip/0034,27,0,0.05177335441112518,0
C08,training/notflip/0034_000000028,notflip/0034,28,0,0.05355712026357651,0
C08,training/notflip/0034_000000029,notflip/0034,29,0,0.05857142060995102,0
C08,testing/notflip/0034_000000030,notflip/0034,30,0,0.06208518147468567,0
C08,testing/notflip/0035_000000026,notflip/0035,26,0,0.05682596564292908,0
C08,training/notflip/0035_000000027,notflip/0035,27,0,0.05939332768321037,0
C08,training/notflip/0035_000000028,notflip/0035,28,0,0.07255691289901733,0
C08,training/notflip/0035_000000029,notflip/0035,29,0,0.07707668095827103,0
C08,training/notflip/0035_000000030,notflip/0035,30,0,0.07971342653036118,0
C08,training/notflip/0035_000000031,notflip/0035,31,0,0.08666694909334183,0
C08,training/notflip/0035_000000032,notflip/0035,32,0,0.1079011932015419,0
C08,testing/notflip/0036_000000025,notflip/0036,25,0,0.1307094395160675,0
C08,training/notflip/0036_000000026,notflip/0036,26,0,0.13409556448459625,0
C08,training/notflip/0036_000000027,notflip/0036,27,0,0.13610056042671204,0
C08,testing/notflip/0036_000000028,notflip/0036,28,0,0.1391245424747467,0
C08,training/notflip/0036_000000029,notflip/0036,29,0,0.1417718082666397,0
C08,testing/notflip/0036_000000030,notflip/0036,30,0,0.1394176036119461,0
C08,testing/notflip/0037_000000025,notflip/0037,25,0,0.04022356495261192,0
C08,training/notflip/0037_000000026,notflip/0037,26,0,0.040430329740047455,0
C08,training/notflip/0037_000000027,notflip/0037,27,0,0.04231160506606102,0
C08,testing/notflip/0037_000000028,notflip/0037,28,0,0.04266947880387306,0
C08,training/notflip/0037_000000029,notflip/0037,29,0,0.0502801388502121,0
C08,training/notflip/0037_000000030,notflip/0037,30,0,0.05163216590881348,0
C08,training/notflip/0038_000000025,notflip/0038,25,0,0.025209488347172737,0
C08,training/notflip/0038_000000026,notflip/0038,26,0,0.025500565767288208,0
C08,training/notflip/0038_000000027,notflip/0038,27,0,0.027119379490613937,0
C08,training/notflip/0038_000000028,notflip/0038,28,0,0.02690035104751587,0
C08,training/notflip/0038_000000029,notflip/0038,29,0,0.027172621339559555,0
C08,training/notflip/0038_000000030,notflip/0038,30,0,0.027936426922678947,0
C08,training/notflip/0039_000000025,notflip/0039,25,0,0.21665455400943756,0
C08,testing/notflip/0039_000000026,notflip/0039,26,0,0.21746116876602173,0
C08,training/notflip/0039_000000027,notflip/0039,27,0,0.21037690341472626,0
C08,training/notflip/0039_000000028,notflip/0039,28,0,0.21496425569057465,0
C08,training/notflip/0039_000000029,notflip/0039,29,0,0.21526440978050232,0
C08,training/notflip/0039_000000030,notflip/0039,30,0,0.2197188287973404,0
C08,training/notflip/0040_000000025,notflip/0040,25,0,0.004203455522656441,0
C08,training/notflip/0040_000000026,notflip/0040,26,0,0.004214044660329819,0
C08,training/notflip/0040_000000027,notflip/0040,27,0,0.004180935211479664,0
C08,training/notflip/0040_000000028,notflip/0040,28,0,0.004111606162041426,0
C08,training/notflip/0040_000000029,notflip/0040,29,0,0.003992208279669285,0
C08,training/notflip/0040_000000030,notflip/0040,30,0,0.003954854793846607,0
C09,training/flip/0034_000000025,flip/0034,25,1,0.6128732562065125,1
C09,training/flip/0034_000000026,flip/0034,26,1,0.5921301245689392,1
C09,training/flip/0034_000000027,flip/0034,27,1,0.5318172574043274,1
C09,training/flip/0035_000000019,flip/0035,19,1,0.5168281197547913,1
C09,training/flip/0035_000000020,flip/0035,20,1,0.585136890411377,1
C09,training/flip/0035_000000021,flip/0035,21,1,0.5256065726280212,1
C09,training/flip/0035_000000022,flip/0035,22,1,0.4066420793533325,0
C09,training/flip/0036_000000023,flip/0036,23,1,0.8380180597305298,1
C09,testing/flip/0036_000000024,flip/0036,24,1,0.8644780516624451,1
C09,training/flip/0036_000000025,flip/0036,25,1,0.9285329580307007,1
C09,training/flip/0036_000000026,flip/0036,26,1,0.9631845355033875,1
C09,training/flip/0036_000000027,flip/0036,27,1,0.9676152467727661,1
C09,training/flip/0037_000000022,flip/0037,22,1,0.719479501247406,1
C09,training/flip/0037_000000023,flip/0037,23,1,0.5623399019241333,1
C09,testing/flip/0037_000000024,flip/0037,24,1,0.42987874150276184,0
C09,training/flip/0037_000000025,flip/0037,25,1,0.3571293354034424,0
C09,training/flip/0037_000000026,flip/0037,26,1,0.5379214286804199,1
C09,training/flip/0037_000000027,flip/0037,27,1,0.5500602722167969,1
C09,training/flip/0038_000000040,flip/0038,40,1,0.9825966954231262,1
C09,training/flip/0038_000000041,flip/0038,41,1,0.9857810139656067,1
C09,training/flip/0038_000000042,flip/0038,42,1,0.9856283664703369,1
C09,testing/flip/0038_000000043,flip/0038,43,1,0.9888251423835754,1
C09,testing/flip/0038_000000044,flip/0038,44,1,0.9904336929321289,1
C09,training/flip/0038_000000045,flip/0038,45,1,0.9901189804077148,1
C09,training/flip/0038_000000046,flip/0038,46,1,0.9902830123901367,1
C09,testing/flip/0038_000000047,flip/0038,47,1,0.9870774745941162,1
C09,testing/flip/0038_000000048,flip/0038,48,1,0.9793220162391663,1
C09,training/flip/0038_000000049,flip/0038,49,1,0.9709268808364868,1
C09,training/flip/0039_000000024,flip/0039,24,1,0.4179212152957916,0
C09,training/flip/0039_000000025,flip/0039,25,1,0.3334575593471527,0
C09,training/flip/0039_000000026,flip/0039,26,1,0.24684423208236694,0
C09,training/flip/0039_000000027,flip/0039,27,1,0.13636046648025513,0
C09,training/flip/0039_000000028,flip/0039,28,1,0.13533765077590942,0
C09,training/flip/0040_000000026,flip/0040,26,1,0.9970656037330627,1
C09,training/flip/0040_000000027,flip/0040,27,1,0.9950243830680847,1
C09,testing/flip/0040_000000028,flip/0040,28,1,0.9878053665161133,1
C09,training/flip/0040_000000029,flip/0040,29,1,0.9818511009216309,1
C09,training/flip/0040_000000030,flip/0040,30,1,0.9901632070541382,1
C09,training/flip/0041_000000026,flip/0041,26,1,0.4920644164085388,0
C09,testing/flip/0041_000000027,flip/0041,27,1,0.516708493232727,1
C09,training/flip/0041_000000028,flip/0041,28,1,0.6331969499588013,1
C09,training/flip/0041_000000029,flip/0041,29,1,0.654280960559845,1
C09,training/flip/0042_000000025,flip/0042,25,1,0.9644472599029541,1
C09,training/flip/0042_000000026,flip/0042,26,1,0.9622950553894043,1
C09,testing/flip/0042_000000027,flip/0042,27,1,0.9513416290283203,1
C09,training/flip/0042_000000028,flip/0042,28,1,0.9283643960952759,1
C09,training/flip/0042_000000029,flip/0042,29,1,0.9260492920875549,1
C09,training/flip/0042_000000030,flip/0042,30,1,0.8920890688896179,1
C09,testing/flip/0043_000000023,flip/0043,23,1,0.8641868233680725,1
C09,training/flip/0043_000000024,flip/0043,24,1,0.8000862002372742,1
C09,testing/flip/0044_000000024,flip/0044,24,1,0.9813199043273926,1
C09,testing/flip/0044_000000025,flip/0044,25,1,0.9733598828315735,1
C09,training/flip/0044_000000026,flip/0044,26,1,0.971187949180603,1
C09,training/flip/0044_000000027,flip/0044,27,1,0.9595987796783447,1
C09,training/flip/0044_000000028,flip/0044,28,1,0.9616040587425232,1
C09,training/flip/0044_000000029,flip/0044,29,1,0.9538493156433105,1
C09,training/flip/0045_000000026,flip/0045,26,1,0.9310236573219299,1
C09,testing/flip/0045_000000027,flip/0045,27,1,0.9286152720451355,1
C09,training/flip/0045_000000028,flip/0045,28,1,0.9284504055976868,1
C09,training/flip/0045_000000029,flip/0045,29,1,0.9287270307540894,1
C09,training/flip/0045_000000030,flip/0045,30,1,0.9097111225128174,1
C09,testing/flip/0046_000000023,flip/0046,23,1,0.8646045923233032,1
C09,training/flip/0046_000000024,flip/0046,24,1,0.7654247879981995,1
C09,testing/flip/0046_000000025,flip/0046,25,1,0.6910070180892944,1
C09,training/flip/0046_000000026,flip/0046,26,1,0.6226064562797546,1
C09,training/flip/0046_000000027,flip/0046,27,1,0.6356341242790222,1
C09,testing/flip/0047_000000026,flip/0047,26,1,0.9865639209747314,1
C09,training/flip/0047_000000027,flip/0047,27,1,0.982006847858429,1
C09,training/flip/0047_000000028,flip/0047,28,1,0.9880129098892212,1
C09,training/flip/0047_000000029,flip/0047,29,1,0.9910082221031189,1
C09,training/flip/0047_000000030,flip/0047,30,1,0.9850860834121704,1
C09,training/flip/0048_000000026,flip/0048,26,1,0.5269302725791931,1
C09,training/flip/0048_000000027,flip/0048,27,1,0.5075770020484924,1
C09,training/flip/0048_000000028,flip/0048,28,1,0.5284610986709595,1
C09,training/flip/0048_000000029,flip/0048,29,1,0.26674580574035645,0
C09,training/flip/0048_000000030,flip/0048,30,1,0.23195751011371613,0
C09,training/notflip/0027_000000025,notflip/0027,25,0,0.43361279368400574,0
C09,training/notflip/0027_000000026,notflip/0027,26,0,0.45876726508140564,0
C09,training/notflip/0027_000000027,notflip/0027,27,0,0.4754686653614044,0
C09,training/notflip/0027_000000028,notflip/0027,28,0,0.47576794028282166,0
C09,training/notflip/0027_000000029,notflip/0027,29,0,0.5105776190757751,1
C09,training/notflip/0027_000000030,notflip/0027,30,0,0.5157526135444641,1
C09,training/notflip/0028_000000025,notflip/0028,25,0,0.021247537806630135,0
C09,training/notflip/0028_000000026,notflip/0028,26,0,0.017930246889591217,0
C09,training/notflip/0028_000000027,notflip/0028,27,0,0.019526029005646706,0
C09,training/notflip/0028_000000028,notflip/0028,28,0,0.018402086570858955,0
C09,training/notflip/0028_000000029,notflip/0028,29,0,0.016283631324768066,0
C09,training/notflip/0028_000000030,notflip/0028,30,0,0.016499189659953117,0
C09,testing/notflip/0029_000000025,notflip/0029,25,0,0.3754591941833496,0
C09,training/notflip/0029_000000026,notflip/0029,26,0,0.36387813091278076,0
C09,training/notflip/0029_000000027,notflip/0029,27,0,0.35233548283576965,0
C09,training/notflip/0029_000000028,notflip/0029,28,0,0.3545936048030853,0
C09,training/notflip/0029_000000029,notflip/0029,29,0,0.3496055603027344,0
C09,training/notflip/0029_000000030,notflip/0029,30,0,0.35842299461364746,0
C09,training/notflip/0030_000000025,notflip/0030,25,0,0.3928990066051483,0
C09,training/notflip/0030_000000026,notflip/0030,26,0,0.4143814146518707,0
C09,training/notflip/0030_000000027,notflip/0030,27,0,0.4436785876750946,0
C09,testing/notflip/0030_000000028,notflip/0030,28,0,0.4439295530319214,0
C09,training/notflip/0030_000000029,notflip/0030,29,0,0.3964989483356476,0
C09,training/notflip/0030_000000030,notflip/0030,30,0,0.4164937138557434,0
C09,training/notflip/0031_000000025,notflip/0031,25,0,0.8520040512084961,1
C09,training/notflip/0031_000000026,notflip/0031,26,0,0.8436114192008972,1
C09,training/notflip/0031_000000027,notflip/0031,27,0,0.8559461832046509,1
C09,training/notflip/0031_000000028,notflip/0031,28,0,0.8012787699699402,1
C09,training/notflip/0031_000000029,notflip/0031,29,0,0.8469991683959961,1
C09,training/notflip/0031_000000030,notflip/0031,30,0,0.8499702215194702,1
C09,training/notflip/0032_000000025,notflip/0032,25,0,0.1845749467611313,0
C09,training/notflip/0032_000000026,notflip/0032,26,0,0.13552993535995483,0
C09,training/notflip/0032_000000027,notflip/0032,27,0,0.14043085277080536,0
C09,training/notflip/0032_000000028,notflip/0032,28,0,0.1570209413766861,0
C09,testing/notflip/0032_000000029,notflip/0032,29,0,0.14082522690296173,0
C09,training/notflip/0032_000000030,notflip/0032,30,0,0.13605113327503204,0
C09,testing/notflip/0033_000000025,notflip/0033,25,0,0.5787724852561951,1
C09,training/notflip/0033_000000026,notflip/0033,26,0,0.6121916174888611,1
C09,testing/notflip/0033_000000027,notflip/0033,27,0,0.6232495903968811,1
C09,training/notflip/0033_000000028,notflip/0033,28,0,0.6341285705566406,1
C09,training/notflip/0033_000000029,notflip/0033,29,0,0.6426792144775391,1
C09,training/notflip/0033_000000030,notflip/0033,30,0,0.677424967288971,1
C09,testing/notflip/0034_000000025,notflip/0034,25,0,0.6155275702476501,1
C09,training/notflip/0034_000000026,notflip/0034,26,0,0.6092109680175781,1
C09,training/notflip/0034_000000027,notflip/0034,27,0,0.623553991317749,1
C09,training/notflip/0034_000000028,notflip/0034,28,0,0.6247758269309998,1
C09,training/notflip/0034_000000029,notflip/0034,29,0,0.646937370300293,1
C09,testing/notflip/0034_000000030,notflip/0034,30,0,0.6689733266830444,1
C09,testing/notflip/0035_000000026,notflip/0035,26,0,0.7324742078781128,1
C09,training/notflip/0035_000000027,notflip/0035,27,0,0.7436498999595642,1
C09,training/notflip/0035_000000028,notflip/0035,28,0,0.7894291281700134,1
C09,training/notflip/0035_000000029,notflip/0035,29,0,0.8054300546646118,1
C09,training/notflip/0035_000000030,notflip/0035,30,0,0.8073490262031555,1
C09,training/notflip/0035_000000031,notflip/0035,31,0,0.819423258304596,1
C09,training/notflip/0035_000000032,notflip/0035,32,0,0.8572243452072144,1
C09,testing/notflip/0036_000000025,notflip/0036,25,0,0.877463698387146,1
C09,training/notflip/0036_000000026,notflip/0036,26,0,0.882154643535614,1
C09,training/notflip/0036_000000027,notflip/0036,27,0,0.8856760263442993,1
C09,testing/notflip/0036_000000028,notflip/0036,28,0,0.886954665184021,1
C09,training/notflip/0036_000000029,notflip/0036,29,0,0.8793249726295471,1
C09,testing/notflip/0036_000000030,notflip/0036,30,0,0.8801236152648926,1
C09,testing/notflip/0037_000000025,notflip/0037,25,0,0.7526615858078003,1
C09,training/notflip/0037_000000026,notflip/0037,26,0,0.7101171016693115,1
C09,training/notflip/0037_000000027,notflip/0037,27,0,0.6628115773200989,1
C09,testing/notflip/0037_000000028,notflip/0037,28,0,0.6452464461326599,1
C09,training/notflip/0037_000000029,notflip/0037,29,0,0.6414770483970642,1
C09,training/notflip/0037_000000030,notflip/0037,30,0,0.6247618198394775,1
C09,training/notflip/0038_000000025,notflip/0038,25,0,0.44072166085243225,0
C09,training/notflip/0038_000000026,notflip/0038,26,0,0.44218796491622925,0
C09,training/notflip/0038_000000027,notflip/0038,27,0,0.485786110162735,0
C09,training/notflip/0038_000000028,notflip/0038,28,0,0.49883750081062317,0
C09,training/notflip/0038_000000029,notflip/0038,29,0,0.5019916892051697,1
C09,training/notflip/0038_000000030,notflip/0038,30,0,0.505101203918457,1
C09,training/notflip/0039_000000025,notflip/0039,25,0,0.7333885431289673,1
C09,testing/notflip/0039_000000026,notflip/0039,26,0,0.7634550333023071,1
C09,training/notflip/0039_000000027,notflip/0039,27,0,0.7459287047386169,1
C09,training/notflip/0039_000000028,notflip/0039,28,0,0.754577100276947,1
C09,training/notflip/0039_000000029,notflip/0039,29,0,0.7794430255889893,1
C09,training/notflip/0039_000000030,notflip/0039,30,0,0.7974167466163635,1
C09,training/notflip/0040_000000025,notflip/0040,25,0,0.025268079712986946,0
C09,training/notflip/0040_000000026,notflip/0040,26,0,0.024772338569164276,0
C09,training/notflip/0040_000000027,notflip/0040,27,0,0.023247094824910164,0
C09,training/notflip/0040_000000028,notflip/0040,28,0,0.021204635500907898,0
C09,training/notflip/0040_000000029,notflip/0040,29,0,0.02035684883594513,0
C09,training/notflip/0040_000000030,notflip/0040,30,0,0.01940506137907505,0
C10,training/flip/0034_000000025,flip/0034,25,1,0.0004063605738338083,0
C10,training/flip/0034_000000026,flip/0034,26,1,0.00023995368974283338,0
C10,training/flip/0034_000000027,flip/0034,27,1,0.00011690273095155135,0
C10,training/flip/0035_000000019,flip/0035,19,1,0.03646223247051239,0
C10,training/flip/0035_000000020,flip/0035,20,1,0.024186881259083748,0
C10,training/flip/0035_000000021,flip/0035,21,1,0.008798686787486076,0
C10,training/flip/0035_000000022,flip/0035,22,1,0.003692339174449444,0
C10,training/flip/0036_000000023,flip/0036,23,1,0.8160274028778076,1
C10,testing/flip/0036_000000024,flip/0036,24,1,0.9767342805862427,1
C10,training/flip/0036_000000025,flip/0036,25,1,0.9532771110534668,1
C10,training/flip/0036_000000026,flip/0036,26,1,0.8246243000030518,1
C10,training/flip/0036_000000027,flip/0036,27,1,0.6105325818061829,1
C10,training/flip/0037_000000022,flip/0037,22,1,0.00658260565251112,0
C10,training/flip/0037_000000023,flip/0037,23,1,0.0031764733139425516,0
C10,testing/flip/0037_000000024,flip/0037,24,1,0.0014555812813341618,0
C10,training/flip/0037_000000025,flip/0037,25,1,0.0009965554345399141,0
C10,training/flip/0037_000000026,flip/0037,26,1,0.001696034800261259,0
C10,training/flip/0037_000000027,flip/0037,27,1,0.001990695483982563,0
C10,training/flip/0038_000000040,flip/0038,40,1,0.9534286856651306,1
C10,training/flip/0038_000000041,flip/0038,41,1,0.9386942982673645,1
C10,training/flip/0038_000000042,flip/0038,42,1,0.9190811514854431,1
C10,testing/flip/0038_000000043,flip/0038,43,1,0.925199568271637,1
C10,testing/flip/0038_000000044,flip/0038,44,1,0.9374653697013855,1
C10,training/flip/0038_000000045,flip/0038,45,1,0.809678852558136,1
C10,training/flip/0038_000000046,flip/0038,46,1,0.5577729940414429,1
C10,testing/flip/0038_000000047,flip/0038,47,1,0.2839396893978119,0
C10,testing/flip/0038_000000048,flip/0038,48,1,0.11307588964700699,0
C10,training/flip/0038_000000049,flip/0038,49,1,0.041553646326065063,0
C10,training/flip/0039_000000024,flip/0039,24,1,0.0006916808779351413,0
C10,training/flip/0039_000000025,flip/0039,25,1,0.00032269145594909787,0
C10,training/flip/0039_000000026,flip/0039,26,1,0.0001671260251896456,0
C10,training/flip/0039_000000027,flip/0039,27,1,7.413715502480045e-05,0
C10,training/flip/0039_000000028,flip/0039,28,1,5.1282975618960336e-05,0
C10,training/flip/0040_000000026,flip/0040,26,1,0.9855735898017883,1
C10,training/flip/0040_000000027,flip/0040,27,1,0.9575101137161255,1
C10,testing/flip/0040_000000028,flip/0040,28,1,0.882014811038971,1
C10,training/flip/0040_000000029,flip/0040,29,1,0.818534791469574,1
C10,training/flip/0040_000000030,flip/0040,30,1,0.859074056148529,1
C10,training/flip/0041_000000026,flip/0041,26,1,0.005213508382439613,0
C10,testing/flip/0041_000000027,flip/0041,27,1,0.001239707344211638,0
C10,training/flip/0041_000000028,flip/0041,28,1,0.0010586506687104702,0
C10,training/flip/0041_000000029,flip/0041,29,1,0.0010542856762185693,0
C10,training/flip/0042_000000025,flip/0042,25,1,0.9468479752540588,1
C10,training/flip/0042_000000026,flip/0042,26,1,0.8436915874481201,1
C10,testing/flip/0042_000000027,flip/0042,27,1,0.8020976185798645,1
C10,training/flip/0042_000000028,flip/0042,28,1,0.4960388243198395,0
C10,training/flip/0042_000000029,flip/0042,29,1,0.21659593284130096,0
C10,training/flip/0042_000000030,flip/0042,30,1,0.08517260104417801,0
C10,testing/flip/0043_000000023,flip/0043,23,1,0.2580986022949219,0
C10,training/flip/0043_000000024,flip/0043,24,1,0.025273988023400307,0
C10,testing/flip/0044_000000024,flip/0044,24,1,0.9664121270179749,1
C10,testing/flip/0044_000000025,flip/0044,25,1,0.7353861927986145,1
C10,training/flip/0044_000000026,flip/0044,26,1,0.47825318574905396,0
C10,training/flip/0044_000000027,flip/0044,27,1,0.4780518412590027,0
C10,training/flip/0044_000000028,flip/0044,28,1,0.49943363666534424,0
C10,training/flip/0044_000000029,flip/0044,29,1,0.3277166485786438,0
C10,training/flip/0045_000000026,flip/0045,26,1,0.9131923913955688,1
C10,testing/flip/0045_000000027,flip/0045,27,1,0.8245941400527954,1
C10,training/flip/0045_000000028,flip/0045,28,1,0.6270616054534912,1
C10,training/flip/0045_000000029,flip/0045,29,1,0.41288110613822937,0
C10,training/flip/0045_000000030,flip/0045,30,1,0.13881830871105194,0
C10,testing/flip/0046_000000023,flip/0046,23,1,0.10204268991947174,0
C10,training/flip/0046_000000024,flip/0046,24,1,0.03948194161057472,0
C10,testing/flip/0046_000000025,flip/0046,25,1,0.01812051236629486,0
C10,training/flip/0046_000000026,flip/0046,26,1,0.009244413115084171,0
C10,training/flip/0046_000000027,flip/0046,27,1,0.010544010438024998,0
C10,testing/flip/0047_000000026,flip/0047,26,1,0.8758484125137329,1
C10,training/flip/0047_000000027,flip/0047,27,1,0.8051770925521851,1
C10,training/flip/0047_000000028,flip/0047,28,1,0.9115287661552429,1
C10,training/flip/0047_000000029,flip/0047,29,1,0.9316444993019104,1
C10,training/flip/0047_000000030,flip/0047,30,1,0.7056388854980469,1
C10,training/flip/0048_000000026,flip/0048,26,1,0.04418618232011795,0
C10,training/flip/0048_000000027,flip/0048,27,1,0.007334715686738491,0
C10,training/flip/0048_000000028,flip/0048,28,1,0.0023100401740521193,0
C10,training/flip/0048_000000029,flip/0048,29,1,0.00025535872555337846,0
C10,training/flip/0048_000000030,flip/0048,30,1,0.0003211657458450645,0
C10,training/notflip/0027_000000025,notflip/0027,25,0,0.0004077466146554798,0
C10,training/notflip/0027_000000026,notflip/0027,26,0,0.0004968375433236361,0
C10,training/notflip/0027_000000027,notflip/0027,27,0,0.0006276742205955088,0
C10,training/notflip/0027_000000028,notflip/0027,28,0,0.000582562352064997,0
C10,training/notflip/0027_000000029,notflip/0027,29,0,0.000626767345238477,0
C10,training/notflip/0027_000000030,notflip/0027,30,0,0.0005732433637604117,0
C10,training/notflip/0028_000000025,notflip/0028,25,0,4.814504336536629e-06,0
C10,training/notflip/0028_000000026,notflip/0028,26,0,3.862115590891335e-06,0
C10,training/notflip/0028_000000027,notflip/0028,27,0,3.1152253541222308e-06,0
C10,training/notflip/0028_000000028,notflip/0028,28,0,3.18855950354191e-06,0
C10,training/notflip/0028_000000029,notflip/0028,29,0,2.8051842946297256e-06,0
C10,training/notflip/0028_000000030,notflip/0028,30,0,2.825716364895925e-06,0
C10,testing/notflip/0029_000000025,notflip/0029,25,0,0.0007006440428085625,0
C10,training/notflip/0029_000000026,notflip/0029,26,0,0.0007494899909943342,0
C10,training/notflip/0029_000000027,notflip/0029,27,0,0.0006579677574336529,0
C10,training/notflip/0029_000000028,notflip/0029,28,0,0.0007420017500407994,0
C10,training/notflip/0029_000000029,notflip/0029,29,0,0.0008331675780937076,0
C10,training/notflip/0029_000000030,notflip/0029,30,0,0.0009536535362713039,0
C10,training/notflip/0030_000000025,notflip/0030,25,0,0.0002866889408323914,0
C10,training/notflip/0030_000000026,notflip/0030,26,0,0.0002765307144727558,0
C10,training/notflip/0030_000000027,notflip/0030,27,0,0.00030618003802374005,0
C10,testing/notflip/0030_000000028,notflip/0030,28,0,0.000304793706163764,0
C10,training/notflip/0030_000000029,notflip/0030,29,0,0.00031328294426202774,0
C10,training/notflip/0030_000000030,notflip/0030,30,0,0.00032687769271433353,0
C10,training/notflip/0031_000000025,notflip/0031,25,0,0.00097664853092283,0
C10,training/notflip/0031_000000026,notflip/0031,26,0,0.0008709609392099082,0
C10,training/notflip/0031_000000027,notflip/0031,27,0,0.0007606521248817444,0
C10,training/notflip/0031_000000028,notflip/0031,28,0,0.0007928699487820268,0
C10,training/notflip/0031_000000029,notflip/0031,29,0,0.0011456110514700413,0
C10,training/notflip/0031_000000030,notflip/0031,30,0,0.001149823423475027,0
C10,training/notflip/0032_000000025,notflip/0032,25,0,1.6710040654288605e-05,0
C10,training/notflip/0032_000000026,notflip/0032,26,0,1.2434112250048202e-05,0
C10,training/notflip/0032_000000027,notflip/0032,27,0,1.626928133191541e-05,0
C10,training/notflip/0032_000000028,notflip/0032,28,0,1.4599034329876304e-05,0
C10,testing/notflip/0032_000000029,notflip/0032,29,0,1.1470747267594561e-05,0
C10,training/notflip/0032_000000030,notflip/0032,30,0,1.0567981007625349e-05,0
C10,testing/notflip/0033_000000025,notflip/0033,25,0,0.0004090996226295829,0
C10,training/notflip/0033_000000026,notflip/0033,26,0,0.00046598800690844655,0
C10,testing/notflip/0033_000000027,notflip/0033,27,0,0.0005465092835947871,0
C10,training/notflip/0033_000000028,notflip/0033,28,0,0.0006636536563746631,0
C10,training/notflip/0033_000000029,notflip/0033,29,0,0.0008937491220422089,0
C10,training/notflip/0033_000000030,notflip/0033,30,0,0.0017403929959982634,0
C10,testing/notflip/0034_000000025,notflip/0034,25,0,7.690444908803329e-05,0
C10,training/notflip/0034_000000026,notflip/0034,26,0,8.823590906104073e-05,0
C10,training/notflip/0034_000000027,notflip/0034,27,0,0.00010872072743950412,0
C10,training/notflip/0034_000000028,notflip/0034,28,0,0.00013286610192153603,0
C10,training/notflip/0034_000000029,notflip/0034,29,0,0.00014537187234964222,0
C10,testing/notflip/0034_000000030,notflip/0034,30,0,0.00016584685363341123,0
C10,testing/notflip/0035_000000026,notflip/0035,26,0,0.00021193081920500845,0
C10,training/notflip/0035_000000027,notflip/0035,27,0,0.00022490818810183555,0
C10,training/notflip/0035_000000028,notflip/0035,28,0,0.00040142115904018283,0
C10,training/notflip/0035_000000029,notflip/0035,29,0,0.0005009029991924763,0
C10,training/notflip/0035_000000030,notflip/0035,30,0,0.0006099005113355815,0
C10,training/notflip/0035_000000031,notflip/0035,31,0,0.0007334693800657988,0
C10,training/notflip/0035_000000032,notflip/0035,32,0,0.0012462871382012963,0
C10,testing/notflip/0036_000000025,notflip/0036,25,0,0.0378522053360939,0
C10,training/notflip/0036_000000026,notflip/0036,26,0,0.03608410060405731,0
C10,training/notflip/0036_000000027,notflip/0036,27,0,0.038394439965486526,0
C10,testing/notflip/0036_000000028,notflip/0036,28,0,0.03475115820765495,0
C10,training/notflip/0036_000000029,notflip/0036,29,0,0.03157311677932739,0
C10,testing/notflip/0036_000000030,notflip/0036,30,0,0.032255660742521286,0
C10,testing/notflip/0037_000000025,notflip/0037,25,0,0.0015144575154408813,0
C10,training/notflip/0037_000000026,notflip/0037,26,0,0.0014261376345530152,0
C10,training/notflip/0037_000000027,notflip/0037,27,0,0.0012534715933725238,0
C10,testing/notflip/0037_000000028,notflip/0037,28,0,0.0011830306611955166,0
C10,training/notflip/0037_000000029,notflip/0037,29,0,0.0018421796848997474,0
C10,training/notflip/0037_000000030,notflip/0037,30,0,0.0015115804271772504,0
C10,training/notflip/0038_000000025,notflip/0038,25,0,0.00025224636192433536,0
C10,training/notflip/0038_000000026,notflip/0038,26,0,0.0003077286819461733,0
C10,training/notflip/0038_000000027,notflip/0038,27,0,0.0002714748552534729,0
C10,training/notflip/0038_000000028,notflip/0038,28,0,0.0002690655819606036,0
C10,training/notflip/0038_000000029,notflip/0038,29,0,0.0002633289259392768,0
C10,training/notflip/0038_000000030,notflip/0038,30,0,0.0002688824606593698,0
C10,training/notflip/0039_000000025,notflip/0039,25,0,0.005571586545556784,0
C10,testing/notflip/0039_000000026,notflip/0039,26,0,0.008078542537987232,0
C10,training/notflip/0039_000000027,notflip/0039,27,0,0.006833559833467007,0
C10,training/notflip/0039_000000028,notflip/0039,28,0,0.007774663623422384,0
C10,training/notflip/0039_000000029,notflip/0039,29,0,0.008104980923235416,0
C10,training/notflip/0039_000000030,notflip/0039,30,0,0.007625816389918327,0
C10,training/notflip/0040_000000025,notflip/0040,25,0,1.5307570720324293e-05,0
C10,training/notflip/0040_000000026,notflip/0040,26,0,1.6844229321577586e-05,0
C10,training/notflip/0040_000000027,notflip/0040,27,0,1.6816286006360315e-05,0
C10,training/notflip/0040_000000028,notflip/0040,28,0,1.63332988449838e-05,0
C10,training/notflip/0040_000000029,notflip/0040,29,0,1.5987203369149938e-05,0
C10,training/notflip/0040_000000030,notflip/0040,30,0,1.44125606311718e-05,0
C11,training/flip/0034_000000025,flip/0034,25,1,5.394720210460946e-05,0
C11,training/flip/0034_000000026,flip/0034,26,1,2.034959470620379e-05,0
C11,training/flip/0034_000000027,flip/0034,27,1,1.5927496406220598e-06,0
C11,training/flip/0035_000000019,flip/0035,19,1,0.004793244414031506,0
C11,training/flip/0035_000000020,flip/0035,20,1,0.0058343964628875256,0
C11,training/flip/0035_000000021,flip/0035,21,1,0.0005094567313790321,0
C11,training/flip/0035_000000022,flip/0035,22,1,2.9905291739851236e-05,0
C11,training/flip/0036_000000023,flip/0036,23,1,0.9045432209968567,1
C11,testing/flip/0036_000000024,flip/0036,24,1,0.9988304972648621,1
C11,training/flip/0036_000000025,flip/0036,25,1,0.9985631108283997,1
C11,training/flip/0036_000000026,flip/0036,26,1,0.9849921464920044,1
C11,training/flip/0036_000000027,flip/0036,27,1,0.9730477929115295,1
C11,training/flip/0037_000000022,flip/0037,22,1,0.0038580966647714376,0
C11,training/flip/0037_000000023,flip/0037,23,1,0.00031912417034618556,0
C11,testing/flip/0037_000000024,flip/0037,24,1,1.813552444218658e-05,0
C11,training/flip/0037_000000025,flip/0037,25,1,4.659992555389181e-06,0
C11,training/flip/0037_000000026,flip/0037,26,1,8.04417231847765e-06,0
C11,training/flip/0037_000000027,flip/0037,27,1,1.0168852895731106e-05,0
C11,training/flip/0038_000000040,flip/0038,40,1,0.9946907162666321,1
C11,training/flip/0038_000000041,flip/0038,41,1,0.9939543604850769,1
C11,training/flip/0038_000000042,flip/0038,42,1,0.9776326417922974,1
C11,testing/flip/0038_000000043,flip/0038,43,1,0.9829438328742981,1
C11,testing/flip/0038_000000044,flip/0038,44,1,0.9961975812911987,1
C11,training/flip/0038_000000045,flip/0038,45,1,0.9864250421524048,1
C11,training/flip/0038_000000046,flip/0038,46,1,0.9330064654350281,1
C11,testing/flip/0038_000000047,flip/0038,47,1,0.7832144498825073,1
C11,testing/flip/0038_000000048,flip/0038,48,1,0.69040846824646,1
C11,training/flip/0038_000000049,flip/0038,49,1,0.04106731712818146,0
C11,training/flip/0039_000000024,flip/0039,24,1,0.00029196040122769773,0
C11,training/flip/0039_000000025,flip/0039,25,1,0.0001631509221624583,0
C11,training/flip/0039_000000026,flip/0039,26,1,3.20168437610846e-05,0
C11,training/flip/0039_000000027,flip/0039,27,1,1.369122742289619e-06,0
C11,training/flip/0039_000000028,flip/0039,28,1,1.0696514891606057e-06,0
C11,training/flip/0040_000000026,flip/0040,26,1,0.999987006187439,1
C11,training/flip/0040_000000027,flip/0040,27,1,0.9999361038208008,1
C11,testing/flip/0040_000000028,flip/0040,28,1,0.9923071265220642,1
C11,training/flip/0040_000000029,flip/0040,29,1,0.9850238561630249,1
C11,training/flip/0040_000000030,flip/0040,30,1,0.9751072525978088,1
C11,training/flip/0041_000000026,flip/0041,26,1,0.000149323939695023,0
C11,testing/flip/0041_000000027,flip/0041,27,1,5.253256404103013e-06,0
C11,training/flip/0041_000000028,flip/0041,28,1,1.5460414033441339e-06,0
C11,training/flip/0041_000000029,flip/0041,29,1,1.5512296158703975e-06,0
C11,training/flip/0042_000000025,flip/0042,25,1,0.9946424961090088,1
C11,training/flip/0042_000000026,flip/0042,26,1,0.9444108009338379,1
C11,testing/flip/0042_000000027,flip/0042,27,1,0.8078285455703735,1
C11,training/flip/0042_000000028,flip/0042,28,1,0.05979890748858452,0
C11,training/flip/0042_000000029,flip/0042,29,1,0.022841811180114746,0
C11,training/flip/0042_000000030,flip/0042,30,1,0.001969996141269803,0
C11,testing/flip/0043_000000023,flip/0043,23,1,0.005872605834156275,0
C11,training/flip/0043_000000024,flip/0043,24,1,0.0016664164140820503,0
C11,testing/flip/0044_000000024,flip/0044,24,1,0.9939462542533875,1
C11,testing/flip/0044_000000025,flip/0044,25,1,0.5875107049942017,1
C11,training/flip/0044_000000026,flip/0044,26,1,0.05693769454956055,0
C11,training/flip/0044_000000027,flip/0044,27,1,0.033718086779117584,0
C11,training/flip/0044_000000028,flip/0044,28,1,0.049796126782894135,0
C11,training/flip/0044_000000029,flip/0044,29,1,0.017549337819218636,0
C11,training/flip/0045_000000026,flip/0045,26,1,0.9988747239112854,1
C11,testing/flip/0045_000000027,flip/0045,27,1,0.9860835671424866,1
C11,training/flip/0045_000000028,flip/0045,28,1,0.856261670589447,1
C11,training/flip/0045_000000029,flip/0045,29,1,0.3388471007347107,0
C11,training/flip/0045_000000030,flip/0045,30,1,0.11188733577728271,0
C11,testing/flip/0046_000000023,flip/0046,23,1,0.04136244207620621,0
C11,training/flip/0046_000000024,flip/0046,24,1,0.00502611231058836,0
C11,testing/flip/0046_000000025,flip/0046,25,1,0.0006177256000228226,0
C11,training/flip/0046_000000026,flip/0046,26,1,0.00020554025832097977,0
C11,training/flip/0046_000000027,flip/0046,27,1,0.0001720400614431128,0
C11,testing/flip/0047_000000026,flip/0047,26,1,0.9996492862701416,1
C11,training/flip/0047_000000027,flip/0047,27,1,0.9988296627998352,1
C11,training/flip/0047_000000028,flip/0047,28,1,0.9997041821479797,1
C11,training/flip/0047_000000029,flip/0047,29,1,0.9999034404754639,1
C11,training/flip/0047_000000030,flip/0047,30,1,0.999303936958313,1
C11,training/flip/0048_000000026,flip/0048,26,1,0.0043499465100467205,0
C11,training/flip/0048_000000027,flip/0048,27,1,0.0008955106604844332,0
C11,training/flip/0048_000000028,flip/0048,28,1,0.0001807831577025354,0
C11,training/flip/0048_000000029,flip/0048,29,1,9.34454646994709e-07,0
C11,training/flip/0048_000000030,flip/0048,30,1,5.8404420855140415e-08,0
C11,training/notflip/0027_000000025,notflip/0027,25,0,5.337053607945563e-07,0
C11,training/notflip/0027_000000026,notflip/0027,26,0,4.794796950591262e-07,0
C11,training/notflip/0027_000000027,notflip/0027,27,0,1.2744759487759438e-06,0
C11,training/notflip/0027_000000028,notflip/0027,28,0,7.286834602382442e-07,0
C11,training/notflip/0027_000000029,notflip/0027,29,0,7.219724125206994e-07,0
C11,training/notflip/0027_000000030,notflip/0027,30,0,6.961811322980793e-07,0
C11,training/notflip/0028_000000025,notflip/0028,25,0,6.996832974115463e-11,0
C11,training/notflip/0028_000000026,notflip/0028,26,0,1.1655122700293674e-10,0
C11,training/notflip/0028_000000027,notflip/0028,27,0,1.8255087719243335e-10,0
C11,training/notflip/0028_000000028,notflip/0028,28,0,2.2043498970614195e-10,0
C11,training/notflip/0028_000000029,notflip/0028,29,0,2.1451325438182067e-10,0
C11,training/notflip/0028_000000030,notflip/0028,30,0,1.7206076841080886e-10,0
C11,testing/notflip/0029_000000025,notflip/0029,25,0,8.310888119922311e-07,0
C11,training/notflip/0029_000000026,notflip/0029,26,0,1.0953768878607661e-06,0
C11,training/notflip/0029_000000027,notflip/0029,27,0,9.013497219712008e-07,0
C11,training/notflip/0029_000000028,notflip/0029,28,0,8.626089424979e-07,0
C11,training/notflip/0029_000000029,notflip/0029,29,0,1.230053385370411e-06,0
C11,training/notflip/0029_000000030,notflip/0029,30,0,1.659892745919933e-06,0
C11,training/notflip/0030_000000025,notflip/0030,25,0,3.311296836727706e-07,0
C11,training/notflip/0030_000000026,notflip/0030,26,0,3.599156741529441e-07,0
C11,training/notflip/0030_000000027,notflip/0030,27,0,2.835813575075008e-07,0
C11,testing/notflip/0030_000000028,notflip/0030,28,0,2.476350573488162e-07,0
C11,training/notflip/0030_000000029,notflip/0030,29,0,4.238016799718025e-07,0
C11,training/notflip/0030_000000030,notflip/0030,30,0,4.268275120011822e-07,0
C11,training/notflip/0031_000000025,notflip/0031,25,0,5.753580808232073e-06,0
C11,training/notflip/0031_000000026,notflip/0031,26,0,5.325748588802526e-06,0
C11,training/notflip/0031_000000027,notflip/0031,27,0,6.64151411911007e-06,0
C11,training/notflip/0031_000000028,notflip/0031,28,0,5.658074314851547e-06,0
C11,training/notflip/0031_000000029,notflip/0031,29,0,8.103553227556404e-06,0
C11,training/notflip/0031_000000030,notflip/0031,30,0,6.183835921547143e-06,0
C11,training/notflip/0032_000000025,notflip/0032,25,0,5.263149471801398e-09,0
C11,training/notflip/0032_000000026,notflip/0032,26,0,3.86163501175929e-09,0
C11,training/notflip/0032_000000027,notflip/0032,27,0,5.602646790947574e-09,0
C11,training/notflip/0032_000000028,notflip/0032,28,0,4.266929920504481e-09,0
C11,testing/notflip/0032_000000029,notflip/0032,29,0,3.755696642571138e-09,0
C11,training/notflip/0032_000000030,notflip/0032,30,0,4.134443454262282e-09,0
C11,testing/notflip/0033_000000025,notflip/0033,25,0,1.1533230690474738e-06,0
C11,training/notflip/0033_000000026,notflip/0033,26,0,1.9186186364095192e-06,0
C11,testing/notflip/0033_000000027,notflip/0033,27,0,3.0442488423432223e-06,0
C11,training/notflip/0033_000000028,notflip/0033,28,0,4.327614988142159e-06,0
C11,training/notflip/0033_000000029,notflip/0033,29,0,6.407711225620005e-06,0
C11,training/notflip/0033_000000030,notflip/0033,30,0,1.741004962241277e-05,0
C11,testing/notflip/0034_000000025,notflip/0034,25,0,1.2173425822936679e-08,0
C11,training/notflip/0034_000000026,notflip/0034,26,0,1.5905602168686528e-08,0
C11,training/notflip/0034_000000027,notflip/0034,27,0,3.043883012310289e-08,0
C11,training/notflip/0034_000000028,notflip/0034,28,0,4.149629617700157e-08,0
C11,training/notflip/0034_000000029,notflip/0034,29,0,5.6260258674001307e-08,0
C11,testing/notflip/0034_000000030,notflip/0034,30,0,1.1308696912237792e-07,0
C11,testing/notflip/0035_000000026,notflip/0035,26,0,2.7640068012146912e-08,0
C11,training/notflip/0035_000000027,notflip/0035,27,0,4.101629258457251e-08,0
C11,training/notflip/0035_000000028,notflip/0035,28,0,9.208129370108509e-08,0
C11,training/notflip/0035_000000029,notflip/0035,29,0,9.993156879772869e-08,0
C11,training/notflip/0035_000000030,notflip/0035,30,0,9.724868732519099e-08,0
C11,training/notflip/0035_000000031,notflip/0035,31,0,1.2850202324443671e-07,0
C11,training/notflip/0035_000000032,notflip/0035,32,0,4.3330564380994474e-07,0
C11,testing/notflip/0036_000000025,notflip/0036,25,0,0.00016849329404067248,0
C11,training/notflip/0036_000000026,notflip/0036,26,0,0.0001443505461793393,0
C11,training/notflip/0036_000000027,notflip/0036,27,0,0.0001387017109664157,0
C11,testing/notflip/0036_000000028,notflip/0036,28,0,0.0001321509334957227,0
C11,training/notflip/0036_000000029,notflip/0036,29,0,0.00015688913117628545,0
C11,testing/notflip/0036_000000030,notflip/0036,30,0,0.0001543934049550444,0
C11,testing/notflip/0037_000000025,notflip/0037,25,0,2.389020210102899e-06,0
C11,training/notflip/0037_000000026,notflip/0037,26,0,2.0048853457410587e-06,0
C11,training/notflip/0037_000000027,notflip/0037,27,0,1.926392314999248e-06,0
C11,testing/notflip/0037_000000028,notflip/0037,28,0,1.7925532347362605e-06,0
C11,training/notflip/0037_000000029,notflip/0037,29,0,2.452578200973221e-06,0
C11,training/notflip/0037_000000030,notflip/0037,30,0,2.660724931047298e-06,0
C11,training/notflip/0038_000000025,notflip/0038,25,0,3.300417290574842e-07,0
C11,training/notflip/0038_000000026,notflip/0038,26,0,3.414474178953242e-07,0
C11,training/notflip/0038_000000027,notflip/0038,27,0,3.5076109838882985e-07,0
C11,training/notflip/0038_000000028,notflip/0038,28,0,3.6710994777422457e-07,0
C11,training/notflip/0038_000000029,notflip/0038,29,0,3.9558156572638836e-07,0
C11,training/notflip/0038_000000030,notflip/0038,30,0,3.5786484886557446e-07,0
C11,training/notflip/0039_000000025,notflip/0039,25,0,0.003091352293267846,0
C11,testing/notflip/0039_000000026,notflip/0039,26,0,0.003485024906694889,0
C11,training/notflip/0039_000000027,notflip/0039,27,0,0.0040551465936005116,0
C11,training/notflip/0039_000000028,notflip/0039,28,0,0.0046112509444355965,0
C11,training/notflip/0039_000000029,notflip/0039,29,0,0.0030109817162156105,0
C11,training/notflip/0039_000000030,notflip/0039,30,0,0.003285114886239171,0
C11,training/notflip/0040_000000025,notflip/0040,25,0,9.510171539162116e-10,0
C11,training/notflip/0040_000000026,notflip/0040,26,0,8.953358610064299e-10,0
C11,training/notflip/0040_000000027,notflip/0040,27,0,7.807560153949566e-10,0
C11,training/notflip/0040_000000028,notflip/0040,28,0,6.216388515056792e-10,0
C11,training/notflip/0040_000000029,notflip/0040,29,0,5.600325758692293e-10,0
C11,training/notflip/0040_000000030,notflip/0040,30,0,5.143913628380403e-10,0
C12,training/flip/0034_000000025,flip/0034,25,1,0.2854279577732086,0
C12,training/flip/0034_000000026,flip/0034,26,1,0.2773534655570984,0
C12,training/flip/0034_000000027,flip/0034,27,1,0.2554126977920532,0
C12,training/flip/0035_000000019,flip/0035,19,1,0.3233185112476349,0
C12,training/flip/0035_000000020,flip/0035,20,1,0.3169125020503998,0
C12,training/flip/0035_000000021,flip/0035,21,1,0.3100149929523468,0
C12,training/flip/0035_000000022,flip/0035,22,1,0.28624582290649414,0
C12,training/flip/0036_000000023,flip/0036,23,1,0.5205598473548889,1
C12,testing/flip/0036_000000024,flip/0036,24,1,0.5160150527954102,1
C12,training/flip/0036_000000025,flip/0036,25,1,0.4961046576499939,0
C12,training/flip/0036_000000026,flip/0036,26,1,0.46458566188812256,0
C12,training/flip/0036_000000027,flip/0036,27,1,0.45717495679855347,0
C12,training/flip/0037_000000022,flip/0037,22,1,0.37756258249282837,0
C12,training/flip/0037_000000023,flip/0037,23,1,0.3731203079223633,0
C12,testing/flip/0037_000000024,flip/0037,24,1,0.3772304356098175,0
C12,training/flip/0037_000000025,flip/0037,25,1,0.37363967299461365,0
C12,training/flip/0037_000000026,flip/0037,26,1,0.3799172639846802,0
C12,training/flip/0037_000000027,flip/0037,27,1,0.37815701961517334,0
C12,training/flip/0038_000000040,flip/0038,40,1,0.4875962734222412,0
C12,training/flip/0038_000000041,flip/0038,41,1,0.48801448941230774,0
C12,training/flip/0038_000000042,flip/0038,42,1,0.47813865542411804,0
C12,testing/flip/0038_000000043,flip/0038,43,1,0.4750314950942993,0
C12,testing/flip/0038_000000044,flip/0038,44,1,0.47370314598083496,0
C12,training/flip/0038_000000045,flip/0038,45,1,0.46080607175827026,0
C12,training/flip/0038_000000046,flip/0038,46,1,0.45648422837257385,0
C12,testing/flip/0038_000000047,flip/0038,47,1,0.4427981376647949,0
C12,testing/flip/0038_000000048,flip/0038,48,1,0.4247525632381439,0
C12,training/flip/0038_000000049,flip/0038,49,1,0.4190741777420044,0
C12,training/flip/0039_000000024,flip/0039,24,1,0.3388722240924835,0
C12,training/flip/0039_000000025,flip/0039,25,1,0.3401208221912384,0
C12,training/flip/0039_000000026,flip/0039,26,1,0.33453431725502014,0
C12,training/flip/0039_000000027,flip/0039,27,1,0.33073604106903076,0
C12,training/flip/0039_000000028,flip/0039,28,1,0.33638516068458557,0
C12,training/flip/0040_000000026,flip/0040,26,1,0.6078506708145142,1
C12,training/flip/0040_000000027,flip/0040,27,1,0.6086258292198181,1
C12,testing/flip/0040_000000028,flip/0040,28,1,0.6096042990684509,1
C12,training/flip/0040_000000029,flip/0040,29,1,0.6195424795150757,1
C12,training/flip/0040_000000030,flip/0040,30,1,0.6346616744995117,1
C12,training/flip/0041_000000026,flip/0041,26,1,0.3397301137447357,0
C12,testing/flip/0041_000000027,flip/0041,27,1,0.30198678374290466,0
C12,training/flip/0041_000000028,flip/0041,28,1,0.28301185369491577,0
C12,training/flip/0041_000000029,flip/0041,29,1,0.2749122381210327,0
C12,training/flip/0042_000000025,flip/0042,25,1,0.5438491106033325,1
C12,training/flip/0042_000000026,flip/0042,26,1,0.5146263837814331,1
C12,testing/flip/0042_000000027,flip/0042,27,1,0.5033456087112427,1
C12,training/flip/0042_000000028,flip/0042,28,1,0.47505828738212585,0
C12,training/flip/0042_000000029,flip/0042,29,1,0.47067517042160034,0
C12,training/flip/0042_000000030,flip/0042,30,1,0.4589574635028839,0
C12,testing/flip/0043_000000023,flip/0043,23,1,0.4970507323741913,0
C12,training/flip/0043_000000024,flip/0043,24,1,0.45793643593788147,0
C12,testing/flip/0044_000000024,flip/0044,24,1,0.6471022963523865,1
C12,testing/flip/0044_000000025,flip/0044,25,1,0.6124523282051086,1
C12,training/flip/0044_000000026,flip/0044,26,1,0.5949698090553284,1
C12,training/flip/0044_000000027,flip/0044,27,1,0.5963515639305115,1
C12,training/flip/0044_000000028,flip/0044,28,1,0.5953165888786316,1
C12,training/flip/0044_000000029,flip/0044,29,1,0.5826733112335205,1
C12,training/flip/0045_000000026,flip/0045,26,1,0.5689746737480164,1
C12,testing/flip/0045_000000027,flip/0045,27,1,0.5522129535675049,1
C12,training/flip/0045_000000028,flip/0045,28,1,0.5293711423873901,1
C12,training/flip/0045_000000029,flip/0045,29,1,0.5192859172821045,1
C12,training/flip/0045_000000030,flip/0045,30,1,0.49289241433143616,0
C12,testing/flip/0046_000000023,flip/0046,23,1,0.5387001633644104,1
C12,training/flip/0046_000000024,flip/0046,24,1,0.5254384279251099,1
C12,testing/flip/0046_000000025,flip/0046,25,1,0.5279385447502136,1
C12,training/flip/0046_000000026,flip/0046,26,1,0.5239619612693787,1
C12,training/flip/0046_000000027,flip/0046,27,1,0.5167953968048096,1
C12,testing/flip/0047_000000026,flip/0047,26,1,0.6948142647743225,1
C12,training/flip/0047_000000027,flip/0047,27,1,0.7012555599212646,1
C12,training/flip/0047_000000028,flip/0047,28,1,0.7011756896972656,1
C12,training/flip/0047_000000029,flip/0047,29,1,0.7028365731239319,1
C12,training/flip/0047_000000030,flip/0047,30,1,0.7062520980834961,1
C12,training/flip/0048_000000026,flip/0048,26,1,0.4081439673900604,0
C12,training/flip/0048_000000027,flip/0048,27,1,0.31515422463417053,0
C12,training/flip/0048_000000028,flip/0048,28,1,0.25932037830352783,0
C12,training/flip/0048_000000029,flip/0048,29,1,0.23635703325271606,0
C12,training/flip/0048_000000030,flip/0048,30,1,0.22408878803253174,0
C12,training/notflip/0027_000000025,notflip/0027,25,0,0.2986786961555481,0
C12,training/notflip/0027_000000026,notflip/0027,26,0,0.29648685455322266,0
C12,training/notflip/0027_000000027,notflip/0027,27,0,0.30169495940208435,0
C12,training/notflip/0027_000000028,notflip/0027,28,0,0.30362755060195923,0
C12,training/notflip/0027_000000029,notflip/0027,29,0,0.3066178560256958,0
C12,training/notflip/0027_000000030,notflip/0027,30,0,0.3085035979747772,0
C12,training/notflip/0028_000000025,notflip/0028,25,0,0.20268763601779938,0
C12,training/notflip/0028_000000026,notflip/0028,26,0,0.2056562602519989,0
C12,training/notflip/0028_000000027,notflip/0028,27,0,0.20701278746128082,0
C12,training/notflip/0028_000000028,notflip/0028,28,0,0.20691992342472076,0
C12,training/notflip/0028_000000029,notflip/0028,29,0,0.2071581482887268,0
C12,training/notflip/0028_000000030,notflip/0028,30,0,0.20708002150058746,0
C12,testing/notflip/0029_000000025,notflip/0029,25,0,0.3299175500869751,0
C12,training/notflip/0029_000000026,notflip/0029,26,0,0.3321579694747925,0
C12,training/notflip/0029_000000027,notflip/0029,27,0,0.3325241208076477,0
C12,training/notflip/0029_000000028,notflip/0029,28,0,0.33468127250671387,0
C12,training/notflip/0029_000000029,notflip/0029,29,0,0.3350999057292938,0
C12,training/notflip/0029_000000030,notflip/0029,30,0,0.3366507291793823,0
C12,training/notflip/0030_000000025,notflip/0030,25,0,0.33576613664627075,0
C12,training/notflip/0030_000000026,notflip/0030,26,0,0.33654990792274475,0
C12,training/notflip/0030_000000027,notflip/0030,27,0,0.3365582525730133,0
C12,testing/notflip/0030_000000028,notflip/0030,28,0,0.33608195185661316,0
C12,training/notflip/0030_000000029,notflip/0030,29,0,0.34551894664764404,0
C12,training/notflip/0030_000000030,notflip/0030,30,0,0.3430884778499603,0
C12,training/notflip/0031_000000025,notflip/0031,25,0,0.33472999930381775,0
C12,training/notflip/0031_000000026,notflip/0031,26,0,0.33175379037857056,0
C12,training/notflip/0031_000000027,notflip/0031,27,0,0.33034610748291016,0
C12,training/notflip/0031_000000028,notflip/0031,28,0,0.32901856303215027,0
C12,training/notflip/0031_000000029,notflip/0031,29,0,0.32669398188591003,0
C12,training/notflip/0031_000000030,notflip/0031,30,0,0.31960269808769226,0
C12,training/notflip/0032_000000025,notflip/0032,25,0,0.24331410229206085,0
C12,training/notflip/0032_000000026,notflip/0032,26,0,0.24075518548488617,0
C12,training/notflip/0032_000000027,notflip/0032,27,0,0.24524912238121033,0
C12,training/notflip/0032_000000028,notflip/0032,28,0,0.24639466404914856,0
C12,testing/notflip/0032_000000029,notflip/0032,29,0,0.24576741456985474,0
C12,training/notflip/0032_000000030,notflip/0032,30,0,0.2473088949918747,0
C12,testing/notflip/0033_000000025,notflip/0033,25,0,0.2588311433792114,0
C12,training/notflip/0033_000000026,notflip/0033,26,0,0.26459383964538574,0
C12,testing/notflip/0033_000000027,notflip/0033,27,0,0.2703115940093994,0
C12,training/notflip/0033_000000028,notflip/0033,28,0,0.27040722966194153,0
C12,training/notflip/0033_000000029,notflip/0033,29,0,0.27507835626602173,0
C12,training/notflip/0033_000000030,notflip/0033,30,0,0.2882987856864929,0
C12,testing/notflip/0034_000000025,notflip/0034,25,0,0.2622338831424713,0
C12,training/notflip/0034_000000026,notflip/0034,26,0,0.26452165842056274,0
C12,training/notflip/0034_000000027,notflip/0034,27,0,0.26881104707717896,0
C12,training/notflip/0034_000000028,notflip/0034,28,0,0.27306729555130005,0
C12,training/notflip/0034_000000029,notflip/0034,29,0,0.2773761749267578,0
C12,testing/notflip/0034_000000030,notflip/0034,30,0,0.2855849266052246,0
C12,testing/notflip/0035_000000026,notflip/0035,26,0,0.32904550433158875,0
C12,training/notflip/0035_000000027,notflip/0035,27,0,0.33220696449279785,0
C12,training/notflip/0035_000000028,notflip/0035,28,0,0.34460368752479553,0
C12,training/notflip/0035_000000029,notflip/0035,29,0,0.34808334708213806,0
C12,training/notflip/0035_000000030,notflip/0035,30,0,0.3501293957233429,0
C12,training/notflip/0035_000000031,notflip/0035,31,0,0.3556750416755676,0
C12,training/notflip/0035_000000032,notflip/0035,32,0,0.3837238550186157,0
C12,testing/notflip/0036_000000025,notflip/0036,25,0,0.44696682691574097,0
C12,training/notflip/0036_000000026,notflip/0036,26,0,0.44849345088005066,0
C12,training/notflip/0036_000000027,notflip/0036,27,0,0.45036348700523376,0
C12,testing/notflip/0036_000000028,notflip/0036,28,0,0.45161861181259155,0
C12,training/notflip/0036_000000029,notflip/0036,29,0,0.45441633462905884,0
C12,testing/notflip/0036_000000030,notflip/0036,30,0,0.45456913113594055,0
C12,testing/notflip/0037_000000025,notflip/0037,25,0,0.3391352593898773,0
C12,training/notflip/0037_000000026,notflip/0037,26,0,0.3428601920604706,0
C12,training/notflip/0037_000000027,notflip/0037,27,0,0.34988918900489807,0
C12,testing/notflip/0037_000000028,notflip/0037,28,0,0.35027411580085754,0
C12,training/notflip/0037_000000029,notflip/0037,29,0,0.3606628477573395,0
C12,training/notflip/0037_000000030,notflip/0037,30,0,0.3647914528846741,0
C12,training/notflip/0038_000000025,notflip/0038,25,0,0.33521768450737,0
C12,training/notflip/0038_000000026,notflip/0038,26,0,0.33777129650115967,0
C12,training/notflip/0038_000000027,notflip/0038,27,0,0.34250202775001526,0
C12,training/notflip/0038_000000028,notflip/0038,28,0,0.3428712487220764,0
C12,training/notflip/0038_000000029,notflip/0038,29,0,0.3426002860069275,0
C12,training/notflip/0038_000000030,notflip/0038,30,0,0.3440747857093811,0
C12,training/notflip/0039_000000025,notflip/0039,25,0,0.5407349467277527,1
C12,testing/notflip/0039_000000026,notflip/0039,26,0,0.5365981459617615,1
C12,training/notflip/0039_000000027,notflip/0039,27,0,0.5215076208114624,1
C12,training/notflip/0039_000000028,notflip/0039,28,0,0.5195600390434265,1
C12,training/notflip/0039_000000029,notflip/0039,29,0,0.5149735808372498,1
C12,training/notflip/0039_000000030,notflip/0039,30,0,0.517493724822998,1
C12,training/notflip/0040_000000025,notflip/0040,25,0,0.18862497806549072,0
C12,training/notflip/0040_000000026,notflip/0040,26,0,0.1891946941614151,0
C12,training/notflip/0040_000000027,notflip/0040,27,0,0.188912495970726,0
C12,training/notflip/0040_000000028,notflip/0040,28,0,0.18843995034694672,0
C12,training/notflip/0040_000000029,notflip/0040,29,0,0.18823395669460297,0
C12,training/notflip/0040_000000030,notflip/0040,30,0,0.1869916170835495,0
C13,training/flip/0034_000000025,flip/0034,25,1,0.00566296000033617,0
C13,training/flip/0034_000000026,flip/0034,26,1,0.004743441008031368,0
C13,training/flip/0034_000000027,flip/0034,27,1,0.005373014137148857,0
C13,training/flip/0035_000000019,flip/0035,19,1,0.03685840964317322,0
C13,training/flip/0035_000000020,flip/0035,20,1,0.06405813992023468,0
C13,training/flip/0035_000000021,flip/0035,21,1,0.04340213164687157,0
C13,training/flip/0035_000000022,flip/0035,22,1,0.03042382188141346,0
C13,training/flip/0036_000000023,flip/0036,23,1,0.6544238924980164,1
C13,testing/flip/0036_000000024,flip/0036,24,1,0.6482465267181396,1
C13,training/flip/0036_000000025,flip/0036,25,1,0.7848275899887085,1
C13,training/flip/0036_000000026,flip/0036,26,1,0.7794071435928345,1
C13,training/flip/0036_000000027,flip/0036,27,1,0.8309215307235718,1
C13,training/flip/0037_000000022,flip/0037,22,1,0.2579171359539032,0
C13,training/flip/0037_000000023,flip/0037,23,1,0.06938973814249039,0
C13,testing/flip/0037_000000024,flip/0037,24,1,0.0326668955385685,0
C13,training/flip/0037_000000025,flip/0037,25,1,0.014591317623853683,0
C13,training/flip/0037_000000026,flip/0037,26,1,0.021301835775375366,0
C13,training/flip/0037_000000027,flip/0037,27,1,0.01399976946413517,0
C13,training/flip/0038_000000040,flip/0038,40,1,0.4038844704627991,0
C13,training/flip/0038_000000041,flip/0038,41,1,0.3640371859073639,0
C13,training/flip/0038_000000042,flip/0038,42,1,0.24494236707687378,0
C13,testing/flip/0038_000000043,flip/0038,43,1,0.39152559638023376,0
C13,testing/flip/0038_000000044,flip/0038,44,1,0.6049450635910034,1
C13,training/flip/0038_000000045,flip/0038,45,1,0.4643126130104065,0
C13,training/flip/0038_000000046,flip/0038,46,1,0.4588641822338104,0
C13,testing/flip/0038_000000047,flip/0038,47,1,0.4338926374912262,0
C13,testing/flip/0038_000000048,flip/0038,48,1,0.327858567237854,0
C13,training/flip/0038_000000049,flip/0038,49,1,0.29182249307632446,0
C13,training/flip/0039_000000024,flip/0039,24,1,0.02750173956155777,0
C13,training/flip/0039_000000025,flip/0039,25,1,0.023014063015580177,0
C13,training/flip/0039_000000026,flip/0039,26,1,0.02656371518969536,0
C13,training/flip/0039_000000027,flip/0039,27,1,0.007273959927260876,0
C13,training/flip/0039_000000028,flip/0039,28,1,0.009807798080146313,0
C13,training/flip/0040_000000026,flip/0040,26,1,0.985857367515564,1
C13,training/flip/0040_000000027,flip/0040,27,1,0.9618300795555115,1
C13,testing/flip/0040_000000028,flip/0040,28,1,0.9403330683708191,1
C13,training/flip/0040_000000029,flip/0040,29,1,0.9042207598686218,1
C13,training/flip/0040_000000030,flip/0040,30,1,0.9155334234237671,1
C13,training/flip/0041_000000026,flip/0041,26,1,0.002856843639165163,0
C13,testing/flip/0041_000000027,flip/0041,27,1,0.0019046266097575426,0
C13,training/flip/0041_000000028,flip/0041,28,1,0.0019238648237660527,0
C13,training/flip/0041_000000029,flip/0041,29,1,0.0024713685270398855,0
C13,training/flip/0042_000000025,flip/0042,25,1,0.961473822593689,1
C13,training/flip/0042_000000026,flip/0042,26,1,0.921156644821167,1
C13,testing/flip/0042_000000027,flip/0042,27,1,0.7842008471488953,1
C13,training/flip/0042_000000028,flip/0042,28,1,0.4054427742958069,0
C13,training/flip/0042_000000029,flip/0042,29,1,0.29545891284942627,0
C13,training/flip/0042_000000030,flip/0042,30,1,0.14650508761405945,0
C13,testing/flip/0043_000000023,flip/0043,23,1,0.1573311984539032,0
C13,training/flip/0043_000000024,flip/0043,24,1,0.137351855635643,0
C13,testing/flip/0044_000000024,flip/0044,24,1,0.9477358460426331,1
C13,testing/flip/0044_000000025,flip/0044,25,1,0.8309440612792969,1
C13,training/flip/0044_000000026,flip/0044,26,1,0.8026887774467468,1
C13,training/flip/0044_000000027,flip/0044,27,1,0.7617900967597961,1
C13,training/flip/0044_000000028,flip/0044,28,1,0.7218903303146362,1
C13,training/flip/0044_000000029,flip/0044,29,1,0.5961853265762329,1
C13,training/flip/0045_000000026,flip/0045,26,1,0.8171954154968262,1
C13,testing/flip/0045_000000027,flip/0045,27,1,0.7020352482795715,1
C13,training/flip/0045_000000028,flip/0045,28,1,0.6005356907844543,1
C13,training/flip/0045_000000029,flip/0045,29,1,0.5162203311920166,1
C13,training/flip/0045_000000030,flip/0045,30,1,0.41150611639022827,0
C13,testing/flip/0046_000000023,flip/0046,23,1,0.44800686836242676,0
C13,training/flip/0046_000000024,flip/0046,24,1,0.28507593274116516,0
C13,testing/flip/0046_000000025,flip/0046,25,1,0.1395220011472702,0
C13,training/flip/0046_000000026,flip/0046,26,1,0.10000558197498322,0
C13,training/flip/0046_000000027,flip/0046,27,1,0.11907458305358887,0
C13,testing/flip/0047_000000026,flip/0047,26,1,0.9529485702514648,1
C13,training/flip/0047_000000027,flip/0047,27,1,0.8972163796424866,1
C13,training/flip/0047_000000028,flip/0047,28,1,0.9501906633377075,1
C13,training/flip/0047_000000029,flip/0047,29,1,0.9498128294944763,1
C13,training/flip/0047_000000030,flip/0047,30,1,0.7756233215332031,1
C13,training/flip/0048_000000026,flip/0048,26,1,0.04827537760138512,0
C13,training/flip/0048_000000027,flip/0048,27,1,0.03150186315178871,0
C13,training/flip/0048_000000028,flip/0048,28,1,0.02256116457283497,0
C13,training/flip/0048_000000029,flip/0048,29,1,0.01679188199341297,0
C13,training/flip/0048_000000030,flip/0048,30,1,0.01065505389124155,0
C13,training/notflip/0027_000000025,notflip/0027,25,0,0.0008239123853854835,0
C13,training/notflip/0027_000000026,notflip/0027,26,0,0.0011967209866270423,0
C13,training/notflip/0027_000000027,notflip/0027,27,0,0.0011360888602212071,0
C13,training/notflip/0027_000000028,notflip/0027,28,0,0.001400634879246354,0
C13,training/notflip/0027_000000029,notflip/0027,29,0,0.0019144864054396749,0
C13,training/notflip/0027_000000030,notflip/0027,30,0,0.001638523070141673,0
C13,training/notflip/0028_000000025,notflip/0028,25,0,0.00010910271521424875,0
C13,training/notflip/0028_000000026,notflip/0028,26,0,9.092612162930891e-05,0
C13,training/notflip/0028_000000027,notflip/0028,27,0,0.00010807820217451081,0
C13,training/notflip/0028_000000028,notflip/0028,28,0,8.444015111308545e-05,0
C13,training/notflip/0028_000000029,notflip/0028,29,0,7.885020750109106e-05,0
C13,training/notflip/0028_000000030,notflip/0028,30,0,8.951315976446494e-05,0
C13,testing/notflip/0029_000000025,notflip/0029,25,0,0.0027225357480347157,0
C13,training/notflip/0029_000000026,notflip/0029,26,0,0.003124260576441884,0
C13,training/notflip/0029_000000027,notflip/0029,27,0,0.0031444933265447617,0
C13,training/notflip/0029_000000028,notflip/0029,28,0,0.003420141525566578,0
C13,training/notflip/0029_000000029,notflip/0029,29,0,0.002775226254016161,0
C13,training/notflip/0029_000000030,notflip/0029,30,0,0.0031825185287743807,0
C13,training/notflip/0030_000000025,notflip/0030,25,0,0.006063097156584263,0
C13,training/notflip/0030_000000026,notflip/0030,26,0,0.005191175267100334,0
C13,training/notflip/0030_000000027,notflip/0030,27,0,0.00659676780924201,0
C13,testing/notflip/0030_000000028,notflip/0030,28,0,0.006366435904055834,0
C13,training/notflip/0030_000000029,notflip/0030,29,0,0.004576969891786575,0
C13,training/notflip/0030_000000030,notflip/0030,30,0,0.004776026587933302,0
C13,training/notflip/0031_000000025,notflip/0031,25,0,0.04282922297716141,0
C13,training/notflip/0031_000000026,notflip/0031,26,0,0.03407910466194153,0
C13,training/notflip/0031_000000027,notflip/0031,27,0,0.033960241824388504,0
C13,training/notflip/0031_000000028,notflip/0031,28,0,0.02158445678651333,0
C13,training/notflip/0031_000000029,notflip/0031,29,0,0.03867162764072418,0
C13,training/notflip/0031_000000030,notflip/0031,30,0,0.053641609847545624,0
C13,training/notflip/0032_000000025,notflip/0032,25,0,0.00030792559846304357,0
C13,training/notflip/0032_000000026,notflip/0032,26,0,0.00029348389944061637,0
C13,training/notflip/0032_000000027,notflip/0032,27,0,0.0001956353517016396,0
C13,training/notflip/0032_000000028,notflip/0032,28,0,0.00014156852557789534,0
C13,testing/notflip/0032_000000029,notflip/0032,29,0,0.00014096962695475668,0
C13,training/notflip/0032_000000030,notflip/0032,30,0,0.0001978896325454116,0
C13,testing/notflip/0033_000000025,notflip/0033,25,0,0.0008247713558375835,0
C13,training/notflip/0033_000000026,notflip/0033,26,0,0.0009542283951304853,0
C13,testing/notflip/0033_000000027,notflip/0033,27,0,0.0009412738145329058,0
C13,training/notflip/0033_000000028,notflip/0033,28,0,0.0009641865617595613,0
C13,training/notflip/0033_000000029,notflip/0033,29,0,0.001155854552052915,0
C13,training/notflip/0033_000000030,notflip/0033,30,0,0.0012789188185706735,0
C13,testing/notflip/0034_000000025,notflip/0034,25,0,0.001257973606698215,0
C13,training/notflip/0034_000000026,notflip/0034,26,0,0.001302541233599186,0
C13,training/notflip/0034_000000027,notflip/0034,27,0,0.0016796322306618094,0
C13,training/notflip/0034_000000028,notflip/0034,28,0,0.002202854258939624,0
C13,training/notflip/0034_000000029,notflip/0034,29,0,0.0022848458029329777,0
C13,testing/notflip/0034_000000030,notflip/0034,30,0,0.002428330946713686,0
C13,testing/notflip/0035_000000026,notflip/0035,26,0,0.005763617344200611,0
C13,training/notflip/0035_000000027,notflip/0035,27,0,0.005604495294392109,0
C13,training/notflip/0035_000000028,notflip/0035,28,0,0.00751004833728075,0
C13,training/notflip/0035_000000029,notflip/0035,29,0,0.00873544905334711,0
C13,training/notflip/0035_000000030,notflip/0035,30,0,0.008985326625406742,0
C13,training/notflip/0035_000000031,notflip/0035,31,0,0.008927916176617146,0
C13,training/notflip/0035_000000032,notflip/0035,32,0,0.010173959657549858,0
C13,testing/notflip/0036_000000025,notflip/0036,25,0,0.03629795461893082,0
C13,training/notflip/0036_000000026,notflip/0036,26,0,0.03594711422920227,0
C13,training/notflip/0036_000000027,notflip/0036,27,0,0.03676699101924896,0
C13,testing/notflip/0036_000000028,notflip/0036,28,0,0.03514812886714935,0
C13,training/notflip/0036_000000029,notflip/0036,29,0,0.03916851058602333,0
C13,testing/notflip/0036_000000030,notflip/0036,30,0,0.0346047468483448,0
C13,testing/notflip/0037_000000025,notflip/0037,25,0,0.0020547504536807537,0
C13,training/notflip/0037_000000026,notflip/0037,26,0,0.0019101386424154043,0
C13,training/notflip/0037_000000027,notflip/0037,27,0,0.0019097758922725916,0
C13,testing/notflip/0037_000000028,notflip/0037,28,0,0.0020589972846210003,0
C13,training/notflip/0037_000000029,notflip/0037,29,0,0.0025315231177955866,0
C13,training/notflip/0037_000000030,notflip/0037,30,0,0.0023711426183581352,0
C13,training/notflip/0038_000000025,notflip/0038,25,0,0.0024933870881795883,0
C13,training/notflip/0038_000000026,notflip/0038,26,0,0.0036843365523964167,0
C13,training/notflip/0038_000000027,notflip/0038,27,0,0.0029734757263213396,0
C13,training/notflip/0038_000000028,notflip/0038,28,0,0.0028752554208040237,0
C13,training/notflip/0038_000000029,notflip/0038,29,0,0.0030192567501217127,0
C13,training/notflip/0038_000000030,notflip/0038,30,0,0.003010635497048497,0
C13,training/notflip/0039_000000025,notflip/0039,25,0,0.041958145797252655,0
C13,testing/notflip/0039_000000026,notflip/0039,26,0,0.08689314126968384,0
C13,training/notflip/0039_000000027,notflip/0039,27,0,0.10771743208169937,0
C13,training/notflip/0039_000000028,notflip/0039,28,0,0.10970060527324677,0
C13,training/notflip/0039_000000029,notflip/0039,29,0,0.1274716854095459,0
C13,training/notflip/0039_000000030,notflip/0039,30,0,0.09442368894815445,0
C13,training/notflip/0040_000000025,notflip/0040,25,0,0.00023664633044973016,0
C13,training/notflip/0040_000000026,notflip/0040,26,0,0.0002005615533562377,0
C13,training/notflip/0040_000000027,notflip/0040,27,0,0.000177013294887729,0
C13,training/notflip/0040_000000028,notflip/0040,28,0,0.00018449865456204861,0
C13,training/notflip/0040_000000029,notflip/0040,29,0,0.00018542312318459153,0
C13,training/notflip/0040_000000030,notflip/0040,30,0,0.00014068011660128832,0
C14,training/flip/0034_000000025,flip/0034,25,1,0.000554470403585583,0
C14,training/flip/0034_000000026,flip/0034,26,1,0.00033525360049679875,0
C14,training/flip/0034_000000027,flip/0034,27,1,0.00014393792662303895,0
C14,training/flip/0035_000000019,flip/0035,19,1,0.0015874548116698861,0
C14,training/flip/0035_000000020,flip/0035,20,1,0.001459810882806778,0
C14,training/flip/0035_000000021,flip/0035,21,1,0.0006381429266184568,0
C14,training/flip/0035_000000022,flip/0035,22,1,0.0005008132429793477,0
C14,training/flip/0036_000000023,flip/0036,23,1,0.10111579298973083,0
C14,testing/flip/0036_000000024,flip/0036,24,1,0.5257662534713745,1
C14,training/flip/0036_000000025,flip/0036,25,1,0.5535134673118591,1
C14,training/flip/0036_000000026,flip/0036,26,1,0.329212486743927,0
C14,training/flip/0036_000000027,flip/0036,27,1,0.17670349776744843,0
C14,training/flip/0037_000000022,flip/0037,22,1,0.0010270429775118828,0
C14,training/flip/0037_000000023,flip/0037,23,1,0.0004422877973411232,0
C14,testing/flip/0037_000000024,flip/0037,24,1,0.000207569552003406,0
C14,training/flip/0037_000000025,flip/0037,25,1,6.932739779585972e-05,0
C14,training/flip/0037_000000026,flip/0037,26,1,0.00010013378050643951,0
C14,training/flip/0037_000000027,flip/0037,27,1,0.00011130303028039634,0
C14,training/flip/0038_000000040,flip/0038,40,1,0.3254728317260742,0
C14,training/flip/0038_000000041,flip/0038,41,1,0.45734643936157227,0
C14,training/flip/0038_000000042,flip/0038,42,1,0.46531978249549866,0
C14,testing/flip/0038_000000043,flip/0038,43,1,0.48971331119537354,0
C14,testing/flip/0038_000000044,flip/0038,44,1,0.5337146520614624,1
C14,training/flip/0038_000000045,flip/0038,45,1,0.35199782252311707,0
C14,training/flip/0038_000000046,flip/0038,46,1,0.13510596752166748,0
C14,testing/flip/0038_000000047,flip/0038,47,1,0.04492470622062683,0
C14,testing/flip/0038_000000048,flip/0038,48,1,0.017353469505906105,0
C14,training/flip/0038_000000049,flip/0038,49,1,0.00645028380677104,0
C14,training/flip/0039_000000024,flip/0039,24,1,0.0002074423391604796,0
C14,training/flip/0039_000000025,flip/0039,25,1,8.342885848833248e-05,0
C14,training/flip/0039_000000026,flip/0039,26,1,7.584195554954931e-05,0
C14,training/flip/0039_000000027,flip/0039,27,1,1.4843391909380443e-05,0
C14,training/flip/0039_000000028,flip/0039,28,1,1.044395594362868e-05,0
C14,training/flip/0040_000000026,flip/0040,26,1,0.9683905839920044,1
C14,training/flip/0040_000000027,flip/0040,27,1,0.9439615607261658,1
C14,testing/flip/0040_000000028,flip/0040,28,1,0.7104841470718384,1
C14,training/flip/0040_000000029,flip/0040,29,1,0.8297411799430847,1
C14,training/flip/0040_000000030,flip/0040,30,1,0.8589172959327698,1
C14,training/flip/0041_000000026,flip/0041,26,1,0.010935057885944843,0
C14,testing/flip/0041_000000027,flip/0041,27,1,0.00400649756193161,0
C14,training/flip/0041_000000028,flip/0041,28,1,0.00413580983877182,0
C14,training/flip/0041_000000029,flip/0041,29,1,0.0043102409690618515,0
C14,training/flip/0042_000000025,flip/0042,25,1,0.8980873227119446,1
C14,training/flip/0042_000000026,flip/0042,26,1,0.7976441979408264,1
C14,testing/flip/0042_000000027,flip/0042,27,1,0.6944370269775391,1
C14,training/flip/0042_000000028,flip/0042,28,1,0.3332103490829468,0
C14,training/flip/0042_000000029,flip/0042,29,1,0.16327956318855286,0
C14,training/flip/0042_000000030,flip/0042,30,1,0.08438315987586975,0
C14,testing/flip/0043_000000023,flip/0043,23,1,0.11528562009334564,0
C14,training/flip/0043_000000024,flip/0043,24,1,0.022429004311561584,0
C14,testing/flip/0044_000000024,flip/0044,24,1,0.9719480872154236,1
C14,testing/flip/0044_000000025,flip/0044,25,1,0.7833910584449768,1
C14,training/flip/0044_000000026,flip/0044,26,1,0.7427775263786316,1
C14,training/flip/0044_000000027,flip/0044,27,1,0.6564152240753174,1
C14,training/flip/0044_000000028,flip/0044,28,1,0.6444604992866516,1
C14,training/flip/0044_000000029,flip/0044,29,1,0.42437779903411865,0
C14,training/flip/0045_000000026,flip/0045,26,1,0.8710346221923828,1
C14,testing/flip/0045_000000027,flip/0045,27,1,0.8017657399177551,1
C14,training/flip/0045_000000028,flip/0045,28,1,0.5476757287979126,1
C14,training/flip/0045_000000029,flip/0045,29,1,0.3405168354511261,0
C14,training/flip/0045_000000030,flip/0045,30,1,0.12249218672513962,0
C14,testing/flip/0046_000000023,flip/0046,23,1,0.03601829707622528,0
C14,training/flip/0046_000000024,flip/0046,24,1,0.014835906215012074,0
C14,testing/flip/0046_000000025,flip/0046,25,1,0.006817985326051712,0
C14,training/flip/0046_000000026,flip/0046,26,1,0.004378543701022863,0
C14,training/flip/0046_000000027,flip/0046,27,1,0.002716125687584281,0
C14,testing/flip/0047_000000026,flip/0047,26,1,0.7374429702758789,1
C14,training/flip/0047_000000027,flip/0047,27,1,0.5678295493125916,1
C14,training/flip/0047_000000028,flip/0047,28,1,0.7735946774482727,1
C14,training/flip/0047_000000029,flip/0047,29,1,0.8334882855415344,1
C14,training/flip/0047_000000030,flip/0047,30,1,0.4428742229938507,0
C14,training/flip/0048_000000026,flip/0048,26,1,0.0038520428352057934,0
C14,training/flip/0048_000000027,flip/0048,27,1,0.0006941202445887029,0
C14,training/flip/0048_000000028,flip/0048,28,1,0.00011537534010130912,0
C14,training/flip/0048_000000029,flip/0048,29,1,6.749017302354332e-06,0
C14,training/flip/0048_000000030,flip/0048,30,1,1.854529182310216e-05,0
C14,training/notflip/0027_000000025,notflip/0027,25,0,0.0003281347162555903,0
C14,training/notflip/0027_000000026,notflip/0027,26,0,0.00038133899215608835,0
C14,training/notflip/0027_000000027,notflip/0027,27,0,0.0005236843135207891,0
C14,training/notflip/0027_000000028,notflip/0027,28,0,0.0005307054962031543,0
C14,training/notflip/0027_000000029,notflip/0027,29,0,0.00048621417954564095,0
C14,training/notflip/0027_000000030,notflip/0027,30,0,0.0004923634696751833,0
C14,training/notflip/0028_000000025,notflip/0028,25,0,4.8576769273722675e-08,0
C14,training/notflip/0028_000000026,notflip/0028,26,0,4.525167796032292e-08,0
C14,training/notflip/0028_000000027,notflip/0028,27,0,5.0399446394067127e-08,0
C14,training/notflip/0028_000000028,notflip/0028,28,0,5.251028412089909e-08,0
C14,training/notflip/0028_000000029,notflip/0028,29,0,4.744877557527616e-08,0
C14,training/notflip/0028_000000030,notflip/0028,30,0,3.943956627949774e-08,0
C14,testing/notflip/0029_000000025,notflip/0029,25,0,2.507979479560163e-05,0
C14,training/notflip/0029_000000026,notflip/0029,26,0,2.4783761546132155e-05,0
C14,training/notflip/0029_000000027,notflip/0029,27,0,2.3105099899112247e-05,0
C14,training/notflip/0029_000000028,notflip/0029,28,0,1.9865130525431596e-05,0
C14,training/notflip/0029_000000029,notflip/0029,29,0,2.6445461116963997e-05,0
C14,training/notflip/0029_000000030,notflip/0029,30,0,2.7237721951678395e-05,0
C14,training/notflip/0030_000000025,notflip/0030,25,0,3.0204605536710005e-06,0
C14,training/notflip/0030_000000026,notflip/0030,26,0,3.2100908811116824e-06,0
C14,training/notflip/0030_000000027,notflip/0030,27,0,3.5389305139688076e-06,0
C14,testing/notflip/0030_000000028,notflip/0030,28,0,3.5012415082746884e-06,0
C14,training/notflip/0030_000000029,notflip/0030,29,0,3.3597341371205403e-06,0
C14,training/notflip/0030_000000030,notflip/0030,30,0,3.4333843359490857e-06,0
C14,training/notflip/0031_000000025,notflip/0031,25,0,3.5808843676932156e-05,0
C14,training/notflip/0031_000000026,notflip/0031,26,0,3.6057350371265784e-05,0
C14,training/notflip/0031_000000027,notflip/0031,27,0,3.2662654120940715e-05,0
C14,training/notflip/0031_000000028,notflip/0031,28,0,3.617569018388167e-05,0
C14,training/notflip/0031_000000029,notflip/0031,29,0,6.158661562949419e-05,0
C14,training/notflip/0031_000000030,notflip/0031,30,0,4.2000403482234105e-05,0
C14,training/notflip/0032_000000025,notflip/0032,25,0,2.594233023955894e-07,0
C14,training/notflip/0032_000000026,notflip/0032,26,0,2.7019422077501076e-07,0
C14,training/notflip/0032_000000027,notflip/0032,27,0,3.2466283528265194e-07,0
C14,training/notflip/0032_000000028,notflip/0032,28,0,2.2642045394150045e-07,0
C14,testing/notflip/0032_000000029,notflip/0032,29,0,1.6450258044642396e-07,0
C14,training/notflip/0032_000000030,notflip/0032,30,0,1.8649156174888049e-07,0
C14,testing/notflip/0033_000000025,notflip/0033,25,0,0.0004725944309029728,0
C14,training/notflip/0033_000000026,notflip/0033,26,0,0.0005221900064498186,0
C14,testing/notflip/0033_000000027,notflip/0033,27,0,0.0006156132440082729,0
C14,training/notflip/0033_000000028,notflip/0033,28,0,0.0006611619610339403,0
C14,training/notflip/0033_000000029,notflip/0033,29,0,0.0009723349940031767,0
C14,training/notflip/0033_000000030,notflip/0033,30,0,0.0019879539031535387,0
C14,testing/notflip/0034_000000025,notflip/0034,25,0,3.328522143419832e-05,0
C14,training/notflip/0034_000000026,notflip/0034,26,0,3.769147224375047e-05,0
C14,training/notflip/0034_000000027,notflip/0034,27,0,5.357791087590158e-05,0
C14,training/notflip/0034_000000028,notflip/0034,28,0,7.696725515415892e-05,0
C14,training/notflip/0034_000000029,notflip/0034,29,0,7.224028377095237e-05,0
C14,testing/notflip/0034_000000030,notflip/0034,30,0,8.497278031427413e-05,0
C14,testing/notflip/0035_000000026,notflip/0035,26,0,0.000110443594167009,0
C14,training/notflip/0035_000000027,notflip/0035,27,0,0.00013122761447448283,0
C14,training/notflip/0035_000000028,notflip/0035,28,0,0.00026691803941503167,0
C14,training/notflip/0035_000000029,notflip/0035,29,0,0.0003017615235876292,0
C14,training/notflip/0035_000000030,notflip/0035,30,0,0.0003294493944849819,0
C14,training/notflip/0035_000000031,notflip/0035,31,0,0.0003653534222394228,0
C14,training/notflip/0035_000000032,notflip/0035,32,0,0.0007816959987394512,0
C14,testing/notflip/0036_000000025,notflip/0036,25,0,0.016590360552072525,0
C14,training/notflip/0036_000000026,notflip/0036,26,0,0.014272283762693405,0
C14,training/notflip/0036_000000027,notflip/0036,27,0,0.015917323529720306,0
C14,testing/notflip/0036_000000028,notflip/0036,28,0,0.0156956035643816,0
C14,training/notflip/0036_000000029,notflip/0036,29,0,0.014191780239343643,0
C14,testing/notflip/0036_000000030,notflip/0036,30,0,0.013828450813889503,0
C14,testing/notflip/0037_000000025,notflip/0037,25,0,0.00015073605754878372,0
C14,training/notflip/0037_000000026,notflip/0037,26,0,0.00012980474275536835,0
C14,training/notflip/0037_000000027,notflip/0037,27,0,0.00010916858445852995,0
C14,testing/notflip/0037_000000028,notflip/0037,28,0,0.0001158087543444708,0
C14,training/notflip/0037_000000029,notflip/0037,29,0,0.0001758261932991445,0
C14,training/notflip/0037_000000030,notflip/0037,30,0,0.00013938358461018652,0
C14,training/notflip/0038_000000025,notflip/0038,25,0,7.0679307100363076e-06,0
C14,training/notflip/0038_000000026,notflip/0038,26,0,8.407640052610077e-06,0
C14,training/notflip/0038_000000027,notflip/0038,27,0,5.38376480108127e-06,0
C14,training/notflip/0038_000000028,notflip/0038,28,0,5.734347723773681e-06,0
C14,training/notflip/0038_000000029,notflip/0038,29,0,6.885909897391684e-06,0
C14,training/notflip/0038_000000030,notflip/0038,30,0,6.538722118420992e-06,0
C14,training/notflip/0039_000000025,notflip/0039,25,0,0.00034594297176226974,0
C14,testing/notflip/0039_000000026,notflip/0039,26,0,0.0007598008960485458,0
C14,training/notflip/0039_000000027,notflip/0039,27,0,0.0006175989983603358,0
C14,training/notflip/0039_000000028,notflip/0039,28,0,0.000657752389088273,0
C14,training/notflip/0039_000000029,notflip/0039,29,0,0.0005966625176370144,0
C14,training/notflip/0039_000000030,notflip/0039,30,0,0.0006246473640203476,0
C14,training/notflip/0040_000000025,notflip/0040,25,0,2.762576798431837e-07,0
C14,training/notflip/0040_000000026,notflip/0040,26,0,2.665957197223179e-07,0
C14,training/notflip/0040_000000027,notflip/0040,27,0,2.697755689951009e-07,0
C14,training/notflip/0040_000000028,notflip/0040,28,0,1.8666699475033965e-07,0
C14,training/notflip/0040_000000029,notflip/0040,29,0,1.3944374188668007e-07,0
C14,training/notflip/0040_000000030,notflip/0040,30,0,1.0652603066318989e-07,0
C15,training/flip/0034_000000025,flip/0034,25,1,0.005950053688138723,0
C15,training/flip/0034_000000026,flip/0034,26,1,0.00522567518055439,0
C15,training/flip/0034_000000027,flip/0034,27,1,0.005640426650643349,0
C15,training/flip/0035_000000019,flip/0035,19,1,0.02991596795618534,0
C15,training/flip/0035_000000020,flip/0035,20,1,0.05198663845658302,0
C15,training/flip/0035_000000021,flip/0035,21,1,0.0369451604783535,0
C15,training/flip/0035_000000022,flip/0035,22,1,0.02256765030324459,0
C15,training/flip/0036_000000023,flip/0036,23,1,0.48922351002693176,0
C15,testing/flip/0036_000000024,flip/0036,24,1,0.4724946618080139,0
C15,training/flip/0036_000000025,flip/0036,25,1,0.6193275451660156,1
C15,training/flip/0036_000000026,flip/0036,26,1,0.6574582457542419,1
C15,training/flip/0036_000000027,flip/0036,27,1,0.6860414743423462,1
C15,training/flip/0037_000000022,flip/0037,22,1,0.23469747602939606,0
C15,training/flip/0037_000000023,flip/0037,23,1,0.07306423783302307,0
C15,testing/flip/0037_000000024,flip/0037,24,1,0.03377751260995865,0
C15,training/flip/0037_000000025,flip/0037,25,1,0.015229200012981892,0
C15,training/flip/0037_000000026,flip/0037,26,1,0.02366335317492485,0
C15,training/flip/0037_000000027,flip/0037,27,1,0.016491515561938286,0
C15,training/flip/0038_000000040,flip/0038,40,1,0.27474245429039,0
C15,training/flip/0038_000000041,flip/0038,41,1,0.24094244837760925,0
C15,training/flip/0038_000000042,flip/0038,42,1,0.16395938396453857,0
C15,testing/flip/0038_000000043,flip/0038,43,1,0.2549978196620941,0
C15,testing/flip/0038_000000044,flip/0038,44,1,0.46365389227867126,0
C15,training/flip/0038_000000045,flip/0038,45,1,0.2918809950351715,0
C15,training/flip/0038_000000046,flip/0038,46,1,0.32190176844596863,0
C15,testing/flip/0038_000000047,flip/0038,47,1,0.2918960452079773,0
C15,testing/flip/0038_000000048,flip/0038,48,1,0.17598244547843933,0
C15,training/flip/0038_000000049,flip/0038,49,1,0.16083380579948425,0
C15,training/flip/0039_000000024,flip/0039,24,1,0.03297174349427223,0
C15,training/flip/0039_000000025,flip/0039,25,1,0.019665692001581192,0
C15,training/flip/0039_000000026,flip/0039,26,1,0.021499037742614746,0
C15,training/flip/0039_000000027,flip/0039,27,1,0.00624173553660512,0
C15,training/flip/0039_000000028,flip/0039,28,1,0.007169601507484913,0
C15,training/flip/0040_000000026,flip/0040,26,1,0.9722521305084229,1
C15,training/flip/0040_000000027,flip/0040,27,1,0.919567346572876,1
C15,testing/flip/0040_000000028,flip/0040,28,1,0.8630658388137817,1
C15,training/flip/0040_000000029,flip/0040,29,1,0.7625199556350708,1
C15,training/flip/0040_000000030,flip/0040,30,1,0.7997894883155823,1
C15,training/flip/0041_000000026,flip/0041,26,1,0.0014629769138991833,0
C15,testing/flip/0041_000000027,flip/0041,27,1,0.0010912909638136625,0
C15,training/flip/0041_000000028,flip/0041,28,1,0.0011697731679305434,0
C15,training/flip/0041_000000029,flip/0041,29,1,0.001371521968394518,0
C15,training/flip/0042_000000025,flip/0042,25,1,0.8881751298904419,1
C15,training/flip/0042_000000026,flip/0042,26,1,0.7920969724655151,1
C15,testing/flip/0042_000000027,flip/0042,27,1,0.5995345711708069,1
C15,training/flip/0042_000000028,flip/0042,28,1,0.2096928060054779,0
C15,training/flip/0042_000000029,flip/0042,29,1,0.1212758794426918,0
C15,training/flip/0042_000000030,flip/0042,30,1,0.060045402497053146,0
C15,testing/flip/0043_000000023,flip/0043,23,1,0.07757371664047241,0
C15,training/flip/0043_000000024,flip/0043,24,1,0.07479387521743774,0
C15,testing/flip/0044_000000024,flip/0044,24,1,0.9006733894348145,1
C15,testing/flip/0044_000000025,flip/0044,25,1,0.7138522863388062,1
C15,training/flip/0044_000000026,flip/0044,26,1,0.6896290183067322,1
C15,training/flip/0044_000000027,flip/0044,27,1,0.6520634889602661,1
C15,training/flip/0044_000000028,flip/0044,28,1,0.603016197681427,1
C15,training/flip/0044_000000029,flip/0044,29,1,0.49060478806495667,0
C15,training/flip/0045_000000026,flip/0045,26,1,0.7448645830154419,1
C15,testing/flip/0045_000000027,flip/0045,27,1,0.6315957903862,1
C15,training/flip/0045_000000028,flip/0045,28,1,0.4913719594478607,0
C15,training/flip/0045_000000029,flip/0045,29,1,0.4212281107902527,0
C15,training/flip/0045_000000030,flip/0045,30,1,0.28797611594200134,0
C15,testing/flip/0046_000000023,flip/0046,23,1,0.2849947512149811,0
C15,training/flip/0046_000000024,flip/0046,24,1,0.15859511494636536,0
C15,testing/flip/0046_000000025,flip/0046,25,1,0.07709430903196335,0
C15,training/flip/0046_000000026,flip/0046,26,1,0.05768952518701553,0
C15,training/flip/0046_000000027,flip/0046,27,1,0.07089383900165558,0
C15,testing/flip/0047_000000026,flip/0047,26,1,0.854299008846283,1
C15,training/flip/0047_000000027,flip/0047,27,1,0.7437658905982971,1
C15,training/flip/0047_000000028,flip/0047,28,1,0.8748180270195007,1
C15,training/flip/0047_000000029,flip/0047,29,1,0.888519823551178,1
C15,training/flip/0047_000000030,flip/0047,30,1,0.5331962704658508,1
C15,training/flip/0048_000000026,flip/0048,26,1,0.011827155947685242,0
C15,training/flip/0048_000000027,flip/0048,27,1,0.008977585472166538,0
C15,training/flip/0048_000000028,flip/0048,28,1,0.009773071855306625,0
C15,training/flip/0048_000000029,flip/0048,29,1,0.011220172978937626,0
C15,training/flip/0048_000000030,flip/0048,30,1,0.005993022117763758,0
C15,training/notflip/0027_000000025,notflip/0027,25,0,0.00040349733899347484,0
C15,training/notflip/0027_000000026,notflip/0027,26,0,0.00047327493666671216,0
C15,training/notflip/0027_000000027,notflip/0027,27,0,0.0005468748277053237,0
C15,training/notflip/0027_000000028,notflip/0027,28,0,0.0006286710267886519,0
C15,training/notflip/0027_000000029,notflip/0027,29,0,0.000807800330221653,0
C15,training/notflip/0027_000000030,notflip/0027,30,0,0.0007172258337959647,0
C15,training/notflip/0028_000000025,notflip/0028,25,0,0.00012451283691916615,0
C15,training/notflip/0028_000000026,notflip/0028,26,0,9.579525794833899e-05,0
C15,training/notflip/0028_000000027,notflip/0028,27,0,0.00012357720697764307,0
C15,training/notflip/0028_000000028,notflip/0028,28,0,9.767907613422722e-05,0
C15,training/notflip/0028_000000029,notflip/0028,29,0,8.24318194645457e-05,0
C15,training/notflip/0028_000000030,notflip/0028,30,0,9.487073839409277e-05,0
C15,testing/notflip/0029_000000025,notflip/0029,25,0,0.00198661582544446,0
C15,training/notflip/0029_000000026,notflip/0029,26,0,0.002091841772198677,0
C15,training/notflip/0029_000000027,notflip/0029,27,0,0.002134349662810564,0
C15,training/notflip/0029_000000028,notflip/0029,28,0,0.002617667196318507,0
C15,training/notflip/0029_000000029,notflip/0029,29,0,0.0021348525770008564,0
C15,training/notflip/0029_000000030,notflip/0029,30,0,0.002361156279221177,0
C15,training/notflip/0030_000000025,notflip/0030,25,0,0.005442817695438862,0
C15,training/notflip/0030_000000026,notflip/0030,26,0,0.00503167137503624,0
C15,training/notflip/0030_000000027,notflip/0030,27,0,0.006083550862967968,0
C15,testing/notflip/0030_000000028,notflip/0030,28,0,0.006095819640904665,0
C15,training/notflip/0030_000000029,notflip/0030,29,0,0.004241446033120155,0
C15,training/notflip/0030_000000030,notflip/0030,30,0,0.004646993242204189,0
C15,training/notflip/0031_000000025,notflip/0031,25,0,0.02388414740562439,0
C15,training/notflip/0031_000000026,notflip/0031,26,0,0.017635051161050797,0
C15,training/notflip/0031_000000027,notflip/0031,27,0,0.020644061267375946,0
C15,training/notflip/0031_000000028,notflip/0031,28,0,0.013141279108822346,0
C15,training/notflip/0031_000000029,notflip/0031,29,0,0.02680722251534462,0
C15,training/notflip/0031_000000030,notflip/0031,30,0,0.03597741574048996,0
C15,training/notflip/0032_000000025,notflip/0032,25,0,0.00031452582334168255,0
C15,training/notflip/0032_000000026,notflip/0032,26,0,0.0002998861309606582,0
C15,training/notflip/0032_000000027,notflip/0032,27,0,0.00022538068878930062,0
C15,training/notflip/0032_000000028,notflip/0032,28,0,0.0001404881477355957,0
C15,testing/notflip/0032_000000029,notflip/0032,29,0,0.00015290036390069872,0
C15,training/notflip/0032_000000030,notflip/0032,30,0,0.00022662250557914376,0
C15,testing/notflip/0033_000000025,notflip/0033,25,0,0.0009872961090877652,0
C15,training/notflip/0033_000000026,notflip/0033,26,0,0.001210126094520092,0
C15,testing/notflip/0033_000000027,notflip/0033,27,0,0.001182730426080525,0
C15,training/notflip/0033_000000028,notflip/0033,28,0,0.0012392516946420074,0
C15,training/notflip/0033_000000029,notflip/0033,29,0,0.001462328596971929,0
C15,training/notflip/0033_000000030,notflip/0033,30,0,0.0015506012132391334,0
C15,testing/notflip/0034_000000025,notflip/0034,25,0,0.0012599719921126962,0
C15,training/notflip/0034_000000026,notflip/0034,26,0,0.0012511260574683547,0
C15,training/notflip/0034_000000027,notflip/0034,27,0,0.0015726276906207204,0
C15,training/notflip/0034_000000028,notflip/0034,28,0,0.002167306374758482,0
C15,training/notflip/0034_000000029,notflip/0034,29,0,0.0024713356979191303,0
C15,testing/notflip/0034_000000030,notflip/0034,30,0,0.0028212307952344418,0
C15,testing/notflip/0035_000000026,notflip/0035,26,0,0.007616570219397545,0
C15,training/notflip/0035_000000027,notflip/0035,27,0,0.007157707586884499,0
C15,training/notflip/0035_000000028,notflip/0035,28,0,0.009456237778067589,0
C15,training/notflip/0035_000000029,notflip/0035,29,0,0.012312395498156548,0
C15,training/notflip/0035_000000030,notflip/0035,30,0,0.01215091347694397,0
C15,training/notflip/0035_000000031,notflip/0035,31,0,0.01177931297570467,0
C15,training/notflip/0035_000000032,notflip/0035,32,0,0.014490670524537563,0
C15,testing/notflip/0036_000000025,notflip/0036,25,0,0.02973288483917713,0
C15,training/notflip/0036_000000026,notflip/0036,26,0,0.029393784701824188,0
C15,training/notflip/0036_000000027,notflip/0036,27,0,0.02886888198554516,0
C15,testing/notflip/0036_000000028,notflip/0036,28,0,0.027237726375460625,0
C15,training/notflip/0036_000000029,notflip/0036,29,0,0.02926761843264103,0
C15,testing/notflip/0036_000000030,notflip/0036,30,0,0.026901360601186752,0
C15,testing/notflip/0037_000000025,notflip/0037,25,0,0.0021122382022440434,0
C15,training/notflip/0037_000000026,notflip/0037,26,0,0.0020708711817860603,0
C15,training/notflip/0037_000000027,notflip/0037,27,0,0.0021171586122363806,0
C15,testing/notflip/0037_000000028,notflip/0037,28,0,0.002312992699444294,0
C15,training/notflip/0037_000000029,notflip/0037,29,0,0.0027092499658465385,0
C15,training/notflip/0037_000000030,notflip/0037,30,0,0.0024671226274222136,0
C15,training/notflip/0038_000000025,notflip/0038,25,0,0.0018428995972499251,0
C15,training/notflip/0038_000000026,notflip/0038,26,0,0.002557207364588976,0
C15,training/notflip/0038_000000027,notflip/0038,27,0,0.0021976002026349306,0
C15,training/notflip/0038_000000028,notflip/0038,28,0,0.0021191511768847704,0
C15,training/notflip/0038_000000029,notflip/0038,29,0,0.002310297219082713,0
C15,training/notflip/0038_000000030,notflip/0038,30,0,0.0025292676873505116,0
C15,training/notflip/0039_000000025,notflip/0039,25,0,0.014573263004422188,0
C15,testing/notflip/0039_000000026,notflip/0039,26,0,0.02853817492723465,0
C15,training/notflip/0039_000000027,notflip/0039,27,0,0.03777794539928436,0
C15,training/notflip/0039_000000028,notflip/0039,28,0,0.04089547321200371,0
C15,training/notflip/0039_000000029,notflip/0039,29,0,0.050885070115327835,0
C15,training/notflip/0039_000000030,notflip/0039,30,0,0.038271982222795486,0
C15,training/notflip/0040_000000025,notflip/0040,25,0,0.0001948883873410523,0
C15,training/notflip/0040_000000026,notflip/0040,26,0,0.00016196501383092254,0
C15,training/notflip/0040_000000027,notflip/0040,27,0,0.00013508972187992185,0
C15,training/notflip/0040_000000028,notflip/0040,28,0,0.0001415731239831075,0
C15,training/notflip/0040_000000029,notflip/0040,29,0,0.00013923879305366427,0
C15,training/notflip/0040_000000030,notflip/0040,30,0,0.00011578456906136125,0
C16,training/flip/0034_000000025,flip/0034,25,1,0.043180763721466064,0
C16,training/flip/0034_000000026,flip/0034,26,1,0.03698066249489784,0
C16,training/flip/0034_000000027,flip/0034,27,1,0.02849971130490303,0
C16,training/flip/0035_000000019,flip/0035,19,1,0.07625125348567963,0
C16,training/flip/0035_000000020,flip/0035,20,1,0.07445207238197327,0
C16,training/flip/0035_000000021,flip/0035,21,1,0.061134397983551025,0
C16,training/flip/0035_000000022,flip/0035,22,1,0.04849341884255409,0
C16,training/flip/0036_000000023,flip/0036,23,1,0.3208039402961731,0
C16,testing/flip/0036_000000024,flip/0036,24,1,0.2918996214866638,0
C16,training/flip/0036_000000025,flip/0036,25,1,0.29951968789100647,0
C16,training/flip/0036_000000026,flip/0036,26,1,0.2732223570346832,0
C16,training/flip/0036_000000027,flip/0036,27,1,0.22577068209648132,0
C16,training/flip/0037_000000022,flip/0037,22,1,0.09529949724674225,0
C16,training/flip/0037_000000023,flip/0037,23,1,0.07860585302114487,0
C16,testing/flip/0037_000000024,flip/0037,24,1,0.07062967866659164,0
C16,training/flip/0037_000000025,flip/0037,25,1,0.06206945329904556,0
C16,training/flip/0037_000000026,flip/0037,26,1,0.06873747706413269,0
C16,training/flip/0037_000000027,flip/0037,27,1,0.06732087582349777,0
C16,training/flip/0038_000000040,flip/0038,40,1,0.29865285754203796,0
C16,training/flip/0038_000000041,flip/0038,41,1,0.30698806047439575,0
C16,training/flip/0038_000000042,flip/0038,42,1,0.28289899230003357,0
C16,testing/flip/0038_000000043,flip/0038,43,1,0.28561636805534363,0
C16,testing/flip/0038_000000044,flip/0038,44,1,0.3010621666908264,0
C16,training/flip/0038_000000045,flip/0038,45,1,0.2835721969604492,0
C16,training/flip/0038_000000046,flip/0038,46,1,0.27374643087387085,0
C16,testing/flip/0038_000000047,flip/0038,47,1,0.24399268627166748,0
C16,testing/flip/0038_000000048,flip/0038,48,1,0.17725294828414917,0
C16,training/flip/0038_000000049,flip/0038,49,1,0.1384887546300888,0
C16,training/flip/0039_000000024,flip/0039,24,1,0.07864104956388474,0
C16,training/flip/0039_000000025,flip/0039,25,1,0.07478241622447968,0
C16,training/flip/0039_000000026,flip/0039,26,1,0.06366977095603943,0
C16,training/flip/0039_000000027,flip/0039,27,1,0.05189130827784538,0
C16,training/flip/0039_000000028,flip/0039,28,1,0.05116232857108116,0
C16,training/flip/0040_000000026,flip/0040,26,1,0.4685113728046417,0
C16,training/flip/0040_000000027,flip/0040,27,1,0.42378872632980347,0
C16,testing/flip/0040_000000028,flip/0040,28,1,0.37490224838256836,0
C16,training/flip/0040_000000029,flip/0040,29,1,0.4246859848499298,0
C16,training/flip/0040_000000030,flip/0040,30,1,0.42306485772132874,0
C16,training/flip/0041_000000026,flip/0041,26,1,0.06630288064479828,0
C16,testing/flip/0041_000000027,flip/0041,27,1,0.05139642953872681,0
C16,training/flip/0041_000000028,flip/0041,28,1,0.048368826508522034,0
C16,training/flip/0041_000000029,flip/0041,29,1,0.04487558826804161,0
C16,training/flip/0042_000000025,flip/0042,25,1,0.5450097918510437,1
C16,training/flip/0042_000000026,flip/0042,26,1,0.4650261104106903,0
C16,testing/flip/0042_000000027,flip/0042,27,1,0.4150090217590332,0
C16,training/flip/0042_000000028,flip/0042,28,1,0.3248457610607147,0
C16,training/flip/0042_000000029,flip/0042,29,1,0.2974036633968353,0
C16,training/flip/0042_000000030,flip/0042,30,1,0.27045542001724243,0
C16,testing/flip/0043_000000023,flip/0043,23,1,0.2404865026473999,0
C16,training/flip/0043_000000024,flip/0043,24,1,0.146548792719841,0
C16,testing/flip/0044_000000024,flip/0044,24,1,0.5535880327224731,1
C16,testing/flip/0044_000000025,flip/0044,25,1,0.4357621669769287,0
C16,training/flip/0044_000000026,flip/0044,26,1,0.3790683448314667,0
C16,training/flip/0044_000000027,flip/0044,27,1,0.37506306171417236,0
C16,training/flip/0044_000000028,flip/0044,28,1,0.372575581073761,0
C16,training/flip/0044_000000029,flip/0044,29,1,0.33307361602783203,0
C16,training/flip/0045_000000026,flip/0045,26,1,0.39834216237068176,0
C16,testing/flip/0045_000000027,flip/0045,27,1,0.3344021439552307,0
C16,training/flip/0045_000000028,flip/0045,28,1,0.2888646721839905,0
C16,training/flip/0045_000000029,flip/0045,29,1,0.25593486428260803,0
C16,training/flip/0045_000000030,flip/0045,30,1,0.18944266438484192,0
C16,testing/flip/0046_000000023,flip/0046,23,1,0.2007748931646347,0
C16,training/flip/0046_000000024,flip/0046,24,1,0.16221950948238373,0
C16,testing/flip/0046_000000025,flip/0046,25,1,0.1521541178226471,0
C16,training/flip/0046_000000026,flip/0046,26,1,0.14044640958309174,0
C16,training/flip/0046_000000027,flip/0046,27,1,0.13283497095108032,0
C16,testing/flip/0047_000000026,flip/0047,26,1,0.6726853251457214,1
C16,training/flip/0047_000000027,flip/0047,27,1,0.6804690957069397,1
C16,training/flip/0047_000000028,flip/0047,28,1,0.6908652782440186,1
C16,training/flip/0047_000000029,flip/0047,29,1,0.6928223967552185,1
C16,training/flip/0047_000000030,flip/0047,30,1,0.6588816046714783,1
C16,training/flip/0048_000000026,flip/0048,26,1,0.07531896233558655,0
C16,training/flip/0048_000000027,flip/0048,27,1,0.04185805097222328,0
C16,training/flip/0048_000000028,flip/0048,28,1,0.03135623410344124,0
C16,training/flip/0048_000000029,flip/0048,29,1,0.02172350324690342,0
C16,training/flip/0048_000000030,flip/0048,30,1,0.015903323888778687,0
C16,training/notflip/0027_000000025,notflip/0027,25,0,0.027148492634296417,0
C16,training/notflip/0027_000000026,notflip/0027,26,0,0.02604781650006771,0
C16,training/notflip/0027_000000027,notflip/0027,27,0,0.027779147028923035,0
C16,training/notflip/0027_000000028,notflip/0027,28,0,0.028175044804811478,0
C16,training/notflip/0027_000000029,notflip/0027,29,0,0.02870953641831875,0
C16,training/notflip/0027_000000030,notflip/0027,30,0,0.029346032068133354,0
C16,training/notflip/0028_000000025,notflip/0028,25,0,0.009751282632350922,0
C16,training/notflip/0028_000000026,notflip/0028,26,0,0.010100922547280788,0
C16,training/notflip/0028_000000027,notflip/0028,27,0,0.010862923227250576,0
C16,training/notflip/0028_000000028,notflip/0028,28,0,0.011118096299469471,0
C16,training/notflip/0028_000000029,notflip/0028,29,0,0.011058035306632519,0
C16,training/notflip/0028_000000030,notflip/0028,30,0,0.011053213849663734,0
C16,testing/notflip/0029_000000025,notflip/0029,25,0,0.04065527021884918,0
C16,training/notflip/0029_000000026,notflip/0029,26,0,0.042664192616939545,0
C16,training/notflip/0029_000000027,notflip/0029,27,0,0.04225549101829529,0
C16,training/notflip/0029_000000028,notflip/0029,28,0,0.04281944781541824,0
C16,training/notflip/0029_000000029,notflip/0029,29,0,0.04337892308831215,0
C16,training/notflip/0029_000000030,notflip/0029,30,0,0.04395391419529915,0
C16,training/notflip/0030_000000025,notflip/0030,25,0,0.053232867270708084,0
C16,training/notflip/0030_000000026,notflip/0030,26,0,0.05432087928056717,0
C16,training/notflip/0030_000000027,notflip/0030,27,0,0.0562303364276886,0
C16,testing/notflip/0030_000000028,notflip/0030,28,0,0.056417252868413925,0
C16,training/notflip/0030_000000029,notflip/0030,29,0,0.0614260733127594,0
C16,training/notflip/0030_000000030,notflip/0030,30,0,0.06187693774700165,0
C16,training/notflip/0031_000000025,notflip/0031,25,0,0.06471529603004456,0
C16,training/notflip/0031_000000026,notflip/0031,26,0,0.06344403326511383,0
C16,training/notflip/0031_000000027,notflip/0031,27,0,0.05995701625943184,0
C16,training/notflip/0031_000000028,notflip/0031,28,0,0.061732303351163864,0
C16,training/notflip/0031_000000029,notflip/0031,29,0,0.05516616255044937,0
C16,training/notflip/0031_000000030,notflip/0031,30,0,0.05618733540177345,0
C16,training/notflip/0032_000000025,notflip/0032,25,0,0.018437961116433144,0
C16,training/notflip/0032_000000026,notflip/0032,26,0,0.01888359524309635,0
C16,training/notflip/0032_000000027,notflip/0032,27,0,0.018674880266189575,0
C16,training/notflip/0032_000000028,notflip/0032,28,0,0.018941370770335197,0
C16,testing/notflip/0032_000000029,notflip/0032,29,0,0.01904992386698723,0
C16,training/notflip/0032_000000030,notflip/0032,30,0,0.018753891810774803,0
C16,testing/notflip/0033_000000025,notflip/0033,25,0,0.07852478325366974,0
C16,training/notflip/0033_000000026,notflip/0033,26,0,0.08448252081871033,0
C16,testing/notflip/0033_000000027,notflip/0033,27,0,0.09125040471553802,0
C16,training/notflip/0033_000000028,notflip/0033,28,0,0.09547089040279388,0
C16,training/notflip/0033_000000029,notflip/0033,29,0,0.10209069401025772,0
C16,training/notflip/0033_000000030,notflip/0033,30,0,0.11532505601644516,0
C16,testing/notflip/0034_000000025,notflip/0034,25,0,0.05413186922669411,0
C16,training/notflip/0034_000000026,notflip/0034,26,0,0.05593175068497658,0
C16,training/notflip/0034_000000027,notflip/0034,27,0,0.05976719409227371,0
C16,training/notflip/0034_000000028,notflip/0034,28,0,0.06083400174975395,0
C16,training/notflip/0034_000000029,notflip/0034,29,0,0.06322994828224182,0
C16,testing/notflip/0034_000000030,notflip/0034,30,0,0.06509941816329956,0
C16,testing/notflip/0035_000000026,notflip/0035,26,0,0.06853214651346207,0
C16,training/notflip/0035_000000027,notflip/0035,27,0,0.07103204727172852,0
C16,training/notflip/0035_000000028,notflip/0035,28,0,0.07850874215364456,0
C16,training/notflip/0035_000000029,notflip/0035,29,0,0.0813838317990303,0
C16,training/notflip/0035_000000030,notflip/0035,30,0,0.08386631309986115,0
C16,training/notflip/0035_000000031,notflip/0035,31,0,0.08924706280231476,0
C16,training/notflip/0035_000000032,notflip/0035,32,0,0.1011635884642601,0
C16,testing/notflip/0036_000000025,notflip/0036,25,0,0.12477413564920425,0
C16,training/notflip/0036_000000026,notflip/0036,26,0,0.12886649370193481,0
C16,training/notflip/0036_000000027,notflip/0036,27,0,0.13164463639259338,0
C16,testing/notflip/0036_000000028,notflip/0036,28,0,0.13244245946407318,0
C16,training/notflip/0036_000000029,notflip/0036,29,0,0.13665519654750824,0
C16,testing/notflip/0036_000000030,notflip/0036,30,0,0.13635976612567902,0
C16,testing/notflip/0037_000000025,notflip/0037,25,0,0.046431444585323334,0
C16,training/notflip/0037_000000026,notflip/0037,26,0,0.048253629356622696,0
C16,training/notflip/0037_000000027,notflip/0037,27,0,0.052601173520088196,0
C16,testing/notflip/0037_000000028,notflip/0037,28,0,0.0538017675280571,0
C16,training/notflip/0037_000000029,notflip/0037,29,0,0.06161409243941307,0
C16,training/notflip/0037_000000030,notflip/0037,30,0,0.06521949172019958,0
C16,training/notflip/0038_000000025,notflip/0038,25,0,0.043374840170145035,0
C16,training/notflip/0038_000000026,notflip/0038,26,0,0.04649526625871658,0
C16,training/notflip/0038_000000027,notflip/0038,27,0,0.04721701145172119,0
C16,training/notflip/0038_000000028,notflip/0038,28,0,0.04829595610499382,0
C16,training/notflip/0038_000000029,notflip/0038,29,0,0.049199968576431274,0
C16,training/notflip/0038_000000030,notflip/0038,30,0,0.04948000609874725,0
C16,training/notflip/0039_000000025,notflip/0039,25,0,0.2556544840335846,0
C16,testing/notflip/0039_000000026,notflip/0039,26,0,0.25705471634864807,0
C16,training/notflip/0039_000000027,notflip/0039,27,0,0.2574867904186249,0
C16,training/notflip/0039_000000028,notflip/0039,28,0,0.259691447019577,0
C16,training/notflip/0039_000000029,notflip/0039,29,0,0.25606781244277954,0
C16,training/notflip/0039_000000030,notflip/0039,30,0,0.2565343677997589,0
C16,training/notflip/0040_000000025,notflip/0040,25,0,0.007463062182068825,0
C16,training/notflip/0040_000000026,notflip/0040,26,0,0.0075807953253388405,0
C16,training/notflip/0040_000000027,notflip/0040,27,0,0.007561523001641035,0
C16,training/notflip/0040_000000028,notflip/0040,28,0,0.007606107275933027,0
C16,training/notflip/0040_000000029,notflip/0040,29,0,0.0075683253817260265,0
C16,training/notflip/0040_000000030,notflip/0040,30,0,0.007447917480021715,0
C17,training/flip/0034_000000025,flip/0034,25,1,0.00017014618788380176,0
C17,training/flip/0034_000000026,flip/0034,26,1,0.00012550661631394178,0
C17,training/flip/0034_000000027,flip/0034,27,1,7.975480548338965e-05,0
C17,training/flip/0035_000000019,flip/0035,19,1,0.0002872706390917301,0
C17,training/flip/0035_000000020,flip/0035,20,1,0.00032493300386704504,0
C17,training/flip/0035_000000021,flip/0035,21,1,0.00023230223450809717,0
C17,training/flip/0035_000000022,flip/0035,22,1,9.51970650930889e-05,0
C17,training/flip/0036_000000023,flip/0036,23,1,0.007975395768880844,0
C17,testing/flip/0036_000000024,flip/0036,24,1,0.0074701509438455105,0
C17,training/flip/0036_000000025,flip/0036,25,1,0.008518794551491737,0
C17,training/flip/0036_000000026,flip/0036,26,1,0.005654096137732267,0
C17,training/flip/0036_000000027,flip/0036,27,1,0.004761574789881706,0
C17,training/flip/0037_000000022,flip/0037,22,1,0.0008168883505277336,0
C17,training/flip/0037_000000023,flip/0037,23,1,0.00046412277151830494,0
C17,testing/flip/0037_000000024,flip/0037,24,1,0.0002228759549325332,0
C17,training/flip/0037_000000025,flip/0037,25,1,0.00014720545732416213,0
C17,training/flip/0037_000000026,flip/0037,26,1,0.000261599023360759,0
C17,training/flip/0037_000000027,flip/0037,27,1,0.00029972061747685075,0
C17,training/flip/0038_000000040,flip/0038,40,1,0.04263101518154144,0
C17,training/flip/0038_000000041,flip/0038,41,1,0.04065706208348274,0
C17,training/flip/0038_000000042,flip/0038,42,1,0.03264439105987549,0
C17,testing/flip/0038_000000043,flip/0038,43,1,0.03523438796401024,0
C17,testing/flip/0038_000000044,flip/0038,44,1,0.03454152122139931,0
C17,training/flip/0038_000000045,flip/0038,45,1,0.019640352576971054,0
C17,training/flip/0038_000000046,flip/0038,46,1,0.013533854857087135,0
C17,testing/flip/0038_000000047,flip/0038,47,1,0.008230113424360752,0
C17,testing/flip/0038_000000048,flip/0038,48,1,0.004503563046455383,0
C17,training/flip/0038_000000049,flip/0038,49,1,0.002210645703598857,0
C17,training/flip/0039_000000024,flip/0039,24,1,0.00013228041643742472,0
C17,training/flip/0039_000000025,flip/0039,25,1,9.05920605873689e-05,0
C17,training/flip/0039_000000026,flip/0039,26,1,7.511801231885329e-05,0
C17,training/flip/0039_000000027,flip/0039,27,1,3.453050157986581e-05,0
C17,training/flip/0039_000000028,flip/0039,28,1,3.549990651663393e-05,0
C17,training/flip/0040_000000026,flip/0040,26,1,0.1014106348156929,0
C17,training/flip/0040_000000027,flip/0040,27,1,0.036870405077934265,0
C17,testing/flip/0040_000000028,flip/0040,28,1,0.019602883607149124,0
C17,training/flip/0040_000000029,flip/0040,29,1,0.016555847600102425,0
C17,training/flip/0040_000000030,flip/0040,30,1,0.018147213384509087,0
C17,training/flip/0041_000000026,flip/0041,26,1,0.001153760589659214,0
C17,testing/flip/0041_000000027,flip/0041,27,1,0.0006049030344001949,0
C17,training/flip/0041_000000028,flip/0041,28,1,0.0004963395767845213,0
C17,training/flip/0041_000000029,flip/0041,29,1,0.00039620979805476964,0
C17,training/flip/0042_000000025,flip/0042,25,1,0.13578788936138153,0
C17,training/flip/0042_000000026,flip/0042,26,1,0.07415695488452911,0
C17,testing/flip/0042_000000027,flip/0042,27,1,0.046877115964889526,0
C17,training/flip/0042_000000028,flip/0042,28,1,0.02179686352610588,0
C17,training/flip/0042_000000029,flip/0042,29,1,0.0167505145072937,0
C17,training/flip/0042_000000030,flip/0042,30,1,0.006877664476633072,0
C17,testing/flip/0043_000000023,flip/0043,23,1,0.00807779747992754,0
C17,training/flip/0043_000000024,flip/0043,24,1,0.0026209410279989243,0
C17,testing/flip/0044_000000024,flip/0044,24,1,0.18287929892539978,0
C17,testing/flip/0044_000000025,flip/0044,25,1,0.08614864945411682,0
C17,training/flip/0044_000000026,flip/0044,26,1,0.0452977791428566,0
C17,training/flip/0044_000000027,flip/0044,27,1,0.03807352855801582,0
C17,training/flip/0044_000000028,flip/0044,28,1,0.03162440285086632,0
C17,training/flip/0044_000000029,flip/0044,29,1,0.028741873800754547,0
C17,training/flip/0045_000000026,flip/0045,26,1,0.0352742038667202,0
C17,testing/flip/0045_000000027,flip/0045,27,1,0.02806246094405651,0
C17,training/flip/0045_000000028,flip/0045,28,1,0.01589563861489296,0
C17,training/flip/0045_000000029,flip/0045,29,1,0.01100668590515852,0
C17,training/flip/0045_000000030,flip/0045,30,1,0.004786872770637274,0
C17,testing/flip/0046_000000023,flip/0046,23,1,0.00448865070939064,0
C17,training/flip/0046_000000024,flip/0046,24,1,0.001819875673390925,0
C17,testing/flip/0046_000000025,flip/0046,25,1,0.0014157607220113277,0
C17,training/flip/0046_000000026,flip/0046,26,1,0.0010579439112916589,0
C17,training/flip/0046_000000027,flip/0046,27,1,0.0009373878128826618,0
C17,testing/flip/0047_000000026,flip/0047,26,1,0.011944985948503017,0
C17,training/flip/0047_000000027,flip/0047,27,1,0.008070720359683037,0
C17,training/flip/0047_000000028,flip/0047,28,1,0.013505116105079651,0
C17,training/flip/0047_000000029,flip/0047,29,1,0.019522903487086296,0
C17,training/flip/0047_000000030,flip/0047,30,1,0.010176696814596653,0
C17,training/flip/0048_000000026,flip/0048,26,1,0.000224594259634614,0
C17,training/flip/0048_000000027,flip/0048,27,1,0.00013710823259316385,0
C17,training/flip/0048_000000028,flip/0048,28,1,9.273629257222638e-05,0
C17,training/flip/0048_000000029,flip/0048,29,1,2.3290042008738965e-05,0
C17,training/flip/0048_000000030,flip/0048,30,1,1.64643679454457e-05,0
C17,training/notflip/0027_000000025,notflip/0027,25,0,0.0001752937096171081,0
C17,training/notflip/0027_000000026,notflip/0027,26,0,0.00021035349345766008,0
C17,training/notflip/0027_000000027,notflip/0027,27,0,0.00021499059221241623,0
C17,training/notflip/0027_000000028,notflip/0027,28,0,0.00021955862757749856,0
C17,training/notflip/0027_000000029,notflip/0027,29,0,0.00025535409804433584,0
C17,training/notflip/0027_000000030,notflip/0027,30,0,0.0002556786057539284,0
C17,training/notflip/0028_000000025,notflip/0028,25,0,2.386358346484485e-06,0
C17,training/notflip/0028_000000026,notflip/0028,26,0,1.899699668683752e-06,0
C17,training/notflip/0028_000000027,notflip/0028,27,0,1.9581380001909565e-06,0
C17,training/notflip/0028_000000028,notflip/0028,28,0,2.0119202872592723e-06,0
C17,training/notflip/0028_000000029,notflip/0028,29,0,2.106625288433861e-06,0
C17,training/notflip/0028_000000030,notflip/0028,30,0,2.2242204522626707e-06,0
C17,testing/notflip/0029_000000025,notflip/0029,25,0,5.9678186516975984e-05,0
C17,training/notflip/0029_000000026,notflip/0029,26,0,5.824564505019225e-05,0
C17,training/notflip/0029_000000027,notflip/0029,27,0,5.859299562871456e-05,0
C17,training/notflip/0029_000000028,notflip/0029,28,0,5.644580232910812e-05,0
C17,training/notflip/0029_000000029,notflip/0029,29,0,5.8559366152621806e-05,0
C17,training/notflip/0029_000000030,notflip/0029,30,0,5.880772732780315e-05,0
C17,training/notflip/0030_000000025,notflip/0030,25,0,0.00013178185326978564,0
C17,training/notflip/0030_000000026,notflip/0030,26,0,0.0001303483877563849,0
C17,training/notflip/0030_000000027,notflip/0030,27,0,0.0001546574494568631,0
C17,testing/notflip/0030_000000028,notflip/0030,28,0,0.00015827904280740768,0
C17,training/notflip/0030_000000029,notflip/0030,29,0,0.00015610555419698358,0
C17,training/notflip/0030_000000030,notflip/0030,30,0,0.0001641195558477193,0
C17,training/notflip/0031_000000025,notflip/0031,25,0,0.0003206175460945815,0
C17,training/notflip/0031_000000026,notflip/0031,26,0,0.0002855410857591778,0
C17,training/notflip/0031_000000027,notflip/0031,27,0,0.0002888690505642444,0
C17,training/notflip/0031_000000028,notflip/0031,28,0,0.00025335774989798665,0
C17,training/notflip/0031_000000029,notflip/0031,29,0,0.0002376012853346765,0
C17,training/notflip/0031_000000030,notflip/0031,30,0,0.00023917823273222893,0
C17,training/notflip/0032_000000025,notflip/0032,25,0,1.9565923139452934e-05,0
C17,training/notflip/0032_000000026,notflip/0032,26,0,1.781126957212109e-05,0
C17,training/notflip/0032_000000027,notflip/0032,27,0,1.575401984155178e-05,0
C17,training/notflip/0032_000000028,notflip/0032,28,0,1.826692277973052e-05,0
C17,testing/notflip/0032_000000029,notflip/0032,29,0,1.9432223780313507e-05,0
C17,training/notflip/0032_000000030,notflip/0032,30,0,1.8299213479622267e-05,0
C17,testing/notflip/0033_000000025,notflip/0033,25,0,0.0005945295561105013,0
C17,training/notflip/0033_000000026,notflip/0033,26,0,0.000683539779856801,0
C17,testing/notflip/0033_000000027,notflip/0033,27,0,0.0007516647456213832,0
C17,training/notflip/0033_000000028,notflip/0033,28,0,0.0008087265305221081,0
C17,training/notflip/0033_000000029,notflip/0033,29,0,0.000898731523193419,0
C17,training/notflip/0033_000000030,notflip/0033,30,0,0.0012861553113907576,0
C17,testing/notflip/0034_000000025,notflip/0034,25,0,0.00018484272004570812,0
C17,training/notflip/0034_000000026,notflip/0034,26,0,0.0002032559714280069,0
C17,training/notflip/0034_000000027,notflip/0034,27,0,0.00019587537099141628,0
C17,training/notflip/0034_000000028,notflip/0034,28,0,0.0001966497366083786,0
C17,training/notflip/0034_000000029,notflip/0034,29,0,0.00021990493405610323,0
C17,testing/notflip/0034_000000030,notflip/0034,30,0,0.0002490864135324955,0
C17,testing/notflip/0035_000000026,notflip/0035,26,0,0.00018590252147987485,0
C17,training/notflip/0035_000000027,notflip/0035,27,0,0.00019087594409938902,0
C17,training/notflip/0035_000000028,notflip/0035,28,0,0.0002737832546699792,0
C17,training/notflip/0035_000000029,notflip/0035,29,0,0.00030652701389044523,0
C17,training/notflip/0035_000000030,notflip/0035,30,0,0.0003146748640574515,0
C17,training/notflip/0035_000000031,notflip/0035,31,0,0.0003631122235674411,0
C17,training/notflip/0035_000000032,notflip/0035,32,0,0.000561411608941853,0
C17,testing/notflip/0036_000000025,notflip/0036,25,0,0.003073243424296379,0
C17,training/notflip/0036_000000026,notflip/0036,26,0,0.002862919121980667,0
C17,training/notflip/0036_000000027,notflip/0036,27,0,0.0028178011998534203,0
C17,testing/notflip/0036_000000028,notflip/0036,28,0,0.00291101960465312,0
C17,training/notflip/0036_000000029,notflip/0036,29,0,0.0027529906947165728,0
C17,testing/notflip/0036_000000030,notflip/0036,30,0,0.00291097117587924,0
C17,testing/notflip/0037_000000025,notflip/0037,25,0,0.00033750783768482506,0
C17,training/notflip/0037_000000026,notflip/0037,26,0,0.00029448000714182854,0
C17,training/notflip/0037_000000027,notflip/0037,27,0,0.00028545124223455787,0
C17,testing/notflip/0037_000000028,notflip/0037,28,0,0.0002811060403473675,0
C17,training/notflip/0037_000000029,notflip/0037,29,0,0.0003389068879187107,0
C17,training/notflip/0037_000000030,notflip/0037,30,0,0.0003351107588969171,0
C17,training/notflip/0038_000000025,notflip/0038,25,0,0.00012034997052978724,0
C17,training/notflip/0038_000000026,notflip/0038,26,0,0.0001407007803209126,0
C17,training/notflip/0038_000000027,notflip/0038,27,0,0.00014415096666198224,0
C17,training/notflip/0038_000000028,notflip/0038,28,0,0.0001549813459860161,0
C17,training/notflip/0038_000000029,notflip/0038,29,0,0.00015257995983120054,0
C17,training/notflip/0038_000000030,notflip/0038,30,0,0.00014898345398250967,0
C17,training/notflip/0039_000000025,notflip/0039,25,0,0.00020971025514882058,0
C17,testing/notflip/0039_000000026,notflip/0039,26,0,0.0002619976585265249,0
C17,training/notflip/0039_000000027,notflip/0039,27,0,0.00022144615650177002,0
C17,training/notflip/0039_000000028,notflip/0039,28,0,0.0002219852030975744,0
C17,training/notflip/0039_000000029,notflip/0039,29,0,0.00021025523892603815,0
C17,training/notflip/0039_000000030,notflip/0039,30,0,0.00018834203365258873,0
C17,training/notflip/0040_000000025,notflip/0040,25,0,2.0338588910817634e-06,0
C17,training/notflip/0040_000000026,notflip/0040,26,0,2.0415834569575964e-06,0
C17,training/notflip/0040_000000027,notflip/0040,27,0,2.0044035409227945e-06,0
C17,training/notflip/0040_000000028,notflip/0040,28,0,2.0317786493251333e-06,0
C17,training/notflip/0040_000000029,notflip/0040,29,0,1.9877072645613225e-06,0
C17,training/notflip/0040_000000030,notflip/0040,30,0,1.804986595743685e-06,0
C18,training/flip/0034_000000025,flip/0034,25,1,0.02551286295056343,0
C18,training/flip/0034_000000026,flip/0034,26,1,0.02146751619875431,0
C18,training/flip/0034_000000027,flip/0034,27,1,0.01391852181404829,0
C18,training/flip/0035_000000019,flip/0035,19,1,0.029280491173267365,0
C18,training/flip/0035_000000020,flip/0035,20,1,0.02748728170990944,0
C18,training/flip/0035_000000021,flip/0035,21,1,0.017487406730651855,0
C18,training/flip/0035_000000022,flip/0035,22,1,0.010712869465351105,0
C18,training/flip/0036_000000023,flip/0036,23,1,0.20151855051517487,0
C18,testing/flip/0036_000000024,flip/0036,24,1,0.19278021156787872,0
C18,training/flip/0036_000000025,flip/0036,25,1,0.20364491641521454,0
C18,training/flip/0036_000000026,flip/0036,26,1,0.15603789687156677,0
C18,training/flip/0036_000000027,flip/0036,27,1,0.12049597501754761,0
C18,training/flip/0037_000000022,flip/0037,22,1,0.05916168540716171,0
C18,training/flip/0037_000000023,flip/0037,23,1,0.045830000191926956,0
C18,testing/flip/0037_000000024,flip/0037,24,1,0.034002721309661865,0
C18,training/flip/0037_000000025,flip/0037,25,1,0.026887889951467514,0
C18,training/flip/0037_000000026,flip/0037,26,1,0.033320024609565735,0
C18,training/flip/0037_000000027,flip/0037,27,1,0.03143244609236717,0
C18,training/flip/0038_000000040,flip/0038,40,1,0.2567344605922699,0
C18,training/flip/0038_000000041,flip/0038,41,1,0.2647140622138977,0
C18,training/flip/0038_000000042,flip/0038,42,1,0.24237629771232605,0
C18,testing/flip/0038_000000043,flip/0038,43,1,0.2521357536315918,0
C18,testing/flip/0038_000000044,flip/0038,44,1,0.2859629690647125,0
C18,training/flip/0038_000000045,flip/0038,45,1,0.2743055522441864,0
C18,training/flip/0038_000000046,flip/0038,46,1,0.2600671648979187,0
C18,testing/flip/0038_000000047,flip/0038,47,1,0.21916413307189941,0
C18,testing/flip/0038_000000048,flip/0038,48,1,0.14337299764156342,0
C18,training/flip/0038_000000049,flip/0038,49,1,0.10046051442623138,0
C18,training/flip/0039_000000024,flip/0039,24,1,0.031115442514419556,0
C18,training/flip/0039_000000025,flip/0039,25,1,0.026805002242326736,0
C18,training/flip/0039_000000026,flip/0039,26,1,0.020791031420230865,0
C18,training/flip/0039_000000027,flip/0039,27,1,0.015197532251477242,0
C18,training/flip/0039_000000028,flip/0039,28,1,0.013256791979074478,0
C18,training/flip/0040_000000026,flip/0040,26,1,0.6196357607841492,1
C18,training/flip/0040_000000027,flip/0040,27,1,0.5063925385475159,1
C18,testing/flip/0040_000000028,flip/0040,28,1,0.4212334454059601,0
C18,training/flip/0040_000000029,flip/0040,29,1,0.47363606095314026,0
C18,training/flip/0040_000000030,flip/0040,30,1,0.48055893182754517,0
C18,training/flip/0041_000000026,flip/0041,26,1,0.025648055598139763,0
C18,testing/flip/0041_000000027,flip/0041,27,1,0.01625993102788925,0
C18,training/flip/0041_000000028,flip/0041,28,1,0.015421663410961628,0
C18,training/flip/0041_000000029,flip/0041,29,1,0.015736142173409462,0
C18,training/flip/0042_000000025,flip/0042,25,1,0.5733984112739563,1
C18,training/flip/0042_000000026,flip/0042,26,1,0.4393242299556732,0
C18,testing/flip/0042_000000027,flip/0042,27,1,0.3107295036315918,0
C18,training/flip/0042_000000028,flip/0042,28,1,0.18293984234333038,0
C18,training/flip/0042_000000029,flip/0042,29,1,0.1469053030014038,0
C18,training/flip/0042_000000030,flip/0042,30,1,0.1039942055940628,0
C18,testing/flip/0043_000000023,flip/0043,23,1,0.12610077857971191,0
C18,training/flip/0043_000000024,flip/0043,24,1,0.08843246847391129,0
C18,testing/flip/0044_000000024,flip/0044,24,1,0.6472441554069519,1
C18,testing/flip/0044_000000025,flip/0044,25,1,0.45329439640045166,0
C18,training/flip/0044_000000026,flip/0044,26,1,0.3622938394546509,0
C18,training/flip/0044_000000027,flip/0044,27,1,0.3509126305580139,0
C18,training/flip/0044_000000028,flip/0044,28,1,0.3415285050868988,0
C18,training/flip/0044_000000029,flip/0044,29,1,0.2856781780719757,0
C18,training/flip/0045_000000026,flip/0045,26,1,0.2985159158706665,0
C18,testing/flip/0045_000000027,flip/0045,27,1,0.22693604230880737,0
C18,training/flip/0045_000000028,flip/0045,28,1,0.18561506271362305,0
C18,training/flip/0045_000000029,flip/0045,29,1,0.15996116399765015,0
C18,training/flip/0045_000000030,flip/0045,30,1,0.10910679399967194,0
C18,testing/flip/0046_000000023,flip/0046,23,1,0.12330078333616257,0
C18,training/flip/0046_000000024,flip/0046,24,1,0.07555029541254044,0
C18,testing/flip/0046_000000025,flip/0046,25,1,0.05901766195893288,0
C18,training/flip/0046_000000026,flip/0046,26,1,0.05244556814432144,0
C18,training/flip/0046_000000027,flip/0046,27,1,0.04885292798280716,0
C18,testing/flip/0047_000000026,flip/0047,26,1,0.5178878307342529,1
C18,training/flip/0047_000000027,flip/0047,27,1,0.5247645974159241,1
C18,training/flip/0047_000000028,flip/0047,28,1,0.5466206073760986,1
C18,training/flip/0047_000000029,flip/0047,29,1,0.5718886852264404,1
C18,training/flip/0047_000000030,flip/0047,30,1,0.4879951775074005,0
C18,training/flip/0048_000000026,flip/0048,26,1,0.03298485279083252,0
C18,training/flip/0048_000000027,flip/0048,27,1,0.023814212530851364,0
C18,training/flip/0048_000000028,flip/0048,28,1,0.01877446658909321,0
C18,training/flip/0048_000000029,flip/0048,29,1,0.007510406896471977,0
C18,training/flip/0048_000000030,flip/0048,30,1,0.004735241178423166,0
C18,training/notflip/0027_000000025,notflip/0027,25,0,0.01698506996035576,0
C18,training/notflip/0027_000000026,notflip/0027,26,0,0.017345121130347252,0
C18,training/notflip/0027_000000027,notflip/0027,27,0,0.019968554377555847,0
C18,training/notflip/0027_000000028,notflip/0027,28,0,0.019745968282222748,0
C18,training/notflip/0027_000000029,notflip/0027,29,0,0.019448043778538704,0
C18,training/notflip/0027_000000030,notflip/0027,30,0,0.019578512758016586,0
C18,training/notflip/0028_000000025,notflip/0028,25,0,0.001628019381314516,0
C18,training/notflip/0028_000000026,notflip/0028,26,0,0.001562766032293439,0
C18,training/notflip/0028_000000027,notflip/0028,27,0,0.001603897544555366,0
C18,training/notflip/0028_000000028,notflip/0028,28,0,0.0015508211217820644,0
C18,training/notflip/0028_000000029,notflip/0028,29,0,0.001594334957189858,0
C18,training/notflip/0028_000000030,notflip/0028,30,0,0.001654131105169654,0
C18,testing/notflip/0029_000000025,notflip/0029,25,0,0.013729982078075409,0
C18,training/notflip/0029_000000026,notflip/0029,26,0,0.013987130485475063,0
C18,training/notflip/0029_000000027,notflip/0029,27,0,0.014215487986803055,0
C18,training/notflip/0029_000000028,notflip/0029,28,0,0.01454729214310646,0
C18,training/notflip/0029_000000029,notflip/0029,29,0,0.013807767070829868,0
C18,training/notflip/0029_000000030,notflip/0029,30,0,0.013779330998659134,0
C18,training/notflip/0030_000000025,notflip/0030,25,0,0.02100147306919098,0
C18,training/notflip/0030_000000026,notflip/0030,26,0,0.022035324946045876,0
C18,training/notflip/0030_000000027,notflip/0030,27,0,0.023039326071739197,0
C18,testing/notflip/0030_000000028,notflip/0030,28,0,0.02400115504860878,0
C18,training/notflip/0030_000000029,notflip/0030,29,0,0.02692631259560585,0
C18,training/notflip/0030_000000030,notflip/0030,30,0,0.02676333114504814,0
C18,training/notflip/0031_000000025,notflip/0031,25,0,0.04685729742050171,0
C18,training/notflip/0031_000000026,notflip/0031,26,0,0.04446220397949219,0
C18,training/notflip/0031_000000027,notflip/0031,27,0,0.04232523962855339,0
C18,training/notflip/0031_000000028,notflip/0031,28,0,0.04129945859313011,0
C18,training/notflip/0031_000000029,notflip/0031,29,0,0.036441389471292496,0
C18,training/notflip/0031_000000030,notflip/0031,30,0,0.03589252382516861,0
C18,training/notflip/0032_000000025,notflip/0032,25,0,0.005305560305714607,0
C18,training/notflip/0032_000000026,notflip/0032,26,0,0.005207825917750597,0
C18,training/notflip/0032_000000027,notflip/0032,27,0,0.005386753939092159,0
C18,training/notflip/0032_000000028,notflip/0032,28,0,0.005442350637167692,0
C18,testing/notflip/0032_000000029,notflip/0032,29,0,0.0052948277443647385,0
C18,training/notflip/0032_000000030,notflip/0032,30,0,0.005505346227437258,0
C18,testing/notflip/0033_000000025,notflip/0033,25,0,0.03373582288622856,0
C18,training/notflip/0033_000000026,notflip/0033,26,0,0.03779935836791992,0
C18,testing/notflip/0033_000000027,notflip/0033,27,0,0.042012762278318405,0
C18,training/notflip/0033_000000028,notflip/0033,28,0,0.045377299189567566,0
C18,training/notflip/0033_000000029,notflip/0033,29,0,0.05049659684300423,0
C18,training/notflip/0033_000000030,notflip/0033,30,0,0.06048409640789032,0
C18,testing/notflip/0034_000000025,notflip/0034,25,0,0.026534410193562508,0
C18,training/notflip/0034_000000026,notflip/0034,26,0,0.028265981003642082,0
C18,training/notflip/0034_000000027,notflip/0034,27,0,0.030163437128067017,0
C18,training/notflip/0034_000000028,notflip/0034,28,0,0.031341444700956345,0
C18,training/notflip/0034_000000029,notflip/0034,29,0,0.03478154540061951,0
C18,testing/notflip/0034_000000030,notflip/0034,30,0,0.0368315652012825,0
C18,testing/notflip/0035_000000026,notflip/0035,26,0,0.040794823318719864,0
C18,training/notflip/0035_000000027,notflip/0035,27,0,0.04198747128248215,0
C18,training/notflip/0035_000000028,notflip/0035,28,0,0.05007164552807808,0
C18,training/notflip/0035_000000029,notflip/0035,29,0,0.05289999768137932,0
C18,training/notflip/0035_000000030,notflip/0035,30,0,0.05607837066054344,0
C18,training/notflip/0035_000000031,notflip/0035,31,0,0.05995713919401169,0
C18,training/notflip/0035_000000032,notflip/0035,32,0,0.07047702372074127,0
C18,testing/notflip/0036_000000025,notflip/0036,25,0,0.07622909545898438,0
C18,training/notflip/0036_000000026,notflip/0036,26,0,0.07733340561389923,0
C18,training/notflip/0036_000000027,notflip/0036,27,0,0.07911503314971924,0
C18,testing/notflip/0036_000000028,notflip/0036,28,0,0.07916182279586792,0
C18,training/notflip/0036_000000029,notflip/0036,29,0,0.0813911035656929,0
C18,testing/notflip/0036_000000030,notflip/0036,30,0,0.08043287694454193,0
C18,testing/notflip/0037_000000025,notflip/0037,25,0,0.020522573962807655,0
C18,training/notflip/0037_000000026,notflip/0037,26,0,0.020336389541625977,0
C18,training/notflip/0037_000000027,notflip/0037,27,0,0.021542303264141083,0
C18,testing/notflip/0037_000000028,notflip/0037,28,0,0.021233469247817993,0
C18,training/notflip/0037_000000029,notflip/0037,29,0,0.026369597762823105,0
C18,training/notflip/0037_000000030,notflip/0037,30,0,0.026028746739029884,0
C18,training/notflip/0038_000000025,notflip/0038,25,0,0.013615141622722149,0
C18,training/notflip/0038_000000026,notflip/0038,26,0,0.013726023957133293,0
C18,training/notflip/0038_000000027,notflip/0038,27,0,0.014007841236889362,0
C18,training/notflip/0038_000000028,notflip/0038,28,0,0.014513431116938591,0
C18,training/notflip/0038_000000029,notflip/0038,29,0,0.01482769101858139,0
C18,training/notflip/0038_000000030,notflip/0038,30,0,0.014906728640198708,0
C18,training/notflip/0039_000000025,notflip/0039,25,0,0.09086105972528458,0
C18,testing/notflip/0039_000000026,notflip/0039,26,0,0.09428759664297104,0
C18,training/notflip/0039_000000027,notflip/0039,27,0,0.09576693922281265,0
C18,training/notflip/0039_000000028,notflip/0039,28,0,0.09781727194786072,0
C18,training/notflip/0039_000000029,notflip/0039,29,0,0.09770435839891434,0
C18,training/notflip/0039_000000030,notflip/0039,30,0,0.1038258746266365,0
C18,training/notflip/0040_000000025,notflip/0040,25,0,0.0015822253189980984,0
C18,training/notflip/0040_000000026,notflip/0040,26,0,0.0015461279544979334,0
C18,training/notflip/0040_000000027,notflip/0040,27,0,0.0015013259835541248,0
C18,training/notflip/0040_000000028,notflip/0040,28,0,0.0015676835319027305,0
C18,training/notflip/0040_000000029,notflip/0040,29,0,0.001607701531611383,0
C18,training/notflip/0040_000000030,notflip/0040,30,0,0.0014907660661265254,0
C19,training/flip/0034_000000025,flip/0034,25,1,0.016071023419499397,0
C19,training/flip/0034_000000026,flip/0034,26,1,0.01368151605129242,0
C19,training/flip/0034_000000027,flip/0034,27,1,0.010401858016848564,0
C19,training/flip/0035_000000019,flip/0035,19,1,0.005335005931556225,0
C19,training/flip/0035_000000020,flip/0035,20,1,0.005086869467049837,0
C19,training/flip/0035_000000021,flip/0035,21,1,0.004468299448490143,0
C19,training/flip/0035_000000022,flip/0035,22,1,0.003546088933944702,0
C19,training/flip/0036_000000023,flip/0036,23,1,0.057479873299598694,0
C19,testing/flip/0036_000000024,flip/0036,24,1,0.0696408823132515,0
C19,training/flip/0036_000000025,flip/0036,25,1,0.08223823457956314,0
C19,training/flip/0036_000000026,flip/0036,26,1,0.07991527020931244,0
C19,training/flip/0036_000000027,flip/0036,27,1,0.08539769053459167,0
C19,training/flip/0037_000000022,flip/0037,22,1,0.023688554763793945,0
C19,training/flip/0037_000000023,flip/0037,23,1,0.022812992334365845,0
C19,testing/flip/0037_000000024,flip/0037,24,1,0.021488476544618607,0
C19,training/flip/0037_000000025,flip/0037,25,1,0.02012980356812477,0
C19,training/flip/0037_000000026,flip/0037,26,1,0.023038804531097412,0
C19,training/flip/0037_000000027,flip/0037,27,1,0.02585572376847267,0
C19,training/flip/0038_000000040,flip/0038,40,1,0.22067226469516754,0
C19,training/flip/0038_000000041,flip/0038,41,1,0.23221474885940552,0
C19,training/flip/0038_000000042,flip/0038,42,1,0.22740651667118073,0
C19,testing/flip/0038_000000043,flip/0038,43,1,0.23583151400089264,0
C19,testing/flip/0038_000000044,flip/0038,44,1,0.2359888255596161,0
C19,training/flip/0038_000000045,flip/0038,45,1,0.21709135174751282,0
C19,training/flip/0038_000000046,flip/0038,46,1,0.2116381675004959,0
C19,testing/flip/0038_000000047,flip/0038,47,1,0.1896977722644806,0
C19,testing/flip/0038_000000048,flip/0038,48,1,0.1727600395679474,0
C19,training/flip/0038_000000049,flip/0038,49,1,0.15015602111816406,0
C19,training/flip/0039_000000024,flip/0039,24,1,0.015123063698410988,0
C19,training/flip/0039_000000025,flip/0039,25,1,0.014554019086062908,0
C19,training/flip/0039_000000026,flip/0039,26,1,0.013147043064236641,0
C19,training/flip/0039_000000027,flip/0039,27,1,0.013869176618754864,0
C19,training/flip/0039_000000028,flip/0039,28,1,0.013754145242273808,0
C19,training/flip/0040_000000026,flip/0040,26,1,0.710308849811554,1
C19,training/flip/0040_000000027,flip/0040,27,1,0.750747561454773,1
C19,testing/flip/0040_000000028,flip/0040,28,1,0.7678737640380859,1
C19,training/flip/0040_000000029,flip/0040,29,1,0.7850757837295532,1
C19,training/flip/0040_000000030,flip/0040,30,1,0.8320520520210266,1
C19,training/flip/0041_000000026,flip/0041,26,1,0.027822140604257584,0
C19,testing/flip/0041_000000027,flip/0041,27,1,0.019039755687117577,0
C19,training/flip/0041_000000028,flip/0041,28,1,0.016986161470413208,0
C19,training/flip/0041_000000029,flip/0041,29,1,0.016699636355042458,0
C19,training/flip/0042_000000025,flip/0042,25,1,0.252372145652771,0
C19,training/flip/0042_000000026,flip/0042,26,1,0.22225670516490936,0
C19,testing/flip/0042_000000027,flip/0042,27,1,0.21192783117294312,0
C19,training/flip/0042_000000028,flip/0042,28,1,0.1934661716222763,0
C19,training/flip/0042_000000029,flip/0042,29,1,0.20631557703018188,0
C19,training/flip/0042_000000030,flip/0042,30,1,0.20711909234523773,0
C19,testing/flip/0043_000000023,flip/0043,23,1,0.10155176371335983,0
C19,training/flip/0043_000000024,flip/0043,24,1,0.09614177793264389,0
C19,testing/flip/0044_000000024,flip/0044,24,1,0.7309403419494629,1
C19,testing/flip/0044_000000025,flip/0044,25,1,0.6427356004714966,1
C19,training/flip/0044_000000026,flip/0044,26,1,0.6282058358192444,1
C19,training/flip/0044_000000027,flip/0044,27,1,0.6151173710823059,1
C19,training/flip/0044_000000028,flip/0044,28,1,0.5887354016304016,1
C19,training/flip/0044_000000029,flip/0044,29,1,0.5590181350708008,1
C19,training/flip/0045_000000026,flip/0045,26,1,0.16631147265434265,0
C19,testing/flip/0045_000000027,flip/0045,27,1,0.13729052245616913,0
C19,training/flip/0045_000000028,flip/0045,28,1,0.11071103811264038,0
C19,training/flip/0045_000000029,flip/0045,29,1,0.1036984920501709,0
C19,training/flip/0045_000000030,flip/0045,30,1,0.08928951621055603,0
C19,testing/flip/0046_000000023,flip/0046,23,1,0.26649242639541626,0
C19,training/flip/0046_000000024,flip/0046,24,1,0.23752817511558533,0
C19,testing/flip/0046_000000025,flip/0046,25,1,0.22714203596115112,0
C19,training/flip/0046_000000026,flip/0046,26,1,0.20938824117183685,0
C19,training/flip/0046_000000027,flip/0046,27,1,0.20745864510536194,0
C19,testing/flip/0047_000000026,flip/0047,26,1,0.9757398366928101,1
C19,training/flip/0047_000000027,flip/0047,27,1,0.9780640602111816,1
C19,training/flip/0047_000000028,flip/0047,28,1,0.975867509841919,1
C19,training/flip/0047_000000029,flip/0047,29,1,0.978581964969635,1
C19,training/flip/0047_000000030,flip/0047,30,1,0.9846216440200806,1
C19,training/flip/0048_000000026,flip/0048,26,1,0.1368597149848938,0
C19,training/flip/0048_000000027,flip/0048,27,1,0.0312538780272007,0
C19,training/flip/0048_000000028,flip/0048,28,1,0.007941141724586487,0
C19,training/flip/0048_000000029,flip/0048,29,1,0.0037623150274157524,0
C19,training/flip/0048_000000030,flip/0048,30,1,0.0030593913979828358,0
C19,training/notflip/0027_000000025,notflip/0027,25,0,0.025397541001439095,0
C19,training/notflip/0027_000000026,notflip/0027,26,0,0.025510836392641068,0
C19,training/notflip/0027_000000027,notflip/0027,27,0,0.027539579197764397,0
C19,training/notflip/0027_000000028,notflip/0027,28,0,0.028598617762327194,0
C19,training/notflip/0027_000000029,notflip/0027,29,0,0.02966960333287716,0
C19,training/notflip/0027_000000030,notflip/0027,30,0,0.030657105147838593,0
C19,training/notflip/0028_000000025,notflip/0028,25,0,0.0018121730536222458,0
C19,training/notflip/0028_000000026,notflip/0028,26,0,0.0018182583153247833,0
C19,training/notflip/0028_000000027,notflip/0028,27,0,0.0018584958743304014,0
C19,training/notflip/0028_000000028,notflip/0028,28,0,0.0018239833880215883,0
C19,training/notflip/0028_000000029,notflip/0028,29,0,0.0018694165628403425,0
C19,training/notflip/0028_000000030,notflip/0028,30,0,0.0018992687109857798,0
C19,testing/notflip/0029_000000025,notflip/0029,25,0,0.040035001933574677,0
C19,training/notflip/0029_000000026,notflip/0029,26,0,0.038830552250146866,0
C19,training/notflip/0029_000000027,notflip/0029,27,0,0.038918521255254745,0
C19,training/notflip/0029_000000028,notflip/0029,28,0,0.039700258523225784,0
C19,training/notflip/0029_000000029,notflip/0029,29,0,0.04005005210638046,0
C19,training/notflip/0029_000000030,notflip/0029,30,0,0.04019840806722641,0
C19,training/notflip/0030_000000025,notflip/0030,25,0,0.011497429572045803,0
C19,training/notflip/0030_000000026,notflip/0030,26,0,0.011293312534689903,0
C19,training/notflip/0030_000000027,notflip/0030,27,0,0.011643574573099613,0
C19,testing/notflip/0030_000000028,notflip/0030,28,0,0.011669817380607128,0
C19,training/notflip/0030_000000029,notflip/0030,29,0,0.014725521206855774,0
C19,training/notflip/0030_000000030,notflip/0030,30,0,0.014465292915701866,0
C19,training/notflip/0031_000000025,notflip/0031,25,0,0.04444349184632301,0
C19,training/notflip/0031_000000026,notflip/0031,26,0,0.04250094294548035,0
C19,training/notflip/0031_000000027,notflip/0031,27,0,0.04247651621699333,0
C19,training/notflip/0031_000000028,notflip/0031,28,0,0.041018981486558914,0
C19,training/notflip/0031_000000029,notflip/0031,29,0,0.041119690984487534,0
C19,training/notflip/0031_000000030,notflip/0031,30,0,0.038508638739585876,0
C19,training/notflip/0032_000000025,notflip/0032,25,0,0.011287903413176537,0
C19,training/notflip/0032_000000026,notflip/0032,26,0,0.010943829081952572,0
C19,training/notflip/0032_000000027,notflip/0032,27,0,0.011289558373391628,0
C19,training/notflip/0032_000000028,notflip/0032,28,0,0.0110517842695117,0
C19,testing/notflip/0032_000000029,notflip/0032,29,0,0.011118735186755657,0
C19,training/notflip/0032_000000030,notflip/0032,30,0,0.011736362241208553,0
C19,testing/notflip/0033_000000025,notflip/0033,25,0,0.04613238200545311,0
C19,training/notflip/0033_000000026,notflip/0033,26,0,0.051562923938035965,0
C19,testing/notflip/0033_000000027,notflip/0033,27,0,0.05423237383365631,0
C19,training/notflip/0033_000000028,notflip/0033,28,0,0.05445489287376404,0
C19,training/notflip/0033_000000029,notflip/0033,29,0,0.06061245873570442,0
C19,training/notflip/0033_000000030,notflip/0033,30,0,0.07500869035720825,0
C19,testing/notflip/0034_000000025,notflip/0034,25,0,0.05182584747672081,0
C19,training/notflip/0034_000000026,notflip/0034,26,0,0.053604528307914734,0
C19,training/notflip/0034_000000027,notflip/0034,27,0,0.05843830853700638,0
C19,training/notflip/0034_000000028,notflip/0034,28,0,0.06418535113334656,0
C19,training/notflip/0034_000000029,notflip/0034,29,0,0.0669124647974968,0
C19,testing/notflip/0034_000000030,notflip/0034,30,0,0.07197649776935577,0
C19,testing/notflip/0035_000000026,notflip/0035,26,0,0.11907403916120529,0
C19,training/notflip/0035_000000027,notflip/0035,27,0,0.12475820630788803,0
C19,training/notflip/0035_000000028,notflip/0035,28,0,0.14263945817947388,0
C19,training/notflip/0035_000000029,notflip/0035,29,0,0.15231329202651978,0
C19,training/notflip/0035_000000030,notflip/0035,30,0,0.15376533567905426,0
C19,training/notflip/0035_000000031,notflip/0035,31,0,0.1636548489332199,0
C19,training/notflip/0035_000000032,notflip/0035,32,0,0.21514861285686493,0
C19,testing/notflip/0036_000000025,notflip/0036,25,0,0.23758964240550995,0
C19,training/notflip/0036_000000026,notflip/0036,26,0,0.23525600135326385,0
C19,training/notflip/0036_000000027,notflip/0036,27,0,0.2348627746105194,0
C19,testing/notflip/0036_000000028,notflip/0036,28,0,0.23660236597061157,0
C19,training/notflip/0036_000000029,notflip/0036,29,0,0.23792017996311188,0
C19,testing/notflip/0036_000000030,notflip/0036,30,0,0.23551107943058014,0
C19,testing/notflip/0037_000000025,notflip/0037,25,0,0.08828602731227875,0
C19,training/notflip/0037_000000026,notflip/0037,26,0,0.08416051417589188,0
C19,training/notflip/0037_000000027,notflip/0037,27,0,0.08063908666372299,0
C19,testing/notflip/0037_000000028,notflip/0037,28,0,0.07905972748994827,0
C19,training/notflip/0037_000000029,notflip/0037,29,0,0.08728741854429245,0
C19,training/notflip/0037_000000030,notflip/0037,30,0,0.08468057960271835,0
C19,training/notflip/0038_000000025,notflip/0038,25,0,0.04818269610404968,0
C19,training/notflip/0038_000000026,notflip/0038,26,0,0.048759765923023224,0
C19,training/notflip/0038_000000027,notflip/0038,27,0,0.05300062894821167,0
C19,training/notflip/0038_000000028,notflip/0038,28,0,0.053384099155664444,0
C19,training/notflip/0038_000000029,notflip/0038,29,0,0.05289047583937645,0
C19,training/notflip/0038_000000030,notflip/0038,30,0,0.05383450910449028,0
C19,training/notflip/0039_000000025,notflip/0039,25,0,0.9454215168952942,1
C19,testing/notflip/0039_000000026,notflip/0039,26,0,0.9457228183746338,1
C19,training/notflip/0039_000000027,notflip/0039,27,0,0.9405258297920227,1
C19,training/notflip/0039_000000028,notflip/0039,28,0,0.9398056268692017,1
C19,training/notflip/0039_000000029,notflip/0039,29,0,0.9397540092468262,1
C19,training/notflip/0039_000000030,notflip/0039,30,0,0.9436882138252258,1
C19,training/notflip/0040_000000025,notflip/0040,25,0,0.0015692254528403282,0
C19,training/notflip/0040_000000026,notflip/0040,26,0,0.0015868169721215963,0
C19,training/notflip/0040_000000027,notflip/0040,27,0,0.0015538653824478388,0
C19,training/notflip/0040_000000028,notflip/0040,28,0,0.0015417272225022316,0
C19,training/notflip/0040_000000029,notflip/0040,29,0,0.0015651776921004057,0
C19,training/notflip/0040_000000030,notflip/0040,30,0,0.0015803432324901223,0
C20,training/flip/0034_000000025,flip/0034,25,1,0.9263245463371277,1
C20,training/flip/0034_000000026,flip/0034,26,1,0.92153400182724,1
C20,training/flip/0034_000000027,flip/0034,27,1,0.8909074068069458,1
C20,training/flip/0035_000000019,flip/0035,19,1,0.9982117414474487,1
C20,training/flip/0035_000000020,flip/0035,20,1,0.9984050393104553,1
C20,training/flip/0035_000000021,flip/0035,21,1,0.9981862902641296,1
C20,training/flip/0035_000000022,flip/0035,22,1,0.9962041974067688,1
C20,training/flip/0036_000000023,flip/0036,23,1,0.9999487400054932,1
C20,testing/flip/0036_000000024,flip/0036,24,1,0.9999407529830933,1
C20,training/flip/0036_000000025,flip/0036,25,1,0.9999537467956543,1
C20,training/flip/0036_000000026,flip/0036,26,1,0.99994957447052,1
C20,training/flip/0036_000000027,flip/0036,27,1,0.9999258518218994,1
C20,training/flip/0037_000000022,flip/0037,22,1,0.9988941550254822,1
C20,training/flip/0037_000000023,flip/0037,23,1,0.9981808662414551,1
C20,testing/flip/0037_000000024,flip/0037,24,1,0.9975470900535583,1
C20,training/flip/0037_000000025,flip/0037,25,1,0.9963913559913635,1
C20,training/flip/0037_000000026,flip/0037,26,1,0.997718095779419,1
C20,training/flip/0037_000000027,flip/0037,27,1,0.9973554611206055,1
C20,training/flip/0038_000000040,flip/0038,40,1,0.9998431205749512,1
C20,training/flip/0038_000000041,flip/0038,41,1,0.9998456239700317,1
C20,training/flip/0038_000000042,flip/0038,42,1,0.9997981190681458,1
C20,testing/flip/0038_000000043,flip/0038,43,1,0.9998260140419006,1
C20,testing/flip/0038_000000044,flip/0038,44,1,0.9998431205749512,1
C20,training/flip/0038_000000045,flip/0038,45,1,0.9997773766517639,1
C20,training/flip/0038_000000046,flip/0038,46,1,0.9997809529304504,1
C20,testing/flip/0038_000000047,flip/0038,47,1,0.9996771812438965,1
C20,testing/flip/0038_000000048,flip/0038,48,1,0.999256432056427,1
C20,training/flip/0038_000000049,flip/0038,49,1,0.9985268115997314,1
C20,training/flip/0039_000000024,flip/0039,24,1,0.998180627822876,1
C20,training/flip/0039_000000025,flip/0039,25,1,0.997399091720581,1
C20,training/flip/0039_000000026,flip/0039,26,1,0.9961808919906616,1
C20,training/flip/0039_000000027,flip/0039,27,1,0.993650496006012,1
C20,training/flip/0039_000000028,flip/0039,28,1,0.9937600493431091,1
C20,training/flip/0040_000000026,flip/0040,26,1,0.9999929666519165,1
C20,training/flip/0040_000000027,flip/0040,27,1,0.9999879598617554,1
C20,testing/flip/0040_000000028,flip/0040,28,1,0.9999785423278809,1
C20,training/flip/0040_000000029,flip/0040,29,1,0.9999836683273315,1
C20,training/flip/0040_000000030,flip/0040,30,1,0.9999858140945435,1
C20,training/flip/0041_000000026,flip/0041,26,1,0.9655089378356934,1
C20,testing/flip/0041_000000027,flip/0041,27,1,0.940951943397522,1
C20,training/flip/0041_000000028,flip/0041,28,1,0.929477334022522,1
C20,training/flip/0041_000000029,flip/0041,29,1,0.9099229574203491,1
C20,training/flip/0042_000000025,flip/0042,25,1,0.9999493360519409,1
C20,training/flip/0042_000000026,flip/0042,26,1,0.9999157190322876,1
C20,testing/flip/0042_000000027,flip/0042,27,1,0.9998632669448853,1
C20,training/flip/0042_000000028,flip/0042,28,1,0.9997110962867737,1
C20,training/flip/0042_000000029,flip/0042,29,1,0.9995750784873962,1
C20,training/flip/0042_000000030,flip/0042,30,1,0.9991655349731445,1
C20,testing/flip/0043_000000023,flip/0043,23,1,0.999659538269043,1
C20,training/flip/0043_000000024,flip/0043,24,1,0.9987019300460815,1
C20,testing/flip/0044_000000024,flip/0044,24,1,0.9999727010726929,1
C20,testing/flip/0044_000000025,flip/0044,25,1,0.9999364614486694,1
C20,training/flip/0044_000000026,flip/0044,26,1,0.9998914003372192,1
C20,training/flip/0044_000000027,flip/0044,27,1,0.9998724460601807,1
C20,training/flip/0044_000000028,flip/0044,28,1,0.999869704246521,1
C20,training/flip/0044_000000029,flip/0044,29,1,0.999784529209137,1
C20,training/flip/0045_000000026,flip/0045,26,1,0.9999443292617798,1
C20,testing/flip/0045_000000027,flip/0045,27,1,0.9999185800552368,1
C20,training/flip/0045_000000028,flip/0045,28,1,0.9998822212219238,1
C20,training/flip/0045_000000029,flip/0045,29,1,0.9998440742492676,1
C20,training/flip/0045_000000030,flip/0045,30,1,0.9996919631958008,1
C20,testing/flip/0046_000000023,flip/0046,23,1,0.9996442794799805,1
C20,training/flip/0046_000000024,flip/0046,24,1,0.9992296695709229,1
C20,testing/flip/0046_000000025,flip/0046,25,1,0.9990027546882629,1
C20,training/flip/0046_000000026,flip/0046,26,1,0.9986314177513123,1
C20,training/flip/0046_000000027,flip/0046,27,1,0.9985923171043396,1
C20,testing/flip/0047_000000026,flip/0047,26,1,0.9999954700469971,1
C20,training/flip/0047_000000027,flip/0047,27,1,0.9999954700469971,1
C20,training/flip/0047_000000028,flip/0047,28,1,0.9999963045120239,1
C20,training/flip/0047_000000029,flip/0047,29,1,0.999996542930603,1
C20,training/flip/0047_000000030,flip/0047,30,1,0.9999951124191284,1
C20,training/flip/0048_000000026,flip/0048,26,1,0.9979593753814697,1
C20,training/flip/0048_000000027,flip/0048,27,1,0.993833065032959,1
C20,training/flip/0048_000000028,flip/0048,28,1,0.9871117472648621,1
C20,training/flip/0048_000000029,flip/0048,29,1,0.9623397588729858,1
C20,training/flip/0048_000000030,flip/0048,30,1,0.942973256111145,1
C20,training/notflip/0027_000000025,notflip/0027,25,0,0.8494256138801575,1
C20,training/notflip/0027_000000026,notflip/0027,26,0,0.8486672639846802,1
C20,training/notflip/0027_000000027,notflip/0027,27,0,0.861437201499939,1
C20,training/notflip/0027_000000028,notflip/0027,28,0,0.865563690662384,1
C20,training/notflip/0027_000000029,notflip/0027,29,0,0.8669298887252808,1
C20,training/notflip/0027_000000030,notflip/0027,30,0,0.8706579208374023,1
C20,training/notflip/0028_000000025,notflip/0028,25,0,0.9476771950721741,1
C20,training/notflip/0028_000000026,notflip/0028,26,0,0.9473624229431152,1
C20,training/notflip/0028_000000027,notflip/0028,27,0,0.953681230545044,1
C20,training/notflip/0028_000000028,notflip/0028,28,0,0.956393301486969,1
C20,training/notflip/0028_000000029,notflip/0028,29,0,0.955266535282135,1
C20,training/notflip/0028_000000030,notflip/0028,30,0,0.9535485506057739,1
C20,testing/notflip/0029_000000025,notflip/0029,25,0,0.9906789660453796,1
C20,training/notflip/0029_000000026,notflip/0029,26,0,0.9920575022697449,1
C20,training/notflip/0029_000000027,notflip/0029,27,0,0.9917677640914917,1
C20,training/notflip/0029_000000028,notflip/0029,28,0,0.9919038414955139,1
C20,training/notflip/0029_000000029,notflip/0029,29,0,0.9921308159828186,1
C20,training/notflip/0029_000000030,notflip/0029,30,0,0.9928313493728638,1
C20,training/notflip/0030_000000025,notflip/0030,25,0,0.996446430683136,1
C20,training/notflip/0030_000000026,notflip/0030,26,0,0.9964724779129028,1
C20,training/notflip/0030_000000027,notflip/0030,27,0,0.9963951706886292,1
C20,testing/notflip/0030_000000028,notflip/0030,28,0,0.9966429471969604,1
C20,training/notflip/0030_000000029,notflip/0030,29,0,0.9971956014633179,1
C20,training/notflip/0030_000000030,notflip/0030,30,0,0.9971387386322021,1
C20,training/notflip/0031_000000025,notflip/0031,25,0,0.9944447875022888,1
C20,training/notflip/0031_000000026,notflip/0031,26,0,0.9944731593132019,1
C20,training/notflip/0031_000000027,notflip/0031,27,0,0.9938631057739258,1
C20,training/notflip/0031_000000028,notflip/0031,28,0,0.9938322305679321,1
C20,training/notflip/0031_000000029,notflip/0031,29,0,0.9942619800567627,1
C20,training/notflip/0031_000000030,notflip/0031,30,0,0.9950423240661621,1
C20,training/notflip/0032_000000025,notflip/0032,25,0,0.9818980097770691,1
C20,training/notflip/0032_000000026,notflip/0032,26,0,0.9788479804992676,1
C20,training/notflip/0032_000000027,notflip/0032,27,0,0.9819959402084351,1
C20,training/notflip/0032_000000028,notflip/0032,28,0,0.9820606708526611,1
C20,testing/notflip/0032_000000029,notflip/0032,29,0,0.9817694425582886,1
C20,training/notflip/0032_000000030,notflip/0032,30,0,0.9830567240715027,1
C20,testing/notflip/0033_000000025,notflip/0033,25,0,0.9798633456230164,1
C20,training/notflip/0033_000000026,notflip/0033,26,0,0.9822324514389038,1
C20,testing/notflip/0033_000000027,notflip/0033,27,0,0.9846138954162598,1
C20,training/notflip/0033_000000028,notflip/0033,28,0,0.986200213432312,1
C20,training/notflip/0033_000000029,notflip/0033,29,0,0.9883074164390564,1
C20,training/notflip/0033_000000030,notflip/0033,30,0,0.9912964105606079,1
C20,testing/notflip/0034_000000025,notflip/0034,25,0,0.9712665677070618,1
C20,training/notflip/0034_000000026,notflip/0034,26,0,0.973065197467804,1
C20,training/notflip/0034_000000027,notflip/0034,27,0,0.9764885902404785,1
C20,training/notflip/0034_000000028,notflip/0034,28,0,0.9779396653175354,1
C20,training/notflip/0034_000000029,notflip/0034,29,0,0.9802649021148682,1
C20,testing/notflip/0034_000000030,notflip/0034,30,0,0.9827473163604736,1
C20,testing/notflip/0035_000000026,notflip/0035,26,0,0.9941157102584839,1
C20,training/notflip/0035_000000027,notflip/0035,27,0,0.9943968057632446,1
C20,training/notflip/0035_000000028,notflip/0035,28,0,0.9959437251091003,1
C20,training/notflip/0035_000000029,notflip/0035,29,0,0.9965163469314575,1
C20,training/notflip/0035_000000030,notflip/0035,30,0,0.9967156648635864,1
C20,training/notflip/0035_000000031,notflip/0035,31,0,0.9970190525054932,1
C20,training/notflip/0035_000000032,notflip/0035,32,0,0.9979485869407654,1
C20,testing/notflip/0036_000000025,notflip/0036,25,0,0.9979974627494812,1
C20,training/notflip/0036_000000026,notflip/0036,26,0,0.9983105659484863,1
C20,training/notflip/0036_000000027,notflip/0036,27,0,0.9984374642372131,1
C20,testing/notflip/0036_000000028,notflip/0036,28,0,0.9985238909721375,1
C20,training/notflip/0036_000000029,notflip/0036,29,0,0.9986134767532349,1
C20,testing/notflip/0036_000000030,notflip/0036,30,0,0.9986685514450073,1
C20,testing/notflip/0037_000000025,notflip/0037,25,0,0.9936131834983826,1
C20,training/notflip/0037_000000026,notflip/0037,26,0,0.994988739490509,1
C20,training/notflip/0037_000000027,notflip/0037,27,0,0.9966078996658325,1
C20,testing/notflip/0037_000000028,notflip/0037,28,0,0.9969448447227478,1
C20,training/notflip/0037_000000029,notflip/0037,29,0,0.9978700876235962,1
C20,training/notflip/0037_000000030,notflip/0037,30,0,0.9982944130897522,1
C20,training/notflip/0038_000000025,notflip/0038,25,0,0.9868565201759338,1
C20,training/notflip/0038_000000026,notflip/0038,26,0,0.9887020587921143,1
C20,training/notflip/0038_000000027,notflip/0038,27,0,0.990522027015686,1
C20,training/notflip/0038_000000028,notflip/0038,28,0,0.9914239048957825,1
C20,training/notflip/0038_000000029,notflip/0038,29,0,0.9918406009674072,1
C20,training/notflip/0038_000000030,notflip/0038,30,0,0.9921444654464722,1
C20,training/notflip/0039_000000025,notflip/0039,25,0,0.9998866319656372,1
C20,testing/notflip/0039_000000026,notflip/0039,26,0,0.9999032020568848,1
C20,training/notflip/0039_000000027,notflip/0039,27,0,0.9999082088470459,1
C20,training/notflip/0039_000000028,notflip/0039,28,0,0.9999125003814697,1
C20,training/notflip/0039_000000029,notflip/0039,29,0,0.9999064207077026,1
C20,training/notflip/0039_000000030,notflip/0039,30,0,0.9998964071273804,1
C20,training/notflip/0040_000000025,notflip/0040,25,0,0.7736955881118774,1
C20,training/notflip/0040_000000026,notflip/0040,26,0,0.7789893746376038,1
C20,training/notflip/0040_000000027,notflip/0040,27,0,0.7779930233955383,1
C20,training/notflip/0040_000000028,notflip/0040,28,0,0.7648985981941223,1
C20,training/notflip/0040_000000029,notflip/0040,29,0,0.7531574964523315,1
C20,training/notflip/0040_000000030,notflip/0040,30,0,0.7618122100830078,1
