population,sample_id,video_id,frame_number,environment_id,y_true,prob_flip,y_pred
context_unseen_early,testing/flip/0034_000000015,flip/0034,15,ENV-03,1,0.15963830053806305,0
context_unseen_early,testing/flip/0034_000000016,flip/0034,16,ENV-03,1,0.09091570973396301,0
context_unseen_early,training/flip/0034_000000017,flip/0034,17,ENV-03,1,0.033666595816612244,0
context_unseen_early,training/flip/0034_000000018,flip/0034,18,ENV-03,1,0.03327072039246559,0
context_unseen_early,testing/flip/0034_000000019,flip/0034,19,ENV-03,1,0.021764956414699554,0
context_unseen_early,testing/flip/0034_000000020,flip/0034,20,ENV-03,1,0.015939081087708473,0
context_unseen_early,training/flip/0034_000000021,flip/0034,21,ENV-03,1,0.026452017948031425,0
context_unseen_early,testing/flip/0034_000000022,flip/0034,22,ENV-03,1,0.018740352243185043,0
context_unseen_early,training/flip/0034_000000023,flip/0034,23,ENV-03,1,0.01815694011747837,0
context_unseen_early,training/flip/0034_000000024,flip/0034,24,ENV-03,1,0.00997838657349348,0
context_unseen_early,testing/flip/0035_000000007,flip/0035,7,ENV-03,1,0.003609178587794304,0
context_unseen_early,training/flip/0035_000000008,flip/0035,8,ENV-03,1,0.008788932114839554,0
context_unseen_early,training/flip/0035_000000009,flip/0035,9,ENV-03,1,0.033726662397384644,0
context_unseen_early,testing/flip/0035_000000010,flip/0035,10,ENV-03,1,0.07035685330629349,0
context_unseen_early,training/flip/0035_000000011,flip/0035,11,ENV-03,1,0.061508484184741974,0
context_unseen_early,training/flip/0035_000000012,flip/0035,12,ENV-03,1,0.06011364236474037,0
context_unseen_early,training/flip/0035_000000013,flip/0035,13,ENV-03,1,0.05128093436360359,0
context_unseen_early,training/flip/0035_000000014,flip/0035,14,ENV-03,1,0.07534018903970718,0
context_unseen_early,training/flip/0035_000000015,flip/0035,15,ENV-03,1,0.023761246353387833,0
context_unseen_early,testing/flip/0035_000000016,flip/0035,16,ENV-03,1,0.14683347940444946,0
context_unseen_early,training/flip/0035_000000017,flip/0035,17,ENV-03,1,0.6905373334884644,1
context_unseen_early,training/flip/0035_000000018,flip/0035,18,ENV-03,1,0.46837177872657776,0
context_unseen_early,testing/flip/0036_000000007,flip/0036,7,ENV-03,1,0.0004181289114058018,0
context_unseen_early,testing/flip/0036_000000008,flip/0036,8,ENV-03,1,0.0006340607651509345,0
context_unseen_early,testing/flip/0036_000000009,flip/0036,9,ENV-03,1,0.0008686764049343765,0
context_unseen_early,training/flip/0036_000000010,flip/0036,10,ENV-03,1,0.0012601603521034122,0
context_unseen_early,testing/flip/0036_000000011,flip/0036,11,ENV-03,1,0.0020483306143432856,0
context_unseen_early,training/flip/0036_000000012,flip/0036,12,ENV-03,1,0.006066650152206421,0
context_unseen_early,training/flip/0036_000000013,flip/0036,13,ENV-03,1,0.014687595888972282,0
context_unseen_early,testing/flip/0036_000000014,flip/0036,14,ENV-03,1,0.05060945078730583,0
context_unseen_early,testing/flip/0036_000000015,flip/0036,15,ENV-03,1,0.1519755721092224,0
context_unseen_early,training/flip/0036_000000016,flip/0036,16,ENV-03,1,0.36324089765548706,0
context_unseen_early,training/flip/0036_000000017,flip/0036,17,ENV-03,1,0.28209587931632996,0
context_unseen_early,training/flip/0036_000000018,flip/0036,18,ENV-03,1,0.2999935746192932,0
context_unseen_early,training/flip/0036_000000019,flip/0036,19,ENV-03,1,0.4187931716442108,0
context_unseen_early,training/flip/0036_000000020,flip/0036,20,ENV-03,1,0.5392543077468872,1
context_unseen_early,training/flip/0036_000000021,flip/0036,21,ENV-03,1,0.8744508624076843,1
context_unseen_early,training/flip/0036_000000022,flip/0036,22,ENV-03,1,0.957926869392395,1
context_unseen_early,training/flip/0037_000000002,flip/0037,2,ENV-03,1,0.022275786846876144,0
context_unseen_early,training/flip/0037_000000003,flip/0037,3,ENV-03,1,0.062480099499225616,0
context_unseen_early,training/flip/0037_000000004,flip/0037,4,ENV-03,1,0.09310133755207062,0
context_unseen_early,training/flip/0037_000000005,flip/0037,5,ENV-03,1,0.11083308607339859,0
context_unseen_early,testing/flip/0037_000000006,flip/0037,6,ENV-03,1,0.14113903045654297,0
context_unseen_early,training/flip/0037_000000007,flip/0037,7,ENV-03,1,0.2050444781780243,0
context_unseen_early,testing/flip/0037_000000008,flip/0037,8,ENV-03,1,0.3630734384059906,0
context_unseen_early,training/flip/0037_000000009,flip/0037,9,ENV-03,1,0.7370962500572205,1
context_unseen_early,training/flip/0037_000000010,flip/0037,10,ENV-03,1,0.7976517677307129,1
context_unseen_early,testing/flip/0037_000000011,flip/0037,11,ENV-03,1,0.8181706666946411,1
context_unseen_early,training/flip/0037_000000012,flip/0037,12,ENV-03,1,0.3563354015350342,0
context_unseen_early,testing/flip/0037_000000013,flip/0037,13,ENV-03,1,0.4073612689971924,0
context_unseen_early,training/flip/0037_000000014,flip/0037,14,ENV-03,1,0.18514284491539001,0
context_unseen_early,training/flip/0037_000000015,flip/0037,15,ENV-03,1,0.4034193754196167,0
context_unseen_early,testing/flip/0037_000000016,flip/0037,16,ENV-03,1,0.5527191162109375,1
context_unseen_early,testing/flip/0037_000000017,flip/0037,17,ENV-03,1,0.6267683506011963,1
context_unseen_early,training/flip/0037_000000018,flip/0037,18,ENV-03,1,0.832312822341919,1
context_unseen_early,training/flip/0037_000000019,flip/0037,19,ENV-03,1,0.7038713097572327,1
context_unseen_early,testing/flip/0037_000000020,flip/0037,20,ENV-03,1,0.570625901222229,1
context_unseen_early,training/flip/0037_000000021,flip/0037,21,ENV-03,1,0.4734984338283539,0
context_unseen_early,training/flip/0038_000000004,flip/0038,4,ENV-03,1,0.16560381650924683,0
context_unseen_early,training/flip/0038_000000005,flip/0038,5,ENV-03,1,0.3106309473514557,0
context_unseen_early,training/flip/0038_000000006,flip/0038,6,ENV-03,1,0.5368410348892212,1
context_unseen_early,testing/flip/0038_000000007,flip/0038,7,ENV-03,1,0.7265634536743164,1
context_unseen_early,training/flip/0038_000000008,flip/0038,8,ENV-03,1,0.9183592796325684,1
context_unseen_early,training/flip/0038_000000009,flip/0038,9,ENV-03,1,0.9384549856185913,1
context_unseen_early,testing/flip/0038_000000010,flip/0038,10,ENV-03,1,0.9691824913024902,1
context_unseen_early,training/flip/0038_000000011,flip/0038,11,ENV-03,1,0.9668208956718445,1
context_unseen_early,training/flip/0038_000000012,flip/0038,12,ENV-03,1,0.9715515375137329,1
context_unseen_early,testing/flip/0038_000000013,flip/0038,13,ENV-03,1,0.9668251276016235,1
context_unseen_early,training/flip/0038_000000014,flip/0038,14,ENV-03,1,0.9538984894752502,1
context_unseen_early,testing/flip/0038_000000015,flip/0038,15,ENV-03,1,0.9684945940971375,1
context_unseen_early,testing/flip/0038_000000016,flip/0038,16,ENV-03,1,0.9571307897567749,1
context_unseen_early,training/flip/0038_000000017,flip/0038,17,ENV-03,1,0.9505383372306824,1
context_unseen_early,training/flip/0038_000000018,flip/0038,18,ENV-03,1,0.943860650062561,1
context_unseen_early,training/flip/0038_000000019,flip/0038,19,ENV-03,1,0.911456286907196,1
context_unseen_early,testing/flip/0038_000000020,flip/0038,20,ENV-03,1,0.8856457471847534,1
context_unseen_early,training/flip/0038_000000021,flip/0038,21,ENV-03,1,0.9328358173370361,1
context_unseen_early,training/flip/0038_000000022,flip/0038,22,ENV-03,1,0.9368537068367004,1
context_unseen_early,training/flip/0038_000000023,flip/0038,23,ENV-03,1,0.9146891832351685,1
context_unseen_early,training/flip/0038_000000024,flip/0038,24,ENV-03,1,0.9367783069610596,1
context_unseen_early,training/flip/0038_000000025,flip/0038,25,ENV-03,1,0.9257221221923828,1
context_unseen_early,testing/flip/0038_000000026,flip/0038,26,ENV-03,1,0.9265936613082886,1
context_unseen_early,training/flip/0038_000000027,flip/0038,27,ENV-03,1,0.9159830212593079,1
context_unseen_early,training/flip/0038_000000028,flip/0038,28,ENV-03,1,0.9385368824005127,1
context_unseen_early,training/flip/0038_000000029,flip/0038,29,ENV-03,1,0.9260261654853821,1
context_unseen_early,training/flip/0038_000000030,flip/0038,30,ENV-03,1,0.8706199526786804,1
context_unseen_early,training/flip/0038_000000031,flip/0038,31,ENV-03,1,0.880771815776825,1
context_unseen_early,testing/flip/0038_000000032,flip/0038,32,ENV-03,1,0.8648554086685181,1
context_unseen_early,training/flip/0038_000000033,flip/0038,33,ENV-03,1,0.8619604706764221,1
context_unseen_early,training/flip/0038_000000034,flip/0038,34,ENV-03,1,0.8529943823814392,1
context_unseen_early,training/flip/0038_000000035,flip/0038,35,ENV-03,1,0.8553769588470459,1
context_unseen_early,training/flip/0038_000000036,flip/0038,36,ENV-03,1,0.9230499863624573,1
context_unseen_early,training/flip/0038_000000037,flip/0038,37,ENV-03,1,0.919222354888916,1
context_unseen_early,training/flip/0038_000000038,flip/0038,38,ENV-03,1,0.8301045894622803,1
context_unseen_early,training/flip/0038_000000039,flip/0038,39,ENV-03,1,0.8464297652244568,1
context_unseen_early,training/flip/0039_000000008,flip/0039,8,ENV-03,1,0.0087431026622653,0
context_unseen_early,testing/flip/0039_000000009,flip/0039,9,ENV-03,1,0.016202285885810852,0
context_unseen_early,training/flip/0039_000000010,flip/0039,10,ENV-03,1,0.0167351346462965,0
context_unseen_early,training/flip/0039_000000011,flip/0039,11,ENV-03,1,0.015200657770037651,0
context_unseen_early,training/flip/0039_000000012,flip/0039,12,ENV-03,1,0.01811600849032402,0
context_unseen_early,training/flip/0039_000000013,flip/0039,13,ENV-03,1,0.017987670376896858,0
context_unseen_early,training/flip/0039_000000014,flip/0039,14,ENV-03,1,0.00917214434593916,0
context_unseen_early,training/flip/0039_000000015,flip/0039,15,ENV-03,1,0.024680553004145622,0
context_unseen_early,training/flip/0039_000000016,flip/0039,16,ENV-03,1,0.03307560831308365,0
context_unseen_early,training/flip/0039_000000017,flip/0039,17,ENV-03,1,0.04261533170938492,0
context_unseen_early,training/flip/0039_000000018,flip/0039,18,ENV-03,1,0.11200963705778122,0
context_unseen_early,training/flip/0039_000000019,flip/0039,19,ENV-03,1,0.1690400242805481,0
context_unseen_early,training/flip/0039_000000020,flip/0039,20,ENV-03,1,0.349433958530426,0
context_unseen_early,training/flip/0039_000000021,flip/0039,21,ENV-03,1,0.22890479862689972,0
context_unseen_early,training/flip/0039_000000022,flip/0039,22,ENV-03,1,0.11204896867275238,0
context_unseen_early,training/flip/0039_000000023,flip/0039,23,ENV-03,1,0.15222229063510895,0
context_unseen_early,training/flip/0040_000000006,flip/0040,6,ENV-03,1,0.5344076156616211,1
context_unseen_early,testing/flip/0040_000000007,flip/0040,7,ENV-03,1,0.7280985116958618,1
context_unseen_early,training/flip/0040_000000008,flip/0040,8,ENV-03,1,0.6880287528038025,1
context_unseen_early,training/flip/0040_000000009,flip/0040,9,ENV-03,1,0.642630934715271,1
context_unseen_early,training/flip/0040_000000010,flip/0040,10,ENV-03,1,0.8505139350891113,1
context_unseen_early,training/flip/0040_000000011,flip/0040,11,ENV-03,1,0.9074781537055969,1
context_unseen_early,training/flip/0040_000000012,flip/0040,12,ENV-03,1,0.9131465554237366,1
context_unseen_early,training/flip/0040_000000013,flip/0040,13,ENV-03,1,0.9339479207992554,1
context_unseen_early,training/flip/0040_000000014,flip/0040,14,ENV-03,1,0.9441677927970886,1
context_unseen_early,training/flip/0040_000000015,flip/0040,15,ENV-03,1,0.9149314761161804,1
context_unseen_early,training/flip/0040_000000016,flip/0040,16,ENV-03,1,0.9214684963226318,1
context_unseen_early,training/flip/0040_000000017,flip/0040,17,ENV-03,1,0.9688044190406799,1
context_unseen_early,training/flip/0040_000000018,flip/0040,18,ENV-03,1,0.9715636968612671,1
context_unseen_early,training/flip/0040_000000019,flip/0040,19,ENV-03,1,0.9954277276992798,1
context_unseen_early,training/flip/0040_000000020,flip/0040,20,ENV-03,1,0.9980964064598083,1
context_unseen_early,training/flip/0040_000000021,flip/0040,21,ENV-03,1,0.997093915939331,1
context_unseen_early,training/flip/0040_000000022,flip/0040,22,ENV-03,1,0.9991047978401184,1
context_unseen_early,training/flip/0040_000000023,flip/0040,23,ENV-03,1,0.9993889331817627,1
context_unseen_early,testing/flip/0040_000000024,flip/0040,24,ENV-03,1,0.9998290538787842,1
context_unseen_early,testing/flip/0040_000000025,flip/0040,25,ENV-03,1,0.999559223651886,1
context_unseen_early,testing/flip/0041_000000010,flip/0041,10,ENV-03,1,0.01139866653829813,0
context_unseen_early,training/flip/0041_000000011,flip/0041,11,ENV-03,1,0.06509391963481903,0
context_unseen_early,training/flip/0041_000000012,flip/0041,12,ENV-03,1,0.15282657742500305,0
context_unseen_early,training/flip/0041_000000013,flip/0041,13,ENV-03,1,0.14716766774654388,0
context_unseen_early,training/flip/0041_000000014,flip/0041,14,ENV-03,1,0.1645078808069229,0
context_unseen_early,testing/flip/0041_000000015,flip/0041,15,ENV-03,1,0.3001798689365387,0
context_unseen_early,training/flip/0041_000000016,flip/0041,16,ENV-03,1,0.21862412989139557,0
context_unseen_early,training/flip/0041_000000017,flip/0041,17,ENV-03,1,0.24324284493923187,0
context_unseen_early,testing/flip/0041_000000018,flip/0041,18,ENV-03,1,0.14643414318561554,0
context_unseen_early,testing/flip/0041_000000019,flip/0041,19,ENV-03,1,0.15894481539726257,0
context_unseen_early,training/flip/0041_000000020,flip/0041,20,ENV-03,1,0.2635459899902344,0
context_unseen_early,testing/flip/0041_000000021,flip/0041,21,ENV-03,1,0.3952997922897339,0
context_unseen_early,testing/flip/0041_000000022,flip/0041,22,ENV-03,1,0.4218398630619049,0
context_unseen_early,training/flip/0041_000000023,flip/0041,23,ENV-03,1,0.28013694286346436,0
context_unseen_early,training/flip/0041_000000024,flip/0041,24,ENV-03,1,0.14212137460708618,0
context_unseen_early,training/flip/0041_000000025,flip/0041,25,ENV-03,1,0.10026845335960388,0
context_unseen_early,training/flip/0042_000000001,flip/0042,1,ENV-03,1,0.3241851329803467,0
context_unseen_early,testing/flip/0042_000000002,flip/0042,2,ENV-03,1,0.44558897614479065,0
context_unseen_early,training/flip/0042_000000003,flip/0042,3,ENV-03,1,0.35432377457618713,0
context_unseen_early,testing/flip/0042_000000004,flip/0042,4,ENV-03,1,0.40783339738845825,0
context_unseen_early,training/flip/0042_000000005,flip/0042,5,ENV-03,1,0.4392111599445343,0
context_unseen_early,testing/flip/0042_000000006,flip/0042,6,ENV-03,1,0.49816691875457764,0
context_unseen_early,training/flip/0042_000000007,flip/0042,7,ENV-03,1,0.5974962115287781,1
context_unseen_early,training/flip/0042_000000008,flip/0042,8,ENV-03,1,0.6946486234664917,1
context_unseen_early,training/flip/0042_000000009,flip/0042,9,ENV-03,1,0.7497208118438721,1
context_unseen_early,training/flip/0042_000000010,flip/0042,10,ENV-03,1,0.8387611508369446,1
context_unseen_early,testing/flip/0042_000000011,flip/0042,11,ENV-03,1,0.8760842084884644,1
context_unseen_early,testing/flip/0042_000000012,flip/0042,12,ENV-03,1,0.9353564977645874,1
context_unseen_early,training/flip/0042_000000013,flip/0042,13,ENV-03,1,0.9097605347633362,1
context_unseen_early,training/flip/0042_000000014,flip/0042,14,ENV-03,1,0.9750441312789917,1
context_unseen_early,training/flip/0042_000000015,flip/0042,15,ENV-03,1,0.9806580543518066,1
context_unseen_early,training/flip/0042_000000016,flip/0042,16,ENV-03,1,0.9862614274024963,1
context_unseen_early,training/flip/0042_000000017,flip/0042,17,ENV-03,1,0.9952489733695984,1
context_unseen_early,training/flip/0042_000000018,flip/0042,18,ENV-03,1,0.9968945980072021,1
context_unseen_early,training/flip/0042_000000019,flip/0042,19,ENV-03,1,0.9961496591567993,1
context_unseen_early,training/flip/0042_000000020,flip/0042,20,ENV-03,1,0.9972813129425049,1
context_unseen_early,training/flip/0042_000000021,flip/0042,21,ENV-03,1,0.9973393082618713,1
context_unseen_early,training/flip/0042_000000022,flip/0042,22,ENV-03,1,0.9990967512130737,1
context_unseen_early,training/flip/0042_000000023,flip/0042,23,ENV-03,1,0.9996517896652222,1
context_unseen_early,training/flip/0042_000000024,flip/0042,24,ENV-03,1,0.9998263716697693,1
context_unseen_early,testing/flip/0043_000000015,flip/0043,15,ENV-03,1,0.17816488444805145,0
context_unseen_early,training/flip/0043_000000016,flip/0043,16,ENV-03,1,0.30866217613220215,0
context_unseen_early,training/flip/0043_000000017,flip/0043,17,ENV-03,1,0.4799501597881317,0
context_unseen_early,training/flip/0043_000000018,flip/0043,18,ENV-03,1,0.7643289566040039,1
context_unseen_early,training/flip/0043_000000019,flip/0043,19,ENV-03,1,0.9133657813072205,1
context_unseen_early,training/flip/0043_000000020,flip/0043,20,ENV-03,1,0.9726162552833557,1
context_unseen_early,training/flip/0043_000000021,flip/0043,21,ENV-03,1,0.9695560932159424,1
context_unseen_early,training/flip/0043_000000022,flip/0043,22,ENV-03,1,0.9603294134140015,1
context_unseen_early,testing/flip/0044_000000003,flip/0044,3,ENV-03,1,0.7396571040153503,1
context_unseen_early,training/flip/0044_000000004,flip/0044,4,ENV-03,1,0.7955459952354431,1
context_unseen_early,training/flip/0044_000000005,flip/0044,5,ENV-03,1,0.7793208360671997,1
context_unseen_early,training/flip/0044_000000006,flip/0044,6,ENV-03,1,0.7619197368621826,1
context_unseen_early,testing/flip/0044_000000007,flip/0044,7,ENV-03,1,0.7659799456596375,1
context_unseen_early,training/flip/0044_000000008,flip/0044,8,ENV-03,1,0.7603127360343933,1
context_unseen_early,training/flip/0044_000000009,flip/0044,9,ENV-03,1,0.7909184098243713,1
context_unseen_early,training/flip/0044_000000010,flip/0044,10,ENV-03,1,0.8412266373634338,1
context_unseen_early,training/flip/0044_000000011,flip/0044,11,ENV-03,1,0.8598089218139648,1
context_unseen_early,training/flip/0044_000000012,flip/0044,12,ENV-03,1,0.8620399236679077,1
context_unseen_early,training/flip/0044_000000013,flip/0044,13,ENV-03,1,0.8665578961372375,1
context_unseen_early,training/flip/0044_000000014,flip/0044,14,ENV-03,1,0.9149580597877502,1
context_unseen_early,testing/flip/0044_000000015,flip/0044,15,ENV-03,1,0.9607199430465698,1
context_unseen_early,training/flip/0044_000000016,flip/0044,16,ENV-03,1,0.9859783053398132,1
context_unseen_early,training/flip/0044_000000017,flip/0044,17,ENV-03,1,0.9959031939506531,1
context_unseen_early,training/flip/0044_000000018,flip/0044,18,ENV-03,1,0.9936434030532837,1
context_unseen_early,training/flip/0044_000000019,flip/0044,19,ENV-03,1,0.991732120513916,1
context_unseen_early,training/flip/0044_000000020,flip/0044,20,ENV-03,1,0.9966477751731873,1
context_unseen_early,training/flip/0044_000000021,flip/0044,21,ENV-03,1,0.9988089799880981,1
context_unseen_early,training/flip/0044_000000022,flip/0044,22,ENV-03,1,0.9996713399887085,1
context_unseen_early,training/flip/0044_000000023,flip/0044,23,ENV-03,1,0.9997379183769226,1
context_unseen_early,training/flip/0045_000000007,flip/0045,7,ENV-03,1,0.6873730421066284,1
context_unseen_early,training/flip/0045_000000008,flip/0045,8,ENV-03,1,0.6322188973426819,1
context_unseen_early,training/flip/0045_000000009,flip/0045,9,ENV-03,1,0.647438108921051,1
context_unseen_early,training/flip/0045_000000010,flip/0045,10,ENV-03,1,0.8385534882545471,1
context_unseen_early,training/flip/0045_000000011,flip/0045,11,ENV-03,1,0.9097724556922913,1
context_unseen_early,training/flip/0045_000000012,flip/0045,12,ENV-03,1,0.9607226848602295,1
context_unseen_early,training/flip/0045_000000013,flip/0045,13,ENV-03,1,0.980246365070343,1
context_unseen_early,training/flip/0045_000000014,flip/0045,14,ENV-03,1,0.9829087257385254,1
context_unseen_early,training/flip/0045_000000015,flip/0045,15,ENV-03,1,0.9876067042350769,1
context_unseen_early,training/flip/0045_000000016,flip/0045,16,ENV-03,1,0.9912028312683105,1
context_unseen_early,training/flip/0045_000000017,flip/0045,17,ENV-03,1,0.9928459525108337,1
context_unseen_early,training/flip/0045_000000018,flip/0045,18,ENV-03,1,0.9933032393455505,1
context_unseen_early,training/flip/0045_000000019,flip/0045,19,ENV-03,1,0.9907496571540833,1
context_unseen_early,training/flip/0045_000000020,flip/0045,20,ENV-03,1,0.9916645884513855,1
context_unseen_early,training/flip/0045_000000021,flip/0045,21,ENV-03,1,0.9933474659919739,1
context_unseen_early,training/flip/0045_000000022,flip/0045,22,ENV-03,1,0.9908155202865601,1
context_unseen_early,training/flip/0045_000000023,flip/0045,23,ENV-03,1,0.9942183494567871,1
context_unseen_early,training/flip/0045_000000024,flip/0045,24,ENV-03,1,0.9941885471343994,1
context_unseen_early,training/flip/0045_000000025,flip/0045,25,ENV-03,1,0.9957714676856995,1
context_unseen_early,testing/flip/0046_000000006,flip/0046,6,ENV-03,1,0.6373322606086731,1
context_unseen_early,training/flip/0046_000000007,flip/0046,7,ENV-03,1,0.7640764117240906,1
context_unseen_early,training/flip/0046_000000008,flip/0046,8,ENV-03,1,0.8768313527107239,1
context_unseen_early,training/flip/0046_000000009,flip/0046,9,ENV-03,1,0.8924297094345093,1
context_unseen_early,testing/flip/0046_000000010,flip/0046,10,ENV-03,1,0.9572991728782654,1
context_unseen_early,training/flip/0046_000000011,flip/0046,11,ENV-03,1,0.9716306328773499,1
context_unseen_early,testing/flip/0046_000000012,flip/0046,12,ENV-03,1,0.9836267828941345,1
context_unseen_early,testing/flip/0046_000000013,flip/0046,13,ENV-03,1,0.9856981635093689,1
context_unseen_early,training/flip/0046_000000014,flip/0046,14,ENV-03,1,0.9790987968444824,1
context_unseen_early,training/flip/0046_000000015,flip/0046,15,ENV-03,1,0.9929888844490051,1
context_unseen_early,testing/flip/0046_000000016,flip/0046,16,ENV-03,1,0.9933972358703613,1
context_unseen_early,training/flip/0046_000000017,flip/0046,17,ENV-03,1,0.9978043437004089,1
context_unseen_early,testing/flip/0046_000000018,flip/0046,18,ENV-03,1,0.9993035793304443,1
context_unseen_early,testing/flip/0046_000000019,flip/0046,19,ENV-03,1,0.9993594288825989,1
context_unseen_early,training/flip/0046_000000020,flip/0046,20,ENV-03,1,0.9915066361427307,1
context_unseen_early,training/flip/0046_000000021,flip/0046,21,ENV-03,1,0.9246060848236084,1
context_unseen_early,training/flip/0046_000000022,flip/0046,22,ENV-03,1,0.6819590926170349,1
context_unseen_early,training/flip/0047_000000006,flip/0047,6,ENV-03,1,0.007442632224410772,0
context_unseen_early,training/flip/0047_000000007,flip/0047,7,ENV-03,1,0.020691100507974625,0
context_unseen_early,training/flip/0047_000000008,flip/0047,8,ENV-03,1,0.09513036161661148,0
context_unseen_early,training/flip/0047_000000009,flip/0047,9,ENV-03,1,0.14476381242275238,0
context_unseen_early,testing/flip/0047_000000010,flip/0047,10,ENV-03,1,0.22421519458293915,0
context_unseen_early,training/flip/0047_000000011,flip/0047,11,ENV-03,1,0.16753798723220825,0
context_unseen_early,training/flip/0047_000000012,flip/0047,12,ENV-03,1,0.11743059009313583,0
context_unseen_early,training/flip/0047_000000013,flip/0047,13,ENV-03,1,0.21344439685344696,0
context_unseen_early,training/flip/0047_000000014,flip/0047,14,ENV-03,1,0.14820589125156403,0
context_unseen_early,testing/flip/0047_000000015,flip/0047,15,ENV-03,1,0.39575883746147156,0
context_unseen_early,training/flip/0047_000000016,flip/0047,16,ENV-03,1,0.4968177080154419,0
context_unseen_early,training/flip/0047_000000017,flip/0047,17,ENV-03,1,0.41295933723449707,0
context_unseen_early,training/flip/0047_000000018,flip/0047,18,ENV-03,1,0.46627482771873474,0
context_unseen_early,training/flip/0047_000000019,flip/0047,19,ENV-03,1,0.36255326867103577,0
context_unseen_early,training/flip/0047_000000020,flip/0047,20,ENV-03,1,0.1449068784713745,0
context_unseen_early,testing/flip/0047_000000021,flip/0047,21,ENV-03,1,0.5121592879295349,1
context_unseen_early,training/flip/0047_000000022,flip/0047,22,ENV-03,1,0.9561376571655273,1
context_unseen_early,training/flip/0047_000000023,flip/0047,23,ENV-03,1,0.9633921384811401,1
context_unseen_early,training/flip/0047_000000024,flip/0047,24,ENV-03,1,0.9583324790000916,1
context_unseen_early,training/flip/0047_000000025,flip/0047,25,ENV-03,1,0.9473740458488464,1
context_unseen_early,training/flip/0048_000000009,flip/0048,9,ENV-03,1,0.02447507716715336,0
context_unseen_early,testing/flip/0048_000000010,flip/0048,10,ENV-03,1,0.021087484434247017,0
context_unseen_early,testing/flip/0048_000000011,flip/0048,11,ENV-03,1,0.029581092298030853,0
context_unseen_early,training/flip/0048_000000012,flip/0048,12,ENV-03,1,0.043274253606796265,0
context_unseen_early,training/flip/0048_000000013,flip/0048,13,ENV-03,1,0.08363024890422821,0
context_unseen_early,training/flip/0048_000000014,flip/0048,14,ENV-03,1,0.07061954587697983,0
context_unseen_early,training/flip/0048_000000015,flip/0048,15,ENV-03,1,0.05376019701361656,0
context_unseen_early,training/flip/0048_000000016,flip/0048,16,ENV-03,1,0.044568318873643875,0
context_unseen_early,training/flip/0048_000000017,flip/0048,17,ENV-03,1,0.06339982897043228,0
context_unseen_early,training/flip/0048_000000018,flip/0048,18,ENV-03,1,0.05853080004453659,0
context_unseen_early,training/flip/0048_000000019,flip/0048,19,ENV-03,1,0.06432750076055527,0
context_unseen_early,training/flip/0048_000000020,flip/0048,20,ENV-03,1,0.0502907820045948,0
context_unseen_early,training/flip/0048_000000021,flip/0048,21,ENV-03,1,0.06629703938961029,0
context_unseen_early,training/flip/0048_000000022,flip/0048,22,ENV-03,1,0.08058935403823853,0
context_unseen_early,training/flip/0048_000000023,flip/0048,23,ENV-03,1,0.13258719444274902,0
context_unseen_early,training/flip/0048_000000024,flip/0048,24,ENV-03,1,0.24375282227993011,0
context_unseen_early,training/flip/0048_000000025,flip/0048,25,ENV-03,1,0.2862768769264221,0
context_unseen_early,testing/notflip/0027_000000001,notflip/0027,1,ENV-03,0,0.025726158171892166,0
context_unseen_early,training/notflip/0027_000000002,notflip/0027,2,ENV-03,0,0.029088346287608147,0
context_unseen_early,training/notflip/0027_000000003,notflip/0027,3,ENV-03,0,0.03044784441590309,0
context_unseen_early,testing/notflip/0027_000000004,notflip/0027,4,ENV-03,0,0.03611196577548981,0
context_unseen_early,training/notflip/0027_000000005,notflip/0027,5,ENV-03,0,0.04238343611359596,0
context_unseen_early,training/notflip/0027_000000006,notflip/0027,6,ENV-03,0,0.03803177922964096,0
context_unseen_early,training/notflip/0027_000000007,notflip/0027,7,ENV-03,0,0.03784436360001564,0
context_unseen_early,training/notflip/0027_000000008,notflip/0027,8,ENV-03,0,0.02258928120136261,0
context_unseen_early,training/notflip/0027_000000009,notflip/0027,9,ENV-03,0,0.022579912096261978,0
context_unseen_early,testing/notflip/0027_000000010,notflip/0027,10,ENV-03,0,0.020722581073641777,0
context_unseen_early,training/notflip/0027_000000011,notflip/0027,11,ENV-03,0,0.021240992471575737,0
context_unseen_early,training/notflip/0027_000000012,notflip/0027,12,ENV-03,0,0.0258572306483984,0
context_unseen_early,testing/notflip/0027_000000013,notflip/0027,13,ENV-03,0,0.03191506490111351,0
context_unseen_early,training/notflip/0027_000000014,notflip/0027,14,ENV-03,0,0.03706885501742363,0
context_unseen_early,training/notflip/0027_000000015,notflip/0027,15,ENV-03,0,0.06021556258201599,0
context_unseen_early,training/notflip/0027_000000016,notflip/0027,16,ENV-03,0,0.06998788565397263,0
context_unseen_early,testing/notflip/0027_000000017,notflip/0027,17,ENV-03,0,0.0882074385881424,0
context_unseen_early,training/notflip/0027_000000018,notflip/0027,18,ENV-03,0,0.10772834718227386,0
context_unseen_early,training/notflip/0027_000000019,notflip/0027,19,ENV-03,0,0.1492747664451599,0
context_unseen_early,training/notflip/0027_000000020,notflip/0027,20,ENV-03,0,0.16241078078746796,0
context_unseen_early,training/notflip/0027_000000021,notflip/0027,21,ENV-03,0,0.11003141850233078,0
context_unseen_early,testing/notflip/0027_000000022,notflip/0027,22,ENV-03,0,0.06338226050138474,0
context_unseen_early,testing/notflip/0027_000000023,notflip/0027,23,ENV-03,0,0.057377927005290985,0
context_unseen_early,training/notflip/0027_000000024,notflip/0027,24,ENV-03,0,0.05253300443291664,0
context_unseen_early,training/notflip/0028_000000001,notflip/0028,1,ENV-03,0,0.000959155906457454,0
context_unseen_early,training/notflip/0028_000000002,notflip/0028,2,ENV-03,0,0.0005729369004257023,0
context_unseen_early,training/notflip/0028_000000003,notflip/0028,3,ENV-03,0,0.0005723419599235058,0
context_unseen_early,testing/notflip/0028_000000004,notflip/0028,4,ENV-03,0,0.0010036955354735255,0
context_unseen_early,training/notflip/0028_000000005,notflip/0028,5,ENV-03,0,0.0007615681970492005,0
context_unseen_early,training/notflip/0028_000000006,notflip/0028,6,ENV-03,0,0.0005496881785802543,0
context_unseen_early,training/notflip/0028_000000007,notflip/0028,7,ENV-03,0,0.0005508336471393704,0
context_unseen_early,training/notflip/0028_000000008,notflip/0028,8,ENV-03,0,0.00044924841495230794,0
context_unseen_early,training/notflip/0028_000000009,notflip/0028,9,ENV-03,0,0.00032119941897690296,0
context_unseen_early,training/notflip/0028_000000010,notflip/0028,10,ENV-03,0,0.00031166861299425364,0
context_unseen_early,training/notflip/0028_000000011,notflip/0028,11,ENV-03,0,0.00042266317177563906,0
context_unseen_early,training/notflip/0028_000000012,notflip/0028,12,ENV-03,0,0.0006038705469109118,0
context_unseen_early,training/notflip/0028_000000013,notflip/0028,13,ENV-03,0,0.0006938494043424726,0
context_unseen_early,training/notflip/0028_000000014,notflip/0028,14,ENV-03,0,0.0003724931157194078,0
context_unseen_early,training/notflip/0028_000000015,notflip/0028,15,ENV-03,0,0.000289713847450912,0
context_unseen_early,training/notflip/0028_000000016,notflip/0028,16,ENV-03,0,0.00014626131451223046,0
context_unseen_early,training/notflip/0028_000000017,notflip/0028,17,ENV-03,0,9.587851673131809e-05,0
context_unseen_early,training/notflip/0028_000000018,notflip/0028,18,ENV-03,0,0.00010516800102777779,0
context_unseen_early,training/notflip/0028_000000019,notflip/0028,19,ENV-03,0,0.00010880369518417865,0
context_unseen_early,training/notflip/0028_000000020,notflip/0028,20,ENV-03,0,0.00010481088975211605,0
context_unseen_early,training/notflip/0028_000000021,notflip/0028,21,ENV-03,0,9.011524525703862e-05,0
context_unseen_early,training/notflip/0028_000000022,notflip/0028,22,ENV-03,0,6.960170867387205e-05,0
context_unseen_early,training/notflip/0028_000000023,notflip/0028,23,ENV-03,0,5.6776356359478086e-05,0
context_unseen_early,testing/notflip/0028_000000024,notflip/0028,24,ENV-03,0,4.196093141217716e-05,0
context_unseen_early,testing/notflip/0029_000000001,notflip/0029,1,ENV-03,0,0.014031055383384228,0
context_unseen_early,training/notflip/0029_000000002,notflip/0029,2,ENV-03,0,0.009169193916022778,0
context_unseen_early,testing/notflip/0029_000000003,notflip/0029,3,ENV-03,0,0.005054285749793053,0
context_unseen_early,testing/notflip/0029_000000004,notflip/0029,4,ENV-03,0,0.006595329847186804,0
context_unseen_early,testing/notflip/0029_000000005,notflip/0029,5,ENV-03,0,0.008993907831609249,0
context_unseen_early,training/notflip/0029_000000006,notflip/0029,6,ENV-03,0,0.005720458459109068,0
context_unseen_early,training/notflip/0029_000000007,notflip/0029,7,ENV-03,0,0.004810371436178684,0
context_unseen_early,training/notflip/0029_000000008,notflip/0029,8,ENV-03,0,0.00443061301484704,0
context_unseen_early,training/notflip/0029_000000009,notflip/0029,9,ENV-03,0,0.0031669153831899166,0
context_unseen_early,training/notflip/0029_000000010,notflip/0029,10,ENV-03,0,0.0036184657365083694,0
context_unseen_early,training/notflip/0029_000000011,notflip/0029,11,ENV-03,0,0.0020477459765970707,0
context_unseen_early,training/notflip/0029_000000012,notflip/0029,12,ENV-03,0,0.0023572698701173067,0
context_unseen_early,testing/notflip/0029_000000013,notflip/0029,13,ENV-03,0,0.0030467703472822905,0
context_unseen_early,training/notflip/0029_000000014,notflip/0029,14,ENV-03,0,0.0018975738203153014,0
context_unseen_early,training/notflip/0029_000000015,notflip/0029,15,ENV-03,0,0.0012492643436416984,0
context_unseen_early,training/notflip/0029_000000016,notflip/0029,16,ENV-03,0,0.000707833853084594,0
context_unseen_early,testing/notflip/0029_000000017,notflip/0029,17,ENV-03,0,0.0008335122256539762,0
context_unseen_early,testing/notflip/0029_000000018,notflip/0029,18,ENV-03,0,0.0008140179561451077,0
context_unseen_early,testing/notflip/0029_000000019,notflip/0029,19,ENV-03,0,0.0006021910812705755,0
context_unseen_early,training/notflip/0029_000000020,notflip/0029,20,ENV-03,0,0.0005422684480436146,0
context_unseen_early,training/notflip/0029_000000021,notflip/0029,21,ENV-03,0,0.0006287361029535532,0
context_unseen_early,training/notflip/0029_000000022,notflip/0029,22,ENV-03,0,0.0005986494361422956,0
context_unseen_early,training/notflip/0029_000000023,notflip/0029,23,ENV-03,0,0.0005706767551600933,0
context_unseen_early,training/notflip/0029_000000024,notflip/0029,24,ENV-03,0,0.0005473945057019591,0
context_unseen_early,testing/notflip/0030_000000001,notflip/0030,1,ENV-03,0,0.0010631304467096925,0
context_unseen_early,training/notflip/0030_000000002,notflip/0030,2,ENV-03,0,0.0006629861309193075,0
context_unseen_early,training/notflip/0030_000000003,notflip/0030,3,ENV-03,0,0.0006083144689910114,0
context_unseen_early,testing/notflip/0030_000000004,notflip/0030,4,ENV-03,0,0.0007589564193040133,0
context_unseen_early,training/notflip/0030_000000005,notflip/0030,5,ENV-03,0,0.0014504180289804935,0
context_unseen_early,training/notflip/0030_000000006,notflip/0030,6,ENV-03,0,0.0024929328355938196,0
context_unseen_early,testing/notflip/0030_000000007,notflip/0030,7,ENV-03,0,0.004449706058949232,0
context_unseen_early,training/notflip/0030_000000008,notflip/0030,8,ENV-03,0,0.005814868491142988,0
context_unseen_early,training/notflip/0030_000000009,notflip/0030,9,ENV-03,0,0.005326131358742714,0
context_unseen_early,training/notflip/0030_000000010,notflip/0030,10,ENV-03,0,0.006146396975964308,0
context_unseen_early,training/notflip/0030_000000011,notflip/0030,11,ENV-03,0,0.009792749769985676,0
context_unseen_early,training/notflip/0030_000000012,notflip/0030,12,ENV-03,0,0.01193215698003769,0
context_unseen_early,training/notflip/0030_000000013,notflip/0030,13,ENV-03,0,0.011735067702829838,0
context_unseen_early,training/notflip/0030_000000014,notflip/0030,14,ENV-03,0,0.014433356933295727,0
context_unseen_early,training/notflip/0030_000000015,notflip/0030,15,ENV-03,0,0.013920268975198269,0
context_unseen_early,training/notflip/0030_000000016,notflip/0030,16,ENV-03,0,0.014648574404418468,0
context_unseen_early,training/notflip/0030_000000017,notflip/0030,17,ENV-03,0,0.014590118080377579,0
context_unseen_early,testing/notflip/0030_000000018,notflip/0030,18,ENV-03,0,0.00820072554051876,0
context_unseen_early,training/notflip/0030_000000019,notflip/0030,19,ENV-03,0,0.007065122481435537,0
context_unseen_early,training/notflip/0030_000000020,notflip/0030,20,ENV-03,0,0.006675004959106445,0
context_unseen_early,training/notflip/0030_000000021,notflip/0030,21,ENV-03,0,0.0034965449012815952,0
context_unseen_early,testing/notflip/0030_000000022,notflip/0030,22,ENV-03,0,0.006388157606124878,0
context_unseen_early,testing/notflip/0030_000000023,notflip/0030,23,ENV-03,0,0.006438709795475006,0
context_unseen_early,testing/notflip/0030_000000024,notflip/0030,24,ENV-03,0,0.0061257099732756615,0
context_unseen_early,training/notflip/0031_000000001,notflip/0031,1,ENV-03,0,0.02165238931775093,0
context_unseen_early,training/notflip/0031_000000002,notflip/0031,2,ENV-03,0,0.017880329862236977,0
context_unseen_early,training/notflip/0031_000000003,notflip/0031,3,ENV-03,0,0.014067567884922028,0
context_unseen_early,testing/notflip/0031_000000004,notflip/0031,4,ENV-03,0,0.009215985424816608,0
context_unseen_early,training/notflip/0031_000000005,notflip/0031,5,ENV-03,0,0.005462713539600372,0
context_unseen_early,training/notflip/0031_000000006,notflip/0031,6,ENV-03,0,0.0025918816681951284,0
context_unseen_early,training/notflip/0031_000000007,notflip/0031,7,ENV-03,0,0.002764833625406027,0
context_unseen_early,testing/notflip/0031_000000008,notflip/0031,8,ENV-03,0,0.0028088719118386507,0
context_unseen_early,training/notflip/0031_000000009,notflip/0031,9,ENV-03,0,0.0033353595063090324,0
context_unseen_early,testing/notflip/0031_000000010,notflip/0031,10,ENV-03,0,0.0060604652389883995,0
context_unseen_early,training/notflip/0031_000000011,notflip/0031,11,ENV-03,0,0.008463443256914616,0
context_unseen_early,training/notflip/0031_000000012,notflip/0031,12,ENV-03,0,0.00345497764647007,0
context_unseen_early,training/notflip/0031_000000013,notflip/0031,13,ENV-03,0,0.004178623203188181,0
context_unseen_early,training/notflip/0031_000000014,notflip/0031,14,ENV-03,0,0.0049459366127848625,0
context_unseen_early,testing/notflip/0031_000000015,notflip/0031,15,ENV-03,0,0.007748659700155258,0
context_unseen_early,testing/notflip/0031_000000016,notflip/0031,16,ENV-03,0,0.0065188356675207615,0
context_unseen_early,testing/notflip/0031_000000017,notflip/0031,17,ENV-03,0,0.004349236376583576,0
context_unseen_early,training/notflip/0031_000000018,notflip/0031,18,ENV-03,0,0.003225487656891346,0
context_unseen_early,testing/notflip/0031_000000019,notflip/0031,19,ENV-03,0,0.0035903428215533495,0
context_unseen_early,testing/notflip/0031_000000020,notflip/0031,20,ENV-03,0,0.0041434369049966335,0
context_unseen_early,training/notflip/0031_000000021,notflip/0031,21,ENV-03,0,0.004436367657035589,0
context_unseen_early,training/notflip/0031_000000022,notflip/0031,22,ENV-03,0,0.0037699597887694836,0
context_unseen_early,training/notflip/0031_000000023,notflip/0031,23,ENV-03,0,0.007589863147586584,0
context_unseen_early,training/notflip/0031_000000024,notflip/0031,24,ENV-03,0,0.003552303183823824,0
context_unseen_early,training/notflip/0032_000000001,notflip/0032,1,ENV-03,0,0.007065952755510807,0
context_unseen_early,training/notflip/0032_000000002,notflip/0032,2,ENV-03,0,0.007172686979174614,0
context_unseen_early,testing/notflip/0032_000000003,notflip/0032,3,ENV-03,0,0.006311152130365372,0
context_unseen_early,training/notflip/0032_000000004,notflip/0032,4,ENV-03,0,0.00341625465080142,0
context_unseen_early,training/notflip/0032_000000005,notflip/0032,5,ENV-03,0,0.002596002072095871,0
context_unseen_early,training/notflip/0032_000000006,notflip/0032,6,ENV-03,0,0.002500479808077216,0
context_unseen_early,testing/notflip/0032_000000007,notflip/0032,7,ENV-03,0,0.0019187899306416512,0
context_unseen_early,testing/notflip/0032_000000008,notflip/0032,8,ENV-03,0,0.002756279893219471,0
context_unseen_early,training/notflip/0032_000000009,notflip/0032,9,ENV-03,0,0.001800909754820168,0
context_unseen_early,testing/notflip/0032_000000010,notflip/0032,10,ENV-03,0,0.0010657390812411904,0
context_unseen_early,training/notflip/0032_000000011,notflip/0032,11,ENV-03,0,0.001361263100989163,0
context_unseen_early,training/notflip/0032_000000012,notflip/0032,12,ENV-03,0,0.0018880050629377365,0
context_unseen_early,training/notflip/0032_000000013,notflip/0032,13,ENV-03,0,0.0022118589840829372,0
context_unseen_early,training/notflip/0032_000000014,notflip/0032,14,ENV-03,0,0.0018355121137574315,0
context_unseen_early,testing/notflip/0032_000000015,notflip/0032,15,ENV-03,0,0.0016907146200537682,0
context_unseen_early,training/notflip/0032_000000016,notflip/0032,16,ENV-03,0,0.002676254604011774,0
context_unseen_early,training/notflip/0032_000000017,notflip/0032,17,ENV-03,0,0.001909606042318046,0
context_unseen_early,training/notflip/0032_000000018,notflip/0032,18,ENV-03,0,0.0014605993637815118,0
context_unseen_early,training/notflip/0032_000000019,notflip/0032,19,ENV-03,0,0.0007673714426346123,0
context_unseen_early,training/notflip/0032_000000020,notflip/0032,20,ENV-03,0,0.0004984327824786305,0
context_unseen_early,training/notflip/0032_000000021,notflip/0032,21,ENV-03,0,0.00036088700289838016,0
context_unseen_early,training/notflip/0032_000000022,notflip/0032,22,ENV-03,0,0.00033351907040923834,0
context_unseen_early,training/notflip/0032_000000023,notflip/0032,23,ENV-03,0,0.0002883270208258182,0
context_unseen_early,training/notflip/0032_000000024,notflip/0032,24,ENV-03,0,0.0003339546383358538,0
context_unseen_early,training/notflip/0033_000000001,notflip/0033,1,ENV-03,0,0.00029132477357052267,0
context_unseen_early,testing/notflip/0033_000000002,notflip/0033,2,ENV-03,0,0.0001663727016421035,0
context_unseen_early,training/notflip/0033_000000003,notflip/0033,3,ENV-03,0,0.0001106841882574372,0
context_unseen_early,training/notflip/0033_000000004,notflip/0033,4,ENV-03,0,7.858448225306347e-05,0
context_unseen_early,testing/notflip/0033_000000005,notflip/0033,5,ENV-03,0,8.31929937703535e-05,0
context_unseen_early,testing/notflip/0033_000000006,notflip/0033,6,ENV-03,0,8.771821012487635e-05,0
context_unseen_early,training/notflip/0033_000000007,notflip/0033,7,ENV-03,0,0.00018816397641785443,0
context_unseen_early,testing/notflip/0033_000000008,notflip/0033,8,ENV-03,0,0.0002216825378127396,0
context_unseen_early,training/notflip/0033_000000009,notflip/0033,9,ENV-03,0,0.00041435263119637966,0
context_unseen_early,training/notflip/0033_000000010,notflip/0033,10,ENV-03,0,0.0004696296527981758,0
context_unseen_early,training/notflip/0033_000000011,notflip/0033,11,ENV-03,0,0.0005092895007692277,0
context_unseen_early,training/notflip/0033_000000012,notflip/0033,12,ENV-03,0,0.0006989067769609392,0
context_unseen_early,training/notflip/0033_000000013,notflip/0033,13,ENV-03,0,0.0009488639771007001,0
context_unseen_early,training/notflip/0033_000000014,notflip/0033,14,ENV-03,0,0.0007907124236226082,0
context_unseen_early,testing/notflip/0033_000000015,notflip/0033,15,ENV-03,0,0.0013433498097583652,0
context_unseen_early,training/notflip/0033_000000016,notflip/0033,16,ENV-03,0,0.0018566568614915013,0
context_unseen_early,training/notflip/0033_000000017,notflip/0033,17,ENV-03,0,0.0019865515641868114,0
context_unseen_early,training/notflip/0033_000000018,notflip/0033,18,ENV-03,0,0.002846720162779093,0
context_unseen_early,testing/notflip/0033_000000019,notflip/0033,19,ENV-03,0,0.002510307589545846,0
context_unseen_early,training/notflip/0033_000000020,notflip/0033,20,ENV-03,0,0.00331304594874382,0
context_unseen_early,training/notflip/0033_000000021,notflip/0033,21,ENV-03,0,0.0055290707387030125,0
context_unseen_early,training/notflip/0033_000000022,notflip/0033,22,ENV-03,0,0.005784931592643261,0
context_unseen_early,training/notflip/0033_000000023,notflip/0033,23,ENV-03,0,0.0074004498310387135,0
context_unseen_early,training/notflip/0033_000000024,notflip/0033,24,ENV-03,0,0.0068957870826125145,0
context_unseen_early,training/notflip/0034_000000001,notflip/0034,1,ENV-03,0,0.027230873703956604,0
context_unseen_early,training/notflip/0034_000000002,notflip/0034,2,ENV-03,0,0.023158513009548187,0
context_unseen_early,training/notflip/0034_000000003,notflip/0034,3,ENV-03,0,0.01201382465660572,0
context_unseen_early,training/notflip/0034_000000004,notflip/0034,4,ENV-03,0,0.0068764761090278625,0
context_unseen_early,training/notflip/0034_000000005,notflip/0034,5,ENV-03,0,0.0032104679848998785,0
context_unseen_early,training/notflip/0034_000000006,notflip/0034,6,ENV-03,0,0.0016783502651378512,0
context_unseen_early,training/notflip/0034_000000007,notflip/0034,7,ENV-03,0,0.0010330937802791595,0
context_unseen_early,testing/notflip/0034_000000008,notflip/0034,8,ENV-03,0,0.0008825924596749246,0
context_unseen_early,training/notflip/0034_000000009,notflip/0034,9,ENV-03,0,0.0008991602808237076,0
context_unseen_early,training/notflip/0034_000000010,notflip/0034,10,ENV-03,0,0.0011199446162208915,0
context_unseen_early,training/notflip/0034_000000011,notflip/0034,11,ENV-03,0,0.0012155193835496902,0
context_unseen_early,training/notflip/0034_000000012,notflip/0034,12,ENV-03,0,0.0012367264134809375,0
context_unseen_early,training/notflip/0034_000000013,notflip/0034,13,ENV-03,0,0.001535393064841628,0
context_unseen_early,training/notflip/0034_000000014,notflip/0034,14,ENV-03,0,0.0019833350088447332,0
context_unseen_early,training/notflip/0034_000000015,notflip/0034,15,ENV-03,0,0.0016326343175023794,0
context_unseen_early,training/notflip/0034_000000016,notflip/0034,16,ENV-03,0,0.0018467649351805449,0
context_unseen_early,testing/notflip/0034_000000017,notflip/0034,17,ENV-03,0,0.0019538584165275097,0
context_unseen_early,training/notflip/0034_000000018,notflip/0034,18,ENV-03,0,0.0033876076340675354,0
context_unseen_early,training/notflip/0034_000000019,notflip/0034,19,ENV-03,0,0.003275657771155238,0
context_unseen_early,training/notflip/0034_000000020,notflip/0034,20,ENV-03,0,0.0025411422830075026,0
context_unseen_early,training/notflip/0034_000000021,notflip/0034,21,ENV-03,0,0.00369539437815547,0
context_unseen_early,training/notflip/0034_000000022,notflip/0034,22,ENV-03,0,0.003334392560645938,0
context_unseen_early,training/notflip/0034_000000023,notflip/0034,23,ENV-03,0,0.0034138949122279882,0
context_unseen_early,training/notflip/0034_000000024,notflip/0034,24,ENV-03,0,0.002550535136833787,0
context_unseen_early,training/notflip/0035_000000001,notflip/0035,1,ENV-03,0,0.007392929866909981,0
context_unseen_early,training/notflip/0035_000000002,notflip/0035,2,ENV-03,0,0.005924319848418236,0
context_unseen_early,training/notflip/0035_000000003,notflip/0035,3,ENV-03,0,0.003984568640589714,0
context_unseen_early,training/notflip/0035_000000004,notflip/0035,4,ENV-03,0,0.004964762832969427,0
context_unseen_early,training/notflip/0035_000000005,notflip/0035,5,ENV-03,0,0.006442154757678509,0
context_unseen_early,training/notflip/0035_000000006,notflip/0035,6,ENV-03,0,0.01209384948015213,0
context_unseen_early,training/notflip/0035_000000007,notflip/0035,7,ENV-03,0,0.03209579735994339,0
context_unseen_early,training/notflip/0035_000000008,notflip/0035,8,ENV-03,0,0.04499228298664093,0
context_unseen_early,testing/notflip/0035_000000009,notflip/0035,9,ENV-03,0,0.05111958086490631,0
context_unseen_early,training/notflip/0035_000000010,notflip/0035,10,ENV-03,0,0.03567012771964073,0
context_unseen_early,testing/notflip/0035_000000011,notflip/0035,11,ENV-03,0,0.018256068229675293,0
context_unseen_early,training/notflip/0035_000000012,notflip/0035,12,ENV-03,0,0.020533325150609016,0
context_unseen_early,training/notflip/0035_000000013,notflip/0035,13,ENV-03,0,0.03746354952454567,0
context_unseen_early,training/notflip/0035_000000014,notflip/0035,14,ENV-03,0,0.02265101484954357,0
context_unseen_early,testing/notflip/0035_000000015,notflip/0035,15,ENV-03,0,0.021783411502838135,0
context_unseen_early,testing/notflip/0035_000000016,notflip/0035,16,ENV-03,0,0.01786024495959282,0
context_unseen_early,training/notflip/0035_000000017,notflip/0035,17,ENV-03,0,0.01247523445636034,0
context_unseen_early,training/notflip/0035_000000018,notflip/0035,18,ENV-03,0,0.012102529406547546,0
context_unseen_early,training/notflip/0035_000000019,notflip/0035,19,ENV-03,0,0.005972919519990683,0
context_unseen_early,training/notflip/0035_000000020,notflip/0035,20,ENV-03,0,0.004180941265076399,0
context_unseen_early,training/notflip/0035_000000021,notflip/0035,21,ENV-03,0,0.004099586512893438,0
context_unseen_early,training/notflip/0035_000000022,notflip/0035,22,ENV-03,0,0.005776756443083286,0
context_unseen_early,training/notflip/0035_000000023,notflip/0035,23,ENV-03,0,0.0047186315059661865,0
context_unseen_early,training/notflip/0035_000000024,notflip/0035,24,ENV-03,0,0.004347584210336208,0
context_unseen_early,training/notflip/0035_000000025,notflip/0035,25,ENV-03,0,0.005188664421439171,0
context_unseen_early,testing/notflip/0036_000000001,notflip/0036,1,ENV-03,0,0.6397887468338013,1
context_unseen_early,training/notflip/0036_000000002,notflip/0036,2,ENV-03,0,0.49729400873184204,0
context_unseen_early,training/notflip/0036_000000003,notflip/0036,3,ENV-03,0,0.43881896138191223,0
context_unseen_early,testing/notflip/0036_000000004,notflip/0036,4,ENV-03,0,0.4077533185482025,0
context_unseen_early,testing/notflip/0036_000000005,notflip/0036,5,ENV-03,0,0.3546106815338135,0
context_unseen_early,training/notflip/0036_000000006,notflip/0036,6,ENV-03,0,0.45062121748924255,0
context_unseen_early,training/notflip/0036_000000007,notflip/0036,7,ENV-03,0,0.3714746832847595,0
context_unseen_early,training/notflip/0036_000000008,notflip/0036,8,ENV-03,0,0.4122394919395447,0
context_unseen_early,training/notflip/0036_000000009,notflip/0036,9,ENV-03,0,0.5248434543609619,1
context_unseen_early,training/notflip/0036_000000010,notflip/0036,10,ENV-03,0,0.46700525283813477,0
context_unseen_early,training/notflip/0036_000000011,notflip/0036,11,ENV-03,0,0.6269122958183289,1
context_unseen_early,training/notflip/0036_000000012,notflip/0036,12,ENV-03,0,0.6532676815986633,1
context_unseen_early,training/notflip/0036_000000013,notflip/0036,13,ENV-03,0,0.4864943325519562,0
context_unseen_early,testing/notflip/0036_000000014,notflip/0036,14,ENV-03,0,0.3879939317703247,0
context_unseen_early,training/notflip/0036_000000015,notflip/0036,15,ENV-03,0,0.42001086473464966,0
context_unseen_early,training/notflip/0036_000000016,notflip/0036,16,ENV-03,0,0.4613730311393738,0
context_unseen_early,training/notflip/0036_000000017,notflip/0036,17,ENV-03,0,0.4114600419998169,0
context_unseen_early,training/notflip/0036_000000018,notflip/0036,18,ENV-03,0,0.4647925794124603,0
context_unseen_early,training/notflip/0036_000000019,notflip/0036,19,ENV-03,0,0.4329479932785034,0
context_unseen_early,testing/notflip/0036_000000020,notflip/0036,20,ENV-03,0,0.47551771998405457,0
context_unseen_early,training/notflip/0036_000000021,notflip/0036,21,ENV-03,0,0.4892236292362213,0
context_unseen_early,training/notflip/0036_000000022,notflip/0036,22,ENV-03,0,0.5047667622566223,1
context_unseen_early,training/notflip/0036_000000023,notflip/0036,23,ENV-03,0,0.4535329043865204,0
context_unseen_early,training/notflip/0036_000000024,notflip/0036,24,ENV-03,0,0.4748644530773163,0
context_unseen_early,training/notflip/0037_000000001,notflip/0037,1,ENV-03,0,0.032054100185632706,0
context_unseen_early,testing/notflip/0037_000000002,notflip/0037,2,ENV-03,0,0.036556340754032135,0
context_unseen_early,training/notflip/0037_000000003,notflip/0037,3,ENV-03,0,0.06029500812292099,0
context_unseen_early,testing/notflip/0037_000000004,notflip/0037,4,ENV-03,0,0.06964743137359619,0
context_unseen_early,training/notflip/0037_000000005,notflip/0037,5,ENV-03,0,0.09078562259674072,0
context_unseen_early,training/notflip/0037_000000006,notflip/0037,6,ENV-03,0,0.13539034128189087,0
context_unseen_early,testing/notflip/0037_000000007,notflip/0037,7,ENV-03,0,0.06299138814210892,0
context_unseen_early,testing/notflip/0037_000000008,notflip/0037,8,ENV-03,0,0.03236725553870201,0
context_unseen_early,training/notflip/0037_000000009,notflip/0037,9,ENV-03,0,0.028022659942507744,0
context_unseen_early,testing/notflip/0037_000000010,notflip/0037,10,ENV-03,0,0.02378036454319954,0
context_unseen_early,training/notflip/0037_000000011,notflip/0037,11,ENV-03,0,0.01900104247033596,0
context_unseen_early,training/notflip/0037_000000012,notflip/0037,12,ENV-03,0,0.014654219150543213,0
context_unseen_early,training/notflip/0037_000000013,notflip/0037,13,ENV-03,0,0.010690156370401382,0
context_unseen_early,testing/notflip/0037_000000014,notflip/0037,14,ENV-03,0,0.009295049123466015,0
context_unseen_early,testing/notflip/0037_000000015,notflip/0037,15,ENV-03,0,0.010360170155763626,0
context_unseen_early,training/notflip/0037_000000016,notflip/0037,16,ENV-03,0,0.01219409890472889,0
context_unseen_early,training/notflip/0037_000000017,notflip/0037,17,ENV-03,0,0.012287498451769352,0
context_unseen_early,testing/notflip/0037_000000018,notflip/0037,18,ENV-03,0,0.01270252838730812,0
context_unseen_early,testing/notflip/0037_000000019,notflip/0037,19,ENV-03,0,0.01325233280658722,0
context_unseen_early,training/notflip/0037_000000020,notflip/0037,20,ENV-03,0,0.010915257036685944,0
context_unseen_early,training/notflip/0037_000000021,notflip/0037,21,ENV-03,0,0.01280197687447071,0
context_unseen_early,training/notflip/0037_000000022,notflip/0037,22,ENV-03,0,0.012264042161405087,0
context_unseen_early,training/notflip/0037_000000023,notflip/0037,23,ENV-03,0,0.016356399282813072,0
context_unseen_early,training/notflip/0037_000000024,notflip/0037,24,ENV-03,0,0.018439453095197678,0
context_unseen_early,training/notflip/0038_000000001,notflip/0038,1,ENV-03,0,0.015492349863052368,0
context_unseen_early,training/notflip/0038_000000002,notflip/0038,2,ENV-03,0,0.018470099195837975,0
context_unseen_early,training/notflip/0038_000000003,notflip/0038,3,ENV-03,0,0.01953461393713951,0
context_unseen_early,training/notflip/0038_000000004,notflip/0038,4,ENV-03,0,0.02178698405623436,0
context_unseen_early,testing/notflip/0038_000000005,notflip/0038,5,ENV-03,0,0.023626690730452538,0
context_unseen_early,training/notflip/0038_000000006,notflip/0038,6,ENV-03,0,0.015189268626272678,0
context_unseen_early,training/notflip/0038_000000007,notflip/0038,7,ENV-03,0,0.014091159217059612,0
context_unseen_early,testing/notflip/0038_000000008,notflip/0038,8,ENV-03,0,0.012432564049959183,0
context_unseen_early,testing/notflip/0038_000000009,notflip/0038,9,ENV-03,0,0.017875967547297478,0
context_unseen_early,testing/notflip/0038_000000010,notflip/0038,10,ENV-03,0,0.013989963568747044,0
context_unseen_early,testing/notflip/0038_000000011,notflip/0038,11,ENV-03,0,0.011301844380795956,0
context_unseen_early,training/notflip/0038_000000012,notflip/0038,12,ENV-03,0,0.010265680029988289,0
context_unseen_early,training/notflip/0038_000000013,notflip/0038,13,ENV-03,0,0.01281741913408041,0
context_unseen_early,training/notflip/0038_000000014,notflip/0038,14,ENV-03,0,0.0171371977776289,0
context_unseen_early,training/notflip/0038_000000015,notflip/0038,15,ENV-03,0,0.016098372638225555,0
context_unseen_early,training/notflip/0038_000000016,notflip/0038,16,ENV-03,0,0.012718289159238338,0
context_unseen_early,training/notflip/0038_000000017,notflip/0038,17,ENV-03,0,0.01154629047960043,0
context_unseen_early,training/notflip/0038_000000018,notflip/0038,18,ENV-03,0,0.010680105537176132,0
context_unseen_early,training/notflip/0038_000000019,notflip/0038,19,ENV-03,0,0.0062759811989963055,0
context_unseen_early,testing/notflip/0038_000000020,notflip/0038,20,ENV-03,0,0.008343511261045933,0
context_unseen_early,training/notflip/0038_000000021,notflip/0038,21,ENV-03,0,0.005971201229840517,0
context_unseen_early,testing/notflip/0038_000000022,notflip/0038,22,ENV-03,0,0.004917012993246317,0
context_unseen_early,testing/notflip/0038_000000023,notflip/0038,23,ENV-03,0,0.004557926673442125,0
context_unseen_early,training/notflip/0038_000000024,notflip/0038,24,ENV-03,0,0.005245654843747616,0
context_unseen_early,training/notflip/0039_000000001,notflip/0039,1,ENV-03,0,0.20033244788646698,0
context_unseen_early,training/notflip/0039_000000002,notflip/0039,2,ENV-03,0,0.13258926570415497,0
context_unseen_early,testing/notflip/0039_000000003,notflip/0039,3,ENV-03,0,0.13845477998256683,0
context_unseen_early,training/notflip/0039_000000004,notflip/0039,4,ENV-03,0,0.13710243999958038,0
context_unseen_early,training/notflip/0039_000000005,notflip/0039,5,ENV-03,0,0.09607823938131332,0
context_unseen_early,training/notflip/0039_000000006,notflip/0039,6,ENV-03,0,0.06389439851045609,0
context_unseen_early,training/notflip/0039_000000007,notflip/0039,7,ENV-03,0,0.05333589017391205,0
context_unseen_early,training/notflip/0039_000000008,notflip/0039,8,ENV-03,0,0.04936080798506737,0
context_unseen_early,training/notflip/0039_000000009,notflip/0039,9,ENV-03,0,0.06784283369779587,0
context_unseen_early,training/notflip/0039_000000010,notflip/0039,10,ENV-03,0,0.026785684749484062,0
context_unseen_early,training/notflip/0039_000000011,notflip/0039,11,ENV-03,0,0.006078032311052084,0
context_unseen_early,training/notflip/0039_000000012,notflip/0039,12,ENV-03,0,0.004180655814707279,0
context_unseen_early,training/notflip/0039_000000013,notflip/0039,13,ENV-03,0,0.0032619719859212637,0
context_unseen_early,training/notflip/0039_000000014,notflip/0039,14,ENV-03,0,0.0021714919712394476,0
context_unseen_early,training/notflip/0039_000000015,notflip/0039,15,ENV-03,0,0.0018878416158258915,0
context_unseen_early,training/notflip/0039_000000016,notflip/0039,16,ENV-03,0,0.0023664121981710196,0
context_unseen_early,training/notflip/0039_000000017,notflip/0039,17,ENV-03,0,0.001828509382903576,0
context_unseen_early,training/notflip/0039_000000018,notflip/0039,18,ENV-03,0,0.0014958248939365149,0
context_unseen_early,training/notflip/0039_000000019,notflip/0039,19,ENV-03,0,0.0009395767701789737,0
context_unseen_early,training/notflip/0039_000000020,notflip/0039,20,ENV-03,0,0.0019580733496695757,0
context_unseen_early,training/notflip/0039_000000021,notflip/0039,21,ENV-03,0,0.0032435422763228416,0
context_unseen_early,testing/notflip/0039_000000022,notflip/0039,22,ENV-03,0,0.0027604668866842985,0
context_unseen_early,training/notflip/0039_000000023,notflip/0039,23,ENV-03,0,0.003777524922043085,0
context_unseen_early,training/notflip/0039_000000024,notflip/0039,24,ENV-03,0,0.004486753139644861,0
context_unseen_early,training/notflip/0040_000000001,notflip/0040,1,ENV-03,0,6.503722397610545e-05,0
context_unseen_early,training/notflip/0040_000000002,notflip/0040,2,ENV-03,0,8.388781861867756e-05,0
context_unseen_early,training/notflip/0040_000000003,notflip/0040,3,ENV-03,0,6.30280701443553e-05,0
context_unseen_early,testing/notflip/0040_000000004,notflip/0040,4,ENV-03,0,0.00011011844617314637,0
context_unseen_early,testing/notflip/0040_000000005,notflip/0040,5,ENV-03,0,6.02954751229845e-05,0
context_unseen_early,testing/notflip/0040_000000006,notflip/0040,6,ENV-03,0,3.7921279727015644e-05,0
context_unseen_early,testing/notflip/0040_000000007,notflip/0040,7,ENV-03,0,6.608011608477682e-05,0
context_unseen_early,training/notflip/0040_000000008,notflip/0040,8,ENV-03,0,3.286734499852173e-05,0
context_unseen_early,training/notflip/0040_000000009,notflip/0040,9,ENV-03,0,3.676032065413892e-05,0
context_unseen_early,training/notflip/0040_000000010,notflip/0040,10,ENV-03,0,3.677736094687134e-05,0
context_unseen_early,testing/notflip/0040_000000011,notflip/0040,11,ENV-03,0,1.796625838323962e-05,0
context_unseen_early,testing/notflip/0040_000000012,notflip/0040,12,ENV-03,0,1.60306844918523e-05,0
context_unseen_early,training/notflip/0040_000000013,notflip/0040,13,ENV-03,0,2.3424647224601358e-05,0
context_unseen_early,testing/notflip/0040_000000014,notflip/0040,14,ENV-03,0,1.266812250833027e-05,0
context_unseen_early,training/notflip/0040_000000015,notflip/0040,15,ENV-03,0,1.4183949133439455e-05,0
context_unseen_early,testing/notflip/0040_000000016,notflip/0040,16,ENV-03,0,2.2597234419663437e-05,0
context_unseen_early,testing/notflip/0040_000000017,notflip/0040,17,ENV-03,0,3.796143937506713e-05,0
context_unseen_early,testing/notflip/0040_000000018,notflip/0040,18,ENV-03,0,4.863984577241354e-05,0
context_unseen_early,training/notflip/0040_000000019,notflip/0040,19,ENV-03,0,4.925993562210351e-05,0
context_unseen_early,training/notflip/0040_000000020,notflip/0040,20,ENV-03,0,4.629736940842122e-05,0
context_unseen_early,training/notflip/0040_000000021,notflip/0040,21,ENV-03,0,5.503986176336184e-05,0
context_unseen_early,training/notflip/0040_000000022,notflip/0040,22,ENV-03,0,7.618562085554004e-05,0
context_unseen_early,training/notflip/0040_000000023,notflip/0040,23,ENV-03,0,7.853309216443449e-05,0
context_unseen_early,training/notflip/0040_000000024,notflip/0040,24,ENV-03,0,8.69461364345625e-05,0
context_known_future,training/flip/0001_000000022,flip/0001,22,ENV-01,1,0.9996743202209473,1
context_known_future,training/flip/0001_000000023,flip/0001,23,ENV-01,1,0.9983335137367249,1
context_known_future,training/flip/0001_000000024,flip/0001,24,ENV-01,1,0.9916867613792419,1
context_known_future,training/flip/0001_000000025,flip/0001,25,ENV-01,1,0.9365194439888,1
context_known_future,training/flip/0002_000000019,flip/0002,19,ENV-01,1,0.9992808699607849,1
context_known_future,training/flip/0002_000000020,flip/0002,20,ENV-01,1,0.9945217370986938,1
context_known_future,training/flip/0002_000000021,flip/0002,21,ENV-01,1,0.9796561002731323,1
context_known_future,training/flip/0003_000000021,flip/0003,21,ENV-01,1,0.9996668100357056,1
context_known_future,testing/flip/0003_000000022,flip/0003,22,ENV-01,1,0.9990863800048828,1
context_known_future,training/flip/0003_000000023,flip/0003,23,ENV-01,1,0.9986205101013184,1
context_known_future,training/flip/0003_000000024,flip/0003,24,ENV-01,1,0.9935732483863831,1
context_known_future,testing/flip/0003_000000025,flip/0003,25,ENV-01,1,0.9691660404205322,1
context_known_future,training/flip/0003_000000026,flip/0003,26,ENV-01,1,0.8154253363609314,1
context_known_future,training/flip/0004_000000024,flip/0004,24,ENV-01,1,0.999932050704956,1
context_known_future,training/flip/0004_000000025,flip/0004,25,ENV-01,1,0.9997654557228088,1
context_known_future,training/flip/0004_000000026,flip/0004,26,ENV-01,1,0.9997432827949524,1
context_known_future,testing/flip/0004_000000027,flip/0004,27,ENV-01,1,0.9989845156669617,1
context_known_future,training/flip/0004_000000028,flip/0004,28,ENV-01,1,0.9975430965423584,1
context_known_future,training/flip/0005_000000025,flip/0005,25,ENV-01,1,0.9999337196350098,1
context_known_future,training/flip/0005_000000026,flip/0005,26,ENV-01,1,0.9998672008514404,1
context_known_future,training/flip/0005_000000027,flip/0005,27,ENV-01,1,0.9996953010559082,1
context_known_future,testing/flip/0005_000000028,flip/0005,28,ENV-01,1,0.9991483688354492,1
context_known_future,training/flip/0005_000000029,flip/0005,29,ENV-01,1,0.9947740435600281,1
context_known_future,training/flip/0005_000000030,flip/0005,30,ENV-01,1,0.9565579891204834,1
context_known_future,testing/flip/0006_000000025,flip/0006,25,ENV-01,1,0.9996891021728516,1
context_known_future,training/flip/0006_000000026,flip/0006,26,ENV-01,1,0.9993448853492737,1
context_known_future,training/flip/0006_000000027,flip/0006,27,ENV-01,1,0.9944830536842346,1
context_known_future,training/flip/0006_000000028,flip/0006,28,ENV-01,1,0.9896542429924011,1
context_known_future,training/flip/0006_000000029,flip/0006,29,ENV-01,1,0.8330737948417664,1
context_known_future,testing/flip/0006_000000030,flip/0006,30,ENV-01,1,0.15195943415164948,0
context_known_future,training/flip/0007_000000025,flip/0007,25,ENV-01,1,0.9980955719947815,1
context_known_future,training/flip/0007_000000026,flip/0007,26,ENV-01,1,0.9959482550621033,1
context_known_future,training/flip/0007_000000027,flip/0007,27,ENV-01,1,0.997170627117157,1
context_known_future,training/flip/0007_000000028,flip/0007,28,ENV-01,1,0.9919435977935791,1
context_known_future,training/flip/0007_000000029,flip/0007,29,ENV-01,1,0.9646111726760864,1
context_known_future,training/flip/0007_000000030,flip/0007,30,ENV-01,1,0.9375868439674377,1
context_known_future,training/flip/0008_000000024,flip/0008,24,ENV-01,1,0.999846339225769,1
context_known_future,training/flip/0008_000000025,flip/0008,25,ENV-01,1,0.9998691082000732,1
context_known_future,testing/flip/0008_000000026,flip/0008,26,ENV-01,1,0.9995625615119934,1
context_known_future,training/flip/0008_000000027,flip/0008,27,ENV-01,1,0.9934622049331665,1
context_known_future,training/flip/0008_000000028,flip/0008,28,ENV-01,1,0.9739660620689392,1
context_known_future,testing/flip/0008_000000029,flip/0008,29,ENV-01,1,0.9549494981765747,1
context_known_future,testing/flip/0009_000000023,flip/0009,23,ENV-01,1,0.9998636245727539,1
context_known_future,training/flip/0009_000000024,flip/0009,24,ENV-01,1,0.9997138381004333,1
context_known_future,testing/flip/0009_000000025,flip/0009,25,ENV-01,1,0.9976267218589783,1
context_known_future,testing/flip/0009_000000026,flip/0009,26,ENV-01,1,0.9673550724983215,1
context_known_future,training/flip/0009_000000027,flip/0009,27,ENV-01,1,0.7480510473251343,1
context_known_future,training/flip/0009_000000028,flip/0009,28,ENV-01,1,0.7724467515945435,1
context_known_future,training/flip/0010_000000025,flip/0010,25,ENV-01,1,0.9961339235305786,1
context_known_future,training/flip/0010_000000026,flip/0010,26,ENV-01,1,0.884287416934967,1
context_known_future,training/flip/0010_000000027,flip/0010,27,ENV-01,1,0.8022804260253906,1
context_known_future,training/flip/0010_000000028,flip/0010,28,ENV-01,1,0.8333946466445923,1
context_known_future,training/flip/0010_000000029,flip/0010,29,ENV-01,1,0.6775867342948914,1
context_known_future,training/flip/0010_000000030,flip/0010,30,ENV-01,1,0.6801198720932007,1
context_known_future,training/flip/0011_000000025,flip/0011,25,ENV-02,1,0.9998132586479187,1
context_known_future,testing/flip/0011_000000026,flip/0011,26,ENV-02,1,0.9997314810752869,1
context_known_future,testing/flip/0011_000000027,flip/0011,27,ENV-02,1,0.9995087385177612,1
context_known_future,training/flip/0011_000000028,flip/0011,28,ENV-02,1,0.9993295669555664,1
context_known_future,training/flip/0011_000000029,flip/0011,29,ENV-02,1,0.9994900226593018,1
context_known_future,training/flip/0011_000000030,flip/0011,30,ENV-02,1,0.9992030262947083,1
context_known_future,training/flip/0012_000000026,flip/0012,26,ENV-02,1,0.9999086856842041,1
context_known_future,training/flip/0012_000000027,flip/0012,27,ENV-02,1,0.9998986721038818,1
context_known_future,training/flip/0012_000000028,flip/0012,28,ENV-02,1,0.9997970461845398,1
context_known_future,testing/flip/0012_000000029,flip/0012,29,ENV-02,1,0.9998412132263184,1
context_known_future,testing/flip/0012_000000030,flip/0012,30,ENV-02,1,0.9999029636383057,1
context_known_future,training/flip/0013_000000025,flip/0013,25,ENV-02,1,0.9998354911804199,1
context_known_future,training/flip/0013_000000026,flip/0013,26,ENV-02,1,0.999813973903656,1
context_known_future,training/flip/0013_000000027,flip/0013,27,ENV-02,1,0.9996769428253174,1
context_known_future,training/flip/0013_000000028,flip/0013,28,ENV-02,1,0.9998229146003723,1
context_known_future,training/flip/0013_000000029,flip/0013,29,ENV-02,1,0.9997660517692566,1
context_known_future,training/flip/0013_000000030,flip/0013,30,ENV-02,1,0.9998823404312134,1
context_known_future,testing/flip/0014_000000019,flip/0014,19,ENV-02,1,0.9999986886978149,1
context_known_future,testing/flip/0014_000000020,flip/0014,20,ENV-02,1,0.9999988079071045,1
context_known_future,training/flip/0014_000000021,flip/0014,21,ENV-02,1,0.9999985694885254,1
context_known_future,training/flip/0014_000000022,flip/0014,22,ENV-02,1,0.9999940395355225,1
context_known_future,training/flip/0014_000000023,flip/0014,23,ENV-02,1,0.999984860420227,1
context_known_future,training/flip/0015_000000025,flip/0015,25,ENV-02,1,0.9997138381004333,1
context_known_future,training/flip/0015_000000026,flip/0015,26,ENV-02,1,0.9995177984237671,1
context_known_future,training/flip/0015_000000027,flip/0015,27,ENV-02,1,0.9995501637458801,1
context_known_future,training/flip/0015_000000028,flip/0015,28,ENV-02,1,0.9992105960845947,1
context_known_future,testing/flip/0015_000000029,flip/0015,29,ENV-02,1,0.9983545541763306,1
context_known_future,training/flip/0015_000000030,flip/0015,30,ENV-02,1,0.9985622763633728,1
context_known_future,training/flip/0016_000000025,flip/0016,25,ENV-02,1,0.9999943971633911,1
context_known_future,testing/flip/0016_000000026,flip/0016,26,ENV-02,1,0.9999921321868896,1
context_known_future,training/flip/0016_000000027,flip/0016,27,ENV-02,1,0.9999934434890747,1
context_known_future,training/flip/0016_000000028,flip/0016,28,ENV-02,1,0.9999914169311523,1
context_known_future,training/flip/0016_000000029,flip/0016,29,ENV-02,1,0.9999938011169434,1
context_known_future,training/flip/0016_000000030,flip/0016,30,ENV-02,1,0.9999901056289673,1
context_known_future,training/flip/0017_000000019,flip/0017,19,ENV-02,1,0.999893069267273,1
context_known_future,training/flip/0017_000000020,flip/0017,20,ENV-02,1,0.9999580383300781,1
context_known_future,training/flip/0017_000000021,flip/0017,21,ENV-02,1,0.9999792575836182,1
context_known_future,training/flip/0017_000000022,flip/0017,22,ENV-02,1,0.9999681711196899,1
context_known_future,training/flip/0018_000000021,flip/0018,21,ENV-02,1,0.9999750852584839,1
context_known_future,training/flip/0018_000000022,flip/0018,22,ENV-02,1,0.9999827146530151,1
context_known_future,training/flip/0018_000000023,flip/0018,23,ENV-02,1,0.9999886751174927,1
context_known_future,training/flip/0018_000000024,flip/0018,24,ENV-02,1,0.9999929666519165,1
context_known_future,training/flip/0018_000000025,flip/0018,25,ENV-02,1,0.999993085861206,1
context_known_future,training/flip/0018_000000026,flip/0018,26,ENV-02,1,0.9999803304672241,1
context_known_future,training/flip/0019_000000027,flip/0019,27,ENV-02,1,0.9999979734420776,1
context_known_future,training/flip/0019_000000028,flip/0019,28,ENV-02,1,0.9999978542327881,1
context_known_future,training/flip/0019_000000029,flip/0019,29,ENV-02,1,0.9999961853027344,1
context_known_future,training/flip/0019_000000030,flip/0019,30,ENV-02,1,0.9999983310699463,1
context_known_future,testing/flip/0020_000000020,flip/0020,20,ENV-02,1,0.9999996423721313,1
context_known_future,training/flip/0020_000000021,flip/0020,21,ENV-02,1,0.9999995231628418,1
context_known_future,training/flip/0020_000000022,flip/0020,22,ENV-02,1,0.9999994039535522,1
context_known_future,testing/flip/0020_000000023,flip/0020,23,ENV-02,1,0.9999990463256836,1
context_known_future,training/flip/0021_000000026,flip/0021,26,ENV-02,1,0.9999966621398926,1
context_known_future,testing/flip/0021_000000027,flip/0021,27,ENV-02,1,0.9999953508377075,1
context_known_future,training/flip/0021_000000028,flip/0021,28,ENV-02,1,0.9999938011169434,1
context_known_future,training/flip/0021_000000029,flip/0021,29,ENV-02,1,0.9999915361404419,1
context_known_future,training/flip/0021_000000030,flip/0021,30,ENV-02,1,0.9999747276306152,1
context_known_future,training/flip/0022_000000021,flip/0022,21,ENV-02,1,0.9999707937240601,1
context_known_future,training/flip/0022_000000022,flip/0022,22,ENV-02,1,0.9999309778213501,1
context_known_future,training/flip/0022_000000023,flip/0022,23,ENV-02,1,0.9991785883903503,1
context_known_future,training/flip/0022_000000024,flip/0022,24,ENV-02,1,0.999813973903656,1
context_known_future,training/flip/0023_000000023,flip/0023,23,ENV-02,1,0.9996954202651978,1
context_known_future,training/flip/0023_000000024,flip/0023,24,ENV-02,1,0.9953308701515198,1
context_known_future,training/flip/0023_000000025,flip/0023,25,ENV-02,1,0.8101953864097595,1
context_known_future,training/flip/0024_000000025,flip/0024,25,ENV-02,1,0.9990882873535156,1
context_known_future,training/flip/0024_000000026,flip/0024,26,ENV-02,1,0.99639493227005,1
context_known_future,training/flip/0024_000000027,flip/0024,27,ENV-02,1,0.9934870004653931,1
context_known_future,training/flip/0025_000000012,flip/0025,12,ENV-02,1,0.9999850988388062,1
context_known_future,training/flip/0025_000000013,flip/0025,13,ENV-02,1,0.9999747276306152,1
context_known_future,training/flip/0025_000000014,flip/0025,14,ENV-02,1,0.9997486472129822,1
context_known_future,training/flip/0026_000000020,flip/0026,20,ENV-02,1,0.9999713897705078,1
context_known_future,training/flip/0026_000000021,flip/0026,21,ENV-02,1,0.9998641014099121,1
context_known_future,training/flip/0026_000000022,flip/0026,22,ENV-02,1,0.9990689158439636,1
context_known_future,testing/flip/0027_000000019,flip/0027,19,ENV-02,1,0.9999212026596069,1
context_known_future,training/flip/0027_000000020,flip/0027,20,ENV-02,1,0.9995675683021545,1
context_known_future,training/flip/0028_000000023,flip/0028,23,ENV-02,1,0.9999938011169434,1
context_known_future,testing/flip/0028_000000024,flip/0028,24,ENV-02,1,0.9999825954437256,1
context_known_future,training/flip/0028_000000025,flip/0028,25,ENV-02,1,0.9999581575393677,1
context_known_future,training/flip/0028_000000026,flip/0028,26,ENV-02,1,0.9997391104698181,1
context_known_future,training/flip/0028_000000027,flip/0028,27,ENV-02,1,0.9986880421638489,1
context_known_future,training/flip/0028_000000028,flip/0028,28,ENV-02,1,0.9922484159469604,1
context_known_future,testing/flip/0029_000000025,flip/0029,25,ENV-02,1,0.9999990463256836,1
context_known_future,training/flip/0029_000000026,flip/0029,26,ENV-02,1,0.9999986886978149,1
context_known_future,testing/flip/0029_000000027,flip/0029,27,ENV-02,1,0.9999929666519165,1
context_known_future,training/flip/0029_000000028,flip/0029,28,ENV-02,1,0.9999678134918213,1
context_known_future,testing/flip/0030_000000031,flip/0030,31,ENV-02,1,0.9979532957077026,1
context_known_future,training/flip/0030_000000032,flip/0030,32,ENV-02,1,0.9954664707183838,1
context_known_future,training/flip/0030_000000033,flip/0030,33,ENV-02,1,0.9959796667098999,1
context_known_future,training/flip/0030_000000034,flip/0030,34,ENV-02,1,0.9812740683555603,1
context_known_future,training/flip/0030_000000035,flip/0030,35,ENV-02,1,0.9621885418891907,1
context_known_future,training/flip/0030_000000036,flip/0030,36,ENV-02,1,0.9578724503517151,1
context_known_future,training/flip/0030_000000037,flip/0030,37,ENV-02,1,0.970506489276886,1
context_known_future,testing/flip/0030_000000038,flip/0030,38,ENV-02,1,0.9934037327766418,1
context_known_future,training/flip/0031_000000026,flip/0031,26,ENV-02,1,0.9999915361404419,1
context_known_future,training/flip/0031_000000027,flip/0031,27,ENV-02,1,0.9999432563781738,1
context_known_future,testing/flip/0031_000000028,flip/0031,28,ENV-02,1,0.9991440773010254,1
context_known_future,training/flip/0032_000000017,flip/0032,17,ENV-02,1,0.9996285438537598,1
context_known_future,training/flip/0032_000000018,flip/0032,18,ENV-02,1,0.9959753155708313,1
context_known_future,training/flip/0033_000000024,flip/0033,24,ENV-02,1,0.9997673630714417,1
context_known_future,training/flip/0033_000000025,flip/0033,25,ENV-02,1,0.9987086057662964,1
context_known_future,training/flip/0033_000000026,flip/0033,26,ENV-02,1,0.9618061780929565,1
context_known_future,training/flip/0049_000000028,flip/0049,28,ENV-04,1,0.9997475743293762,1
context_known_future,training/flip/0049_000000029,flip/0049,29,ENV-04,1,0.9986536502838135,1
context_known_future,training/flip/0049_000000030,flip/0049,30,ENV-04,1,0.9806807637214661,1
context_known_future,training/flip/0050_000000028,flip/0050,28,ENV-04,1,0.9957852959632874,1
context_known_future,training/flip/0050_000000029,flip/0050,29,ENV-04,1,0.9886035919189453,1
context_known_future,training/flip/0050_000000030,flip/0050,30,ENV-04,1,0.9741950035095215,1
context_known_future,training/flip/0051_000000024,flip/0051,24,ENV-04,1,0.9985507130622864,1
context_known_future,training/flip/0051_000000025,flip/0051,25,ENV-04,1,0.9918599724769592,1
context_known_future,training/flip/0051_000000026,flip/0051,26,ENV-04,1,0.3940352499485016,0
context_known_future,training/flip/0051_000000027,flip/0051,27,ENV-04,1,0.07530109584331512,0
context_known_future,training/flip/0052_000000026,flip/0052,26,ENV-04,1,0.9983426332473755,1
context_known_future,training/flip/0052_000000027,flip/0052,27,ENV-04,1,0.9834004044532776,1
context_known_future,training/flip/0052_000000028,flip/0052,28,ENV-04,1,0.7639740109443665,1
context_known_future,training/flip/0052_000000029,flip/0052,29,ENV-04,1,0.4339722990989685,0
context_known_future,training/flip/0053_000000025,flip/0053,25,ENV-04,1,0.9976709485054016,1
context_known_future,training/flip/0053_000000026,flip/0053,26,ENV-04,1,0.9948193430900574,1
context_known_future,training/flip/0053_000000027,flip/0053,27,ENV-04,1,0.9875832200050354,1
context_known_future,training/flip/0053_000000028,flip/0053,28,ENV-04,1,0.7010962963104248,1
context_known_future,training/flip/0053_000000029,flip/0053,29,ENV-04,1,0.4370264410972595,0
context_known_future,training/flip/0053_000000030,flip/0053,30,ENV-04,1,0.1491611897945404,0
context_known_future,training/flip/0054_000000025,flip/0054,25,ENV-04,1,0.9980279803276062,1
context_known_future,training/flip/0054_000000026,flip/0054,26,ENV-04,1,0.9954621195793152,1
context_known_future,testing/flip/0054_000000027,flip/0054,27,ENV-04,1,0.9709266424179077,1
context_known_future,training/flip/0054_000000028,flip/0054,28,ENV-04,1,0.4696086347103119,0
context_known_future,training/flip/0054_000000029,flip/0054,29,ENV-04,1,0.11889880895614624,0
context_known_future,testing/flip/0055_000000027,flip/0055,27,ENV-04,1,0.9993759989738464,1
context_known_future,testing/flip/0055_000000028,flip/0055,28,ENV-04,1,0.9949434399604797,1
context_known_future,training/flip/0055_000000029,flip/0055,29,ENV-04,1,0.8891076445579529,1
context_known_future,training/flip/0055_000000030,flip/0055,30,ENV-04,1,0.8887839913368225,1
context_known_future,training/flip/0056_000000027,flip/0056,27,ENV-04,1,0.999808132648468,1
context_known_future,training/flip/0056_000000028,flip/0056,28,ENV-04,1,0.9984967708587646,1
context_known_future,training/flip/0056_000000029,flip/0056,29,ENV-04,1,0.9168065190315247,1
context_known_future,testing/flip/0056_000000030,flip/0056,30,ENV-04,1,0.6131337881088257,1
context_known_future,training/flip/0057_000000027,flip/0057,27,ENV-04,1,0.9994619488716125,1
context_known_future,training/flip/0057_000000028,flip/0057,28,ENV-04,1,0.9983816146850586,1
context_known_future,training/flip/0057_000000029,flip/0057,29,ENV-04,1,0.9950370192527771,1
context_known_future,testing/flip/0057_000000030,flip/0057,30,ENV-04,1,0.7662976980209351,1
context_known_future,training/flip/0058_000000024,flip/0058,24,ENV-04,1,0.9998736381530762,1
context_known_future,training/flip/0058_000000025,flip/0058,25,ENV-04,1,0.9999620914459229,1
context_known_future,training/flip/0058_000000026,flip/0058,26,ENV-04,1,0.9999099969863892,1
context_known_future,testing/flip/0058_000000027,flip/0058,27,ENV-04,1,0.9996843338012695,1
context_known_future,training/flip/0058_000000028,flip/0058,28,ENV-04,1,0.9987602233886719,1
context_known_future,training/flip/0058_000000029,flip/0058,29,ENV-04,1,0.9935077428817749,1
context_known_future,training/flip/0059_000000025,flip/0059,25,ENV-04,1,0.9999716281890869,1
context_known_future,training/flip/0059_000000026,flip/0059,26,ENV-04,1,0.9998395442962646,1
context_known_future,training/flip/0059_000000027,flip/0059,27,ENV-04,1,0.9990836381912231,1
context_known_future,testing/flip/0059_000000028,flip/0059,28,ENV-04,1,0.9911092519760132,1
context_known_future,training/flip/0059_000000029,flip/0059,29,ENV-04,1,0.6398423910140991,1
context_known_future,training/flip/0059_000000030,flip/0059,30,ENV-04,1,0.38046884536743164,0
context_known_future,training/flip/0060_000000045,flip/0060,45,ENV-04,1,0.9937267303466797,1
context_known_future,training/flip/0060_000000046,flip/0060,46,ENV-04,1,0.9913268685340881,1
context_known_future,training/flip/0060_000000047,flip/0060,47,ENV-04,1,0.9897972345352173,1
context_known_future,training/flip/0060_000000048,flip/0060,48,ENV-04,1,0.9782936573028564,1
context_known_future,training/flip/0060_000000049,flip/0060,49,ENV-04,1,0.9661445617675781,1
context_known_future,training/flip/0060_000000050,flip/0060,50,ENV-04,1,0.9775854349136353,1
context_known_future,training/flip/0060_000000051,flip/0060,51,ENV-04,1,0.9196033477783203,1
context_known_future,testing/flip/0060_000000052,flip/0060,52,ENV-04,1,0.6490252614021301,1
context_known_future,testing/flip/0060_000000053,flip/0060,53,ENV-04,1,0.1717229187488556,0
context_known_future,training/flip/0060_000000054,flip/0060,54,ENV-04,1,0.01064374577254057,0
context_known_future,testing/flip/0060_000000055,flip/0060,55,ENV-04,1,0.00448134820908308,0
context_known_future,testing/flip/0061_000000026,flip/0061,26,ENV-04,1,0.9925332069396973,1
context_known_future,testing/flip/0061_000000027,flip/0061,27,ENV-04,1,0.8845041990280151,1
context_known_future,training/flip/0061_000000028,flip/0061,28,ENV-04,1,0.6165114045143127,1
context_known_future,testing/flip/0061_000000029,flip/0061,29,ENV-04,1,0.17239949107170105,0
context_known_future,training/flip/0061_000000030,flip/0061,30,ENV-04,1,0.046552207320928574,0
context_known_future,training/flip/0062_000000025,flip/0062,25,ENV-04,1,0.9619697332382202,1
context_known_future,training/flip/0062_000000026,flip/0062,26,ENV-04,1,0.5487297177314758,1
context_known_future,training/flip/0062_000000027,flip/0062,27,ENV-04,1,0.09755975008010864,0
context_known_future,training/flip/0062_000000028,flip/0062,28,ENV-04,1,0.011359716765582561,0
context_known_future,training/flip/0062_000000029,flip/0062,29,ENV-04,1,0.001581787713803351,0
context_known_future,training/flip/0062_000000030,flip/0062,30,ENV-04,1,0.0007798727601766586,0
context_known_future,training/flip/0063_000000021,flip/0063,21,ENV-04,1,0.9997394680976868,1
context_known_future,training/flip/0063_000000022,flip/0063,22,ENV-04,1,0.998450517654419,1
context_known_future,testing/flip/0063_000000023,flip/0063,23,ENV-04,1,0.9302083849906921,1
context_known_future,testing/flip/0064_000000027,flip/0064,27,ENV-04,1,0.9996687173843384,1
context_known_future,training/flip/0064_000000028,flip/0064,28,ENV-04,1,0.9904434084892273,1
context_known_future,training/flip/0064_000000029,flip/0064,29,ENV-04,1,0.8941895961761475,1
context_known_future,training/flip/0065_000000024,flip/0065,24,ENV-04,1,0.9970075488090515,1
context_known_future,testing/flip/0065_000000025,flip/0065,25,ENV-04,1,0.9973738193511963,1
context_known_future,testing/flip/0065_000000026,flip/0065,26,ENV-04,1,0.995029866695404,1
context_known_future,training/flip/0065_000000027,flip/0065,27,ENV-04,1,0.7500625252723694,1
context_known_future,training/flip/0065_000000028,flip/0065,28,ENV-04,1,0.2075260728597641,0
context_known_future,training/flip/0065_000000029,flip/0065,29,ENV-04,1,0.030762240290641785,0
context_known_future,training/notflip/0001_000000025,notflip/0001,25,ENV-01,0,0.6225273013114929,1
context_known_future,training/notflip/0001_000000026,notflip/0001,26,ENV-01,0,0.6786801218986511,1
context_known_future,training/notflip/0001_000000027,notflip/0001,27,ENV-01,0,0.5216477513313293,1
context_known_future,training/notflip/0001_000000028,notflip/0001,28,ENV-01,0,0.6165931820869446,1
context_known_future,training/notflip/0001_000000029,notflip/0001,29,ENV-01,0,0.6005900502204895,1
context_known_future,training/notflip/0001_000000030,notflip/0001,30,ENV-01,0,0.5752485990524292,1
context_known_future,training/notflip/0002_000000025,notflip/0002,25,ENV-01,0,0.15803538262844086,0
context_known_future,testing/notflip/0002_000000026,notflip/0002,26,ENV-01,0,0.20280404388904572,0
context_known_future,testing/notflip/0002_000000027,notflip/0002,27,ENV-01,0,0.277866005897522,0
context_known_future,testing/notflip/0002_000000028,notflip/0002,28,ENV-01,0,0.304997056722641,0
context_known_future,training/notflip/0002_000000029,notflip/0002,29,ENV-01,0,0.3608176112174988,0
context_known_future,training/notflip/0002_000000030,notflip/0002,30,ENV-01,0,0.4916563928127289,0
context_known_future,testing/notflip/0003_000000025,notflip/0003,25,ENV-01,0,0.616655170917511,1
context_known_future,training/notflip/0003_000000026,notflip/0003,26,ENV-01,0,0.6988389492034912,1
context_known_future,training/notflip/0003_000000027,notflip/0003,27,ENV-01,0,0.7040280699729919,1
context_known_future,training/notflip/0003_000000028,notflip/0003,28,ENV-01,0,0.8852935433387756,1
context_known_future,training/notflip/0003_000000029,notflip/0003,29,ENV-01,0,0.9026370048522949,1
context_known_future,testing/notflip/0003_000000030,notflip/0003,30,ENV-01,0,0.9207870960235596,1
context_known_future,testing/notflip/0004_000000029,notflip/0004,29,ENV-01,0,0.6941389441490173,1
context_known_future,training/notflip/0004_000000030,notflip/0004,30,ENV-01,0,0.7714115381240845,1
context_known_future,training/notflip/0004_000000031,notflip/0004,31,ENV-01,0,0.7537645101547241,1
context_known_future,training/notflip/0004_000000032,notflip/0004,32,ENV-01,0,0.7944704294204712,1
context_known_future,training/notflip/0004_000000033,notflip/0004,33,ENV-01,0,0.8261857032775879,1
context_known_future,training/notflip/0004_000000034,notflip/0004,34,ENV-01,0,0.8198443651199341,1
context_known_future,training/notflip/0004_000000035,notflip/0004,35,ENV-01,0,0.9079548716545105,1
context_known_future,training/notflip/0005_000000025,notflip/0005,25,ENV-01,0,0.5759451985359192,1
context_known_future,training/notflip/0005_000000026,notflip/0005,26,ENV-01,0,0.6383295655250549,1
context_known_future,training/notflip/0005_000000027,notflip/0005,27,ENV-01,0,0.6958776712417603,1
context_known_future,training/notflip/0005_000000028,notflip/0005,28,ENV-01,0,0.651468813419342,1
context_known_future,training/notflip/0005_000000029,notflip/0005,29,ENV-01,0,0.7478051781654358,1
context_known_future,training/notflip/0005_000000030,notflip/0005,30,ENV-01,0,0.8128018975257874,1
context_known_future,testing/notflip/0006_000000025,notflip/0006,25,ENV-01,0,0.06774929165840149,0
context_known_future,training/notflip/0006_000000026,notflip/0006,26,ENV-01,0,0.06586015969514847,0
context_known_future,testing/notflip/0006_000000027,notflip/0006,27,ENV-01,0,0.08162061870098114,0
context_known_future,testing/notflip/0006_000000028,notflip/0006,28,ENV-01,0,0.027815014123916626,0
context_known_future,testing/notflip/0006_000000029,notflip/0006,29,ENV-01,0,0.028605468571186066,0
context_known_future,training/notflip/0006_000000030,notflip/0006,30,ENV-01,0,0.026435280218720436,0
context_known_future,testing/notflip/0007_000000025,notflip/0007,25,ENV-01,0,0.6550134420394897,1
context_known_future,training/notflip/0007_000000026,notflip/0007,26,ENV-01,0,0.8119683265686035,1
context_known_future,training/notflip/0007_000000027,notflip/0007,27,ENV-01,0,0.9067937135696411,1
context_known_future,training/notflip/0007_000000028,notflip/0007,28,ENV-01,0,0.919933557510376,1
context_known_future,training/notflip/0007_000000029,notflip/0007,29,ENV-01,0,0.928568422794342,1
context_known_future,training/notflip/0007_000000030,notflip/0007,30,ENV-01,0,0.9353756904602051,1
context_known_future,training/notflip/0008_000000025,notflip/0008,25,ENV-01,0,0.31241530179977417,0
context_known_future,training/notflip/0008_000000026,notflip/0008,26,ENV-01,0,0.37155112624168396,0
context_known_future,training/notflip/0008_000000027,notflip/0008,27,ENV-01,0,0.41467565298080444,0
context_known_future,training/notflip/0008_000000028,notflip/0008,28,ENV-01,0,0.36032164096832275,0
context_known_future,training/notflip/0008_000000029,notflip/0008,29,ENV-01,0,0.4518641233444214,0
context_known_future,training/notflip/0008_000000030,notflip/0008,30,ENV-01,0,0.47685137391090393,0
context_known_future,training/notflip/0009_000000025,notflip/0009,25,ENV-01,0,0.17779313027858734,0
context_known_future,training/notflip/0009_000000026,notflip/0009,26,ENV-01,0,0.15169064700603485,0
context_known_future,testing/notflip/0009_000000027,notflip/0009,27,ENV-01,0,0.19636298716068268,0
context_known_future,training/notflip/0009_000000028,notflip/0009,28,ENV-01,0,0.23072116076946259,0
context_known_future,training/notflip/0009_000000029,notflip/0009,29,ENV-01,0,0.21297259628772736,0
context_known_future,training/notflip/0009_000000030,notflip/0009,30,ENV-01,0,0.3577587306499481,0
context_known_future,training/notflip/0010_000000025,notflip/0010,25,ENV-01,0,0.26350152492523193,0
context_known_future,testing/notflip/0010_000000026,notflip/0010,26,ENV-01,0,0.355088472366333,0
context_known_future,training/notflip/0010_000000027,notflip/0010,27,ENV-01,0,0.6859797835350037,1
context_known_future,training/notflip/0010_000000028,notflip/0010,28,ENV-01,0,0.6141425967216492,1
context_known_future,training/notflip/0010_000000029,notflip/0010,29,ENV-01,0,0.6356590986251831,1
context_known_future,training/notflip/0010_000000030,notflip/0010,30,ENV-01,0,0.6544798016548157,1
context_known_future,training/notflip/0011_000000025,notflip/0011,25,ENV-01,0,0.6212202310562134,1
context_known_future,training/notflip/0011_000000026,notflip/0011,26,ENV-01,0,0.6903461217880249,1
context_known_future,testing/notflip/0011_000000027,notflip/0011,27,ENV-01,0,0.7766140103340149,1
context_known_future,training/notflip/0011_000000028,notflip/0011,28,ENV-01,0,0.6997562646865845,1
context_known_future,training/notflip/0011_000000029,notflip/0011,29,ENV-01,0,0.5238397717475891,1
context_known_future,training/notflip/0011_000000030,notflip/0011,30,ENV-01,0,0.6010756492614746,1
context_known_future,training/notflip/0015_000000025,notflip/0015,25,ENV-02,0,0.8867712616920471,1
context_known_future,training/notflip/0015_000000026,notflip/0015,26,ENV-02,0,0.9210438132286072,1
context_known_future,training/notflip/0015_000000027,notflip/0015,27,ENV-02,0,0.9526717066764832,1
context_known_future,training/notflip/0015_000000028,notflip/0015,28,ENV-02,0,0.9542133808135986,1
context_known_future,training/notflip/0015_000000029,notflip/0015,29,ENV-02,0,0.9619259238243103,1
context_known_future,training/notflip/0015_000000030,notflip/0015,30,ENV-02,0,0.9648907780647278,1
context_known_future,training/notflip/0016_000000021,notflip/0016,21,ENV-02,0,0.730656623840332,1
context_known_future,training/notflip/0016_000000022,notflip/0016,22,ENV-02,0,0.7552253603935242,1
context_known_future,testing/notflip/0016_000000023,notflip/0016,23,ENV-02,0,0.7583469748497009,1
context_known_future,training/notflip/0016_000000024,notflip/0016,24,ENV-02,0,0.8641873002052307,1
context_known_future,testing/notflip/0016_000000025,notflip/0016,25,ENV-02,0,0.8701983690261841,1
context_known_future,testing/notflip/0019_000000025,notflip/0019,25,ENV-02,0,0.7013266682624817,1
context_known_future,training/notflip/0019_000000026,notflip/0019,26,ENV-02,0,0.728147566318512,1
context_known_future,testing/notflip/0019_000000027,notflip/0019,27,ENV-02,0,0.7931434512138367,1
context_known_future,training/notflip/0019_000000028,notflip/0019,28,ENV-02,0,0.7860914468765259,1
context_known_future,training/notflip/0019_000000029,notflip/0019,29,ENV-02,0,0.862557053565979,1
context_known_future,training/notflip/0019_000000030,notflip/0019,30,ENV-02,0,0.9037261009216309,1
context_known_future,training/notflip/0020_000000017,notflip/0020,17,ENV-02,0,0.5370914340019226,1
context_known_future,training/notflip/0020_000000018,notflip/0020,18,ENV-02,0,0.5205268263816833,1
context_known_future,testing/notflip/0020_000000019,notflip/0020,19,ENV-02,0,0.6093026399612427,1
context_known_future,training/notflip/0020_000000020,notflip/0020,20,ENV-02,0,0.676835834980011,1
context_known_future,training/notflip/0020_000000021,notflip/0020,21,ENV-02,0,0.6253615021705627,1
context_known_future,testing/notflip/0021_000000026,notflip/0021,26,ENV-02,0,0.41617631912231445,0
context_known_future,training/notflip/0021_000000027,notflip/0021,27,ENV-02,0,0.4934558868408203,0
context_known_future,training/notflip/0023_000000025,notflip/0023,25,ENV-02,0,0.03579776734113693,0
context_known_future,training/notflip/0023_000000026,notflip/0023,26,ENV-02,0,0.04014379158616066,0
context_known_future,training/notflip/0023_000000027,notflip/0023,27,ENV-02,0,0.041832488030195236,0
context_known_future,training/notflip/0023_000000028,notflip/0023,28,ENV-02,0,0.05427294969558716,0
context_known_future,testing/notflip/0023_000000029,notflip/0023,29,ENV-02,0,0.10161643475294113,0
context_known_future,testing/notflip/0023_000000030,notflip/0023,30,ENV-02,0,0.21372154355049133,0
context_known_future,testing/notflip/0024_000000025,notflip/0024,25,ENV-02,0,0.29733434319496155,0
context_known_future,training/notflip/0024_000000026,notflip/0024,26,ENV-02,0,0.28730297088623047,0
context_known_future,training/notflip/0024_000000027,notflip/0024,27,ENV-02,0,0.2952421307563782,0
context_known_future,training/notflip/0024_000000028,notflip/0024,28,ENV-02,0,0.2982162833213806,0
context_known_future,training/notflip/0024_000000029,notflip/0024,29,ENV-02,0,0.25032559037208557,0
context_known_future,training/notflip/0024_000000030,notflip/0024,30,ENV-02,0,0.2202354073524475,0
context_known_future,testing/notflip/0025_000000025,notflip/0025,25,ENV-02,0,0.3839952349662781,0
context_known_future,training/notflip/0025_000000026,notflip/0025,26,ENV-02,0,0.4114008843898773,0
context_known_future,training/notflip/0025_000000027,notflip/0025,27,ENV-02,0,0.5351751446723938,1
context_known_future,training/notflip/0025_000000028,notflip/0025,28,ENV-02,0,0.555828332901001,1
context_known_future,training/notflip/0025_000000029,notflip/0025,29,ENV-02,0,0.6267494559288025,1
context_known_future,training/notflip/0025_000000030,notflip/0025,30,ENV-02,0,0.5622847080230713,1
context_known_future,training/notflip/0026_000000025,notflip/0026,25,ENV-02,0,0.026765529066324234,0
context_known_future,training/notflip/0026_000000026,notflip/0026,26,ENV-02,0,0.027150513604283333,0
context_known_future,training/notflip/0026_000000027,notflip/0026,27,ENV-02,0,0.02986416593194008,0
context_known_future,training/notflip/0026_000000028,notflip/0026,28,ENV-02,0,0.0663658082485199,0
context_known_future,testing/notflip/0026_000000029,notflip/0026,29,ENV-02,0,0.16084079444408417,0
context_known_future,training/notflip/0026_000000030,notflip/0026,30,ENV-02,0,0.35286983847618103,0
context_known_future,training/notflip/0041_000000030,notflip/0041,30,ENV-04,0,0.11075721681118011,0
context_known_future,training/notflip/0041_000000031,notflip/0041,31,ENV-04,0,0.10416623950004578,0
context_known_future,training/notflip/0041_000000032,notflip/0041,32,ENV-04,0,0.08688998222351074,0
context_known_future,training/notflip/0041_000000033,notflip/0041,33,ENV-04,0,0.16983731091022491,0
context_known_future,testing/notflip/0041_000000034,notflip/0041,34,ENV-04,0,0.19403968751430511,0
context_known_future,training/notflip/0041_000000035,notflip/0041,35,ENV-04,0,0.17949073016643524,0
context_known_future,testing/notflip/0041_000000036,notflip/0041,36,ENV-04,0,0.18641963601112366,0
context_known_future,training/notflip/0041_000000037,notflip/0041,37,ENV-04,0,0.16908881068229675,0
context_known_future,training/notflip/0042_000000025,notflip/0042,25,ENV-04,0,0.6598559021949768,1
context_known_future,training/notflip/0042_000000026,notflip/0042,26,ENV-04,0,0.8440318703651428,1
context_known_future,testing/notflip/0042_000000027,notflip/0042,27,ENV-04,0,0.9193854331970215,1
context_known_future,training/notflip/0042_000000028,notflip/0042,28,ENV-04,0,0.9633123874664307,1
context_known_future,training/notflip/0042_000000029,notflip/0042,29,ENV-04,0,0.9806150794029236,1
context_known_future,testing/notflip/0042_000000030,notflip/0042,30,ENV-04,0,0.9846685528755188,1
context_known_future,training/notflip/0043_000000025,notflip/0043,25,ENV-04,0,0.009895852766931057,0
context_known_future,testing/notflip/0043_000000026,notflip/0043,26,ENV-04,0,0.00684668542817235,0
context_known_future,training/notflip/0043_000000027,notflip/0043,27,ENV-04,0,0.004070288501679897,0
context_known_future,training/notflip/0043_000000028,notflip/0043,28,ENV-04,0,0.004153566434979439,0
context_known_future,training/notflip/0043_000000029,notflip/0043,29,ENV-04,0,0.004201409872621298,0
context_known_future,training/notflip/0043_000000030,notflip/0043,30,ENV-04,0,0.003832827555015683,0
context_known_future,training/notflip/0044_000000025,notflip/0044,25,ENV-04,0,0.10509876906871796,0
context_known_future,training/notflip/0044_000000026,notflip/0044,26,ENV-04,0,0.10390109568834305,0
context_known_future,testing/notflip/0044_000000027,notflip/0044,27,ENV-04,0,0.14134414494037628,0
context_known_future,training/notflip/0044_000000028,notflip/0044,28,ENV-04,0,0.14931099116802216,0
context_known_future,training/notflip/0044_000000029,notflip/0044,29,ENV-04,0,0.17033107578754425,0
context_known_future,training/notflip/0044_000000030,notflip/0044,30,ENV-04,0,0.22068431973457336,0
context_known_future,training/notflip/0045_000000025,notflip/0045,25,ENV-04,0,0.25401949882507324,0
context_known_future,testing/notflip/0045_000000026,notflip/0045,26,ENV-04,0,0.44809284806251526,0
context_known_future,training/notflip/0045_000000027,notflip/0045,27,ENV-04,0,0.4624212980270386,0
context_known_future,testing/notflip/0045_000000028,notflip/0045,28,ENV-04,0,0.7377390265464783,1
context_known_future,training/notflip/0045_000000029,notflip/0045,29,ENV-04,0,0.6500154733657837,1
context_known_future,testing/notflip/0045_000000030,notflip/0045,30,ENV-04,0,0.6321656703948975,1
context_known_future,training/notflip/0046_000000025,notflip/0046,25,ENV-04,0,0.3738238215446472,0
context_known_future,training/notflip/0046_000000026,notflip/0046,26,ENV-04,0,0.3129724860191345,0
context_known_future,testing/notflip/0046_000000027,notflip/0046,27,ENV-04,0,0.46158552169799805,0
context_known_future,testing/notflip/0046_000000028,notflip/0046,28,ENV-04,0,0.41162410378456116,0
context_known_future,training/notflip/0046_000000029,notflip/0046,29,ENV-04,0,0.6231966614723206,1
context_known_future,training/notflip/0046_000000030,notflip/0046,30,ENV-04,0,0.7075103521347046,1
context_known_future,testing/notflip/0047_000000025,notflip/0047,25,ENV-04,0,0.06548569351434708,0
context_known_future,training/notflip/0047_000000026,notflip/0047,26,ENV-04,0,0.07897115498781204,0
context_known_future,training/notflip/0047_000000027,notflip/0047,27,ENV-04,0,0.08857820183038712,0
context_known_future,training/notflip/0047_000000028,notflip/0047,28,ENV-04,0,0.08577878773212433,0
context_known_future,testing/notflip/0047_000000029,notflip/0047,29,ENV-04,0,0.07613266259431839,0
context_known_future,training/notflip/0047_000000030,notflip/0047,30,ENV-04,0,0.058020882308483124,0
context_known_future,testing/notflip/0048_000000025,notflip/0048,25,ENV-04,0,0.057075001299381256,0
context_known_future,testing/notflip/0048_000000026,notflip/0048,26,ENV-04,0,0.04075739160180092,0
context_known_future,training/notflip/0048_000000027,notflip/0048,27,ENV-04,0,0.03481115773320198,0
context_known_future,training/notflip/0048_000000028,notflip/0048,28,ENV-04,0,0.04725337401032448,0
context_known_future,training/notflip/0048_000000029,notflip/0048,29,ENV-04,0,0.06612606346607208,0
context_known_future,testing/notflip/0048_000000030,notflip/0048,30,ENV-04,0,0.0844859853386879,0
context_known_future,training/notflip/0049_000000025,notflip/0049,25,ENV-04,0,0.647993803024292,1
context_known_future,testing/notflip/0049_000000026,notflip/0049,26,ENV-04,0,0.6489588618278503,1
context_known_future,training/notflip/0049_000000027,notflip/0049,27,ENV-04,0,0.6379589438438416,1
context_known_future,testing/notflip/0049_000000028,notflip/0049,28,ENV-04,0,0.6713695526123047,1
context_known_future,training/notflip/0049_000000029,notflip/0049,29,ENV-04,0,0.6120609045028687,1
context_known_future,training/notflip/0049_000000030,notflip/0049,30,ENV-04,0,0.6933590769767761,1
context_known_future,training/notflip/0050_000000024,notflip/0050,24,ENV-04,0,0.013737216591835022,0
context_known_future,training/notflip/0050_000000025,notflip/0050,25,ENV-04,0,0.016335055232048035,0
context_known_future,training/notflip/0050_000000026,notflip/0050,26,ENV-04,0,0.012034720741212368,0
context_known_future,training/notflip/0050_000000027,notflip/0050,27,ENV-04,0,0.014114974066615105,0
context_known_future,training/notflip/0050_000000028,notflip/0050,28,ENV-04,0,0.01723889261484146,0
context_known_future,training/notflip/0050_000000029,notflip/0050,29,ENV-04,0,0.02240711636841297,0
context_known_future,testing/notflip/0051_000000025,notflip/0051,25,ENV-04,0,0.748298168182373,1
context_known_future,training/notflip/0051_000000026,notflip/0051,26,ENV-04,0,0.7232692241668701,1
context_known_future,training/notflip/0051_000000027,notflip/0051,27,ENV-04,0,0.6389585137367249,1
context_known_future,training/notflip/0051_000000028,notflip/0051,28,ENV-04,0,0.6200147867202759,1
context_known_future,training/notflip/0051_000000029,notflip/0051,29,ENV-04,0,0.7355897426605225,1
context_known_future,training/notflip/0051_000000030,notflip/0051,30,ENV-04,0,0.7409432530403137,1
context_known_future,training/notflip/0052_000000025,notflip/0052,25,ENV-04,0,0.5258641839027405,1
context_known_future,training/notflip/0052_000000026,notflip/0052,26,ENV-04,0,0.5116731524467468,1
context_known_future,training/notflip/0052_000000027,notflip/0052,27,ENV-04,0,0.44344109296798706,0
context_known_future,training/notflip/0052_000000028,notflip/0052,28,ENV-04,0,0.5604826211929321,1
context_known_future,testing/notflip/0052_000000029,notflip/0052,29,ENV-04,0,0.46454310417175293,0
context_known_future,training/notflip/0052_000000030,notflip/0052,30,ENV-04,0,0.43114086985588074,0
context_known_future,testing/notflip/0053_000000025,notflip/0053,25,ENV-04,0,0.6709986925125122,1
context_known_future,training/notflip/0053_000000026,notflip/0053,26,ENV-04,0,0.7940787076950073,1
context_known_future,training/notflip/0053_000000027,notflip/0053,27,ENV-04,0,0.7393679022789001,1
context_known_future,training/notflip/0053_000000028,notflip/0053,28,ENV-04,0,0.7681156396865845,1
context_known_future,training/notflip/0053_000000029,notflip/0053,29,ENV-04,0,0.7842665314674377,1
context_known_future,training/notflip/0053_000000030,notflip/0053,30,ENV-04,0,0.8807042241096497,1
context_known_future,training/notflip/0054_000000025,notflip/0054,25,ENV-04,0,0.07103446871042252,0
context_known_future,training/notflip/0054_000000026,notflip/0054,26,ENV-04,0,0.0756927952170372,0
context_known_future,testing/notflip/0054_000000027,notflip/0054,27,ENV-04,0,0.09802013635635376,0
context_known_future,training/notflip/0054_000000028,notflip/0054,28,ENV-04,0,0.12680107355117798,0
context_known_future,training/notflip/0054_000000029,notflip/0054,29,ENV-04,0,0.11681267619132996,0
context_known_future,training/notflip/0054_000000030,notflip/0054,30,ENV-04,0,0.13135842978954315,0
context_known_future,training/notflip/0055_000000025,notflip/0055,25,ENV-04,0,0.7995802760124207,1
context_known_future,training/notflip/0055_000000026,notflip/0055,26,ENV-04,0,0.856297492980957,1
context_known_future,training/notflip/0055_000000027,notflip/0055,27,ENV-04,0,0.8543079495429993,1
context_known_future,training/notflip/0055_000000028,notflip/0055,28,ENV-04,0,0.8713523745536804,1
context_known_future,training/notflip/0055_000000029,notflip/0055,29,ENV-04,0,0.904363751411438,1
context_known_future,training/notflip/0055_000000030,notflip/0055,30,ENV-04,0,0.9275386929512024,1
context_known_future,training/notflip/0056_000000025,notflip/0056,25,ENV-04,0,0.275549054145813,0
context_known_future,training/notflip/0056_000000026,notflip/0056,26,ENV-04,0,0.278433620929718,0
context_known_future,testing/notflip/0056_000000027,notflip/0056,27,ENV-04,0,0.38273879885673523,0
context_known_future,training/notflip/0056_000000028,notflip/0056,28,ENV-04,0,0.3607117235660553,0
context_known_future,training/notflip/0056_000000029,notflip/0056,29,ENV-04,0,0.40833789110183716,0
context_known_future,training/notflip/0056_000000030,notflip/0056,30,ENV-04,0,0.46168532967567444,0
context_known_future,training/notflip/0057_000000025,notflip/0057,25,ENV-04,0,0.34862181544303894,0
context_known_future,training/notflip/0057_000000026,notflip/0057,26,ENV-04,0,0.36151647567749023,0
context_known_future,testing/notflip/0057_000000027,notflip/0057,27,ENV-04,0,0.4657817780971527,0
context_known_future,training/notflip/0057_000000028,notflip/0057,28,ENV-04,0,0.5041885375976562,1
context_known_future,training/notflip/0057_000000029,notflip/0057,29,ENV-04,0,0.520431637763977,1
context_known_future,training/notflip/0057_000000030,notflip/0057,30,ENV-04,0,0.591036319732666,1
context_known_future,testing/notflip/0058_000000025,notflip/0058,25,ENV-04,0,0.6318389773368835,1
context_known_future,training/notflip/0058_000000026,notflip/0058,26,ENV-04,0,0.7360513806343079,1
context_known_future,training/notflip/0058_000000027,notflip/0058,27,ENV-04,0,0.9081718325614929,1
context_known_future,training/notflip/0058_000000028,notflip/0058,28,ENV-04,0,0.9579162001609802,1
context_known_future,training/notflip/0058_000000029,notflip/0058,29,ENV-04,0,0.9625012874603271,1
context_known_future,training/notflip/0058_000000030,notflip/0058,30,ENV-04,0,0.9658870100975037,1
