sample_id,video_id,frame_number,environment_id,y_true,donor_id,donor_video_id,donor_environment_id,donor_palette_distance,donor_shortlist_size,naturalistic_luma_mae,naturalistic_median_chroma_displacement,naturalistic_gamut_compressed_fraction,rotation_luma_mae,rotation_gamut_compressed_fraction,p_original,p_grayscale,p_matched_rotation,p_naturalistic_v2,pred_original,pred_grayscale,pred_matched_rotation,pred_naturalistic_v2
testing/flip/0034_000000015,flip/0034,15,ENV-03,1,training/notflip/0049_000000007,notflip/0049,ENV-04,0.02918027731467577,16,0.24241479292052454,2.2591606907445803,0.006472318672839506,0.19135807330246873,0.016016107253086418,0.9848442673683167,0.99870765209198,0.9999852180480957,0.9949318766593933,1,1,1,1
testing/flip/0034_000000016,flip/0034,16,ENV-03,1,training/notflip/0008_000000007,notflip/0008,ENV-01,0.026364340396667876,16,0.14868488618827091,1.5358741764180903,0.0036062885802469135,0.19181083198302426,0.0168798225308642,0.9485894441604614,0.9976905584335327,0.9999514818191528,0.9117377400398254,1,1,1,1
training/flip/0034_000000017,flip/0034,17,ENV-03,1,training/notflip/0015_000000019,notflip/0015,ENV-02,0.05355468915188758,16,0.20919092910879694,2.762673909771976,0.0027507716049382717,0.19202216579861076,0.017822627314814814,0.8791142106056213,0.9958409667015076,0.9999302625656128,0.7592601180076599,1,1,1,1
training/flip/0034_000000018,flip/0034,18,ENV-03,1,training/flip/0021_000000023,flip/0021,ENV-02,0.04308691371862347,16,0.2389085639467589,2.7626739097719764,0.003171778549382716,0.19234922935956777,0.019157503858024692,0.7896194458007812,0.9936429262161255,0.9999089241027832,0.6872968077659607,1,1,1,1
testing/flip/0034_000000019,flip/0034,19,ENV-03,1,training/notflip/0015_000000019,notflip/0015,ENV-02,0.055887067668297805,16,0.23500539872685206,2.7626739097719972,0.0029229359567901235,0.19271530005787046,0.01993730709876543,0.7159209847450256,0.992299497127533,0.9999138116836548,0.6199784278869629,1,1,1,1
testing/flip/0034_000000020,flip/0034,20,ENV-03,1,training/flip/0017_000000011,flip/0017,ENV-02,0.032036013044457884,16,0.1502362131558639,1.9545980263454032,0.001177662037037037,0.1921996456404323,0.02054494598765432,0.566288948059082,0.9894830584526062,0.9999078512191772,0.7359113693237305,1,1,1,1
training/flip/0034_000000021,flip/0034,21,ENV-03,1,training/notflip/0005_000000001,notflip/0005,ENV-01,0.04253393683169728,16,0.12671369704861124,3.3282093938138804,0.005031346450617284,0.19245198640046324,0.019476755401234568,0.4410553574562073,0.9863420128822327,0.9999083280563354,0.41276782751083374,0,1,1,0
testing/flip/0034_000000022,flip/0034,22,ENV-03,1,training/flip/0013_000000020,flip/0013,ENV-02,0.04576247054583488,16,0.18934109924768502,4.103670688436206,0.004244309413580247,0.1920748044945988,0.017621045524691358,0.36469435691833496,0.9820906519889832,0.9998828172683716,0.4415319859981537,0,1,1,0
training/flip/0034_000000023,flip/0034,23,ENV-03,1,training/flip/0015_000000013,flip/0015,ENV-02,0.0378179745856771,16,0.21032313194444577,3.031628108449798,0.002761863425925926,0.19129306163194446,0.015061728395061728,0.28994235396385193,0.973505437374115,0.9998194575309753,0.49094417691230774,0,1,1,0
training/flip/0034_000000024,flip/0034,24,ENV-03,1,training/flip/0016_000000023,flip/0016,ENV-02,0.06761233885969405,16,0.1598401720679002,5.578708683783683,0.005815007716049383,0.19033980420524696,0.013537808641975308,0.23251883685588837,0.9610192179679871,0.999729335308075,0.38318830728530884,0,1,1,0
training/flip/0034_000000025,flip/0034,25,ENV-03,1,training/flip/0012_000000024,flip/0012,ENV-02,0.05112443870214077,16,0.156967476851853,4.53736580600209,0.004615162037037037,0.18895534577546302,0.011893325617283951,0.20724578201770782,0.9582733511924744,0.9996839761734009,0.2815307080745697,0,1,1,0
training/flip/0034_000000026,flip/0034,26,ENV-03,1,training/notflip/0015_000000019,notflip/0015,ENV-02,0.06481847329121529,16,0.15113655671296355,4.518321381489166,0.0040263310185185185,0.1864789592978395,0.01044897762345679,0.19554917514324188,0.9523355960845947,0.9996198415756226,0.19002564251422882,0,1,1,0
training/flip/0034_000000027,flip/0034,27,ENV-03,1,training/notflip/0006_000000012,notflip/0006,ENV-01,0.04590013802314748,16,0.17405661728395072,3.824791078136116,0.005384837962962963,0.18313699266975317,0.0103930362654321,0.14161895215511322,0.9305161833763123,0.999345600605011,0.1094966009259224,0,1,1,0
testing/flip/0035_000000007,flip/0035,7,ENV-03,1,training/notflip/0005_000000006,notflip/0005,ENV-01,0.05225876823072715,16,0.2120211593364197,4.537365806002089,0.007797550154320988,0.17041635407021608,0.010577739197530864,0.07002467662096024,0.9366697072982788,0.9999042749404907,0.29731664061546326,0,1,1,0
training/flip/0035_000000008,flip/0035,8,ENV-03,1,training/flip/0022_000000016,flip/0022,ENV-02,0.0565617961669483,16,0.1391366131365735,5.129588360545261,0.003463541666666667,0.17077775646219145,0.009956114969135803,0.11421015858650208,0.9597200751304626,0.9999376535415649,0.4622265696525574,0,1,1,0
training/flip/0035_000000009,flip/0035,9,ENV-03,1,training/notflip/0015_000000008,notflip/0015,ENV-02,0.07499710889837947,16,0.15617522694830183,6.031249376344574,0.00400462962962963,0.17084330073302473,0.012434413580246913,0.21240170300006866,0.9717777371406555,0.9999501705169678,0.28957900404930115,0,1,1,0
testing/flip/0035_000000010,flip/0035,10,ENV-03,1,training/notflip/0015_000000012,notflip/0015,ENV-02,0.06928246717810853,16,0.1704752919560184,5.525347819543956,0.0035315393518518517,0.17375374999999996,0.017408854166666668,0.34714025259017944,0.9813941717147827,0.9999581575393677,0.37860503792762756,0,1,1,0
training/flip/0035_000000011,flip/0035,11,ENV-03,1,training/notflip/0008_000000010,notflip/0008,ENV-01,0.04072880103477254,16,0.19018873601466071,3.522215471233474,0.002152295524691358,0.17354921055169756,0.01986159336419753,0.36596614122390747,0.9817356467247009,0.9999538660049438,0.6553254723548889,0,1,1,1
training/flip/0035_000000012,flip/0035,12,ENV-03,1,training/notflip/0015_000000011,notflip/0015,ENV-02,0.0644939069649269,16,0.1767832346643516,5.020878563478131,0.0028896604938271606,0.17442219955632715,0.02203317901234568,0.3537876605987549,0.9872955679893494,0.9999604225158691,0.3872191607952118,0,1,1,0
training/flip/0035_000000013,flip/0035,13,ENV-03,1,training/flip/0022_000000011,flip/0022,ENV-02,0.026904160158757705,16,0.2086734381751541,2.5498607187574103,0.0008617862654320987,0.17607759191743821,0.019769483024691357,0.36773359775543213,0.9920276999473572,0.9999662637710571,0.8100016713142395,0,1,1,1
training/flip/0035_000000014,flip/0035,14,ENV-03,1,training/flip/0015_000000022,flip/0015,ENV-02,0.04881182217941071,16,0.23307237249228427,3.8843214541243656,0.0016338734567901234,0.17230825260416663,0.02040943287037037,0.5421959161758423,0.9970502853393555,0.999982476234436,0.9371131658554077,1,1,1,1
training/flip/0035_000000015,flip/0035,15,ENV-03,1,training/flip/0011_000000020,flip/0011,ENV-02,0.03784089985583404,16,0.1917696200810186,3.03162810844979,0.001826292438271605,0.17365368643904322,0.022704957561728394,0.5276068449020386,0.9973617196083069,0.9999788999557495,0.8289569020271301,1,1,1,1
testing/flip/0035_000000016,flip/0035,16,ENV-03,1,training/flip/0056_000000017,flip/0056,ENV-04,0.036886739972014526,16,0.1752722000385805,3.3282093938138844,0.01078076774691358,0.17405455931712946,0.029443479938271604,0.5780748724937439,0.9974964261054993,0.9999827146530151,0.9902645349502563,1,1,1,1
training/flip/0035_000000017,flip/0035,17,ENV-03,1,training/flip/0054_000000008,flip/0054,ENV-04,0.04604969958372441,16,0.2266907217399697,4.3047569457482275,0.02091724537037037,0.1768553900462962,0.035044849537037036,0.5521661043167114,0.9983460903167725,0.9999897480010986,0.9966872334480286,1,1,1,1
training/flip/0035_000000018,flip/0035,18,ENV-03,1,training/flip/0050_000000019,flip/0050,ENV-04,0.03548061734231013,16,0.17716818692129582,2.8856199634506696,0.010394000771604938,0.17474562866512333,0.03448543595679012,0.47972744703292847,0.9979133009910583,0.9999938011169434,0.957716166973114,0,1,1,1
training/flip/0035_000000019,flip/0035,19,ENV-03,1,training/flip/0065_000000009,flip/0065,ENV-04,0.03612129168948399,16,0.2225514747299389,3.269125383315365,0.016398533950617283,0.17396580063657407,0.02824411651234568,0.5382770895957947,0.9980499744415283,0.9999958276748657,0.9842026233673096,1,1,1,1
training/flip/0035_000000020,flip/0035,20,ENV-03,1,training/flip/0054_000000008,flip/0054,ENV-04,0.0471644697350386,16,0.20752100829475367,4.3047569457482355,0.021276041666666665,0.1738005660686728,0.030174093364197532,0.5341114401817322,0.9980679154396057,0.9999955892562866,0.99644935131073,1,1,1,1
training/flip/0035_000000021,flip/0035,21,ENV-03,1,training/flip/0055_000000014,flip/0055,ENV-04,0.04086100706326841,16,0.21438827854938236,3.5222154712334737,0.015421971450617284,0.1746082814429011,0.03314284336419753,0.4594654142856598,0.9977858066558838,0.9999933242797852,0.9842819571495056,0,1,1,1
training/flip/0035_000000022,flip/0035,22,ENV-03,1,training/flip/0065_000000012,flip/0065,ENV-04,0.037094835860104994,16,0.2019886155478405,3.2691253833153646,0.01638213734567901,0.17341983005401226,0.03636863425925926,0.2834092080593109,0.9953816533088684,0.9999914169311523,0.9580106139183044,0,1,1,1
testing/flip/0036_000000007,flip/0036,7,ENV-03,1,training/flip/0030_000000013,flip/0030,ENV-02,0.046440426856236824,16,0.23592902228009308,3.8247910781361245,0.002625385802469136,0.18317985021219063,0.014348958333333333,0.03170332685112953,0.906287670135498,0.9997488856315613,0.08875677734613419,0,1,1,0
testing/flip/0036_000000008,flip/0036,8,ENV-03,1,training/notflip/0011_000000003,notflip/0011,ENV-01,0.04628341166132775,16,0.14605793074845747,4.523982264455885,0.0038994984567901235,0.18353522222222154,0.013940489969135803,0.026989828795194626,0.9021067023277283,0.9997503161430359,0.3117435574531555,0,1,1,0
testing/flip/0036_000000009,flip/0036,9,ENV-03,1,training/flip/0017_000000014,flip/0017,ENV-02,0.05196597463372549,16,0.19360251986882668,4.103670688436217,0.002490354938271605,0.1835210546874994,0.015712287808641975,0.02941468171775341,0.8909838199615479,0.9997157454490662,0.16326619684696198,0,1,1,0
training/flip/0036_000000010,flip/0036,10,ENV-03,1,training/notflip/0015_000000001,notflip/0015,ENV-02,0.07469487043874645,16,0.16212940461033915,6.2770287552318536,0.004691840277777777,0.18062368238811682,0.016126060956790124,0.03525972366333008,0.9062514901161194,0.9997606873512268,0.18099892139434814,0,1,1,0
testing/flip/0036_000000011,flip/0036,11,ENV-03,1,training/flip/0018_000000013,flip/0018,ENV-02,0.04264802190889698,16,0.20073555951003053,3.5222154712334826,0.002194733796296296,0.18163586680169722,0.01638503086419753,0.046571291983127594,0.9160345792770386,0.9997898936271667,0.2042957991361618,0,1,1,0
training/flip/0036_000000012,flip/0036,12,ENV-03,1,training/notflip/0008_000000003,notflip/0008,ENV-01,0.05111828327651659,16,0.21802145852623506,4.628021222611879,0.009675925925925926,0.18201235763888865,0.015085358796296296,0.06746838241815567,0.9298108816146851,0.9998229146003723,0.4144783020019531,0,1,1,0
training/flip/0036_000000013,flip/0036,13,ENV-03,1,training/flip/0030_000000016,flip/0030,ENV-02,0.047589070539257795,16,0.22881621836419622,4.286673378852126,0.002764274691358025,0.18163999064428984,0.014229841820987655,0.1002490296959877,0.9486665725708008,0.9998787641525269,0.21435990929603577,0,1,1,0
testing/flip/0036_000000014,flip/0036,14,ENV-03,1,training/flip/0012_000000019,flip/0012,ENV-02,0.05655474345041223,16,0.1271243667052464,5.4368584609691455,0.00349633487654321,0.18087265538194425,0.013862847222222223,0.21135957539081573,0.9707579612731934,0.9999091625213623,0.711767315864563,0,1,1,1
testing/flip/0036_000000015,flip/0036,15,ENV-03,1,training/flip/0017_000000009,flip/0017,ENV-02,0.04671041338105762,16,0.17112780275848732,3.269125383315376,0.00171875,0.18137410744598756,0.012454668209876544,0.32327842712402344,0.9786763787269592,0.9999359846115112,0.6944646239280701,0,1,1,1
training/flip/0036_000000016,flip/0036,16,ENV-03,1,training/flip/0018_000000002,flip/0018,ENV-02,0.051838998984664916,16,0.20943100906635723,4.518321381489165,0.003106674382716049,0.18427269849537023,0.012582947530864197,0.5217649340629578,0.9856458306312561,0.9999593496322632,0.7349840402603149,1,1,1,1
training/flip/0036_000000017,flip/0036,17,ENV-03,1,training/flip/0015_000000018,flip/0015,ENV-02,0.05530656231070482,16,0.20453716647376474,4.628021222611889,0.002548707561728395,0.18372468817515417,0.014996624228395062,0.5702868103981018,0.988955020904541,0.9999555349349976,0.9021210670471191,1,1,1,1
training/flip/0036_000000018,flip/0036,18,ENV-03,1,training/flip/0013_000000021,flip/0013,ENV-02,0.05280946935202015,16,0.1697312141203704,4.79678464202638,0.002697241512345679,0.18416110291280852,0.016535493827160495,0.6607522964477539,0.9931663870811462,0.9999419450759888,0.8515509366989136,1,1,1,1
training/flip/0036_000000019,flip/0036,19,ENV-03,1,training/notflip/0015_000000001,notflip/0015,ENV-02,0.06731427319753149,16,0.2208142741126544,5.525347819543952,0.0032354359567901233,0.18582658786651224,0.018549382716049383,0.7103081345558167,0.9949487447738647,0.9999510049819946,0.6885828375816345,1,1,1,1
training/flip/0036_000000020,flip/0036,20,ENV-03,1,training/flip/0012_000000021,flip/0012,ENV-02,0.050084700905341145,16,0.1821373024691358,4.628021222611889,0.0028269675925925927,0.18670518576388873,0.018940972222222224,0.734248697757721,0.9957610964775085,0.9999496936798096,0.9275330305099487,1,1,1,1
training/flip/0036_000000021,flip/0036,21,ENV-03,1,training/notflip/0015_000000019,notflip/0015,ENV-02,0.058305196218395985,16,0.19763079128086358,4.796784642026367,0.002588252314814815,0.18762696228780845,0.02108748070987654,0.8343032598495483,0.9976544976234436,0.9999741315841675,0.94111567735672,1,1,1,1
training/flip/0036_000000022,flip/0036,22,ENV-03,1,training/notflip/0005_000000007,notflip/0005,ENV-01,0.035790799359896666,16,0.1783371070601851,2.885619963450672,0.0033468364197530866,0.18869531385030855,0.02158130787037037,0.8669775724411011,0.9985349178314209,0.9999804496765137,0.9835551381111145,1,1,1,1
training/flip/0036_000000023,flip/0036,23,ENV-03,1,training/flip/0016_000000002,flip/0016,ENV-02,0.030685381705490226,16,0.15070683043981437,3.03162810844979,0.001515721450617284,0.18913037808641991,0.023957851080246912,0.8837475776672363,0.9989649057388306,0.999982476234436,0.9988272786140442,1,1,1,1
testing/flip/0036_000000024,flip/0036,24,ENV-03,1,training/notflip/0015_000000008,notflip/0015,ENV-02,0.057735104081413566,16,0.17676832812499998,4.518321381489175,0.003195891203703704,0.1907567429591053,0.028082079475308643,0.9180096387863159,0.9994514584541321,0.9999903440475464,0.9839276671409607,1,1,1,1
training/flip/0036_000000025,flip/0036,25,ENV-03,1,training/notflip/0015_000000022,notflip/0015,ENV-02,0.0449635766246126,16,0.1734231133294751,3.2691253833153757,0.0012495177469135801,0.1945816303047842,0.02994164737654321,0.9376904964447021,0.9995881915092468,0.9999945163726807,0.9928556084632874,1,1,1,1
training/flip/0036_000000026,flip/0036,26,ENV-03,1,training/notflip/0005_000000001,notflip/0005,ENV-01,0.03467541278437168,16,0.2166817586805558,2.993200284458303,0.008682966820987655,0.1946778363233027,0.03150414737654321,0.9183741807937622,0.999397873878479,0.9999954700469971,0.991232693195343,1,1,1,1
training/flip/0036_000000027,flip/0036,27,ENV-03,1,training/flip/0061_000000013,flip/0061,ENV-04,0.03425387753861223,16,0.21373201909722225,3.3546050074165996,0.0130859375,0.1936772607060188,0.036585648148148145,0.8958287239074707,0.9993150234222412,0.9999947547912598,0.9988073110580444,1,1,1,1
training/flip/0037_000000002,flip/0037,2,ENV-03,1,training/notflip/0007_000000003,notflip/0007,ENV-01,0.05116908332464386,16,0.19620976620370398,4.931868323259564,0.012903645833333333,0.19760816869212888,0.009068287037037038,0.291734516620636,0.9805598258972168,0.9998548030853271,0.6026633977890015,0,1,1,1
training/flip/0037_000000003,flip/0037,3,ENV-03,1,training/flip/0030_000000007,flip/0030,ENV-02,0.05312205284372344,16,0.1816569584297832,5.129588360545263,0.00632667824074074,0.1956825822723759,0.008405189043209877,0.4376126825809479,0.9897065162658691,0.9999377727508545,0.4238312840461731,0,1,1,0
training/flip/0037_000000004,flip/0037,4,ENV-03,1,training/flip/0022_000000014,flip/0022,ENV-02,0.0575076232255069,16,0.1794879419367276,5.578708683783683,0.0028452932098765433,0.19921777353395004,0.00990113811728395,0.5772148966789246,0.9944989085197449,0.9999628067016602,0.8149795532226562,1,1,1,1
training/flip/0037_000000005,flip/0037,5,ENV-03,1,training/flip/0016_000000015,flip/0016,ENV-02,0.05635547581044799,16,0.172335224344135,5.283323206850215,0.002191358024691358,0.19868568441357953,0.01257764274691358,0.5876784324645996,0.9943023920059204,0.9999551773071289,0.8967443108558655,1,1,1,1
testing/flip/0037_000000006,flip/0037,6,ENV-03,1,training/flip/0016_000000023,flip/0016,ENV-02,0.0741423445482246,16,0.19006227739197604,6.853024415366568,0.0038001543209876545,0.19810764081790067,0.014997106481481481,0.7014389634132385,0.9957746863365173,0.9999616146087646,0.8850958347320557,1,1,1,1
training/flip/0037_000000007,flip/0037,7,ENV-03,1,training/notflip/0005_000000002,notflip/0005,ENV-01,0.05200330581709485,16,0.16761579234182145,4.53736580600209,0.013287519290123458,0.1858476324266977,0.015211709104938272,0.8500306010246277,0.9971400499343872,0.999969482421875,0.8304256796836853,1,1,1,1
testing/flip/0037_000000008,flip/0037,8,ENV-03,1,training/flip/0019_000000021,flip/0019,ENV-02,0.04676848935745152,16,0.23193102073688227,4.3047569457482275,0.001072048611111111,0.18674160358796327,0.013028067129629629,0.8712236881256104,0.9970446228981018,0.9999629259109497,0.8607740998268127,1,1,1,1
training/flip/0037_000000009,flip/0037,9,ENV-03,1,training/flip/0022_000000018,flip/0022,ENV-02,0.05948997951049489,16,0.17212887615740702,5.578708683783683,0.007326388888888889,0.189260718364198,0.011595293209876543,0.917683482170105,0.9977207779884338,0.9999738931655884,0.8783793449401855,1,1,1,1
training/flip/0037_000000010,flip/0037,10,ENV-03,1,training/flip/0021_000000022,flip/0021,ENV-02,0.0577003278068366,16,0.14544516512345637,5.283323206850215,0.0026070601851851853,0.18976742881944506,0.014229359567901235,0.9319552779197693,0.9978061318397522,0.999974250793457,0.8978844881057739,1,1,1,1
testing/flip/0037_000000011,flip/0037,11,ENV-03,1,training/notflip/0015_000000001,notflip/0015,ENV-02,0.07031511437275106,16,0.18933545949074151,5.525347819543956,0.006998939043209877,0.18895291753472296,0.015094039351851852,0.9264660477638245,0.9978037476539612,0.9999730587005615,0.8185310959815979,1,1,1,1
training/flip/0037_000000012,flip/0037,12,ENV-03,1,training/flip/0011_000000019,flip/0011,ENV-02,0.05156571106170705,16,0.20207775154321075,4.796784642026373,0.006726948302469136,0.1874918100887353,0.016530671296296297,0.8895087242126465,0.9975323677062988,0.9999638795852661,0.886670708656311,1,1,1,1
testing/flip/0037_000000013,flip/0037,13,ENV-03,1,training/notflip/0006_000000012,notflip/0006,ENV-01,0.04192934017856496,16,0.1600956130401232,4.109890269382968,0.01252025462962963,0.18906002102623481,0.01906635802469136,0.8904188275337219,0.9981597065925598,0.9999713897705078,0.9142054319381714,1,1,1,1
training/flip/0037_000000014,flip/0037,14,ENV-03,1,training/notflip/0015_000000022,notflip/0015,ENV-02,0.04945901332681711,16,0.2003358390239198,4.018393733648166,0.0007634066358024692,0.19159182706404318,0.020546875,0.8619123697280884,0.9988383650779724,0.9999790191650391,0.8714765906333923,1,1,1,1
training/flip/0037_000000015,flip/0037,15,ENV-03,1,training/flip/0064_000000021,flip/0064,ENV-04,0.025407205463988437,16,0.18051562316743822,2.222258952408919,0.0009307484567901234,0.19448556066743775,0.028349247685185184,0.8495123386383057,0.99909508228302,0.9999860525131226,0.9908254742622375,1,1,1,1
testing/flip/0037_000000016,flip/0037,16,ENV-03,1,training/flip/0021_000000023,flip/0021,ENV-02,0.03690403450205585,16,0.189267652681327,3.3546050074166036,0.0012061149691358025,0.1949272561728387,0.02886815200617284,0.812811017036438,0.9993797540664673,0.9999921321868896,0.9555407166481018,1,1,1,1
testing/flip/0037_000000017,flip/0037,17,ENV-03,1,training/flip/0016_000000021,flip/0016,ENV-02,0.04638683959800821,16,0.1966834427083327,4.166083972823464,0.001273630401234568,0.19536535831404223,0.028955922067901235,0.7452812790870667,0.9991849064826965,0.999992847442627,0.9704340100288391,1,1,1,1
training/flip/0037_000000018,flip/0037,18,ENV-03,1,training/flip/0055_000000013,flip/0055,ENV-04,0.03233347524617371,16,0.1914278230131174,2.7626739097719866,0.005129243827160494,0.19293517534722132,0.02747926311728395,0.7604816555976868,0.9993057250976562,0.9999936819076538,0.988456130027771,1,1,1,1
training/flip/0037_000000019,flip/0037,19,ENV-03,1,training/notflip/0015_000000013,notflip/0015,ENV-02,0.04911177285987606,16,0.17557929668209873,3.522215471233474,0.0011636766975308642,0.19338743161651126,0.0259741512345679,0.7150511741638184,0.9988025426864624,0.9999933242797852,0.8875641226768494,1,1,1,1
testing/flip/0037_000000020,flip/0037,20,ENV-03,1,training/flip/0011_000000024,flip/0011,ENV-02,0.03907340031410822,16,0.19708492515432074,3.354605007416599,0.001052758487654321,0.194397830632715,0.026980613425925927,0.679162859916687,0.9984448552131653,0.9999929666519165,0.8964755535125732,1,1,1,1
training/flip/0037_000000021,flip/0037,21,ENV-03,1,training/flip/0054_000000009,flip/0054,ENV-04,0.039829389448344237,16,0.22245578395061816,3.522215471233474,0.012819251543209877,0.19481645437885692,0.02813946759259259,0.6704366207122803,0.9979985356330872,0.9999908208847046,0.9958177208900452,1,1,1,1
training/flip/0037_000000022,flip/0037,22,ENV-03,1,training/notflip/0049_000000021,notflip/0049,ENV-04,0.031188117570103452,16,0.22410097299382667,2.259160690744582,0.004926697530864198,0.19614474479166566,0.029684606481481482,0.6231037974357605,0.9974794983863831,0.9999881982803345,0.9582763314247131,1,1,1,1
training/flip/0037_000000023,flip/0037,23,ENV-03,1,training/notflip/0051_000000008,notflip/0051,ENV-04,0.032111829439506245,16,0.21758741464120349,2.0518353442181154,0.004841338734567901,0.19671770746527664,0.03167679398148148,0.5148276090621948,0.9966112971305847,0.9999845027923584,0.9504155516624451,1,1,1,1
testing/flip/0037_000000024,flip/0037,24,ENV-03,1,training/notflip/0049_000000016,notflip/0049,ENV-04,0.03031554838232109,16,0.21754354137731405,2.051835344218101,0.004766107253086419,0.19705235146604824,0.033179012345679014,0.3828961253166199,0.9940080642700195,0.9999762773513794,0.8887655138969421,0,1,1,1
training/flip/0037_000000025,flip/0037,25,ENV-03,1,training/flip/0057_000000015,flip/0057,ENV-04,0.029411583830451334,16,0.1492579165702164,2.0518353442181154,0.000630787037037037,0.19749887953317796,0.03428240740740741,0.28939682245254517,0.9904211759567261,0.9999678134918213,0.8579959273338318,0,1,1,1
training/flip/0037_000000026,flip/0037,26,ENV-03,1,training/flip/0058_000000009,flip/0058,ENV-04,0.03420321634887479,16,0.19031451967592533,2.445891459757027,0.00494116512345679,0.1976301044560174,0.033317901234567904,0.3681575357913971,0.9935545921325684,0.9999709129333496,0.9364612102508545,0,1,1,1
training/flip/0037_000000027,flip/0037,27,ENV-03,1,training/flip/0011_000000022,flip/0011,ENV-02,0.041251158190148844,16,0.21664872743055635,3.717550865187972,0.0020727237654320986,0.1982407416087952,0.03246431327160494,0.3692725598812103,0.9929532408714294,0.9999717473983765,0.49914368987083435,0,1,1,0
training/flip/0038_000000004,flip/0038,4,ENV-03,1,training/notflip/0008_000000010,notflip/0008,ENV-01,0.04582869898517479,16,0.19763218518518536,3.71755086518798,0.009050443672839506,0.1820239354745369,0.01588204089506173,0.5394279360771179,0.9806122183799744,0.9999568462371826,0.444993793964386,1,1,1,0
training/flip/0038_000000005,flip/0038,5,ENV-03,1,training/flip/0011_000000018,flip/0011,ENV-02,0.051507965304105036,16,0.2030454290123456,4.304756945748228,0.008830054012345679,0.18199460378086407,0.01488474151234568,0.5977594256401062,0.9845755100250244,0.9999589920043945,0.5059410929679871,1,1,1,1
training/flip/0038_000000006,flip/0038,6,ENV-03,1,training/flip/0015_000000013,flip/0015,ENV-02,0.04189875146542205,16,0.21987383217592624,3.3546050074166045,0.002275270061728395,0.18246828288966044,0.015028452932098766,0.6755892634391785,0.9873411059379578,0.9999591112136841,0.827225923538208,1,1,1,1
testing/flip/0038_000000007,flip/0038,7,ENV-03,1,training/notflip/0015_000000008,notflip/0015,ENV-02,0.07381426589958998,16,0.20355634548611048,5.525347819543962,0.015165895061728395,0.18233052758487645,0.0145703125,0.7924947142601013,0.9924926161766052,0.9999785423278809,0.5357720255851746,1,1,1,1
training/flip/0038_000000008,flip/0038,8,ENV-03,1,training/flip/0016_000000003,flip/0016,ENV-02,0.043050200439195635,16,0.20165995264274666,3.2691253833153646,0.003230613425925926,0.1812088668981481,0.014778645833333333,0.8527697324752808,0.9946932196617126,0.9999856948852539,0.9542730450630188,1,1,1,1
training/flip/0038_000000009,flip/0038,9,ENV-03,1,training/flip/0016_000000020,flip/0016,ENV-02,0.06498287063144248,16,0.15753372627314755,5.283323206850232,0.004012827932098765,0.18236144627700612,0.01592062114197531,0.90574049949646,0.9958910942077637,0.9999887943267822,0.8875188231468201,1,1,1,1
testing/flip/0038_000000010,flip/0038,10,ENV-03,1,training/flip/0020_000000017,flip/0020,ENV-02,0.04164662636115229,16,0.20325802411265392,3.3546050074166045,0.0022521219135802468,0.18333515605709874,0.01704861111111111,0.9217456579208374,0.9961270689964294,0.9999856948852539,0.9576776623725891,1,1,1,1
training/flip/0038_000000011,flip/0038,11,ENV-03,1,training/flip/0021_000000023,flip/0021,ENV-02,0.05362942068594098,16,0.16463139631558646,4.3047569457482275,0.0040678047839506175,0.18358409857253077,0.01755738811728395,0.939156711101532,0.9974168539047241,0.9999918937683105,0.8975363373756409,1,1,1,1
training/flip/0038_000000012,flip/0038,12,ENV-03,1,training/flip/0022_000000018,flip/0022,ENV-02,0.05166171036708669,16,0.1894295588348774,4.628021222611879,0.009162326388888888,0.18348231240354923,0.017922935956790124,0.9460643529891968,0.9974008798599243,0.9999923706054688,0.9076319932937622,1,1,1,1
testing/flip/0038_000000013,flip/0038,13,ENV-03,1,training/notflip/0015_000000014,notflip/0015,ENV-02,0.06757812710972365,16,0.20130852719907455,5.020878563478131,0.009660493827160494,0.1837373748070986,0.018302469135802468,0.9387708902359009,0.9971504807472229,0.9999916553497314,0.7798292636871338,1,1,1,1
training/flip/0038_000000014,flip/0038,14,ENV-03,1,training/flip/0016_000000023,flip/0016,ENV-02,0.06853096497016443,16,0.15535936651234508,5.778768924566758,0.004748263888888889,0.18484986188271577,0.018734567901234567,0.9270780086517334,0.9965870380401611,0.9999904632568359,0.916898787021637,1,1,1,1
testing/flip/0038_000000015,flip/0038,15,ENV-03,1,training/flip/0021_000000023,flip/0021,ENV-02,0.053389064087368765,16,0.18631912750771612,4.304756945748232,0.0036236496913580247,0.1867318853202158,0.018816068672839505,0.9446365833282471,0.9974161386489868,0.9999934434890747,0.918556809425354,1,1,1,1
testing/flip/0038_000000016,flip/0038,16,ENV-03,1,training/flip/0017_000000016,flip/0017,ENV-02,0.049491676128744305,16,0.21384360233410435,3.2691253833153757,0.0026239390432098767,0.18659536226851828,0.019425636574074073,0.948967695236206,0.9976905584335327,0.9999935626983643,0.9146626591682434,1,1,1,1
training/flip/0038_000000017,flip/0038,17,ENV-03,1,training/notflip/0006_000000022,notflip/0006,ENV-01,0.031088953110223017,16,0.16704305912422857,2.4659341616297814,0.0028081597222222223,0.1868403703703701,0.01980999228395062,0.9384618401527405,0.9968782663345337,0.9999904632568359,0.950290322303772,1,1,1,1
training/flip/0038_000000018,flip/0038,18,ENV-03,1,training/flip/0016_000000018,flip/0016,ENV-02,0.05498314115151303,16,0.1848613176118826,4.518321381489165,0.003736496913580247,0.18744814718364175,0.021007908950617285,0.9304801821708679,0.996673583984375,0.9999895095825195,0.9341806769371033,1,1,1,1
training/flip/0038_000000019,flip/0038,19,ENV-03,1,training/flip/0016_000000018,flip/0016,ENV-02,0.05456539715660669,16,0.17243432021604924,4.518321381489165,0.00334008487654321,0.18765484085648132,0.0219188850308642,0.9375510811805725,0.9969773292541504,0.9999889135360718,0.9409412741661072,1,1,1,1
testing/flip/0038_000000020,flip/0038,20,ENV-03,1,training/flip/0016_000000023,flip/0016,ENV-02,0.06561323671086888,16,0.1528345891203701,5.578708683783677,0.003998842592592593,0.1878438112461418,0.02316261574074074,0.9472509622573853,0.9977104663848877,0.9999904632568359,0.9457185864448547,1,1,1,1
training/flip/0038_000000021,flip/0038,21,ENV-03,1,training/notflip/0015_000000010,notflip/0015,ENV-02,0.06626032411806733,16,0.2010836776620377,5.020878563478131,0.009814814814814814,0.18810026591435158,0.023921682098765433,0.9506831765174866,0.9978140592575073,0.9999915361404419,0.8254830837249756,1,1,1,1
training/flip/0038_000000022,flip/0038,22,ENV-03,1,training/flip/0016_000000022,flip/0016,ENV-02,0.06225865130445472,16,0.17190090461033977,5.283323206850215,0.0041068672839506175,0.18830146199845652,0.02443576388888889,0.9355890154838562,0.9971873164176941,0.9999884366989136,0.9447794556617737,1,1,1,1
training/flip/0038_000000023,flip/0038,23,ENV-03,1,training/flip/0018_000000002,flip/0018,ENV-02,0.03911356990368681,16,0.17458001273148158,2.762673909771987,0.002133005401234568,0.18917710580632688,0.024951774691358026,0.9327272772789001,0.9969977140426636,0.9999877214431763,0.9167188405990601,1,1,1,1
training/flip/0038_000000024,flip/0038,24,ENV-03,1,training/notflip/0050_000000003,notflip/0050,ENV-04,0.01573586841071717,16,0.09947662384259313,1.7358865063973297,0.007883391203703703,0.18987868586033918,0.02567901234567901,0.9305564165115356,0.9969496130943298,0.9999880790710449,0.9220054149627686,1,1,1,1
training/flip/0038_000000025,flip/0038,25,ENV-03,1,training/flip/0016_000000016,flip/0016,ENV-02,0.04932657264450973,16,0.16283777459490792,4.3047569457482275,0.0028824266975308642,0.1897817674575615,0.025904224537037036,0.933399498462677,0.9971412420272827,0.9999887943267822,0.9701887369155884,1,1,1,1
testing/flip/0038_000000026,flip/0038,26,ENV-03,1,training/notflip/0006_000000008,notflip/0006,ENV-01,0.04276963956597461,16,0.1761047687114194,3.785677862194627,0.014602141203703704,0.18987054571759232,0.02646026234567901,0.9343633055686951,0.9970638155937195,0.9999880790710449,0.9422361850738525,1,1,1,1
training/flip/0038_000000027,flip/0038,27,ENV-03,1,training/flip/0021_000000024,flip/0021,ENV-02,0.05127167515122927,16,0.1889244887152783,4.3047569457482275,0.003611111111111111,0.19038518007330227,0.02665991512345679,0.9327364563941956,0.9970351457595825,0.9999866485595703,0.9221663475036621,1,1,1,1
training/flip/0038_000000028,flip/0038,28,ENV-03,1,training/flip/0016_000000017,flip/0016,ENV-02,0.04881233151769235,16,0.17732168171296356,4.3047569457482275,0.0027338927469135804,0.19046194521604914,0.02687114197530864,0.9369745850563049,0.9972953200340271,0.9999866485595703,0.9698129892349243,1,1,1,1
training/flip/0038_000000029,flip/0038,29,ENV-03,1,training/notflip/0008_000000014,notflip/0008,ENV-01,0.03435747721388777,16,0.24150797636959828,3.287912215506375,0.0027666859567901233,0.19059937972608015,0.027024498456790124,0.9290215969085693,0.9972996115684509,0.9999867677688599,0.9375739097595215,1,1,1,1
training/flip/0038_000000030,flip/0038,30,ENV-03,1,training/flip/0011_000000016,flip/0011,ENV-02,0.03875076918067326,16,0.20000090441743743,3.3546050074166045,0.0031370563271604936,0.19090227604166654,0.02757908950617284,0.928900420665741,0.9975782036781311,0.9999885559082031,0.9383354187011719,1,1,1,1
training/flip/0038_000000031,flip/0038,31,ENV-03,1,training/flip/0015_000000015,flip/0015,ENV-02,0.03794335546544004,16,0.22616867361111123,3.3546050074166036,0.002763310185185185,0.19128230844907418,0.02816502700617284,0.9244009852409363,0.9977139234542847,0.999988317489624,0.9765933752059937,1,1,1,1
testing/flip/0038_000000032,flip/0038,32,ENV-03,1,training/notflip/0005_000000011,notflip/0005,ENV-01,0.032586168268910524,16,0.205344246334876,2.8989612372627955,0.0036207561728395063,0.19102042804783975,0.028602912808641974,0.9098520278930664,0.9977995753288269,0.9999892711639404,0.9511380791664124,1,1,1,1
training/flip/0038_000000033,flip/0038,33,ENV-03,1,training/flip/0015_000000022,flip/0015,ENV-02,0.05402675700333641,16,0.19461120669367377,4.628021222611884,0.0040909529320987655,0.19160127305169794,0.02849681712962963,0.9090244174003601,0.9978761672973633,0.9999891519546509,0.97206050157547,1,1,1,1
training/flip/0038_000000034,flip/0038,34,ENV-03,1,training/notflip/0005_000000008,notflip/0005,ENV-01,0.035870150437741916,16,0.1839133666087958,2.898961237262799,0.007411747685185185,0.19191848447145116,0.028660300925925926,0.9066435694694519,0.9980548620223999,0.9999891519546509,0.939171552658081,1,1,1,1
training/flip/0038_000000035,flip/0038,35,ENV-03,1,training/notflip/0011_000000005,notflip/0011,ENV-01,0.030685857213048257,16,0.15825569184027727,2.885619963450668,0.0027956211419753085,0.19235170408950691,0.028682966820987654,0.8994610905647278,0.9980916380882263,0.9999879598617554,0.967641294002533,1,1,1,1
training/flip/0038_000000036,flip/0038,36,ENV-03,1,training/flip/0013_000000020,flip/0013,ENV-02,0.039726370038405415,16,0.16380911776620388,3.824791078136121,0.002018229166666667,0.19225014409722307,0.028453896604938272,0.8823197484016418,0.9981789588928223,0.9999891519546509,0.9549322128295898,1,1,1,1
training/flip/0038_000000037,flip/0038,37,ENV-03,1,training/notflip/0006_000000008,notflip/0006,ENV-01,0.037584683689820035,16,0.1565399922839507,3.785677862194622,0.011806037808641975,0.19577514583333433,0.02824122299382716,0.8836513161659241,0.9983530044555664,0.9999895095825195,0.9717472195625305,1,1,1,1
training/flip/0038_000000038,flip/0038,38,ENV-03,1,training/notflip/0015_000000019,notflip/0015,ENV-02,0.0537918038839823,16,0.21690553771219165,4.518321381489155,0.0013421103395061728,0.1970296103395066,0.028614004629629628,0.8649469017982483,0.9984466433525085,0.9999874830245972,0.9259642958641052,1,1,1,1
training/flip/0038_000000039,flip/0038,39,ENV-03,1,training/flip/0013_000000021,flip/0013,ENV-02,0.03795814147392192,16,0.21255892939814658,3.785677862194627,0.0007860725308641975,0.19746652874228315,0.02931327160493827,0.8576099276542664,0.9986512064933777,0.9999852180480957,0.9750908613204956,1,1,1,1
training/flip/0038_000000040,flip/0038,40,ENV-03,1,training/flip/0011_000000022,flip/0011,ENV-02,0.04643078488661859,16,0.21227539448302596,4.166083972823463,0.0014665316358024691,0.19736556201774574,0.030817418981481482,0.864776074886322,0.9987996816635132,0.9999871253967285,0.9679503440856934,1,1,1,1
training/flip/0038_000000041,flip/0038,41,ENV-03,1,training/flip/0022_000000018,flip/0022,ENV-02,0.037804886383425225,16,0.2148076545138902,3.7175508651879747,0.0014655671296296296,0.19605099652777627,0.03231722608024691,0.8803529739379883,0.9988466501235962,0.9999864101409912,0.967470109462738,1,1,1,1
training/flip/0038_000000042,flip/0038,42,ENV-03,1,training/notflip/0015_000000006,notflip/0015,ENV-02,0.05475213656838075,16,0.17249936284722228,4.3047569457482275,0.0013700810185185185,0.19693306462191215,0.03326147762345679,0.8766331076622009,0.9987848401069641,0.999984622001648,0.9415836334228516,1,1,1,1
testing/flip/0038_000000043,flip/0038,43,ENV-03,1,training/flip/0055_000000014,flip/0055,ENV-04,0.02860665858473708,16,0.2079635613425921,2.5237852414630813,0.004701003086419753,0.19632606847993664,0.03438560956790124,0.8824978470802307,0.9988129138946533,0.9999833106994629,0.9929197430610657,1,1,1,1
testing/flip/0038_000000044,flip/0038,44,ENV-03,1,training/flip/0015_000000013,flip/0015,ENV-02,0.023920360320838458,16,0.1686050477430564,2.2222589524089007,0.0006196952160493827,0.1973514311342567,0.03568142361111111,0.8991298079490662,0.9988118410110474,0.999984622001648,0.992944061756134,1,1,1,1
training/flip/0038_000000045,flip/0038,45,ENV-03,1,training/flip/0022_000000019,flip/0022,ENV-02,0.039493890594362306,16,0.20134297897376544,3.7175508651879747,0.0025024112654320986,0.20003956558641664,0.03440682870370371,0.9074808955192566,0.998488187789917,0.999983549118042,0.9493556618690491,1,1,1,1
training/flip/0038_000000046,flip/0038,46,ENV-03,1,training/notflip/0015_000000007,notflip/0015,ENV-02,0.055177726719003554,16,0.21435204224536977,4.304756945748228,0.007232349537037037,0.20170197762345374,0.032660590277777776,0.9176554679870605,0.9987525939941406,0.999987006187439,0.883742094039917,1,1,1,1
testing/flip/0038_000000047,flip/0038,47,ENV-03,1,training/notflip/0008_000000003,notflip/0008,ENV-01,0.029947462595365678,16,0.14226278935185124,2.993200284458302,0.00814477237654321,0.2016527836612625,0.031316550925925925,0.8949936628341675,0.9985878467559814,0.999987006187439,0.9235861897468567,1,1,1,1
testing/flip/0038_000000048,flip/0038,48,ENV-03,1,training/flip/0021_000000025,flip/0021,ENV-02,0.04374788648704235,16,0.16550269666280706,4.1660839728234595,0.0029369212962962964,0.2002033264853369,0.031754436728395063,0.8276645541191101,0.9977021813392639,0.9999771118164062,0.8260399699211121,1,1,1,1
training/flip/0038_000000049,flip/0038,49,ENV-03,1,training/flip/0058_000000011,flip/0058,ENV-04,0.032003130426001634,16,0.1560144886188252,2.1158312379366553,0.0016102430555555555,0.20152183342978156,0.03261429398148148,0.73453688621521,0.9968121647834778,0.9999600648880005,0.9766005277633667,1,1,1,1
training/flip/0039_000000008,flip/0039,8,ENV-03,1,training/notflip/0006_000000004,notflip/0006,ENV-01,0.06070682639623318,16,0.20890295524691233,6.178720258131109,0.0170703125,0.1811147493248459,0.009255401234567901,0.4380686581134796,0.9879350662231445,0.9999209642410278,0.6201258301734924,0,1,1,1
testing/flip/0039_000000009,flip/0039,9,ENV-03,1,training/notflip/0015_000000016,notflip/0015,ENV-02,0.07840031144670799,16,0.16835534972993818,6.5521305588329195,0.010601851851851852,0.18146552719907424,0.009839409722222222,0.48332083225250244,0.9898548126220703,0.9999293088912964,0.5272934436798096,0,1,1,1
training/flip/0039_000000010,flip/0039,10,ENV-03,1,training/flip/0022_000000016,flip/0022,ENV-02,0.05973568078581926,16,0.14470934326774632,5.778768924566749,0.009330150462962964,0.18135608429783967,0.009724633487654321,0.5431786775588989,0.9918980598449707,0.999929666519165,0.637451708316803,1,1,1,1
training/flip/0039_000000011,flip/0039,11,ENV-03,1,training/flip/0012_000000011,flip/0012,ENV-02,0.042812061752336976,16,0.18285942997685184,4.166083972823459,0.0033000578703703703,0.1813289544753087,0.010984760802469136,0.5570015907287598,0.9911892414093018,0.999931812286377,0.7359318137168884,1,1,1,1
training/flip/0039_000000012,flip/0039,12,ENV-03,1,training/notflip/0006_000000006,notflip/0006,ENV-01,0.054870696772532104,16,0.2317335640432112,4.981007169595123,0.014243827160493827,0.18121227363040127,0.012053433641975309,0.5565370917320251,0.9917628765106201,0.999923586845398,0.6163495779037476,1,1,1,1
training/flip/0039_000000013,flip/0039,13,ENV-03,1,training/flip/0016_000000009,flip/0016,ENV-02,0.044304074215113204,16,0.18959521277006156,4.1036706884362175,0.0025,0.18164862268518522,0.013825231481481482,0.6261608600616455,0.9932430386543274,0.9999288320541382,0.9056409597396851,1,1,1,1
training/flip/0039_000000014,flip/0039,14,ENV-03,1,training/flip/0016_000000024,flip/0016,ENV-02,0.06985740543721088,16,0.1615741954089513,6.5521305588329195,0.005206886574074074,0.18128109326774702,0.014664351851851852,0.638542115688324,0.9944102168083191,0.9999282360076904,0.844569742679596,1,1,1,1
training/flip/0039_000000015,flip/0039,15,ENV-03,1,training/flip/0030_000000016,flip/0030,ENV-02,0.039740372271178735,16,0.2180987085262355,3.522215471233474,0.002534722222222222,0.18193612085262356,0.017045235339506172,0.7246703505516052,0.9958975315093994,0.9999397993087769,0.5782138109207153,1,1,1,1
training/flip/0039_000000016,flip/0039,16,ENV-03,1,training/flip/0011_000000021,flip/0011,ENV-02,0.05569019642295337,16,0.20281216396604937,4.981007169595122,0.0048832947530864194,0.18498474691358036,0.019263117283950616,0.6375399827957153,0.9946743249893188,0.9999226331710815,0.8014211058616638,1,1,1,1
training/flip/0039_000000017,flip/0039,17,ENV-03,1,training/flip/0017_000000018,flip/0017,ENV-02,0.04661889517365047,16,0.21918097434413578,4.018393733648166,0.002297453703703704,0.18887906404320937,0.021354648919753087,0.5808916687965393,0.9958232641220093,0.9999514818191528,0.7420709133148193,1,1,1,1
training/flip/0039_000000018,flip/0039,18,ENV-03,1,training/flip/0019_000000021,flip/0019,ENV-02,0.028968121249653846,16,0.21225905960648145,2.9600929713133293,0.0009760802469135802,0.1919748286072524,0.021961323302469134,0.5281273126602173,0.9961417317390442,0.9999635219573975,0.9082940816879272,1,1,1,1
training/flip/0039_000000019,flip/0039,19,ENV-03,1,training/flip/0016_000000021,flip/0016,ENV-02,0.05093368938866055,16,0.20124118180941217,4.628021222611889,0.0011294367283950617,0.1900519744405849,0.01960841049382716,0.49775055050849915,0.9975594282150269,0.9999783039093018,0.9472594857215881,0,1,1,1
training/flip/0039_000000020,flip/0039,20,ENV-03,1,training/flip/0016_000000021,flip/0016,ENV-02,0.04880323301714465,16,0.21161279629629529,4.3047569457482355,0.0009765625,0.1895538039158935,0.01906105324074074,0.48968902230262756,0.9980072379112244,0.9999862909317017,0.9490281939506531,0,1,1,1
training/flip/0039_000000021,flip/0039,21,ENV-03,1,training/notflip/0006_000000004,notflip/0006,ENV-01,0.03408060250913024,16,0.17944650819830224,3.03162810844979,0.003386863425925926,0.1899812445987638,0.01771508487654321,0.47837239503860474,0.9970026612281799,0.9999794960021973,0.9281650185585022,0,1,1,1
training/flip/0039_000000022,flip/0039,22,ENV-03,1,training/notflip/0015_000000016,notflip/0015,ENV-02,0.050230386787730535,16,0.152494841820988,3.522215471233474,0.0015239197530864197,0.18932504812885637,0.020834780092592594,0.4946438670158386,0.9961842894554138,0.9999737739562988,0.8128148913383484,0,1,1,1
training/flip/0039_000000023,flip/0039,23,ENV-03,1,training/flip/0061_000000012,flip/0061,ENV-04,0.03531738755409679,16,0.20216363927469067,3.434141240019638,0.012241994598765432,0.18994252015817734,0.024209104938271605,0.5047740340232849,0.9958529472351074,0.9999644756317139,0.9942083358764648,1,1,1,1
training/flip/0039_000000024,flip/0039,24,ENV-03,1,training/flip/0016_000000024,flip/0016,ENV-02,0.049914607640537206,16,0.19128538049768473,4.1660839728234595,0.0016980131172839505,0.19180063387345547,0.027389081790123455,0.4474268853664398,0.9950309991836548,0.999956488609314,0.6788648962974548,0,1,1,1
training/flip/0039_000000025,flip/0039,25,ENV-03,1,training/flip/0022_000000018,flip/0022,ENV-02,0.03449201558402291,16,0.2413089728973762,3.031628108449787,0.0020707947530864195,0.19220552121913445,0.03005401234567901,0.3706495761871338,0.9938982725143433,0.9999369382858276,0.4108521342277527,0,1,1,0
training/flip/0039_000000026,flip/0039,26,ENV-03,1,training/flip/0013_000000021,flip/0013,ENV-02,0.033105213031834335,16,0.2255772317708328,3.3546050074165996,0.002106963734567901,0.19223968219521484,0.031139081790123455,0.3178607225418091,0.9910421371459961,0.9999349117279053,0.3785524368286133,0,1,1,0
training/flip/0039_000000027,flip/0039,27,ENV-03,1,training/flip/0011_000000024,flip/0011,ENV-02,0.042138367411384374,16,0.21761977459490686,3.354605007416605,0.0024517746913580245,0.1925412323495358,0.03177854938271605,0.21195004880428314,0.9846147894859314,0.9999033212661743,0.2472023218870163,0,1,1,0
training/flip/0039_000000028,flip/0039,28,ENV-03,1,training/flip/0058_000000012,flip/0058,ENV-04,0.031928364923944526,16,0.17168455478395034,2.06976806884398,0.0068889853395061726,0.19304837451774576,0.032355806327160494,0.17714354395866394,0.9806179404258728,0.9998747110366821,0.8577240109443665,0,1,1,1
training/flip/0040_000000006,flip/0040,6,ENV-03,1,training/notflip/0008_000000006,notflip/0008,ENV-01,0.053733764123753316,16,0.20522188609182077,4.981007169595118,0.007701099537037037,0.1892350459104934,0.01076147762345679,0.5524563789367676,0.9864761233329773,0.9998865127563477,0.8507583737373352,1,1,1,1
testing/flip/0040_000000007,flip/0040,7,ENV-03,1,training/flip/0016_000000021,flip/0016,ENV-02,0.07497477020274561,16,0.19803456587577134,7.046114579682264,0.008138020833333334,0.18821850597993786,0.010489486882716049,0.717913806438446,0.9899957180023193,0.9998941421508789,0.9209768176078796,1,1,1,1
training/flip/0040_000000008,flip/0040,8,ENV-03,1,training/notflip/0015_000000015,notflip/0015,ENV-02,0.07732330904862453,16,0.18185559596836434,6.5521305588329195,0.015124421296296296,0.1876823368055552,0.010794753086419752,0.7674298882484436,0.9905669093132019,0.9998924732208252,0.8264743685722351,1,1,1,1
training/flip/0040_000000009,flip/0040,9,ENV-03,1,training/flip/0016_000000023,flip/0016,ENV-02,0.07895586624865991,16,0.1729859122299386,7.33607219692905,0.008218074845679012,0.18830589274691334,0.01099633487654321,0.7984727621078491,0.9913321733474731,0.9998985528945923,0.9419595003128052,1,1,1,1
training/flip/0040_000000010,flip/0040,10,ENV-03,1,training/notflip/0006_000000007,notflip/0006,ENV-01,0.05640257758236572,16,0.17824712133487722,5.3578436261058995,0.018333333333333333,0.1867582555941356,0.012074652777777778,0.8567870259284973,0.9943479895591736,0.9999196529388428,0.9346984028816223,1,1,1,1
training/flip/0040_000000011,flip/0040,11,ENV-03,1,training/notflip/0015_000000006,notflip/0015,ENV-02,0.0781172668412238,16,0.18931847685185163,6.277028755231873,0.014703414351851851,0.18614523514660486,0.012975019290123457,0.8687337636947632,0.9959949254989624,0.9999319314956665,0.840577244758606,1,1,1,1
training/flip/0040_000000012,flip/0040,12,ENV-03,1,training/flip/0012_000000024,flip/0012,ENV-02,0.059341454960826164,16,0.20615031925154298,5.797922474525592,0.007197145061728395,0.1862368403742282,0.013787133487654321,0.887045681476593,0.9966359734535217,0.9999399185180664,0.958284318447113,1,1,1,1
training/flip/0040_000000013,flip/0040,13,ENV-03,1,training/flip/0015_000000014,flip/0015,ENV-02,0.04755559156468958,16,0.19579423668981533,4.166083972823463,0.002259837962962963,0.1853059674961419,0.01505787037037037,0.9244864583015442,0.997526228427887,0.9999485015869141,0.9884164929389954,1,1,1,1
training/flip/0040_000000014,flip/0040,14,ENV-03,1,training/flip/0013_000000024,flip/0013,ENV-02,0.05206699892998296,16,0.2017539378858027,5.020878563478131,0.00271412037037037,0.18645470997299368,0.015940393518518517,0.9394913911819458,0.997591495513916,0.999944806098938,0.9699897170066833,1,1,1,1
training/flip/0040_000000015,flip/0040,15,ENV-03,1,training/flip/0016_000000019,flip/0016,ENV-02,0.06690690988861252,16,0.14951320852623448,6.277028755231864,0.007010030864197531,0.18666254079861072,0.018386863425925926,0.95204097032547,0.9976067543029785,0.9999343156814575,0.9777100086212158,1,1,1,1
training/flip/0040_000000016,flip/0040,16,ENV-03,1,training/notflip/0006_000000003,notflip/0006,ENV-01,0.05286315796962015,16,0.13733230536265445,5.344451868068309,0.019803722993827162,0.18929592177854895,0.02033805941358025,0.9676638245582581,0.9981589913368225,0.9999485015869141,0.976470947265625,1,1,1,1
training/flip/0040_000000017,flip/0040,17,ENV-03,1,training/notflip/0015_000000013,notflip/0015,ENV-02,0.07060639130624304,16,0.21559951649305534,6.5521305588329195,0.017804301697530864,0.18748113831018431,0.021753472222222223,0.9781186580657959,0.9987155199050903,0.9999514818191528,0.9503151774406433,1,1,1,1
training/flip/0040_000000018,flip/0040,18,ENV-03,1,training/flip/0013_000000019,flip/0013,ENV-02,0.04904041189939365,16,0.20850816898148114,4.931868323259563,0.014649402006172839,0.18751685146604807,0.022007619598765432,0.9795204401016235,0.998768150806427,0.9999548196792603,0.9821828007698059,1,1,1,1
training/flip/0040_000000019,flip/0040,19,ENV-03,1,training/flip/0017_000000013,flip/0017,ENV-02,0.04271630734802194,16,0.17621934731867328,3.522215471233474,0.0027309992283950616,0.19171667023533812,0.021607831790123457,0.9835438132286072,0.9993993043899536,0.9999775886535645,0.9841277003288269,1,1,1,1
training/flip/0040_000000020,flip/0040,20,ENV-03,1,training/flip/0019_000000026,flip/0019,ENV-02,0.05430552344565057,16,0.2301547095871921,5.436858460969147,0.01417872299382716,0.1913635647183631,0.0190234375,0.9828357100486755,0.9995139837265015,0.9999816417694092,0.9850510358810425,1,1,1,1
training/flip/0040_000000021,flip/0040,21,ENV-03,1,training/notflip/0009_000000006,notflip/0009,ENV-01,0.041800459191290856,16,0.15348965605709922,4.523982264455885,0.019619502314814814,0.19255759500385725,0.019816743827160494,0.9795800447463989,0.9994877576828003,0.999977707862854,0.9882025122642517,1,1,1,1
training/flip/0040_000000022,flip/0040,22,ENV-03,1,training/flip/0013_000000024,flip/0013,ENV-02,0.043886130860983676,16,0.18882920071373469,4.5373658060020885,0.013572048611111111,0.1938759424189814,0.022932098765432098,0.9851899743080139,0.9997239708900452,0.9999861717224121,0.9942038655281067,1,1,1,1
training/flip/0040_000000023,flip/0040,23,ENV-03,1,training/notflip/0006_000000024,notflip/0006,ENV-01,0.02785470465878554,16,0.1981252662037036,2.9932002844582954,0.012998167438271604,0.19639054272762407,0.026070119598765432,0.9778614640235901,0.9997225403785706,0.9999878406524658,0.9939087629318237,1,1,1,1
testing/flip/0040_000000024,flip/0040,24,ENV-03,1,training/notflip/0015_000000015,notflip/0015,ENV-02,0.059956467804981414,16,0.18725925038580257,5.2833232068502145,0.014397665895061728,0.1969167108410502,0.028817515432098765,0.9819347858428955,0.9997692704200745,0.9999924898147583,0.9695361256599426,1,1,1,1
testing/flip/0040_000000025,flip/0040,25,ENV-03,1,training/flip/0011_000000008,flip/0011,ENV-02,0.025342194887353005,16,0.16937142100694433,2.0697680688439806,0.006071566358024691,0.19788649546682138,0.028315489969135802,0.9731927514076233,0.9997050166130066,0.999991774559021,0.9848240613937378,1,1,1,1
training/flip/0040_000000026,flip/0040,26,ENV-03,1,training/notflip/0006_000000002,notflip/0006,ENV-01,0.04340101016264512,16,0.16148752488425852,4.253226997843371,0.017893036265432097,0.19862324807098775,0.03130401234567901,0.9769529104232788,0.9997162222862244,0.9999903440475464,0.9467772245407104,1,1,1,1
training/flip/0040_000000027,flip/0040,27,ENV-03,1,training/flip/0011_000000022,flip/0011,ENV-02,0.0525586576175871,16,0.1867627193287032,5.3578436261058995,0.01701485339506173,0.198298989390432,0.03253568672839506,0.9580365419387817,0.9994820952415466,0.9999849796295166,0.8588349223136902,1,1,1,1
testing/flip/0040_000000028,flip/0040,28,ENV-03,1,training/flip/0013_000000019,flip/0013,ENV-02,0.04039373333349071,16,0.24825930217978343,4.523982264455885,0.016939621913580248,0.19819223032407327,0.03344521604938271,0.9331300854682922,0.9991993308067322,0.9999758005142212,0.79865962266922,1,1,1,1
training/flip/0040_000000029,flip/0040,29,ENV-03,1,training/flip/0011_000000015,flip/0011,ENV-02,0.0343022144164959,16,0.23823390885416762,3.7175508651879756,0.01685619212962963,0.199145592496141,0.032095871913580244,0.9496020674705505,0.9992864727973938,0.9999772310256958,0.7610043287277222,1,1,1,1
training/flip/0040_000000030,flip/0040,30,ENV-03,1,training/flip/0015_000000017,flip/0015,ENV-02,0.038274531752988256,16,0.22805500385802585,4.109890269382968,0.014324845679012346,0.1992582047646594,0.03157262731481481,0.9518142342567444,0.9992857575416565,0.9999804496765137,0.8085989952087402,1,1,1,1
testing/flip/0041_000000010,flip/0041,10,ENV-03,1,training/notflip/0015_000000010,notflip/0015,ENV-02,0.06693391029888925,16,0.16717320871913488,5.0208785634781306,0.009172935956790123,0.16529875028935165,0.01396170910493827,0.26713991165161133,0.9908339381217957,0.9998929500579834,0.2641771137714386,0,1,1,0
training/flip/0041_000000011,flip/0041,11,ENV-03,1,training/notflip/0005_000000003,notflip/0005,ENV-01,0.04700221128057197,16,0.22774633468364205,3.354605007416605,0.021298225308641974,0.16487804137731446,0.012976466049382716,0.34675824642181396,0.9941539168357849,0.9999328851699829,0.32037249207496643,0,1,1,0
training/flip/0041_000000012,flip/0041,12,ENV-03,1,training/flip/0016_000000023,flip/0016,ENV-02,0.0713417709516046,16,0.211846248939045,5.578708683783684,0.009299768518518518,0.16552011467978334,0.011971450617283951,0.40525171160697937,0.9947443008422852,0.9999536275863647,0.5244953036308289,0,1,1,1
training/flip/0041_000000013,flip/0041,13,ENV-03,1,training/flip/0015_000000018,flip/0015,ENV-02,0.05122385767549003,16,0.14039945090663467,3.8247910781361276,0.0027068865740740742,0.1665316287615738,0.011915991512345679,0.4993821978569031,0.9961470365524292,0.9999614953994751,0.6851131319999695,0,1,1,1
training/flip/0041_000000014,flip/0041,14,ENV-03,1,training/notflip/0005_000000015,notflip/0005,ENV-01,0.029008642726809985,16,0.24522756847993823,2.549860718757416,0.0011612654320987655,0.16763468933256145,0.014989390432098765,0.543766438961029,0.9969056248664856,0.9999656677246094,0.7131222486495972,1,1,1,1
testing/flip/0041_000000015,flip/0041,15,ENV-03,1,training/flip/0030_000000014,flip/0030,ENV-02,0.03982644576670888,16,0.1699973743248449,3.031628108449791,0.0016160300925925925,0.16721650125385779,0.016468942901234566,0.5707004070281982,0.9974506497383118,0.9999710321426392,0.46706968545913696,1,1,1,0
training/flip/0041_000000016,flip/0041,16,ENV-03,1,training/flip/0016_000000014,flip/0016,ENV-02,0.0478228462985458,16,0.13550850077160384,3.8877111978322496,0.006722125771604939,0.16675299488811718,0.01462818287037037,0.49130234122276306,0.9972313046455383,0.9999731779098511,0.7247563004493713,0,1,1,1
training/flip/0041_000000017,flip/0041,17,ENV-03,1,training/flip/0022_000000019,flip/0022,ENV-02,0.05429627063638328,16,0.1505196473765422,4.286673378852114,0.008001543209876543,0.16560871556712944,0.011318479938271606,0.47211211919784546,0.9974141120910645,0.9999724626541138,0.425551176071167,0,1,1,0
testing/flip/0041_000000018,flip/0041,18,ENV-03,1,training/flip/0021_000000024,flip/0021,ENV-02,0.05316066873823556,16,0.144653133777005,4.103670688436202,0.007291666666666667,0.16618987017746856,0.010659722222222221,0.493886798620224,0.9977843165397644,0.9999717473983765,0.5414639711380005,0,1,1,1
testing/flip/0041_000000019,flip/0041,19,ENV-03,1,training/notflip/0005_000000013,notflip/0005,ENV-01,0.025836400010901452,16,0.2456821229745373,2.2591606907445825,0.0010947145061728394,0.1686308099922832,0.012978395061728395,0.5642536878585815,0.9986013770103455,0.9999808073043823,0.7582808136940002,1,1,1,1
training/flip/0041_000000020,flip/0041,20,ENV-03,1,training/flip/0013_000000023,flip/0013,ENV-02,0.035195025889626946,16,0.12585237673611113,3.031628108449791,0.001371045524691358,0.17050639728009212,0.017427662037037037,0.6385740637779236,0.9992557168006897,0.9999881982803345,0.8117507100105286,1,1,1,1
testing/flip/0041_000000021,flip/0041,21,ENV-03,1,training/notflip/0015_000000023,notflip/0015,ENV-02,0.03914421341791602,16,0.1940020694444436,2.564794180272623,0.0007556905864197531,0.16890079118441334,0.017018711419753085,0.7309486865997314,0.9994614720344543,0.9999878406524658,0.8540794849395752,1,1,1,1
testing/flip/0041_000000022,flip/0041,22,ENV-03,1,training/flip/0055_000000016,flip/0055,ENV-04,0.03207840638033618,16,0.168639476948303,2.762673909771986,0.02066309799382716,0.16704150067515394,0.01904079861111111,0.754400372505188,0.9995936751365662,0.9999892711639404,0.9903786182403564,1,1,1,1
training/flip/0041_000000023,flip/0041,23,ENV-03,1,training/notflip/0047_000000016,notflip/0047,ENV-04,0.03765564067801734,16,0.2261164358603401,3.031628108449791,0.026901523919753086,0.17021403809799307,0.022220293209876542,0.7295858860015869,0.9996683597564697,0.9999916553497314,0.9917820692062378,1,1,1,1
training/flip/0041_000000024,flip/0041,24,ENV-03,1,training/notflip/0057_000000002,notflip/0057,ENV-04,0.033924939542839,16,0.1990409039351862,2.7626739097719977,0.026939139660493827,0.17910897964891914,0.02710744598765432,0.6970891356468201,0.9996494054794312,0.9999935626983643,0.9844391942024231,1,1,1,1
training/flip/0041_000000025,flip/0041,25,ENV-03,1,training/notflip/0048_000000016,notflip/0048,ENV-04,0.038714265507552414,16,0.2241331504629636,3.269125383315365,0.026966628086419753,0.1735520156249994,0.027104070216049384,0.6392568349838257,0.9995579123497009,0.9999951124191284,0.9800424575805664,1,1,1,1
training/flip/0041_000000026,flip/0041,26,ENV-03,1,training/flip/0059_000000002,flip/0059,ENV-04,0.04857536092340232,16,0.23829803877314865,4.018393733648167,0.02867573302469136,0.17252842283950526,0.02966965663580247,0.5571423172950745,0.999138593673706,0.9999920129776001,0.9890227317810059,1,1,1,1
testing/flip/0041_000000027,flip/0041,27,ENV-03,1,training/flip/0058_000000018,flip/0058,ENV-04,0.043488508306473744,16,0.14570626128472136,3.3546050074165996,0.021729841820987653,0.17585149961419708,0.03230854552469136,0.45942792296409607,0.9981865286827087,0.9999878406524658,0.9685096740722656,0,1,1,1
training/flip/0041_000000028,flip/0041,28,ENV-03,1,training/flip/0059_000000008,flip/0059,ENV-04,0.04674278769563871,16,0.20053181066743705,3.824791078136127,0.02865499614197531,0.18061304320987634,0.03411988811728395,0.42167454957962036,0.9976422190666199,0.9999884366989136,0.9815723896026611,0,1,1,1
training/flip/0041_000000029,flip/0041,29,ENV-03,1,training/notflip/0048_000000024,notflip/0048,ENV-04,0.03862479103068305,16,0.1835924119405861,2.88561996345067,0.022146026234567903,0.18322083198302466,0.03400752314814815,0.4094267785549164,0.9970644116401672,0.9999892711639404,0.9093816876411438,0,1,1,1
training/flip/0042_000000001,flip/0042,1,ENV-03,1,training/flip/0012_000000018,flip/0012,ENV-02,0.039509294718837774,16,0.19304014515817863,4.166083972823459,0.0022096836419753085,0.16937254050925946,0.010402681327160494,0.5785075426101685,0.9903401732444763,0.9999445676803589,0.9450106024742126,1,1,1,1
testing/flip/0042_000000002,flip/0042,2,ENV-03,1,training/notflip/0006_000000003,notflip/0006,ENV-01,0.043641652074004195,16,0.14213204629629567,4.5373658060020885,0.014989872685185186,0.16974771228780886,0.010618730709876543,0.6199977397918701,0.9911948442459106,0.9999517202377319,0.9357771873474121,1,1,1,1
training/flip/0042_000000003,flip/0042,3,ENV-03,1,training/notflip/0015_000000022,notflip/0015,ENV-02,0.05545057740015007,16,0.19048604909336408,5.307444835509221,0.001007908950617284,0.1682838534915124,0.010964506172839505,0.5904887914657593,0.9891343712806702,0.9999563694000244,0.9297690391540527,1,1,1,1
testing/flip/0042_000000004,flip/0042,4,ENV-03,1,training/flip/0013_000000021,flip/0013,ENV-02,0.047245463604336284,16,0.21135071325231394,5.283323206850207,0.002453221450617284,0.16787157465277808,0.010951485339506174,0.5838448405265808,0.9892174005508423,0.9999606609344482,0.9524409174919128,1,1,1,1
training/flip/0042_000000005,flip/0042,5,ENV-03,1,training/flip/0015_000000022,flip/0015,ENV-02,0.058298425190107694,16,0.20559032532793126,6.277028755231863,0.002747878086419753,0.16800867766203748,0.011789158950617284,0.5910499095916748,0.9901903867721558,0.9999666213989258,0.9817169308662415,1,1,1,1
testing/flip/0042_000000006,flip/0042,6,ENV-03,1,training/notflip/0015_000000024,notflip/0015,ENV-02,0.04839559709909385,16,0.15198382397762258,4.796784642026368,0.0010421489197530863,0.16837292525077194,0.012531828703703703,0.6213455200195312,0.9914382696151733,0.9999699592590332,0.9512353539466858,1,1,1,1
training/flip/0042_000000007,flip/0042,7,ENV-03,1,training/flip/0019_000000019,flip/0019,ENV-02,0.03442546466264968,16,0.1895247519290124,3.5222154712334737,0.0006847993827160494,0.16877333429783975,0.013034336419753087,0.6498743295669556,0.9918141961097717,0.9999712705612183,0.9727804660797119,1,1,1,1
training/flip/0042_000000008,flip/0042,8,ENV-03,1,training/notflip/0015_000000014,notflip/0015,ENV-02,0.06584994866686486,16,0.23844363040123512,6.031249376344595,0.005046296296296296,0.16941626716821007,0.012880497685185186,0.6951681971549988,0.9922864437103271,0.9999699592590332,0.9279004335403442,1,1,1,1
training/flip/0042_000000009,flip/0042,9,ENV-03,1,training/flip/0015_000000018,flip/0015,ENV-02,0.04681139138043461,16,0.21345392119984563,4.796784642026368,0.0017544367283950618,0.16841477507716052,0.01374807098765432,0.711569607257843,0.9925881028175354,0.9999707937240601,0.9820654988288879,1,1,1,1
training/flip/0042_000000010,flip/0042,10,ENV-03,1,training/flip/0015_000000022,flip/0015,ENV-02,0.058870817849117144,16,0.17658043508873383,6.031249376344584,0.0030164930555555557,0.16963180343364181,0.013374324845679013,0.7719929218292236,0.993818461894989,0.9999740123748779,0.9864739179611206,1,1,1,1
testing/flip/0042_000000011,flip/0042,11,ENV-03,1,training/flip/0017_000000013,flip/0017,ENV-02,0.041496227295122944,16,0.159503429494599,3.976035901866963,0.0007190393518518519,0.1707555079089512,0.013587480709876544,0.7847042083740234,0.9939939379692078,0.9999768733978271,0.9567277431488037,1,1,1,1
testing/flip/0042_000000012,flip/0042,12,ENV-03,1,training/notflip/0005_000000011,notflip/0005,ENV-01,0.03669928505538864,16,0.1640111917438268,3.522215471233474,0.0025930748456790124,0.17206919483024752,0.012571373456790123,0.8114469647407532,0.9952072501182556,0.999976634979248,0.9505869746208191,1,1,1,1
training/flip/0042_000000013,flip/0042,13,ENV-03,1,training/flip/0015_000000016,flip/0015,ENV-02,0.043331547055837485,16,0.20943283256172848,4.30475694574822,0.003093653549382716,0.1746393586998466,0.010649594907407408,0.7923936247825623,0.9956023693084717,0.9999744892120361,0.985418438911438,1,1,1,1
training/flip/0042_000000014,flip/0042,14,ENV-03,1,training/notflip/0015_000000016,notflip/0015,ENV-02,0.06605315417583084,16,0.21725118470293264,6.031249376344584,0.00531201774691358,0.17338727662037062,0.009524498456790124,0.8654119968414307,0.9977949857711792,0.99997878074646,0.953224778175354,1,1,1,1
training/flip/0042_000000015,flip/0042,15,ENV-03,1,training/flip/0016_000000018,flip/0016,ENV-02,0.05595859542505331,16,0.14730198572530842,5.57870868378369,0.0023654513888888887,0.17343693171296332,0.009587673611111111,0.8785293102264404,0.998313307762146,0.999976396560669,0.9821817278862,1,1,1,1
training/flip/0042_000000016,flip/0042,16,ENV-03,1,training/flip/0022_000000018,flip/0022,ENV-02,0.048325406034715086,16,0.23545440596064826,4.981007169595122,0.004488811728395062,0.1706534891010805,0.010221354166666667,0.8806412220001221,0.9985222220420837,0.9999721050262451,0.9564449191093445,1,1,1,1
training/flip/0042_000000017,flip/0042,17,ENV-03,1,training/flip/0016_000000002,flip/0016,ENV-02,0.03262473721928198,16,0.13740829581404296,3.031628108449791,0.0004595871913580247,0.16719500848765403,0.011165123456790124,0.9185847640037537,0.9992333650588989,0.999974250793457,0.9960558414459229,1,1,1,1
training/flip/0042_000000018,flip/0042,18,ENV-03,1,training/flip/0012_000000021,flip/0012,ENV-02,0.04191647593289273,16,0.20570303925540107,3.8247910781361223,0.0019241898148148148,0.1682038705632714,0.012393904320987654,0.934968113899231,0.9994291663169861,0.999976634979248,0.984711229801178,1,1,1,1
training/flip/0042_000000019,flip/0042,19,ENV-03,1,training/notflip/0015_000000006,notflip/0015,ENV-02,0.057967159588249495,16,0.15819599411651267,4.6166295244907385,0.004001736111111111,0.16708907426697522,0.013270158179012346,0.9462787508964539,0.9994726777076721,0.9999734163284302,0.9783026576042175,1,1,1,1
training/flip/0042_000000020,flip/0042,20,ENV-03,1,training/notflip/0015_000000008,notflip/0015,ENV-02,0.05535594374714548,16,0.16393943721064855,4.485710349816698,0.004073591820987654,0.1669603586998454,0.016110146604938272,0.9535657167434692,0.999506950378418,0.9999707937240601,0.979957103729248,1,1,1,1
training/flip/0042_000000021,flip/0042,21,ENV-03,1,training/flip/0058_000000010,flip/0058,ENV-04,0.03311413136048364,16,0.20078278298611135,3.031628108449791,0.013759645061728396,0.16813799103009236,0.0198095100308642,0.965407133102417,0.9996592998504639,0.9999769926071167,0.9947350025177002,1,1,1,1
training/flip/0042_000000022,flip/0042,22,ENV-03,1,training/flip/0063_000000012,flip/0063,ENV-04,0.04132217581804509,16,0.18975855671296304,4.166083972823467,0.023129822530864198,0.16693739371141972,0.024423707561728396,0.974475085735321,0.999760091304779,0.9999854564666748,0.9983612895011902,1,1,1,1
training/flip/0042_000000023,flip/0042,23,ENV-03,1,training/notflip/0051_000000024,notflip/0051,ENV-04,0.03553507283402354,16,0.2252557462384257,3.522215471233474,0.015344328703703704,0.16934354504243784,0.027429108796296297,0.9748231768608093,0.9998276233673096,0.9999876022338867,0.9930769205093384,1,1,1,1
training/flip/0042_000000024,flip/0042,24,ENV-03,1,training/flip/0058_000000005,flip/0058,ENV-04,0.03972180629706762,16,0.23272314988425946,3.5222154712334826,0.015825617283950617,0.17221061612654318,0.029358121141975307,0.974385678768158,0.9998685121536255,0.9999912977218628,0.9949547648429871,1,1,1,1
training/flip/0042_000000025,flip/0042,25,ENV-03,1,training/flip/0054_000000013,flip/0054,ENV-04,0.045793363049926386,16,0.18991018219521608,4.628021222611885,0.029609375,0.1698923733603397,0.027470582561728397,0.9710780382156372,0.9998531341552734,0.9999924898147583,0.9987574815750122,1,1,1,1
training/flip/0042_000000026,flip/0042,26,ENV-03,1,training/flip/0056_000000014,flip/0056,ENV-04,0.04482584229079678,16,0.2370676613618824,4.304756945748228,0.02314670138888889,0.16999045601851862,0.028735532407407408,0.957520604133606,0.9998094439506531,0.9999916553497314,0.9972411394119263,1,1,1,1
testing/flip/0042_000000027,flip/0042,27,ENV-03,1,training/flip/0054_000000008,flip/0054,ENV-04,0.04828141907639776,16,0.19531601350308628,4.628021222611885,0.0293725887345679,0.17181836120756178,0.030681423611111112,0.9399406313896179,0.9997887015342712,0.9999924898147583,0.9989210367202759,1,1,1,1
training/flip/0042_000000028,flip/0042,28,ENV-03,1,training/notflip/0015_000000006,notflip/0015,ENV-02,0.04215270799203674,16,0.15867341772762325,2.5647941802726444,0.0016314621913580247,0.17374714149305542,0.032353877314814816,0.9048373103141785,0.9996854066848755,0.9999922513961792,0.9624806642532349,1,1,1,1
training/flip/0042_000000029,flip/0042,29,ENV-03,1,training/notflip/0047_000000023,notflip/0047,ENV-04,0.038582851050673404,16,0.20664005420524742,3.269125383315365,0.022199556327160495,0.1756449671103392,0.03269820601851852,0.8908360004425049,0.999637246131897,0.9999920129776001,0.9934636354446411,1,1,1,1
training/flip/0042_000000030,flip/0042,30,ENV-03,1,training/flip/0064_000000019,flip/0064,ENV-04,0.04463040305973436,16,0.23076410223765478,3.7773334439670148,0.023038676697530864,0.17748390914351792,0.03378858024691358,0.8028473258018494,0.9994113445281982,0.9999909400939941,0.996634304523468,1,1,1,1
testing/flip/0043_000000015,flip/0043,15,ENV-03,1,training/notflip/0015_000000024,notflip/0015,ENV-02,0.06276710266671025,16,0.20716315731095641,5.525347819543953,0.0032981288580246912,0.18541843933256183,0.010539641203703704,0.6420396566390991,0.9954960346221924,0.9999706745147705,0.8815635442733765,1,1,1,1
training/flip/0043_000000016,flip/0043,16,ENV-03,1,training/notflip/0008_000000003,notflip/0008,ENV-01,0.0532180478880823,16,0.20871412085262475,4.98100716959512,0.011022858796296296,0.1836302418016976,0.010471643518518519,0.7106369137763977,0.9970085024833679,0.9999780654907227,0.8968867063522339,1,1,1,1
training/flip/0043_000000017,flip/0043,17,ENV-03,1,training/notflip/0006_000000006,notflip/0006,ENV-01,0.05028106461149491,16,0.16417930729166688,4.628021222611889,0.01685185185185185,0.18937538917824048,0.010052565586419752,0.7956238389015198,0.9981449842453003,0.999977707862854,0.9003446102142334,1,1,1,1
training/flip/0043_000000018,flip/0043,18,ENV-03,1,training/notflip/0008_000000006,notflip/0008,ENV-01,0.037897981432246604,16,0.14894117621527714,3.3546050074166036,0.0026953125,0.1921628244598761,0.01642650462962963,0.8723554015159607,0.9992488026618958,0.9999873638153076,0.9431344270706177,1,1,1,1
training/flip/0043_000000019,flip/0043,19,ENV-03,1,training/notflip/0006_000000006,notflip/0006,ENV-01,0.03389573468577127,16,0.1843460085841055,3.2879122155063754,0.010366512345679013,0.19836413088348712,0.019289641203703703,0.9074347615242004,0.9996733665466309,0.9999922513961792,0.9719750285148621,1,1,1,1
training/flip/0043_000000020,flip/0043,20,ENV-03,1,training/flip/0059_000000005,flip/0059,ENV-04,0.03547874758871884,16,0.195975861882716,3.03162810844979,0.015612943672839507,0.1988143869598761,0.01925925925925926,0.9124778509140015,0.9997811913490295,0.999994158744812,0.9972761273384094,1,1,1,1
training/flip/0043_000000021,flip/0043,21,ENV-03,1,training/notflip/0045_000000020,notflip/0045,ENV-04,0.029432370154225,16,0.18260267467206742,2.762673909771976,0.00894579475308642,0.19749855825617288,0.017864583333333333,0.9203541874885559,0.9997442364692688,0.9999945163726807,0.9913813471794128,1,1,1,1
training/flip/0043_000000022,flip/0043,22,ENV-03,1,training/notflip/0015_000000007,notflip/0015,ENV-02,0.052180205468700655,16,0.18476431520061648,4.103670688436203,0.0015306712962962963,0.19782672723765446,0.019966724537037038,0.8823522925376892,0.99958735704422,0.9999933242797852,0.9494577050209045,1,1,1,1
testing/flip/0043_000000023,flip/0043,23,ENV-03,1,training/notflip/0051_000000005,notflip/0051,ENV-04,0.03627604477960589,16,0.1812015230516967,2.5237852414630866,0.00900221836419753,0.196258937307099,0.02798707561728395,0.8914995789527893,0.9994122982025146,0.9999926090240479,0.9918140172958374,1,1,1,1
training/flip/0043_000000024,flip/0043,24,ENV-03,1,training/flip/0058_000000012,flip/0058,ENV-04,0.03694725486502644,16,0.16297550048225354,2.5237852414630866,0.009128086419753087,0.19408829002700623,0.029518711419753086,0.8512692451477051,0.9989327788352966,0.9999892711639404,0.9926498532295227,1,1,1,1
testing/flip/0044_000000003,flip/0044,3,ENV-03,1,training/flip/0013_000000023,flip/0013,ENV-02,0.05819855962436901,16,0.16791743277391905,5.7787689245667675,0.005017843364197531,0.17878916618441343,0.010967399691358024,0.8395408987998962,0.9907454252243042,0.9998874664306641,0.9736324548721313,1,1,1,1
training/flip/0044_000000004,flip/0044,4,ENV-03,1,training/flip/0011_000000018,flip/0011,ENV-02,0.05826767776634572,16,0.19077384558256155,5.7787689245667595,0.013233024691358024,0.17885266203703687,0.012061149691358025,0.8530288338661194,0.9909946322441101,0.9998936653137207,0.9652109742164612,1,1,1,1
training/flip/0044_000000005,flip/0044,5,ENV-03,1,training/flip/0016_000000022,flip/0016,ENV-02,0.07498093575438389,16,0.1867066911651234,7.33607219692905,0.014286265432098766,0.17854377816357997,0.012394386574074073,0.8641658425331116,0.9910350441932678,0.9998985528945923,0.9793722033500671,1,1,1,1
training/flip/0044_000000006,flip/0044,6,ENV-03,1,training/notflip/0006_000000008,notflip/0006,ENV-01,0.05565638775475124,16,0.1881972287808648,5.436858460969151,0.02490451388888889,0.17976423215663542,0.012508680555555556,0.8586776852607727,0.9904631972312927,0.999891996383667,0.9714748859405518,1,1,1,1
testing/flip/0044_000000007,flip/0044,7,ENV-03,1,training/flip/0022_000000009,flip/0022,ENV-02,0.0465947205299193,16,0.23694202604166575,4.628021222611883,0.0036260609567901237,0.17974957156635765,0.01339747299382716,0.8593125343322754,0.9907117486000061,0.9998847246170044,0.9757306575775146,1,1,1,1
training/flip/0044_000000008,flip/0044,8,ENV-03,1,training/flip/0011_000000024,flip/0011,ENV-02,0.06688680613284038,16,0.18293606356095687,6.277028755231864,0.013371431327160494,0.18230231423611068,0.013036265432098765,0.884041428565979,0.991975724697113,0.9998923540115356,0.9715763926506042,1,1,1,1
training/flip/0044_000000009,flip/0044,9,ENV-03,1,training/notflip/0005_000000008,notflip/0005,ENV-01,0.05205209091067623,16,0.1910446974344137,4.981007169595121,0.019556809413580248,0.18114252391975258,0.013275945216049382,0.8921651840209961,0.9926324486732483,0.9998959302902222,0.966657817363739,1,1,1,1
training/flip/0044_000000010,flip/0044,10,ENV-03,1,training/flip/0019_000000024,flip/0019,ENV-02,0.054487172828699,16,0.17188483854166614,5.283323206850215,0.00365258487654321,0.18166442708333272,0.013172743055555556,0.9009641408920288,0.99348384141922,0.9999032020568848,0.9788737297058105,1,1,1,1
training/flip/0044_000000011,flip/0044,11,ENV-03,1,training/flip/0019_000000018,flip/0019,ENV-02,0.043374312398281746,16,0.2165719130979936,3.824791078136122,0.0017086226851851852,0.18120639322916612,0.013499710648148148,0.9096385836601257,0.9938308000564575,0.9999053478240967,0.9866026639938354,1,1,1,1
training/flip/0044_000000012,flip/0044,12,ENV-03,1,training/notflip/0015_000000010,notflip/0015,ENV-02,0.07803456589886731,16,0.1703552440200608,7.044430942466948,0.01996286651234568,0.18143763956404274,0.013038676697530864,0.9151825308799744,0.9938468337059021,0.999904990196228,0.9412212371826172,1,1,1,1
training/flip/0044_000000013,flip/0044,13,ENV-03,1,training/notflip/0015_000000009,notflip/0015,ENV-02,0.07897996660665933,16,0.17469328636188278,7.044430942466948,0.020099826388888888,0.1811969883294748,0.012262249228395061,0.9196999669075012,0.9946473240852356,0.9999094009399414,0.928352415561676,1,1,1,1
training/flip/0044_000000014,flip/0044,14,ENV-03,1,training/notflip/0006_000000002,notflip/0006,ENV-01,0.05787931696121872,16,0.20579063339120435,5.753846377136158,0.0285546875,0.18015754591049338,0.011606867283950618,0.9298896789550781,0.99566650390625,0.9999237060546875,0.9597281813621521,1,1,1,1
testing/flip/0044_000000015,flip/0044,15,ENV-03,1,training/notflip/0009_000000001,notflip/0009,ENV-01,0.05371642474173183,16,0.21713402633101891,5.436858460969151,0.02429976851851852,0.1791940194830243,0.01152199074074074,0.9509440064430237,0.9969785213470459,0.9999426603317261,0.9687086343765259,1,1,1,1
training/flip/0044_000000016,flip/0044,16,ENV-03,1,training/flip/0022_000000017,flip/0022,ENV-02,0.05732188602138982,16,0.177999788097993,5.7787689245667675,0.018541666666666668,0.17944914573688234,0.011690779320987655,0.9671633243560791,0.9978700876235962,0.9999536275863647,0.9772846698760986,1,1,1,1
training/flip/0044_000000017,flip/0044,17,ENV-03,1,training/notflip/0015_000000019,notflip/0015,ENV-02,0.07239110652314283,16,0.17437018441357946,6.277028755231872,0.017663001543209877,0.18118962037037034,0.008638599537037037,0.9860799908638,0.9990254640579224,0.9999676942825317,0.9782895445823669,1,1,1,1
training/flip/0044_000000018,flip/0044,18,ENV-03,1,training/flip/0022_000000017,flip/0022,ENV-02,0.052209671281156056,16,0.1882019063464499,5.3578436261058995,0.017569444444444443,0.18184215046296315,0.00945457175925926,0.9877687096595764,0.9991531372070312,0.9999632835388184,0.9824841618537903,1,1,1,1
training/flip/0044_000000019,flip/0044,19,ENV-03,1,training/notflip/0015_000000007,notflip/0015,ENV-02,0.0676941998031318,16,0.20606259278549413,5.525347819543963,0.017115162037037036,0.1825898172260809,0.011161265432098765,0.9841148853302002,0.999187171459198,0.9999568462371826,0.9684532880783081,1,1,1,1
training/flip/0044_000000020,flip/0044,20,ENV-03,1,training/flip/0016_000000017,flip/0016,ENV-02,0.041541339320404484,16,0.21692552121913666,3.8247910781361147,0.0009871720679012345,0.18566025954861187,0.016707658179012347,0.9890034794807434,0.9995682835578918,0.9999648332595825,0.9964290261268616,1,1,1,1
training/flip/0044_000000021,flip/0044,21,ENV-03,1,training/flip/0061_000000009,flip/0061,ENV-04,0.03585218909692096,16,0.18734940779320935,3.522215471233478,0.018113425925925925,0.18435779301697575,0.02226707175925926,0.9920096397399902,0.9997453093528748,0.999975323677063,0.9995943903923035,1,1,1,1
training/flip/0044_000000022,flip/0044,22,ENV-03,1,training/notflip/0051_000000018,notflip/0051,ENV-04,0.031687744151119815,16,0.20396121286651242,2.5647941802726235,0.000665991512345679,0.18465692293595615,0.02694685570987654,0.9938870072364807,0.9998148083686829,0.9999750852584839,0.997613787651062,1,1,1,1
training/flip/0044_000000023,flip/0044,23,ENV-03,1,training/notflip/0015_000000001,notflip/0015,ENV-02,0.04450706420778349,16,0.17565268634259282,3.077753016327159,0.0013855131172839507,0.1865777783564805,0.02837625385802469,0.9913422465324402,0.999845027923584,0.9999819993972778,0.996323823928833,1,1,1,1
testing/flip/0044_000000024,flip/0044,24,ENV-03,1,training/flip/0013_000000020,flip/0013,ENV-02,0.03018017924818327,16,0.249632835648149,2.898961237262799,0.0013739390432098765,0.18888038975694346,0.02423707561728395,0.9860053062438965,0.999817430973053,0.999985933303833,0.9948233366012573,1,1,1,1
testing/flip/0044_000000025,flip/0044,25,ENV-03,1,training/notflip/0005_000000003,notflip/0005,ENV-01,0.03252920018381861,16,0.1791878096064809,2.9932002844583026,0.017998649691358025,0.18850284394290032,0.0241015625,0.9747013449668884,0.9995890259742737,0.9999865293502808,0.9845641851425171,1,1,1,1
training/flip/0044_000000026,flip/0044,26,ENV-03,1,training/flip/0019_000000026,flip/0019,ENV-02,0.038777457782970697,16,0.21639103964120232,3.8247910781361267,0.0007084297839506173,0.1897879130015421,0.026199845679012346,0.9597210884094238,0.9994094371795654,0.9999828338623047,0.9785036444664001,1,1,1,1
training/flip/0044_000000027,flip/0044,27,ENV-03,1,training/flip/0016_000000018,flip/0016,ENV-02,0.0412085044288662,16,0.211739024016203,4.5373658060020885,0.0007209683641975309,0.19047809905478302,0.024813368055555556,0.9591706395149231,0.9994003772735596,0.999983549118042,0.9877767562866211,1,1,1,1
training/flip/0044_000000028,flip/0044,28,ENV-03,1,training/flip/0057_000000012,flip/0057,ENV-04,0.03329359952135255,16,0.1896670702160494,2.4552342361207744,0.011222993827160493,0.191728434124228,0.02431761188271605,0.9547345638275146,0.99931800365448,0.9999828338623047,0.9959486722946167,1,1,1,1
training/flip/0044_000000029,flip/0044,29,ENV-03,1,training/notflip/0005_000000006,notflip/0005,ENV-01,0.03056657359781754,16,0.15732422048611105,3.4717730127946513,0.0123046875,0.19233221932870323,0.024365837191358024,0.9458129405975342,0.9992412328720093,0.9999817609786987,0.9699174165725708,1,1,1,1
training/flip/0045_000000007,flip/0045,7,ENV-03,1,training/flip/0016_000000015,flip/0016,ENV-02,0.05141684298410032,16,0.22599687741126448,5.3578436261059,0.0032161458333333334,0.1991782027391965,0.017582947530864198,0.8647127747535706,0.998532772064209,0.9999605417251587,0.9850976467132568,1,1,1,1
training/flip/0045_000000008,flip/0045,8,ENV-03,1,training/flip/0011_000000013,flip/0011,ENV-02,0.04282648323725336,16,0.22153882397762362,4.537365806002091,0.0031124614197530864,0.19825601388888797,0.018201678240740742,0.8687722086906433,0.9986433386802673,0.9999607801437378,0.9251879453659058,1,1,1,1
training/flip/0045_000000009,flip/0045,9,ENV-03,1,training/flip/0017_000000007,flip/0017,ENV-02,0.04126439073214938,16,0.18172504060570932,3.522215471233474,0.0012466242283950618,0.1972975604745361,0.017629726080246915,0.8760298490524292,0.9986490607261658,0.9999653100967407,0.9573020339012146,1,1,1,1
training/flip/0045_000000010,flip/0045,10,ENV-03,1,training/flip/0021_000000020,flip/0021,ENV-02,0.05054853541014408,16,0.20609242110339482,5.020878563478131,0.0027411265432098764,0.1976229229359559,0.017072723765432098,0.8892608880996704,0.9988625049591064,0.9999734163284302,0.9586563110351562,1,1,1,1
training/flip/0045_000000011,flip/0045,11,ENV-03,1,training/flip/0015_000000020,flip/0015,ENV-02,0.06360765521869795,16,0.16912739824459913,6.5521305588329275,0.005422453703703704,0.1970010079089499,0.016125096450617285,0.9223749041557312,0.9990711212158203,0.9999825954437256,0.9848346710205078,1,1,1,1
training/flip/0045_000000012,flip/0045,12,ENV-03,1,training/notflip/0015_000000016,notflip/0015,ENV-02,0.07564116082189545,16,0.18318455353009455,7.0461145796822535,0.010279706790123458,0.19694186496913552,0.013170814043209876,0.9414666295051575,0.9991973042488098,0.9999865293502808,0.9643449187278748,1,1,1,1
training/flip/0045_000000013,flip/0045,13,ENV-03,1,training/flip/0015_000000024,flip/0015,ENV-02,0.07138126399320656,16,0.1853387543402775,7.519548718357196,0.005580150462962963,0.19830260223765425,0.013163580246913581,0.9498851895332336,0.999248206615448,0.9999895095825195,0.9917524456977844,1,1,1,1
training/flip/0045_000000014,flip/0045,14,ENV-03,1,training/notflip/0005_000000002,notflip/0005,ENV-01,0.05367482818140657,16,0.16247469753086421,5.357843626105901,0.015557966820987654,0.19655606192129632,0.01591772762345679,0.9613437652587891,0.9993720650672913,0.9999908208847046,0.9865745902061462,1,1,1,1
training/flip/0045_000000015,flip/0045,15,ENV-03,1,training/flip/0021_000000024,flip/0021,ENV-02,0.06115494849799704,16,0.15772968238811724,6.374651796893539,0.004744888117283951,0.19666618971836405,0.01726658950617284,0.9655793905258179,0.9994895458221436,0.9999905824661255,0.9854185581207275,1,1,1,1
training/flip/0045_000000016,flip/0045,16,ENV-03,1,training/flip/0013_000000024,flip/0013,ENV-02,0.049805070773536,16,0.23180911516203678,5.3578436261058995,0.002525559413580247,0.19526044145447524,0.02017795138888889,0.9761496186256409,0.9996128678321838,0.9999904632568359,0.9916414022445679,1,1,1,1
training/flip/0045_000000017,flip/0045,17,ENV-03,1,training/notflip/0009_000000007,notflip/0009,ENV-01,0.03939467470742299,16,0.14976263927469008,4.1660839728234595,0.0039945023148148144,0.19554678452932084,0.023995466820987653,0.9777656197547913,0.9997273087501526,0.999990701675415,0.9896953105926514,1,1,1,1
training/flip/0045_000000018,flip/0045,18,ENV-03,1,training/flip/0015_000000015,flip/0015,ENV-02,0.0380245561966797,16,0.14421394319058548,4.166083972823459,0.0009862075617283951,0.19690590711805547,0.02830391589506173,0.9815162420272827,0.999843955039978,0.999995231628418,0.9985207915306091,1,1,1,1
training/flip/0045_000000019,flip/0045,19,ENV-03,1,training/notflip/0015_000000019,notflip/0015,ENV-02,0.05694019278275191,16,0.18319822029320915,5.020878563478121,0.002007619598765432,0.19762283362268507,0.0328125,0.9813430905342102,0.999858021736145,0.9999946355819702,0.9909586906433105,1,1,1,1
training/flip/0045_000000020,flip/0045,20,ENV-03,1,training/flip/0022_000000014,flip/0022,ENV-02,0.03635440682592282,16,0.1818048557098749,3.824791078136121,0.0016430362654320987,0.1999955371334875,0.03315634645061728,0.9819028377532959,0.9998811483383179,0.9999948740005493,0.993506908416748,1,1,1,1
training/flip/0045_000000021,flip/0045,21,ENV-03,1,training/flip/0013_000000019,flip/0013,ENV-02,0.03259937248891649,16,0.19683939805169645,3.3546050074166036,0.0012287808641975309,0.20187459645061764,0.035248842592592596,0.9842297434806824,0.999902606010437,0.9999948740005493,0.9953450560569763,1,1,1,1
training/flip/0045_000000022,flip/0045,22,ENV-03,1,training/flip/0058_000000008,flip/0058,ENV-04,0.031796391723215495,16,0.18192140036651322,2.4552342361207753,0.006263020833333333,0.2036651340663583,0.03357445987654321,0.984228253364563,0.9999186992645264,0.9999960660934448,0.9992766976356506,1,1,1,1
training/flip/0045_000000023,flip/0045,23,ENV-03,1,training/flip/0054_000000012,flip/0054,ENV-04,0.04023796742021041,16,0.20475463541666697,3.9760359018669797,0.016517168209876542,0.2028841874999998,0.03222800925925926,0.9839349389076233,0.9999309778213501,0.9999967813491821,0.9998095631599426,1,1,1,1
training/flip/0045_000000024,flip/0045,24,ENV-03,1,training/notflip/0047_000000014,notflip/0047,ENV-04,0.03416556215571965,16,0.19260866502700738,3.031628108449791,0.012236207561728395,0.20252493605324004,0.03219521604938272,0.9762665033340454,0.9999409914016724,0.9999974966049194,0.9989026784896851,1,1,1,1
training/flip/0045_000000025,flip/0045,25,ENV-03,1,training/notflip/0015_000000014,notflip/0015,ENV-02,0.04105826252828448,16,0.18511147521219112,3.269125383315365,0.0013392168209876542,0.19667167341820874,0.02830102237654321,0.9704819321632385,0.9999464750289917,0.9999979734420776,0.9943528175354004,1,1,1,1
training/flip/0045_000000026,flip/0045,26,ENV-03,1,training/flip/0053_000000002,flip/0053,ENV-04,0.0372070575908757,16,0.2135916200810187,3.2691253833153646,0.012943190586419753,0.19420875106095592,0.02232880015432099,0.9714094400405884,0.9999278783798218,0.9999977350234985,0.9985820055007935,1,1,1,1
testing/flip/0045_000000027,flip/0045,27,ENV-03,1,training/flip/0062_000000008,flip/0062,ENV-04,0.03602689390396941,16,0.2191025158179008,3.077753016327159,0.01382667824074074,0.19368702816357947,0.02199122299382716,0.9613136053085327,0.9998977184295654,0.9999964237213135,0.9985755681991577,1,1,1,1
training/flip/0045_000000028,flip/0045,28,ENV-03,1,training/flip/0057_000000011,flip/0057,ENV-04,0.040785655586386575,16,0.22144767843364116,3.2879122155063754,0.013248456790123457,0.19380301842206712,0.027751736111111112,0.9469649195671082,0.9998289346694946,0.9999960660934448,0.9986293315887451,1,1,1,1
training/flip/0045_000000029,flip/0045,29,ENV-03,1,training/flip/0064_000000019,flip/0064,ENV-04,0.042162281032573655,16,0.20973214101080126,3.5222154712334737,0.014503761574074073,0.19251090750385713,0.03171055169753086,0.9341921210289001,0.9997738003730774,0.999995231628418,0.99866783618927,1,1,1,1
training/flip/0045_000000030,flip/0045,30,ENV-03,1,training/notflip/0049_000000015,notflip/0049,ENV-04,0.0350964395450785,16,0.20133787123842428,2.455234236120792,0.0082836612654321,0.1948010039544744,0.034909336419753086,0.8929545879364014,0.9995755553245544,0.999993085861206,0.9918264150619507,1,1,1,1
testing/flip/0046_000000006,flip/0046,6,ENV-03,1,training/flip/0022_000000014,flip/0022,ENV-02,0.05616449366678018,16,0.15359127835648023,5.4368584609691535,0.009099151234567901,0.1882189341242294,0.016078317901234568,0.6594542860984802,0.9892356991767883,0.9998862743377686,0.8950756788253784,1,1,1,1
training/flip/0046_000000007,flip/0046,7,ENV-03,1,training/flip/0022_000000014,flip/0022,ENV-02,0.055731108403577416,16,0.13918615412808535,5.436858460969149,0.009721257716049383,0.1886755715663591,0.016888020833333333,0.7653833031654358,0.9915340542793274,0.9999204874038696,0.9150865077972412,1,1,1,1
training/flip/0046_000000008,flip/0046,8,ENV-03,1,training/notflip/0015_000000013,notflip/0015,ENV-02,0.07588062536913637,16,0.17781608236882632,6.552130558832921,0.015951967592592594,0.18733619135802582,0.01547067901234568,0.856130063533783,0.9938201308250427,0.9999380111694336,0.8841306567192078,1,1,1,1
training/flip/0046_000000009,flip/0046,9,ENV-03,1,training/notflip/0008_000000004,notflip/0008,ENV-01,0.05080186479572782,16,0.1835323096064823,4.98100716959512,0.01425925925925926,0.18709239101080363,0.014172453703703704,0.9094665050506592,0.9952648878097534,0.9999476671218872,0.9582615494728088,1,1,1,1
testing/flip/0046_000000010,flip/0046,10,ENV-03,1,training/flip/0016_000000021,flip/0016,ENV-02,0.0716714457963385,16,0.17494885262345766,7.046114579682254,0.009851948302469136,0.18566143894676035,0.013101851851851852,0.9448590278625488,0.9969443678855896,0.999966025352478,0.9775702953338623,1,1,1,1
training/flip/0046_000000011,flip/0046,11,ENV-03,1,training/flip/0011_000000011,flip/0011,ENV-02,0.04058947770989999,16,0.21556142525077152,4.1660839728234595,0.002907986111111111,0.18670433342978499,0.012638888888888889,0.9631028175354004,0.9979105591773987,0.9999713897705078,0.9793686866760254,1,1,1,1
testing/flip/0046_000000012,flip/0046,12,ENV-03,1,training/flip/0018_000000002,flip/0018,ENV-02,0.04645059043935397,16,0.22286735744598632,4.3047569457482275,0.0025713734567901236,0.18664816087963065,0.013736496913580247,0.9769918322563171,0.9986602067947388,0.9999744892120361,0.9796808958053589,1,1,1,1
testing/flip/0046_000000013,flip/0046,13,ENV-03,1,training/flip/0016_000000018,flip/0016,ENV-02,0.05697989483091525,16,0.16146816753472232,5.525347819543962,0.0032908950617283952,0.1901871356095689,0.01613233024691358,0.9765369892120361,0.998914361000061,0.9999748468399048,0.9897229671478271,1,1,1,1
training/flip/0046_000000014,flip/0046,14,ENV-03,1,training/notflip/0006_000000003,notflip/0006,ENV-01,0.045625992110648474,16,0.15801895437885788,4.5373658060020885,0.017935956790123456,0.19087602170138962,0.018214216820987655,0.9765785932540894,0.9992097616195679,0.9999765157699585,0.9829168915748596,1,1,1,1
training/flip/0046_000000015,flip/0046,15,ENV-03,1,training/flip/0030_000000011,flip/0030,ENV-02,0.03134293786095236,16,0.14919392496141984,2.7626739097719875,0.0026943479938271605,0.19412073350694467,0.02175733024691358,0.9836540818214417,0.9995017051696777,0.9999861717224121,0.9840909838676453,1,1,1,1
testing/flip/0046_000000016,flip/0046,16,ENV-03,1,training/notflip/0006_000000005,notflip/0006,ENV-01,0.03797132072737938,16,0.18667893451003062,3.785677862194627,0.014001253858024691,0.19481940027006125,0.021770833333333333,0.9816358089447021,0.9995914101600647,0.9999876022338867,0.9928364157676697,1,1,1,1
training/flip/0046_000000017,flip/0046,17,ENV-03,1,training/flip/0063_000000012,flip/0063,ENV-04,0.029128924776121303,16,0.1978942779706787,2.885619963450672,0.006947337962962963,0.19426028240740642,0.02255931712962963,0.981974184513092,0.9996981620788574,0.9999880790710449,0.9994427561759949,1,1,1,1
testing/flip/0046_000000018,flip/0046,18,ENV-03,1,training/flip/0022_000000015,flip/0022,ENV-02,0.034430595399008244,16,0.17246500231481482,3.3546050074165996,0.0019015239197530864,0.19294786660879515,0.025710841049382715,0.9787675738334656,0.9997771382331848,0.9999891519546509,0.9964606165885925,1,1,1,1
testing/flip/0046_000000019,flip/0046,19,ENV-03,1,training/notflip/0047_000000021,notflip/0047,ENV-04,0.02734163646961383,16,0.2186559717399692,2.4552342361207744,0.006997010030864197,0.19415459577546199,0.025942322530864197,0.9798638820648193,0.9998218417167664,0.9999915361404419,0.99824059009552,1,1,1,1
training/flip/0046_000000020,flip/0046,20,ENV-03,1,training/notflip/0008_000000010,notflip/0008,ENV-01,0.02952033885420522,16,0.1698769162808639,2.5237852414630866,0.003287519290123457,0.19337650424382752,0.02914158950617284,0.9575625658035278,0.999629020690918,0.9999889135360718,0.9850783348083496,1,1,1,1
training/flip/0046_000000021,flip/0046,21,ENV-03,1,training/flip/0021_000000023,flip/0021,ENV-02,0.03796328137988982,16,0.2119402015817897,3.522215471233474,0.0017356288580246914,0.1947257322530869,0.033095100308641975,0.9207456707954407,0.9995023012161255,0.9999862909317017,0.950483500957489,1,1,1,1
training/flip/0046_000000022,flip/0046,22,ENV-03,1,training/flip/0022_000000018,flip/0022,ENV-02,0.03623027597892742,16,0.2504045467785486,3.717550865187977,0.0032706404320987656,0.194897693190587,0.03470920138888889,0.892280101776123,0.9993200302124023,0.9999830722808838,0.9132581949234009,1,1,1,1
testing/flip/0046_000000023,flip/0046,23,ENV-03,1,training/notflip/0053_000000022,notflip/0053,ENV-04,0.02864940918907649,16,0.17017278491512394,1.983704242329917,0.0018957368827160494,0.19704740605709886,0.03524498456790123,0.8599278330802917,0.9990254640579224,0.9999750852584839,0.9802881479263306,1,1,1,1
training/flip/0046_000000024,flip/0046,24,ENV-03,1,training/flip/0011_000000019,flip/0011,ENV-02,0.03380318844524876,16,0.2601832297453712,3.3282093938138804,0.0032171103395061728,0.19893011352237602,0.03672260802469136,0.7846588492393494,0.9983993172645569,0.9999607801437378,0.7806613445281982,1,1,1,1
testing/flip/0046_000000025,flip/0046,25,ENV-03,1,training/notflip/0015_000000015,notflip/0015,ENV-02,0.04645581287877547,16,0.15613274238040167,3.354605007416609,0.003277391975308642,0.19937191724536973,0.03699025848765432,0.7330502271652222,0.997734785079956,0.9999517202377319,0.7084805965423584,1,1,1,1
training/flip/0046_000000026,flip/0046,26,ENV-03,1,training/flip/0054_000000013,flip/0054,ENV-04,0.039090248672231244,16,0.21935807368827145,3.0316281084497905,0.01447096836419753,0.20003113917824009,0.03595148533950617,0.6836661100387573,0.9972254037857056,0.9999399185180664,0.995078444480896,1,1,1,1
training/flip/0046_000000027,flip/0046,27,ENV-03,1,training/flip/0061_000000012,flip/0061,ENV-04,0.040470557188603186,16,0.22280515461034034,3.2879122155063754,0.01515576774691358,0.1997282532793204,0.03620659722222222,0.7048689723014832,0.9972031116485596,0.9999427795410156,0.996626615524292,1,1,1,1
training/flip/0047_000000006,flip/0047,6,ENV-03,1,training/notflip/0015_000000001,notflip/0015,ENV-02,0.07163920288853823,16,0.19354235484181995,5.7787689245667595,0.008696952160493827,0.19897622145061628,0.01576292438271605,0.29324111342430115,0.9788151979446411,0.9995991587638855,0.2374989092350006,0,1,1,0
training/flip/0047_000000007,flip/0047,7,ENV-03,1,training/notflip/0011_000000013,notflip/0011,ENV-01,0.03879321805329196,16,0.170615171392747,3.785677862194627,0.0028197337962962963,0.20028553086419665,0.016127025462962963,0.3259819447994232,0.9883071780204773,0.9997934699058533,0.4997324049472809,0,1,1,0
training/flip/0047_000000008,flip/0047,8,ENV-03,1,training/notflip/0015_000000023,notflip/0015,ENV-02,0.059470323791521666,16,0.21687532156635886,5.020878563478131,0.0024406828703703704,0.20014796874999916,0.016950713734567902,0.3447335958480835,0.9903417825698853,0.9998674392700195,0.5282872915267944,0,1,1,1
training/flip/0047_000000009,flip/0047,9,ENV-03,1,training/notflip/0009_000000008,notflip/0009,ENV-01,0.043782952357074266,16,0.19023344048996943,4.523982264455886,0.00820408950617284,0.20131648755786935,0.016916956018518517,0.424224317073822,0.9926121830940247,0.99991774559021,0.6344727873802185,0,1,1,1
testing/flip/0047_000000010,flip/0047,10,ENV-03,1,training/flip/0011_000000020,flip/0011,ENV-02,0.05785607633275791,16,0.20548407986110975,5.4368584609691455,0.003269675925925926,0.20135527845293114,0.017141685956790123,0.491860032081604,0.9946240782737732,0.9999442100524902,0.7702355980873108,0,1,1,1
training/flip/0047_000000011,flip/0047,11,ENV-03,1,training/flip/0019_000000020,flip/0019,ENV-02,0.039341960929026205,16,0.20040900520833313,3.354605007416609,0.001775655864197531,0.20033273109567867,0.018312596450617284,0.5478087067604065,0.9957408905029297,0.9999529123306274,0.8771995902061462,1,1,1,1
training/flip/0047_000000012,flip/0047,12,ENV-03,1,training/flip/0016_000000017,flip/0016,ENV-02,0.05601985663916796,16,0.1615615570023144,5.020878563478132,0.0026027199074074073,0.20040973177083318,0.020190007716049382,0.6483910083770752,0.9966357350349426,0.9999538660049438,0.9207147359848022,1,1,1,1
training/flip/0047_000000013,flip/0047,13,ENV-03,1,training/flip/0015_000000010,flip/0015,ENV-02,0.039300256363705696,16,0.19048385233410475,3.3546050074166045,0.0016849922839506173,0.19904773543595672,0.01918016975308642,0.6809051632881165,0.9961114525794983,0.9999380111694336,0.9298976063728333,1,1,1,1
training/flip/0047_000000014,flip/0047,14,ENV-03,1,training/notflip/0006_000000003,notflip/0006,ENV-01,0.05170197014457641,16,0.15451734645061777,5.344451868068307,0.019169077932098766,0.19723128337191365,0.020095486111111113,0.7122886776924133,0.9953091740608215,0.9999052286148071,0.7803485989570618,1,1,1,1
testing/flip/0047_000000015,flip/0047,15,ENV-03,1,training/notflip/0011_000000001,notflip/0011,ENV-01,0.03818520870995451,16,0.16147989197530835,3.785677862194627,0.007781153549382716,0.19752689033564827,0.022175443672839506,0.8243887424468994,0.9957050681114197,0.9999157190322876,0.8844377994537354,1,1,1,1
training/flip/0047_000000016,flip/0047,16,ENV-03,1,training/flip/0015_000000020,flip/0015,ENV-02,0.047930182168656195,16,0.21863872714120444,4.3047569457482275,0.0030642361111111113,0.19844811033950607,0.025054012345679014,0.8698733448982239,0.997247040271759,0.9999454021453857,0.9302744269371033,1,1,1,1
training/flip/0047_000000017,flip/0047,17,ENV-03,1,training/flip/0011_000000022,flip/0011,ENV-02,0.047241966831907414,16,0.20754495871913656,4.166083972823463,0.008301986882716049,0.20089680555555545,0.026046006944444443,0.8930030465126038,0.998105525970459,0.9999686479568481,0.8890160918235779,1,1,1,1
training/flip/0047_000000018,flip/0047,18,ENV-03,1,training/notflip/0047_000000018,notflip/0047,ENV-04,0.028112467261928727,16,0.2218967704475312,2.4552342361207744,0.006095679012345679,0.20316710243055547,0.026441936728395062,0.9133381247520447,0.9988983869552612,0.9999817609786987,0.9919478297233582,1,1,1,1
training/flip/0047_000000019,flip/0047,19,ENV-03,1,training/notflip/0049_000000016,notflip/0049,ENV-04,0.030209545153069242,16,0.21773991801697468,2.4552342361207753,0.005582079475308642,0.20319788011188225,0.02556809413580247,0.9085007309913635,0.9992294311523438,0.9999884366989136,0.9894662499427795,1,1,1,1
training/flip/0047_000000020,flip/0047,20,ENV-03,1,training/flip/0016_000000023,flip/0016,ENV-02,0.04648480877020478,16,0.2202420869984553,4.5373658060020885,0.002281539351851852,0.2026168417245364,0.026354166666666668,0.8881445527076721,0.99906986951828,0.9999840259552002,0.9489726424217224,1,1,1,1
testing/flip/0047_000000021,flip/0047,21,ENV-03,1,training/flip/0025_000000004,flip/0025,ENV-02,0.03406572635769703,16,0.19867855179398106,2.564794180272623,0.0010561342592592593,0.20372211226851747,0.03240113811728395,0.9410883188247681,0.9994350075721741,0.9999877214431763,0.987905740737915,1,1,1,1
training/flip/0047_000000022,flip/0047,22,ENV-03,1,training/flip/0059_000000002,flip/0059,ENV-04,0.03944088359291021,16,0.24167334751157554,3.0777530163271454,0.005630304783950617,0.20047718219521476,0.03178192515432099,0.9706900119781494,0.9997013211250305,0.9999932050704956,0.9970099925994873,1,1,1,1
training/flip/0047_000000023,flip/0047,23,ENV-03,1,training/flip/0049_000000018,flip/0049,ENV-04,0.03284571926225098,16,0.18984652449845693,2.564794180272623,0.000675636574074074,0.19987678809799217,0.0268359375,0.976945161819458,0.9997456669807434,0.9999948740005493,0.9912185072898865,1,1,1,1
training/flip/0047_000000024,flip/0047,24,ENV-03,1,training/notflip/0006_000000003,notflip/0006,ENV-01,0.037301482973634004,16,0.16331719290123586,4.727867048224854,0.02877121913580247,0.20214741724536844,0.027210165895061728,0.980664849281311,0.9997883439064026,0.999995231628418,0.8969065546989441,1,1,1,1
training/flip/0047_000000025,flip/0047,25,ENV-03,1,training/flip/0015_000000020,flip/0015,ENV-02,0.04116660695326705,16,0.12556567081404227,4.537365806002091,0.023480902777777778,0.20390832725694227,0.028237364969135804,0.9762749075889587,0.9998021721839905,0.9999947547912598,0.8666198253631592,1,1,1,1
testing/flip/0047_000000026,flip/0047,26,ENV-03,1,training/flip/0064_000000019,flip/0064,ENV-04,0.03330281599937335,16,0.18599892409336347,2.4552342361207744,0.006129918981481482,0.20462016560570764,0.031019965277777777,0.9687556028366089,0.9997101426124573,0.9999947547912598,0.9755299091339111,1,1,1,1
training/flip/0047_000000027,flip/0047,27,ENV-03,1,training/flip/0010_000000022,flip/0010,ENV-01,0.03581533445188218,16,0.18525020254629784,4.727867048224854,0.02906346450617284,0.2033943659336398,0.0330150462962963,0.9650227427482605,0.999642014503479,0.9999946355819702,0.7994651794433594,1,1,1,1
training/flip/0047_000000028,flip/0047,28,ENV-03,1,training/notflip/0008_000000011,notflip/0008,ENV-01,0.03600312269897543,16,0.3101150641396583,4.1395361376879585,0.02630883487654321,0.20481084259259036,0.03444058641975309,0.9676597118377686,0.9997077584266663,0.9999949932098389,0.7578160762786865,1,1,1,1
training/flip/0047_000000029,flip/0047,29,ENV-03,1,training/notflip/0007_000000005,notflip/0007,ENV-01,0.031039571299830378,16,0.1352945953896624,3.7856778621946274,0.025992959104938273,0.20469139371141762,0.03449266975308642,0.9727978706359863,0.9997619986534119,0.9999953508377075,0.7879732251167297,1,1,1,1
training/flip/0047_000000030,flip/0047,30,ENV-03,1,training/flip/0060_000000005,flip/0060,ENV-04,0.03120208810434822,16,0.16437248794367182,2.382635601351417,0.017644675925925925,0.20431028124999775,0.03353780864197531,0.9550225734710693,0.9995447993278503,0.9999881982803345,0.8940913081169128,1,1,1,1
training/flip/0048_000000009,flip/0048,9,ENV-03,1,training/flip/0016_000000019,flip/0016,ENV-02,0.07855163154924365,16,0.17070508410493881,8.45100979384219,0.03,0.18086229214891947,0.011988329475308642,0.515690267086029,0.9775476455688477,0.9996873140335083,0.4215644299983978,1,1,1,0
testing/flip/0048_000000010,flip/0048,10,ENV-03,1,training/notflip/0011_000000008,notflip/0011,ENV-01,0.054062859102674735,16,0.13458845543981496,5.797922474525592,0.028745177469135803,0.18141083670910466,0.011328125,0.5129921436309814,0.9754723906517029,0.9996675252914429,0.17613950371742249,1,1,1,0
testing/flip/0048_000000011,flip/0048,11,ENV-03,1,training/flip/0020_000000017,flip/0020,ENV-02,0.056424553575362815,16,0.25550611950231467,6.374651796893532,0.02642746913580247,0.18196488406635772,0.011711516203703703,0.5235891342163086,0.9770215153694153,0.9996846914291382,0.21143245697021484,1,1,1,0
training/flip/0048_000000012,flip/0048,12,ENV-03,1,training/flip/0020_000000013,flip/0020,ENV-02,0.053155734472990386,16,0.22919508140432102,6.374651796893526,0.026575520833333335,0.18221349430941325,0.01203221450617284,0.5657010674476624,0.9802253842353821,0.9997101426124573,0.23156756162643433,1,1,1,0
training/flip/0048_000000013,flip/0048,13,ENV-03,1,training/notflip/0015_000000015,notflip/0015,ENV-02,0.08251806442482616,16,0.162210879243827,8.332167945646923,0.02900077160493827,0.18344136776620326,0.01275221836419753,0.6119365692138672,0.9831114411354065,0.9997569918632507,0.27457892894744873,1,1,1,0
training/flip/0048_000000014,flip/0048,14,ENV-03,1,training/flip/0017_000000018,flip/0017,ENV-02,0.07034807162157539,16,0.1408703017939809,7.3360721969290505,0.02849440586419753,0.18325031018518478,0.011956018518518519,0.6123096346855164,0.9835885763168335,0.999777615070343,0.19165471196174622,1,1,1,0
training/flip/0048_000000015,flip/0048,15,ENV-03,1,training/flip/0012_000000018,flip/0012,ENV-02,0.06357188726067488,16,0.2202180920138881,7.1764668414800035,0.03178626543209877,0.18343152469135773,0.010874324845679012,0.5742977857589722,0.9822884798049927,0.9997641444206238,0.30815771222114563,1,1,1,0
training/flip/0048_000000016,flip/0048,16,ENV-03,1,training/notflip/0006_000000004,notflip/0006,ENV-01,0.06601741199900844,16,0.20608646450617324,7.397802484889345,0.035928337191358024,0.1819227067901233,0.010886381172839505,0.6119579076766968,0.9859885573387146,0.9998010993003845,0.3535672426223755,1,1,1,0
training/flip/0048_000000017,flip/0048,17,ENV-03,1,training/notflip/0009_000000006,notflip/0009,ENV-01,0.056308791902736875,16,0.18513115711805578,6.575824431012751,0.031978202160493824,0.18282608439428966,0.014524498456790123,0.74448561668396,0.9929735660552979,0.9998706579208374,0.4272969365119934,1,1,1,0
training/flip/0048_000000018,flip/0048,18,ENV-03,1,training/flip/0013_000000019,flip/0013,ENV-02,0.05984991096142716,16,0.2242978134645054,6.709210014833206,0.02527488425925926,0.1767156317515425,0.014339795524691359,0.8170072436332703,0.9960252046585083,0.9999384880065918,0.6090171933174133,1,1,1,1
training/flip/0048_000000019,flip/0048,19,ENV-03,1,training/notflip/0006_000000007,notflip/0006,ENV-01,0.06114727803612511,16,0.1729338404706797,6.943546025589304,0.03108989197530864,0.1774757379436721,0.013016975308641975,0.8414630889892578,0.9966843724250793,0.9999475479125977,0.6355521082878113,1,1,1,1
training/flip/0048_000000020,flip/0048,20,ENV-03,1,training/flip/0016_000000011,flip/0016,ENV-02,0.053910590877431296,16,0.2466571940586422,5.797922474525594,0.021827739197530865,0.1773695382908943,0.014074556327160493,0.795927882194519,0.9961538910865784,0.9999340772628784,0.642721951007843,1,1,1,1
training/flip/0048_000000021,flip/0048,21,ENV-03,1,training/notflip/0015_000000017,notflip/0015,ENV-02,0.07387932344989455,16,0.18533393055555447,6.853024415366576,0.02259886188271605,0.17818404234182003,0.015732542438271605,0.7636897563934326,0.9959524869918823,0.99992835521698,0.5210539102554321,1,1,1,1
training/flip/0048_000000022,flip/0048,22,ENV-03,1,training/notflip/0006_000000005,notflip/0006,ENV-01,0.05511338290309127,16,0.13835797878086384,6.1653233372788945,0.03203944830246914,0.17719915653935092,0.015027006172839506,0.7011632919311523,0.99439537525177,0.999897837638855,0.6016396284103394,1,1,1,1
training/flip/0048_000000023,flip/0048,23,ENV-03,1,training/notflip/0006_000000004,notflip/0006,ENV-01,0.05119364163433064,16,0.15348995302854765,5.753846377136156,0.030263310185185185,0.17667851572144988,0.016789641203703704,0.6294919848442078,0.9936716556549072,0.9999089241027832,0.6316692233085632,1,1,1,1
training/flip/0048_000000024,flip/0048,24,ENV-03,1,training/flip/0021_000000022,flip/0021,ENV-02,0.049469685486661426,16,0.2214095759066363,5.283323206850215,0.01910011574074074,0.1756829955632712,0.020868537808641976,0.5398556590080261,0.9923844337463379,0.9999110698699951,0.5622942447662354,1,1,1,1
training/flip/0048_000000025,flip/0048,25,ENV-03,1,training/flip/0015_000000018,flip/0015,ENV-02,0.042980502852171754,16,0.13961582581018467,4.537365806002089,0.014173900462962963,0.17506173900462962,0.027142650462962964,0.4269077777862549,0.99178546667099,0.9999170303344727,0.7540979385375977,0,1,1,1
training/flip/0048_000000026,flip/0048,26,ENV-03,1,training/flip/0019_000000026,flip/0019,ENV-02,0.042306482950726726,16,0.1488572129629622,4.304756945748228,0.007810570987654321,0.17768541386959893,0.031216242283950618,0.4092712998390198,0.9929070472717285,0.9999513626098633,0.7217150330543518,0,1,1,1
training/flip/0048_000000027,flip/0048,27,ENV-03,1,training/flip/0021_000000023,flip/0021,ENV-02,0.039367239035753475,16,0.16153670842978382,3.824791078136122,0.0023992091049382714,0.1790202719907409,0.029676408179012344,0.37049904465675354,0.9939543604850769,0.9999747276306152,0.796737551689148,0,1,1,1
training/flip/0048_000000028,flip/0048,28,ENV-03,1,training/flip/0012_000000024,flip/0012,ENV-02,0.035437828307654184,16,0.23761565634644957,3.7175508651879747,0.002488425925925926,0.1756585683834879,0.0281225887345679,0.32511264085769653,0.9906858801841736,0.9999707937240601,0.8265828490257263,0,1,1,1
training/flip/0048_000000029,flip/0048,29,ENV-03,1,training/flip/0016_000000015,flip/0016,ENV-02,0.029375985284910703,16,0.23225536217206827,2.5498607187574165,0.0011453510802469137,0.17561271267361117,0.02978732638888889,0.12671363353729248,0.9789581298828125,0.9999414682388306,0.6482735872268677,0,1,1,1
training/flip/0048_000000030,flip/0048,30,ENV-03,1,training/notflip/0051_000000003,notflip/0051,ENV-04,0.02917540869154491,16,0.1521053496334878,2.0697680688439783,0.0007933063271604938,0.17672250241126544,0.03131944444444444,0.07363273948431015,0.9692168831825256,0.9999196529388428,0.4648106098175049,0,1,1,0
testing/notflip/0027_000000001,notflip/0027,1,ENV-03,0,training/flip/0051_000000014,flip/0051,ENV-04,0.03367094150781578,16,0.18424181143904303,3.717550865187977,0.020554591049382717,0.1702457416087966,0.017086709104938272,0.31019091606140137,0.9885313510894775,0.9997255206108093,0.956656813621521,0,1,1,1
training/notflip/0027_000000002,notflip/0027,2,ENV-03,0,training/flip/0058_000000018,flip/0058,ENV-04,0.027344898874349714,16,0.18334169357638894,2.898961237262796,0.012243923611111112,0.17070320862268554,0.01734519675925926,0.3124060034751892,0.9886682629585266,0.9997327923774719,0.8812079429626465,0,1,1,1
training/notflip/0027_000000003,notflip/0027,3,ENV-03,0,training/notflip/0015_000000023,notflip/0015,ENV-02,0.039790151317502895,16,0.14685352170138857,2.762673909771976,0.0011839313271604938,0.17005456712963,0.017507233796296297,0.3255153000354767,0.9884976148605347,0.999724805355072,0.7032521367073059,0,1,1,1
testing/notflip/0027_000000004,notflip/0027,4,ENV-03,0,training/notflip/0008_000000003,notflip/0008,ENV-01,0.027822753078106513,16,0.15832533767361132,2.5237852414630817,0.002729070216049383,0.1694443794367288,0.01755835262345679,0.33591023087501526,0.988631546497345,0.9997391104698181,0.6270301938056946,0,1,1,1
training/notflip/0027_000000005,notflip/0027,5,ENV-03,0,training/flip/0012_000000021,flip/0012,ENV-02,0.03698994171042257,16,0.21684935223765373,3.354605007416599,0.0020143711419753087,0.16804093238811776,0.017297935956790123,0.3556162416934967,0.9889955520629883,0.9997448325157166,0.6052347421646118,0,1,1,1
training/notflip/0027_000000006,notflip/0027,6,ENV-03,0,training/flip/0061_000000015,flip/0061,ENV-04,0.02604561573075425,16,0.1802700491898155,3.0316281084497905,0.021492573302469137,0.16838156655092648,0.016572145061728397,0.3652540445327759,0.9885108470916748,0.9997536540031433,0.9253740310668945,0,1,1,1
training/notflip/0027_000000007,notflip/0027,7,ENV-03,0,training/flip/0017_000000013,flip/0017,ENV-02,0.027617199345881686,16,0.19333325829475256,2.0518353442181154,0.003600019290123457,0.16842893402777834,0.016474247685185184,0.3651045560836792,0.988561749458313,0.9997560381889343,0.8065540194511414,0,1,1,1
training/notflip/0027_000000008,notflip/0027,8,ENV-03,0,training/flip/0016_000000023,flip/0016,ENV-02,0.054422174847737786,16,0.1812094675925937,4.286673378852126,0.002964409722222222,0.16705545119598833,0.01683015046296296,0.3301520347595215,0.9847339987754822,0.9997231364250183,0.6346611976623535,0,1,1,1
training/notflip/0027_000000009,notflip/0027,9,ENV-03,0,training/flip/0015_000000015,flip/0015,ENV-02,0.029378497830246285,16,0.21162304301697432,2.5237852414630866,0.0011241319444444445,0.166908098958334,0.01667872299382716,0.3357757031917572,0.984822154045105,0.9997155070304871,0.7533326148986816,0,1,1,1
testing/notflip/0027_000000010,notflip/0027,10,ENV-03,0,training/notflip/0009_000000001,notflip/0009,ENV-01,0.03150482296596621,16,0.15293762336033975,2.9932002844582954,0.004029224537037037,0.1679563535879637,0.01673852237654321,0.3296124041080475,0.9844738245010376,0.9997133612632751,0.46773144602775574,0,1,1,0
training/notflip/0027_000000011,notflip/0027,11,ENV-03,0,training/flip/0054_000000013,flip/0054,ENV-04,0.031463421123324856,16,0.19143626311728326,3.434141240019638,0.02390239197530864,0.1678680990547846,0.01705343364197531,0.34115538001060486,0.9848271608352661,0.9997106194496155,0.9432184100151062,0,1,1,1
training/notflip/0027_000000012,notflip/0027,12,ENV-03,0,training/flip/0016_000000024,flip/0016,ENV-02,0.0528676579516403,16,0.18266536342592704,4.166083972823467,0.002786940586419753,0.16795937962963026,0.017101658950617285,0.34912779927253723,0.9855477809906006,0.9997085928916931,0.6380691528320312,0,1,1,1
testing/notflip/0027_000000013,notflip/0027,13,ENV-03,0,training/flip/0051_000000014,flip/0051,ENV-04,0.032637905173633554,16,0.18481212432484617,3.434141240019617,0.024074074074074074,0.1677880030864203,0.017368827160493826,0.3678206205368042,0.986441433429718,0.9997344613075256,0.939793050289154,0,1,1,1
training/notflip/0027_000000014,notflip/0027,14,ENV-03,0,training/flip/0055_000000012,flip/0055,ENV-04,0.028834258902212757,16,0.20636808043981572,2.8989612372627964,0.014871238425925927,0.16811810358796347,0.017097318672839507,0.3746907413005829,0.987068772315979,0.9997417330741882,0.8807611465454102,0,1,1,1
training/notflip/0027_000000015,notflip/0027,15,ENV-03,0,training/flip/0061_000000009,flip/0061,ENV-04,0.03617861791545206,16,0.18082815441743835,3.906273156788348,0.029420331790123457,0.16842538628472273,0.01697723765432099,0.4043143689632416,0.988711953163147,0.9997708201408386,0.9774534106254578,0,1,1,1
training/notflip/0027_000000016,notflip/0027,16,ENV-03,0,training/notflip/0015_000000015,notflip/0015,ENV-02,0.04716835936860202,16,0.16779655796682091,3.03162810844979,0.0021354166666666665,0.17010465808256212,0.017747395833333332,0.44263726472854614,0.990642249584198,0.9997896552085876,0.5689255595207214,0,1,1,1
testing/notflip/0027_000000017,notflip/0027,17,ENV-03,0,training/flip/0057_000000011,flip/0057,ENV-04,0.03799988312233041,16,0.20093343152006252,3.3282093938138804,0.023667052469135804,0.17109150858410538,0.01570601851851852,0.4690926671028137,0.9921080470085144,0.9998295307159424,0.9588130116462708,0,1,1,1
training/notflip/0027_000000018,notflip/0027,18,ENV-03,0,training/flip/0065_000000014,flip/0065,ENV-04,0.03290107586658374,16,0.18510103520447663,3.2691253833153646,0.02482783564814815,0.17163246199845725,0.01433497299382716,0.4768986403942108,0.9931558966636658,0.9998550415039062,0.9538717865943909,0,1,1,1
training/notflip/0027_000000019,notflip/0027,19,ENV-03,0,training/flip/0058_000000016,flip/0058,ENV-04,0.03900963142026572,16,0.21498206462191338,3.522215471233474,0.024817708333333334,0.1712473716242286,0.016178626543209878,0.44155699014663696,0.9935349225997925,0.9998900890350342,0.9712628722190857,0,1,1,1
training/notflip/0027_000000020,notflip/0027,20,ENV-03,0,training/flip/0058_000000018,flip/0058,ENV-04,0.034293559128629164,16,0.1747616286651234,3.3282093938138773,0.017483121141975307,0.1688239947916666,0.019561149691358026,0.3843300938606262,0.9936995506286621,0.999925971031189,0.9328869581222534,0,1,1,1
training/notflip/0027_000000021,notflip/0027,21,ENV-03,0,training/flip/0051_000000017,flip/0051,ENV-04,0.031818610307218165,16,0.21533337760416588,3.0777530163271454,0.017886284722222222,0.1691395398341049,0.019234664351851852,0.36301931738853455,0.9940187931060791,0.9999361038208008,0.9199624061584473,0,1,1,1
testing/notflip/0027_000000022,notflip/0027,22,ENV-03,0,training/flip/0059_000000004,flip/0059,ENV-04,0.03900735326146268,16,0.2136845325038589,3.5263444759213134,0.026631944444444444,0.169085833140432,0.021023823302469137,0.34545907378196716,0.9942366480827332,0.9999442100524902,0.9536900520324707,0,1,1,1
testing/notflip/0027_000000023,notflip/0027,23,ENV-03,0,training/flip/0059_000000005,flip/0059,ENV-04,0.038874917498221875,16,0.21109152006172935,3.5263444759213134,0.026900559413580247,0.16999487162422824,0.021784336419753088,0.3194478154182434,0.9940675497055054,0.9999496936798096,0.9526520371437073,0,1,1,1
training/notflip/0027_000000024,notflip/0027,24,ENV-03,0,training/flip/0058_000000010,flip/0058,ENV-04,0.037410971652920684,16,0.1957696089891972,2.9932002844583026,0.02474874614197531,0.17125977999614164,0.022646122685185184,0.3146494925022125,0.9942856431007385,0.9999593496322632,0.901781439781189,0,1,1,1
training/notflip/0027_000000025,notflip/0027,25,ENV-03,0,training/notflip/0049_000000020,notflip/0049,ENV-04,0.03329844873476146,16,0.23356425395447547,2.564794180272623,0.019136284722222223,0.17154930092592555,0.023755304783950618,0.31779205799102783,0.9947808384895325,0.9999634027481079,0.8389074206352234,0,1,1,1
training/notflip/0027_000000026,notflip/0027,26,ENV-03,0,training/flip/0056_000000019,flip/0056,ENV-04,0.030378924564106558,16,0.17885696113040164,2.8856199634506696,0.019213445216049382,0.1723603750964504,0.024568865740740742,0.33218225836753845,0.9944583177566528,0.999961256980896,0.9057522416114807,0,1,1,1
training/notflip/0027_000000027,notflip/0027,27,ENV-03,0,training/flip/0059_000000005,flip/0059,ENV-04,0.038580381429266,16,0.21752844646990807,3.4341412400196387,0.027177854938271604,0.1724415670331789,0.02482687114197531,0.34701254963874817,0.9944949746131897,0.9999641180038452,0.9589853286743164,0,1,1,1
training/notflip/0027_000000028,notflip/0027,28,ENV-03,0,training/flip/0005_000000013,flip/0005,ENV-01,0.030115049232823786,16,0.2007430282600312,4.109890269382968,0.03804976851851852,0.1737156412037035,0.02435619212962963,0.3459061086177826,0.99456787109375,0.9999594688415527,0.9930398464202881,0,1,1,1
training/notflip/0027_000000029,notflip/0027,29,ENV-03,0,training/notflip/0048_000000023,notflip/0048,ENV-04,0.028971730238522064,16,0.2173654305555557,2.5498607187574165,0.0180811149691358,0.17414132503858015,0.024124228395061727,0.3537689745426178,0.9942623972892761,0.9999587535858154,0.8298546075820923,0,1,1,1
training/notflip/0027_000000030,notflip/0027,30,ENV-03,0,training/notflip/0045_000000021,notflip/0045,ENV-04,0.03148726787216641,16,0.22774634423225337,2.564794180272637,0.019986979166666665,0.17379224701003074,0.023780864197530865,0.3482672870159149,0.9940690994262695,0.9999563694000244,0.8774117231369019,0,1,1,1
training/notflip/0028_000000001,notflip/0028,1,ENV-03,0,training/flip/0021_000000024,flip/0021,ENV-02,0.03695446391850438,16,0.23800260204475318,3.717550865187973,0.002205343364197531,0.17291007995756139,0.03109760802469136,0.06901919096708298,0.9776850342750549,0.9999358654022217,0.22634181380271912,0,1,1,0
training/notflip/0028_000000002,notflip/0028,2,ENV-03,0,training/notflip/0015_000000016,notflip/0015,ENV-02,0.04664963494431866,16,0.1673731738040128,3.824791078136116,0.002359664351851852,0.17303992052469097,0.03202594521604938,0.0643237829208374,0.9789937734603882,0.99993896484375,0.16472911834716797,0,1,1,0
training/notflip/0028_000000003,notflip/0028,3,ENV-03,0,training/notflip/0048_000000012,notflip/0048,ENV-04,0.029018038766439925,16,0.180621099633488,2.133990512892608,0.00902536651234568,0.17306921682098725,0.03354456018518519,0.05890442803502083,0.9783353209495544,0.9999464750289917,0.6041515469551086,0,1,1,1
testing/notflip/0028_000000004,notflip/0028,4,ENV-03,0,training/flip/0055_000000013,flip/0055,ENV-04,0.03454252924547942,16,0.17992607359182072,2.5237852414630866,0.009483506944444444,0.17319599112654285,0.03552854938271605,0.05621545761823654,0.9785130023956299,0.9999485015869141,0.7475792765617371,0,1,1,1
training/notflip/0028_000000005,notflip/0028,5,ENV-03,0,training/flip/0054_000000012,flip/0054,ENV-04,0.03950131374423203,16,0.2006990418595674,3.526344475921313,0.016218171296296297,0.1732223787615737,0.035715663580246915,0.05217678099870682,0.9771100282669067,0.9999486207962036,0.922804057598114,0,1,1,1
training/notflip/0028_000000006,notflip/0028,6,ENV-03,0,training/flip/0055_000000014,flip/0055,ENV-04,0.03434895640304329,16,0.17248169569830224,2.5237852414630866,0.009293981481481481,0.17284801938657376,0.035503954475308644,0.046635814011096954,0.9774280190467834,0.9999454021453857,0.7045285105705261,0,1,1,1
training/notflip/0028_000000007,notflip/0028,7,ENV-03,0,training/flip/0052_000000016,flip/0052,ENV-04,0.030877314749301096,16,0.1880907687114199,2.5237852414630866,0.008620273919753086,0.1730730374228391,0.03416956018518519,0.03755415976047516,0.9704186916351318,0.9999181032180786,0.5417130589485168,0,1,1,1
training/notflip/0028_000000008,notflip/0028,8,ENV-03,0,training/notflip/0015_000000014,notflip/0015,ENV-02,0.04675331370774297,16,0.1763321671489198,3.8247910781361156,0.0023307291666666667,0.17268905449459832,0.034363908179012345,0.03706822544336319,0.9636335372924805,0.9998946189880371,0.07631901651620865,0,1,1,0
training/notflip/0028_000000009,notflip/0028,9,ENV-03,0,training/flip/0052_000000015,flip/0052,ENV-04,0.03500928114172344,16,0.15706542428626494,2.9932002844582963,0.009080343364197531,0.17162485079089462,0.03316743827160494,0.030858393758535385,0.9538732171058655,0.9998601675033569,0.659024178981781,0,1,1,1
training/notflip/0028_000000010,notflip/0028,10,ENV-03,0,training/notflip/0015_000000001,notflip/0015,ENV-02,0.04674492928762823,16,0.16382351832561753,3.5222154712334657,0.0020592206790123455,0.17144340557484522,0.031090856481481483,0.0335322842001915,0.955655574798584,0.999855637550354,0.07368002831935883,0,1,1,0
training/notflip/0028_000000011,notflip/0028,11,ENV-03,0,training/notflip/0051_000000008,notflip/0051,ENV-04,0.030256593594667425,16,0.15962045061728322,2.1158312379366553,0.002546778549382716,0.17577134596836408,0.02443238811728395,0.04293292388319969,0.9483200907707214,0.9998254179954529,0.33528050780296326,0,1,1,0
training/notflip/0028_000000012,notflip/0028,12,ENV-03,0,training/notflip/0015_000000010,notflip/0015,ENV-02,0.053317136283051764,16,0.22806569251543235,4.304756945748235,0.0024609375,0.17510086429398125,0.021807484567901235,0.05158507078886032,0.9409481287002563,0.999822199344635,0.09637990593910217,0,1,1,0
training/notflip/0028_000000013,notflip/0028,13,ENV-03,0,training/flip/0054_000000012,flip/0054,ENV-04,0.03234844655478811,16,0.20706783526234515,2.885619963450672,0.015032793209876542,0.17425633111496905,0.019967689043209877,0.05199612304568291,0.9235758185386658,0.9997325539588928,0.8039669990539551,0,1,1,1
training/notflip/0028_000000014,notflip/0028,14,ENV-03,0,training/flip/0012_000000021,flip/0012,ENV-02,0.04202260152067731,16,0.17619773996913474,4.42400365510854,0.002814911265432099,0.17486497781635782,0.018913001543209875,0.03422311320900917,0.8838512301445007,0.9994619488716125,0.23097048699855804,0,1,1,0
training/notflip/0028_000000015,notflip/0028,15,ENV-03,0,training/notflip/0015_000000007,notflip/0015,ENV-02,0.061804143668104584,16,0.20567747444058557,5.283323206850207,0.004149787808641976,0.1743417503858022,0.017959587191358026,0.027216780930757523,0.8665176033973694,0.9991685152053833,0.09247676283121109,0,1,1,0
training/notflip/0028_000000016,notflip/0028,16,ENV-03,0,training/notflip/0015_000000011,notflip/0015,ENV-02,0.06392173215934714,16,0.20758333709490664,5.525347819543962,0.004641203703703704,0.1745531624228392,0.017483121141975307,0.02117653749883175,0.8312473893165588,0.9988096952438354,0.10519657284021378,0,1,1,0
training/notflip/0028_000000017,notflip/0028,17,ENV-03,0,training/notflip/0008_000000004,notflip/0008,ENV-01,0.040605991838471134,16,0.16893829928626547,3.785677862194628,0.0040080054012345675,0.17412885358796254,0.016882233796296296,0.015402097254991531,0.8119199275970459,0.9985820055007935,0.10930607467889786,0,1,1,0
training/notflip/0028_000000018,notflip/0028,18,ENV-03,0,training/flip/0012_000000020,flip/0012,ENV-02,0.05004641746411654,16,0.15954850472607912,4.981007169595121,0.002865547839506173,0.17411627324459836,0.016175733024691358,0.012124584056437016,0.7995662689208984,0.9985585808753967,0.1874324083328247,0,1,1,0
training/notflip/0028_000000019,notflip/0028,19,ENV-03,0,training/flip/0016_000000024,flip/0016,ENV-02,0.06697815869030303,16,0.14952436246141923,6.06325621689958,0.004751639660493827,0.17412204870756123,0.015912422839506172,0.01091124676167965,0.7832191586494446,0.9986652135848999,0.3443525731563568,0,1,1,0
training/notflip/0028_000000020,notflip/0028,20,ENV-03,0,training/flip/0011_000000018,flip/0011,ENV-02,0.05015371602289415,16,0.22064106770833297,4.628021222611889,0.002423321759259259,0.1744484693287032,0.015482735339506172,0.010381712578237057,0.7701555490493774,0.998660683631897,0.1292262226343155,0,1,1,0
training/notflip/0028_000000021,notflip/0028,21,ENV-03,0,training/flip/0030_000000015,flip/0030,ENV-02,0.04097950479494265,16,0.20098228047839456,3.354605007416609,0.0016840277777777778,0.1741468281249995,0.015583526234567902,0.009786976501345634,0.7756476998329163,0.9988211989402771,0.03210891783237457,0,1,1,0
training/notflip/0028_000000022,notflip/0028,22,ENV-03,0,training/flip/0021_000000025,flip/0021,ENV-02,0.06033057004368246,16,0.1726292678433638,5.307444835509221,0.003998842592592593,0.17399655285493776,0.015729166666666666,0.009442705661058426,0.7644002437591553,0.9988070726394653,0.14882205426692963,0,1,1,0
training/notflip/0028_000000023,notflip/0028,23,ENV-03,0,training/flip/0021_000000021,flip/0021,ENV-02,0.049710664526703245,16,0.1880548774112648,4.3047569457482355,0.0019835069444444444,0.17378516435185132,0.015209780092592592,0.009192699566483498,0.7613790035247803,0.9987682700157166,0.0919298529624939,0,1,1,0
testing/notflip/0028_000000024,notflip/0028,24,ENV-03,0,training/notflip/0006_000000006,notflip/0006,ENV-01,0.04994613275856685,16,0.1525842759452152,4.931868323259563,0.011183931327160494,0.1737991026234563,0.015415219907407407,0.009066696278750896,0.7633055448532104,0.9988403916358948,0.14295022189617157,0,1,1,0
training/notflip/0028_000000025,notflip/0028,25,ENV-03,0,training/flip/0016_000000023,flip/0016,ENV-02,0.07097448140939977,16,0.16431681703317857,6.374651796893539,0.004836998456790123,0.1738606159336415,0.015610050154320987,0.008653854951262474,0.7583324909210205,0.9987857937812805,0.35552072525024414,0,1,1,0
training/notflip/0028_000000026,notflip/0028,26,ENV-03,0,training/flip/0017_000000014,flip/0017,ENV-02,0.04642460492258373,16,0.18119493614969165,3.269125383315387,0.0012316743827160495,0.17413733738425874,0.015502989969135803,0.008507919497787952,0.7738308906555176,0.9989043474197388,0.047932710498571396,0,1,1,0
training/notflip/0028_000000027,notflip/0028,27,ENV-03,0,training/notflip/0006_000000004,notflip/0006,ENV-01,0.0514038989285471,16,0.1863718332368821,4.931868323259563,0.010428240740740741,0.17433093788580192,0.015515528549382715,0.008252094499766827,0.7803105115890503,0.9989683628082275,0.1399097442626953,0,1,1,0
training/notflip/0028_000000028,notflip/0028,28,ENV-03,0,training/notflip/0015_000000023,notflip/0015,ENV-02,0.058033376251861224,16,0.19862672347608015,5.020878563478131,0.0019700038580246913,0.174317816647376,0.0153100887345679,0.008024096488952637,0.7700575590133667,0.9989135265350342,0.06197012960910797,0,1,1,0
training/notflip/0028_000000029,notflip/0028,29,ENV-03,0,training/flip/0016_000000012,flip/0016,ENV-02,0.04561821948912127,16,0.1953504664351844,4.166083972823467,0.001812307098765432,0.1746745816936722,0.015573881172839506,0.008604936301708221,0.7740594744682312,0.998885452747345,0.24923203885555267,0,1,1,0
training/notflip/0028_000000030,notflip/0028,30,ENV-03,0,training/flip/0013_000000014,flip/0013,ENV-02,0.04114615641558345,16,0.17833331857638823,3.824791078136127,0.0013956404320987655,0.17496380796682037,0.015359760802469136,0.008639313280582428,0.7732245326042175,0.9988558292388916,0.09165442734956741,0,1,1,0
testing/notflip/0029_000000001,notflip/0029,1,ENV-03,0,training/notflip/0051_000000018,notflip/0051,ENV-04,0.03203091090914647,16,0.17957168547453659,1.7869767010135977,0.0024850501543209878,0.20072148861882527,0.042081404320987656,0.455501914024353,0.9943976402282715,0.9999690055847168,0.8178594708442688,0,1,1,1
training/notflip/0029_000000002,notflip/0029,2,ENV-03,0,training/flip/0016_000000021,flip/0016,ENV-02,0.04622443669792846,16,0.10096290576774523,4.537365806002091,0.004924768518518518,0.201221356867282,0.04069299768518519,0.42713305354118347,0.9939490556716919,0.9999651908874512,0.36445316672325134,0,1,1,0
testing/notflip/0029_000000003,notflip/0029,3,ENV-03,0,training/flip/0064_000000020,flip/0064,ENV-04,0.03424455656201122,16,0.17619204619984552,2.259160690744573,0.0076740933641975305,0.20103427633101661,0.04035927854938272,0.4424528181552887,0.9939832091331482,0.9999618530273438,0.9666379690170288,0,1,1,1
testing/notflip/0029_000000004,notflip/0029,4,ENV-03,0,training/flip/0065_000000009,flip/0065,ENV-04,0.02917833078013838,16,0.17310449402006042,1.983704242329917,0.0026022376543209874,0.20080437297453516,0.038097993827160496,0.43888118863105774,0.9934247732162476,0.9999589920043945,0.8775470852851868,0,1,1,1
testing/notflip/0029_000000005,notflip/0029,5,ENV-03,0,training/flip/0015_000000020,flip/0015,ENV-02,0.04128281216325297,16,0.25388381442901115,4.109890269382968,0.004297839506172839,0.20135064216820803,0.03462962962962963,0.41517743468284607,0.9917649626731873,0.9999451637268066,0.41178688406944275,0,1,1,0
training/notflip/0029_000000006,notflip/0029,6,ENV-03,0,training/flip/0021_000000022,flip/0021,ENV-02,0.037779104830370634,16,0.1843178833912029,3.7175508651879774,0.0038623649691358025,0.20032194878472043,0.0307007137345679,0.34138771891593933,0.99033522605896,0.9999268054962158,0.21919961273670197,0,1,1,0
training/notflip/0029_000000007,notflip/0029,7,ENV-03,0,training/notflip/0005_000000007,notflip/0005,ENV-01,0.03450472316428011,16,0.11721553443287017,3.4717730127946598,0.014242380401234567,0.19948670196759077,0.029476755401234567,0.31642431020736694,0.988274335861206,0.999915599822998,0.2669145166873932,0,1,1,0
training/notflip/0029_000000008,notflip/0029,8,ENV-03,0,training/flip/0021_000000023,flip/0021,ENV-02,0.043892441395140626,16,0.1669709370177461,4.5373658060020885,0.0041628086419753085,0.1983453816550908,0.02892602237654321,0.31055015325546265,0.9860650300979614,0.9998815059661865,0.28882208466529846,0,1,1,0
training/notflip/0029_000000009,notflip/0029,9,ENV-03,0,training/notflip/0015_000000022,notflip/0015,ENV-02,0.05120708562077461,16,0.22307626157407479,3.824791078136127,0.0036844135802469135,0.19848311554783776,0.02859519675925926,0.29500553011894226,0.9836545586585999,0.9998779296875,0.24404001235961914,0,1,1,0
training/notflip/0029_000000010,notflip/0029,10,ENV-03,0,training/notflip/0006_000000010,notflip/0006,ENV-01,0.043530842264302476,16,0.19414228559027827,4.588546790853201,0.016534047067901233,0.1980162205825601,0.027279128086419753,0.26105189323425293,0.9824114441871643,0.999883770942688,0.3278872072696686,0,1,1,0
training/notflip/0029_000000011,notflip/0029,11,ENV-03,0,training/flip/0016_000000003,flip/0016,ENV-02,0.0390152014118697,16,0.1937857488425929,3.7175508651879747,0.0037726658950617284,0.19759020293209714,0.025434992283950617,0.21794480085372925,0.9804553389549255,0.9998705387115479,0.6027127504348755,0,1,1,1
training/notflip/0029_000000012,notflip/0029,12,ENV-03,0,training/flip/0019_000000017,flip/0019,ENV-02,0.03432590304622957,16,0.19060452613811762,3.3546050074165996,0.002751253858024691,0.19766546855709718,0.024087094907407406,0.19821318984031677,0.978756308555603,0.9998575448989868,0.3773816227912903,0,1,1,0
testing/notflip/0029_000000013,notflip/0029,13,ENV-03,0,training/notflip/0008_000000007,notflip/0008,ENV-01,0.04502937397730905,16,0.19094552642746893,4.523982264455883,0.014020061728395062,0.19749859847607865,0.02384741512345679,0.20330365002155304,0.9801991581916809,0.9998592138290405,0.3269289433956146,0,1,1,0
training/notflip/0029_000000014,notflip/0029,14,ENV-03,0,training/flip/0012_000000023,flip/0012,ENV-02,0.05584404308454568,16,0.14035850501543112,5.753846377136156,0.010007233796296297,0.19769106529706632,0.023286072530864198,0.20401911437511444,0.9808561205863953,0.9998579025268555,0.501683235168457,0,1,1,1
training/notflip/0029_000000015,notflip/0029,15,ENV-03,0,training/notflip/0015_000000019,notflip/0015,ENV-02,0.06705112524682645,16,0.19574941541280763,5.283323206850223,0.009443962191358025,0.19740201957947368,0.022759934413580245,0.20312459766864777,0.9805299043655396,0.9998351335525513,0.23891006410121918,0,1,1,0
training/notflip/0029_000000016,notflip/0029,16,ENV-03,0,training/notflip/0006_000000005,notflip/0006,ENV-01,0.05162705062080165,16,0.15619585262345778,5.344451868068307,0.017312403549382717,0.19715422752700454,0.022316261574074073,0.17114569246768951,0.9785246253013611,0.9998138546943665,0.32135748863220215,0,1,1,0
testing/notflip/0029_000000017,notflip/0029,17,ENV-03,0,training/notflip/0006_000000003,notflip/0006,ENV-01,0.051111621006536594,16,0.14765836226851875,5.344451868068307,0.01728395061728395,0.20065579070215886,0.02097608024691358,0.17042024433612823,0.9832680821418762,0.9998422861099243,0.4349016845226288,0,1,1,0
testing/notflip/0029_000000018,notflip/0029,18,ENV-03,0,training/flip/0016_000000017,flip/0016,ENV-02,0.05360292880911062,16,0.19478055160107904,4.981007169595123,0.0034312307098765434,0.20033350588348617,0.02062307098765432,0.1713048219680786,0.9843213558197021,0.9998338222503662,0.6079519391059875,0,1,1,1
testing/notflip/0029_000000019,notflip/0029,19,ENV-03,0,training/notflip/0015_000000011,notflip/0015,ENV-02,0.06871675960622371,16,0.2062863869598765,6.06325621689958,0.008739390432098766,0.2003551499807083,0.020290316358024692,0.1773589551448822,0.984877347946167,0.9998511075973511,0.31812813878059387,0,1,1,0
training/notflip/0029_000000020,notflip/0029,20,ENV-03,0,training/flip/0016_000000005,flip/0016,ENV-02,0.03885040856659369,16,0.18755625077160482,3.8247910781361147,0.002107928240740741,0.19866948186728245,0.019694733796296295,0.15873509645462036,0.9810611009597778,0.9998334646224976,0.6289971470832825,0,1,1,1
training/notflip/0029_000000021,notflip/0029,21,ENV-03,0,training/notflip/0008_000000003,notflip/0008,ENV-01,0.0432043380589796,16,0.15237417785493748,4.139536137687958,0.008677662037037038,0.1992930993441343,0.020246431327160495,0.15258674323558807,0.9797757863998413,0.999816358089447,0.3498893976211548,0,1,1,0
training/notflip/0029_000000022,notflip/0029,22,ENV-03,0,training/flip/0016_000000014,flip/0016,ENV-02,0.047314660152929545,16,0.20000542949459862,4.537365806002091,0.00255883487654321,0.19911328790509109,0.020627411265432098,0.14591582119464874,0.9781197309494019,0.9998034834861755,0.5809544324874878,0,1,1,1
training/notflip/0029_000000023,notflip/0029,23,ENV-03,0,training/flip/0021_000000025,flip/0021,ENV-02,0.057491835937160035,16,0.1837393156828693,5.436858460969149,0.0038155864197530866,0.19911225742669592,0.021012731481481483,0.14400026202201843,0.9771867394447327,0.9997996687889099,0.3908052444458008,0,1,1,0
training/notflip/0029_000000024,notflip/0029,24,ENV-03,0,training/notflip/0015_000000022,notflip/0015,ENV-02,0.05671930556017528,16,0.20891888908179113,4.304756945748243,0.00285108024691358,0.19952245707947386,0.02098090277777778,0.1450349986553192,0.9782463312149048,0.999804675579071,0.29099807143211365,0,1,1,0
testing/notflip/0029_000000025,notflip/0029,25,ENV-03,0,training/flip/0011_000000013,flip/0011,ENV-02,0.038923045299061605,16,0.19083829899691418,3.7175508651879774,0.002839506172839506,0.1990168569637332,0.02111304012345679,0.13051024079322815,0.9778472185134888,0.9998071789741516,0.2752579152584076,0,1,1,0
training/notflip/0029_000000026,notflip/0029,26,ENV-03,0,training/flip/0021_000000020,flip/0021,ENV-02,0.043364557962056884,16,0.20923588618827152,4.166083972823462,0.0019077932098765433,0.19862046643518383,0.02111593364197531,0.13312861323356628,0.9780686497688293,0.9998082518577576,0.3661681115627289,0,1,1,0
training/notflip/0029_000000027,notflip/0029,27,ENV-03,0,training/flip/0012_000000015,flip/0012,ENV-02,0.03766559089259231,16,0.2530065684799383,4.109890269382969,0.002385223765432099,0.19885782330246782,0.020699749228395063,0.13946719467639923,0.978851318359375,0.9998114705085754,0.4303310215473175,0,1,1,0
training/notflip/0029_000000028,notflip/0029,28,ENV-03,0,training/flip/0011_000000021,flip/0011,ENV-02,0.058547577962418246,16,0.21014112027391926,5.797922474525592,0.008941936728395062,0.19848863329475178,0.020834297839506175,0.13812853395938873,0.9782738089561462,0.9998185038566589,0.4626559317111969,0,1,1,0
training/notflip/0029_000000029,notflip/0029,29,ENV-03,0,training/flip/0015_000000014,flip/0015,ENV-02,0.04117187019992059,16,0.17549081558642043,4.109890269382968,0.002242476851851852,0.19875377353394932,0.020612461419753085,0.13332045078277588,0.9773116707801819,0.9998076558113098,0.5443379282951355,0,1,1,1
training/notflip/0029_000000030,notflip/0029,30,ENV-03,0,training/flip/0015_000000024,flip/0015,ENV-02,0.06213590699748479,16,0.20118788146219074,5.797922474525592,0.004048996913580247,0.1994156402391962,0.02066743827160494,0.12944340705871582,0.9781167507171631,0.9997968077659607,0.6260226964950562,0,1,1,1
testing/notflip/0030_000000001,notflip/0030,1,ENV-03,0,training/flip/0063_000000012,flip/0063,ENV-04,0.03356359697201799,16,0.1727745146604933,2.5237852414630866,0.007728587962962963,0.19094982812499917,0.03183931327160494,0.18065808713436127,0.9810108542442322,0.9999109506607056,0.930033802986145,0,1,1,1
training/notflip/0030_000000002,notflip/0030,2,ENV-03,0,training/notflip/0015_000000019,notflip/0015,ENV-02,0.04786522270988346,16,0.24247124440586415,3.5222154712334737,0.00259789737654321,0.19132930989583247,0.032407407407407406,0.172870472073555,0.9789299368858337,0.9999032020568848,0.09281475841999054,0,1,1,0
training/notflip/0030_000000003,notflip/0030,3,ENV-03,0,training/notflip/0005_000000001,notflip/0005,ENV-01,0.03234943577279362,16,0.11314930835262393,2.9932002844583083,0.01021460262345679,0.1917250208333325,0.032688560956790125,0.16341790556907654,0.9801843762397766,0.9998934268951416,0.12292839586734772,0,1,1,0
testing/notflip/0030_000000004,notflip/0030,4,ENV-03,0,training/flip/0021_000000023,flip/0021,ENV-02,0.03597428330361439,16,0.20946631182484515,3.3546050074166045,0.00216869212962963,0.19228923128857944,0.032309992283950616,0.14299708604812622,0.9763002395629883,0.9998722076416016,0.11655406653881073,0,1,1,0
training/notflip/0030_000000005,notflip/0030,5,ENV-03,0,training/flip/0058_000000014,flip/0058,ENV-04,0.03530162071692074,16,0.19452013310185196,2.4552342361207744,0.0068243634259259256,0.19320248804012258,0.03180314429012346,0.13724608719348907,0.9766712784767151,0.9998369216918945,0.8562437295913696,0,1,1,1
training/notflip/0030_000000006,notflip/0030,6,ENV-03,0,training/notflip/0049_000000009,notflip/0049,ENV-04,0.03203302670962303,16,0.20298079099151173,2.3826356013514403,0.006716820987654321,0.19348241435185096,0.028373360339506173,0.14375799894332886,0.9829713702201843,0.9998873472213745,0.7430844306945801,0,1,1,1
testing/notflip/0030_000000007,notflip/0030,7,ENV-03,0,training/notflip/0015_000000010,notflip/0015,ENV-02,0.05162729524800938,16,0.18760235985725343,4.166083972823467,0.0015533371913580246,0.19226064245756092,0.024465181327160492,0.1822284311056137,0.9857370853424072,0.9998811483383179,0.2518561780452728,0,1,1,0
training/notflip/0030_000000008,notflip/0030,8,ENV-03,0,training/flip/0058_000000016,flip/0058,ENV-04,0.03286737913198256,16,0.17321760445601808,2.5498607187574045,0.006538387345679012,0.19188088618827087,0.024248649691358024,0.21239414811134338,0.9843941330909729,0.999869704246521,0.9280099868774414,0,1,1,1
training/notflip/0030_000000009,notflip/0030,9,ENV-03,0,training/notflip/0015_000000008,notflip/0015,ENV-02,0.053849682682516456,16,0.1933568314043213,4.30475694574822,0.0013874421296296295,0.1908141274112646,0.020068479938271606,0.2362968772649765,0.9819151163101196,0.9998509883880615,0.3508871793746948,0,1,1,0
training/notflip/0030_000000010,notflip/0030,10,ENV-03,0,training/notflip/0006_000000001,notflip/0006,ENV-01,0.035918169257809905,16,0.1111491791087965,3.9561814510321525,0.012410783179012346,0.1902657086226843,0.01767843364197531,0.2572422921657562,0.9744317531585693,0.9997914433479309,0.4780811071395874,0,1,1,0
training/notflip/0030_000000011,notflip/0030,11,ENV-03,0,training/flip/0021_000000019,flip/0021,ENV-02,0.027810575937015004,16,0.20270102189429082,2.4659341616297814,0.0007860725308641975,0.18957498620756083,0.015074749228395062,0.2820282280445099,0.9699985980987549,0.9997802376747131,0.6346385478973389,0,1,1,1
training/notflip/0030_000000012,notflip/0030,12,ENV-03,0,training/flip/0022_000000008,flip/0022,ENV-02,0.02461572601795085,16,0.1589328524305561,2.2591606907445834,0.0008458719135802469,0.18949033931327075,0.012335069444444444,0.23800137639045715,0.9632701277732849,0.9997588992118835,0.4603855609893799,0,1,1,0
training/notflip/0030_000000013,notflip/0030,13,ENV-03,0,training/notflip/0008_000000001,notflip/0008,ENV-01,0.034980133655918136,16,0.13609133082561728,3.3282093938138737,0.008832465277777778,0.1893452135416658,0.012200520833333334,0.200943723320961,0.9604464173316956,0.9997488856315613,0.26721054315567017,0,1,1,0
training/notflip/0030_000000014,notflip/0030,14,ENV-03,0,training/notflip/0015_000000006,notflip/0015,ENV-02,0.0633673204743381,16,0.21040401340663512,4.3047569457482355,0.009187403549382717,0.18780047492283874,0.01333960262345679,0.19936539232730865,0.9610694050788879,0.9997773766517639,0.21384933590888977,0,1,1,0
training/notflip/0030_000000015,notflip/0030,15,ENV-03,0,training/flip/0016_000000018,flip/0016,ENV-02,0.05033164747163822,16,0.1700993570601847,4.5373658060020885,0.002662037037037037,0.18780403250385722,0.013367573302469135,0.20135599374771118,0.960693895816803,0.9997771382331848,0.4494284391403198,0,1,1,0
training/notflip/0030_000000016,notflip/0030,16,ENV-03,0,training/flip/0016_000000023,flip/0016,ENV-02,0.0648457716684754,16,0.15981156375385647,5.578708683783683,0.004624807098765432,0.18588879552469054,0.013440393518518518,0.1742366999387741,0.9559436440467834,0.9997848868370056,0.43757250905036926,0,1,1,0
training/notflip/0030_000000017,notflip/0030,17,ENV-03,0,training/flip/0015_000000013,flip/0015,ENV-02,0.03579881564934287,16,0.21622007687114167,2.898961237262797,0.0024281442901234566,0.1860137370756165,0.013413387345679012,0.17374803125858307,0.9558780789375305,0.999782145023346,0.3915776312351227,0,1,1,0
testing/notflip/0030_000000018,notflip/0030,18,ENV-03,0,training/flip/0011_000000022,flip/0011,ENV-02,0.05705278375772178,16,0.19411338261959912,5.020878563478131,0.009266975308641975,0.18617623070987582,0.013510320216049383,0.14786197245121002,0.948675274848938,0.9997463822364807,0.24841879308223724,0,1,1,0
training/notflip/0030_000000019,notflip/0030,19,ENV-03,0,training/flip/0021_000000022,flip/0021,ENV-02,0.04948359278755073,16,0.17912842197145032,4.166083972823455,0.003224826388888889,0.185872646219135,0.013309702932098766,0.12351969629526138,0.9478009343147278,0.9997112154960632,0.12275081127882004,0,1,1,0
training/notflip/0030_000000020,notflip/0030,20,ENV-03,0,training/flip/0019_000000021,flip/0019,ENV-02,0.03780670011389408,16,0.204457698013117,3.3546050074165947,0.001863425925925926,0.18578337779706713,0.013330439814814814,0.1227167546749115,0.9478394985198975,0.9997140765190125,0.14960728585720062,0,1,1,0
training/notflip/0030_000000021,notflip/0030,21,ENV-03,0,training/notflip/0015_000000010,notflip/0015,ENV-02,0.06785468911801935,16,0.20091064670138892,5.283323206850215,0.014462287808641975,0.18535608362268435,0.014193672839506172,0.10827331990003586,0.9404647350311279,0.9996751546859741,0.09453045576810837,0,1,1,0
testing/notflip/0030_000000022,notflip/0030,22,ENV-03,0,training/flip/0016_000000023,flip/0016,ENV-02,0.0667000500833754,16,0.14825738985339362,5.797922474525595,0.008811728395061728,0.1854598939043202,0.014772858796296296,0.11217866837978363,0.9438436627388,0.999702513217926,0.310342401266098,0,1,1,0
testing/notflip/0030_000000023,notflip/0030,23,ENV-03,0,training/flip/0011_000000022,flip/0011,ENV-02,0.057831165802208644,16,0.19389946749614212,4.981007169595123,0.008900945216049382,0.1855401009837955,0.014796971450617284,0.11222220212221146,0.9437330365180969,0.9997046589851379,0.2011130303144455,0,1,1,0
testing/notflip/0030_000000024,notflip/0030,24,ENV-03,0,training/notflip/0015_000000006,notflip/0015,ENV-02,0.06790763074446489,16,0.20121247067901243,5.020878563478131,0.008642457561728396,0.1857685058834869,0.015249324845679013,0.11651597917079926,0.9414646029472351,0.9996814727783203,0.0796227976679802,0,1,1,0
training/notflip/0030_000000025,notflip/0030,25,ENV-03,0,training/notflip/0015_000000024,notflip/0015,ENV-02,0.04831882512056626,16,0.18501153790509295,3.522215471233474,0.0033699845679012346,0.18552153491512272,0.015109953703703704,0.13763219118118286,0.9454479813575745,0.9996845722198486,0.12832011282444,0,1,1,0
training/notflip/0030_000000026,notflip/0030,26,ENV-03,0,training/flip/0016_000000021,flip/0016,ENV-02,0.06251465542502334,16,0.15076863261959728,5.578708683783676,0.004652777777777777,0.18554216406249924,0.015258005401234568,0.14077948033809662,0.9463649988174438,0.9996894598007202,0.3082472085952759,0,1,1,0
training/notflip/0030_000000027,notflip/0030,27,ENV-03,0,training/flip/0016_000000005,flip/0016,ENV-02,0.03737480162600645,16,0.18952778877314744,3.3546050074165996,0.0021889467592592594,0.18562335358796217,0.01535108024691358,0.15264414250850677,0.9484753608703613,0.999695897102356,0.39286908507347107,0,1,1,0
testing/notflip/0030_000000028,notflip/0030,28,ENV-03,0,training/flip/0022_000000017,flip/0022,ENV-02,0.047121297687031806,16,0.17332720216049355,4.537365806002087,0.008441358024691358,0.18558140190972147,0.015198206018518519,0.15033750236034393,0.9489546418190002,0.999703586101532,0.16724908351898193,0,1,1,0
training/notflip/0030_000000029,notflip/0030,29,ENV-03,0,training/flip/0012_000000019,flip/0012,ENV-02,0.04818538984899905,16,0.1723016263503077,4.5373658060020885,0.010581597222222221,0.1830521265432088,0.015191454475308641,0.1707933396100998,0.950660228729248,0.9997463822364807,0.1980147659778595,0,1,1,0
training/notflip/0030_000000030,notflip/0030,30,ENV-03,0,training/flip/0011_000000019,flip/0011,ENV-02,0.051360557868435484,16,0.21433725665509265,4.628021222611879,0.010583043981481481,0.182896514853394,0.015204957561728395,0.16959287226200104,0.9497941136360168,0.9997506737709045,0.14337998628616333,0,1,1,0
training/notflip/0031_000000001,notflip/0031,1,ENV-03,0,training/notflip/0041_000000010,notflip/0041,ENV-04,0.030233843838682505,16,0.15188678780864254,2.3980959088098777,0.0018156828703703703,0.20309933786651121,0.0251123649691358,0.5814163684844971,0.9939821362495422,0.9998608827590942,0.7010741829872131,1,1,1,1
training/notflip/0031_000000002,notflip/0031,2,ENV-03,0,training/notflip/0015_000000014,notflip/0015,ENV-02,0.04795029365833069,16,0.1790015060763889,4.166083972823462,0.009594425154320988,0.20349124604552363,0.02818817515432099,0.5345680713653564,0.9936752915382385,0.9998438358306885,0.2725992798805237,1,1,1,0
training/notflip/0031_000000003,notflip/0031,3,ENV-03,0,training/flip/0053_000000001,flip/0053,ENV-04,0.03360457198333118,16,0.17696538358410435,2.3826356013514167,0.0034654706790123455,0.20416384982638794,0.028910590277777776,0.5186901688575745,0.9937601685523987,0.999863862991333,0.9130131602287292,1,1,1,1
testing/notflip/0031_000000004,notflip/0031,4,ENV-03,0,training/notflip/0051_000000009,notflip/0051,ENV-04,0.03426968969547367,16,0.1740968754822529,2.1158312379366317,0.003005401234567901,0.204318838445215,0.029757426697530863,0.5079125761985779,0.9935171604156494,0.9998893737792969,0.8722348809242249,1,1,1,1
training/notflip/0031_000000005,notflip/0031,5,ENV-03,0,training/notflip/0051_000000018,notflip/0051,ENV-04,0.03212157548003512,16,0.13551833285108034,2.051835344218101,0.003041087962962963,0.20365186930941265,0.029267939814814816,0.45197659730911255,0.9923036098480225,0.9998670816421509,0.7399817109107971,0,1,1,1
training/notflip/0031_000000006,notflip/0031,6,ENV-03,0,training/flip/0059_000000004,flip/0059,ENV-04,0.03491608887626636,16,0.2014190108989191,2.4458914597570476,0.008061824845679012,0.20353482445987567,0.027647569444444443,0.3678438365459442,0.9882726073265076,0.9997652173042297,0.918484091758728,0,1,1,1
training/notflip/0031_000000007,notflip/0031,7,ENV-03,0,training/flip/0012_000000019,flip/0012,ENV-02,0.035269489984270756,16,0.22147337336033932,4.139536137687954,0.005228105709876543,0.203261054976851,0.025630304783950616,0.3298654556274414,0.9863677620887756,0.9997044205665588,0.343863844871521,0,1,1,0
testing/notflip/0031_000000008,notflip/0031,8,ENV-03,0,training/flip/0013_000000019,flip/0013,ENV-02,0.03388951378391545,16,0.22032633314043187,4.109890269382968,0.0023659336419753086,0.2038865967399684,0.02496286651234568,0.28916385769844055,0.984312117099762,0.9997019171714783,0.2789137363433838,0,1,1,0
training/notflip/0031_000000009,notflip/0031,9,ENV-03,0,training/flip/0012_000000021,flip/0012,ENV-02,0.041514189929840455,16,0.23107481433256158,4.931868323259563,0.009622878086419753,0.20352875048225227,0.02484375,0.31381839513778687,0.9844303727149963,0.9997285008430481,0.3554368317127228,0,1,1,0
testing/notflip/0031_000000010,notflip/0031,10,ENV-03,0,training/flip/0019_000000026,flip/0019,ENV-02,0.04340055810602669,16,0.1359522157600307,4.5373658060020885,0.0022506751543209876,0.20408893180941276,0.025245466820987654,0.2782287895679474,0.9813631772994995,0.999697208404541,0.2660856544971466,0,1,1,0
training/notflip/0031_000000011,notflip/0031,11,ENV-03,0,training/flip/0011_000000024,flip/0011,ENV-02,0.04922103910962934,16,0.16969975221836417,4.5373658060020885,0.004614679783950617,0.2031652269483016,0.024632040895061727,0.28422096371650696,0.9824790954589844,0.9997225403785706,0.289751797914505,0,1,1,0
training/notflip/0031_000000012,notflip/0031,12,ENV-03,0,training/flip/0013_000000012,flip/0013,ENV-02,0.026455141698291926,16,0.24933857957175803,2.8856199634506714,0.0018108603395061728,0.19875874729938184,0.022975983796296295,0.2409362494945526,0.9786744117736816,0.9997004270553589,0.2821498513221741,0,1,1,0
training/notflip/0031_000000013,notflip/0031,13,ENV-03,0,training/flip/0021_000000025,flip/0021,ENV-02,0.052052496295669305,16,0.12665857571373448,4.981007169595122,0.004462770061728395,0.198754222318672,0.021632908950617286,0.23247218132019043,0.9786558151245117,0.999695897102356,0.2666504979133606,0,1,1,0
training/notflip/0031_000000014,notflip/0031,14,ENV-03,0,training/notflip/0006_000000024,notflip/0006,ENV-01,0.026881079184259044,16,0.12171923321759252,2.993200284458302,0.0035165895061728394,0.1987879042245362,0.021236979166666666,0.23710398375988007,0.9786769151687622,0.9997023940086365,0.30053648352622986,0,1,1,0
testing/notflip/0031_000000015,notflip/0031,15,ENV-03,0,training/flip/0018_000000016,flip/0018,ENV-02,0.03248423030591391,16,0.23596295244984555,3.3546050074165996,0.0018253279320987654,0.19872286882715973,0.021371045524691358,0.24330639839172363,0.9807254672050476,0.9996914863586426,0.21659915149211884,0,1,1,0
testing/notflip/0031_000000016,notflip/0031,16,ENV-03,0,training/notflip/0015_000000001,notflip/0015,ENV-02,0.06036239257988946,16,0.2078330547839499,5.020878563478134,0.009270351080246913,0.19881589756944373,0.02156298225308642,0.23405413329601288,0.9789011478424072,0.9996683597564697,0.15902692079544067,0,1,1,0
testing/notflip/0031_000000017,notflip/0031,17,ENV-03,0,training/flip/0011_000000018,flip/0011,ENV-02,0.04456303466759258,16,0.18421606780478333,4.53736580600209,0.00918161651234568,0.1987871003086412,0.02127218364197531,0.2346539944410324,0.9776501655578613,0.9996472597122192,0.26551881432533264,0,1,1,0
training/notflip/0031_000000018,notflip/0031,18,ENV-03,0,training/flip/0015_000000018,flip/0015,ENV-02,0.04397171639877088,16,0.21451966753472088,4.5373658060020885,0.00271556712962963,0.19864039130015362,0.02107735339506173,0.25003618001937866,0.9786376357078552,0.9996718168258667,0.4347355365753174,0,1,1,0
testing/notflip/0031_000000019,notflip/0031,19,ENV-03,0,training/notflip/0008_000000005,notflip/0008,ENV-01,0.0394789185226022,16,0.22322671576003095,4.139536137687958,0.009398148148148149,0.19872394540894991,0.020788483796296296,0.24951748549938202,0.9783808588981628,0.9996598958969116,0.25648534297943115,0,1,1,0
testing/notflip/0031_000000020,notflip/0031,20,ENV-03,0,training/flip/0015_000000020,flip/0015,ENV-02,0.050692126037890334,16,0.17309567717978436,4.931868323259564,0.003717206790123457,0.19892384374999933,0.020433063271604938,0.24748830497264862,0.9774731397628784,0.9996448755264282,0.42653223872184753,0,1,1,0
training/notflip/0031_000000021,notflip/0031,21,ENV-03,0,training/flip/0030_000000005,flip/0030,ENV-02,0.034478813978981636,16,0.23305008410493652,3.3546050074166023,0.003050733024691358,0.19844229311342523,0.020318287037037037,0.25832313299179077,0.9780729413032532,0.999647855758667,0.1563606709241867,0,1,1,0
training/notflip/0031_000000022,notflip/0031,22,ENV-03,0,training/flip/0011_000000015,flip/0011,ENV-02,0.03714066159608008,16,0.24926829822530858,4.109890269382968,0.0032884837962962963,0.19854198379629565,0.019837962962962963,0.25085312128067017,0.9795956015586853,0.999687671661377,0.2689598500728607,0,1,1,0
training/notflip/0031_000000023,notflip/0031,23,ENV-03,0,training/notflip/0015_000000001,notflip/0015,ENV-02,0.06131246266313591,16,0.20162188435570935,5.09972143751482,0.009340760030864198,0.19883197646604864,0.019976851851851853,0.23250460624694824,0.9794858694076538,0.9996989965438843,0.17827923595905304,0,1,1,0
training/notflip/0031_000000024,notflip/0031,24,ENV-03,0,training/flip/0021_000000022,flip/0021,ENV-02,0.04645240735317418,16,0.16665560648148187,4.5373658060020885,0.0035325038580246914,0.1986165707947524,0.01972511574074074,0.22359924018383026,0.9776749014854431,0.9996200799942017,0.24935822188854218,0,1,1,0
training/notflip/0031_000000025,notflip/0031,25,ENV-03,0,training/flip/0016_000000016,flip/0016,ENV-02,0.04912013822401502,16,0.14475218084490796,4.981007169595118,0.0026726466049382717,0.1984140636574067,0.01958670910493827,0.22929133474826813,0.9777592420578003,0.9996115565299988,0.473149836063385,0,1,1,0
training/notflip/0031_000000026,notflip/0031,26,ENV-03,0,training/flip/0017_000000018,flip/0017,ENV-02,0.049649050972886154,16,0.23282858188657318,4.304756945748214,0.003326099537037037,0.19820482320601776,0.018917824074074073,0.2199001908302307,0.9763374328613281,0.9996044039726257,0.20676426589488983,0,1,1,0
training/notflip/0031_000000027,notflip/0031,27,ENV-03,0,training/notflip/0015_000000017,notflip/0015,ENV-02,0.061862900891050274,16,0.20141675578703616,5.09972143751482,0.00857542438271605,0.1983788409529314,0.018682966820987655,0.21303081512451172,0.976722776889801,0.9996090531349182,0.20959512889385223,0,1,1,0
training/notflip/0031_000000028,notflip/0031,28,ENV-03,0,training/notflip/0015_000000006,notflip/0015,ENV-02,0.06603897174745639,16,0.2107433461612649,5.283323206850215,0.008625096450617284,0.19845283198302405,0.018444251543209878,0.21056602895259857,0.9780768156051636,0.9996497631072998,0.17441290616989136,0,1,1,0
training/notflip/0031_000000029,notflip/0031,29,ENV-03,0,training/notflip/0015_000000012,notflip/0015,ENV-02,0.06551994257748724,16,0.21371444859182054,5.578708683783676,0.008505015432098766,0.19760290316357956,0.01830488040123457,0.17363987863063812,0.9715712070465088,0.9995332956314087,0.18824738264083862,0,1,1,0
training/notflip/0031_000000030,notflip/0031,30,ENV-03,0,training/flip/0011_000000022,flip/0011,ENV-02,0.05734302937246632,16,0.1561544161844132,5.753846377136157,0.008375289351851853,0.19795598254243765,0.01822096836419753,0.18127678334712982,0.9716522097587585,0.9995991587638855,0.33732306957244873,0,1,1,0
training/notflip/0032_000000001,notflip/0032,1,ENV-03,0,training/flip/0013_000000019,flip/0013,ENV-02,0.03381692939096638,16,0.2419520502507712,3.7175508651879747,0.0029991319444444445,0.19429422125771476,0.023390239197530863,0.23838458955287933,0.9806489944458008,0.9998007416725159,0.23667584359645844,0,1,1,0
training/notflip/0032_000000002,notflip/0032,2,ENV-03,0,training/notflip/0015_000000009,notflip/0015,ENV-02,0.05584630752714034,16,0.21328362914737553,4.1660839728234595,0.004637345679012346,0.1949261946373444,0.024307484567901234,0.22939945757389069,0.9788269996643066,0.9997805953025818,0.1182851642370224,0,1,1,0
testing/notflip/0032_000000003,notflip/0032,3,ENV-03,0,training/flip/0022_000000015,flip/0022,ENV-02,0.03484141838940072,16,0.24458318566743745,3.7175508651879747,0.0031732253086419753,0.19493381684027647,0.025570987654320986,0.21619610488414764,0.9774569869041443,0.9997567534446716,0.18685215711593628,0,1,1,0
training/notflip/0032_000000004,notflip/0032,4,ENV-03,0,training/flip/0054_000000014,flip/0054,ENV-04,0.03247011870220825,16,0.17156933150077103,2.5498607187574165,0.008294753086419753,0.19478092640817773,0.02677613811728395,0.17842839658260345,0.9758406281471252,0.9997658133506775,0.9301013350486755,0,1,1,1
training/notflip/0032_000000005,notflip/0032,5,ENV-03,0,training/notflip/0049_000000013,notflip/0049,ENV-04,0.028084172181828005,16,0.15557872125771532,2.0518353442180874,0.002117573302469136,0.19517233400848644,0.02700906635802469,0.14216642081737518,0.9672689437866211,0.9997270703315735,0.6004955172538757,0,1,1,1
training/notflip/0032_000000006,notflip/0032,6,ENV-03,0,training/flip/0021_000000023,flip/0021,ENV-02,0.03836143402010396,16,0.19461768614969044,3.717550865187976,0.0030266203703703705,0.1948919158950605,0.026872106481481483,0.12480750679969788,0.9680496454238892,0.999728262424469,0.09856367111206055,0,1,1,0
testing/notflip/0032_000000007,notflip/0032,7,ENV-03,0,training/flip/0016_000000018,flip/0016,ENV-02,0.04240437251964747,16,0.08828676880787031,4.166083972823462,0.002701099537037037,0.19527616965663455,0.02578125,0.13319969177246094,0.971808135509491,0.9997236132621765,0.17483624815940857,0,1,1,0
testing/notflip/0032_000000008,notflip/0032,8,ENV-03,0,training/flip/0012_000000020,flip/0012,ENV-02,0.03787223772746368,16,0.20741851957947488,4.109890269382968,0.0032253086419753085,0.19484588802083208,0.025575810185185184,0.15303418040275574,0.9737450480461121,0.9997430443763733,0.12505914270877838,0,1,1,0
training/notflip/0032_000000009,notflip/0032,9,ENV-03,0,training/flip/0030_000000010,flip/0030,ENV-02,0.02569930850749586,16,0.23917777478780886,2.54986071875741,0.002109375,0.19493409423225183,0.025231963734567903,0.14564161002635956,0.9715681672096252,0.999652624130249,0.09367701411247253,0,1,1,0
testing/notflip/0032_000000010,notflip/0032,10,ENV-03,0,training/flip/0011_000000019,flip/0011,ENV-02,0.03864394073074735,16,0.2325984520640417,4.018393733648171,0.0027469135802469136,0.1950478456790111,0.02532841435185185,0.120342917740345,0.9601420164108276,0.9995643496513367,0.10364100337028503,0,1,1,0
training/notflip/0032_000000011,notflip/0032,11,ENV-03,0,training/notflip/0008_000000001,notflip/0008,ENV-01,0.030856886879766236,16,0.13077154369212962,2.9932002844583088,0.003676215277777778,0.19549239429012222,0.022451774691358024,0.12154296785593033,0.9633318781852722,0.9994915723800659,0.1534709334373474,0,1,1,0
training/notflip/0032_000000012,notflip/0032,12,ENV-03,0,training/notflip/0015_000000015,notflip/0015,ENV-02,0.05296946830902796,16,0.2307814833140438,3.824791078136127,0.0027464313271604937,0.19547954311342475,0.018663676697530864,0.1286294013261795,0.9619152545928955,0.9994142055511475,0.09141489118337631,0,1,1,0
training/notflip/0032_000000013,notflip/0032,13,ENV-03,0,training/notflip/0015_000000015,notflip/0015,ENV-02,0.05405685373270338,16,0.19606577729552516,4.018393733648166,0.0028153935185185187,0.19508738628472105,0.01585841049382716,0.14195780456066132,0.9557311534881592,0.9994812607765198,0.13181817531585693,0,1,1,0
training/notflip/0032_000000014,notflip/0032,14,ENV-03,0,training/flip/0017_000000018,flip/0017,ENV-02,0.043473991063901735,16,0.18325651784336483,3.3546050074166094,0.002728105709876543,0.19394649855323956,0.013558545524691358,0.15456408262252808,0.9519249200820923,0.9995087385177612,0.1854330450296402,0,1,1,0
testing/notflip/0032_000000015,notflip/0032,15,ENV-03,0,training/flip/0022_000000013,flip/0022,ENV-02,0.03496988438742715,16,0.2673451875964494,3.7175508651879747,0.0035069444444444445,0.19351246836419636,0.011819540895061728,0.14982999861240387,0.9425204992294312,0.9994219541549683,0.23260636627674103,0,1,1,0
training/notflip/0032_000000016,notflip/0032,16,ENV-03,0,training/notflip/0015_000000007,notflip/0015,ENV-02,0.0639572122310005,16,0.19748650337577117,5.0208785634781306,0.004434317129629629,0.19310411352237533,0.011146797839506173,0.1356055736541748,0.9294049143791199,0.9991024732589722,0.14869077503681183,0,1,1,0
training/notflip/0032_000000017,notflip/0032,17,ENV-03,0,training/flip/0015_000000020,flip/0015,ENV-02,0.05267397196695104,16,0.2182543594714496,4.5373658060020885,0.003916377314814815,0.19240292081404212,0.010366030092592593,0.10214172303676605,0.9086427688598633,0.9984461665153503,0.3326452970504761,0,1,1,0
training/notflip/0032_000000018,notflip/0032,18,ENV-03,0,training/notflip/0015_000000001,notflip/0015,ENV-02,0.06617653707568047,16,0.22925157696759263,5.283323206850206,0.004517746913580247,0.19220109789737566,0.009088541666666667,0.07018543034791946,0.8897005319595337,0.997873067855835,0.1017812043428421,0,1,1,0
training/notflip/0032_000000019,notflip/0032,19,ENV-03,0,training/flip/0014_000000017,flip/0014,ENV-02,0.03815608067895895,16,0.2164468175154307,4.109890269382968,0.003388792438271605,0.1913771681134251,0.009449749228395062,0.057758767157793045,0.8770095109939575,0.99781334400177,0.25881779193878174,0,1,1,0
training/notflip/0032_000000020,notflip/0032,20,ENV-03,0,training/notflip/0005_000000013,notflip/0005,ENV-01,0.037464960111107,16,0.20625855555555517,3.3901605003671618,0.0029865933641975307,0.19084210908564722,0.009514371141975309,0.04205373302102089,0.85182785987854,0.9974061846733093,0.10920929908752441,0,1,1,0
training/notflip/0032_000000021,notflip/0032,21,ENV-03,0,training/notflip/0005_000000006,notflip/0005,ENV-01,0.05043386425590724,16,0.17374945408950546,4.628021222611885,0.009295428240740741,0.19031356249999906,0.01015673225308642,0.03616917133331299,0.8392170667648315,0.9974607229232788,0.07220657914876938,0,1,1,0
training/notflip/0032_000000022,notflip/0032,22,ENV-03,0,training/flip/0013_000000019,flip/0013,ENV-02,0.052339993568553185,16,0.17194695765817902,4.981007169595121,0.004507137345679012,0.1897233980516967,0.010168306327160493,0.03338903933763504,0.8371043801307678,0.9974135756492615,0.10601522028446198,0,1,1,0
training/notflip/0032_000000023,notflip/0032,23,ENV-03,0,training/notflip/0015_000000013,notflip/0015,ENV-02,0.07402157363250361,16,0.18404139332561587,6.277028755231869,0.008876832561728396,0.18977016589506088,0.010012538580246914,0.03182421624660492,0.8270701766014099,0.9972748160362244,0.07720910757780075,0,1,1,0
training/notflip/0032_000000024,notflip/0032,24,ENV-03,0,training/notflip/0006_000000004,notflip/0006,ENV-01,0.054767149109648715,16,0.16936651282793158,5.344451868068307,0.01540895061728395,0.189515087480709,0.010113329475308642,0.029722219333052635,0.8217681050300598,0.9970139265060425,0.08948449790477753,0,1,1,0
training/notflip/0032_000000025,notflip/0032,25,ENV-03,0,training/flip/0033_000000023,flip/0033,ENV-02,0.028748944430667722,16,0.22767097289737612,2.8989612372627955,0.003580246913580247,0.18964402343749923,0.010355902777777778,0.030356762930750847,0.8161299228668213,0.996857762336731,0.008854629471898079,0,1,1,0
training/notflip/0032_000000026,notflip/0032,26,ENV-03,0,training/flip/0015_000000024,flip/0015,ENV-02,0.06859814722342253,16,0.16938436024305545,6.178720258131109,0.004958526234567901,0.18906508053626475,0.010392071759259259,0.028789404779672623,0.8002709150314331,0.9963663816452026,0.23874521255493164,0,1,1,0
training/notflip/0032_000000027,notflip/0032,27,ENV-03,0,training/flip/0019_000000024,flip/0019,ENV-02,0.052495618229980626,16,0.20452595823688216,4.628021222611884,0.0026957947530864197,0.18904457880015363,0.010402199074074074,0.03233763948082924,0.8420790433883667,0.9971791505813599,0.1068943440914154,0,1,1,0
training/notflip/0032_000000028,notflip/0032,28,ENV-03,0,training/notflip/0015_000000012,notflip/0015,ENV-02,0.07540975589301493,16,0.19034290007715934,6.5521305588329115,0.007712191358024692,0.18888429301697468,0.010317322530864198,0.03054439090192318,0.8385009765625,0.9970290064811707,0.07543977349996567,0,1,1,0
testing/notflip/0032_000000029,notflip/0032,29,ENV-03,0,training/notflip/0009_000000014,notflip/0009,ENV-01,0.03721669922930551,16,0.22850524160879526,3.785677862194622,0.0033130787037037035,0.18880449064428953,0.010382908950617284,0.028397032991051674,0.8244655728340149,0.9967774748802185,0.03935138136148453,0,1,1,0
training/notflip/0032_000000030,notflip/0032,30,ENV-03,0,training/flip/0017_000000005,flip/0017,ENV-02,0.04346170449253052,16,0.17148037403549424,3.269125383315365,0.0013421103395061728,0.18920837085262296,0.010570023148148148,0.028891710564494133,0.8016694784164429,0.9963711500167847,0.0772799402475357,0,1,1,0
training/notflip/0033_000000001,notflip/0033,1,ENV-03,0,training/notflip/0015_000000014,notflip/0015,ENV-02,0.050617176358115835,16,0.21726910001929023,4.3047569457482355,0.0017365933641975309,0.1771545470679022,0.019808063271604937,0.07553994655609131,0.9410950541496277,0.9998517036437988,0.22221443057060242,0,1,1,0
testing/notflip/0033_000000002,notflip/0033,2,ENV-03,0,training/flip/0030_000000011,flip/0030,ENV-02,0.025444904784468515,16,0.17286467303240902,2.2591606907445922,0.0005941358024691358,0.1765304515817911,0.019233217592592593,0.06562282890081406,0.9307742714881897,0.9998443126678467,0.16064783930778503,0,1,1,0
training/notflip/0033_000000003,notflip/0033,3,ENV-03,0,training/notflip/0006_000000001,notflip/0006,ENV-01,0.03572896869073328,16,0.20589565673225238,4.139536137687954,0.004231770833333333,0.17660693045910586,0.017101658950617285,0.05550212413072586,0.9148236513137817,0.9998155236244202,0.11796265840530396,0,1,1,0
training/notflip/0033_000000004,notflip/0033,4,ENV-03,0,training/flip/0016_000000019,flip/0016,ENV-02,0.05229653791216721,16,0.18816225270061646,5.578708683783677,0.0013797260802469137,0.1764593306327169,0.014676408179012345,0.045132189989089966,0.9009150266647339,0.9997962117195129,0.26628321409225464,0,1,1,0
testing/notflip/0033_000000005,notflip/0033,5,ENV-03,0,training/notflip/0015_000000013,notflip/0015,ENV-02,0.059263796620795936,16,0.21288844309413754,5.283323206850215,0.003463541666666667,0.1764470873842599,0.012233796296296296,0.04021462798118591,0.8852046132087708,0.99977046251297,0.13330893218517303,0,1,1,0
testing/notflip/0033_000000006,notflip/0033,6,ENV-03,0,training/flip/0016_000000005,flip/0016,ENV-02,0.03205297279845633,16,0.17332218325617377,4.1660839728234595,0.0006872106481481482,0.17591424382716114,0.011471836419753086,0.0434892363846302,0.8715325593948364,0.9997228980064392,0.404782772064209,0,1,1,0
training/notflip/0033_000000007,notflip/0033,7,ENV-03,0,training/flip/0013_000000023,flip/0013,ENV-02,0.0430802905157891,16,0.17060120052083122,4.981007169595118,0.002163869598765432,0.17564837982253134,0.010250289351851852,0.049091361463069916,0.8796620965003967,0.9997277855873108,0.21507610380649567,0,1,1,0
testing/notflip/0033_000000008,notflip/0033,8,ENV-03,0,training/flip/0013_000000020,flip/0013,ENV-02,0.04368407103648345,16,0.18609227642746673,4.981007169595118,0.0017544367283950618,0.17450461651234622,0.008726369598765433,0.05465662106871605,0.8762571811676025,0.9996581077575684,0.20000450313091278,0,1,1,0
training/notflip/0033_000000009,notflip/0033,9,ENV-03,0,training/flip/0019_000000022,flip/0019,ENV-02,0.03740677293290191,16,0.21990799778163375,3.824791078136127,0.0006544174382716049,0.17533276977237755,0.007912808641975308,0.06818580627441406,0.8845035433769226,0.9996449947357178,0.2555038332939148,0,1,1,0
training/notflip/0033_000000010,notflip/0033,10,ENV-03,0,training/notflip/0011_000000002,notflip/0011,ENV-01,0.03618800694039361,16,0.1488141208526248,4.109890269382968,0.003714313271604938,0.17486426282793308,0.007167245370370371,0.0775853842496872,0.8799334764480591,0.9996179342269897,0.21424707770347595,0,1,1,0
training/notflip/0033_000000011,notflip/0033,11,ENV-03,0,training/flip/0030_000000020,flip/0030,ENV-02,0.037184477166047294,16,0.20995292390046186,3.522215471233474,0.002320601851851852,0.17389672511574192,0.006531153549382716,0.09339024871587753,0.8755601048469543,0.9995877146720886,0.11940492689609528,0,1,1,0
training/notflip/0033_000000012,notflip/0033,12,ENV-03,0,training/flip/0016_000000015,flip/0016,ENV-02,0.04663095290092381,16,0.22181806086033828,5.357843626105899,0.001564429012345679,0.1745249110725322,0.006122685185185185,0.11503168940544128,0.8777915835380554,0.9995755553245544,0.564364492893219,0,1,1,1
training/notflip/0033_000000013,notflip/0033,13,ENV-03,0,training/flip/0021_000000025,flip/0021,ENV-02,0.0574777287350743,16,0.14870455854552442,5.5253478195439625,0.0030729166666666665,0.17432867322531023,0.006156925154320988,0.13157770037651062,0.8880178928375244,0.9995999932289124,0.40734657645225525,0,1,1,0
training/notflip/0033_000000014,notflip/0033,14,ENV-03,0,training/notflip/0015_000000014,notflip/0015,ENV-02,0.06605843164829434,16,0.23295382368827205,5.5253478195439625,0.0037075617283950616,0.17443223273534098,0.006520543981481481,0.13606663048267365,0.8858707547187805,0.9995899796485901,0.3349570333957672,0,1,1,0
testing/notflip/0033_000000015,notflip/0033,15,ENV-03,0,training/flip/0018_000000006,flip/0018,ENV-02,0.033544912189543016,16,0.16319796141975187,3.031628108449798,0.0006548996913580247,0.17459247434413724,0.00689429012345679,0.14989601075649261,0.8951005935668945,0.9996196031570435,0.4312233626842499,0,1,1,0
training/notflip/0033_000000016,notflip/0033,16,ENV-03,0,training/notflip/0015_000000006,notflip/0015,ENV-02,0.06744793486808055,16,0.22520005565200651,5.525347819543973,0.003154417438271605,0.1752244068287051,0.007039930555555555,0.15578556060791016,0.9025271534919739,0.9996576309204102,0.4046247601509094,0,1,1,0
training/notflip/0033_000000017,notflip/0033,17,ENV-03,0,training/flip/0017_000000018,flip/0017,ENV-02,0.05125224858084678,16,0.1873765225694455,4.616629524490738,0.0010802469135802468,0.17541914486882848,0.007133005401234568,0.16570764780044556,0.9113318920135498,0.999705970287323,0.46453389525413513,0,1,1,0
training/notflip/0033_000000018,notflip/0033,18,ENV-03,0,training/flip/0030_000000011,flip/0030,ENV-02,0.0360201624184841,16,0.1907657413194436,3.2691253833153637,0.0011241319444444445,0.17608757243441467,0.007199074074074074,0.17959775030612946,0.925020158290863,0.9997292160987854,0.35135531425476074,0,1,1,0
testing/notflip/0033_000000019,notflip/0033,19,ENV-03,0,training/flip/0015_000000022,flip/0015,ENV-02,0.05577517899236127,16,0.22016827854938173,5.357843626105901,0.0028428819444444443,0.17558105787037148,0.007533757716049382,0.17983253300189972,0.9302253723144531,0.9997385144233704,0.8061069846153259,0,1,1,1
training/notflip/0033_000000020,notflip/0033,20,ENV-03,0,training/flip/0017_000000006,flip/0017,ENV-02,0.03244541184732557,16,0.1774398298611093,2.898961237262796,0.0028983410493827163,0.17592732436342695,0.007915702160493827,0.19078302383422852,0.9337024688720703,0.999757707118988,0.6787770390510559,0,1,1,1
training/notflip/0033_000000021,notflip/0033,21,ENV-03,0,training/notflip/0015_000000019,notflip/0015,ENV-02,0.059418526381032684,16,0.19451734953703664,5.30744483550922,0.0013922646604938272,0.176484409529322,0.00779224537037037,0.20617327094078064,0.942601203918457,0.9997726082801819,0.6300265192985535,0,1,1,1
training/notflip/0033_000000022,notflip/0033,22,ENV-03,0,training/notflip/0015_000000011,notflip/0015,ENV-02,0.06341796214933353,16,0.2127842263695988,5.5253478195439625,0.0026822916666666666,0.17572017293595785,0.007572337962962963,0.23413485288619995,0.9498848915100098,0.9998043179512024,0.5909740328788757,0,1,1,1
training/notflip/0033_000000023,notflip/0033,23,ENV-03,0,training/flip/0012_000000019,flip/0012,ENV-02,0.04244012819678385,16,0.20340068721064627,4.5373658060020885,0.0020572916666666665,0.175035189814816,0.007815875771604938,0.24699746072292328,0.953275203704834,0.9998086094856262,0.7381749749183655,0,1,1,1
training/notflip/0033_000000024,notflip/0033,24,ENV-03,0,training/flip/0012_000000018,flip/0012,ENV-02,0.03982916903809928,16,0.2089301304012341,4.109890269382969,0.0014183063271604938,0.17581121778549505,0.007713638117283951,0.2595682442188263,0.95475834608078,0.9998218417167664,0.746867299079895,0,1,1,1
testing/notflip/0033_000000025,notflip/0033,25,ENV-03,0,training/flip/0016_000000017,flip/0016,ENV-02,0.04687634475175039,16,0.23731599720293042,4.981007169595122,0.0009495563271604938,0.1755735190007728,0.007536651234567901,0.28718042373657227,0.9613833427429199,0.9998366832733154,0.9089314341545105,0,1,1,1
training/notflip/0033_000000026,notflip/0033,26,ENV-03,0,training/notflip/0015_000000013,notflip/0015,ENV-02,0.062036323465186276,16,0.18851803317901206,5.525347819543962,0.0025940393518518517,0.17505674064429122,0.007106481481481482,0.31455206871032715,0.9672613739967346,0.9998483657836914,0.7388895750045776,0,1,1,1
testing/notflip/0033_000000027,notflip/0033,27,ENV-03,0,training/flip/0015_000000024,flip/0015,ENV-02,0.055743508078587016,16,0.24808551504629683,5.578708683783676,0.001976755401234568,0.17505415808256286,0.007151331018518519,0.3369268476963043,0.9704968333244324,0.9998575448989868,0.923495888710022,0,1,1,1
training/notflip/0033_000000028,notflip/0033,28,ENV-03,0,training/flip/0030_000000028,flip/0030,ENV-02,0.027574835601825186,16,0.12188354021990781,2.7626739097719755,0.0010590277777777779,0.17528529320987773,0.007367862654320987,0.34277281165122986,0.971022367477417,0.9998605251312256,0.5632811188697815,0,1,1,1
training/notflip/0033_000000029,notflip/0033,29,ENV-03,0,training/flip/0013_000000020,flip/0013,ENV-02,0.04173370209592563,16,0.21746190055941306,4.628021222611879,0.001388406635802469,0.174546591820989,0.008061342592592592,0.36043423414230347,0.9730892181396484,0.9998713731765747,0.8423118591308594,0,1,1,1
training/notflip/0033_000000030,notflip/0033,30,ENV-03,0,training/notflip/0015_000000023,notflip/0015,ENV-02,0.0484372755768548,16,0.1598990514081797,4.796784642026368,0.0007663001543209877,0.17226442708333428,0.007891589506172839,0.3853949308395386,0.9763405919075012,0.9998773336410522,0.863360583782196,0,1,1,1
training/notflip/0034_000000001,notflip/0034,1,ENV-03,0,training/flip/0060_000000015,flip/0060,ENV-04,0.035570833105708216,16,0.24314042361111146,3.0316281084497905,0.014565489969135802,0.1898450506365732,0.015736882716049384,0.16628392040729523,0.9732396006584167,0.9998162388801575,0.8462509512901306,0,1,1,1
training/notflip/0034_000000002,notflip/0034,2,ENV-03,0,training/flip/0064_000000019,flip/0064,ENV-04,0.041556515112621525,16,0.23602597019675997,3.4717730127946522,0.014514853395061728,0.18895537374614105,0.011762152777777778,0.15412159264087677,0.9693605899810791,0.9997890591621399,0.8752743005752563,0,1,1,1
training/notflip/0034_000000003,notflip/0034,3,ENV-03,0,training/flip/0016_000000021,flip/0016,ENV-02,0.043231250879129844,16,0.16924375250771603,4.537365806002091,0.0014231288580246913,0.18953958342978358,0.01072241512345679,0.13414189219474792,0.9550334811210632,0.9996703863143921,0.5674508213996887,0,1,1,1
training/notflip/0034_000000004,notflip/0034,4,ENV-03,0,training/flip/0011_000000021,flip/0011,ENV-02,0.041317982655862756,16,0.2165310323109562,4.523982264455884,0.0017341820987654322,0.18939765788966062,0.00972511574074074,0.11605428904294968,0.9302665591239929,0.9995438456535339,0.3199803829193115,0,1,1,0
training/notflip/0034_000000005,notflip/0034,5,ENV-03,0,training/notflip/0015_000000009,notflip/0015,ENV-02,0.05534811261833215,16,0.24097576765046394,5.0208785634781306,0.0032021604938271605,0.18845009124228385,0.008665605709876543,0.08344943076372147,0.8910459876060486,0.9992483258247375,0.17567652463912964,0,1,1,0
training/notflip/0034_000000006,notflip/0034,6,ENV-03,0,training/notflip/0015_000000022,notflip/0015,ENV-02,0.046879438480713076,16,0.21051874807098778,4.018393733648166,0.0011381172839506173,0.19024587239583324,0.008561439043209877,0.07112320512533188,0.8493509888648987,0.9990513920783997,0.17228861153125763,0,1,1,0
training/notflip/0034_000000007,notflip/0034,7,ENV-03,0,training/notflip/0008_000000003,notflip/0008,ENV-01,0.03533813812138807,16,0.19054707928240666,3.785677862194627,0.0032397762345679013,0.1880645376157403,0.009260706018518519,0.0625486895442009,0.8151295185089111,0.9989315867424011,0.14877381920814514,0,1,1,0
testing/notflip/0034_000000008,notflip/0034,8,ENV-03,0,training/flip/0021_000000024,flip/0021,ENV-02,0.050338337499463995,16,0.20945283940972073,5.283323206850215,0.002029320987654321,0.18623040605709826,0.008856095679012346,0.05582693591713905,0.7803860306739807,0.998777449131012,0.20767991244792938,0,1,1,0
training/notflip/0034_000000009,notflip/0034,9,ENV-03,0,training/flip/0016_000000016,flip/0016,ENV-02,0.05058445654600521,16,0.20493067013888813,5.436858460969151,0.0021141975308641976,0.18600969261188216,0.008895158179012345,0.0477309413254261,0.7418367266654968,0.9986671209335327,0.39009639620780945,0,1,1,0
training/notflip/0034_000000010,notflip/0034,10,ENV-03,0,training/flip/0013_000000018,flip/0013,ENV-02,0.045683014953659944,16,0.14483409587191376,4.981007169595118,0.00228491512345679,0.1856725035686724,0.008797260802469136,0.047801364213228226,0.7222949862480164,0.9985620379447937,0.1914607435464859,0,1,1,0
training/notflip/0034_000000011,notflip/0034,11,ENV-03,0,training/flip/0016_000000017,flip/0016,ENV-02,0.053344144443306485,16,0.20455470119598634,5.578708683783677,0.002789351851851852,0.18510518470293166,0.008598572530864197,0.04973440244793892,0.7209349274635315,0.9986228942871094,0.46453970670700073,0,1,1,0
training/notflip/0034_000000012,notflip/0034,12,ENV-03,0,training/flip/0030_000000018,flip/0030,ENV-02,0.04021073405964043,16,0.1871788109567912,3.8247910781361156,0.0019497492283950617,0.18365703491512317,0.008288001543209876,0.054628338664770126,0.712558925151825,0.9985613226890564,0.07928920537233353,0,1,1,0
training/notflip/0034_000000013,notflip/0034,13,ENV-03,0,training/notflip/0005_000000004,notflip/0005,ENV-01,0.047136744574576325,16,0.141756910397377,4.537365806002091,0.011096643518518518,0.1826489105902776,0.008441840277777777,0.05880212038755417,0.7340080738067627,0.9986397624015808,0.16588804125785828,0,1,1,0
training/notflip/0034_000000014,notflip/0034,14,ENV-03,0,training/flip/0012_000000018,flip/0012,ENV-02,0.04700342570054766,16,0.15369213069058657,4.981007169595123,0.002749807098765432,0.18275727758487645,0.008381558641975309,0.062467318028211594,0.756496787071228,0.9988019466400146,0.29872533679008484,0,1,1,0
training/notflip/0034_000000015,notflip/0034,15,ENV-03,0,training/notflip/0007_000000003,notflip/0007,ENV-01,0.0381022748394468,16,0.171702253954475,3.717550865187977,0.003927951388888889,0.1829171030092592,0.00867139274691358,0.06894538551568985,0.7598448991775513,0.9988135099411011,0.2146710604429245,0,1,1,0
training/notflip/0034_000000016,notflip/0034,16,ENV-03,0,training/notflip/0008_000000010,notflip/0008,ENV-01,0.04367642653568084,16,0.20355181722608162,4.537365806002091,0.003369020061728395,0.18420985165895062,0.00793016975308642,0.08311807364225388,0.7950385212898254,0.999053418636322,0.2485075294971466,0,1,1,0
testing/notflip/0034_000000017,notflip/0034,17,ENV-03,0,training/flip/0016_000000019,flip/0016,ENV-02,0.06331564987403351,16,0.13768240557484612,6.709210014833205,0.003763985339506173,0.18480695437885808,0.007981770833333334,0.09276489913463593,0.8133722543716431,0.9990610480308533,0.6347615122795105,0,1,1,1
training/notflip/0034_000000018,notflip/0034,18,ENV-03,0,training/flip/0014_000000017,flip/0014,ENV-02,0.03588664767531053,16,0.19907403076774627,4.166083972823464,0.0014684606481481482,0.1821625407021605,0.007858314043209877,0.11518016457557678,0.84816974401474,0.9992701411247253,0.6077988147735596,0,1,1,1
training/notflip/0034_000000019,notflip/0034,19,ENV-03,0,training/flip/0022_000000018,flip/0022,ENV-02,0.05174593025926131,16,0.18467006770833352,5.436858460969151,0.004285300925925926,0.18236143084490744,0.007344714506172839,0.11811678856611252,0.8616530895233154,0.9994171857833862,0.47717419266700745,0,1,1,0
training/notflip/0034_000000020,notflip/0034,20,ENV-03,0,training/notflip/0015_000000010,notflip/0015,ENV-02,0.06946183785069973,16,0.20169059384645127,6.277028755231864,0.00464795524691358,0.18237716271219143,0.007496141975308642,0.1157732605934143,0.8635342121124268,0.9994593262672424,0.4046863913536072,0,1,1,0
training/notflip/0034_000000021,notflip/0034,21,ENV-03,0,training/flip/0015_000000022,flip/0015,ENV-02,0.06030628406929439,16,0.17571077102623314,6.374651796893532,0.0029986496913580246,0.1825358708526235,0.00775318287037037,0.13881397247314453,0.8929718732833862,0.9995725750923157,0.8098121285438538,0,1,1,1
training/notflip/0034_000000022,notflip/0034,22,ENV-03,0,training/notflip/0015_000000024,notflip/0015,ENV-02,0.04964565751367722,16,0.16416648360339411,4.3047569457482275,0.0011535493827160494,0.18140322743055565,0.007172067901234568,0.1516249179840088,0.8984338045120239,0.9995970129966736,0.5742074251174927,0,1,1,1
training/notflip/0034_000000023,notflip/0034,23,ENV-03,0,training/flip/0016_000000003,flip/0016,ENV-02,0.03916308461907658,16,0.1761036151620376,4.3047569457482275,0.0012321566358024691,0.18091352179783995,0.007158082561728395,0.1695414036512375,0.90498948097229,0.9994726777076721,0.8749469518661499,0,1,1,1
training/notflip/0034_000000024,notflip/0034,24,ENV-03,0,training/notflip/0005_000000004,notflip/0005,ENV-01,0.04547617898913682,16,0.13163373032407422,4.537365806002091,0.011546585648148148,0.1807393624614202,0.006928530092592593,0.1847161054611206,0.908491313457489,0.9994943141937256,0.553774893283844,0,1,1,1
testing/notflip/0034_000000025,notflip/0034,25,ENV-03,0,training/notflip/0015_000000007,notflip/0015,ENV-02,0.06886256344233009,16,0.201618929880402,6.277028755231863,0.00423707561728395,0.18149361226851884,0.006995563271604938,0.19453062117099762,0.912334144115448,0.9995118379592896,0.5554541349411011,0,1,1,1
training/notflip/0034_000000026,notflip/0034,26,ENV-03,0,training/notflip/0015_000000010,notflip/0015,ENV-02,0.06815307649810298,16,0.21213172212577194,6.277028755231864,0.00431616512345679,0.18131764814814838,0.006872588734567901,0.2136099487543106,0.9171973466873169,0.9995599389076233,0.576215386390686,0,1,1,1
training/notflip/0034_000000027,notflip/0034,27,ENV-03,0,training/flip/0030_000000013,flip/0030,ENV-02,0.039023795997995755,16,0.21009982523148157,3.824791078136109,0.0010445601851851853,0.18057452893518555,0.006729841820987654,0.23308788239955902,0.9263656735420227,0.9995942711830139,0.43558797240257263,0,1,1,0
training/notflip/0034_000000028,notflip/0034,28,ENV-03,0,training/flip/0021_000000023,flip/0021,ENV-02,0.05242167595839188,16,0.21293320920138772,5.2833232068502145,0.002242476851851852,0.1795851638695991,0.006137152777777778,0.2510894238948822,0.9310433864593506,0.9995895028114319,0.6828258037567139,0,1,1,1
training/notflip/0034_000000029,notflip/0034,29,ENV-03,0,training/notflip/0015_000000011,notflip/0015,ENV-02,0.06877187424397344,16,0.21525233757716072,6.277028755231864,0.004542824074074074,0.18022068557098794,0.0061525848765432095,0.2780449092388153,0.9384702444076538,0.9996172189712524,0.6428073644638062,0,1,1,1
testing/notflip/0034_000000030,notflip/0034,30,ENV-03,0,training/flip/0016_000000018,flip/0016,ENV-02,0.056435811977927894,16,0.14823235233410437,6.063256216899582,0.0022198109567901233,0.17987474295910544,0.0057368827160493826,0.30191928148269653,0.945979118347168,0.9996521472930908,0.8697251081466675,0,1,1,1
training/notflip/0035_000000001,notflip/0035,1,ENV-03,0,training/notflip/0048_000000013,notflip/0048,ENV-04,0.02450713284134988,16,0.14958923283179013,1.786976701013575,0.0018291859567901234,0.19540686699459803,0.029078414351851854,0.4746571481227875,0.9854568839073181,0.9998519420623779,0.8080806732177734,0,1,1,1
training/notflip/0035_000000002,notflip/0035,2,ENV-03,0,training/flip/0012_000000023,flip/0012,ENV-02,0.03800908299659905,16,0.21272368586033827,4.537365806002091,0.004937307098765432,0.1915974205246903,0.029189332561728395,0.4113502502441406,0.9809407591819763,0.9997913241386414,0.37098148465156555,0,1,1,0
training/notflip/0035_000000003,notflip/0035,3,ENV-03,0,training/flip/0011_000000019,flip/0011,ENV-02,0.036277521204515974,16,0.17142735513117247,4.166083972823463,0.003663676697530864,0.1925216952160483,0.028001543209876543,0.4326038658618927,0.9810634851455688,0.9997598528862,0.31025803089141846,0,1,1,0
training/notflip/0035_000000004,notflip/0035,4,ENV-03,0,training/notflip/0006_000000014,notflip/0006,ENV-01,0.029740490090180538,16,0.1354344459876543,3.4717730127946558,0.005329861111111111,0.19328246383101744,0.026277006172839505,0.42733219265937805,0.9785059094429016,0.9997124075889587,0.33101481199264526,0,1,1,0
training/notflip/0035_000000005,notflip/0035,5,ENV-03,0,training/notflip/0006_000000014,notflip/0006,ENV-01,0.029852078522073354,16,0.12648015007716054,3.4717730127946522,0.005189525462962963,0.1937462865547829,0.024230324074074074,0.4478307366371155,0.9785127639770508,0.9997333884239197,0.3565143942832947,0,1,1,0
training/notflip/0035_000000006,notflip/0035,6,ENV-03,0,training/flip/0063_000000010,flip/0063,ENV-04,0.03561818329475134,16,0.14425154822530725,2.9932002844582963,0.009846161265432099,0.19423783362268396,0.021536458333333335,0.4785335063934326,0.9807891249656677,0.9997808337211609,0.9644453525543213,0,1,1,1
training/notflip/0035_000000007,notflip/0035,7,ENV-03,0,training/flip/0016_000000022,flip/0016,ENV-02,0.04960070108236823,16,0.14066849353780944,5.357843626105898,0.004813850308641975,0.19476242361110982,0.018640046296296297,0.5010484457015991,0.9843243360519409,0.9998189806938171,0.487834632396698,1,1,1,0
training/notflip/0035_000000008,notflip/0035,8,ENV-03,0,training/flip/0016_000000020,flip/0016,ENV-02,0.04748783561971317,16,0.12678366714892012,5.0997214375148285,0.004446855709876543,0.19520059201388762,0.016378761574074075,0.5160873532295227,0.984329879283905,0.99982088804245,0.562852680683136,1,1,1,1
testing/notflip/0035_000000009,notflip/0035,9,ENV-03,0,training/flip/0019_000000026,flip/0019,ENV-02,0.04016481633435743,16,0.1389834617091048,4.1660839728234595,0.002358699845679012,0.1948574973958321,0.01636574074074074,0.5376969575881958,0.9835745096206665,0.99978107213974,0.5025248527526855,1,1,1,1
training/notflip/0035_000000010,notflip/0035,10,ENV-03,0,training/flip/0019_000000026,flip/0019,ENV-02,0.04245366739571016,16,0.1352590753279325,4.537365806002087,0.0026432291666666666,0.1951661163194435,0.015622106481481482,0.5616366267204285,0.981682300567627,0.9997652173042297,0.6179224252700806,1,1,1,1
testing/notflip/0035_000000011,notflip/0035,11,ENV-03,0,training/notflip/0015_000000010,notflip/0015,ENV-02,0.06078502248173395,16,0.20242128414351762,5.099721437514832,0.00490210262345679,0.19484275298996856,0.012219810956790124,0.5679265260696411,0.9728232026100159,0.9997254014015198,0.5335528254508972,1,1,1,1
training/notflip/0035_000000012,notflip/0035,12,ENV-03,0,training/flip/0013_000000019,flip/0013,ENV-02,0.04112467546864786,16,0.16898176331018436,4.5373658060020885,0.0033029513888888887,0.19409076408179024,0.011226369598765431,0.5639926791191101,0.9672697186470032,0.9995853304862976,0.6708282232284546,1,1,1,1
training/notflip/0035_000000013,notflip/0035,13,ENV-03,0,training/notflip/0010_000000001,notflip/0010,ENV-01,0.02859452359539211,16,0.13063075434027804,2.993200284458309,0.0030357831790123455,0.19334633854166663,0.010772569444444444,0.542868435382843,0.9608767628669739,0.9993764758110046,0.7742853164672852,1,1,1,1
training/notflip/0035_000000014,notflip/0035,14,ENV-03,0,training/flip/0014_000000018,flip/0014,ENV-02,0.038513473680754785,16,0.22981237123842388,4.516298613134598,0.0032253086419753085,0.1911440803433642,0.009860146604938272,0.5052510499954224,0.9557238221168518,0.9992883801460266,0.7604283094406128,1,1,1,1
testing/notflip/0035_000000015,notflip/0035,15,ENV-03,0,training/flip/0010_000000023,flip/0010,ENV-01,0.03727894945371098,16,0.2275720058834889,4.523982264455883,0.012689525462962963,0.19105547096836414,0.009705825617283951,0.4719080924987793,0.9496526718139648,0.9992166757583618,0.5161131024360657,0,1,1,1
testing/notflip/0035_000000016,notflip/0035,16,ENV-03,0,training/flip/0015_000000017,flip/0015,ENV-02,0.049053209435870535,16,0.1998627954282409,5.047570482926168,0.00300733024691358,0.19070340277777773,0.009304591049382716,0.4191684126853943,0.9448730945587158,0.9992142915725708,0.7462920546531677,0,1,1,1
training/notflip/0035_000000017,notflip/0035,17,ENV-03,0,training/notflip/0015_000000014,notflip/0015,ENV-02,0.07123996696754054,16,0.16596333410493913,6.06325621689958,0.01288966049382716,0.18948174594907397,0.00918065200617284,0.38334667682647705,0.9374533295631409,0.9992085099220276,0.4315701127052307,0,1,1,0
training/notflip/0035_000000018,notflip/0035,18,ENV-03,0,training/notflip/0006_000000002,notflip/0006,ENV-01,0.05362091170170043,16,0.2033258128858045,5.753846377136157,0.02312403549382716,0.18905031828703703,0.009129050925925926,0.3726920485496521,0.9345250725746155,0.9992108345031738,0.480923593044281,0,1,1,0
training/notflip/0035_000000019,notflip/0035,19,ENV-03,0,training/notflip/0015_000000014,notflip/0015,ENV-02,0.07294843365435791,16,0.16421315123456812,6.5521305588329195,0.011770833333333333,0.18898742746913585,0.008255208333333333,0.35386645793914795,0.9229598641395569,0.9990779161453247,0.41037434339523315,0,1,1,0
training/notflip/0035_000000020,notflip/0035,20,ENV-03,0,training/flip/0011_000000018,flip/0011,ENV-02,0.055491952293306494,16,0.15998538763502904,5.4368584609691535,0.004639756944444445,0.18872193354552458,0.008113908179012346,0.32451093196868896,0.9139111638069153,0.9988800883293152,0.43001589179039,0,1,1,0
training/notflip/0035_000000021,notflip/0035,21,ENV-03,0,training/notflip/0008_000000003,notflip/0008,ENV-01,0.04954731496787946,16,0.19116134722222344,4.931868323259563,0.010970293209876544,0.1889925254629627,0.007765721450617284,0.3167720437049866,0.9068735241889954,0.9986180067062378,0.37753811478614807,0,1,1,0
training/notflip/0035_000000022,notflip/0035,22,ENV-03,0,training/notflip/0015_000000015,notflip/0015,ENV-02,0.07296370492729039,16,0.17308011014660526,6.5521305588329275,0.011047935956790123,0.1888197604166665,0.008128858024691358,0.36267492175102234,0.9224520921707153,0.9985888600349426,0.4711667597293854,0,1,1,0
training/notflip/0035_000000023,notflip/0035,23,ENV-03,0,training/flip/0021_000000024,flip/0021,ENV-02,0.06200424490609197,16,0.15019947202932077,6.06325621689958,0.003756269290123457,0.18893588368055544,0.007719907407407407,0.36635318398475647,0.9228257536888123,0.9984482526779175,0.5457111597061157,0,1,1,1
training/notflip/0035_000000024,notflip/0035,24,ENV-03,0,training/notflip/0015_000000023,notflip/0015,ENV-02,0.061706036771335473,16,0.18736854918981513,5.525347819543956,0.0031732253086419753,0.18948636313657394,0.007877604166666666,0.3987588882446289,0.9258047938346863,0.998390793800354,0.5393186211585999,0,1,1,1
training/notflip/0035_000000025,notflip/0035,25,ENV-03,0,training/notflip/0008_000000006,notflip/0008,ENV-01,0.04969279661549977,16,0.1885195991512353,5.047570482926169,0.01107349537037037,0.1893433344907408,0.007435378086419753,0.42253467440605164,0.9306025505065918,0.9984190464019775,0.5268974304199219,0,1,1,1
testing/notflip/0035_000000026,notflip/0035,26,ENV-03,0,training/notflip/0015_000000022,notflip/0015,ENV-02,0.06466005721587273,16,0.18414334162808654,5.778768924566751,0.002734375,0.18879414708719144,0.007199556327160494,0.43448126316070557,0.9340841174125671,0.9985226988792419,0.5862458348274231,0,1,1,1
training/notflip/0035_000000027,notflip/0035,27,ENV-03,0,training/flip/0022_000000019,flip/0022,ENV-02,0.06091254924907915,16,0.17095416078317746,6.178720258131106,0.011413483796296297,0.1878737425733026,0.007621045524691358,0.44497254490852356,0.9361553192138672,0.9985588192939758,0.5725046396255493,0,1,1,1
training/notflip/0035_000000028,notflip/0035,28,ENV-03,0,training/notflip/0015_000000014,notflip/0015,ENV-02,0.07344740549115729,16,0.18367707465277805,6.853024415366563,0.011558159722222221,0.18628377276234584,0.007213059413580247,0.4913274347782135,0.9490637183189392,0.9988119602203369,0.6220819354057312,0,1,1,1
training/notflip/0035_000000029,notflip/0035,29,ENV-03,0,training/flip/0021_000000021,flip/0021,ENV-02,0.05375885096515602,16,0.18546477912808526,5.357843626105898,0.002515432098765432,0.18609231086033975,0.007007619598765432,0.5003075003623962,0.951788604259491,0.9988007545471191,0.7140191197395325,1,1,1,1
training/notflip/0035_000000030,notflip/0035,30,ENV-03,0,training/flip/0016_000000022,flip/0016,ENV-02,0.07180149992827817,16,0.1700041091820988,7.336072196929058,0.003717206790123457,0.18607234288194477,0.007315297067901234,0.5225144624710083,0.9556888937950134,0.9988873600959778,0.8271908760070801,1,1,1,1
training/notflip/0035_000000031,notflip/0035,31,ENV-03,0,training/notflip/0006_000000007,notflip/0006,ENV-01,0.05310421039647714,16,0.1771417333140438,5.753846377136156,0.022763792438271604,0.185816304494599,0.007428626543209876,0.53379225730896,0.9585387706756592,0.9989425539970398,0.7122575640678406,1,1,1,1
training/notflip/0035_000000032,notflip/0035,32,ENV-03,0,training/flip/0012_000000021,flip/0012,ENV-02,0.05821187262645291,16,0.1745171138117288,6.1653233372788945,0.011819058641975308,0.1837029812885804,0.00798755787037037,0.5794061422348022,0.968131422996521,0.9989759922027588,0.8332741260528564,1,1,1,1
testing/notflip/0036_000000001,notflip/0036,1,ENV-03,0,training/notflip/0051_000000014,notflip/0051,ENV-04,0.03147639854866098,16,0.1676914707754644,2.259160690744583,0.00330102237654321,0.19526605729166707,0.028736014660493827,0.7964159846305847,0.9973670840263367,0.9999444484710693,0.9560112953186035,1,1,1,1
training/notflip/0036_000000002,notflip/0036,2,ENV-03,0,training/notflip/0015_000000013,notflip/0015,ENV-02,0.05037074295425327,16,0.19987745302854873,4.166083972823467,0.004698591820987654,0.19493256192129665,0.028782793209876544,0.7759697437286377,0.9970765113830566,0.999937891960144,0.700187087059021,1,1,1,1
training/notflip/0036_000000003,notflip/0036,3,ENV-03,0,training/notflip/0015_000000009,notflip/0015,ENV-02,0.05286659888219693,16,0.21160759809027724,4.628021222611883,0.004499903549382716,0.19625576697530903,0.028106674382716048,0.7982617616653442,0.9972065091133118,0.9999232292175293,0.683994710445404,1,1,1,1
testing/notflip/0036_000000004,notflip/0036,4,ENV-03,0,training/notflip/0005_000000004,notflip/0005,ENV-01,0.03238494795318359,16,0.14779233680555576,3.4717730127946522,0.012996238425925927,0.19613091309799463,0.027059702932098764,0.7876357436180115,0.9965999722480774,0.9999034404754639,0.7569614052772522,1,1,1,1
testing/notflip/0036_000000005,notflip/0036,5,ENV-03,0,training/notflip/0015_000000019,notflip/0015,ENV-02,0.04793035853641042,16,0.18532109201388738,3.8247910781361245,0.0018229166666666667,0.19583638869598863,0.025736400462962963,0.7593324780464172,0.9965354204177856,0.9998937845230103,0.7530631422996521,1,1,1,1
training/notflip/0036_000000006,notflip/0036,6,ENV-03,0,training/notflip/0011_000000004,notflip/0011,ENV-01,0.02681754903555966,16,0.1350386971450621,2.993200284458296,0.004209104938271605,0.1957681636766985,0.02479938271604938,0.7705712914466858,0.9963958859443665,0.9998865127563477,0.8377947807312012,1,1,1,1
training/notflip/0036_000000007,notflip/0036,7,ENV-03,0,training/flip/0016_000000015,flip/0016,ENV-02,0.034777976776017586,16,0.24790961564429032,4.109890269382968,0.001825810185185185,0.1964285545910503,0.025006269290123458,0.7896972298622131,0.9963330030441284,0.9998929500579834,0.9356243014335632,1,1,1,1
training/notflip/0036_000000008,notflip/0036,8,ENV-03,0,training/flip/0016_000000014,flip/0016,ENV-02,0.036452356701541316,16,0.24445538339120368,4.109890269382968,0.0020852623456790124,0.19565636525848853,0.02507716049382716,0.7955817580223083,0.9962943196296692,0.9999071359634399,0.9437310099601746,1,1,1,1
training/notflip/0036_000000009,notflip/0036,9,ENV-03,0,training/flip/0021_000000025,flip/0021,ENV-02,0.04797882084811238,16,0.2145522199074061,4.931868323259564,0.0028997878086419755,0.19575701147762428,0.024221161265432098,0.8076432943344116,0.99631267786026,0.999914288520813,0.8674614429473877,1,1,1,1
training/notflip/0036_000000010,notflip/0036,10,ENV-03,0,training/notflip/0015_000000008,notflip/0015,ENV-02,0.060642299666411784,16,0.19949952961033926,5.283323206850206,0.004767554012345679,0.1953502258873464,0.02333670910493827,0.8101882338523865,0.9963151812553406,0.9999195337295532,0.8070343732833862,1,1,1,1
training/notflip/0036_000000011,notflip/0036,11,ENV-03,0,training/flip/0021_000000024,flip/0021,ENV-02,0.047502316006146406,16,0.22037830777391892,4.931868323259564,0.0024054783950617285,0.19498633709490823,0.02171826774691358,0.7896605134010315,0.9960684776306152,0.9999164342880249,0.8629917502403259,1,1,1,1
training/notflip/0036_000000012,notflip/0036,12,ENV-03,0,training/flip/0010_000000022,flip/0010,ENV-01,0.02907999096518859,16,0.14811858989197568,3.785677862194623,0.0026861496913580247,0.19534246894290203,0.020952932098765434,0.7709683775901794,0.9957335591316223,0.9999200105667114,0.9006578922271729,1,1,1,1
training/notflip/0036_000000013,notflip/0036,13,ENV-03,0,training/notflip/0041_000000002,notflip/0041,ENV-04,0.022056572922350564,16,0.133767297935957,2.502878709910909,0.0018108603395061728,0.19499901022376626,0.02009789737654321,0.7432861924171448,0.9958257675170898,0.9999173879623413,0.8325974345207214,1,1,1,1
testing/notflip/0036_000000014,notflip/0036,14,ENV-03,0,training/flip/0013_000000021,flip/0013,ENV-02,0.04317318141147685,16,0.2132758681520061,4.931868323259564,0.002230420524691358,0.19580398398919835,0.019349440586419752,0.7235407829284668,0.9960353970527649,0.9999263286590576,0.8628258109092712,1,1,1,1
training/notflip/0036_000000015,notflip/0036,15,ENV-03,0,training/notflip/0005_000000004,notflip/0005,ENV-01,0.04060919437436618,16,0.1910600445601849,4.253226997843365,0.010319733796296296,0.19522925636574162,0.018990162037037038,0.7226820588111877,0.996228814125061,0.9999233484268188,0.8516867160797119,1,1,1,1
training/notflip/0036_000000016,notflip/0036,16,ENV-03,0,training/flip/0016_000000018,flip/0016,ENV-02,0.04972906113738053,16,0.21436810493827052,5.3578436261059,0.0018725887345679012,0.1956708528163588,0.018970389660493827,0.7196872234344482,0.9964911341667175,0.9999265670776367,0.9245311617851257,1,1,1,1
training/notflip/0036_000000017,notflip/0036,17,ENV-03,0,training/flip/0015_000000020,flip/0015,ENV-02,0.04843511602159833,16,0.17804756008873354,4.981007169595122,0.0022405478395061728,0.19563735059799478,0.019203317901234567,0.7137802243232727,0.996488094329834,0.9999315738677979,0.9326217174530029,1,1,1,1
training/notflip/0036_000000018,notflip/0036,18,ENV-03,0,training/notflip/0006_000000022,notflip/0006,ENV-01,0.026686984097442596,16,0.17508027758487668,2.9932002844583017,0.0015388695987654322,0.1956155339506181,0.019360532407407406,0.7240074276924133,0.9967344403266907,0.9999362230300903,0.9099946022033691,1,1,1,1
training/notflip/0036_000000019,notflip/0036,19,ENV-03,0,training/notflip/0015_000000020,notflip/0015,ENV-02,0.05482228757270048,16,0.15129661332947525,5.020878563478131,0.0012311921296296296,0.19608605063657475,0.01921923225308642,0.7411720752716064,0.9971132278442383,0.9999393224716187,0.9258366823196411,1,1,1,1
testing/notflip/0036_000000020,notflip/0036,20,ENV-03,0,training/notflip/0015_000000022,notflip/0015,ENV-02,0.04964119948628096,16,0.1536817131558637,4.3047569457482275,0.0009066358024691358,0.1968336036844141,0.019147376543209877,0.7501956820487976,0.9974550604820251,0.9999423027038574,0.9214377403259277,1,1,1,1
training/notflip/0036_000000021,notflip/0036,21,ENV-03,0,training/flip/0016_000000024,flip/0016,ENV-02,0.05876240210665722,16,0.22683058940972134,5.797922474525595,0.002197145061728395,0.19631696209490812,0.018939525462962962,0.7622359395027161,0.9976038336753845,0.999947190284729,0.9571981430053711,1,1,1,1
training/notflip/0036_000000022,notflip/0036,22,ENV-03,0,training/flip/0012_000000024,flip/0012,ENV-02,0.04391108732077845,16,0.23969932011959744,4.931868323259565,0.0019584297839506173,0.19641088069058718,0.018806423611111112,0.7728598713874817,0.9977645874023438,0.9999496936798096,0.9293968677520752,1,1,1,1
training/notflip/0036_000000023,notflip/0036,23,ENV-03,0,training/notflip/0015_000000013,notflip/0015,ENV-02,0.059699117030452886,16,0.17961165547839436,5.2833232068502225,0.0028756751543209877,0.19635969290123534,0.018718653549382715,0.7747361063957214,0.9978073239326477,0.9999496936798096,0.8954097032546997,1,1,1,1
training/notflip/0036_000000024,notflip/0036,24,ENV-03,0,training/notflip/0015_000000013,notflip/0015,ENV-02,0.05983639982498759,16,0.1839409278549374,5.2833232068502225,0.003017939814814815,0.19709855526620446,0.01896846064814815,0.7814151644706726,0.9977808594703674,0.9999483823776245,0.9031368494033813,1,1,1,1
testing/notflip/0036_000000025,notflip/0036,25,ENV-03,0,training/notflip/0006_000000018,notflip/0006,ENV-01,0.03201798590738644,16,0.1944853252314824,3.4717730127946522,0.0035479359567901236,0.19659503308256243,0.018911554783950617,0.7771050333976746,0.9976389408111572,0.9999489784240723,0.9300118088722229,1,1,1,1
training/notflip/0036_000000026,notflip/0036,26,ENV-03,0,training/flip/0019_000000024,flip/0019,ENV-02,0.03809239538924844,16,0.18050999672067866,4.1660839728234595,0.0014409722222222222,0.19622965673225376,0.01953221450617284,0.7814164757728577,0.9976415634155273,0.9999485015869141,0.93693608045578,1,1,1,1
training/notflip/0036_000000027,notflip/0036,27,ENV-03,0,training/notflip/0005_000000008,notflip/0005,ENV-01,0.036690397985924196,16,0.18927769280478396,3.785677862194628,0.003803047839506173,0.19593898765432166,0.01939525462962963,0.7826623320579529,0.9975958466529846,0.9999483823776245,0.8843777775764465,1,1,1,1
testing/notflip/0036_000000028,notflip/0036,28,ENV-03,0,training/flip/0017_000000016,flip/0017,ENV-02,0.04150696831956521,16,0.15972867505787117,3.522215471233474,0.0013720100308641976,0.19659124016203766,0.018810763888888887,0.7862706184387207,0.9976378679275513,0.9999480247497559,0.9312195181846619,1,1,1,1
training/notflip/0036_000000029,notflip/0036,29,ENV-03,0,training/flip/0016_000000012,flip/0016,ENV-02,0.03560970976678455,16,0.1798648945794749,3.9561814510321613,0.0017038001543209877,0.19682018856095757,0.01837336033950617,0.7869638204574585,0.997670590877533,0.9999488592147827,0.979109525680542,1,1,1,1
testing/notflip/0036_000000030,notflip/0036,30,ENV-03,0,training/flip/0030_000000013,flip/0030,ENV-02,0.03262644219403533,16,0.13566851822916626,3.354605007416599,0.0016179591049382716,0.1967019576581797,0.018765432098765432,0.7866736054420471,0.9976987242698669,0.9999488592147827,0.8763866424560547,1,1,1,1
training/notflip/0037_000000001,notflip/0037,1,ENV-03,0,training/flip/0016_000000022,flip/0016,ENV-02,0.04318979334027528,16,0.204278562789351,4.537365806002091,0.0024802276234567903,0.20468026253857866,0.026410590277777778,0.4298999309539795,0.9930076599121094,0.9998281002044678,0.6104320287704468,0,1,1,1
testing/notflip/0037_000000002,notflip/0037,2,ENV-03,0,training/notflip/0015_000000017,notflip/0015,ENV-02,0.04302463265736209,16,0.1216040177469139,3.3546050074166085,0.0019227430555555556,0.204708144772375,0.020616319444444444,0.46015387773513794,0.9935988187789917,0.9998421669006348,0.6154119372367859,0,1,1,1
training/notflip/0037_000000003,notflip/0037,3,ENV-03,0,training/notflip/0051_000000008,notflip/0051,ENV-04,0.035051044383717346,16,0.21276100482253066,2.5378728934363077,0.005437885802469136,0.2031666309799368,0.016058545524691357,0.5101701617240906,0.9929676055908203,0.9998682737350464,0.9345563650131226,1,1,1,1
testing/notflip/0037_000000004,notflip/0037,4,ENV-03,0,training/flip/0031_000000017,flip/0031,ENV-02,0.02929098221067412,16,0.21262877044752954,2.4458914597570267,0.005079571759259259,0.2025263625578687,0.013075810185185185,0.5441064834594727,0.9913337826728821,0.9998412132263184,0.9106196165084839,1,1,1,1
training/notflip/0037_000000005,notflip/0037,5,ENV-03,0,training/flip/0058_000000009,flip/0058,ENV-04,0.03376750633071159,16,0.22391609577546184,2.7209219991023157,0.004712094907407407,0.2021944114583331,0.011214795524691358,0.5697420835494995,0.9911386370658875,0.999725878238678,0.9563446640968323,1,1,1,1
training/notflip/0037_000000006,notflip/0037,6,ENV-03,0,training/flip/0015_000000024,flip/0015,ENV-02,0.048243902549221965,16,0.19496990875771641,4.931868323259564,0.0019434799382716049,0.2024955708912042,0.011271701388888888,0.5786350965499878,0.9915153980255127,0.999580442905426,0.8718043565750122,1,1,1,1
testing/notflip/0037_000000007,notflip/0037,7,ENV-03,0,training/notflip/0015_000000016,notflip/0015,ENV-02,0.05461811641489026,16,0.17948829542824007,4.628021222611884,0.0018079668209876544,0.20101069926697568,0.012192804783950618,0.5231698155403137,0.9913709163665771,0.9995800852775574,0.7170642614364624,1,1,1,1
testing/notflip/0037_000000008,notflip/0037,8,ENV-03,0,training/flip/0052_000000013,flip/0052,ENV-04,0.025911088939103176,16,0.23328222231867204,2.762673909771976,0.003693094135802469,0.19927895003858048,0.011769386574074074,0.4432620406150818,0.9905638694763184,0.9996042847633362,0.9513697028160095,0,1,1,1
training/notflip/0037_000000009,notflip/0037,9,ENV-03,0,training/notflip/0015_000000022,notflip/0015,ENV-02,0.05098667825039608,16,0.16778637008101763,4.3047569457482275,0.0013729745370370371,0.19815166242283966,0.011785783179012346,0.4311671257019043,0.9910349249839783,0.999643087387085,0.8172633051872253,0,1,1,1
testing/notflip/0037_000000010,notflip/0037,10,ENV-03,0,training/flip/0016_000000021,flip/0016,ENV-02,0.05881242491145984,16,0.19297666898147942,5.797922474525596,0.0019087577160493826,0.19736155642361114,0.01122878086419753,0.4061511158943176,0.9903132915496826,0.9996755123138428,0.8843474984169006,0,1,1,1
training/notflip/0037_000000011,notflip/0037,11,ENV-03,0,training/flip/0016_000000002,flip/0016,ENV-02,0.03625907393787712,16,0.181107606963735,3.824791078136121,0.001251929012345679,0.19777904079861103,0.01169801311728395,0.390849232673645,0.9896872639656067,0.9996696710586548,0.9515184164047241,0,1,1,1
training/notflip/0037_000000012,notflip/0037,12,ENV-03,0,training/notflip/0015_000000020,notflip/0015,ENV-02,0.05948142201209615,16,0.18291747569444447,5.2833232068502145,0.0011318479938271604,0.1967214347993824,0.011155478395061728,0.37603506445884705,0.9880996346473694,0.9996300935745239,0.7632825374603271,0,1,1,1
training/notflip/0037_000000013,notflip/0037,13,ENV-03,0,training/flip/0021_000000024,flip/0021,ENV-02,0.052762187623624404,16,0.2227032536651246,5.3578436261059,0.0016155478395061729,0.19755791444830198,0.011825327932098766,0.34316933155059814,0.9865422248840332,0.9995952248573303,0.7270588278770447,0,1,1,1
testing/notflip/0037_000000014,notflip/0037,14,ENV-03,0,training/notflip/0006_000000007,notflip/0006,ENV-01,0.04553312764514031,16,0.1604303996913567,4.931868323259563,0.006324749228395062,0.19699680979938197,0.011931423611111111,0.31357240676879883,0.9842842817306519,0.9995545744895935,0.6487010717391968,0,1,1,1
testing/notflip/0037_000000015,notflip/0037,15,ENV-03,0,training/flip/0030_000000013,flip/0030,ENV-02,0.03821944111034423,16,0.15793914891975439,3.8247910781361147,0.0009997106481481482,0.19645964863040039,0.012427179783950618,0.312296599149704,0.983975887298584,0.9995501637458801,0.4737361967563629,0,1,1,0
training/notflip/0037_000000016,notflip/0037,16,ENV-03,0,training/notflip/0015_000000014,notflip/0015,ENV-02,0.06592389428703552,16,0.19190618123071163,6.063256216899582,0.0017028356481481482,0.19594157494212883,0.01267554012345679,0.2975861728191376,0.9834380745887756,0.9995556473731995,0.6297447681427002,0,1,1,1
training/notflip/0037_000000017,notflip/0037,17,ENV-03,0,training/notflip/0015_000000007,notflip/0015,ENV-02,0.06879629913669708,16,0.19618026514274828,6.5521305588329195,0.0018971836419753086,0.19550396055169683,0.012626350308641975,0.2959267497062683,0.9836204051971436,0.9995700716972351,0.6240999102592468,0,1,1,1
testing/notflip/0037_000000018,notflip/0037,18,ENV-03,0,training/notflip/0015_000000024,notflip/0015,ENV-02,0.04945904956114923,16,0.17251019531249986,4.3047569457482275,0.000974633487654321,0.19519090190972152,0.012721354166666667,0.2962162494659424,0.9830453395843506,0.9995593428611755,0.7621719241142273,0,1,1,1
testing/notflip/0037_000000019,notflip/0037,19,ENV-03,0,training/flip/0016_000000014,flip/0016,ENV-02,0.04833479666798855,16,0.23368678288966185,5.3578436261059,0.0015475501543209876,0.19466906693672786,0.012191840277777777,0.29321515560150146,0.9828091263771057,0.9995794892311096,0.8665477633476257,0,1,1,1
training/notflip/0037_000000020,notflip/0037,20,ENV-03,0,training/flip/0011_000000016,flip/0011,ENV-02,0.04505564598689053,16,0.20045460628858164,4.931868323259564,0.0018899498456790124,0.19461944598765377,0.011794463734567901,0.2759265601634979,0.9794890880584717,0.9995535016059875,0.6700342297554016,0,1,1,1
training/notflip/0037_000000021,notflip/0037,21,ENV-03,0,training/notflip/0015_000000024,notflip/0015,ENV-02,0.051255289780793925,16,0.16523131876928976,5.020878563478121,0.0014925733024691358,0.19414419454089513,0.011773244598765432,0.28465551137924194,0.9800296425819397,0.999575674533844,0.7635982036590576,0,1,1,1
training/notflip/0037_000000022,notflip/0037,22,ENV-03,0,training/flip/0016_000000024,flip/0016,ENV-02,0.06871495177523614,16,0.16216842399691356,7.044430942466956,0.0033058449074074075,0.1942857279128089,0.012329764660493826,0.2832086980342865,0.9805144667625427,0.9995967745780945,0.8733818531036377,0,1,1,1
training/notflip/0037_000000023,notflip/0037,23,ENV-03,0,training/flip/0016_000000022,flip/0016,ENV-02,0.06772124747194286,16,0.16126234847608015,7.044430942466956,0.0030902777777777777,0.1932446049382719,0.012406925154320987,0.28941434621810913,0.9812173843383789,0.9995918869972229,0.8714786767959595,0,1,1,1
training/notflip/0037_000000024,notflip/0037,24,ENV-03,0,training/flip/0015_000000024,flip/0015,ENV-02,0.06428443787156096,16,0.21882392901234254,6.575824431012751,0.003236400462962963,0.19314883478009312,0.011775173611111111,0.3031931519508362,0.9820104241371155,0.9995918869972229,0.9178326725959778,0,1,1,1
testing/notflip/0037_000000025,notflip/0037,25,ENV-03,0,training/flip/0015_000000014,flip/0015,ENV-02,0.04374059293730181,16,0.170685159722222,4.931868323259562,0.0017727623456790123,0.19298558420138956,0.01162085262345679,0.2930601239204407,0.9801061749458313,0.9995630383491516,0.8819624185562134,0,1,1,1
training/notflip/0037_000000026,notflip/0037,26,ENV-03,0,training/flip/0022_000000018,flip/0022,ENV-02,0.054821966891085004,16,0.20989684587191457,5.753846377136157,0.0028515625,0.1930236413966058,0.011944926697530864,0.28316542506217957,0.9782987833023071,0.9995241165161133,0.6881334185600281,0,1,1,1
training/notflip/0037_000000027,notflip/0037,27,ENV-03,0,training/flip/0016_000000019,flip/0016,ENV-02,0.0666385279808692,16,0.139990786747686,6.853024415366576,0.003501639660493827,0.19303497395833452,0.011929494598765432,0.2958256006240845,0.9787492156028748,0.999584972858429,0.8496233820915222,0,1,1,1
testing/notflip/0037_000000028,notflip/0037,28,ENV-03,0,training/flip/0015_000000018,flip/0015,ENV-02,0.052708317204253785,16,0.23036479108796437,5.344451868068309,0.002507716049382716,0.19296385349151357,0.011745756172839506,0.2919953465461731,0.9780954122543335,0.9995966553688049,0.8477081656455994,0,1,1,1
training/notflip/0037_000000029,notflip/0037,29,ENV-03,0,training/notflip/0015_000000019,notflip/0015,ENV-02,0.06917985153856994,16,0.18024665190972264,6.277028755231863,0.0038228202160493826,0.19175769309413793,0.011506076388888889,0.34978219866752625,0.9819695949554443,0.9997168183326721,0.7015936374664307,0,1,1,1
training/notflip/0037_000000030,notflip/0037,30,ENV-03,0,training/notflip/0015_000000009,notflip/0015,ENV-02,0.07470012118317748,16,0.19065520553626583,6.552130558832928,0.010179880401234569,0.19149713647762553,0.01166136188271605,0.346283495426178,0.9803816080093384,0.9997184872627258,0.6844729781150818,0,1,1,1
training/notflip/0038_000000001,notflip/0038,1,ENV-03,0,training/flip/0016_000000023,flip/0016,ENV-02,0.050575134708769766,16,0.1403204295910485,4.931868323259563,0.002560763888888889,0.20480405372299218,0.035285493827160494,0.49123015999794006,0.9905176758766174,0.9997977614402771,0.5505621433258057,0,1,1,1
training/notflip/0038_000000002,notflip/0038,2,ENV-03,0,training/flip/0010_000000024,flip/0010,ENV-01,0.02788567983491532,16,0.168734446855711,3.3693224229241867,0.009697627314814815,0.20487696633873287,0.035750385802469135,0.47051432728767395,0.9903188943862915,0.9997972846031189,0.3630422353744507,0,1,1,0
training/notflip/0038_000000003,notflip/0038,3,ENV-03,0,training/notflip/0015_000000014,notflip/0015,ENV-02,0.047301275962718034,16,0.2024339563078709,4.166083972823459,0.0031896219135802467,0.20514679861110924,0.03812210648148148,0.4530027508735657,0.9898687601089478,0.9998108744621277,0.23221564292907715,0,1,1,0
training/notflip/0038_000000004,notflip/0038,4,ENV-03,0,training/flip/0016_000000017,flip/0016,ENV-02,0.03436288299876535,16,0.2418247589699071,3.7175508651879747,0.001517650462962963,0.20560026639660306,0.04095727237654321,0.4522079825401306,0.9894675612449646,0.999809205532074,0.5483401417732239,0,1,1,1
testing/notflip/0038_000000005,notflip/0038,5,ENV-03,0,training/notflip/0049_000000015,notflip/0049,ENV-04,0.03462551075817624,16,0.18010519405864098,2.1339905128926318,0.0021633873456790124,0.20531450279706606,0.04107301311728395,0.46042266488075256,0.9902191758155823,0.9998519420623779,0.8851497769355774,0,1,1,1
training/notflip/0038_000000006,notflip/0038,6,ENV-03,0,training/notflip/0006_000000001,notflip/0006,ENV-01,0.03312140588389212,16,0.12068314882330376,3.9561814510321525,0.015709394290123458,0.20602529861110916,0.03943142361111111,0.40652206540107727,0.9883731007575989,0.9998400211334229,0.2454586923122406,0,1,1,0
training/notflip/0038_000000007,notflip/0038,7,ENV-03,0,training/notflip/0015_000000009,notflip/0015,ENV-02,0.050459858488270705,16,0.19585230854552502,4.1660839728234595,0.003029513888888889,0.2055242167245351,0.03779224537037037,0.3382759690284729,0.9856414198875427,0.9997878670692444,0.16157266497612,0,1,1,0
testing/notflip/0038_000000008,notflip/0038,8,ENV-03,0,training/flip/0064_000000019,flip/0064,ENV-04,0.037763677484041275,16,0.18794146739969167,2.7626739097719764,0.007745949074074074,0.20574141213348568,0.035554108796296294,0.33829745650291443,0.9881569743156433,0.99979168176651,0.954866886138916,0,1,1,1
testing/notflip/0038_000000009,notflip/0038,9,ENV-03,0,training/flip/0011_000000020,flip/0011,ENV-02,0.03822515362132705,16,0.2653479379822537,4.109890269382968,0.0027826003086419753,0.20619949768518325,0.03440586419753086,0.32888901233673096,0.9892801642417908,0.9997989535331726,0.2320847362279892,0,1,1,0
testing/notflip/0038_000000010,notflip/0038,10,ENV-03,0,training/flip/0017_000000018,flip/0017,ENV-02,0.039002903221519586,16,0.1748107667824084,3.3546050074165996,0.001084104938271605,0.20635651938657212,0.0340306712962963,0.3219938576221466,0.9879400730133057,0.9997976422309875,0.2744808793067932,0,1,1,0
testing/notflip/0038_000000011,notflip/0038,11,ENV-03,0,training/notflip/0006_000000014,notflip/0006,ENV-01,0.03426144750875137,16,0.09868868412422924,3.785677862194627,0.008179012345679013,0.20759994579475113,0.033034336419753084,0.2879960834980011,0.985491156578064,0.999772846698761,0.23560106754302979,0,1,1,0
training/notflip/0038_000000012,notflip/0038,12,ENV-03,0,training/flip/0059_000000001,flip/0059,ENV-04,0.028905490352236295,16,0.2036204441550912,2.523785241463085,0.007159529320987654,0.2071491914544735,0.030103202160493826,0.26478537917137146,0.9825701117515564,0.9997588992118835,0.8720414638519287,0,1,1,1
training/notflip/0038_000000013,notflip/0038,13,ENV-03,0,training/flip/0013_000000021,flip/0013,ENV-02,0.04257526003283861,16,0.2289361293402763,4.5373658060020885,0.0014925733024691358,0.20793879012345529,0.026657021604938273,0.2602554261684418,0.9804129004478455,0.9997465014457703,0.3669537901878357,0,1,1,0
training/notflip/0038_000000014,notflip/0038,14,ENV-03,0,training/flip/0012_000000020,flip/0012,ENV-02,0.04572151734201842,16,0.23273699527391864,4.628021222611882,0.0020129243827160495,0.206192767168208,0.022717013888888887,0.249681755900383,0.9829749464988708,0.9998075366020203,0.5063676238059998,0,1,1,1
training/notflip/0038_000000015,notflip/0038,15,ENV-03,0,training/flip/0016_000000023,flip/0016,ENV-02,0.06306396415921328,16,0.1808639785879604,6.374651796893531,0.002937403549382716,0.20609029783950422,0.0215258487654321,0.22690266370773315,0.9803070425987244,0.9997809529304504,0.6663662195205688,0,1,1,1
training/notflip/0038_000000016,notflip/0038,16,ENV-03,0,training/flip/0016_000000014,flip/0016,ENV-02,0.0435859434542652,16,0.1944629842785502,4.444517904817829,0.0018031442901234567,0.20599445534336228,0.02127266589506173,0.2194448560476303,0.9811320304870605,0.999784529209137,0.7241244912147522,0,1,1,1
training/notflip/0038_000000017,notflip/0038,17,ENV-03,0,training/notflip/0015_000000024,notflip/0015,ENV-02,0.04577708340965703,16,0.1614043448109568,3.8247910781361223,0.00119116512345679,0.20646299170524499,0.02050684799382716,0.21064786612987518,0.9819923639297485,0.9997919201850891,0.5369384288787842,0,1,1,1
training/notflip/0038_000000018,notflip/0038,18,ENV-03,0,training/notflip/0005_000000001,notflip/0005,ENV-01,0.044438126321648695,16,0.19754950144675862,4.523982264455885,0.00708863811728395,0.20621312297453512,0.02050395447530864,0.19173674285411835,0.980872631072998,0.9997898936271667,0.3857884109020233,0,1,1,0
training/notflip/0038_000000019,notflip/0038,19,ENV-03,0,training/flip/0018_000000002,flip/0018,ENV-02,0.03926029738668263,16,0.12425774218749998,3.824791078136121,0.0009895833333333334,0.20567970389660303,0.019592496141975307,0.18893462419509888,0.981132447719574,0.9997679591178894,0.45128610730171204,0,1,1,0
testing/notflip/0038_000000020,notflip/0038,20,ENV-03,0,training/flip/0030_000000011,flip/0030,ENV-02,0.03630678861489806,16,0.1626466057098759,3.354605007416605,0.001099537037037037,0.2051797603202142,0.018993055555555555,0.1805432289838791,0.9801203608512878,0.9998093247413635,0.26817384362220764,0,1,1,0
training/notflip/0038_000000021,notflip/0038,21,ENV-03,0,training/flip/0011_000000017,flip/0011,ENV-02,0.04444112199493626,16,0.20472147125771703,4.5373658060020885,0.0019820601851851852,0.20429592255015247,0.01834346064814815,0.19006629288196564,0.979568362236023,0.9998205304145813,0.3925035893917084,0,1,1,0
testing/notflip/0038_000000022,notflip/0038,22,ENV-03,0,training/flip/0016_000000005,flip/0016,ENV-02,0.036736032430627,16,0.16732194164737713,3.717550865187976,0.0016242283950617285,0.20398981471836236,0.01808497299382716,0.18136245012283325,0.9772951602935791,0.9998248219490051,0.7783729434013367,0,1,1,1
testing/notflip/0038_000000023,notflip/0038,23,ENV-03,0,training/flip/0023_000000022,flip/0023,ENV-02,0.03045555148725061,16,0.2537473926504626,3.3282093938138804,0.001704764660493827,0.20420334104938087,0.018208912037037037,0.1888856142759323,0.9765778183937073,0.9998241066932678,0.08216571062803268,0,1,1,0
training/notflip/0038_000000024,notflip/0038,24,ENV-03,0,training/flip/0020_000000014,flip/0020,ENV-02,0.03614249437899102,16,0.22997735233410507,4.109890269382968,0.001554783950617284,0.20400478211805365,0.018612075617283952,0.2072942554950714,0.9776790142059326,0.9998165965080261,0.622786819934845,0,1,1,1
training/notflip/0038_000000025,notflip/0038,25,ENV-03,0,training/flip/0011_000000021,flip/0011,ENV-02,0.05660277801227113,16,0.20592160715663277,5.3578436261059,0.0028853202160493826,0.20430299990354744,0.018777006172839505,0.2088502049446106,0.9767309427261353,0.9998133778572083,0.4131164848804474,0,1,1,0
training/notflip/0038_000000026,notflip/0038,26,ENV-03,0,training/flip/0022_000000015,flip/0022,ENV-02,0.04705630054966227,16,0.15344468595678926,4.931868323259563,0.0023668981481481484,0.204952356095677,0.01920042438271605,0.21160978078842163,0.9756524562835693,0.9997904896736145,0.33391842246055603,0,1,1,0
training/notflip/0038_000000027,notflip/0038,27,ENV-03,0,training/notflip/0011_000000002,notflip/0011,ENV-01,0.039466853603247976,16,0.16893288329475378,4.253226997843359,0.00812692901234568,0.20551615972222015,0.019578993055555556,0.22340738773345947,0.9713137149810791,0.9997441172599792,0.3823896050453186,0,1,1,0
training/notflip/0038_000000028,notflip/0038,28,ENV-03,0,training/flip/0013_000000017,flip/0013,ENV-02,0.044235232982203984,16,0.20427847540509195,4.5373658060020885,0.0023273533950617284,0.2055554512924362,0.02007764274691358,0.2234678566455841,0.971625566482544,0.9997392296791077,0.4016006886959076,0,1,1,0
training/notflip/0038_000000029,notflip/0038,29,ENV-03,0,training/flip/0022_000000019,flip/0022,ENV-02,0.05366842848780476,16,0.18544018258101752,5.3578436261058995,0.003131269290123457,0.20571283304397942,0.020289351851851854,0.22766241431236267,0.9714060425758362,0.9997325539588928,0.3425767123699188,0,1,1,0
training/notflip/0038_000000030,notflip/0038,30,ENV-03,0,training/notflip/0015_000000019,notflip/0015,ENV-02,0.06327326871697528,16,0.21849556915509133,5.099721437514826,0.0027666859567901233,0.20541216984953495,0.019876543209876543,0.2161729782819748,0.9697829484939575,0.9997146725654602,0.2930532693862915,0,1,1,0
training/notflip/0039_000000001,notflip/0039,1,ENV-03,0,training/flip/0013_000000020,flip/0013,ENV-02,0.04437646285781055,16,0.10433680758101721,5.3578436261059,0.029147858796296295,0.2048105729166655,0.031822916666666666,0.9206023812294006,0.999062716960907,0.9999765157699585,0.6829404830932617,1,1,1,1
training/notflip/0039_000000002,notflip/0039,2,ENV-03,0,training/flip/0011_000000017,flip/0011,ENV-02,0.043364421253689625,16,0.10948349103009108,4.931868323259564,0.029049479166666666,0.2046069610339494,0.03147280092592593,0.9022590517997742,0.9990394711494446,0.9999760389328003,0.5841936469078064,1,1,1,1
testing/notflip/0039_000000003,notflip/0039,3,ENV-03,0,training/flip/0022_000000014,flip/0022,ENV-02,0.04360292982453697,16,0.09422116531635662,5.3578436261058995,0.027064525462962962,0.20496379668209747,0.03080246913580247,0.8966943621635437,0.9988977909088135,0.9999735355377197,0.5604836344718933,1,1,1,1
training/notflip/0039_000000004,notflip/0039,4,ENV-03,0,training/flip/0013_000000017,flip/0013,ENV-02,0.04188778882837484,16,0.11337669444444264,4.931868323259564,0.02622733410493827,0.2045259242862642,0.0310180362654321,0.8779999017715454,0.9985400438308716,0.9999641180038452,0.5306772589683533,1,1,1,1
training/notflip/0039_000000005,notflip/0039,5,ENV-03,0,training/flip/0012_000000019,flip/0012,ENV-02,0.04603465184695479,16,0.12572359211033843,5.753846377136156,0.028639081790123457,0.2043182494212952,0.030363136574074075,0.8681570887565613,0.9983001351356506,0.9999572038650513,0.577350378036499,1,1,1,1
training/notflip/0039_000000006,notflip/0039,6,ENV-03,0,training/flip/0016_000000009,flip/0016,ENV-02,0.03407089428418765,16,0.19488360407021485,4.109890269382969,0.0223852237654321,0.205321941743826,0.030402681327160494,0.8605405688285828,0.9981759786605835,0.9999532699584961,0.5271254181861877,1,1,1,1
training/notflip/0039_000000007,notflip/0039,7,ENV-03,0,training/flip/0016_000000015,flip/0016,ENV-02,0.04154729579563214,16,0.09692545408950691,5.357843626105898,0.023960262345679013,0.20470978800154246,0.026066261574074073,0.8481215834617615,0.9976456761360168,0.9999455213546753,0.5712496042251587,1,1,1,1
training/notflip/0039_000000008,notflip/0039,8,ENV-03,0,training/flip/0013_000000020,flip/0013,ENV-02,0.044955612334194886,16,0.12226502228009116,5.753846377136156,0.026328125,0.20464126205632652,0.022803337191358023,0.835736095905304,0.9967285394668579,0.9999306201934814,0.49987873435020447,1,1,1,0
training/notflip/0039_000000009,notflip/0039,9,ENV-03,0,training/flip/0011_000000016,flip/0011,ENV-02,0.042797174924795914,16,0.12164323186728236,5.344451868068307,0.025824170524691357,0.20364300183256118,0.02361159336419753,0.7685446739196777,0.9945583343505859,0.9998956918716431,0.3754083514213562,1,1,1,0
training/notflip/0039_000000010,notflip/0039,10,ENV-03,0,training/notflip/0006_000000006,notflip/0006,ENV-01,0.05102947837174879,16,0.26910609934413493,6.209304206531934,0.029404899691358025,0.20348704726080216,0.019507619598765433,0.6057438850402832,0.9903838634490967,0.9996844530105591,0.41824254393577576,1,1,1,0
training/notflip/0039_000000011,notflip/0039,11,ENV-03,0,training/notflip/0015_000000013,notflip/0015,ENV-02,0.07043862687088594,16,0.22451673341049289,7.336072196929057,0.028274980709876545,0.20318103732638856,0.01808207947530864,0.4644697606563568,0.9822737574577332,0.9993234872817993,0.3148043751716614,0,1,1,0
training/notflip/0039_000000012,notflip/0039,12,ENV-03,0,training/notflip/0006_000000004,notflip/0006,ENV-01,0.05460788419525871,16,0.20135717119984384,6.98645502228435,0.03461998456790123,0.2047722663001537,0.015949074074074074,0.4443246126174927,0.9812790155410767,0.9990791082382202,0.3490283787250519,0,1,1,0
training/notflip/0039_000000013,notflip/0039,13,ENV-03,0,training/flip/0011_000000011,flip/0011,ENV-02,0.04116201918079345,16,0.15781378288965942,4.931868323259563,0.028395061728395062,0.20555912297453655,0.01706934799382716,0.45389923453330994,0.9813514351844788,0.9991843104362488,0.19350430369377136,0,1,1,0
training/notflip/0039_000000014,notflip/0039,14,ENV-03,0,training/flip/0011_000000024,flip/0011,ENV-02,0.06393629025334885,16,0.190260606385031,6.943546025589308,0.03413242669753087,0.20547460426311662,0.015408468364197531,0.4634859561920166,0.9820491671562195,0.9992814660072327,0.39412903785705566,0,1,1,0
training/notflip/0039_000000015,notflip/0039,15,ENV-03,0,training/flip/0017_000000018,flip/0017,ENV-02,0.0610876968191116,16,0.20256380468750063,6.374651796893535,0.028199266975308643,0.20541753983410413,0.013911072530864198,0.44218143820762634,0.9802637696266174,0.9993112087249756,0.23261158168315887,0,1,1,0
training/notflip/0039_000000016,notflip/0039,16,ENV-03,0,training/notflip/0008_000000017,notflip/0008,ENV-01,0.04174578585207186,16,0.15582800298996832,4.931868323259563,0.02461275077160494,0.204400609664351,0.013546971450617284,0.4529070258140564,0.9788123965263367,0.9992576241493225,0.19494974613189697,0,1,1,0
training/notflip/0039_000000017,notflip/0039,17,ENV-03,0,training/flip/0011_000000016,flip/0011,ENV-02,0.053831223486553496,16,0.20577424276620493,6.178720258131109,0.030993923611111113,0.20412642978394957,0.012609953703703703,0.44649991393089294,0.980442464351654,0.9992986917495728,0.306603342294693,0,1,1,0
training/notflip/0039_000000018,notflip/0039,18,ENV-03,0,training/flip/0021_000000023,flip/0021,ENV-02,0.0630851180689587,16,0.206390116512345,6.85302441536657,0.030382426697530864,0.2048734076003076,0.011711033950617284,0.42532894015312195,0.9770744442939758,0.9992614388465881,0.32211264967918396,0,1,1,0
training/notflip/0039_000000019,notflip/0039,19,ENV-03,0,training/notflip/0007_000000001,notflip/0007,ENV-01,0.05047448956260197,16,0.17464075868055445,5.771239926901341,0.031136670524691358,0.20296456703317797,0.011736593364197532,0.4098036289215088,0.9742814302444458,0.9991117119789124,0.1969207525253296,0,1,1,0
training/notflip/0039_000000020,notflip/0039,20,ENV-03,0,training/flip/0018_000000002,flip/0018,ENV-02,0.055001264234956736,16,0.22353991830632736,5.797922474525598,0.024738618827160493,0.20029484403935077,0.011189718364197531,0.35223615169525146,0.9711905717849731,0.999089241027832,0.11422573029994965,0,1,1,0
training/notflip/0039_000000021,notflip/0039,21,ENV-03,0,training/notflip/0006_000000010,notflip/0006,ENV-01,0.06002257317108457,16,0.14281350424382827,6.98645502228435,0.0374657600308642,0.19928604147376436,0.01158275462962963,0.3752076327800751,0.9722909331321716,0.9991512298583984,0.24580372869968414,0,1,1,0
testing/notflip/0039_000000022,notflip/0039,22,ENV-03,0,training/flip/0011_000000020,flip/0011,ENV-02,0.06748683476900394,16,0.21444821942515374,7.519548718357196,0.035415219907407404,0.19823945293209763,0.012142168209876543,0.38037100434303284,0.9708659648895264,0.9990948438644409,0.24582107365131378,0,1,1,0
training/notflip/0039_000000023,notflip/0039,23,ENV-03,0,training/flip/0015_000000001,flip/0015,ENV-02,0.04880384969891974,16,0.1582604515817922,5.357843626105901,0.025447530864197532,0.19731142197144946,0.012689043209876544,0.35775452852249146,0.9689221382141113,0.9989765882492065,0.1252245157957077,0,1,1,0
training/notflip/0039_000000024,notflip/0039,24,ENV-03,0,training/flip/0012_000000021,flip/0012,ENV-02,0.06614152499689369,16,0.24654922839506088,7.519548718357196,0.03697964891975308,0.1964169149305545,0.013776523919753087,0.35408756136894226,0.9672425985336304,0.9988678693771362,0.268298476934433,0,1,1,0
training/notflip/0039_000000025,notflip/0039,25,ENV-03,0,training/notflip/0007_000000001,notflip/0007,ENV-01,0.05300533373908357,16,0.1290919228395057,6.1653233372788945,0.03421923225308642,0.195901324556326,0.013817033179012346,0.3852749168872833,0.9708160758018494,0.9989449381828308,0.14483609795570374,0,1,1,0
testing/notflip/0039_000000026,notflip/0039,26,ENV-03,0,training/notflip/0008_000000002,notflip/0008,ENV-01,0.05721282127599996,16,0.14639177922453694,6.178720258131109,0.036886091820987656,0.19575749054783834,0.014168595679012345,0.4124397933483124,0.9749376177787781,0.9990631937980652,0.18977771699428558,0,1,1,0
training/notflip/0039_000000027,notflip/0039,27,ENV-03,0,training/flip/0017_000000007,flip/0017,ENV-02,0.05011879945094251,16,0.20747056211419787,5.020878563478141,0.02384789737654321,0.19126008217592513,0.0140234375,0.43296122550964355,0.9738379716873169,0.9992244243621826,0.07094868272542953,0,1,1,0
training/notflip/0039_000000028,notflip/0039,28,ENV-03,0,training/flip/0030_000000005,flip/0030,ENV-02,0.05442202230606359,16,0.2294442325424383,6.063256216899574,0.02960551697530864,0.1909174500385794,0.013721547067901234,0.43847957253456116,0.9734665751457214,0.9992160797119141,0.08572021126747131,0,1,1,0
training/notflip/0039_000000029,notflip/0039,29,ENV-03,0,training/notflip/0015_000000014,notflip/0015,ENV-02,0.08149659882780969,16,0.17211152459490603,8.036787467296342,0.03502073688271605,0.19106328356481397,0.014171489197530864,0.44197845458984375,0.9719741344451904,0.9991515874862671,0.20330484211444855,0,1,1,0
training/notflip/0039_000000030,notflip/0039,30,ENV-03,0,training/flip/0011_000000018,flip/0011,ENV-02,0.06387764317762762,16,0.23082254552469003,7.1764668414800035,0.03566936728395062,0.19073739149305474,0.014069733796296295,0.4256501793861389,0.9649710059165955,0.9988492727279663,0.16215594112873077,0,1,1,0
training/notflip/0040_000000001,notflip/0040,1,ENV-03,0,training/notflip/0047_000000018,notflip/0047,ENV-04,0.03208068887411592,16,0.18910376408178947,2.455234236120757,0.006157889660493827,0.17053108063271594,0.03164496527777778,0.026451226323843002,0.9512454867362976,0.9999371767044067,0.38872864842414856,0,1,1,0
training/notflip/0040_000000002,notflip/0040,2,ENV-03,0,training/flip/0054_000000009,flip/0054,ENV-04,0.03966395095274735,16,0.19851813339120233,3.3282093938138844,0.011065297067901235,0.17044376244212955,0.03165991512345679,0.023403432220220566,0.949619710445404,0.9999294281005859,0.8373844623565674,0,1,1,1
training/notflip/0040_000000003,notflip/0040,3,ENV-03,0,training/flip/0053_000000001,flip/0053,ENV-04,0.030272642941122047,16,0.16162612721836417,2.5028787099108865,0.00574315200617284,0.17096510898919748,0.03223910108024691,0.022427912801504135,0.943097710609436,0.9999030828475952,0.3165549039840698,0,1,1,0
testing/notflip/0040_000000004,notflip/0040,4,ENV-03,0,training/flip/0054_000000009,flip/0054,ENV-04,0.03799244421232731,16,0.19831651167052364,3.3282093938138773,0.010754726080246914,0.1720551467013889,0.031036361882716048,0.021153999492526054,0.9249972105026245,0.9998464584350586,0.7818399667739868,0,1,1,1
testing/notflip/0040_000000005,notflip/0040,5,ENV-03,0,training/flip/0016_000000019,flip/0016,ENV-02,0.04622520531943149,16,0.14084222463348833,4.537365806002091,0.002293113425925926,0.1703793366126543,0.02839940200617284,0.0182590801268816,0.9129877090454102,0.999823272228241,0.14855295419692993,0,1,1,0
testing/notflip/0040_000000006,notflip/0040,6,ENV-03,0,training/flip/0016_000000021,flip/0016,ENV-02,0.04891521986853479,16,0.13948847704475364,4.981007169595116,0.002361593364197531,0.1710621018518519,0.028189139660493828,0.013990628533065319,0.8972988128662109,0.9997993111610413,0.14623641967773438,0,1,1,0
testing/notflip/0040_000000007,notflip/0040,7,ENV-03,0,training/notflip/0015_000000009,notflip/0015,ENV-02,0.056169960463635114,16,0.19116878838734522,4.304756945748234,0.0019618055555555556,0.16977810435956792,0.028387827932098767,0.014880926348268986,0.8938949704170227,0.9997774958610535,0.04731234908103943,0,1,1,0
training/notflip/0040_000000008,notflip/0040,8,ENV-03,0,training/flip/0012_000000020,flip/0012,ENV-02,0.04016248051355065,16,0.14195679610339448,4.1660839728234595,0.0020857445987654323,0.1699897715084877,0.027452256944444444,0.013525492511689663,0.880714476108551,0.9997536540031433,0.11591313779354095,0,1,1,0
training/notflip/0040_000000009,notflip/0040,9,ENV-03,0,training/flip/0021_000000020,flip/0021,ENV-02,0.03436187716815555,16,0.19846345640432023,3.354605007416602,0.0010426311728395062,0.16925566174768536,0.026006462191358024,0.013000797480344772,0.8688842058181763,0.9997046589851379,0.0821424052119255,0,1,1,0
training/notflip/0040_000000010,notflip/0040,10,ENV-03,0,training/notflip/0015_000000019,notflip/0015,ENV-02,0.05622155586648753,16,0.19939992997685096,4.518321381489165,0.001824363425925926,0.16923697299382728,0.024874614197530863,0.011694557964801788,0.8585265278816223,0.9996582269668579,0.06283572316169739,0,1,1,0
testing/notflip/0040_000000011,notflip/0040,11,ENV-03,0,training/notflip/0008_000000004,notflip/0008,ENV-01,0.0358384259711906,16,0.1902976549961418,3.3546050074166045,0.0019526427469135803,0.16954410976080256,0.022484567901234567,0.009657269343733788,0.8384850025177002,0.9995649456977844,0.06422236561775208,0,1,1,0
testing/notflip/0040_000000012,notflip/0040,12,ENV-03,0,training/notflip/0051_000000004,notflip/0051,ENV-04,0.01980371406430135,16,0.16471027912808647,1.7869767010135742,0.0014973958333333334,0.16938238107638903,0.021276523919753085,0.009157621301710606,0.8438370823860168,0.999556839466095,0.07891052961349487,0,1,1,0
training/notflip/0040_000000013,notflip/0040,13,ENV-03,0,training/notflip/0004_000000008,notflip/0004,ENV-01,0.020436025985439043,16,0.11824142119984579,2.0697680688439797,0.0014809992283950617,0.16940508043981492,0.020933159722222223,0.01071724109351635,0.8718160390853882,0.9996336698532104,0.07455562800168991,0,1,1,0
testing/notflip/0040_000000014,notflip/0040,14,ENV-03,0,training/flip/0030_000000002,flip/0030,ENV-02,0.02992715019270862,16,0.20450564515817915,2.762673909771976,0.0008974729938271605,0.16942778867669758,0.021221547067901234,0.011300251819193363,0.880219578742981,0.9996901750564575,0.030169809237122536,0,1,1,0
training/notflip/0040_000000015,notflip/0040,15,ENV-03,0,training/notflip/0006_000000020,notflip/0006,ENV-01,0.027889195512838687,16,0.13759282262731495,2.885619963450669,0.0017775848765432098,0.16966743624614206,0.021548996913580247,0.011047625914216042,0.8793239593505859,0.9997097849845886,0.07047159969806671,0,1,1,0
testing/notflip/0040_000000016,notflip/0040,16,ENV-03,0,training/flip/0015_000000020,flip/0015,ENV-02,0.045762600843843426,16,0.20428443624614226,4.5373658060020885,0.0016179591049382716,0.17007251244212968,0.021302565586419752,0.01175893284380436,0.8955850005149841,0.9997555613517761,0.1847624033689499,0,1,1,0
testing/notflip/0040_000000017,notflip/0040,17,ENV-03,0,training/notflip/0008_000000006,notflip/0008,ENV-01,0.03344094953396047,16,0.17405095871913545,3.3282093938138773,0.0014660493827160495,0.16972767737268527,0.021484375,0.011214477941393852,0.899154782295227,0.9997678399085999,0.07751259207725525,0,1,1,0
testing/notflip/0040_000000018,notflip/0040,18,ENV-03,0,training/flip/0015_000000015,flip/0015,ENV-02,0.033175053791974336,16,0.20794733670910426,3.3546050074166036,0.0011665702160493826,0.16963032783564821,0.02230516975308642,0.01084877084940672,0.8890946507453918,0.9997237324714661,0.17403686046600342,0,1,1,0
training/notflip/0040_000000019,notflip/0040,19,ENV-03,0,training/flip/0013_000000016,flip/0013,ENV-02,0.032147909054584305,16,0.21788002517360974,3.3901605003671453,0.0011260609567901234,0.16987387422839517,0.022268036265432098,0.011130601167678833,0.9002332091331482,0.9997547268867493,0.10163647681474686,0,1,1,0
training/notflip/0040_000000020,notflip/0040,20,ENV-03,0,training/flip/0016_000000018,flip/0016,ENV-02,0.04654097758650101,16,0.17638562798996937,4.537365806002091,0.0016102430555555555,0.170113288580247,0.022024980709876543,0.011450420133769512,0.9009581804275513,0.9997468590736389,0.1942003220319748,0,1,1,0
training/notflip/0040_000000021,notflip/0040,21,ENV-03,0,training/notflip/0015_000000009,notflip/0015,ENV-02,0.05981575476245151,16,0.2075617756558636,5.020878563478131,0.0020235339506172838,0.1702299666280865,0.021943479938271605,0.010988942347466946,0.8985738158226013,0.9997335076332092,0.05575809255242348,0,1,1,0
training/notflip/0040_000000022,notflip/0040,22,ENV-03,0,training/notflip/0007_000000004,notflip/0007,ENV-01,0.027762746186387133,16,0.15707595553626594,2.885619963450669,0.001990258487654321,0.17147144598765424,0.022429108796296296,0.013513961806893349,0.9161447286605835,0.9997945427894592,0.08175346255302429,0,1,1,0
training/notflip/0040_000000023,notflip/0040,23,ENV-03,0,training/flip/0013_000000020,flip/0013,ENV-02,0.03883199980125431,16,0.16901453809799258,4.109890269382968,0.0019251543209876543,0.1715657989004629,0.0223461612654321,0.013615141622722149,0.9160227179527283,0.9998026490211487,0.11184190213680267,0,1,1,0
training/notflip/0040_000000024,notflip/0040,24,ENV-03,0,training/flip/0011_000000018,flip/0011,ENV-02,0.039519468526377936,16,0.1963390607638887,3.824791078136127,0.0022641782407407406,0.171348363136574,0.0228491512345679,0.013516746461391449,0.9150043725967407,0.9997978806495667,0.09756549447774887,0,1,1,0
training/notflip/0040_000000025,notflip/0040,25,ENV-03,0,training/flip/0030_000000004,flip/0030,ENV-02,0.02989009561469234,16,0.19279259307484553,3.0316281084497825,0.0011877893518518518,0.17166897907021594,0.02277391975308642,0.012535025365650654,0.9062008857727051,0.9997870326042175,0.030913492664694786,0,1,1,0
training/notflip/0040_000000026,notflip/0040,26,ENV-03,0,training/notflip/0015_000000009,notflip/0015,ENV-02,0.059815374230622276,16,0.21586930864197493,5.020878563478131,0.0026953125,0.17169408458719126,0.02300250771604938,0.011906087398529053,0.8994882702827454,0.9997816681861877,0.05631942301988602,0,1,1,0
training/notflip/0040_000000027,notflip/0040,27,ENV-03,0,training/flip/0013_000000020,flip/0013,ENV-02,0.038630263538566634,16,0.16757340075231353,4.109890269382968,0.0019232253086419752,0.17143757397762335,0.022745466820987655,0.011651132255792618,0.8955137729644775,0.9997777342796326,0.09788394719362259,0,1,1,0
training/notflip/0040_000000028,notflip/0040,28,ENV-03,0,training/notflip/0009_000000006,notflip/0009,ENV-01,0.03150863380459551,16,0.209782610628859,3.328209393813879,0.002679880401234568,0.17135564226466046,0.023196855709876542,0.012210357934236526,0.8999710083007812,0.9997819066047668,0.07669759541749954,0,1,1,0
training/notflip/0040_000000029,notflip/0040,29,ENV-03,0,training/flip/0018_000000016,flip/0018,ENV-02,0.027956010872219484,16,0.1877991686921296,2.549860718757417,0.0010734953703703703,0.1715720775462962,0.022648533950617285,0.012412475422024727,0.9064012169837952,0.9997770190238953,0.06172580644488335,0,1,1,0
training/notflip/0040_000000030,notflip/0040,30,ENV-03,0,training/notflip/0015_000000013,notflip/0015,ENV-02,0.05792062050683463,16,0.20448951957947475,4.628021222611884,0.0022786458333333335,0.17147820023148141,0.022626350308641976,0.011899779550731182,0.9035593271255493,0.9997712969779968,0.058082059025764465,0,1,1,0
